filename,image_path,reference_image,reference_id,distortion_id,distortion_level,dmos,variance
I01_01_02.png,/kaggle/working/MDFS/data/KADID/extracted/kadid10k/images/I01_01_02.png,I01.png,1,1,2,4.33,0.869
I01_01_04.png,/kaggle/working/MDFS/data/KADID/extracted/kadid10k/images/I01_01_04.png,I01.png,1,1,4,1.67,0.596
I01_02_01.png,/kaggle/working/MDFS/data/KADID/extracted/kadid10k/images/I01_02_01.png,I01.png,1,2,1,3.83,0.86
I01_02_03.png,/kaggle/working/MDFS/data/KADID/extracted/kadid10k/images/I01_02_03.png,I01.png,1,2,3,1.53,0.67
I01_02_05.png,/kaggle/working/MDFS/data/KADID/extracted/kadid10k/images/I01_02_05.png,I01.png,1,2,5,1.2,0.4
I01_03_02.png,/kaggle/working/MDFS/data/KADID/extracted/kadid10k/images/I01_03_02.png,I01.png,1,3,2,3.97,0.657
I01_03_04.png,/kaggle/working/MDFS/data/KADID/extracted/kadid10k/images/I01_03_04.png,I01.png,1,3,4,2.03,0.795
I01_04_01.png,/kaggle/working/MDFS/data/KADID/extracted/kadid10k/images/I01_04_01.png,I01.png,1,4,1,4.73,0.512
I01_04_03.png,/kaggle/working/MDFS/data/KADID/extracted/kadid10k/images/I01_04_03.png,I01.png,1,4,3,1.37,0.547
I01_04_05.png,/kaggle/working/MDFS/data/KADID/extracted/kadid10k/images/I01_04_05.png,I01.png,1,4,5,1.47,0.806
I01_05_02.png,/kaggle/working/MDFS/data/KADID/extracted/kadid10k/images/I01_05_02.png,I01.png,1,5,2,2.2,0.909
I01_05_04.png,/kaggle/working/MDFS/data/KADID/extracted/kadid10k/images/I01_05_04.png,I01.png,1,5,4,1.33,0.537
I01_06_01.png,/kaggle/working/MDFS/data/KADID/extracted/kadid10k/images/I01_06_01.png,I01.png,1,6,1,4.23,0.761
I01_06_03.png,/kaggle/working/MDFS/data/KADID/extracted/kadid10k/images/I01_06_03.png,I01.png,1,6,3,3.9,0.943
I01_06_05.png,/kaggle/working/MDFS/data/KADID/extracted/kadid10k/images/I01_06_05.png,I01.png,1,6,5,2.27,0.929
I01_07_02.png,/kaggle/working/MDFS/data/KADID/extracted/kadid10k/images/I01_07_02.png,I01.png,1,7,2,2.5,1.025
I01_07_04.png,/kaggle/working/MDFS/data/KADID/extracted/kadid10k/images/I01_07_04.png,I01.png,1,7,4,2.47,1.147
I01_08_01.png,/kaggle/working/MDFS/data/KADID/extracted/kadid10k/images/I01_08_01.png,I01.png,1,8,1,4.7,0.458
I01_08_03.png,/kaggle/working/MDFS/data/KADID/extracted/kadid10k/images/I01_08_03.png,I01.png,1,8,3,2.73,1.062
I01_08_05.png,/kaggle/working/MDFS/data/KADID/extracted/kadid10k/images/I01_08_05.png,I01.png,1,8,5,1.67,0.699
I01_09_02.png,/kaggle/working/MDFS/data/KADID/extracted/kadid10k/images/I01_09_02.png,I01.png,1,9,2,4.67,0.537
I01_09_04.png,/kaggle/working/MDFS/data/KADID/extracted/kadid10k/images/I01_09_04.png,I01.png,1,9,4,2.9,1.044
I01_10_01.png,/kaggle/working/MDFS/data/KADID/extracted/kadid10k/images/I01_10_01.png,I01.png,1,10,1,4.37,0.657
I01_10_03.png,/kaggle/working/MDFS/data/KADID/extracted/kadid10k/images/I01_10_03.png,I01.png,1,10,3,3.77,0.803
I01_10_05.png,/kaggle/working/MDFS/data/KADID/extracted/kadid10k/images/I01_10_05.png,I01.png,1,10,5,1.17,0.373
I01_11_02.png,/kaggle/working/MDFS/data/KADID/extracted/kadid10k/images/I01_11_02.png,I01.png,1,11,2,3.27,0.814
I01_11_04.png,/kaggle/working/MDFS/data/KADID/extracted/kadid10k/images/I01_11_04.png,I01.png,1,11,4,2.27,0.772
I01_12_01.png,/kaggle/working/MDFS/data/KADID/extracted/kadid10k/images/I01_12_01.png,I01.png,1,12,1,4.43,0.559
I01_12_03.png,/kaggle/working/MDFS/data/KADID/extracted/kadid10k/images/I01_12_03.png,I01.png,1,12,3,2.77,0.883
I01_12_05.png,/kaggle/working/MDFS/data/KADID/extracted/kadid10k/images/I01_12_05.png,I01.png,1,12,5,1.97,0.547
I01_13_02.png,/kaggle/working/MDFS/data/KADID/extracted/kadid10k/images/I01_13_02.png,I01.png,1,13,2,2.87,1.087
I01_13_04.png,/kaggle/working/MDFS/data/KADID/extracted/kadid10k/images/I01_13_04.png,I01.png,1,13,4,2.07,0.727
I01_14_01.png,/kaggle/working/MDFS/data/KADID/extracted/kadid10k/images/I01_14_01.png,I01.png,1,14,1,4.57,0.616
I01_14_03.png,/kaggle/working/MDFS/data/KADID/extracted/kadid10k/images/I01_14_03.png,I01.png,1,14,3,3.13,0.846
I01_14_05.png,/kaggle/working/MDFS/data/KADID/extracted/kadid10k/images/I01_14_05.png,I01.png,1,14,5,2.27,0.68
I01_15_02.png,/kaggle/working/MDFS/data/KADID/extracted/kadid10k/images/I01_15_02.png,I01.png,1,15,2,2.63,0.912
I01_15_04.png,/kaggle/working/MDFS/data/KADID/extracted/kadid10k/images/I01_15_04.png,I01.png,1,15,4,1.4,0.49
I01_16_01.png,/kaggle/working/MDFS/data/KADID/extracted/kadid10k/images/I01_16_01.png,I01.png,1,16,1,4.37,0.547
I01_16_03.png,/kaggle/working/MDFS/data/KADID/extracted/kadid10k/images/I01_16_03.png,I01.png,1,16,3,3.94,0.504
I01_16_05.png,/kaggle/working/MDFS/data/KADID/extracted/kadid10k/images/I01_16_05.png,I01.png,1,16,5,2.18,0.796
I01_17_02.png,/kaggle/working/MDFS/data/KADID/extracted/kadid10k/images/I01_17_02.png,I01.png,1,17,2,4.57,0.496
I01_17_04.png,/kaggle/working/MDFS/data/KADID/extracted/kadid10k/images/I01_17_04.png,I01.png,1,17,4,3.4,0.879
I01_18_01.png,/kaggle/working/MDFS/data/KADID/extracted/kadid10k/images/I01_18_01.png,I01.png,1,18,1,4.5,0.5
I01_18_03.png,/kaggle/working/MDFS/data/KADID/extracted/kadid10k/images/I01_18_03.png,I01.png,1,18,3,4.57,0.496
I01_18_05.png,/kaggle/working/MDFS/data/KADID/extracted/kadid10k/images/I01_18_05.png,I01.png,1,18,5,3.97,0.657
I01_19_02.png,/kaggle/working/MDFS/data/KADID/extracted/kadid10k/images/I01_19_02.png,I01.png,1,19,2,3.93,0.727
I01_19_04.png,/kaggle/working/MDFS/data/KADID/extracted/kadid10k/images/I01_19_04.png,I01.png,1,19,4,1.53,0.562
I01_20_01.png,/kaggle/working/MDFS/data/KADID/extracted/kadid10k/images/I01_20_01.png,I01.png,1,20,1,4.53,0.67
I01_20_03.png,/kaggle/working/MDFS/data/KADID/extracted/kadid10k/images/I01_20_03.png,I01.png,1,20,3,4.0,0.966
I01_20_05.png,/kaggle/working/MDFS/data/KADID/extracted/kadid10k/images/I01_20_05.png,I01.png,1,20,5,3.23,1.542
I01_21_02.png,/kaggle/working/MDFS/data/KADID/extracted/kadid10k/images/I01_21_02.png,I01.png,1,21,2,2.57,0.883
I01_21_04.png,/kaggle/working/MDFS/data/KADID/extracted/kadid10k/images/I01_21_04.png,I01.png,1,21,4,2.13,0.884
I01_22_01.png,/kaggle/working/MDFS/data/KADID/extracted/kadid10k/images/I01_22_01.png,I01.png,1,22,1,4.63,0.605
I01_22_03.png,/kaggle/working/MDFS/data/KADID/extracted/kadid10k/images/I01_22_03.png,I01.png,1,22,3,4.0,0.931
I01_22_05.png,/kaggle/working/MDFS/data/KADID/extracted/kadid10k/images/I01_22_05.png,I01.png,1,22,5,2.2,0.909
I01_23_02.png,/kaggle/working/MDFS/data/KADID/extracted/kadid10k/images/I01_23_02.png,I01.png,1,23,2,2.17,0.86
I01_23_04.png,/kaggle/working/MDFS/data/KADID/extracted/kadid10k/images/I01_23_04.png,I01.png,1,23,4,2.37,1.197
I01_24_01.png,/kaggle/working/MDFS/data/KADID/extracted/kadid10k/images/I01_24_01.png,I01.png,1,24,1,3.57,0.92
I01_24_03.png,/kaggle/working/MDFS/data/KADID/extracted/kadid10k/images/I01_24_03.png,I01.png,1,24,3,1.87,0.67
I01_24_05.png,/kaggle/working/MDFS/data/KADID/extracted/kadid10k/images/I01_24_05.png,I01.png,1,24,5,1.4,0.554
I01_25_02.png,/kaggle/working/MDFS/data/KADID/extracted/kadid10k/images/I01_25_02.png,I01.png,1,25,2,3.87,0.806
I01_25_04.png,/kaggle/working/MDFS/data/KADID/extracted/kadid10k/images/I01_25_04.png,I01.png,1,25,4,4.17,0.582
I02_01_01.png,/kaggle/working/MDFS/data/KADID/extracted/kadid10k/images/I02_01_01.png,I02.png,2,1,1,4.5,0.719
I02_01_03.png,/kaggle/working/MDFS/data/KADID/extracted/kadid10k/images/I02_01_03.png,I02.png,2,1,3,2.07,0.772
I02_01_05.png,/kaggle/working/MDFS/data/KADID/extracted/kadid10k/images/I02_01_05.png,I02.png,2,1,5,1.27,0.512
I02_02_02.png,/kaggle/working/MDFS/data/KADID/extracted/kadid10k/images/I02_02_02.png,I02.png,2,2,2,2.27,0.854
I02_02_04.png,/kaggle/working/MDFS/data/KADID/extracted/kadid10k/images/I02_02_04.png,I02.png,2,2,4,1.17,0.373
I02_03_01.png,/kaggle/working/MDFS/data/KADID/extracted/kadid10k/images/I02_03_01.png,I02.png,2,3,1,4.6,0.554
I02_03_03.png,/kaggle/working/MDFS/data/KADID/extracted/kadid10k/images/I02_03_03.png,I02.png,2,3,3,2.33,0.699
I02_03_05.png,/kaggle/working/MDFS/data/KADID/extracted/kadid10k/images/I02_03_05.png,I02.png,2,3,5,1.2,0.4
I02_04_02.png,/kaggle/working/MDFS/data/KADID/extracted/kadid10k/images/I02_04_02.png,I02.png,2,4,2,2.67,0.869
I02_04_04.png,/kaggle/working/MDFS/data/KADID/extracted/kadid10k/images/I02_04_04.png,I02.png,2,4,4,1.77,0.716
I02_05_01.png,/kaggle/working/MDFS/data/KADID/extracted/kadid10k/images/I02_05_01.png,I02.png,2,5,1,3.77,0.761
I02_05_03.png,/kaggle/working/MDFS/data/KADID/extracted/kadid10k/images/I02_05_03.png,I02.png,2,5,3,1.33,0.471
I02_05_05.png,/kaggle/working/MDFS/data/KADID/extracted/kadid10k/images/I02_05_05.png,I02.png,2,5,5,1.47,0.562
I02_06_02.png,/kaggle/working/MDFS/data/KADID/extracted/kadid10k/images/I02_06_02.png,I02.png,2,6,2,4.07,0.727
I02_06_04.png,/kaggle/working/MDFS/data/KADID/extracted/kadid10k/images/I02_06_04.png,I02.png,2,6,4,3.7,0.936
I02_07_01.png,/kaggle/working/MDFS/data/KADID/extracted/kadid10k/images/I02_07_01.png,I02.png,2,7,1,2.47,1.087
I02_07_03.png,/kaggle/working/MDFS/data/KADID/extracted/kadid10k/images/I02_07_03.png,I02.png,2,7,3,2.06,1.045
I02_07_05.png,/kaggle/working/MDFS/data/KADID/extracted/kadid10k/images/I02_07_05.png,I02.png,2,7,5,1.53,0.763
I02_08_02.png,/kaggle/working/MDFS/data/KADID/extracted/kadid10k/images/I02_08_02.png,I02.png,2,8,2,3.4,0.879
I02_08_04.png,/kaggle/working/MDFS/data/KADID/extracted/kadid10k/images/I02_08_04.png,I02.png,2,8,4,1.97,0.912
I02_09_01.png,/kaggle/working/MDFS/data/KADID/extracted/kadid10k/images/I02_09_01.png,I02.png,2,9,1,4.57,0.716
I02_09_03.png,/kaggle/working/MDFS/data/KADID/extracted/kadid10k/images/I02_09_03.png,I02.png,2,9,3,3.07,1.123
I02_09_05.png,/kaggle/working/MDFS/data/KADID/extracted/kadid10k/images/I02_09_05.png,I02.png,2,9,5,1.27,0.442
I02_10_02.png,/kaggle/working/MDFS/data/KADID/extracted/kadid10k/images/I02_10_02.png,I02.png,2,10,2,4.33,0.596
I02_10_04.png,/kaggle/working/MDFS/data/KADID/extracted/kadid10k/images/I02_10_04.png,I02.png,2,10,4,2.6,1.281
I02_11_01.png,/kaggle/working/MDFS/data/KADID/extracted/kadid10k/images/I02_11_01.png,I02.png,2,11,1,4.27,0.929
I02_11_03.png,/kaggle/working/MDFS/data/KADID/extracted/kadid10k/images/I02_11_03.png,I02.png,2,11,3,3.4,0.841
I02_11_05.png,/kaggle/working/MDFS/data/KADID/extracted/kadid10k/images/I02_11_05.png,I02.png,2,11,5,2.3,0.69
I02_12_02.png,/kaggle/working/MDFS/data/KADID/extracted/kadid10k/images/I02_12_02.png,I02.png,2,12,2,4.06,0.84
I02_12_04.png,/kaggle/working/MDFS/data/KADID/extracted/kadid10k/images/I02_12_04.png,I02.png,2,12,4,2.6,0.8
I02_13_01.png,/kaggle/working/MDFS/data/KADID/extracted/kadid10k/images/I02_13_01.png,I02.png,2,13,1,4.2,0.702
I02_13_03.png,/kaggle/working/MDFS/data/KADID/extracted/kadid10k/images/I02_13_03.png,I02.png,2,13,3,2.73,0.892
I02_13_05.png,/kaggle/working/MDFS/data/KADID/extracted/kadid10k/images/I02_13_05.png,I02.png,2,13,5,1.97,0.547
I02_14_02.png,/kaggle/working/MDFS/data/KADID/extracted/kadid10k/images/I02_14_02.png,I02.png,2,14,2,3.37,0.836
I02_14_04.png,/kaggle/working/MDFS/data/KADID/extracted/kadid10k/images/I02_14_04.png,I02.png,2,14,4,2.33,0.869
I02_15_01.png,/kaggle/working/MDFS/data/KADID/extracted/kadid10k/images/I02_15_01.png,I02.png,2,15,1,3.57,0.883
I02_15_03.png,/kaggle/working/MDFS/data/KADID/extracted/kadid10k/images/I02_15_03.png,I02.png,2,15,3,2.03,0.795
I02_15_05.png,/kaggle/working/MDFS/data/KADID/extracted/kadid10k/images/I02_15_05.png,I02.png,2,15,5,1.5,0.671
I02_16_02.png,/kaggle/working/MDFS/data/KADID/extracted/kadid10k/images/I02_16_02.png,I02.png,2,16,2,4.4,0.554
I02_16_04.png,/kaggle/working/MDFS/data/KADID/extracted/kadid10k/images/I02_16_04.png,I02.png,2,16,4,2.9,0.907
I02_17_01.png,/kaggle/working/MDFS/data/KADID/extracted/kadid10k/images/I02_17_01.png,I02.png,2,17,1,4.5,0.5
I02_17_03.png,/kaggle/working/MDFS/data/KADID/extracted/kadid10k/images/I02_17_03.png,I02.png,2,17,3,4.33,0.596
I02_17_05.png,/kaggle/working/MDFS/data/KADID/extracted/kadid10k/images/I02_17_05.png,I02.png,2,17,5,1.9,0.79
I02_18_02.png,/kaggle/working/MDFS/data/KADID/extracted/kadid10k/images/I02_18_02.png,I02.png,2,18,2,4.63,0.547
I02_18_04.png,/kaggle/working/MDFS/data/KADID/extracted/kadid10k/images/I02_18_04.png,I02.png,2,18,4,4.33,0.537
I02_19_01.png,/kaggle/working/MDFS/data/KADID/extracted/kadid10k/images/I02_19_01.png,I02.png,2,19,1,4.17,0.778
I02_19_03.png,/kaggle/working/MDFS/data/KADID/extracted/kadid10k/images/I02_19_03.png,I02.png,2,19,3,3.23,0.955
I02_19_05.png,/kaggle/working/MDFS/data/KADID/extracted/kadid10k/images/I02_19_05.png,I02.png,2,19,5,1.3,0.458
I02_20_02.png,/kaggle/working/MDFS/data/KADID/extracted/kadid10k/images/I02_20_02.png,I02.png,2,20,2,4.47,0.618
I02_20_04.png,/kaggle/working/MDFS/data/KADID/extracted/kadid10k/images/I02_20_04.png,I02.png,2,20,4,3.83,0.898
I02_21_01.png,/kaggle/working/MDFS/data/KADID/extracted/kadid10k/images/I02_21_01.png,I02.png,2,21,1,4.2,1.046
I02_21_03.png,/kaggle/working/MDFS/data/KADID/extracted/kadid10k/images/I02_21_03.png,I02.png,2,21,3,3.13,1.118
I02_21_05.png,/kaggle/working/MDFS/data/KADID/extracted/kadid10k/images/I02_21_05.png,I02.png,2,21,5,1.37,0.547
I02_22_02.png,/kaggle/working/MDFS/data/KADID/extracted/kadid10k/images/I02_22_02.png,I02.png,2,22,2,4.26,0.879
I02_22_04.png,/kaggle/working/MDFS/data/KADID/extracted/kadid10k/images/I02_22_04.png,I02.png,2,22,4,3.93,0.929
I02_23_01.png,/kaggle/working/MDFS/data/KADID/extracted/kadid10k/images/I02_23_01.png,I02.png,2,23,1,2.1,0.907
I02_23_03.png,/kaggle/working/MDFS/data/KADID/extracted/kadid10k/images/I02_23_03.png,I02.png,2,23,3,2.27,0.998
I02_23_05.png,/kaggle/working/MDFS/data/KADID/extracted/kadid10k/images/I02_23_05.png,I02.png,2,23,5,2.07,0.772
I02_24_02.png,/kaggle/working/MDFS/data/KADID/extracted/kadid10k/images/I02_24_02.png,I02.png,2,24,2,1.93,0.68
I02_24_04.png,/kaggle/working/MDFS/data/KADID/extracted/kadid10k/images/I02_24_04.png,I02.png,2,24,4,1.23,0.423
I02_25_01.png,/kaggle/working/MDFS/data/KADID/extracted/kadid10k/images/I02_25_01.png,I02.png,2,25,1,3.37,0.795
I02_25_03.png,/kaggle/working/MDFS/data/KADID/extracted/kadid10k/images/I02_25_03.png,I02.png,2,25,3,4.27,0.512
I02_25_05.png,/kaggle/working/MDFS/data/KADID/extracted/kadid10k/images/I02_25_05.png,I02.png,2,25,5,3.33,0.699
I03_01_02.png,/kaggle/working/MDFS/data/KADID/extracted/kadid10k/images/I03_01_02.png,I03.png,3,1,2,4.63,0.482
I03_01_04.png,/kaggle/working/MDFS/data/KADID/extracted/kadid10k/images/I03_01_04.png,I03.png,3,1,4,1.83,0.637
I03_02_01.png,/kaggle/working/MDFS/data/KADID/extracted/kadid10k/images/I03_02_01.png,I03.png,3,2,1,4.03,0.836
I03_02_03.png,/kaggle/working/MDFS/data/KADID/extracted/kadid10k/images/I03_02_03.png,I03.png,3,2,3,1.7,0.64
I03_02_05.png,/kaggle/working/MDFS/data/KADID/extracted/kadid10k/images/I03_02_05.png,I03.png,3,2,5,1.23,0.496
I03_03_02.png,/kaggle/working/MDFS/data/KADID/extracted/kadid10k/images/I03_03_02.png,I03.png,3,3,2,4.37,0.706
I03_03_04.png,/kaggle/working/MDFS/data/KADID/extracted/kadid10k/images/I03_03_04.png,I03.png,3,3,4,2.23,0.716
I03_04_01.png,/kaggle/working/MDFS/data/KADID/extracted/kadid10k/images/I03_04_01.png,I03.png,3,4,1,4.6,0.49
I03_04_03.png,/kaggle/working/MDFS/data/KADID/extracted/kadid10k/images/I03_04_03.png,I03.png,3,4,3,1.53,0.718
I03_04_05.png,/kaggle/working/MDFS/data/KADID/extracted/kadid10k/images/I03_04_05.png,I03.png,3,4,5,1.1,0.3
I03_05_02.png,/kaggle/working/MDFS/data/KADID/extracted/kadid10k/images/I03_05_02.png,I03.png,3,5,2,2.65,0.785
I03_05_04.png,/kaggle/working/MDFS/data/KADID/extracted/kadid10k/images/I03_05_04.png,I03.png,3,5,4,1.87,0.718
I03_06_01.png,/kaggle/working/MDFS/data/KADID/extracted/kadid10k/images/I03_06_01.png,I03.png,3,6,1,4.0,0.856
I03_06_03.png,/kaggle/working/MDFS/data/KADID/extracted/kadid10k/images/I03_06_03.png,I03.png,3,6,3,3.33,1.011
I03_06_05.png,/kaggle/working/MDFS/data/KADID/extracted/kadid10k/images/I03_06_05.png,I03.png,3,6,5,1.77,0.667
I03_07_02.png,/kaggle/working/MDFS/data/KADID/extracted/kadid10k/images/I03_07_02.png,I03.png,3,7,2,1.67,0.83
I03_07_04.png,/kaggle/working/MDFS/data/KADID/extracted/kadid10k/images/I03_07_04.png,I03.png,3,7,4,1.53,0.67
I03_08_01.png,/kaggle/working/MDFS/data/KADID/extracted/kadid10k/images/I03_08_01.png,I03.png,3,8,1,4.53,0.562
I03_08_03.png,/kaggle/working/MDFS/data/KADID/extracted/kadid10k/images/I03_08_03.png,I03.png,3,8,3,2.47,0.957
I03_08_05.png,/kaggle/working/MDFS/data/KADID/extracted/kadid10k/images/I03_08_05.png,I03.png,3,8,5,1.23,0.496
I03_09_02.png,/kaggle/working/MDFS/data/KADID/extracted/kadid10k/images/I03_09_02.png,I03.png,3,9,2,3.6,0.987
I03_09_04.png,/kaggle/working/MDFS/data/KADID/extracted/kadid10k/images/I03_09_04.png,I03.png,3,9,4,1.77,0.616
I03_10_01.png,/kaggle/working/MDFS/data/KADID/extracted/kadid10k/images/I03_10_01.png,I03.png,3,10,1,4.47,0.67
I03_10_03.png,/kaggle/working/MDFS/data/KADID/extracted/kadid10k/images/I03_10_03.png,I03.png,3,10,3,3.7,1.005
I03_10_05.png,/kaggle/working/MDFS/data/KADID/extracted/kadid10k/images/I03_10_05.png,I03.png,3,10,5,1.53,0.718
I03_11_02.png,/kaggle/working/MDFS/data/KADID/extracted/kadid10k/images/I03_11_02.png,I03.png,3,11,2,3.6,0.757
I03_11_04.png,/kaggle/working/MDFS/data/KADID/extracted/kadid10k/images/I03_11_04.png,I03.png,3,11,4,2.93,0.929
I03_12_01.png,/kaggle/working/MDFS/data/KADID/extracted/kadid10k/images/I03_12_01.png,I03.png,3,12,1,4.57,0.496
I03_12_03.png,/kaggle/working/MDFS/data/KADID/extracted/kadid10k/images/I03_12_03.png,I03.png,3,12,3,3.17,0.734
I03_12_05.png,/kaggle/working/MDFS/data/KADID/extracted/kadid10k/images/I03_12_05.png,I03.png,3,12,5,2.6,0.917
I03_13_02.png,/kaggle/working/MDFS/data/KADID/extracted/kadid10k/images/I03_13_02.png,I03.png,3,13,2,3.57,0.989
I03_13_04.png,/kaggle/working/MDFS/data/KADID/extracted/kadid10k/images/I03_13_04.png,I03.png,3,13,4,2.3,0.823
I03_14_01.png,/kaggle/working/MDFS/data/KADID/extracted/kadid10k/images/I03_14_01.png,I03.png,3,14,1,4.4,0.554
I03_14_03.png,/kaggle/working/MDFS/data/KADID/extracted/kadid10k/images/I03_14_03.png,I03.png,3,14,3,3.03,0.948
I03_14_05.png,/kaggle/working/MDFS/data/KADID/extracted/kadid10k/images/I03_14_05.png,I03.png,3,14,5,2.17,0.582
I03_15_02.png,/kaggle/working/MDFS/data/KADID/extracted/kadid10k/images/I03_15_02.png,I03.png,3,15,2,3.3,1.038
I03_15_04.png,/kaggle/working/MDFS/data/KADID/extracted/kadid10k/images/I03_15_04.png,I03.png,3,15,4,1.9,0.597
I03_16_01.png,/kaggle/working/MDFS/data/KADID/extracted/kadid10k/images/I03_16_01.png,I03.png,3,16,1,4.37,0.482
I03_16_03.png,/kaggle/working/MDFS/data/KADID/extracted/kadid10k/images/I03_16_03.png,I03.png,3,16,3,2.87,0.991
I03_16_05.png,/kaggle/working/MDFS/data/KADID/extracted/kadid10k/images/I03_16_05.png,I03.png,3,16,5,1.4,0.554
I03_17_02.png,/kaggle/working/MDFS/data/KADID/extracted/kadid10k/images/I03_17_02.png,I03.png,3,17,2,4.63,0.547
I03_17_04.png,/kaggle/working/MDFS/data/KADID/extracted/kadid10k/images/I03_17_04.png,I03.png,3,17,4,3.67,0.745
I03_18_01.png,/kaggle/working/MDFS/data/KADID/extracted/kadid10k/images/I03_18_01.png,I03.png,3,18,1,4.23,0.716
I03_18_03.png,/kaggle/working/MDFS/data/KADID/extracted/kadid10k/images/I03_18_03.png,I03.png,3,18,3,4.5,0.619
I03_18_05.png,/kaggle/working/MDFS/data/KADID/extracted/kadid10k/images/I03_18_05.png,I03.png,3,18,5,4.2,0.653
I03_19_02.png,/kaggle/working/MDFS/data/KADID/extracted/kadid10k/images/I03_19_02.png,I03.png,3,19,2,3.33,0.699
I03_19_04.png,/kaggle/working/MDFS/data/KADID/extracted/kadid10k/images/I03_19_04.png,I03.png,3,19,4,1.77,0.667
I03_20_01.png,/kaggle/working/MDFS/data/KADID/extracted/kadid10k/images/I03_20_01.png,I03.png,3,20,1,4.37,0.912
I03_20_03.png,/kaggle/working/MDFS/data/KADID/extracted/kadid10k/images/I03_20_03.png,I03.png,3,20,3,4.23,0.716
I03_20_05.png,/kaggle/working/MDFS/data/KADID/extracted/kadid10k/images/I03_20_05.png,I03.png,3,20,5,3.63,1.016
I03_21_02.png,/kaggle/working/MDFS/data/KADID/extracted/kadid10k/images/I03_21_02.png,I03.png,3,21,2,2.8,0.945
I03_21_04.png,/kaggle/working/MDFS/data/KADID/extracted/kadid10k/images/I03_21_04.png,I03.png,3,21,4,2.87,0.806
I03_22_01.png,/kaggle/working/MDFS/data/KADID/extracted/kadid10k/images/I03_22_01.png,I03.png,3,22,1,4.4,0.757
I03_22_03.png,/kaggle/working/MDFS/data/KADID/extracted/kadid10k/images/I03_22_03.png,I03.png,3,22,3,4.23,0.844
I03_22_05.png,/kaggle/working/MDFS/data/KADID/extracted/kadid10k/images/I03_22_05.png,I03.png,3,22,5,4.0,0.683
I03_23_02.png,/kaggle/working/MDFS/data/KADID/extracted/kadid10k/images/I03_23_02.png,I03.png,3,23,2,2.3,0.862
I03_23_04.png,/kaggle/working/MDFS/data/KADID/extracted/kadid10k/images/I03_23_04.png,I03.png,3,23,4,2.1,0.79
I03_24_01.png,/kaggle/working/MDFS/data/KADID/extracted/kadid10k/images/I03_24_01.png,I03.png,3,24,1,3.67,0.789
I03_24_03.png,/kaggle/working/MDFS/data/KADID/extracted/kadid10k/images/I03_24_03.png,I03.png,3,24,3,1.9,0.79
I03_24_05.png,/kaggle/working/MDFS/data/KADID/extracted/kadid10k/images/I03_24_05.png,I03.png,3,24,5,1.13,0.34
I03_25_02.png,/kaggle/working/MDFS/data/KADID/extracted/kadid10k/images/I03_25_02.png,I03.png,3,25,2,3.84,0.723
I03_25_04.png,/kaggle/working/MDFS/data/KADID/extracted/kadid10k/images/I03_25_04.png,I03.png,3,25,4,4.4,0.49
I04_01_01.png,/kaggle/working/MDFS/data/KADID/extracted/kadid10k/images/I04_01_01.png,I04.png,4,1,1,4.77,0.423
I04_01_03.png,/kaggle/working/MDFS/data/KADID/extracted/kadid10k/images/I04_01_03.png,I04.png,4,1,3,2.5,0.992
I04_01_05.png,/kaggle/working/MDFS/data/KADID/extracted/kadid10k/images/I04_01_05.png,I04.png,4,1,5,1.2,0.4
I04_02_02.png,/kaggle/working/MDFS/data/KADID/extracted/kadid10k/images/I04_02_02.png,I04.png,4,2,2,2.43,0.667
I04_02_04.png,/kaggle/working/MDFS/data/KADID/extracted/kadid10k/images/I04_02_04.png,I04.png,4,2,4,1.43,0.559
I04_03_01.png,/kaggle/working/MDFS/data/KADID/extracted/kadid10k/images/I04_03_01.png,I04.png,4,3,1,4.7,0.526
I04_03_03.png,/kaggle/working/MDFS/data/KADID/extracted/kadid10k/images/I04_03_03.png,I04.png,4,3,3,2.63,0.795
I04_03_05.png,/kaggle/working/MDFS/data/KADID/extracted/kadid10k/images/I04_03_05.png,I04.png,4,3,5,1.6,0.49
I04_04_02.png,/kaggle/working/MDFS/data/KADID/extracted/kadid10k/images/I04_04_02.png,I04.png,4,4,2,3.07,0.929
I04_04_04.png,/kaggle/working/MDFS/data/KADID/extracted/kadid10k/images/I04_04_04.png,I04.png,4,4,4,1.97,0.999
I04_05_01.png,/kaggle/working/MDFS/data/KADID/extracted/kadid10k/images/I04_05_01.png,I04.png,4,5,1,3.7,0.862
I04_05_03.png,/kaggle/working/MDFS/data/KADID/extracted/kadid10k/images/I04_05_03.png,I04.png,4,5,3,1.93,0.814
I04_05_05.png,/kaggle/working/MDFS/data/KADID/extracted/kadid10k/images/I04_05_05.png,I04.png,4,5,5,1.47,0.562
I04_06_02.png,/kaggle/working/MDFS/data/KADID/extracted/kadid10k/images/I04_06_02.png,I04.png,4,6,2,4.43,0.667
I04_06_04.png,/kaggle/working/MDFS/data/KADID/extracted/kadid10k/images/I04_06_04.png,I04.png,4,6,4,3.47,0.846
I04_07_01.png,/kaggle/working/MDFS/data/KADID/extracted/kadid10k/images/I04_07_01.png,I04.png,4,7,1,2.7,0.971
I04_07_03.png,/kaggle/working/MDFS/data/KADID/extracted/kadid10k/images/I04_07_03.png,I04.png,4,7,3,2.7,0.862
I04_07_05.png,/kaggle/working/MDFS/data/KADID/extracted/kadid10k/images/I04_07_05.png,I04.png,4,7,5,2.16,0.766
I04_08_02.png,/kaggle/working/MDFS/data/KADID/extracted/kadid10k/images/I04_08_02.png,I04.png,4,8,2,3.43,1.146
I04_08_04.png,/kaggle/working/MDFS/data/KADID/extracted/kadid10k/images/I04_08_04.png,I04.png,4,8,4,2.33,0.978
I04_09_01.png,/kaggle/working/MDFS/data/KADID/extracted/kadid10k/images/I04_09_01.png,I04.png,4,9,1,4.6,0.554
I04_09_03.png,/kaggle/working/MDFS/data/KADID/extracted/kadid10k/images/I04_09_03.png,I04.png,4,9,3,4.07,0.892
I04_09_05.png,/kaggle/working/MDFS/data/KADID/extracted/kadid10k/images/I04_09_05.png,I04.png,4,9,5,1.23,0.496
I04_10_02.png,/kaggle/working/MDFS/data/KADID/extracted/kadid10k/images/I04_10_02.png,I04.png,4,10,2,4.1,0.597
I04_10_04.png,/kaggle/working/MDFS/data/KADID/extracted/kadid10k/images/I04_10_04.png,I04.png,4,10,4,1.87,0.67
I04_11_01.png,/kaggle/working/MDFS/data/KADID/extracted/kadid10k/images/I04_11_01.png,I04.png,4,11,1,3.63,0.912
I04_11_03.png,/kaggle/working/MDFS/data/KADID/extracted/kadid10k/images/I04_11_03.png,I04.png,4,11,3,3.03,0.836
I04_11_05.png,/kaggle/working/MDFS/data/KADID/extracted/kadid10k/images/I04_11_05.png,I04.png,4,11,5,2.3,0.64
I04_12_02.png,/kaggle/working/MDFS/data/KADID/extracted/kadid10k/images/I04_12_02.png,I04.png,4,12,2,3.27,0.814
I04_12_04.png,/kaggle/working/MDFS/data/KADID/extracted/kadid10k/images/I04_12_04.png,I04.png,4,12,4,2.5,0.806
I04_13_01.png,/kaggle/working/MDFS/data/KADID/extracted/kadid10k/images/I04_13_01.png,I04.png,4,13,1,3.43,0.761
I04_13_03.png,/kaggle/working/MDFS/data/KADID/extracted/kadid10k/images/I04_13_03.png,I04.png,4,13,3,2.73,0.814
I04_13_05.png,/kaggle/working/MDFS/data/KADID/extracted/kadid10k/images/I04_13_05.png,I04.png,4,13,5,1.87,0.718
I04_14_02.png,/kaggle/working/MDFS/data/KADID/extracted/kadid10k/images/I04_14_02.png,I04.png,4,14,2,3.23,0.883
I04_14_04.png,/kaggle/working/MDFS/data/KADID/extracted/kadid10k/images/I04_14_04.png,I04.png,4,14,4,2.4,0.917
I04_15_01.png,/kaggle/working/MDFS/data/KADID/extracted/kadid10k/images/I04_15_01.png,I04.png,4,15,1,3.8,0.702
I04_15_03.png,/kaggle/working/MDFS/data/KADID/extracted/kadid10k/images/I04_15_03.png,I04.png,4,15,3,2.23,0.761
I04_15_05.png,/kaggle/working/MDFS/data/KADID/extracted/kadid10k/images/I04_15_05.png,I04.png,4,15,5,1.27,0.512
I04_16_02.png,/kaggle/working/MDFS/data/KADID/extracted/kadid10k/images/I04_16_02.png,I04.png,4,16,2,4.47,0.67
I04_16_04.png,/kaggle/working/MDFS/data/KADID/extracted/kadid10k/images/I04_16_04.png,I04.png,4,16,4,2.73,0.854
I04_17_01.png,/kaggle/working/MDFS/data/KADID/extracted/kadid10k/images/I04_17_01.png,I04.png,4,17,1,4.53,0.718
I04_17_03.png,/kaggle/working/MDFS/data/KADID/extracted/kadid10k/images/I04_17_03.png,I04.png,4,17,3,3.97,0.605
I04_17_05.png,/kaggle/working/MDFS/data/KADID/extracted/kadid10k/images/I04_17_05.png,I04.png,4,17,5,1.97,0.836
I04_18_02.png,/kaggle/working/MDFS/data/KADID/extracted/kadid10k/images/I04_18_02.png,I04.png,4,18,2,4.63,0.605
I04_18_04.png,/kaggle/working/MDFS/data/KADID/extracted/kadid10k/images/I04_18_04.png,I04.png,4,18,4,4.57,0.496
I04_19_01.png,/kaggle/working/MDFS/data/KADID/extracted/kadid10k/images/I04_19_01.png,I04.png,4,19,1,4.33,0.537
I04_19_03.png,/kaggle/working/MDFS/data/KADID/extracted/kadid10k/images/I04_19_03.png,I04.png,4,19,3,3.03,0.822
I04_19_05.png,/kaggle/working/MDFS/data/KADID/extracted/kadid10k/images/I04_19_05.png,I04.png,4,19,5,1.33,0.471
I04_20_02.png,/kaggle/working/MDFS/data/KADID/extracted/kadid10k/images/I04_20_02.png,I04.png,4,20,2,4.1,1.136
I04_20_04.png,/kaggle/working/MDFS/data/KADID/extracted/kadid10k/images/I04_20_04.png,I04.png,4,20,4,3.6,1.143
I04_21_01.png,/kaggle/working/MDFS/data/KADID/extracted/kadid10k/images/I04_21_01.png,I04.png,4,21,1,4.4,0.663
I04_21_03.png,/kaggle/working/MDFS/data/KADID/extracted/kadid10k/images/I04_21_03.png,I04.png,4,21,3,3.03,0.948
I04_21_05.png,/kaggle/working/MDFS/data/KADID/extracted/kadid10k/images/I04_21_05.png,I04.png,4,21,5,1.27,0.442
I04_22_02.png,/kaggle/working/MDFS/data/KADID/extracted/kadid10k/images/I04_22_02.png,I04.png,4,22,2,3.68,1.059
I04_22_04.png,/kaggle/working/MDFS/data/KADID/extracted/kadid10k/images/I04_22_04.png,I04.png,4,22,4,3.37,1.11
I04_23_01.png,/kaggle/working/MDFS/data/KADID/extracted/kadid10k/images/I04_23_01.png,I04.png,4,23,1,2.27,0.964
I04_23_03.png,/kaggle/working/MDFS/data/KADID/extracted/kadid10k/images/I04_23_03.png,I04.png,4,23,3,1.87,0.718
I04_23_05.png,/kaggle/working/MDFS/data/KADID/extracted/kadid10k/images/I04_23_05.png,I04.png,4,23,5,2.2,0.748
I04_24_02.png,/kaggle/working/MDFS/data/KADID/extracted/kadid10k/images/I04_24_02.png,I04.png,4,24,2,2.6,0.8
I04_24_04.png,/kaggle/working/MDFS/data/KADID/extracted/kadid10k/images/I04_24_04.png,I04.png,4,24,4,1.67,0.65
I04_25_01.png,/kaggle/working/MDFS/data/KADID/extracted/kadid10k/images/I04_25_01.png,I04.png,4,25,1,3.61,0.704
I04_25_03.png,/kaggle/working/MDFS/data/KADID/extracted/kadid10k/images/I04_25_03.png,I04.png,4,25,3,3.9,0.79
I04_25_05.png,/kaggle/working/MDFS/data/KADID/extracted/kadid10k/images/I04_25_05.png,I04.png,4,25,5,3.43,0.844
I05_01_02.png,/kaggle/working/MDFS/data/KADID/extracted/kadid10k/images/I05_01_02.png,I05.png,5,1,2,4.47,0.562
I05_01_04.png,/kaggle/working/MDFS/data/KADID/extracted/kadid10k/images/I05_01_04.png,I05.png,5,1,4,1.7,0.586
I05_02_01.png,/kaggle/working/MDFS/data/KADID/extracted/kadid10k/images/I05_02_01.png,I05.png,5,2,1,3.67,0.869
I05_02_03.png,/kaggle/working/MDFS/data/KADID/extracted/kadid10k/images/I05_02_03.png,I05.png,5,2,3,1.57,0.616
I05_02_05.png,/kaggle/working/MDFS/data/KADID/extracted/kadid10k/images/I05_02_05.png,I05.png,5,2,5,1.37,0.547
I05_03_02.png,/kaggle/working/MDFS/data/KADID/extracted/kadid10k/images/I05_03_02.png,I05.png,5,3,2,3.9,0.87
I05_03_04.png,/kaggle/working/MDFS/data/KADID/extracted/kadid10k/images/I05_03_04.png,I05.png,5,3,4,1.87,0.562
I05_04_01.png,/kaggle/working/MDFS/data/KADID/extracted/kadid10k/images/I05_04_01.png,I05.png,5,4,1,4.57,0.496
I05_04_03.png,/kaggle/working/MDFS/data/KADID/extracted/kadid10k/images/I05_04_03.png,I05.png,5,4,3,1.77,0.716
I05_04_05.png,/kaggle/working/MDFS/data/KADID/extracted/kadid10k/images/I05_04_05.png,I05.png,5,4,5,1.53,0.67
I05_05_02.png,/kaggle/working/MDFS/data/KADID/extracted/kadid10k/images/I05_05_02.png,I05.png,5,5,2,2.27,0.929
I05_05_04.png,/kaggle/working/MDFS/data/KADID/extracted/kadid10k/images/I05_05_04.png,I05.png,5,5,4,1.67,0.537
I05_06_01.png,/kaggle/working/MDFS/data/KADID/extracted/kadid10k/images/I05_06_01.png,I05.png,5,6,1,4.33,0.699
I05_06_03.png,/kaggle/working/MDFS/data/KADID/extracted/kadid10k/images/I05_06_03.png,I05.png,5,6,3,4.27,0.727
I05_06_05.png,/kaggle/working/MDFS/data/KADID/extracted/kadid10k/images/I05_06_05.png,I05.png,5,6,5,2.9,1.136
I05_07_02.png,/kaggle/working/MDFS/data/KADID/extracted/kadid10k/images/I05_07_02.png,I05.png,5,7,2,2.33,1.011
I05_07_04.png,/kaggle/working/MDFS/data/KADID/extracted/kadid10k/images/I05_07_04.png,I05.png,5,7,4,2.23,0.989
I05_08_01.png,/kaggle/working/MDFS/data/KADID/extracted/kadid10k/images/I05_08_01.png,I05.png,5,8,1,4.73,0.442
I05_08_03.png,/kaggle/working/MDFS/data/KADID/extracted/kadid10k/images/I05_08_03.png,I05.png,5,8,3,2.77,0.955
I05_08_05.png,/kaggle/working/MDFS/data/KADID/extracted/kadid10k/images/I05_08_05.png,I05.png,5,8,5,1.7,0.971
I05_09_02.png,/kaggle/working/MDFS/data/KADID/extracted/kadid10k/images/I05_09_02.png,I05.png,5,9,2,2.6,1.114
I05_09_04.png,/kaggle/working/MDFS/data/KADID/extracted/kadid10k/images/I05_09_04.png,I05.png,5,9,4,1.57,0.667
I05_10_01.png,/kaggle/working/MDFS/data/KADID/extracted/kadid10k/images/I05_10_01.png,I05.png,5,10,1,4.43,0.716
I05_10_03.png,/kaggle/working/MDFS/data/KADID/extracted/kadid10k/images/I05_10_03.png,I05.png,5,10,3,4.3,0.737
I05_10_05.png,/kaggle/working/MDFS/data/KADID/extracted/kadid10k/images/I05_10_05.png,I05.png,5,10,5,1.27,0.512
I05_11_02.png,/kaggle/working/MDFS/data/KADID/extracted/kadid10k/images/I05_11_02.png,I05.png,5,11,2,4.23,0.791
I05_11_04.png,/kaggle/working/MDFS/data/KADID/extracted/kadid10k/images/I05_11_04.png,I05.png,5,11,4,3.33,0.789
I05_12_01.png,/kaggle/working/MDFS/data/KADID/extracted/kadid10k/images/I05_12_01.png,I05.png,5,12,1,4.53,0.499
I05_12_03.png,/kaggle/working/MDFS/data/KADID/extracted/kadid10k/images/I05_12_03.png,I05.png,5,12,3,4.06,0.669
I05_12_05.png,/kaggle/working/MDFS/data/KADID/extracted/kadid10k/images/I05_12_05.png,I05.png,5,12,5,2.8,0.833
I05_13_02.png,/kaggle/working/MDFS/data/KADID/extracted/kadid10k/images/I05_13_02.png,I05.png,5,13,2,2.63,0.983
I05_13_04.png,/kaggle/working/MDFS/data/KADID/extracted/kadid10k/images/I05_13_04.png,I05.png,5,13,4,2.07,0.68
I05_14_01.png,/kaggle/working/MDFS/data/KADID/extracted/kadid10k/images/I05_14_01.png,I05.png,5,14,1,4.37,0.482
I05_14_03.png,/kaggle/working/MDFS/data/KADID/extracted/kadid10k/images/I05_14_03.png,I05.png,5,14,3,4.47,0.562
I05_14_05.png,/kaggle/working/MDFS/data/KADID/extracted/kadid10k/images/I05_14_05.png,I05.png,5,14,5,3.61,0.904
I05_15_02.png,/kaggle/working/MDFS/data/KADID/extracted/kadid10k/images/I05_15_02.png,I05.png,5,15,2,2.7,0.971
I05_15_04.png,/kaggle/working/MDFS/data/KADID/extracted/kadid10k/images/I05_15_04.png,I05.png,5,15,4,1.87,0.884
I05_16_01.png,/kaggle/working/MDFS/data/KADID/extracted/kadid10k/images/I05_16_01.png,I05.png,5,16,1,4.43,0.667
I05_16_03.png,/kaggle/working/MDFS/data/KADID/extracted/kadid10k/images/I05_16_03.png,I05.png,5,16,3,3.67,0.699
I05_16_05.png,/kaggle/working/MDFS/data/KADID/extracted/kadid10k/images/I05_16_05.png,I05.png,5,16,5,2.27,0.854
I05_17_02.png,/kaggle/working/MDFS/data/KADID/extracted/kadid10k/images/I05_17_02.png,I05.png,5,17,2,4.47,0.618
I05_17_04.png,/kaggle/working/MDFS/data/KADID/extracted/kadid10k/images/I05_17_04.png,I05.png,5,17,4,2.7,1.005
I05_18_01.png,/kaggle/working/MDFS/data/KADID/extracted/kadid10k/images/I05_18_01.png,I05.png,5,18,1,4.4,0.879
I05_18_03.png,/kaggle/working/MDFS/data/KADID/extracted/kadid10k/images/I05_18_03.png,I05.png,5,18,3,4.37,0.482
I05_18_05.png,/kaggle/working/MDFS/data/KADID/extracted/kadid10k/images/I05_18_05.png,I05.png,5,18,5,2.77,1.023
I05_19_02.png,/kaggle/working/MDFS/data/KADID/extracted/kadid10k/images/I05_19_02.png,I05.png,5,19,2,3.53,0.718
I05_19_04.png,/kaggle/working/MDFS/data/KADID/extracted/kadid10k/images/I05_19_04.png,I05.png,5,19,4,2.0,0.816
I05_20_01.png,/kaggle/working/MDFS/data/KADID/extracted/kadid10k/images/I05_20_01.png,I05.png,5,20,1,4.47,0.846
I05_20_03.png,/kaggle/working/MDFS/data/KADID/extracted/kadid10k/images/I05_20_03.png,I05.png,5,20,3,4.4,0.611
I05_20_05.png,/kaggle/working/MDFS/data/KADID/extracted/kadid10k/images/I05_20_05.png,I05.png,5,20,5,3.97,0.948
I05_21_02.png,/kaggle/working/MDFS/data/KADID/extracted/kadid10k/images/I05_21_02.png,I05.png,5,21,2,3.7,1.069
I05_21_04.png,/kaggle/working/MDFS/data/KADID/extracted/kadid10k/images/I05_21_04.png,I05.png,5,21,4,3.27,1.031
I05_22_01.png,/kaggle/working/MDFS/data/KADID/extracted/kadid10k/images/I05_22_01.png,I05.png,5,22,1,4.3,0.737
I05_22_03.png,/kaggle/working/MDFS/data/KADID/extracted/kadid10k/images/I05_22_03.png,I05.png,5,22,3,4.07,0.892
I05_22_05.png,/kaggle/working/MDFS/data/KADID/extracted/kadid10k/images/I05_22_05.png,I05.png,5,22,5,4.17,0.82
I05_23_02.png,/kaggle/working/MDFS/data/KADID/extracted/kadid10k/images/I05_23_02.png,I05.png,5,23,2,2.1,0.7
I05_23_04.png,/kaggle/working/MDFS/data/KADID/extracted/kadid10k/images/I05_23_04.png,I05.png,5,23,4,1.8,0.702
I05_24_01.png,/kaggle/working/MDFS/data/KADID/extracted/kadid10k/images/I05_24_01.png,I05.png,5,24,1,3.07,1.031
I05_24_03.png,/kaggle/working/MDFS/data/KADID/extracted/kadid10k/images/I05_24_03.png,I05.png,5,24,3,1.77,0.667
I05_24_05.png,/kaggle/working/MDFS/data/KADID/extracted/kadid10k/images/I05_24_05.png,I05.png,5,24,5,1.2,0.4
I05_25_02.png,/kaggle/working/MDFS/data/KADID/extracted/kadid10k/images/I05_25_02.png,I05.png,5,25,2,3.5,0.806
I05_25_04.png,/kaggle/working/MDFS/data/KADID/extracted/kadid10k/images/I05_25_04.png,I05.png,5,25,4,4.23,0.761
I06_01_01.png,/kaggle/working/MDFS/data/KADID/extracted/kadid10k/images/I06_01_01.png,I06.png,6,1,1,4.7,0.458
I06_01_03.png,/kaggle/working/MDFS/data/KADID/extracted/kadid10k/images/I06_01_03.png,I06.png,6,1,3,3.43,0.92
I06_01_05.png,/kaggle/working/MDFS/data/KADID/extracted/kadid10k/images/I06_01_05.png,I06.png,6,1,5,1.53,0.618
I06_02_02.png,/kaggle/working/MDFS/data/KADID/extracted/kadid10k/images/I06_02_02.png,I06.png,6,2,2,3.6,0.8
I06_02_04.png,/kaggle/working/MDFS/data/KADID/extracted/kadid10k/images/I06_02_04.png,I06.png,6,2,4,1.57,0.616
I06_03_01.png,/kaggle/working/MDFS/data/KADID/extracted/kadid10k/images/I06_03_01.png,I06.png,6,3,1,4.47,0.806
I06_03_03.png,/kaggle/working/MDFS/data/KADID/extracted/kadid10k/images/I06_03_03.png,I06.png,6,3,3,3.27,0.814
I06_03_05.png,/kaggle/working/MDFS/data/KADID/extracted/kadid10k/images/I06_03_05.png,I06.png,6,3,5,2.17,0.687
I06_04_02.png,/kaggle/working/MDFS/data/KADID/extracted/kadid10k/images/I06_04_02.png,I06.png,6,4,2,2.27,0.892
I06_04_04.png,/kaggle/working/MDFS/data/KADID/extracted/kadid10k/images/I06_04_04.png,I06.png,6,4,4,2.27,0.929
I06_05_01.png,/kaggle/working/MDFS/data/KADID/extracted/kadid10k/images/I06_05_01.png,I06.png,6,5,1,4.43,0.803
I06_05_03.png,/kaggle/working/MDFS/data/KADID/extracted/kadid10k/images/I06_05_03.png,I06.png,6,5,3,2.2,1.077
I06_05_05.png,/kaggle/working/MDFS/data/KADID/extracted/kadid10k/images/I06_05_05.png,I06.png,6,5,5,1.8,0.702
I06_06_02.png,/kaggle/working/MDFS/data/KADID/extracted/kadid10k/images/I06_06_02.png,I06.png,6,6,2,3.73,0.929
I06_06_04.png,/kaggle/working/MDFS/data/KADID/extracted/kadid10k/images/I06_06_04.png,I06.png,6,6,4,3.33,0.83
I06_07_01.png,/kaggle/working/MDFS/data/KADID/extracted/kadid10k/images/I06_07_01.png,I06.png,6,7,1,2.67,0.978
I06_07_03.png,/kaggle/working/MDFS/data/KADID/extracted/kadid10k/images/I06_07_03.png,I06.png,6,7,3,2.23,1.023
I06_07_05.png,/kaggle/working/MDFS/data/KADID/extracted/kadid10k/images/I06_07_05.png,I06.png,6,7,5,2.07,0.814
I06_08_02.png,/kaggle/working/MDFS/data/KADID/extracted/kadid10k/images/I06_08_02.png,I06.png,6,8,2,3.23,0.989
I06_08_04.png,/kaggle/working/MDFS/data/KADID/extracted/kadid10k/images/I06_08_04.png,I06.png,6,8,4,2.17,0.969
I06_09_01.png,/kaggle/working/MDFS/data/KADID/extracted/kadid10k/images/I06_09_01.png,I06.png,6,9,1,4.43,0.496
I06_09_03.png,/kaggle/working/MDFS/data/KADID/extracted/kadid10k/images/I06_09_03.png,I06.png,6,9,3,4.5,0.5
I06_09_05.png,/kaggle/working/MDFS/data/KADID/extracted/kadid10k/images/I06_09_05.png,I06.png,6,9,5,1.9,0.597
I06_10_02.png,/kaggle/working/MDFS/data/KADID/extracted/kadid10k/images/I06_10_02.png,I06.png,6,10,2,4.47,0.718
I06_10_04.png,/kaggle/working/MDFS/data/KADID/extracted/kadid10k/images/I06_10_04.png,I06.png,6,10,4,1.6,0.611
I06_11_01.png,/kaggle/working/MDFS/data/KADID/extracted/kadid10k/images/I06_11_01.png,I06.png,6,11,1,4.07,0.772
I06_11_03.png,/kaggle/working/MDFS/data/KADID/extracted/kadid10k/images/I06_11_03.png,I06.png,6,11,3,2.93,0.854
I06_11_05.png,/kaggle/working/MDFS/data/KADID/extracted/kadid10k/images/I06_11_05.png,I06.png,6,11,5,2.13,0.806
I06_12_02.png,/kaggle/working/MDFS/data/KADID/extracted/kadid10k/images/I06_12_02.png,I06.png,6,12,2,3.7,0.823
I06_12_04.png,/kaggle/working/MDFS/data/KADID/extracted/kadid10k/images/I06_12_04.png,I06.png,6,12,4,2.87,0.618
I06_13_01.png,/kaggle/working/MDFS/data/KADID/extracted/kadid10k/images/I06_13_01.png,I06.png,6,13,1,3.37,0.948
I06_13_03.png,/kaggle/working/MDFS/data/KADID/extracted/kadid10k/images/I06_13_03.png,I06.png,6,13,3,2.3,0.64
I06_13_05.png,/kaggle/working/MDFS/data/KADID/extracted/kadid10k/images/I06_13_05.png,I06.png,6,13,5,2.13,0.562
I06_14_02.png,/kaggle/working/MDFS/data/KADID/extracted/kadid10k/images/I06_14_02.png,I06.png,6,14,2,3.63,0.795
I06_14_04.png,/kaggle/working/MDFS/data/KADID/extracted/kadid10k/images/I06_14_04.png,I06.png,6,14,4,2.7,0.823
I06_15_01.png,/kaggle/working/MDFS/data/KADID/extracted/kadid10k/images/I06_15_01.png,I06.png,6,15,1,3.23,0.955
I06_15_03.png,/kaggle/working/MDFS/data/KADID/extracted/kadid10k/images/I06_15_03.png,I06.png,6,15,3,2.5,0.922
I06_15_05.png,/kaggle/working/MDFS/data/KADID/extracted/kadid10k/images/I06_15_05.png,I06.png,6,15,5,1.37,0.605
I06_16_02.png,/kaggle/working/MDFS/data/KADID/extracted/kadid10k/images/I06_16_02.png,I06.png,6,16,2,3.73,0.854
I06_16_04.png,/kaggle/working/MDFS/data/KADID/extracted/kadid10k/images/I06_16_04.png,I06.png,6,16,4,2.5,0.885
I06_17_01.png,/kaggle/working/MDFS/data/KADID/extracted/kadid10k/images/I06_17_01.png,I06.png,6,17,1,4.53,0.806
I06_17_03.png,/kaggle/working/MDFS/data/KADID/extracted/kadid10k/images/I06_17_03.png,I06.png,6,17,3,3.97,0.657
I06_17_05.png,/kaggle/working/MDFS/data/KADID/extracted/kadid10k/images/I06_17_05.png,I06.png,6,17,5,2.77,1.055
I06_18_02.png,/kaggle/working/MDFS/data/KADID/extracted/kadid10k/images/I06_18_02.png,I06.png,6,18,2,4.07,0.727
I06_18_04.png,/kaggle/working/MDFS/data/KADID/extracted/kadid10k/images/I06_18_04.png,I06.png,6,18,4,4.03,0.752
I06_19_01.png,/kaggle/working/MDFS/data/KADID/extracted/kadid10k/images/I06_19_01.png,I06.png,6,19,1,4.4,0.663
I06_19_03.png,/kaggle/working/MDFS/data/KADID/extracted/kadid10k/images/I06_19_03.png,I06.png,6,19,3,3.43,0.559
I06_19_05.png,/kaggle/working/MDFS/data/KADID/extracted/kadid10k/images/I06_19_05.png,I06.png,6,19,5,1.5,0.563
I06_20_02.png,/kaggle/working/MDFS/data/KADID/extracted/kadid10k/images/I06_20_02.png,I06.png,6,20,2,3.1,1.012
I06_20_04.png,/kaggle/working/MDFS/data/KADID/extracted/kadid10k/images/I06_20_04.png,I06.png,6,20,4,2.33,0.83
I06_21_01.png,/kaggle/working/MDFS/data/KADID/extracted/kadid10k/images/I06_21_01.png,I06.png,6,21,1,4.17,0.778
I06_21_03.png,/kaggle/working/MDFS/data/KADID/extracted/kadid10k/images/I06_21_03.png,I06.png,6,21,3,3.23,0.844
I06_21_05.png,/kaggle/working/MDFS/data/KADID/extracted/kadid10k/images/I06_21_05.png,I06.png,6,21,5,1.83,0.582
I06_22_02.png,/kaggle/working/MDFS/data/KADID/extracted/kadid10k/images/I06_22_02.png,I06.png,6,22,2,3.77,1.023
I06_22_04.png,/kaggle/working/MDFS/data/KADID/extracted/kadid10k/images/I06_22_04.png,I06.png,6,22,4,3.2,0.98
I06_23_01.png,/kaggle/working/MDFS/data/KADID/extracted/kadid10k/images/I06_23_01.png,I06.png,6,23,1,2.33,0.789
I06_23_03.png,/kaggle/working/MDFS/data/KADID/extracted/kadid10k/images/I06_23_03.png,I06.png,6,23,3,2.17,0.687
I06_23_05.png,/kaggle/working/MDFS/data/KADID/extracted/kadid10k/images/I06_23_05.png,I06.png,6,23,5,2.26,0.67
I06_24_02.png,/kaggle/working/MDFS/data/KADID/extracted/kadid10k/images/I06_24_02.png,I06.png,6,24,2,2.9,0.746
I06_24_04.png,/kaggle/working/MDFS/data/KADID/extracted/kadid10k/images/I06_24_04.png,I06.png,6,24,4,1.83,0.687
I06_25_01.png,/kaggle/working/MDFS/data/KADID/extracted/kadid10k/images/I06_25_01.png,I06.png,6,25,1,3.0,0.966
I06_25_03.png,/kaggle/working/MDFS/data/KADID/extracted/kadid10k/images/I06_25_03.png,I06.png,6,25,3,4.13,0.67
I06_25_05.png,/kaggle/working/MDFS/data/KADID/extracted/kadid10k/images/I06_25_05.png,I06.png,6,25,5,2.43,0.989
I07_01_02.png,/kaggle/working/MDFS/data/KADID/extracted/kadid10k/images/I07_01_02.png,I07.png,7,1,2,4.4,0.663
I07_01_04.png,/kaggle/working/MDFS/data/KADID/extracted/kadid10k/images/I07_01_04.png,I07.png,7,1,4,1.73,0.573
I07_02_01.png,/kaggle/working/MDFS/data/KADID/extracted/kadid10k/images/I07_02_01.png,I07.png,7,2,1,3.7,0.823
I07_02_03.png,/kaggle/working/MDFS/data/KADID/extracted/kadid10k/images/I07_02_03.png,I07.png,7,2,3,1.67,0.745
I07_02_05.png,/kaggle/working/MDFS/data/KADID/extracted/kadid10k/images/I07_02_05.png,I07.png,7,2,5,1.5,0.671
I07_03_02.png,/kaggle/working/MDFS/data/KADID/extracted/kadid10k/images/I07_03_02.png,I07.png,7,3,2,4.33,0.699
I07_03_04.png,/kaggle/working/MDFS/data/KADID/extracted/kadid10k/images/I07_03_04.png,I07.png,7,3,4,2.07,0.727
I07_04_01.png,/kaggle/working/MDFS/data/KADID/extracted/kadid10k/images/I07_04_01.png,I07.png,7,4,1,4.47,0.499
I07_04_03.png,/kaggle/working/MDFS/data/KADID/extracted/kadid10k/images/I07_04_03.png,I07.png,7,4,3,1.43,0.559
I07_04_05.png,/kaggle/working/MDFS/data/KADID/extracted/kadid10k/images/I07_04_05.png,I07.png,7,4,5,1.13,0.34
I07_05_02.png,/kaggle/working/MDFS/data/KADID/extracted/kadid10k/images/I07_05_02.png,I07.png,7,5,2,2.97,1.031
I07_05_04.png,/kaggle/working/MDFS/data/KADID/extracted/kadid10k/images/I07_05_04.png,I07.png,7,5,4,1.8,0.748
I07_06_01.png,/kaggle/working/MDFS/data/KADID/extracted/kadid10k/images/I07_06_01.png,I07.png,7,6,1,3.73,0.929
I07_06_03.png,/kaggle/working/MDFS/data/KADID/extracted/kadid10k/images/I07_06_03.png,I07.png,7,6,3,3.77,0.955
I07_06_05.png,/kaggle/working/MDFS/data/KADID/extracted/kadid10k/images/I07_06_05.png,I07.png,7,6,5,1.8,0.6
I07_07_02.png,/kaggle/working/MDFS/data/KADID/extracted/kadid10k/images/I07_07_02.png,I07.png,7,7,2,1.93,0.854
I07_07_04.png,/kaggle/working/MDFS/data/KADID/extracted/kadid10k/images/I07_07_04.png,I07.png,7,7,4,1.5,0.671
I07_08_01.png,/kaggle/working/MDFS/data/KADID/extracted/kadid10k/images/I07_08_01.png,I07.png,7,8,1,4.53,0.499
I07_08_03.png,/kaggle/working/MDFS/data/KADID/extracted/kadid10k/images/I07_08_03.png,I07.png,7,8,3,1.97,0.948
I07_08_05.png,/kaggle/working/MDFS/data/KADID/extracted/kadid10k/images/I07_08_05.png,I07.png,7,8,5,1.5,0.563
I07_09_02.png,/kaggle/working/MDFS/data/KADID/extracted/kadid10k/images/I07_09_02.png,I07.png,7,9,2,4.63,0.482
I07_09_04.png,/kaggle/working/MDFS/data/KADID/extracted/kadid10k/images/I07_09_04.png,I07.png,7,9,4,3.6,0.8
I07_10_01.png,/kaggle/working/MDFS/data/KADID/extracted/kadid10k/images/I07_10_01.png,I07.png,7,10,1,4.1,0.651
I07_10_03.png,/kaggle/working/MDFS/data/KADID/extracted/kadid10k/images/I07_10_03.png,I07.png,7,10,3,3.87,0.921
I07_10_05.png,/kaggle/working/MDFS/data/KADID/extracted/kadid10k/images/I07_10_05.png,I07.png,7,10,5,1.23,0.423
I07_11_02.png,/kaggle/working/MDFS/data/KADID/extracted/kadid10k/images/I07_11_02.png,I07.png,7,11,2,2.7,0.862
I07_11_04.png,/kaggle/working/MDFS/data/KADID/extracted/kadid10k/images/I07_11_04.png,I07.png,7,11,4,2.34,0.814
I07_12_01.png,/kaggle/working/MDFS/data/KADID/extracted/kadid10k/images/I07_12_01.png,I07.png,7,12,1,4.23,0.955
I07_12_03.png,/kaggle/working/MDFS/data/KADID/extracted/kadid10k/images/I07_12_03.png,I07.png,7,12,3,2.77,0.989
I07_12_05.png,/kaggle/working/MDFS/data/KADID/extracted/kadid10k/images/I07_12_05.png,I07.png,7,12,5,2.06,0.788
I07_13_02.png,/kaggle/working/MDFS/data/KADID/extracted/kadid10k/images/I07_13_02.png,I07.png,7,13,2,3.0,0.856
I07_13_04.png,/kaggle/working/MDFS/data/KADID/extracted/kadid10k/images/I07_13_04.png,I07.png,7,13,4,2.13,0.67
I07_14_01.png,/kaggle/working/MDFS/data/KADID/extracted/kadid10k/images/I07_14_01.png,I07.png,7,14,1,4.1,0.588
I07_14_03.png,/kaggle/working/MDFS/data/KADID/extracted/kadid10k/images/I07_14_03.png,I07.png,7,14,3,2.6,0.841
I07_14_05.png,/kaggle/working/MDFS/data/KADID/extracted/kadid10k/images/I07_14_05.png,I07.png,7,14,5,1.6,0.554
I07_15_02.png,/kaggle/working/MDFS/data/KADID/extracted/kadid10k/images/I07_15_02.png,I07.png,7,15,2,2.27,0.814
I07_15_04.png,/kaggle/working/MDFS/data/KADID/extracted/kadid10k/images/I07_15_04.png,I07.png,7,15,4,1.47,0.562
I07_16_01.png,/kaggle/working/MDFS/data/KADID/extracted/kadid10k/images/I07_16_01.png,I07.png,7,16,1,4.7,0.526
I07_16_03.png,/kaggle/working/MDFS/data/KADID/extracted/kadid10k/images/I07_16_03.png,I07.png,7,16,3,3.5,0.764
I07_16_05.png,/kaggle/working/MDFS/data/KADID/extracted/kadid10k/images/I07_16_05.png,I07.png,7,16,5,1.17,0.373
I07_17_02.png,/kaggle/working/MDFS/data/KADID/extracted/kadid10k/images/I07_17_02.png,I07.png,7,17,2,4.63,0.482
I07_17_04.png,/kaggle/working/MDFS/data/KADID/extracted/kadid10k/images/I07_17_04.png,I07.png,7,17,4,3.43,0.883
I07_18_01.png,/kaggle/working/MDFS/data/KADID/extracted/kadid10k/images/I07_18_01.png,I07.png,7,18,1,3.2,1.108
I07_18_03.png,/kaggle/working/MDFS/data/KADID/extracted/kadid10k/images/I07_18_03.png,I07.png,7,18,3,4.5,0.563
I07_18_05.png,/kaggle/working/MDFS/data/KADID/extracted/kadid10k/images/I07_18_05.png,I07.png,7,18,5,4.0,0.894
I07_19_02.png,/kaggle/working/MDFS/data/KADID/extracted/kadid10k/images/I07_19_02.png,I07.png,7,19,2,4.5,0.619
I07_19_04.png,/kaggle/working/MDFS/data/KADID/extracted/kadid10k/images/I07_19_04.png,I07.png,7,19,4,1.93,0.772
I07_20_01.png,/kaggle/working/MDFS/data/KADID/extracted/kadid10k/images/I07_20_01.png,I07.png,7,20,1,3.3,1.1
I07_20_03.png,/kaggle/working/MDFS/data/KADID/extracted/kadid10k/images/I07_20_03.png,I07.png,7,20,3,2.97,0.983
I07_20_05.png,/kaggle/working/MDFS/data/KADID/extracted/kadid10k/images/I07_20_05.png,I07.png,7,20,5,2.83,0.969
I07_21_02.png,/kaggle/working/MDFS/data/KADID/extracted/kadid10k/images/I07_21_02.png,I07.png,7,21,2,2.93,0.929
I07_21_04.png,/kaggle/working/MDFS/data/KADID/extracted/kadid10k/images/I07_21_04.png,I07.png,7,21,4,3.1,1.088
I07_22_01.png,/kaggle/working/MDFS/data/KADID/extracted/kadid10k/images/I07_22_01.png,I07.png,7,22,1,3.97,0.795
I07_22_03.png,/kaggle/working/MDFS/data/KADID/extracted/kadid10k/images/I07_22_03.png,I07.png,7,22,3,3.6,1.114
I07_22_05.png,/kaggle/working/MDFS/data/KADID/extracted/kadid10k/images/I07_22_05.png,I07.png,7,22,5,2.07,0.727
I07_23_02.png,/kaggle/working/MDFS/data/KADID/extracted/kadid10k/images/I07_23_02.png,I07.png,7,23,2,2.27,0.814
I07_23_04.png,/kaggle/working/MDFS/data/KADID/extracted/kadid10k/images/I07_23_04.png,I07.png,7,23,4,2.0,0.683
I07_24_01.png,/kaggle/working/MDFS/data/KADID/extracted/kadid10k/images/I07_24_01.png,I07.png,7,24,1,3.8,0.702
I07_24_03.png,/kaggle/working/MDFS/data/KADID/extracted/kadid10k/images/I07_24_03.png,I07.png,7,24,3,2.1,0.651
I07_24_05.png,/kaggle/working/MDFS/data/KADID/extracted/kadid10k/images/I07_24_05.png,I07.png,7,24,5,1.27,0.512
I07_25_02.png,/kaggle/working/MDFS/data/KADID/extracted/kadid10k/images/I07_25_02.png,I07.png,7,25,2,4.03,0.875
I07_25_04.png,/kaggle/working/MDFS/data/KADID/extracted/kadid10k/images/I07_25_04.png,I07.png,7,25,4,4.43,0.761
I08_01_01.png,/kaggle/working/MDFS/data/KADID/extracted/kadid10k/images/I08_01_01.png,I08.png,8,1,1,4.8,0.4
I08_01_03.png,/kaggle/working/MDFS/data/KADID/extracted/kadid10k/images/I08_01_03.png,I08.png,8,1,3,3.0,0.73
I08_01_05.png,/kaggle/working/MDFS/data/KADID/extracted/kadid10k/images/I08_01_05.png,I08.png,8,1,5,1.47,0.562
I08_02_02.png,/kaggle/working/MDFS/data/KADID/extracted/kadid10k/images/I08_02_02.png,I08.png,8,2,2,3.2,1.013
I08_02_04.png,/kaggle/working/MDFS/data/KADID/extracted/kadid10k/images/I08_02_04.png,I08.png,8,2,4,1.53,0.499
I08_03_01.png,/kaggle/working/MDFS/data/KADID/extracted/kadid10k/images/I08_03_01.png,I08.png,8,3,1,4.9,0.3
I08_03_03.png,/kaggle/working/MDFS/data/KADID/extracted/kadid10k/images/I08_03_03.png,I08.png,8,3,3,3.23,0.92
I08_03_05.png,/kaggle/working/MDFS/data/KADID/extracted/kadid10k/images/I08_03_05.png,I08.png,8,3,5,1.83,0.582
I08_04_02.png,/kaggle/working/MDFS/data/KADID/extracted/kadid10k/images/I08_04_02.png,I08.png,8,4,2,2.87,1.258
I08_04_04.png,/kaggle/working/MDFS/data/KADID/extracted/kadid10k/images/I08_04_04.png,I08.png,8,4,4,1.67,0.699
I08_05_01.png,/kaggle/working/MDFS/data/KADID/extracted/kadid10k/images/I08_05_01.png,I08.png,8,5,1,4.4,0.49
I08_05_03.png,/kaggle/working/MDFS/data/KADID/extracted/kadid10k/images/I08_05_03.png,I08.png,8,5,3,1.97,0.605
I08_05_05.png,/kaggle/working/MDFS/data/KADID/extracted/kadid10k/images/I08_05_05.png,I08.png,8,5,5,1.57,0.616
I08_06_02.png,/kaggle/working/MDFS/data/KADID/extracted/kadid10k/images/I08_06_02.png,I08.png,8,6,2,3.8,0.748
I08_06_04.png,/kaggle/working/MDFS/data/KADID/extracted/kadid10k/images/I08_06_04.png,I08.png,8,6,4,2.8,0.909
I08_07_01.png,/kaggle/working/MDFS/data/KADID/extracted/kadid10k/images/I08_07_01.png,I08.png,8,7,1,2.87,0.793
I08_07_03.png,/kaggle/working/MDFS/data/KADID/extracted/kadid10k/images/I08_07_03.png,I08.png,8,7,3,2.03,0.948
I08_07_05.png,/kaggle/working/MDFS/data/KADID/extracted/kadid10k/images/I08_07_05.png,I08.png,8,7,5,2.33,1.011
I08_08_02.png,/kaggle/working/MDFS/data/KADID/extracted/kadid10k/images/I08_08_02.png,I08.png,8,8,2,3.37,1.016
I08_08_04.png,/kaggle/working/MDFS/data/KADID/extracted/kadid10k/images/I08_08_04.png,I08.png,8,8,4,2.13,0.957
I08_09_01.png,/kaggle/working/MDFS/data/KADID/extracted/kadid10k/images/I08_09_01.png,I08.png,8,9,1,4.5,0.563
I08_09_03.png,/kaggle/working/MDFS/data/KADID/extracted/kadid10k/images/I08_09_03.png,I08.png,8,9,3,4.63,0.547
I08_09_05.png,/kaggle/working/MDFS/data/KADID/extracted/kadid10k/images/I08_09_05.png,I08.png,8,9,5,1.57,0.667
I08_10_02.png,/kaggle/working/MDFS/data/KADID/extracted/kadid10k/images/I08_10_02.png,I08.png,8,10,2,4.3,0.586
I08_10_04.png,/kaggle/working/MDFS/data/KADID/extracted/kadid10k/images/I08_10_04.png,I08.png,8,10,4,1.5,0.5
I08_11_01.png,/kaggle/working/MDFS/data/KADID/extracted/kadid10k/images/I08_11_01.png,I08.png,8,11,1,3.47,0.846
I08_11_03.png,/kaggle/working/MDFS/data/KADID/extracted/kadid10k/images/I08_11_03.png,I08.png,8,11,3,2.53,0.718
I08_11_05.png,/kaggle/working/MDFS/data/KADID/extracted/kadid10k/images/I08_11_05.png,I08.png,8,11,5,2.17,0.734
I08_12_02.png,/kaggle/working/MDFS/data/KADID/extracted/kadid10k/images/I08_12_02.png,I08.png,8,12,2,3.5,1.088
I08_12_04.png,/kaggle/working/MDFS/data/KADID/extracted/kadid10k/images/I08_12_04.png,I08.png,8,12,4,2.37,0.547
I08_13_01.png,/kaggle/working/MDFS/data/KADID/extracted/kadid10k/images/I08_13_01.png,I08.png,8,13,1,3.33,0.869
I08_13_03.png,/kaggle/working/MDFS/data/KADID/extracted/kadid10k/images/I08_13_03.png,I08.png,8,13,3,2.8,1.077
I08_13_05.png,/kaggle/working/MDFS/data/KADID/extracted/kadid10k/images/I08_13_05.png,I08.png,8,13,5,2.1,0.597
I08_14_02.png,/kaggle/working/MDFS/data/KADID/extracted/kadid10k/images/I08_14_02.png,I08.png,8,14,2,3.6,0.757
I08_14_04.png,/kaggle/working/MDFS/data/KADID/extracted/kadid10k/images/I08_14_04.png,I08.png,8,14,4,2.6,0.663
I08_15_01.png,/kaggle/working/MDFS/data/KADID/extracted/kadid10k/images/I08_15_01.png,I08.png,8,15,1,3.8,0.748
I08_15_03.png,/kaggle/working/MDFS/data/KADID/extracted/kadid10k/images/I08_15_03.png,I08.png,8,15,3,2.03,0.605
I08_15_05.png,/kaggle/working/MDFS/data/KADID/extracted/kadid10k/images/I08_15_05.png,I08.png,8,15,5,1.53,0.499
I08_16_02.png,/kaggle/working/MDFS/data/KADID/extracted/kadid10k/images/I08_16_02.png,I08.png,8,16,2,4.27,0.772
I08_16_04.png,/kaggle/working/MDFS/data/KADID/extracted/kadid10k/images/I08_16_04.png,I08.png,8,16,4,2.53,0.718
I08_17_01.png,/kaggle/working/MDFS/data/KADID/extracted/kadid10k/images/I08_17_01.png,I08.png,8,17,1,4.63,0.482
I08_17_03.png,/kaggle/working/MDFS/data/KADID/extracted/kadid10k/images/I08_17_03.png,I08.png,8,17,3,4.47,0.67
I08_17_05.png,/kaggle/working/MDFS/data/KADID/extracted/kadid10k/images/I08_17_05.png,I08.png,8,17,5,2.47,1.024
I08_18_02.png,/kaggle/working/MDFS/data/KADID/extracted/kadid10k/images/I08_18_02.png,I08.png,8,18,2,4.5,0.563
I08_18_04.png,/kaggle/working/MDFS/data/KADID/extracted/kadid10k/images/I08_18_04.png,I08.png,8,18,4,4.53,0.499
I08_19_01.png,/kaggle/working/MDFS/data/KADID/extracted/kadid10k/images/I08_19_01.png,I08.png,8,19,1,4.7,0.64
I08_19_03.png,/kaggle/working/MDFS/data/KADID/extracted/kadid10k/images/I08_19_03.png,I08.png,8,19,3,4.17,0.86
I08_19_05.png,/kaggle/working/MDFS/data/KADID/extracted/kadid10k/images/I08_19_05.png,I08.png,8,19,5,1.35,0.478
I08_20_02.png,/kaggle/working/MDFS/data/KADID/extracted/kadid10k/images/I08_20_02.png,I08.png,8,20,2,4.4,0.8
I08_20_04.png,/kaggle/working/MDFS/data/KADID/extracted/kadid10k/images/I08_20_04.png,I08.png,8,20,4,3.97,1.08
I08_21_01.png,/kaggle/working/MDFS/data/KADID/extracted/kadid10k/images/I08_21_01.png,I08.png,8,21,1,4.07,0.854
I08_21_03.png,/kaggle/working/MDFS/data/KADID/extracted/kadid10k/images/I08_21_03.png,I08.png,8,21,3,3.13,1.176
I08_21_05.png,/kaggle/working/MDFS/data/KADID/extracted/kadid10k/images/I08_21_05.png,I08.png,8,21,5,1.63,0.605
I08_22_02.png,/kaggle/working/MDFS/data/KADID/extracted/kadid10k/images/I08_22_02.png,I08.png,8,22,2,2.93,0.892
I08_22_04.png,/kaggle/working/MDFS/data/KADID/extracted/kadid10k/images/I08_22_04.png,I08.png,8,22,4,2.13,1.176
I08_23_01.png,/kaggle/working/MDFS/data/KADID/extracted/kadid10k/images/I08_23_01.png,I08.png,8,23,1,2.83,0.969
I08_23_03.png,/kaggle/working/MDFS/data/KADID/extracted/kadid10k/images/I08_23_03.png,I08.png,8,23,3,2.27,0.727
I08_23_05.png,/kaggle/working/MDFS/data/KADID/extracted/kadid10k/images/I08_23_05.png,I08.png,8,23,5,2.17,0.86
I08_24_02.png,/kaggle/working/MDFS/data/KADID/extracted/kadid10k/images/I08_24_02.png,I08.png,8,24,2,2.8,0.748
I08_24_04.png,/kaggle/working/MDFS/data/KADID/extracted/kadid10k/images/I08_24_04.png,I08.png,8,24,4,1.6,0.611
I08_25_01.png,/kaggle/working/MDFS/data/KADID/extracted/kadid10k/images/I08_25_01.png,I08.png,8,25,1,3.87,0.806
I08_25_03.png,/kaggle/working/MDFS/data/KADID/extracted/kadid10k/images/I08_25_03.png,I08.png,8,25,3,4.43,0.559
I08_25_05.png,/kaggle/working/MDFS/data/KADID/extracted/kadid10k/images/I08_25_05.png,I08.png,8,25,5,3.7,0.737
I09_01_02.png,/kaggle/working/MDFS/data/KADID/extracted/kadid10k/images/I09_01_02.png,I09.png,9,1,2,3.77,1.023
I09_01_04.png,/kaggle/working/MDFS/data/KADID/extracted/kadid10k/images/I09_01_04.png,I09.png,9,1,4,1.4,0.49
I09_02_01.png,/kaggle/working/MDFS/data/KADID/extracted/kadid10k/images/I09_02_01.png,I09.png,9,2,1,3.1,0.79
I09_02_03.png,/kaggle/working/MDFS/data/KADID/extracted/kadid10k/images/I09_02_03.png,I09.png,9,2,3,1.37,0.482
I09_02_05.png,/kaggle/working/MDFS/data/KADID/extracted/kadid10k/images/I09_02_05.png,I09.png,9,2,5,1.07,0.249
I09_03_02.png,/kaggle/working/MDFS/data/KADID/extracted/kadid10k/images/I09_03_02.png,I09.png,9,3,2,3.67,0.869
I09_03_04.png,/kaggle/working/MDFS/data/KADID/extracted/kadid10k/images/I09_03_04.png,I09.png,9,3,4,1.67,0.699
I09_04_01.png,/kaggle/working/MDFS/data/KADID/extracted/kadid10k/images/I09_04_01.png,I09.png,9,4,1,4.27,0.512
I09_04_03.png,/kaggle/working/MDFS/data/KADID/extracted/kadid10k/images/I09_04_03.png,I09.png,9,4,3,1.6,0.712
I09_04_05.png,/kaggle/working/MDFS/data/KADID/extracted/kadid10k/images/I09_04_05.png,I09.png,9,4,5,1.47,0.763
I09_05_02.png,/kaggle/working/MDFS/data/KADID/extracted/kadid10k/images/I09_05_02.png,I09.png,9,5,2,1.8,0.653
I09_05_04.png,/kaggle/working/MDFS/data/KADID/extracted/kadid10k/images/I09_05_04.png,I09.png,9,5,4,1.5,0.563
I09_06_01.png,/kaggle/working/MDFS/data/KADID/extracted/kadid10k/images/I09_06_01.png,I09.png,9,6,1,3.9,0.651
I09_06_03.png,/kaggle/working/MDFS/data/KADID/extracted/kadid10k/images/I09_06_03.png,I09.png,9,6,3,3.77,0.92
I09_06_05.png,/kaggle/working/MDFS/data/KADID/extracted/kadid10k/images/I09_06_05.png,I09.png,9,6,5,2.3,0.936
I09_07_02.png,/kaggle/working/MDFS/data/KADID/extracted/kadid10k/images/I09_07_02.png,I09.png,9,7,2,2.73,0.998
I09_07_04.png,/kaggle/working/MDFS/data/KADID/extracted/kadid10k/images/I09_07_04.png,I09.png,9,7,4,2.07,1.031
I09_08_01.png,/kaggle/working/MDFS/data/KADID/extracted/kadid10k/images/I09_08_01.png,I09.png,9,8,1,4.37,0.482
I09_08_03.png,/kaggle/working/MDFS/data/KADID/extracted/kadid10k/images/I09_08_03.png,I09.png,9,8,3,2.47,0.957
I09_08_05.png,/kaggle/working/MDFS/data/KADID/extracted/kadid10k/images/I09_08_05.png,I09.png,9,8,5,1.6,0.663
I09_09_02.png,/kaggle/working/MDFS/data/KADID/extracted/kadid10k/images/I09_09_02.png,I09.png,9,9,2,3.33,0.907
I09_09_04.png,/kaggle/working/MDFS/data/KADID/extracted/kadid10k/images/I09_09_04.png,I09.png,9,9,4,1.77,0.716
I09_10_01.png,/kaggle/working/MDFS/data/KADID/extracted/kadid10k/images/I09_10_01.png,I09.png,9,10,1,3.93,0.854
I09_10_03.png,/kaggle/working/MDFS/data/KADID/extracted/kadid10k/images/I09_10_03.png,I09.png,9,10,3,3.67,0.83
I09_10_05.png,/kaggle/working/MDFS/data/KADID/extracted/kadid10k/images/I09_10_05.png,I09.png,9,10,5,1.23,0.496
I09_11_02.png,/kaggle/working/MDFS/data/KADID/extracted/kadid10k/images/I09_11_02.png,I09.png,9,11,2,3.33,0.943
I09_11_04.png,/kaggle/working/MDFS/data/KADID/extracted/kadid10k/images/I09_11_04.png,I09.png,9,11,4,2.53,0.718
I09_12_01.png,/kaggle/working/MDFS/data/KADID/extracted/kadid10k/images/I09_12_01.png,I09.png,9,12,1,4.67,0.471
I09_12_03.png,/kaggle/working/MDFS/data/KADID/extracted/kadid10k/images/I09_12_03.png,I09.png,9,12,3,2.83,0.969
I09_12_05.png,/kaggle/working/MDFS/data/KADID/extracted/kadid10k/images/I09_12_05.png,I09.png,9,12,5,2.2,0.702
I09_13_02.png,/kaggle/working/MDFS/data/KADID/extracted/kadid10k/images/I09_13_02.png,I09.png,9,13,2,2.57,0.844
I09_13_04.png,/kaggle/working/MDFS/data/KADID/extracted/kadid10k/images/I09_13_04.png,I09.png,9,13,4,2.42,0.834
I09_14_01.png,/kaggle/working/MDFS/data/KADID/extracted/kadid10k/images/I09_14_01.png,I09.png,9,14,1,4.33,0.978
I09_14_03.png,/kaggle/working/MDFS/data/KADID/extracted/kadid10k/images/I09_14_03.png,I09.png,9,14,3,2.9,1.075
I09_14_05.png,/kaggle/working/MDFS/data/KADID/extracted/kadid10k/images/I09_14_05.png,I09.png,9,14,5,1.63,0.706
I09_15_02.png,/kaggle/working/MDFS/data/KADID/extracted/kadid10k/images/I09_15_02.png,I09.png,9,15,2,2.57,0.883
I09_15_04.png,/kaggle/working/MDFS/data/KADID/extracted/kadid10k/images/I09_15_04.png,I09.png,9,15,4,1.6,0.8
I09_16_01.png,/kaggle/working/MDFS/data/KADID/extracted/kadid10k/images/I09_16_01.png,I09.png,9,16,1,4.5,0.563
I09_16_03.png,/kaggle/working/MDFS/data/KADID/extracted/kadid10k/images/I09_16_03.png,I09.png,9,16,3,3.03,0.847
I09_16_05.png,/kaggle/working/MDFS/data/KADID/extracted/kadid10k/images/I09_16_05.png,I09.png,9,16,5,1.57,0.716
I09_17_02.png,/kaggle/working/MDFS/data/KADID/extracted/kadid10k/images/I09_17_02.png,I09.png,9,17,2,4.5,0.563
I09_17_04.png,/kaggle/working/MDFS/data/KADID/extracted/kadid10k/images/I09_17_04.png,I09.png,9,17,4,3.33,0.83
I09_18_01.png,/kaggle/working/MDFS/data/KADID/extracted/kadid10k/images/I09_18_01.png,I09.png,9,18,1,4.3,0.526
I09_18_03.png,/kaggle/working/MDFS/data/KADID/extracted/kadid10k/images/I09_18_03.png,I09.png,9,18,3,4.53,0.499
I09_18_05.png,/kaggle/working/MDFS/data/KADID/extracted/kadid10k/images/I09_18_05.png,I09.png,9,18,5,3.8,0.792
I09_19_02.png,/kaggle/working/MDFS/data/KADID/extracted/kadid10k/images/I09_19_02.png,I09.png,9,19,2,3.83,0.734
I09_19_04.png,/kaggle/working/MDFS/data/KADID/extracted/kadid10k/images/I09_19_04.png,I09.png,9,19,4,1.83,0.687
I09_20_01.png,/kaggle/working/MDFS/data/KADID/extracted/kadid10k/images/I09_20_01.png,I09.png,9,20,1,4.4,0.663
I09_20_03.png,/kaggle/working/MDFS/data/KADID/extracted/kadid10k/images/I09_20_03.png,I09.png,9,20,3,4.1,0.7
I09_20_05.png,/kaggle/working/MDFS/data/KADID/extracted/kadid10k/images/I09_20_05.png,I09.png,9,20,5,3.3,1.1
I09_21_02.png,/kaggle/working/MDFS/data/KADID/extracted/kadid10k/images/I09_21_02.png,I09.png,9,21,2,3.5,1.176
I09_21_04.png,/kaggle/working/MDFS/data/KADID/extracted/kadid10k/images/I09_21_04.png,I09.png,9,21,4,3.17,1.157
I09_22_01.png,/kaggle/working/MDFS/data/KADID/extracted/kadid10k/images/I09_22_01.png,I09.png,9,22,1,4.7,0.458
I09_22_03.png,/kaggle/working/MDFS/data/KADID/extracted/kadid10k/images/I09_22_03.png,I09.png,9,22,3,4.23,0.883
I09_22_05.png,/kaggle/working/MDFS/data/KADID/extracted/kadid10k/images/I09_22_05.png,I09.png,9,22,5,3.4,0.757
I09_23_02.png,/kaggle/working/MDFS/data/KADID/extracted/kadid10k/images/I09_23_02.png,I09.png,9,23,2,2.33,0.907
I09_23_04.png,/kaggle/working/MDFS/data/KADID/extracted/kadid10k/images/I09_23_04.png,I09.png,9,23,4,2.03,0.948
I09_24_01.png,/kaggle/working/MDFS/data/KADID/extracted/kadid10k/images/I09_24_01.png,I09.png,9,24,1,3.07,0.814
I09_24_03.png,/kaggle/working/MDFS/data/KADID/extracted/kadid10k/images/I09_24_03.png,I09.png,9,24,3,1.87,0.718
I09_24_05.png,/kaggle/working/MDFS/data/KADID/extracted/kadid10k/images/I09_24_05.png,I09.png,9,24,5,1.1,0.3
I09_25_02.png,/kaggle/working/MDFS/data/KADID/extracted/kadid10k/images/I09_25_02.png,I09.png,9,25,2,3.63,0.795
I09_25_04.png,/kaggle/working/MDFS/data/KADID/extracted/kadid10k/images/I09_25_04.png,I09.png,9,25,4,4.1,0.597
I10_01_01.png,/kaggle/working/MDFS/data/KADID/extracted/kadid10k/images/I10_01_01.png,I10.png,10,1,1,4.73,0.442
I10_01_03.png,/kaggle/working/MDFS/data/KADID/extracted/kadid10k/images/I10_01_03.png,I10.png,10,1,3,2.8,0.872
I10_01_05.png,/kaggle/working/MDFS/data/KADID/extracted/kadid10k/images/I10_01_05.png,I10.png,10,1,5,1.23,0.423
I10_02_02.png,/kaggle/working/MDFS/data/KADID/extracted/kadid10k/images/I10_02_02.png,I10.png,10,2,2,2.57,0.761
I10_02_04.png,/kaggle/working/MDFS/data/KADID/extracted/kadid10k/images/I10_02_04.png,I10.png,10,2,4,1.27,0.442
I10_03_01.png,/kaggle/working/MDFS/data/KADID/extracted/kadid10k/images/I10_03_01.png,I10.png,10,3,1,4.67,0.471
I10_03_03.png,/kaggle/working/MDFS/data/KADID/extracted/kadid10k/images/I10_03_03.png,I10.png,10,3,3,2.9,0.907
I10_03_05.png,/kaggle/working/MDFS/data/KADID/extracted/kadid10k/images/I10_03_05.png,I10.png,10,3,5,1.4,0.554
I10_04_02.png,/kaggle/working/MDFS/data/KADID/extracted/kadid10k/images/I10_04_02.png,I10.png,10,4,2,2.93,1.062
I10_04_04.png,/kaggle/working/MDFS/data/KADID/extracted/kadid10k/images/I10_04_04.png,I10.png,10,4,4,1.53,0.921
I10_05_01.png,/kaggle/working/MDFS/data/KADID/extracted/kadid10k/images/I10_05_01.png,I10.png,10,5,1,4.63,0.482
I10_05_03.png,/kaggle/working/MDFS/data/KADID/extracted/kadid10k/images/I10_05_03.png,I10.png,10,5,3,1.73,0.629
I10_05_05.png,/kaggle/working/MDFS/data/KADID/extracted/kadid10k/images/I10_05_05.png,I10.png,10,5,5,1.83,0.734
I10_06_02.png,/kaggle/working/MDFS/data/KADID/extracted/kadid10k/images/I10_06_02.png,I10.png,10,6,2,3.83,0.898
I10_06_04.png,/kaggle/working/MDFS/data/KADID/extracted/kadid10k/images/I10_06_04.png,I10.png,10,6,4,3.13,0.991
I10_07_01.png,/kaggle/working/MDFS/data/KADID/extracted/kadid10k/images/I10_07_01.png,I10.png,10,7,1,3.27,1.062
I10_07_03.png,/kaggle/working/MDFS/data/KADID/extracted/kadid10k/images/I10_07_03.png,I10.png,10,7,3,2.23,0.844
I10_07_05.png,/kaggle/working/MDFS/data/KADID/extracted/kadid10k/images/I10_07_05.png,I10.png,10,7,5,1.83,0.82
I10_08_02.png,/kaggle/working/MDFS/data/KADID/extracted/kadid10k/images/I10_08_02.png,I10.png,10,8,2,3.03,1.016
I10_08_04.png,/kaggle/working/MDFS/data/KADID/extracted/kadid10k/images/I10_08_04.png,I10.png,10,8,4,1.63,0.875
I10_09_01.png,/kaggle/working/MDFS/data/KADID/extracted/kadid10k/images/I10_09_01.png,I10.png,10,9,1,4.7,0.458
I10_09_03.png,/kaggle/working/MDFS/data/KADID/extracted/kadid10k/images/I10_09_03.png,I10.png,10,9,3,4.03,0.836
I10_09_05.png,/kaggle/working/MDFS/data/KADID/extracted/kadid10k/images/I10_09_05.png,I10.png,10,9,5,1.13,0.34
I10_10_02.png,/kaggle/working/MDFS/data/KADID/extracted/kadid10k/images/I10_10_02.png,I10.png,10,10,2,4.23,0.559
I10_10_04.png,/kaggle/working/MDFS/data/KADID/extracted/kadid10k/images/I10_10_04.png,I10.png,10,10,4,1.57,0.496
I10_11_01.png,/kaggle/working/MDFS/data/KADID/extracted/kadid10k/images/I10_11_01.png,I10.png,10,11,1,3.1,0.79
I10_11_03.png,/kaggle/working/MDFS/data/KADID/extracted/kadid10k/images/I10_11_03.png,I10.png,10,11,3,2.83,0.687
I10_11_05.png,/kaggle/working/MDFS/data/KADID/extracted/kadid10k/images/I10_11_05.png,I10.png,10,11,5,1.8,0.792
I10_12_02.png,/kaggle/working/MDFS/data/KADID/extracted/kadid10k/images/I10_12_02.png,I10.png,10,12,2,3.0,0.683
I10_12_04.png,/kaggle/working/MDFS/data/KADID/extracted/kadid10k/images/I10_12_04.png,I10.png,10,12,4,2.33,0.869
I10_13_01.png,/kaggle/working/MDFS/data/KADID/extracted/kadid10k/images/I10_13_01.png,I10.png,10,13,1,3.57,0.883
I10_13_03.png,/kaggle/working/MDFS/data/KADID/extracted/kadid10k/images/I10_13_03.png,I10.png,10,13,3,2.3,0.862
I10_13_05.png,/kaggle/working/MDFS/data/KADID/extracted/kadid10k/images/I10_13_05.png,I10.png,10,13,5,1.97,0.706
I10_14_02.png,/kaggle/working/MDFS/data/KADID/extracted/kadid10k/images/I10_14_02.png,I10.png,10,14,2,3.2,0.909
I10_14_04.png,/kaggle/working/MDFS/data/KADID/extracted/kadid10k/images/I10_14_04.png,I10.png,10,14,4,2.07,0.68
I10_15_01.png,/kaggle/working/MDFS/data/KADID/extracted/kadid10k/images/I10_15_01.png,I10.png,10,15,1,3.6,0.712
I10_15_03.png,/kaggle/working/MDFS/data/KADID/extracted/kadid10k/images/I10_15_03.png,I10.png,10,15,3,2.03,0.595
I10_15_05.png,/kaggle/working/MDFS/data/KADID/extracted/kadid10k/images/I10_15_05.png,I10.png,10,15,5,1.37,0.547
I10_16_02.png,/kaggle/working/MDFS/data/KADID/extracted/kadid10k/images/I10_16_02.png,I10.png,10,16,2,4.17,0.734
I10_16_04.png,/kaggle/working/MDFS/data/KADID/extracted/kadid10k/images/I10_16_04.png,I10.png,10,16,4,2.77,0.92
I10_17_01.png,/kaggle/working/MDFS/data/KADID/extracted/kadid10k/images/I10_17_01.png,I10.png,10,17,1,4.87,0.34
I10_17_03.png,/kaggle/working/MDFS/data/KADID/extracted/kadid10k/images/I10_17_03.png,I10.png,10,17,3,4.23,0.667
I10_17_05.png,/kaggle/working/MDFS/data/KADID/extracted/kadid10k/images/I10_17_05.png,I10.png,10,17,5,2.27,1.031
I10_18_02.png,/kaggle/working/MDFS/data/KADID/extracted/kadid10k/images/I10_18_02.png,I10.png,10,18,2,4.57,0.559
I10_18_04.png,/kaggle/working/MDFS/data/KADID/extracted/kadid10k/images/I10_18_04.png,I10.png,10,18,4,4.57,0.559
I10_19_01.png,/kaggle/working/MDFS/data/KADID/extracted/kadid10k/images/I10_19_01.png,I10.png,10,19,1,4.63,0.547
I10_19_03.png,/kaggle/working/MDFS/data/KADID/extracted/kadid10k/images/I10_19_03.png,I10.png,10,19,3,3.43,0.883
I10_19_05.png,/kaggle/working/MDFS/data/KADID/extracted/kadid10k/images/I10_19_05.png,I10.png,10,19,5,1.2,0.4
I10_20_02.png,/kaggle/working/MDFS/data/KADID/extracted/kadid10k/images/I10_20_02.png,I10.png,10,20,2,4.47,0.718
I10_20_04.png,/kaggle/working/MDFS/data/KADID/extracted/kadid10k/images/I10_20_04.png,I10.png,10,20,4,4.23,1.023
I10_21_01.png,/kaggle/working/MDFS/data/KADID/extracted/kadid10k/images/I10_21_01.png,I10.png,10,21,1,3.27,0.964
I10_21_03.png,/kaggle/working/MDFS/data/KADID/extracted/kadid10k/images/I10_21_03.png,I10.png,10,21,3,2.43,0.883
I10_21_05.png,/kaggle/working/MDFS/data/KADID/extracted/kadid10k/images/I10_21_05.png,I10.png,10,21,5,1.23,0.423
I10_22_02.png,/kaggle/working/MDFS/data/KADID/extracted/kadid10k/images/I10_22_02.png,I10.png,10,22,2,3.87,0.884
I10_22_04.png,/kaggle/working/MDFS/data/KADID/extracted/kadid10k/images/I10_22_04.png,I10.png,10,22,4,3.03,0.912
I10_23_01.png,/kaggle/working/MDFS/data/KADID/extracted/kadid10k/images/I10_23_01.png,I10.png,10,23,1,2.93,1.236
I10_23_03.png,/kaggle/working/MDFS/data/KADID/extracted/kadid10k/images/I10_23_03.png,I10.png,10,23,3,2.57,0.92
I10_23_05.png,/kaggle/working/MDFS/data/KADID/extracted/kadid10k/images/I10_23_05.png,I10.png,10,23,5,2.23,0.92
I10_24_02.png,/kaggle/working/MDFS/data/KADID/extracted/kadid10k/images/I10_24_02.png,I10.png,10,24,2,2.63,0.875
I10_24_04.png,/kaggle/working/MDFS/data/KADID/extracted/kadid10k/images/I10_24_04.png,I10.png,10,24,4,1.5,0.563
I10_25_01.png,/kaggle/working/MDFS/data/KADID/extracted/kadid10k/images/I10_25_01.png,I10.png,10,25,1,3.23,0.955
I10_25_03.png,/kaggle/working/MDFS/data/KADID/extracted/kadid10k/images/I10_25_03.png,I10.png,10,25,3,4.37,0.706
I10_25_05.png,/kaggle/working/MDFS/data/KADID/extracted/kadid10k/images/I10_25_05.png,I10.png,10,25,5,3.83,0.637
I11_01_02.png,/kaggle/working/MDFS/data/KADID/extracted/kadid10k/images/I11_01_02.png,I11.png,11,1,2,4.07,0.573
I11_01_04.png,/kaggle/working/MDFS/data/KADID/extracted/kadid10k/images/I11_01_04.png,I11.png,11,1,4,1.77,0.803
I11_02_01.png,/kaggle/working/MDFS/data/KADID/extracted/kadid10k/images/I11_02_01.png,I11.png,11,2,1,3.4,0.757
I11_02_03.png,/kaggle/working/MDFS/data/KADID/extracted/kadid10k/images/I11_02_03.png,I11.png,11,2,3,1.77,0.559
I11_02_05.png,/kaggle/working/MDFS/data/KADID/extracted/kadid10k/images/I11_02_05.png,I11.png,11,2,5,1.27,0.442
I11_03_02.png,/kaggle/working/MDFS/data/KADID/extracted/kadid10k/images/I11_03_02.png,I11.png,11,3,2,3.57,0.883
I11_03_04.png,/kaggle/working/MDFS/data/KADID/extracted/kadid10k/images/I11_03_04.png,I11.png,11,3,4,2.1,0.7
I11_04_01.png,/kaggle/working/MDFS/data/KADID/extracted/kadid10k/images/I11_04_01.png,I11.png,11,4,1,4.47,0.562
I11_04_03.png,/kaggle/working/MDFS/data/KADID/extracted/kadid10k/images/I11_04_03.png,I11.png,11,4,3,2.0,1.0
I11_04_05.png,/kaggle/working/MDFS/data/KADID/extracted/kadid10k/images/I11_04_05.png,I11.png,11,4,5,1.6,0.8
I11_05_02.png,/kaggle/working/MDFS/data/KADID/extracted/kadid10k/images/I11_05_02.png,I11.png,11,5,2,1.77,0.844
I11_05_04.png,/kaggle/working/MDFS/data/KADID/extracted/kadid10k/images/I11_05_04.png,I11.png,11,5,4,2.03,0.547
I11_06_01.png,/kaggle/working/MDFS/data/KADID/extracted/kadid10k/images/I11_06_01.png,I11.png,11,6,1,4.17,0.86
I11_06_03.png,/kaggle/working/MDFS/data/KADID/extracted/kadid10k/images/I11_06_03.png,I11.png,11,6,3,4.03,0.983
I11_06_05.png,/kaggle/working/MDFS/data/KADID/extracted/kadid10k/images/I11_06_05.png,I11.png,11,6,5,1.9,0.907
I11_07_02.png,/kaggle/working/MDFS/data/KADID/extracted/kadid10k/images/I11_07_02.png,I11.png,11,7,2,2.53,1.024
I11_07_04.png,/kaggle/working/MDFS/data/KADID/extracted/kadid10k/images/I11_07_04.png,I11.png,11,7,4,2.6,1.143
I11_08_01.png,/kaggle/working/MDFS/data/KADID/extracted/kadid10k/images/I11_08_01.png,I11.png,11,8,1,4.53,0.499
I11_08_03.png,/kaggle/working/MDFS/data/KADID/extracted/kadid10k/images/I11_08_03.png,I11.png,11,8,3,2.9,0.978
I11_08_05.png,/kaggle/working/MDFS/data/KADID/extracted/kadid10k/images/I11_08_05.png,I11.png,11,8,5,1.47,0.618
I11_09_02.png,/kaggle/working/MDFS/data/KADID/extracted/kadid10k/images/I11_09_02.png,I11.png,11,9,2,4.27,0.727
I11_09_04.png,/kaggle/working/MDFS/data/KADID/extracted/kadid10k/images/I11_09_04.png,I11.png,11,9,4,2.27,0.854
I11_10_01.png,/kaggle/working/MDFS/data/KADID/extracted/kadid10k/images/I11_10_01.png,I11.png,11,10,1,4.43,0.667
I11_10_03.png,/kaggle/working/MDFS/data/KADID/extracted/kadid10k/images/I11_10_03.png,I11.png,11,10,3,4.03,0.752
I11_10_05.png,/kaggle/working/MDFS/data/KADID/extracted/kadid10k/images/I11_10_05.png,I11.png,11,10,5,1.16,0.368
I11_11_02.png,/kaggle/working/MDFS/data/KADID/extracted/kadid10k/images/I11_11_02.png,I11.png,11,11,2,2.9,0.893
I11_11_04.png,/kaggle/working/MDFS/data/KADID/extracted/kadid10k/images/I11_11_04.png,I11.png,11,11,4,2.47,0.562
I11_12_01.png,/kaggle/working/MDFS/data/KADID/extracted/kadid10k/images/I11_12_01.png,I11.png,11,12,1,4.53,0.718
I11_12_03.png,/kaggle/working/MDFS/data/KADID/extracted/kadid10k/images/I11_12_03.png,I11.png,11,12,3,3.0,0.775
I11_12_05.png,/kaggle/working/MDFS/data/KADID/extracted/kadid10k/images/I11_12_05.png,I11.png,11,12,5,2.13,0.763
I11_13_02.png,/kaggle/working/MDFS/data/KADID/extracted/kadid10k/images/I11_13_02.png,I11.png,11,13,2,2.67,0.869
I11_13_04.png,/kaggle/working/MDFS/data/KADID/extracted/kadid10k/images/I11_13_04.png,I11.png,11,13,4,2.4,0.712
I11_14_01.png,/kaggle/working/MDFS/data/KADID/extracted/kadid10k/images/I11_14_01.png,I11.png,11,14,1,4.57,0.616
I11_14_03.png,/kaggle/working/MDFS/data/KADID/extracted/kadid10k/images/I11_14_03.png,I11.png,11,14,3,2.8,0.792
I11_14_05.png,/kaggle/working/MDFS/data/KADID/extracted/kadid10k/images/I11_14_05.png,I11.png,11,14,5,2.23,0.616
I11_15_02.png,/kaggle/working/MDFS/data/KADID/extracted/kadid10k/images/I11_15_02.png,I11.png,11,15,2,2.23,0.667
I11_15_04.png,/kaggle/working/MDFS/data/KADID/extracted/kadid10k/images/I11_15_04.png,I11.png,11,15,4,1.37,0.657
I11_16_01.png,/kaggle/working/MDFS/data/KADID/extracted/kadid10k/images/I11_16_01.png,I11.png,11,16,1,4.43,0.559
I11_16_03.png,/kaggle/working/MDFS/data/KADID/extracted/kadid10k/images/I11_16_03.png,I11.png,11,16,3,3.7,0.823
I11_16_05.png,/kaggle/working/MDFS/data/KADID/extracted/kadid10k/images/I11_16_05.png,I11.png,11,16,5,2.6,1.052
I11_17_02.png,/kaggle/working/MDFS/data/KADID/extracted/kadid10k/images/I11_17_02.png,I11.png,11,17,2,4.67,0.537
I11_17_04.png,/kaggle/working/MDFS/data/KADID/extracted/kadid10k/images/I11_17_04.png,I11.png,11,17,4,3.33,0.943
I11_18_01.png,/kaggle/working/MDFS/data/KADID/extracted/kadid10k/images/I11_18_01.png,I11.png,11,18,1,4.23,0.616
I11_18_03.png,/kaggle/working/MDFS/data/KADID/extracted/kadid10k/images/I11_18_03.png,I11.png,11,18,3,4.68,0.642
I11_18_05.png,/kaggle/working/MDFS/data/KADID/extracted/kadid10k/images/I11_18_05.png,I11.png,11,18,5,3.47,0.957
I11_19_02.png,/kaggle/working/MDFS/data/KADID/extracted/kadid10k/images/I11_19_02.png,I11.png,11,19,2,4.23,0.496
I11_19_04.png,/kaggle/working/MDFS/data/KADID/extracted/kadid10k/images/I11_19_04.png,I11.png,11,19,4,1.87,0.67
I11_20_01.png,/kaggle/working/MDFS/data/KADID/extracted/kadid10k/images/I11_20_01.png,I11.png,11,20,1,4.47,0.499
I11_20_03.png,/kaggle/working/MDFS/data/KADID/extracted/kadid10k/images/I11_20_03.png,I11.png,11,20,3,4.17,0.82
I11_20_05.png,/kaggle/working/MDFS/data/KADID/extracted/kadid10k/images/I11_20_05.png,I11.png,11,20,5,4.03,0.836
I11_21_02.png,/kaggle/working/MDFS/data/KADID/extracted/kadid10k/images/I11_21_02.png,I11.png,11,21,2,3.9,1.012
I11_21_04.png,/kaggle/working/MDFS/data/KADID/extracted/kadid10k/images/I11_21_04.png,I11.png,11,21,4,2.93,1.153
I11_22_01.png,/kaggle/working/MDFS/data/KADID/extracted/kadid10k/images/I11_22_01.png,I11.png,11,22,1,4.1,0.87
I11_22_03.png,/kaggle/working/MDFS/data/KADID/extracted/kadid10k/images/I11_22_03.png,I11.png,11,22,3,3.1,0.87
I11_22_05.png,/kaggle/working/MDFS/data/KADID/extracted/kadid10k/images/I11_22_05.png,I11.png,11,22,5,2.27,0.854
I11_23_02.png,/kaggle/working/MDFS/data/KADID/extracted/kadid10k/images/I11_23_02.png,I11.png,11,23,2,1.63,0.547
I11_23_04.png,/kaggle/working/MDFS/data/KADID/extracted/kadid10k/images/I11_23_04.png,I11.png,11,23,4,2.07,0.854
I11_24_01.png,/kaggle/working/MDFS/data/KADID/extracted/kadid10k/images/I11_24_01.png,I11.png,11,24,1,3.3,0.823
I11_24_03.png,/kaggle/working/MDFS/data/KADID/extracted/kadid10k/images/I11_24_03.png,I11.png,11,24,3,1.83,0.687
I11_24_05.png,/kaggle/working/MDFS/data/KADID/extracted/kadid10k/images/I11_24_05.png,I11.png,11,24,5,1.13,0.34
I11_25_02.png,/kaggle/working/MDFS/data/KADID/extracted/kadid10k/images/I11_25_02.png,I11.png,11,25,2,3.57,0.883
I11_25_04.png,/kaggle/working/MDFS/data/KADID/extracted/kadid10k/images/I11_25_04.png,I11.png,11,25,4,3.73,0.772
I12_01_01.png,/kaggle/working/MDFS/data/KADID/extracted/kadid10k/images/I12_01_01.png,I12.png,12,1,1,4.53,0.618
I12_01_03.png,/kaggle/working/MDFS/data/KADID/extracted/kadid10k/images/I12_01_03.png,I12.png,12,1,3,2.4,0.49
I12_01_05.png,/kaggle/working/MDFS/data/KADID/extracted/kadid10k/images/I12_01_05.png,I12.png,12,1,5,1.17,0.373
I12_02_02.png,/kaggle/working/MDFS/data/KADID/extracted/kadid10k/images/I12_02_02.png,I12.png,12,2,2,2.0,0.775
I12_02_04.png,/kaggle/working/MDFS/data/KADID/extracted/kadid10k/images/I12_02_04.png,I12.png,12,2,4,1.37,0.482
I12_03_01.png,/kaggle/working/MDFS/data/KADID/extracted/kadid10k/images/I12_03_01.png,I12.png,12,3,1,4.53,0.562
I12_03_03.png,/kaggle/working/MDFS/data/KADID/extracted/kadid10k/images/I12_03_03.png,I12.png,12,3,3,2.06,0.669
I12_03_05.png,/kaggle/working/MDFS/data/KADID/extracted/kadid10k/images/I12_03_05.png,I12.png,12,3,5,1.37,0.482
I12_04_02.png,/kaggle/working/MDFS/data/KADID/extracted/kadid10k/images/I12_04_02.png,I12.png,12,4,2,2.63,1.016
I12_04_04.png,/kaggle/working/MDFS/data/KADID/extracted/kadid10k/images/I12_04_04.png,I12.png,12,4,4,1.53,0.806
I12_05_01.png,/kaggle/working/MDFS/data/KADID/extracted/kadid10k/images/I12_05_01.png,I12.png,12,5,1,3.0,1.033
I12_05_03.png,/kaggle/working/MDFS/data/KADID/extracted/kadid10k/images/I12_05_03.png,I12.png,12,5,3,1.4,0.49
I12_05_05.png,/kaggle/working/MDFS/data/KADID/extracted/kadid10k/images/I12_05_05.png,I12.png,12,5,5,1.2,0.4
I12_06_02.png,/kaggle/working/MDFS/data/KADID/extracted/kadid10k/images/I12_06_02.png,I12.png,12,6,2,4.06,0.716
I12_06_04.png,/kaggle/working/MDFS/data/KADID/extracted/kadid10k/images/I12_06_04.png,I12.png,12,6,4,3.27,0.929
I12_07_01.png,/kaggle/working/MDFS/data/KADID/extracted/kadid10k/images/I12_07_01.png,I12.png,12,7,1,2.4,1.2
I12_07_03.png,/kaggle/working/MDFS/data/KADID/extracted/kadid10k/images/I12_07_03.png,I12.png,12,7,3,2.67,1.135
I12_07_05.png,/kaggle/working/MDFS/data/KADID/extracted/kadid10k/images/I12_07_05.png,I12.png,12,7,5,1.93,0.929
I12_08_02.png,/kaggle/working/MDFS/data/KADID/extracted/kadid10k/images/I12_08_02.png,I12.png,12,8,2,3.5,0.847
I12_08_04.png,/kaggle/working/MDFS/data/KADID/extracted/kadid10k/images/I12_08_04.png,I12.png,12,8,4,2.55,1.073
I12_09_01.png,/kaggle/working/MDFS/data/KADID/extracted/kadid10k/images/I12_09_01.png,I12.png,12,9,1,4.13,0.618
I12_09_03.png,/kaggle/working/MDFS/data/KADID/extracted/kadid10k/images/I12_09_03.png,I12.png,12,9,3,2.6,0.987
I12_09_05.png,/kaggle/working/MDFS/data/KADID/extracted/kadid10k/images/I12_09_05.png,I12.png,12,9,5,1.1,0.3
I12_10_02.png,/kaggle/working/MDFS/data/KADID/extracted/kadid10k/images/I12_10_02.png,I12.png,12,10,2,4.3,0.737
I12_10_04.png,/kaggle/working/MDFS/data/KADID/extracted/kadid10k/images/I12_10_04.png,I12.png,12,10,4,2.66,1.049
I12_11_01.png,/kaggle/working/MDFS/data/KADID/extracted/kadid10k/images/I12_11_01.png,I12.png,12,11,1,4.48,0.615
I12_11_03.png,/kaggle/working/MDFS/data/KADID/extracted/kadid10k/images/I12_11_03.png,I12.png,12,11,3,3.83,0.82
I12_11_05.png,/kaggle/working/MDFS/data/KADID/extracted/kadid10k/images/I12_11_05.png,I12.png,12,11,5,2.53,0.763
I12_12_02.png,/kaggle/working/MDFS/data/KADID/extracted/kadid10k/images/I12_12_02.png,I12.png,12,12,2,4.4,0.611
I12_12_04.png,/kaggle/working/MDFS/data/KADID/extracted/kadid10k/images/I12_12_04.png,I12.png,12,12,4,3.33,0.83
I12_13_01.png,/kaggle/working/MDFS/data/KADID/extracted/kadid10k/images/I12_13_01.png,I12.png,12,13,1,4.3,0.69
I12_13_03.png,/kaggle/working/MDFS/data/KADID/extracted/kadid10k/images/I12_13_03.png,I12.png,12,13,3,3.03,0.948
I12_13_05.png,/kaggle/working/MDFS/data/KADID/extracted/kadid10k/images/I12_13_05.png,I12.png,12,13,5,2.17,0.637
I12_14_02.png,/kaggle/working/MDFS/data/KADID/extracted/kadid10k/images/I12_14_02.png,I12.png,12,14,2,4.47,0.562
I12_14_04.png,/kaggle/working/MDFS/data/KADID/extracted/kadid10k/images/I12_14_04.png,I12.png,12,14,4,3.19,0.737
I12_15_01.png,/kaggle/working/MDFS/data/KADID/extracted/kadid10k/images/I12_15_01.png,I12.png,12,15,1,3.37,0.875
I12_15_03.png,/kaggle/working/MDFS/data/KADID/extracted/kadid10k/images/I12_15_03.png,I12.png,12,15,3,2.2,0.702
I12_15_05.png,/kaggle/working/MDFS/data/KADID/extracted/kadid10k/images/I12_15_05.png,I12.png,12,15,5,1.7,0.69
I12_16_02.png,/kaggle/working/MDFS/data/KADID/extracted/kadid10k/images/I12_16_02.png,I12.png,12,16,2,4.2,0.702
I12_16_04.png,/kaggle/working/MDFS/data/KADID/extracted/kadid10k/images/I12_16_04.png,I12.png,12,16,4,2.1,0.651
I12_17_01.png,/kaggle/working/MDFS/data/KADID/extracted/kadid10k/images/I12_17_01.png,I12.png,12,17,1,4.6,0.49
I12_17_03.png,/kaggle/working/MDFS/data/KADID/extracted/kadid10k/images/I12_17_03.png,I12.png,12,17,3,4.33,0.596
I12_17_05.png,/kaggle/working/MDFS/data/KADID/extracted/kadid10k/images/I12_17_05.png,I12.png,12,17,5,2.5,0.847
I12_18_02.png,/kaggle/working/MDFS/data/KADID/extracted/kadid10k/images/I12_18_02.png,I12.png,12,18,2,4.5,0.719
I12_18_04.png,/kaggle/working/MDFS/data/KADID/extracted/kadid10k/images/I12_18_04.png,I12.png,12,18,4,4.23,0.761
I12_19_01.png,/kaggle/working/MDFS/data/KADID/extracted/kadid10k/images/I12_19_01.png,I12.png,12,19,1,4.1,0.651
I12_19_03.png,/kaggle/working/MDFS/data/KADID/extracted/kadid10k/images/I12_19_03.png,I12.png,12,19,3,2.9,0.831
I12_19_05.png,/kaggle/working/MDFS/data/KADID/extracted/kadid10k/images/I12_19_05.png,I12.png,12,19,5,1.2,0.4
I12_20_02.png,/kaggle/working/MDFS/data/KADID/extracted/kadid10k/images/I12_20_02.png,I12.png,12,20,2,4.0,0.775
I12_20_04.png,/kaggle/working/MDFS/data/KADID/extracted/kadid10k/images/I12_20_04.png,I12.png,12,20,4,3.37,1.224
I12_21_01.png,/kaggle/working/MDFS/data/KADID/extracted/kadid10k/images/I12_21_01.png,I12.png,12,21,1,3.2,0.748
I12_21_03.png,/kaggle/working/MDFS/data/KADID/extracted/kadid10k/images/I12_21_03.png,I12.png,12,21,3,2.3,0.862
I12_21_05.png,/kaggle/working/MDFS/data/KADID/extracted/kadid10k/images/I12_21_05.png,I12.png,12,21,5,1.17,0.373
I12_22_02.png,/kaggle/working/MDFS/data/KADID/extracted/kadid10k/images/I12_22_02.png,I12.png,12,22,2,4.5,0.563
I12_22_04.png,/kaggle/working/MDFS/data/KADID/extracted/kadid10k/images/I12_22_04.png,I12.png,12,22,4,4.43,0.716
I12_23_01.png,/kaggle/working/MDFS/data/KADID/extracted/kadid10k/images/I12_23_01.png,I12.png,12,23,1,2.26,0.915
I12_23_03.png,/kaggle/working/MDFS/data/KADID/extracted/kadid10k/images/I12_23_03.png,I12.png,12,23,3,2.57,0.92
I12_23_05.png,/kaggle/working/MDFS/data/KADID/extracted/kadid10k/images/I12_23_05.png,I12.png,12,23,5,2.13,0.884
I12_24_02.png,/kaggle/working/MDFS/data/KADID/extracted/kadid10k/images/I12_24_02.png,I12.png,12,24,2,1.9,0.79
I12_24_04.png,/kaggle/working/MDFS/data/KADID/extracted/kadid10k/images/I12_24_04.png,I12.png,12,24,4,1.3,0.526
I12_25_01.png,/kaggle/working/MDFS/data/KADID/extracted/kadid10k/images/I12_25_01.png,I12.png,12,25,1,3.07,0.892
I12_25_03.png,/kaggle/working/MDFS/data/KADID/extracted/kadid10k/images/I12_25_03.png,I12.png,12,25,3,4.35,0.65
I12_25_05.png,/kaggle/working/MDFS/data/KADID/extracted/kadid10k/images/I12_25_05.png,I12.png,12,25,5,3.07,1.031
I13_01_02.png,/kaggle/working/MDFS/data/KADID/extracted/kadid10k/images/I13_01_02.png,I13.png,13,1,2,4.4,0.611
I13_01_04.png,/kaggle/working/MDFS/data/KADID/extracted/kadid10k/images/I13_01_04.png,I13.png,13,1,4,2.2,0.792
I13_02_01.png,/kaggle/working/MDFS/data/KADID/extracted/kadid10k/images/I13_02_01.png,I13.png,13,2,1,3.9,0.907
I13_02_03.png,/kaggle/working/MDFS/data/KADID/extracted/kadid10k/images/I13_02_03.png,I13.png,13,2,3,1.97,0.657
I13_02_05.png,/kaggle/working/MDFS/data/KADID/extracted/kadid10k/images/I13_02_05.png,I13.png,13,2,5,1.23,0.423
I13_03_02.png,/kaggle/working/MDFS/data/KADID/extracted/kadid10k/images/I13_03_02.png,I13.png,13,3,2,4.43,0.559
I13_03_04.png,/kaggle/working/MDFS/data/KADID/extracted/kadid10k/images/I13_03_04.png,I13.png,13,3,4,2.33,0.537
I13_04_01.png,/kaggle/working/MDFS/data/KADID/extracted/kadid10k/images/I13_04_01.png,I13.png,13,4,1,4.53,0.562
I13_04_03.png,/kaggle/working/MDFS/data/KADID/extracted/kadid10k/images/I13_04_03.png,I13.png,13,4,3,2.7,0.971
I13_04_05.png,/kaggle/working/MDFS/data/KADID/extracted/kadid10k/images/I13_04_05.png,I13.png,13,4,5,2.13,0.884
I13_05_02.png,/kaggle/working/MDFS/data/KADID/extracted/kadid10k/images/I13_05_02.png,I13.png,13,5,2,3.0,0.966
I13_05_04.png,/kaggle/working/MDFS/data/KADID/extracted/kadid10k/images/I13_05_04.png,I13.png,13,5,4,2.2,0.98
I13_06_01.png,/kaggle/working/MDFS/data/KADID/extracted/kadid10k/images/I13_06_01.png,I13.png,13,6,1,3.57,0.883
I13_06_03.png,/kaggle/working/MDFS/data/KADID/extracted/kadid10k/images/I13_06_03.png,I13.png,13,6,3,3.33,0.907
I13_06_05.png,/kaggle/working/MDFS/data/KADID/extracted/kadid10k/images/I13_06_05.png,I13.png,13,6,5,2.33,0.745
I13_07_02.png,/kaggle/working/MDFS/data/KADID/extracted/kadid10k/images/I13_07_02.png,I13.png,13,7,2,2.07,0.998
I13_07_04.png,/kaggle/working/MDFS/data/KADID/extracted/kadid10k/images/I13_07_04.png,I13.png,13,7,4,2.17,0.969
I13_08_01.png,/kaggle/working/MDFS/data/KADID/extracted/kadid10k/images/I13_08_01.png,I13.png,13,8,1,4.43,0.716
I13_08_03.png,/kaggle/working/MDFS/data/KADID/extracted/kadid10k/images/I13_08_03.png,I13.png,13,8,3,3.4,0.8
I13_08_05.png,/kaggle/working/MDFS/data/KADID/extracted/kadid10k/images/I13_08_05.png,I13.png,13,8,5,2.27,1.062
I13_09_02.png,/kaggle/working/MDFS/data/KADID/extracted/kadid10k/images/I13_09_02.png,I13.png,13,9,2,4.7,0.69
I13_09_04.png,/kaggle/working/MDFS/data/KADID/extracted/kadid10k/images/I13_09_04.png,I13.png,13,9,4,3.53,0.884
I13_10_01.png,/kaggle/working/MDFS/data/KADID/extracted/kadid10k/images/I13_10_01.png,I13.png,13,10,1,4.67,0.537
I13_10_03.png,/kaggle/working/MDFS/data/KADID/extracted/kadid10k/images/I13_10_03.png,I13.png,13,10,3,3.8,0.945
I13_10_05.png,/kaggle/working/MDFS/data/KADID/extracted/kadid10k/images/I13_10_05.png,I13.png,13,10,5,1.57,0.559
I13_11_02.png,/kaggle/working/MDFS/data/KADID/extracted/kadid10k/images/I13_11_02.png,I13.png,13,11,2,3.48,0.979
I13_11_04.png,/kaggle/working/MDFS/data/KADID/extracted/kadid10k/images/I13_11_04.png,I13.png,13,11,4,2.63,0.752
I13_12_01.png,/kaggle/working/MDFS/data/KADID/extracted/kadid10k/images/I13_12_01.png,I13.png,13,12,1,4.57,0.559
I13_12_03.png,/kaggle/working/MDFS/data/KADID/extracted/kadid10k/images/I13_12_03.png,I13.png,13,12,3,3.3,0.69
I13_12_05.png,/kaggle/working/MDFS/data/KADID/extracted/kadid10k/images/I13_12_05.png,I13.png,13,12,5,2.37,0.795
I13_13_02.png,/kaggle/working/MDFS/data/KADID/extracted/kadid10k/images/I13_13_02.png,I13.png,13,13,2,3.07,0.727
I13_13_04.png,/kaggle/working/MDFS/data/KADID/extracted/kadid10k/images/I13_13_04.png,I13.png,13,13,4,2.3,0.737
I13_14_01.png,/kaggle/working/MDFS/data/KADID/extracted/kadid10k/images/I13_14_01.png,I13.png,13,14,1,4.37,0.605
I13_14_03.png,/kaggle/working/MDFS/data/KADID/extracted/kadid10k/images/I13_14_03.png,I13.png,13,14,3,3.4,0.917
I13_14_05.png,/kaggle/working/MDFS/data/KADID/extracted/kadid10k/images/I13_14_05.png,I13.png,13,14,5,2.3,0.823
I13_15_02.png,/kaggle/working/MDFS/data/KADID/extracted/kadid10k/images/I13_15_02.png,I13.png,13,15,2,3.0,0.856
I13_15_04.png,/kaggle/working/MDFS/data/KADID/extracted/kadid10k/images/I13_15_04.png,I13.png,13,15,4,1.9,0.539
I13_16_01.png,/kaggle/working/MDFS/data/KADID/extracted/kadid10k/images/I13_16_01.png,I13.png,13,16,1,4.43,0.803
I13_16_03.png,/kaggle/working/MDFS/data/KADID/extracted/kadid10k/images/I13_16_03.png,I13.png,13,16,3,3.4,0.712
I13_16_05.png,/kaggle/working/MDFS/data/KADID/extracted/kadid10k/images/I13_16_05.png,I13.png,13,16,5,1.73,0.68
I13_17_02.png,/kaggle/working/MDFS/data/KADID/extracted/kadid10k/images/I13_17_02.png,I13.png,13,17,2,4.57,0.559
I13_17_04.png,/kaggle/working/MDFS/data/KADID/extracted/kadid10k/images/I13_17_04.png,I13.png,13,17,4,3.6,0.841
I13_18_01.png,/kaggle/working/MDFS/data/KADID/extracted/kadid10k/images/I13_18_01.png,I13.png,13,18,1,4.1,0.79
I13_18_03.png,/kaggle/working/MDFS/data/KADID/extracted/kadid10k/images/I13_18_03.png,I13.png,13,18,3,4.6,0.554
I13_18_05.png,/kaggle/working/MDFS/data/KADID/extracted/kadid10k/images/I13_18_05.png,I13.png,13,18,5,3.9,1.044
I13_19_02.png,/kaggle/working/MDFS/data/KADID/extracted/kadid10k/images/I13_19_02.png,I13.png,13,19,2,3.77,0.716
I13_19_04.png,/kaggle/working/MDFS/data/KADID/extracted/kadid10k/images/I13_19_04.png,I13.png,13,19,4,1.97,0.605
I13_20_01.png,/kaggle/working/MDFS/data/KADID/extracted/kadid10k/images/I13_20_01.png,I13.png,13,20,1,4.23,0.955
I13_20_03.png,/kaggle/working/MDFS/data/KADID/extracted/kadid10k/images/I13_20_03.png,I13.png,13,20,3,3.75,1.225
I13_20_05.png,/kaggle/working/MDFS/data/KADID/extracted/kadid10k/images/I13_20_05.png,I13.png,13,20,5,3.9,0.907
I13_21_02.png,/kaggle/working/MDFS/data/KADID/extracted/kadid10k/images/I13_21_02.png,I13.png,13,21,2,3.07,0.964
I13_21_04.png,/kaggle/working/MDFS/data/KADID/extracted/kadid10k/images/I13_21_04.png,I13.png,13,21,4,3.13,0.942
I13_22_01.png,/kaggle/working/MDFS/data/KADID/extracted/kadid10k/images/I13_22_01.png,I13.png,13,22,1,3.47,1.024
I13_22_03.png,/kaggle/working/MDFS/data/KADID/extracted/kadid10k/images/I13_22_03.png,I13.png,13,22,3,3.13,1.284
I13_22_05.png,/kaggle/working/MDFS/data/KADID/extracted/kadid10k/images/I13_22_05.png,I13.png,13,22,5,2.47,1.056
I13_23_02.png,/kaggle/working/MDFS/data/KADID/extracted/kadid10k/images/I13_23_02.png,I13.png,13,23,2,2.6,1.052
I13_23_04.png,/kaggle/working/MDFS/data/KADID/extracted/kadid10k/images/I13_23_04.png,I13.png,13,23,4,2.17,0.734
I13_24_01.png,/kaggle/working/MDFS/data/KADID/extracted/kadid10k/images/I13_24_01.png,I13.png,13,24,1,4.17,0.969
I13_24_03.png,/kaggle/working/MDFS/data/KADID/extracted/kadid10k/images/I13_24_03.png,I13.png,13,24,3,2.57,0.92
I13_24_05.png,/kaggle/working/MDFS/data/KADID/extracted/kadid10k/images/I13_24_05.png,I13.png,13,24,5,1.7,0.781
I13_25_02.png,/kaggle/working/MDFS/data/KADID/extracted/kadid10k/images/I13_25_02.png,I13.png,13,25,2,4.13,0.846
I13_25_04.png,/kaggle/working/MDFS/data/KADID/extracted/kadid10k/images/I13_25_04.png,I13.png,13,25,4,4.32,0.778
I14_01_01.png,/kaggle/working/MDFS/data/KADID/extracted/kadid10k/images/I14_01_01.png,I14.png,14,1,1,4.63,0.547
I14_01_03.png,/kaggle/working/MDFS/data/KADID/extracted/kadid10k/images/I14_01_03.png,I14.png,14,1,3,2.53,0.846
I14_01_05.png,/kaggle/working/MDFS/data/KADID/extracted/kadid10k/images/I14_01_05.png,I14.png,14,1,5,1.57,0.496
I14_02_02.png,/kaggle/working/MDFS/data/KADID/extracted/kadid10k/images/I14_02_02.png,I14.png,14,2,2,2.57,0.716
I14_02_04.png,/kaggle/working/MDFS/data/KADID/extracted/kadid10k/images/I14_02_04.png,I14.png,14,2,4,1.37,0.547
I14_03_01.png,/kaggle/working/MDFS/data/KADID/extracted/kadid10k/images/I14_03_01.png,I14.png,14,3,1,4.67,0.537
I14_03_03.png,/kaggle/working/MDFS/data/KADID/extracted/kadid10k/images/I14_03_03.png,I14.png,14,3,3,2.5,0.847
I14_03_05.png,/kaggle/working/MDFS/data/KADID/extracted/kadid10k/images/I14_03_05.png,I14.png,14,3,5,1.45,0.498
I14_04_02.png,/kaggle/working/MDFS/data/KADID/extracted/kadid10k/images/I14_04_02.png,I14.png,14,4,2,3.0,0.931
I14_04_04.png,/kaggle/working/MDFS/data/KADID/extracted/kadid10k/images/I14_04_04.png,I14.png,14,4,4,1.97,0.948
I14_05_01.png,/kaggle/working/MDFS/data/KADID/extracted/kadid10k/images/I14_05_01.png,I14.png,14,5,1,3.63,0.948
I14_05_03.png,/kaggle/working/MDFS/data/KADID/extracted/kadid10k/images/I14_05_03.png,I14.png,14,5,3,1.7,0.64
I14_05_05.png,/kaggle/working/MDFS/data/KADID/extracted/kadid10k/images/I14_05_05.png,I14.png,14,5,5,1.57,0.559
I14_06_02.png,/kaggle/working/MDFS/data/KADID/extracted/kadid10k/images/I14_06_02.png,I14.png,14,6,2,4.47,0.618
I14_06_04.png,/kaggle/working/MDFS/data/KADID/extracted/kadid10k/images/I14_06_04.png,I14.png,14,6,4,3.73,0.892
I14_07_01.png,/kaggle/working/MDFS/data/KADID/extracted/kadid10k/images/I14_07_01.png,I14.png,14,7,1,2.7,1.069
I14_07_03.png,/kaggle/working/MDFS/data/KADID/extracted/kadid10k/images/I14_07_03.png,I14.png,14,7,3,2.03,0.948
I14_07_05.png,/kaggle/working/MDFS/data/KADID/extracted/kadid10k/images/I14_07_05.png,I14.png,14,7,5,2.16,1.139
I14_08_02.png,/kaggle/working/MDFS/data/KADID/extracted/kadid10k/images/I14_08_02.png,I14.png,14,8,2,3.8,0.6
I14_08_04.png,/kaggle/working/MDFS/data/KADID/extracted/kadid10k/images/I14_08_04.png,I14.png,14,8,4,2.06,0.982
I14_09_01.png,/kaggle/working/MDFS/data/KADID/extracted/kadid10k/images/I14_09_01.png,I14.png,14,9,1,4.53,0.562
I14_09_03.png,/kaggle/working/MDFS/data/KADID/extracted/kadid10k/images/I14_09_03.png,I14.png,14,9,3,3.83,0.86
I14_09_05.png,/kaggle/working/MDFS/data/KADID/extracted/kadid10k/images/I14_09_05.png,I14.png,14,9,5,1.47,0.67
I14_10_02.png,/kaggle/working/MDFS/data/KADID/extracted/kadid10k/images/I14_10_02.png,I14.png,14,10,2,4.33,0.65
I14_10_04.png,/kaggle/working/MDFS/data/KADID/extracted/kadid10k/images/I14_10_04.png,I14.png,14,10,4,2.2,0.653
I14_11_01.png,/kaggle/working/MDFS/data/KADID/extracted/kadid10k/images/I14_11_01.png,I14.png,14,11,1,3.9,0.539
I14_11_03.png,/kaggle/working/MDFS/data/KADID/extracted/kadid10k/images/I14_11_03.png,I14.png,14,11,3,2.7,0.737
I14_11_05.png,/kaggle/working/MDFS/data/KADID/extracted/kadid10k/images/I14_11_05.png,I14.png,14,11,5,2.3,0.781
I14_12_02.png,/kaggle/working/MDFS/data/KADID/extracted/kadid10k/images/I14_12_02.png,I14.png,14,12,2,3.37,0.752
I14_12_04.png,/kaggle/working/MDFS/data/KADID/extracted/kadid10k/images/I14_12_04.png,I14.png,14,12,4,2.7,0.781
I14_13_01.png,/kaggle/working/MDFS/data/KADID/extracted/kadid10k/images/I14_13_01.png,I14.png,14,13,1,3.83,0.86
I14_13_03.png,/kaggle/working/MDFS/data/KADID/extracted/kadid10k/images/I14_13_03.png,I14.png,14,13,3,2.67,0.789
I14_13_05.png,/kaggle/working/MDFS/data/KADID/extracted/kadid10k/images/I14_13_05.png,I14.png,14,13,5,2.1,0.7
I14_14_02.png,/kaggle/working/MDFS/data/KADID/extracted/kadid10k/images/I14_14_02.png,I14.png,14,14,2,2.77,0.844
I14_14_04.png,/kaggle/working/MDFS/data/KADID/extracted/kadid10k/images/I14_14_04.png,I14.png,14,14,4,2.37,0.795
I14_15_01.png,/kaggle/working/MDFS/data/KADID/extracted/kadid10k/images/I14_15_01.png,I14.png,14,15,1,3.37,0.875
I14_15_03.png,/kaggle/working/MDFS/data/KADID/extracted/kadid10k/images/I14_15_03.png,I14.png,14,15,3,2.43,0.803
I14_15_05.png,/kaggle/working/MDFS/data/KADID/extracted/kadid10k/images/I14_15_05.png,I14.png,14,15,5,1.63,0.706
I14_16_02.png,/kaggle/working/MDFS/data/KADID/extracted/kadid10k/images/I14_16_02.png,I14.png,14,16,2,4.17,0.582
I14_16_04.png,/kaggle/working/MDFS/data/KADID/extracted/kadid10k/images/I14_16_04.png,I14.png,14,16,4,2.47,0.67
I14_17_01.png,/kaggle/working/MDFS/data/KADID/extracted/kadid10k/images/I14_17_01.png,I14.png,14,17,1,4.27,0.727
I14_17_03.png,/kaggle/working/MDFS/data/KADID/extracted/kadid10k/images/I14_17_03.png,I14.png,14,17,3,4.0,0.632
I14_17_05.png,/kaggle/working/MDFS/data/KADID/extracted/kadid10k/images/I14_17_05.png,I14.png,14,17,5,2.3,1.1
I14_18_02.png,/kaggle/working/MDFS/data/KADID/extracted/kadid10k/images/I14_18_02.png,I14.png,14,18,2,4.33,0.869
I14_18_04.png,/kaggle/working/MDFS/data/KADID/extracted/kadid10k/images/I14_18_04.png,I14.png,14,18,4,4.2,0.542
I14_19_01.png,/kaggle/working/MDFS/data/KADID/extracted/kadid10k/images/I14_19_01.png,I14.png,14,19,1,4.27,0.512
I14_19_03.png,/kaggle/working/MDFS/data/KADID/extracted/kadid10k/images/I14_19_03.png,I14.png,14,19,3,3.07,0.814
I14_19_05.png,/kaggle/working/MDFS/data/KADID/extracted/kadid10k/images/I14_19_05.png,I14.png,14,19,5,1.43,0.559
I14_20_02.png,/kaggle/working/MDFS/data/KADID/extracted/kadid10k/images/I14_20_02.png,I14.png,14,20,2,3.3,1.1
I14_20_04.png,/kaggle/working/MDFS/data/KADID/extracted/kadid10k/images/I14_20_04.png,I14.png,14,20,4,4.4,0.879
I14_21_01.png,/kaggle/working/MDFS/data/KADID/extracted/kadid10k/images/I14_21_01.png,I14.png,14,21,1,4.23,0.803
I14_21_03.png,/kaggle/working/MDFS/data/KADID/extracted/kadid10k/images/I14_21_03.png,I14.png,14,21,3,2.93,1.062
I14_21_05.png,/kaggle/working/MDFS/data/KADID/extracted/kadid10k/images/I14_21_05.png,I14.png,14,21,5,1.39,0.605
I14_22_02.png,/kaggle/working/MDFS/data/KADID/extracted/kadid10k/images/I14_22_02.png,I14.png,14,22,2,3.7,0.971
I14_22_04.png,/kaggle/working/MDFS/data/KADID/extracted/kadid10k/images/I14_22_04.png,I14.png,14,22,4,3.47,0.846
I14_23_01.png,/kaggle/working/MDFS/data/KADID/extracted/kadid10k/images/I14_23_01.png,I14.png,14,23,1,2.67,1.075
I14_23_03.png,/kaggle/working/MDFS/data/KADID/extracted/kadid10k/images/I14_23_03.png,I14.png,14,23,3,2.13,1.118
I14_23_05.png,/kaggle/working/MDFS/data/KADID/extracted/kadid10k/images/I14_23_05.png,I14.png,14,23,5,1.9,0.907
I14_24_02.png,/kaggle/working/MDFS/data/KADID/extracted/kadid10k/images/I14_24_02.png,I14.png,14,24,2,2.3,0.823
I14_24_04.png,/kaggle/working/MDFS/data/KADID/extracted/kadid10k/images/I14_24_04.png,I14.png,14,24,4,1.47,0.67
I14_25_01.png,/kaggle/working/MDFS/data/KADID/extracted/kadid10k/images/I14_25_01.png,I14.png,14,25,1,3.37,0.912
I14_25_03.png,/kaggle/working/MDFS/data/KADID/extracted/kadid10k/images/I14_25_03.png,I14.png,14,25,3,3.9,0.597
I14_25_05.png,/kaggle/working/MDFS/data/KADID/extracted/kadid10k/images/I14_25_05.png,I14.png,14,25,5,3.37,0.657
I15_01_02.png,/kaggle/working/MDFS/data/KADID/extracted/kadid10k/images/I15_01_02.png,I15.png,15,1,2,4.33,0.532
I15_01_04.png,/kaggle/working/MDFS/data/KADID/extracted/kadid10k/images/I15_01_04.png,I15.png,15,1,4,1.8,0.653
I15_02_01.png,/kaggle/working/MDFS/data/KADID/extracted/kadid10k/images/I15_02_01.png,I15.png,15,2,1,3.43,0.761
I15_02_03.png,/kaggle/working/MDFS/data/KADID/extracted/kadid10k/images/I15_02_03.png,I15.png,15,2,3,1.73,0.573
I15_02_05.png,/kaggle/working/MDFS/data/KADID/extracted/kadid10k/images/I15_02_05.png,I15.png,15,2,5,1.16,0.363
I15_03_02.png,/kaggle/working/MDFS/data/KADID/extracted/kadid10k/images/I15_03_02.png,I15.png,15,3,2,3.7,0.69
I15_03_04.png,/kaggle/working/MDFS/data/KADID/extracted/kadid10k/images/I15_03_04.png,I15.png,15,3,4,2.07,0.814
I15_04_01.png,/kaggle/working/MDFS/data/KADID/extracted/kadid10k/images/I15_04_01.png,I15.png,15,4,1,4.43,0.616
I15_04_03.png,/kaggle/working/MDFS/data/KADID/extracted/kadid10k/images/I15_04_03.png,I15.png,15,4,3,1.87,0.921
I15_04_05.png,/kaggle/working/MDFS/data/KADID/extracted/kadid10k/images/I15_04_05.png,I15.png,15,4,5,1.27,0.512
I15_05_02.png,/kaggle/working/MDFS/data/KADID/extracted/kadid10k/images/I15_05_02.png,I15.png,15,5,2,2.33,0.789
I15_05_04.png,/kaggle/working/MDFS/data/KADID/extracted/kadid10k/images/I15_05_04.png,I15.png,15,5,4,1.43,0.667
I15_06_01.png,/kaggle/working/MDFS/data/KADID/extracted/kadid10k/images/I15_06_01.png,I15.png,15,6,1,4.1,0.539
I15_06_03.png,/kaggle/working/MDFS/data/KADID/extracted/kadid10k/images/I15_06_03.png,I15.png,15,6,3,4.07,0.929
I15_06_05.png,/kaggle/working/MDFS/data/KADID/extracted/kadid10k/images/I15_06_05.png,I15.png,15,6,5,2.73,0.854
I15_07_02.png,/kaggle/working/MDFS/data/KADID/extracted/kadid10k/images/I15_07_02.png,I15.png,15,7,2,2.67,1.106
I15_07_04.png,/kaggle/working/MDFS/data/KADID/extracted/kadid10k/images/I15_07_04.png,I15.png,15,7,4,2.55,1.073
I15_08_01.png,/kaggle/working/MDFS/data/KADID/extracted/kadid10k/images/I15_08_01.png,I15.png,15,8,1,4.4,0.712
I15_08_03.png,/kaggle/working/MDFS/data/KADID/extracted/kadid10k/images/I15_08_03.png,I15.png,15,8,3,2.27,0.929
I15_08_05.png,/kaggle/working/MDFS/data/KADID/extracted/kadid10k/images/I15_08_05.png,I15.png,15,8,5,1.35,0.598
I15_09_02.png,/kaggle/working/MDFS/data/KADID/extracted/kadid10k/images/I15_09_02.png,I15.png,15,9,2,3.8,0.653
I15_09_04.png,/kaggle/working/MDFS/data/KADID/extracted/kadid10k/images/I15_09_04.png,I15.png,15,9,4,1.97,0.948
I15_10_01.png,/kaggle/working/MDFS/data/KADID/extracted/kadid10k/images/I15_10_01.png,I15.png,15,10,1,4.0,0.775
I15_10_03.png,/kaggle/working/MDFS/data/KADID/extracted/kadid10k/images/I15_10_03.png,I15.png,15,10,3,3.67,0.789
I15_10_05.png,/kaggle/working/MDFS/data/KADID/extracted/kadid10k/images/I15_10_05.png,I15.png,15,10,5,1.33,0.471
I15_11_02.png,/kaggle/working/MDFS/data/KADID/extracted/kadid10k/images/I15_11_02.png,I15.png,15,11,2,3.63,1.016
I15_11_04.png,/kaggle/working/MDFS/data/KADID/extracted/kadid10k/images/I15_11_04.png,I15.png,15,11,4,2.6,1.052
I15_12_01.png,/kaggle/working/MDFS/data/KADID/extracted/kadid10k/images/I15_12_01.png,I15.png,15,12,1,4.07,0.727
I15_12_03.png,/kaggle/working/MDFS/data/KADID/extracted/kadid10k/images/I15_12_03.png,I15.png,15,12,3,3.17,0.778
I15_12_05.png,/kaggle/working/MDFS/data/KADID/extracted/kadid10k/images/I15_12_05.png,I15.png,15,12,5,2.57,0.803
I15_13_02.png,/kaggle/working/MDFS/data/KADID/extracted/kadid10k/images/I15_13_02.png,I15.png,15,13,2,3.17,0.778
I15_13_04.png,/kaggle/working/MDFS/data/KADID/extracted/kadid10k/images/I15_13_04.png,I15.png,15,13,4,2.3,1.069
I15_14_01.png,/kaggle/working/MDFS/data/KADID/extracted/kadid10k/images/I15_14_01.png,I15.png,15,14,1,4.03,0.752
I15_14_03.png,/kaggle/working/MDFS/data/KADID/extracted/kadid10k/images/I15_14_03.png,I15.png,15,14,3,2.67,0.943
I15_14_05.png,/kaggle/working/MDFS/data/KADID/extracted/kadid10k/images/I15_14_05.png,I15.png,15,14,5,1.87,0.67
I15_15_02.png,/kaggle/working/MDFS/data/KADID/extracted/kadid10k/images/I15_15_02.png,I15.png,15,15,2,2.57,0.844
I15_15_04.png,/kaggle/working/MDFS/data/KADID/extracted/kadid10k/images/I15_15_04.png,I15.png,15,15,4,1.7,0.64
I15_16_01.png,/kaggle/working/MDFS/data/KADID/extracted/kadid10k/images/I15_16_01.png,I15.png,15,16,1,4.47,0.562
I15_16_03.png,/kaggle/working/MDFS/data/KADID/extracted/kadid10k/images/I15_16_03.png,I15.png,15,16,3,2.93,0.854
I15_16_05.png,/kaggle/working/MDFS/data/KADID/extracted/kadid10k/images/I15_16_05.png,I15.png,15,16,5,1.23,0.496
I15_17_02.png,/kaggle/working/MDFS/data/KADID/extracted/kadid10k/images/I15_17_02.png,I15.png,15,17,2,4.63,0.547
I15_17_04.png,/kaggle/working/MDFS/data/KADID/extracted/kadid10k/images/I15_17_04.png,I15.png,15,17,4,3.63,0.875
I15_18_01.png,/kaggle/working/MDFS/data/KADID/extracted/kadid10k/images/I15_18_01.png,I15.png,15,18,1,3.77,0.803
I15_18_03.png,/kaggle/working/MDFS/data/KADID/extracted/kadid10k/images/I15_18_03.png,I15.png,15,18,3,4.67,0.65
I15_18_05.png,/kaggle/working/MDFS/data/KADID/extracted/kadid10k/images/I15_18_05.png,I15.png,15,18,5,3.6,0.757
I15_19_02.png,/kaggle/working/MDFS/data/KADID/extracted/kadid10k/images/I15_19_02.png,I15.png,15,19,2,4.07,0.442
I15_19_04.png,/kaggle/working/MDFS/data/KADID/extracted/kadid10k/images/I15_19_04.png,I15.png,15,19,4,1.77,0.559
I15_20_01.png,/kaggle/working/MDFS/data/KADID/extracted/kadid10k/images/I15_20_01.png,I15.png,15,20,1,4.33,0.745
I15_20_03.png,/kaggle/working/MDFS/data/KADID/extracted/kadid10k/images/I15_20_03.png,I15.png,15,20,3,4.07,0.772
I15_20_05.png,/kaggle/working/MDFS/data/KADID/extracted/kadid10k/images/I15_20_05.png,I15.png,15,20,5,3.35,1.309
I15_21_02.png,/kaggle/working/MDFS/data/KADID/extracted/kadid10k/images/I15_21_02.png,I15.png,15,21,2,2.9,1.044
I15_21_04.png,/kaggle/working/MDFS/data/KADID/extracted/kadid10k/images/I15_21_04.png,I15.png,15,21,4,2.03,0.795
I15_22_01.png,/kaggle/working/MDFS/data/KADID/extracted/kadid10k/images/I15_22_01.png,I15.png,15,22,1,3.93,0.854
I15_22_03.png,/kaggle/working/MDFS/data/KADID/extracted/kadid10k/images/I15_22_03.png,I15.png,15,22,3,4.0,0.931
I15_22_05.png,/kaggle/working/MDFS/data/KADID/extracted/kadid10k/images/I15_22_05.png,I15.png,15,22,5,3.1,0.831
I15_23_02.png,/kaggle/working/MDFS/data/KADID/extracted/kadid10k/images/I15_23_02.png,I15.png,15,23,2,1.9,0.87
I15_23_04.png,/kaggle/working/MDFS/data/KADID/extracted/kadid10k/images/I15_23_04.png,I15.png,15,23,4,2.17,0.969
I15_24_01.png,/kaggle/working/MDFS/data/KADID/extracted/kadid10k/images/I15_24_01.png,I15.png,15,24,1,2.8,0.872
I15_24_03.png,/kaggle/working/MDFS/data/KADID/extracted/kadid10k/images/I15_24_03.png,I15.png,15,24,3,1.53,0.718
I15_24_05.png,/kaggle/working/MDFS/data/KADID/extracted/kadid10k/images/I15_24_05.png,I15.png,15,24,5,1.17,0.373
I15_25_02.png,/kaggle/working/MDFS/data/KADID/extracted/kadid10k/images/I15_25_02.png,I15.png,15,25,2,3.2,0.702
I15_25_04.png,/kaggle/working/MDFS/data/KADID/extracted/kadid10k/images/I15_25_04.png,I15.png,15,25,4,3.87,0.763
I16_01_01.png,/kaggle/working/MDFS/data/KADID/extracted/kadid10k/images/I16_01_01.png,I16.png,16,1,1,4.7,0.458
I16_01_03.png,/kaggle/working/MDFS/data/KADID/extracted/kadid10k/images/I16_01_03.png,I16.png,16,1,3,2.0,0.73
I16_01_05.png,/kaggle/working/MDFS/data/KADID/extracted/kadid10k/images/I16_01_05.png,I16.png,16,1,5,1.13,0.34
I16_02_02.png,/kaggle/working/MDFS/data/KADID/extracted/kadid10k/images/I16_02_02.png,I16.png,16,2,2,1.93,0.512
I16_02_04.png,/kaggle/working/MDFS/data/KADID/extracted/kadid10k/images/I16_02_04.png,I16.png,16,2,4,1.17,0.373
I16_03_01.png,/kaggle/working/MDFS/data/KADID/extracted/kadid10k/images/I16_03_01.png,I16.png,16,3,1,4.47,0.562
I16_03_03.png,/kaggle/working/MDFS/data/KADID/extracted/kadid10k/images/I16_03_03.png,I16.png,16,3,3,2.03,0.605
I16_03_05.png,/kaggle/working/MDFS/data/KADID/extracted/kadid10k/images/I16_03_05.png,I16.png,16,3,5,1.17,0.373
I16_04_02.png,/kaggle/working/MDFS/data/KADID/extracted/kadid10k/images/I16_04_02.png,I16.png,16,4,2,1.9,0.978
I16_04_04.png,/kaggle/working/MDFS/data/KADID/extracted/kadid10k/images/I16_04_04.png,I16.png,16,4,4,1.2,0.4
I16_05_01.png,/kaggle/working/MDFS/data/KADID/extracted/kadid10k/images/I16_05_01.png,I16.png,16,5,1,3.07,1.031
I16_05_03.png,/kaggle/working/MDFS/data/KADID/extracted/kadid10k/images/I16_05_03.png,I16.png,16,5,3,1.23,0.616
I16_05_05.png,/kaggle/working/MDFS/data/KADID/extracted/kadid10k/images/I16_05_05.png,I16.png,16,5,5,1.43,0.716
I16_06_02.png,/kaggle/working/MDFS/data/KADID/extracted/kadid10k/images/I16_06_02.png,I16.png,16,6,2,4.13,0.846
I16_06_04.png,/kaggle/working/MDFS/data/KADID/extracted/kadid10k/images/I16_06_04.png,I16.png,16,6,4,3.3,1.005
I16_07_01.png,/kaggle/working/MDFS/data/KADID/extracted/kadid10k/images/I16_07_01.png,I16.png,16,7,1,3.07,0.854
I16_07_03.png,/kaggle/working/MDFS/data/KADID/extracted/kadid10k/images/I16_07_03.png,I16.png,16,7,3,2.33,1.075
I16_07_05.png,/kaggle/working/MDFS/data/KADID/extracted/kadid10k/images/I16_07_05.png,I16.png,16,7,5,2.03,0.795
I16_08_02.png,/kaggle/working/MDFS/data/KADID/extracted/kadid10k/images/I16_08_02.png,I16.png,16,8,2,2.9,1.228
I16_08_04.png,/kaggle/working/MDFS/data/KADID/extracted/kadid10k/images/I16_08_04.png,I16.png,16,8,4,1.23,0.423
I16_09_01.png,/kaggle/working/MDFS/data/KADID/extracted/kadid10k/images/I16_09_01.png,I16.png,16,9,1,4.63,0.482
I16_09_03.png,/kaggle/working/MDFS/data/KADID/extracted/kadid10k/images/I16_09_03.png,I16.png,16,9,3,4.0,1.065
I16_09_05.png,/kaggle/working/MDFS/data/KADID/extracted/kadid10k/images/I16_09_05.png,I16.png,16,9,5,1.17,0.373
I16_10_02.png,/kaggle/working/MDFS/data/KADID/extracted/kadid10k/images/I16_10_02.png,I16.png,16,10,2,4.23,0.761
I16_10_04.png,/kaggle/working/MDFS/data/KADID/extracted/kadid10k/images/I16_10_04.png,I16.png,16,10,4,2.03,0.752
I16_11_01.png,/kaggle/working/MDFS/data/KADID/extracted/kadid10k/images/I16_11_01.png,I16.png,16,11,1,4.03,0.983
I16_11_03.png,/kaggle/working/MDFS/data/KADID/extracted/kadid10k/images/I16_11_03.png,I16.png,16,11,3,2.9,0.87
I16_11_05.png,/kaggle/working/MDFS/data/KADID/extracted/kadid10k/images/I16_11_05.png,I16.png,16,11,5,2.07,0.629
I16_12_02.png,/kaggle/working/MDFS/data/KADID/extracted/kadid10k/images/I16_12_02.png,I16.png,16,12,2,3.3,1.005
I16_12_04.png,/kaggle/working/MDFS/data/KADID/extracted/kadid10k/images/I16_12_04.png,I16.png,16,12,4,2.37,0.875
I16_13_01.png,/kaggle/working/MDFS/data/KADID/extracted/kadid10k/images/I16_13_01.png,I16.png,16,13,1,3.57,1.055
I16_13_03.png,/kaggle/working/MDFS/data/KADID/extracted/kadid10k/images/I16_13_03.png,I16.png,16,13,3,2.43,0.844
I16_13_05.png,/kaggle/working/MDFS/data/KADID/extracted/kadid10k/images/I16_13_05.png,I16.png,16,13,5,1.77,0.496
I16_14_02.png,/kaggle/working/MDFS/data/KADID/extracted/kadid10k/images/I16_14_02.png,I16.png,16,14,2,3.17,0.898
I16_14_04.png,/kaggle/working/MDFS/data/KADID/extracted/kadid10k/images/I16_14_04.png,I16.png,16,14,4,2.27,0.772
I16_15_01.png,/kaggle/working/MDFS/data/KADID/extracted/kadid10k/images/I16_15_01.png,I16.png,16,15,1,3.37,1.016
I16_15_03.png,/kaggle/working/MDFS/data/KADID/extracted/kadid10k/images/I16_15_03.png,I16.png,16,15,3,2.03,0.795
I16_15_05.png,/kaggle/working/MDFS/data/KADID/extracted/kadid10k/images/I16_15_05.png,I16.png,16,15,5,1.27,0.442
I16_16_02.png,/kaggle/working/MDFS/data/KADID/extracted/kadid10k/images/I16_16_02.png,I16.png,16,16,2,4.37,0.547
I16_16_04.png,/kaggle/working/MDFS/data/KADID/extracted/kadid10k/images/I16_16_04.png,I16.png,16,16,4,2.73,0.929
I16_17_01.png,/kaggle/working/MDFS/data/KADID/extracted/kadid10k/images/I16_17_01.png,I16.png,16,17,1,4.63,0.482
I16_17_03.png,/kaggle/working/MDFS/data/KADID/extracted/kadid10k/images/I16_17_03.png,I16.png,16,17,3,4.27,0.629
I16_17_05.png,/kaggle/working/MDFS/data/KADID/extracted/kadid10k/images/I16_17_05.png,I16.png,16,17,5,1.9,1.012
I16_18_02.png,/kaggle/working/MDFS/data/KADID/extracted/kadid10k/images/I16_18_02.png,I16.png,16,18,2,4.6,0.663
I16_18_04.png,/kaggle/working/MDFS/data/KADID/extracted/kadid10k/images/I16_18_04.png,I16.png,16,18,4,4.13,0.499
I16_19_01.png,/kaggle/working/MDFS/data/KADID/extracted/kadid10k/images/I16_19_01.png,I16.png,16,19,1,4.13,0.793
I16_19_03.png,/kaggle/working/MDFS/data/KADID/extracted/kadid10k/images/I16_19_03.png,I16.png,16,19,3,3.43,0.667
I16_19_05.png,/kaggle/working/MDFS/data/KADID/extracted/kadid10k/images/I16_19_05.png,I16.png,16,19,5,1.17,0.373
I16_20_02.png,/kaggle/working/MDFS/data/KADID/extracted/kadid10k/images/I16_20_02.png,I16.png,16,20,2,4.2,0.748
I16_20_04.png,/kaggle/working/MDFS/data/KADID/extracted/kadid10k/images/I16_20_04.png,I16.png,16,20,4,3.93,1.123
I16_21_01.png,/kaggle/working/MDFS/data/KADID/extracted/kadid10k/images/I16_21_01.png,I16.png,16,21,1,4.1,0.907
I16_21_03.png,/kaggle/working/MDFS/data/KADID/extracted/kadid10k/images/I16_21_03.png,I16.png,16,21,3,3.33,1.011
I16_21_05.png,/kaggle/working/MDFS/data/KADID/extracted/kadid10k/images/I16_21_05.png,I16.png,16,21,5,1.27,0.629
I16_22_02.png,/kaggle/working/MDFS/data/KADID/extracted/kadid10k/images/I16_22_02.png,I16.png,16,22,2,3.53,0.884
I16_22_04.png,/kaggle/working/MDFS/data/KADID/extracted/kadid10k/images/I16_22_04.png,I16.png,16,22,4,3.23,1.116
I16_23_01.png,/kaggle/working/MDFS/data/KADID/extracted/kadid10k/images/I16_23_01.png,I16.png,16,23,1,2.13,0.806
I16_23_03.png,/kaggle/working/MDFS/data/KADID/extracted/kadid10k/images/I16_23_03.png,I16.png,16,23,3,2.07,0.892
I16_23_05.png,/kaggle/working/MDFS/data/KADID/extracted/kadid10k/images/I16_23_05.png,I16.png,16,23,5,2.03,0.752
I16_24_02.png,/kaggle/working/MDFS/data/KADID/extracted/kadid10k/images/I16_24_02.png,I16.png,16,24,2,2.37,0.706
I16_24_04.png,/kaggle/working/MDFS/data/KADID/extracted/kadid10k/images/I16_24_04.png,I16.png,16,24,4,1.43,0.616
I16_25_01.png,/kaggle/working/MDFS/data/KADID/extracted/kadid10k/images/I16_25_01.png,I16.png,16,25,1,3.43,0.955
I16_25_03.png,/kaggle/working/MDFS/data/KADID/extracted/kadid10k/images/I16_25_03.png,I16.png,16,25,3,4.16,0.766
I16_25_05.png,/kaggle/working/MDFS/data/KADID/extracted/kadid10k/images/I16_25_05.png,I16.png,16,25,5,3.7,0.69
I17_01_02.png,/kaggle/working/MDFS/data/KADID/extracted/kadid10k/images/I17_01_02.png,I17.png,17,1,2,4.23,0.761
I17_01_04.png,/kaggle/working/MDFS/data/KADID/extracted/kadid10k/images/I17_01_04.png,I17.png,17,1,4,1.4,0.49
I17_02_01.png,/kaggle/working/MDFS/data/KADID/extracted/kadid10k/images/I17_02_01.png,I17.png,17,2,1,3.5,0.719
I17_02_03.png,/kaggle/working/MDFS/data/KADID/extracted/kadid10k/images/I17_02_03.png,I17.png,17,2,3,1.37,0.605
I17_02_05.png,/kaggle/working/MDFS/data/KADID/extracted/kadid10k/images/I17_02_05.png,I17.png,17,2,5,1.2,0.476
I17_03_02.png,/kaggle/working/MDFS/data/KADID/extracted/kadid10k/images/I17_03_02.png,I17.png,17,3,2,3.7,0.862
I17_03_04.png,/kaggle/working/MDFS/data/KADID/extracted/kadid10k/images/I17_03_04.png,I17.png,17,3,4,1.9,0.651
I17_04_01.png,/kaggle/working/MDFS/data/KADID/extracted/kadid10k/images/I17_04_01.png,I17.png,17,4,1,4.63,0.482
I17_04_03.png,/kaggle/working/MDFS/data/KADID/extracted/kadid10k/images/I17_04_03.png,I17.png,17,4,3,1.53,0.67
I17_04_05.png,/kaggle/working/MDFS/data/KADID/extracted/kadid10k/images/I17_04_05.png,I17.png,17,4,5,1.23,0.496
I17_05_02.png,/kaggle/working/MDFS/data/KADID/extracted/kadid10k/images/I17_05_02.png,I17.png,17,5,2,2.07,0.814
I17_05_04.png,/kaggle/working/MDFS/data/KADID/extracted/kadid10k/images/I17_05_04.png,I17.png,17,5,4,1.5,0.671
I17_06_01.png,/kaggle/working/MDFS/data/KADID/extracted/kadid10k/images/I17_06_01.png,I17.png,17,6,1,4.37,0.605
I17_06_03.png,/kaggle/working/MDFS/data/KADID/extracted/kadid10k/images/I17_06_03.png,I17.png,17,6,3,4.47,0.499
I17_06_05.png,/kaggle/working/MDFS/data/KADID/extracted/kadid10k/images/I17_06_05.png,I17.png,17,6,5,2.27,0.892
I17_07_02.png,/kaggle/working/MDFS/data/KADID/extracted/kadid10k/images/I17_07_02.png,I17.png,17,7,2,2.63,1.169
I17_07_04.png,/kaggle/working/MDFS/data/KADID/extracted/kadid10k/images/I17_07_04.png,I17.png,17,7,4,2.33,1.193
I17_08_01.png,/kaggle/working/MDFS/data/KADID/extracted/kadid10k/images/I17_08_01.png,I17.png,17,8,1,4.5,0.806
I17_08_03.png,/kaggle/working/MDFS/data/KADID/extracted/kadid10k/images/I17_08_03.png,I17.png,17,8,3,2.3,0.971
I17_08_05.png,/kaggle/working/MDFS/data/KADID/extracted/kadid10k/images/I17_08_05.png,I17.png,17,8,5,1.26,0.506
I17_09_02.png,/kaggle/working/MDFS/data/KADID/extracted/kadid10k/images/I17_09_02.png,I17.png,17,9,2,3.13,1.024
I17_09_04.png,/kaggle/working/MDFS/data/KADID/extracted/kadid10k/images/I17_09_04.png,I17.png,17,9,4,1.47,0.618
I17_10_01.png,/kaggle/working/MDFS/data/KADID/extracted/kadid10k/images/I17_10_01.png,I17.png,17,10,1,4.47,0.618
I17_10_03.png,/kaggle/working/MDFS/data/KADID/extracted/kadid10k/images/I17_10_03.png,I17.png,17,10,3,4.37,0.657
I17_10_05.png,/kaggle/working/MDFS/data/KADID/extracted/kadid10k/images/I17_10_05.png,I17.png,17,10,5,1.2,0.4
I17_11_02.png,/kaggle/working/MDFS/data/KADID/extracted/kadid10k/images/I17_11_02.png,I17.png,17,11,2,4.5,0.5
I17_11_04.png,/kaggle/working/MDFS/data/KADID/extracted/kadid10k/images/I17_11_04.png,I17.png,17,11,4,3.43,0.844
I17_12_01.png,/kaggle/working/MDFS/data/KADID/extracted/kadid10k/images/I17_12_01.png,I17.png,17,12,1,4.74,0.438
I17_12_03.png,/kaggle/working/MDFS/data/KADID/extracted/kadid10k/images/I17_12_03.png,I17.png,17,12,3,4.23,0.716
I17_12_05.png,/kaggle/working/MDFS/data/KADID/extracted/kadid10k/images/I17_12_05.png,I17.png,17,12,5,2.8,0.98
I17_13_02.png,/kaggle/working/MDFS/data/KADID/extracted/kadid10k/images/I17_13_02.png,I17.png,17,13,2,3.53,0.884
I17_13_04.png,/kaggle/working/MDFS/data/KADID/extracted/kadid10k/images/I17_13_04.png,I17.png,17,13,4,2.73,0.998
I17_14_01.png,/kaggle/working/MDFS/data/KADID/extracted/kadid10k/images/I17_14_01.png,I17.png,17,14,1,4.5,0.563
I17_14_03.png,/kaggle/working/MDFS/data/KADID/extracted/kadid10k/images/I17_14_03.png,I17.png,17,14,3,4.5,0.563
I17_14_05.png,/kaggle/working/MDFS/data/KADID/extracted/kadid10k/images/I17_14_05.png,I17.png,17,14,5,2.53,0.806
I17_15_02.png,/kaggle/working/MDFS/data/KADID/extracted/kadid10k/images/I17_15_02.png,I17.png,17,15,2,3.22,0.78
I17_15_04.png,/kaggle/working/MDFS/data/KADID/extracted/kadid10k/images/I17_15_04.png,I17.png,17,15,4,1.87,0.499
I17_16_01.png,/kaggle/working/MDFS/data/KADID/extracted/kadid10k/images/I17_16_01.png,I17.png,17,16,1,4.6,0.554
I17_16_03.png,/kaggle/working/MDFS/data/KADID/extracted/kadid10k/images/I17_16_03.png,I17.png,17,16,3,3.97,0.706
I17_16_05.png,/kaggle/working/MDFS/data/KADID/extracted/kadid10k/images/I17_16_05.png,I17.png,17,16,5,2.07,0.814
I17_17_02.png,/kaggle/working/MDFS/data/KADID/extracted/kadid10k/images/I17_17_02.png,I17.png,17,17,2,4.43,0.496
I17_17_04.png,/kaggle/working/MDFS/data/KADID/extracted/kadid10k/images/I17_17_04.png,I17.png,17,17,4,3.5,0.806
I17_18_01.png,/kaggle/working/MDFS/data/KADID/extracted/kadid10k/images/I17_18_01.png,I17.png,17,18,1,4.53,0.562
I17_18_03.png,/kaggle/working/MDFS/data/KADID/extracted/kadid10k/images/I17_18_03.png,I17.png,17,18,3,4.43,0.496
I17_18_05.png,/kaggle/working/MDFS/data/KADID/extracted/kadid10k/images/I17_18_05.png,I17.png,17,18,5,3.93,0.512
I17_19_02.png,/kaggle/working/MDFS/data/KADID/extracted/kadid10k/images/I17_19_02.png,I17.png,17,19,2,3.9,0.539
I17_19_04.png,/kaggle/working/MDFS/data/KADID/extracted/kadid10k/images/I17_19_04.png,I17.png,17,19,4,1.43,0.559
I17_20_01.png,/kaggle/working/MDFS/data/KADID/extracted/kadid10k/images/I17_20_01.png,I17.png,17,20,1,4.8,0.6
I17_20_03.png,/kaggle/working/MDFS/data/KADID/extracted/kadid10k/images/I17_20_03.png,I17.png,17,20,3,4.4,0.712
I17_20_05.png,/kaggle/working/MDFS/data/KADID/extracted/kadid10k/images/I17_20_05.png,I17.png,17,20,5,4.13,0.991
I17_21_02.png,/kaggle/working/MDFS/data/KADID/extracted/kadid10k/images/I17_21_02.png,I17.png,17,21,2,3.0,0.856
I17_21_04.png,/kaggle/working/MDFS/data/KADID/extracted/kadid10k/images/I17_21_04.png,I17.png,17,21,4,2.57,1.174
I17_22_01.png,/kaggle/working/MDFS/data/KADID/extracted/kadid10k/images/I17_22_01.png,I17.png,17,22,1,4.8,0.476
I17_22_03.png,/kaggle/working/MDFS/data/KADID/extracted/kadid10k/images/I17_22_03.png,I17.png,17,22,3,4.73,0.442
I17_22_05.png,/kaggle/working/MDFS/data/KADID/extracted/kadid10k/images/I17_22_05.png,I17.png,17,22,5,4.33,0.65
I17_23_02.png,/kaggle/working/MDFS/data/KADID/extracted/kadid10k/images/I17_23_02.png,I17.png,17,23,2,2.63,1.08
I17_23_04.png,/kaggle/working/MDFS/data/KADID/extracted/kadid10k/images/I17_23_04.png,I17.png,17,23,4,2.33,1.135
I17_24_01.png,/kaggle/working/MDFS/data/KADID/extracted/kadid10k/images/I17_24_01.png,I17.png,17,24,1,3.1,1.044
I17_24_03.png,/kaggle/working/MDFS/data/KADID/extracted/kadid10k/images/I17_24_03.png,I17.png,17,24,3,1.8,0.653
I17_24_05.png,/kaggle/working/MDFS/data/KADID/extracted/kadid10k/images/I17_24_05.png,I17.png,17,24,5,1.1,0.3
I17_25_02.png,/kaggle/working/MDFS/data/KADID/extracted/kadid10k/images/I17_25_02.png,I17.png,17,25,2,3.47,0.921
I17_25_04.png,/kaggle/working/MDFS/data/KADID/extracted/kadid10k/images/I17_25_04.png,I17.png,17,25,4,4.43,0.496
I18_01_01.png,/kaggle/working/MDFS/data/KADID/extracted/kadid10k/images/I18_01_01.png,I18.png,18,1,1,4.5,0.563
I18_01_03.png,/kaggle/working/MDFS/data/KADID/extracted/kadid10k/images/I18_01_03.png,I18.png,18,1,3,2.83,0.934
I18_01_05.png,/kaggle/working/MDFS/data/KADID/extracted/kadid10k/images/I18_01_05.png,I18.png,18,1,5,1.4,0.49
I18_02_02.png,/kaggle/working/MDFS/data/KADID/extracted/kadid10k/images/I18_02_02.png,I18.png,18,2,2,2.37,0.875
I18_02_04.png,/kaggle/working/MDFS/data/KADID/extracted/kadid10k/images/I18_02_04.png,I18.png,18,2,4,1.23,0.423
I18_03_01.png,/kaggle/working/MDFS/data/KADID/extracted/kadid10k/images/I18_03_01.png,I18.png,18,3,1,4.3,0.69
I18_03_03.png,/kaggle/working/MDFS/data/KADID/extracted/kadid10k/images/I18_03_03.png,I18.png,18,3,3,3.07,0.892
I18_03_05.png,/kaggle/working/MDFS/data/KADID/extracted/kadid10k/images/I18_03_05.png,I18.png,18,3,5,1.57,0.616
I18_04_02.png,/kaggle/working/MDFS/data/KADID/extracted/kadid10k/images/I18_04_02.png,I18.png,18,4,2,2.5,0.992
I18_04_04.png,/kaggle/working/MDFS/data/KADID/extracted/kadid10k/images/I18_04_04.png,I18.png,18,4,4,1.4,0.611
I18_05_01.png,/kaggle/working/MDFS/data/KADID/extracted/kadid10k/images/I18_05_01.png,I18.png,18,5,1,4.27,0.573
I18_05_03.png,/kaggle/working/MDFS/data/KADID/extracted/kadid10k/images/I18_05_03.png,I18.png,18,5,3,1.9,0.746
I18_05_05.png,/kaggle/working/MDFS/data/KADID/extracted/kadid10k/images/I18_05_05.png,I18.png,18,5,5,1.87,0.763
I18_06_02.png,/kaggle/working/MDFS/data/KADID/extracted/kadid10k/images/I18_06_02.png,I18.png,18,6,2,3.43,0.667
I18_06_04.png,/kaggle/working/MDFS/data/KADID/extracted/kadid10k/images/I18_06_04.png,I18.png,18,6,4,2.5,0.671
I18_07_01.png,/kaggle/working/MDFS/data/KADID/extracted/kadid10k/images/I18_07_01.png,I18.png,18,7,1,2.97,1.016
I18_07_03.png,/kaggle/working/MDFS/data/KADID/extracted/kadid10k/images/I18_07_03.png,I18.png,18,7,3,2.03,0.875
I18_07_05.png,/kaggle/working/MDFS/data/KADID/extracted/kadid10k/images/I18_07_05.png,I18.png,18,7,5,1.73,0.892
I18_08_02.png,/kaggle/working/MDFS/data/KADID/extracted/kadid10k/images/I18_08_02.png,I18.png,18,8,2,3.43,0.883
I18_08_04.png,/kaggle/working/MDFS/data/KADID/extracted/kadid10k/images/I18_08_04.png,I18.png,18,8,4,1.9,0.907
I18_09_01.png,/kaggle/working/MDFS/data/KADID/extracted/kadid10k/images/I18_09_01.png,I18.png,18,9,1,4.4,0.712
I18_09_03.png,/kaggle/working/MDFS/data/KADID/extracted/kadid10k/images/I18_09_03.png,I18.png,18,9,3,4.27,0.629
I18_09_05.png,/kaggle/working/MDFS/data/KADID/extracted/kadid10k/images/I18_09_05.png,I18.png,18,9,5,1.57,0.667
I18_10_02.png,/kaggle/working/MDFS/data/KADID/extracted/kadid10k/images/I18_10_02.png,I18.png,18,10,2,3.6,0.917
I18_10_04.png,/kaggle/working/MDFS/data/KADID/extracted/kadid10k/images/I18_10_04.png,I18.png,18,10,4,1.67,0.537
I18_11_01.png,/kaggle/working/MDFS/data/KADID/extracted/kadid10k/images/I18_11_01.png,I18.png,18,11,1,3.7,0.64
I18_11_03.png,/kaggle/working/MDFS/data/KADID/extracted/kadid10k/images/I18_11_03.png,I18.png,18,11,3,2.83,0.687
I18_11_05.png,/kaggle/working/MDFS/data/KADID/extracted/kadid10k/images/I18_11_05.png,I18.png,18,11,5,2.07,0.573
I18_12_02.png,/kaggle/working/MDFS/data/KADID/extracted/kadid10k/images/I18_12_02.png,I18.png,18,12,2,3.03,0.836
I18_12_04.png,/kaggle/working/MDFS/data/KADID/extracted/kadid10k/images/I18_12_04.png,I18.png,18,12,4,2.1,0.651
I18_13_01.png,/kaggle/working/MDFS/data/KADID/extracted/kadid10k/images/I18_13_01.png,I18.png,18,13,1,2.94,0.914
I18_13_03.png,/kaggle/working/MDFS/data/KADID/extracted/kadid10k/images/I18_13_03.png,I18.png,18,13,3,2.37,0.657
I18_13_05.png,/kaggle/working/MDFS/data/KADID/extracted/kadid10k/images/I18_13_05.png,I18.png,18,13,5,1.97,0.706
I18_14_02.png,/kaggle/working/MDFS/data/KADID/extracted/kadid10k/images/I18_14_02.png,I18.png,18,14,2,3.03,0.875
I18_14_04.png,/kaggle/working/MDFS/data/KADID/extracted/kadid10k/images/I18_14_04.png,I18.png,18,14,4,2.23,0.761
I18_15_01.png,/kaggle/working/MDFS/data/KADID/extracted/kadid10k/images/I18_15_01.png,I18.png,18,15,1,3.03,0.822
I18_15_03.png,/kaggle/working/MDFS/data/KADID/extracted/kadid10k/images/I18_15_03.png,I18.png,18,15,3,2.1,0.651
I18_15_05.png,/kaggle/working/MDFS/data/KADID/extracted/kadid10k/images/I18_15_05.png,I18.png,18,15,5,1.53,0.718
I18_16_02.png,/kaggle/working/MDFS/data/KADID/extracted/kadid10k/images/I18_16_02.png,I18.png,18,16,2,4.37,0.706
I18_16_04.png,/kaggle/working/MDFS/data/KADID/extracted/kadid10k/images/I18_16_04.png,I18.png,18,16,4,2.97,0.795
I18_17_01.png,/kaggle/working/MDFS/data/KADID/extracted/kadid10k/images/I18_17_01.png,I18.png,18,17,1,4.4,0.49
I18_17_03.png,/kaggle/working/MDFS/data/KADID/extracted/kadid10k/images/I18_17_03.png,I18.png,18,17,3,3.83,0.734
I18_17_05.png,/kaggle/working/MDFS/data/KADID/extracted/kadid10k/images/I18_17_05.png,I18.png,18,17,5,2.57,0.92
I18_18_02.png,/kaggle/working/MDFS/data/KADID/extracted/kadid10k/images/I18_18_02.png,I18.png,18,18,2,4.43,0.667
I18_18_04.png,/kaggle/working/MDFS/data/KADID/extracted/kadid10k/images/I18_18_04.png,I18.png,18,18,4,4.33,0.596
I18_19_01.png,/kaggle/working/MDFS/data/KADID/extracted/kadid10k/images/I18_19_01.png,I18.png,18,19,1,4.6,0.554
I18_19_03.png,/kaggle/working/MDFS/data/KADID/extracted/kadid10k/images/I18_19_03.png,I18.png,18,19,3,3.57,0.955
I18_19_05.png,/kaggle/working/MDFS/data/KADID/extracted/kadid10k/images/I18_19_05.png,I18.png,18,19,5,1.3,0.458
I18_20_02.png,/kaggle/working/MDFS/data/KADID/extracted/kadid10k/images/I18_20_02.png,I18.png,18,20,2,4.03,0.657
I18_20_04.png,/kaggle/working/MDFS/data/KADID/extracted/kadid10k/images/I18_20_04.png,I18.png,18,20,4,3.97,0.912
I18_21_01.png,/kaggle/working/MDFS/data/KADID/extracted/kadid10k/images/I18_21_01.png,I18.png,18,21,1,3.74,1.015
I18_21_03.png,/kaggle/working/MDFS/data/KADID/extracted/kadid10k/images/I18_21_03.png,I18.png,18,21,3,3.33,1.106
I18_21_05.png,/kaggle/working/MDFS/data/KADID/extracted/kadid10k/images/I18_21_05.png,I18.png,18,21,5,1.63,0.752
I18_22_02.png,/kaggle/working/MDFS/data/KADID/extracted/kadid10k/images/I18_22_02.png,I18.png,18,22,2,2.63,1.016
I18_22_04.png,/kaggle/working/MDFS/data/KADID/extracted/kadid10k/images/I18_22_04.png,I18.png,18,22,4,2.4,1.052
I18_23_01.png,/kaggle/working/MDFS/data/KADID/extracted/kadid10k/images/I18_23_01.png,I18.png,18,23,1,2.77,1.055
I18_23_03.png,/kaggle/working/MDFS/data/KADID/extracted/kadid10k/images/I18_23_03.png,I18.png,18,23,3,2.4,0.917
I18_23_05.png,/kaggle/working/MDFS/data/KADID/extracted/kadid10k/images/I18_23_05.png,I18.png,18,23,5,2.1,0.907
I18_24_02.png,/kaggle/working/MDFS/data/KADID/extracted/kadid10k/images/I18_24_02.png,I18.png,18,24,2,2.97,0.836
I18_24_04.png,/kaggle/working/MDFS/data/KADID/extracted/kadid10k/images/I18_24_04.png,I18.png,18,24,4,1.57,0.716
I18_25_01.png,/kaggle/working/MDFS/data/KADID/extracted/kadid10k/images/I18_25_01.png,I18.png,18,25,1,3.7,0.781
I18_25_03.png,/kaggle/working/MDFS/data/KADID/extracted/kadid10k/images/I18_25_03.png,I18.png,18,25,3,3.9,0.746
I18_25_05.png,/kaggle/working/MDFS/data/KADID/extracted/kadid10k/images/I18_25_05.png,I18.png,18,25,5,3.33,0.907
I19_01_02.png,/kaggle/working/MDFS/data/KADID/extracted/kadid10k/images/I19_01_02.png,I19.png,19,1,2,4.23,0.616
I19_01_04.png,/kaggle/working/MDFS/data/KADID/extracted/kadid10k/images/I19_01_04.png,I19.png,19,1,4,1.93,0.629
I19_02_01.png,/kaggle/working/MDFS/data/KADID/extracted/kadid10k/images/I19_02_01.png,I19.png,19,2,1,3.8,0.909
I19_02_03.png,/kaggle/working/MDFS/data/KADID/extracted/kadid10k/images/I19_02_03.png,I19.png,19,2,3,2.0,0.856
I19_02_05.png,/kaggle/working/MDFS/data/KADID/extracted/kadid10k/images/I19_02_05.png,I19.png,19,2,5,1.4,0.554
I19_03_02.png,/kaggle/working/MDFS/data/KADID/extracted/kadid10k/images/I19_03_02.png,I19.png,19,3,2,3.73,0.772
I19_03_04.png,/kaggle/working/MDFS/data/KADID/extracted/kadid10k/images/I19_03_04.png,I19.png,19,3,4,2.17,0.969
I19_04_01.png,/kaggle/working/MDFS/data/KADID/extracted/kadid10k/images/I19_04_01.png,I19.png,19,4,1,4.13,0.763
I19_04_03.png,/kaggle/working/MDFS/data/KADID/extracted/kadid10k/images/I19_04_03.png,I19.png,19,4,3,1.61,0.79
I19_04_05.png,/kaggle/working/MDFS/data/KADID/extracted/kadid10k/images/I19_04_05.png,I19.png,19,4,5,1.37,0.547
I19_05_02.png,/kaggle/working/MDFS/data/KADID/extracted/kadid10k/images/I19_05_02.png,I19.png,19,5,2,2.33,0.745
I19_05_04.png,/kaggle/working/MDFS/data/KADID/extracted/kadid10k/images/I19_05_04.png,I19.png,19,5,4,1.57,0.761
I19_06_01.png,/kaggle/working/MDFS/data/KADID/extracted/kadid10k/images/I19_06_01.png,I19.png,19,6,1,3.9,0.831
I19_06_03.png,/kaggle/working/MDFS/data/KADID/extracted/kadid10k/images/I19_06_03.png,I19.png,19,6,3,3.4,0.879
I19_06_05.png,/kaggle/working/MDFS/data/KADID/extracted/kadid10k/images/I19_06_05.png,I19.png,19,6,5,1.9,0.597
I19_07_02.png,/kaggle/working/MDFS/data/KADID/extracted/kadid10k/images/I19_07_02.png,I19.png,19,7,2,1.97,1.048
I19_07_04.png,/kaggle/working/MDFS/data/KADID/extracted/kadid10k/images/I19_07_04.png,I19.png,19,7,4,2.1,0.978
I19_08_01.png,/kaggle/working/MDFS/data/KADID/extracted/kadid10k/images/I19_08_01.png,I19.png,19,8,1,4.87,0.34
I19_08_03.png,/kaggle/working/MDFS/data/KADID/extracted/kadid10k/images/I19_08_03.png,I19.png,19,8,3,2.87,1.118
I19_08_05.png,/kaggle/working/MDFS/data/KADID/extracted/kadid10k/images/I19_08_05.png,I19.png,19,8,5,1.6,0.757
I19_09_02.png,/kaggle/working/MDFS/data/KADID/extracted/kadid10k/images/I19_09_02.png,I19.png,19,9,2,4.37,0.706
I19_09_04.png,/kaggle/working/MDFS/data/KADID/extracted/kadid10k/images/I19_09_04.png,I19.png,19,9,4,3.37,1.016
I19_10_01.png,/kaggle/working/MDFS/data/KADID/extracted/kadid10k/images/I19_10_01.png,I19.png,19,10,1,4.0,0.931
I19_10_03.png,/kaggle/working/MDFS/data/KADID/extracted/kadid10k/images/I19_10_03.png,I19.png,19,10,3,3.87,0.975
I19_10_05.png,/kaggle/working/MDFS/data/KADID/extracted/kadid10k/images/I19_10_05.png,I19.png,19,10,5,1.3,0.526
I19_11_02.png,/kaggle/working/MDFS/data/KADID/extracted/kadid10k/images/I19_11_02.png,I19.png,19,11,2,3.33,0.83
I19_11_04.png,/kaggle/working/MDFS/data/KADID/extracted/kadid10k/images/I19_11_04.png,I19.png,19,11,4,2.3,0.69
I19_12_01.png,/kaggle/working/MDFS/data/KADID/extracted/kadid10k/images/I19_12_01.png,I19.png,19,12,1,4.6,0.554
I19_12_03.png,/kaggle/working/MDFS/data/KADID/extracted/kadid10k/images/I19_12_03.png,I19.png,19,12,3,2.83,0.898
I19_12_05.png,/kaggle/working/MDFS/data/KADID/extracted/kadid10k/images/I19_12_05.png,I19.png,19,12,5,2.13,0.763
I19_13_02.png,/kaggle/working/MDFS/data/KADID/extracted/kadid10k/images/I19_13_02.png,I19.png,19,13,2,2.47,0.806
I19_13_04.png,/kaggle/working/MDFS/data/KADID/extracted/kadid10k/images/I19_13_04.png,I19.png,19,13,4,2.3,0.586
I19_14_01.png,/kaggle/working/MDFS/data/KADID/extracted/kadid10k/images/I19_14_01.png,I19.png,19,14,1,4.2,0.748
I19_14_03.png,/kaggle/working/MDFS/data/KADID/extracted/kadid10k/images/I19_14_03.png,I19.png,19,14,3,2.57,0.844
I19_14_05.png,/kaggle/working/MDFS/data/KADID/extracted/kadid10k/images/I19_14_05.png,I19.png,19,14,5,1.73,0.573
I19_15_02.png,/kaggle/working/MDFS/data/KADID/extracted/kadid10k/images/I19_15_02.png,I19.png,19,15,2,3.0,0.856
I19_15_04.png,/kaggle/working/MDFS/data/KADID/extracted/kadid10k/images/I19_15_04.png,I19.png,19,15,4,1.87,0.763
I19_16_01.png,/kaggle/working/MDFS/data/KADID/extracted/kadid10k/images/I19_16_01.png,I19.png,19,16,1,4.57,0.667
I19_16_03.png,/kaggle/working/MDFS/data/KADID/extracted/kadid10k/images/I19_16_03.png,I19.png,19,16,3,4.13,0.884
I19_16_05.png,/kaggle/working/MDFS/data/KADID/extracted/kadid10k/images/I19_16_05.png,I19.png,19,16,5,1.77,0.803
I19_17_02.png,/kaggle/working/MDFS/data/KADID/extracted/kadid10k/images/I19_17_02.png,I19.png,19,17,2,4.47,0.562
I19_17_04.png,/kaggle/working/MDFS/data/KADID/extracted/kadid10k/images/I19_17_04.png,I19.png,19,17,4,3.82,0.716
I19_18_01.png,/kaggle/working/MDFS/data/KADID/extracted/kadid10k/images/I19_18_01.png,I19.png,19,18,1,4.5,0.563
I19_18_03.png,/kaggle/working/MDFS/data/KADID/extracted/kadid10k/images/I19_18_03.png,I19.png,19,18,3,4.7,0.458
I19_18_05.png,/kaggle/working/MDFS/data/KADID/extracted/kadid10k/images/I19_18_05.png,I19.png,19,18,5,3.9,0.831
I19_19_02.png,/kaggle/working/MDFS/data/KADID/extracted/kadid10k/images/I19_19_02.png,I19.png,19,19,2,3.83,0.687
I19_19_04.png,/kaggle/working/MDFS/data/KADID/extracted/kadid10k/images/I19_19_04.png,I19.png,19,19,4,1.57,0.559
I19_20_01.png,/kaggle/working/MDFS/data/KADID/extracted/kadid10k/images/I19_20_01.png,I19.png,19,20,1,4.13,0.907
I19_20_03.png,/kaggle/working/MDFS/data/KADID/extracted/kadid10k/images/I19_20_03.png,I19.png,19,20,3,3.07,1.181
I19_20_05.png,/kaggle/working/MDFS/data/KADID/extracted/kadid10k/images/I19_20_05.png,I19.png,19,20,5,2.37,1.11
I19_21_02.png,/kaggle/working/MDFS/data/KADID/extracted/kadid10k/images/I19_21_02.png,I19.png,19,21,2,3.47,0.921
I19_21_04.png,/kaggle/working/MDFS/data/KADID/extracted/kadid10k/images/I19_21_04.png,I19.png,19,21,4,2.8,0.909
I19_22_01.png,/kaggle/working/MDFS/data/KADID/extracted/kadid10k/images/I19_22_01.png,I19.png,19,22,1,4.4,0.712
I19_22_03.png,/kaggle/working/MDFS/data/KADID/extracted/kadid10k/images/I19_22_03.png,I19.png,19,22,3,3.37,1.016
I19_22_05.png,/kaggle/working/MDFS/data/KADID/extracted/kadid10k/images/I19_22_05.png,I19.png,19,22,5,2.67,0.978
I19_23_02.png,/kaggle/working/MDFS/data/KADID/extracted/kadid10k/images/I19_23_02.png,I19.png,19,23,2,2.37,1.197
I19_23_04.png,/kaggle/working/MDFS/data/KADID/extracted/kadid10k/images/I19_23_04.png,I19.png,19,23,4,2.33,0.943
I19_24_01.png,/kaggle/working/MDFS/data/KADID/extracted/kadid10k/images/I19_24_01.png,I19.png,19,24,1,3.3,1.1
I19_24_03.png,/kaggle/working/MDFS/data/KADID/extracted/kadid10k/images/I19_24_03.png,I19.png,19,24,3,1.63,0.547
I19_24_05.png,/kaggle/working/MDFS/data/KADID/extracted/kadid10k/images/I19_24_05.png,I19.png,19,24,5,1.23,0.423
I19_25_02.png,/kaggle/working/MDFS/data/KADID/extracted/kadid10k/images/I19_25_02.png,I19.png,19,25,2,4.17,0.453
I19_25_04.png,/kaggle/working/MDFS/data/KADID/extracted/kadid10k/images/I19_25_04.png,I19.png,19,25,4,4.43,0.883
I20_01_01.png,/kaggle/working/MDFS/data/KADID/extracted/kadid10k/images/I20_01_01.png,I20.png,20,1,1,4.63,0.605
I20_01_03.png,/kaggle/working/MDFS/data/KADID/extracted/kadid10k/images/I20_01_03.png,I20.png,20,1,3,2.73,0.854
I20_01_05.png,/kaggle/working/MDFS/data/KADID/extracted/kadid10k/images/I20_01_05.png,I20.png,20,1,5,1.33,0.537
I20_02_02.png,/kaggle/working/MDFS/data/KADID/extracted/kadid10k/images/I20_02_02.png,I20.png,20,2,2,2.53,0.806
I20_02_04.png,/kaggle/working/MDFS/data/KADID/extracted/kadid10k/images/I20_02_04.png,I20.png,20,2,4,1.7,0.526
I20_03_01.png,/kaggle/working/MDFS/data/KADID/extracted/kadid10k/images/I20_03_01.png,I20.png,20,3,1,4.4,0.663
I20_03_03.png,/kaggle/working/MDFS/data/KADID/extracted/kadid10k/images/I20_03_03.png,I20.png,20,3,3,3.13,0.67
I20_03_05.png,/kaggle/working/MDFS/data/KADID/extracted/kadid10k/images/I20_03_05.png,I20.png,20,3,5,1.87,0.618
I20_04_02.png,/kaggle/working/MDFS/data/KADID/extracted/kadid10k/images/I20_04_02.png,I20.png,20,4,2,2.17,0.82
I20_04_04.png,/kaggle/working/MDFS/data/KADID/extracted/kadid10k/images/I20_04_04.png,I20.png,20,4,4,1.23,0.616
I20_05_01.png,/kaggle/working/MDFS/data/KADID/extracted/kadid10k/images/I20_05_01.png,I20.png,20,5,1,3.9,0.79
I20_05_03.png,/kaggle/working/MDFS/data/KADID/extracted/kadid10k/images/I20_05_03.png,I20.png,20,5,3,1.83,0.522
I20_05_05.png,/kaggle/working/MDFS/data/KADID/extracted/kadid10k/images/I20_05_05.png,I20.png,20,5,5,2.13,0.806
I20_06_02.png,/kaggle/working/MDFS/data/KADID/extracted/kadid10k/images/I20_06_02.png,I20.png,20,6,2,4.07,0.772
I20_06_04.png,/kaggle/working/MDFS/data/KADID/extracted/kadid10k/images/I20_06_04.png,I20.png,20,6,4,3.73,0.998
I20_07_01.png,/kaggle/working/MDFS/data/KADID/extracted/kadid10k/images/I20_07_01.png,I20.png,20,7,1,2.57,0.989
I20_07_03.png,/kaggle/working/MDFS/data/KADID/extracted/kadid10k/images/I20_07_03.png,I20.png,20,7,3,2.3,1.005
I20_07_05.png,/kaggle/working/MDFS/data/KADID/extracted/kadid10k/images/I20_07_05.png,I20.png,20,7,5,2.17,1.128
I20_08_02.png,/kaggle/working/MDFS/data/KADID/extracted/kadid10k/images/I20_08_02.png,I20.png,20,8,2,3.3,0.971
I20_08_04.png,/kaggle/working/MDFS/data/KADID/extracted/kadid10k/images/I20_08_04.png,I20.png,20,8,4,1.7,0.862
I20_09_01.png,/kaggle/working/MDFS/data/KADID/extracted/kadid10k/images/I20_09_01.png,I20.png,20,9,1,4.53,0.67
I20_09_03.png,/kaggle/working/MDFS/data/KADID/extracted/kadid10k/images/I20_09_03.png,I20.png,20,9,3,3.8,0.945
I20_09_05.png,/kaggle/working/MDFS/data/KADID/extracted/kadid10k/images/I20_09_05.png,I20.png,20,9,5,1.37,0.482
I20_10_02.png,/kaggle/working/MDFS/data/KADID/extracted/kadid10k/images/I20_10_02.png,I20.png,20,10,2,3.9,0.79
I20_10_04.png,/kaggle/working/MDFS/data/KADID/extracted/kadid10k/images/I20_10_04.png,I20.png,20,10,4,1.67,0.699
I20_11_01.png,/kaggle/working/MDFS/data/KADID/extracted/kadid10k/images/I20_11_01.png,I20.png,20,11,1,3.47,0.763
I20_11_03.png,/kaggle/working/MDFS/data/KADID/extracted/kadid10k/images/I20_11_03.png,I20.png,20,11,3,2.6,0.554
I20_11_05.png,/kaggle/working/MDFS/data/KADID/extracted/kadid10k/images/I20_11_05.png,I20.png,20,11,5,1.87,0.846
I20_12_02.png,/kaggle/working/MDFS/data/KADID/extracted/kadid10k/images/I20_12_02.png,I20.png,20,12,2,3.57,0.803
I20_12_04.png,/kaggle/working/MDFS/data/KADID/extracted/kadid10k/images/I20_12_04.png,I20.png,20,12,4,2.53,0.67
I20_13_01.png,/kaggle/working/MDFS/data/KADID/extracted/kadid10k/images/I20_13_01.png,I20.png,20,13,1,3.07,0.814
I20_13_03.png,/kaggle/working/MDFS/data/KADID/extracted/kadid10k/images/I20_13_03.png,I20.png,20,13,3,2.57,0.716
I20_13_05.png,/kaggle/working/MDFS/data/KADID/extracted/kadid10k/images/I20_13_05.png,I20.png,20,13,5,1.9,0.746
I20_14_02.png,/kaggle/working/MDFS/data/KADID/extracted/kadid10k/images/I20_14_02.png,I20.png,20,14,2,3.37,0.795
I20_14_04.png,/kaggle/working/MDFS/data/KADID/extracted/kadid10k/images/I20_14_04.png,I20.png,20,14,4,2.43,0.616
I20_15_01.png,/kaggle/working/MDFS/data/KADID/extracted/kadid10k/images/I20_15_01.png,I20.png,20,15,1,3.47,0.763
I20_15_03.png,/kaggle/working/MDFS/data/KADID/extracted/kadid10k/images/I20_15_03.png,I20.png,20,15,3,1.87,0.67
I20_15_05.png,/kaggle/working/MDFS/data/KADID/extracted/kadid10k/images/I20_15_05.png,I20.png,20,15,5,1.17,0.373
I20_16_02.png,/kaggle/working/MDFS/data/KADID/extracted/kadid10k/images/I20_16_02.png,I20.png,20,16,2,4.37,0.547
I20_16_04.png,/kaggle/working/MDFS/data/KADID/extracted/kadid10k/images/I20_16_04.png,I20.png,20,16,4,3.23,1.023
I20_17_01.png,/kaggle/working/MDFS/data/KADID/extracted/kadid10k/images/I20_17_01.png,I20.png,20,17,1,4.53,0.806
I20_17_03.png,/kaggle/working/MDFS/data/KADID/extracted/kadid10k/images/I20_17_03.png,I20.png,20,17,3,4.03,0.875
I20_17_05.png,/kaggle/working/MDFS/data/KADID/extracted/kadid10k/images/I20_17_05.png,I20.png,20,17,5,1.77,0.92
I20_18_02.png,/kaggle/working/MDFS/data/KADID/extracted/kadid10k/images/I20_18_02.png,I20.png,20,18,2,4.5,0.719
I20_18_04.png,/kaggle/working/MDFS/data/KADID/extracted/kadid10k/images/I20_18_04.png,I20.png,20,18,4,3.9,0.831
I20_19_01.png,/kaggle/working/MDFS/data/KADID/extracted/kadid10k/images/I20_19_01.png,I20.png,20,19,1,4.6,0.663
I20_19_03.png,/kaggle/working/MDFS/data/KADID/extracted/kadid10k/images/I20_19_03.png,I20.png,20,19,3,3.37,0.948
I20_19_05.png,/kaggle/working/MDFS/data/KADID/extracted/kadid10k/images/I20_19_05.png,I20.png,20,19,5,1.37,0.547
I20_20_02.png,/kaggle/working/MDFS/data/KADID/extracted/kadid10k/images/I20_20_02.png,I20.png,20,20,2,4.2,0.748
I20_20_04.png,/kaggle/working/MDFS/data/KADID/extracted/kadid10k/images/I20_20_04.png,I20.png,20,20,4,4.27,0.854
I20_21_01.png,/kaggle/working/MDFS/data/KADID/extracted/kadid10k/images/I20_21_01.png,I20.png,20,21,1,4.07,1.062
I20_21_03.png,/kaggle/working/MDFS/data/KADID/extracted/kadid10k/images/I20_21_03.png,I20.png,20,21,3,3.1,1.027
I20_21_05.png,/kaggle/working/MDFS/data/KADID/extracted/kadid10k/images/I20_21_05.png,I20.png,20,21,5,1.57,0.667
I20_22_02.png,/kaggle/working/MDFS/data/KADID/extracted/kadid10k/images/I20_22_02.png,I20.png,20,22,2,3.57,0.883
I20_22_04.png,/kaggle/working/MDFS/data/KADID/extracted/kadid10k/images/I20_22_04.png,I20.png,20,22,4,2.97,0.912
I20_23_01.png,/kaggle/working/MDFS/data/KADID/extracted/kadid10k/images/I20_23_01.png,I20.png,20,23,1,3.03,1.104
I20_23_03.png,/kaggle/working/MDFS/data/KADID/extracted/kadid10k/images/I20_23_03.png,I20.png,20,23,3,2.37,1.016
I20_23_05.png,/kaggle/working/MDFS/data/KADID/extracted/kadid10k/images/I20_23_05.png,I20.png,20,23,5,2.03,0.752
I20_24_02.png,/kaggle/working/MDFS/data/KADID/extracted/kadid10k/images/I20_24_02.png,I20.png,20,24,2,3.0,0.95
I20_24_04.png,/kaggle/working/MDFS/data/KADID/extracted/kadid10k/images/I20_24_04.png,I20.png,20,24,4,1.53,0.562
I20_25_01.png,/kaggle/working/MDFS/data/KADID/extracted/kadid10k/images/I20_25_01.png,I20.png,20,25,1,2.97,0.875
I20_25_03.png,/kaggle/working/MDFS/data/KADID/extracted/kadid10k/images/I20_25_03.png,I20.png,20,25,3,3.87,0.707
I20_25_05.png,/kaggle/working/MDFS/data/KADID/extracted/kadid10k/images/I20_25_05.png,I20.png,20,25,5,3.0,0.775
I21_01_02.png,/kaggle/working/MDFS/data/KADID/extracted/kadid10k/images/I21_01_02.png,I21.png,21,1,2,4.0,0.73
I21_01_04.png,/kaggle/working/MDFS/data/KADID/extracted/kadid10k/images/I21_01_04.png,I21.png,21,1,4,1.6,0.554
I21_02_01.png,/kaggle/working/MDFS/data/KADID/extracted/kadid10k/images/I21_02_01.png,I21.png,21,2,1,3.2,0.872
I21_02_03.png,/kaggle/working/MDFS/data/KADID/extracted/kadid10k/images/I21_02_03.png,I21.png,21,2,3,1.33,0.596
I21_02_05.png,/kaggle/working/MDFS/data/KADID/extracted/kadid10k/images/I21_02_05.png,I21.png,21,2,5,1.27,0.442
I21_03_02.png,/kaggle/working/MDFS/data/KADID/extracted/kadid10k/images/I21_03_02.png,I21.png,21,3,2,3.6,0.8
I21_03_04.png,/kaggle/working/MDFS/data/KADID/extracted/kadid10k/images/I21_03_04.png,I21.png,21,3,4,1.9,0.597
I21_04_01.png,/kaggle/working/MDFS/data/KADID/extracted/kadid10k/images/I21_04_01.png,I21.png,21,4,1,4.43,0.496
I21_04_03.png,/kaggle/working/MDFS/data/KADID/extracted/kadid10k/images/I21_04_03.png,I21.png,21,4,3,1.9,0.79
I21_04_05.png,/kaggle/working/MDFS/data/KADID/extracted/kadid10k/images/I21_04_05.png,I21.png,21,4,5,1.27,0.573
I21_05_02.png,/kaggle/working/MDFS/data/KADID/extracted/kadid10k/images/I21_05_02.png,I21.png,21,5,2,2.33,0.789
I21_05_04.png,/kaggle/working/MDFS/data/KADID/extracted/kadid10k/images/I21_05_04.png,I21.png,21,5,4,1.77,0.92
I21_06_01.png,/kaggle/working/MDFS/data/KADID/extracted/kadid10k/images/I21_06_01.png,I21.png,21,6,1,4.03,0.795
I21_06_03.png,/kaggle/working/MDFS/data/KADID/extracted/kadid10k/images/I21_06_03.png,I21.png,21,6,3,3.63,0.875
I21_06_05.png,/kaggle/working/MDFS/data/KADID/extracted/kadid10k/images/I21_06_05.png,I21.png,21,6,5,2.3,0.823
I21_07_02.png,/kaggle/working/MDFS/data/KADID/extracted/kadid10k/images/I21_07_02.png,I21.png,21,7,2,2.43,0.92
I21_07_04.png,/kaggle/working/MDFS/data/KADID/extracted/kadid10k/images/I21_07_04.png,I21.png,21,7,4,2.07,0.892
I21_08_01.png,/kaggle/working/MDFS/data/KADID/extracted/kadid10k/images/I21_08_01.png,I21.png,21,8,1,4.37,0.752
I21_08_03.png,/kaggle/working/MDFS/data/KADID/extracted/kadid10k/images/I21_08_03.png,I21.png,21,8,3,3.1,1.075
I21_08_05.png,/kaggle/working/MDFS/data/KADID/extracted/kadid10k/images/I21_08_05.png,I21.png,21,8,5,1.43,0.559
I21_09_02.png,/kaggle/working/MDFS/data/KADID/extracted/kadid10k/images/I21_09_02.png,I21.png,21,9,2,3.43,0.955
I21_09_04.png,/kaggle/working/MDFS/data/KADID/extracted/kadid10k/images/I21_09_04.png,I21.png,21,9,4,1.87,0.991
I21_10_01.png,/kaggle/working/MDFS/data/KADID/extracted/kadid10k/images/I21_10_01.png,I21.png,21,10,1,4.23,0.716
I21_10_03.png,/kaggle/working/MDFS/data/KADID/extracted/kadid10k/images/I21_10_03.png,I21.png,21,10,3,3.53,0.991
I21_10_05.png,/kaggle/working/MDFS/data/KADID/extracted/kadid10k/images/I21_10_05.png,I21.png,21,10,5,1.17,0.453
I21_11_02.png,/kaggle/working/MDFS/data/KADID/extracted/kadid10k/images/I21_11_02.png,I21.png,21,11,2,3.33,0.699
I21_11_04.png,/kaggle/working/MDFS/data/KADID/extracted/kadid10k/images/I21_11_04.png,I21.png,21,11,4,2.3,0.823
I21_12_01.png,/kaggle/working/MDFS/data/KADID/extracted/kadid10k/images/I21_12_01.png,I21.png,21,12,1,4.03,0.782
I21_12_03.png,/kaggle/working/MDFS/data/KADID/extracted/kadid10k/images/I21_12_03.png,I21.png,21,12,3,2.9,0.79
I21_12_05.png,/kaggle/working/MDFS/data/KADID/extracted/kadid10k/images/I21_12_05.png,I21.png,21,12,5,2.13,0.618
I21_13_02.png,/kaggle/working/MDFS/data/KADID/extracted/kadid10k/images/I21_13_02.png,I21.png,21,13,2,2.73,0.68
I21_13_04.png,/kaggle/working/MDFS/data/KADID/extracted/kadid10k/images/I21_13_04.png,I21.png,21,13,4,1.93,0.442
I21_14_01.png,/kaggle/working/MDFS/data/KADID/extracted/kadid10k/images/I21_14_01.png,I21.png,21,14,1,4.47,0.618
I21_14_03.png,/kaggle/working/MDFS/data/KADID/extracted/kadid10k/images/I21_14_03.png,I21.png,21,14,3,3.07,0.814
I21_14_05.png,/kaggle/working/MDFS/data/KADID/extracted/kadid10k/images/I21_14_05.png,I21.png,21,14,5,2.27,0.727
I21_15_02.png,/kaggle/working/MDFS/data/KADID/extracted/kadid10k/images/I21_15_02.png,I21.png,21,15,2,2.1,0.597
I21_15_04.png,/kaggle/working/MDFS/data/KADID/extracted/kadid10k/images/I21_15_04.png,I21.png,21,15,4,1.4,0.49
I21_16_01.png,/kaggle/working/MDFS/data/KADID/extracted/kadid10k/images/I21_16_01.png,I21.png,21,16,1,4.6,0.49
I21_16_03.png,/kaggle/working/MDFS/data/KADID/extracted/kadid10k/images/I21_16_03.png,I21.png,21,16,3,3.67,0.471
I21_16_05.png,/kaggle/working/MDFS/data/KADID/extracted/kadid10k/images/I21_16_05.png,I21.png,21,16,5,2.17,0.898
I21_17_02.png,/kaggle/working/MDFS/data/KADID/extracted/kadid10k/images/I21_17_02.png,I21.png,21,17,2,4.37,0.482
I21_17_04.png,/kaggle/working/MDFS/data/KADID/extracted/kadid10k/images/I21_17_04.png,I21.png,21,17,4,2.87,1.024
I21_18_01.png,/kaggle/working/MDFS/data/KADID/extracted/kadid10k/images/I21_18_01.png,I21.png,21,18,1,4.37,0.547
I21_18_03.png,/kaggle/working/MDFS/data/KADID/extracted/kadid10k/images/I21_18_03.png,I21.png,21,18,3,4.43,0.716
I21_18_05.png,/kaggle/working/MDFS/data/KADID/extracted/kadid10k/images/I21_18_05.png,I21.png,21,18,5,3.53,0.846
I21_19_02.png,/kaggle/working/MDFS/data/KADID/extracted/kadid10k/images/I21_19_02.png,I21.png,21,19,2,3.77,0.616
I21_19_04.png,/kaggle/working/MDFS/data/KADID/extracted/kadid10k/images/I21_19_04.png,I21.png,21,19,4,1.67,0.596
I21_20_01.png,/kaggle/working/MDFS/data/KADID/extracted/kadid10k/images/I21_20_01.png,I21.png,21,20,1,4.53,0.718
I21_20_03.png,/kaggle/working/MDFS/data/KADID/extracted/kadid10k/images/I21_20_03.png,I21.png,21,20,3,3.47,1.087
I21_20_05.png,/kaggle/working/MDFS/data/KADID/extracted/kadid10k/images/I21_20_05.png,I21.png,21,20,5,3.17,1.241
I21_21_02.png,/kaggle/working/MDFS/data/KADID/extracted/kadid10k/images/I21_21_02.png,I21.png,21,21,2,3.03,1.14
I21_21_04.png,/kaggle/working/MDFS/data/KADID/extracted/kadid10k/images/I21_21_04.png,I21.png,21,21,4,2.2,0.653
I21_22_01.png,/kaggle/working/MDFS/data/KADID/extracted/kadid10k/images/I21_22_01.png,I21.png,21,22,1,3.57,1.086
I21_22_03.png,/kaggle/working/MDFS/data/KADID/extracted/kadid10k/images/I21_22_03.png,I21.png,21,22,3,2.93,1.062
I21_22_05.png,/kaggle/working/MDFS/data/KADID/extracted/kadid10k/images/I21_22_05.png,I21.png,21,22,5,2.07,0.814
I21_23_02.png,/kaggle/working/MDFS/data/KADID/extracted/kadid10k/images/I21_23_02.png,I21.png,21,23,2,2.3,0.862
I21_23_04.png,/kaggle/working/MDFS/data/KADID/extracted/kadid10k/images/I21_23_04.png,I21.png,21,23,4,2.13,0.846
I21_24_01.png,/kaggle/working/MDFS/data/KADID/extracted/kadid10k/images/I21_24_01.png,I21.png,21,24,1,3.73,0.964
I21_24_03.png,/kaggle/working/MDFS/data/KADID/extracted/kadid10k/images/I21_24_03.png,I21.png,21,24,3,1.77,0.761
I21_24_05.png,/kaggle/working/MDFS/data/KADID/extracted/kadid10k/images/I21_24_05.png,I21.png,21,24,5,1.37,0.482
I21_25_02.png,/kaggle/working/MDFS/data/KADID/extracted/kadid10k/images/I21_25_02.png,I21.png,21,25,2,3.77,0.883
I21_25_04.png,/kaggle/working/MDFS/data/KADID/extracted/kadid10k/images/I21_25_04.png,I21.png,21,25,4,3.87,0.67
I22_01_01.png,/kaggle/working/MDFS/data/KADID/extracted/kadid10k/images/I22_01_01.png,I22.png,22,1,1,4.7,0.458
I22_01_03.png,/kaggle/working/MDFS/data/KADID/extracted/kadid10k/images/I22_01_03.png,I22.png,22,1,3,3.13,0.921
I22_01_05.png,/kaggle/working/MDFS/data/KADID/extracted/kadid10k/images/I22_01_05.png,I22.png,22,1,5,1.5,0.563
I22_02_02.png,/kaggle/working/MDFS/data/KADID/extracted/kadid10k/images/I22_02_02.png,I22.png,22,2,2,2.67,0.699
I22_02_04.png,/kaggle/working/MDFS/data/KADID/extracted/kadid10k/images/I22_02_04.png,I22.png,22,2,4,1.57,0.616
I22_03_01.png,/kaggle/working/MDFS/data/KADID/extracted/kadid10k/images/I22_03_01.png,I22.png,22,3,1,4.77,0.423
I22_03_03.png,/kaggle/working/MDFS/data/KADID/extracted/kadid10k/images/I22_03_03.png,I22.png,22,3,3,2.73,0.814
I22_03_05.png,/kaggle/working/MDFS/data/KADID/extracted/kadid10k/images/I22_03_05.png,I22.png,22,3,5,1.9,0.539
I22_04_02.png,/kaggle/working/MDFS/data/KADID/extracted/kadid10k/images/I22_04_02.png,I22.png,22,4,2,1.5,0.619
I22_04_04.png,/kaggle/working/MDFS/data/KADID/extracted/kadid10k/images/I22_04_04.png,I22.png,22,4,4,1.23,0.496
I22_05_01.png,/kaggle/working/MDFS/data/KADID/extracted/kadid10k/images/I22_05_01.png,I22.png,22,5,1,4.13,0.806
I22_05_03.png,/kaggle/working/MDFS/data/KADID/extracted/kadid10k/images/I22_05_03.png,I22.png,22,5,3,1.97,0.795
I22_05_05.png,/kaggle/working/MDFS/data/KADID/extracted/kadid10k/images/I22_05_05.png,I22.png,22,5,5,1.47,0.718
I22_06_02.png,/kaggle/working/MDFS/data/KADID/extracted/kadid10k/images/I22_06_02.png,I22.png,22,6,2,4.07,0.854
I22_06_04.png,/kaggle/working/MDFS/data/KADID/extracted/kadid10k/images/I22_06_04.png,I22.png,22,6,4,3.23,0.803
I22_07_01.png,/kaggle/working/MDFS/data/KADID/extracted/kadid10k/images/I22_07_01.png,I22.png,22,7,1,2.77,0.92
I22_07_03.png,/kaggle/working/MDFS/data/KADID/extracted/kadid10k/images/I22_07_03.png,I22.png,22,7,3,2.2,1.137
I22_07_05.png,/kaggle/working/MDFS/data/KADID/extracted/kadid10k/images/I22_07_05.png,I22.png,22,7,5,1.9,0.907
I22_08_02.png,/kaggle/working/MDFS/data/KADID/extracted/kadid10k/images/I22_08_02.png,I22.png,22,8,2,2.4,0.952
I22_08_04.png,/kaggle/working/MDFS/data/KADID/extracted/kadid10k/images/I22_08_04.png,I22.png,22,8,4,1.13,0.34
I22_09_01.png,/kaggle/working/MDFS/data/KADID/extracted/kadid10k/images/I22_09_01.png,I22.png,22,9,1,4.73,0.442
I22_09_03.png,/kaggle/working/MDFS/data/KADID/extracted/kadid10k/images/I22_09_03.png,I22.png,22,9,3,4.77,0.423
I22_09_05.png,/kaggle/working/MDFS/data/KADID/extracted/kadid10k/images/I22_09_05.png,I22.png,22,9,5,1.63,0.547
I22_10_02.png,/kaggle/working/MDFS/data/KADID/extracted/kadid10k/images/I22_10_02.png,I22.png,22,10,2,4.43,0.883
I22_10_04.png,/kaggle/working/MDFS/data/KADID/extracted/kadid10k/images/I22_10_04.png,I22.png,22,10,4,1.83,0.86
I22_11_01.png,/kaggle/working/MDFS/data/KADID/extracted/kadid10k/images/I22_11_01.png,I22.png,22,11,1,3.8,0.833
I22_11_03.png,/kaggle/working/MDFS/data/KADID/extracted/kadid10k/images/I22_11_03.png,I22.png,22,11,3,2.8,0.792
I22_11_05.png,/kaggle/working/MDFS/data/KADID/extracted/kadid10k/images/I22_11_05.png,I22.png,22,11,5,2.27,0.814
I22_12_02.png,/kaggle/working/MDFS/data/KADID/extracted/kadid10k/images/I22_12_02.png,I22.png,22,12,2,3.5,0.885
I22_12_04.png,/kaggle/working/MDFS/data/KADID/extracted/kadid10k/images/I22_12_04.png,I22.png,22,12,4,2.63,0.706
I22_13_01.png,/kaggle/working/MDFS/data/KADID/extracted/kadid10k/images/I22_13_01.png,I22.png,22,13,1,3.93,0.964
I22_13_03.png,/kaggle/working/MDFS/data/KADID/extracted/kadid10k/images/I22_13_03.png,I22.png,22,13,3,2.8,0.748
I22_13_05.png,/kaggle/working/MDFS/data/KADID/extracted/kadid10k/images/I22_13_05.png,I22.png,22,13,5,2.1,0.597
I22_14_02.png,/kaggle/working/MDFS/data/KADID/extracted/kadid10k/images/I22_14_02.png,I22.png,22,14,2,3.23,0.94
I22_14_04.png,/kaggle/working/MDFS/data/KADID/extracted/kadid10k/images/I22_14_04.png,I22.png,22,14,4,2.61,0.904
I22_15_01.png,/kaggle/working/MDFS/data/KADID/extracted/kadid10k/images/I22_15_01.png,I22.png,22,15,1,3.5,0.957
I22_15_03.png,/kaggle/working/MDFS/data/KADID/extracted/kadid10k/images/I22_15_03.png,I22.png,22,15,3,2.27,0.68
I22_15_05.png,/kaggle/working/MDFS/data/KADID/extracted/kadid10k/images/I22_15_05.png,I22.png,22,15,5,1.53,0.562
I22_16_02.png,/kaggle/working/MDFS/data/KADID/extracted/kadid10k/images/I22_16_02.png,I22.png,22,16,2,4.37,0.547
I22_16_04.png,/kaggle/working/MDFS/data/KADID/extracted/kadid10k/images/I22_16_04.png,I22.png,22,16,4,2.2,0.872
I22_17_01.png,/kaggle/working/MDFS/data/KADID/extracted/kadid10k/images/I22_17_01.png,I22.png,22,17,1,4.87,0.34
I22_17_03.png,/kaggle/working/MDFS/data/KADID/extracted/kadid10k/images/I22_17_03.png,I22.png,22,17,3,4.3,0.586
I22_17_05.png,/kaggle/working/MDFS/data/KADID/extracted/kadid10k/images/I22_17_05.png,I22.png,22,17,5,2.5,0.885
I22_18_02.png,/kaggle/working/MDFS/data/KADID/extracted/kadid10k/images/I22_18_02.png,I22.png,22,18,2,4.6,0.49
I22_18_04.png,/kaggle/working/MDFS/data/KADID/extracted/kadid10k/images/I22_18_04.png,I22.png,22,18,4,4.5,0.563
I22_19_01.png,/kaggle/working/MDFS/data/KADID/extracted/kadid10k/images/I22_19_01.png,I22.png,22,19,1,4.63,0.482
I22_19_03.png,/kaggle/working/MDFS/data/KADID/extracted/kadid10k/images/I22_19_03.png,I22.png,22,19,3,3.77,0.761
I22_19_05.png,/kaggle/working/MDFS/data/KADID/extracted/kadid10k/images/I22_19_05.png,I22.png,22,19,5,1.5,0.5
I22_20_02.png,/kaggle/working/MDFS/data/KADID/extracted/kadid10k/images/I22_20_02.png,I22.png,22,20,2,3.83,1.128
I22_20_04.png,/kaggle/working/MDFS/data/KADID/extracted/kadid10k/images/I22_20_04.png,I22.png,22,20,4,4.17,1.157
I22_21_01.png,/kaggle/working/MDFS/data/KADID/extracted/kadid10k/images/I22_21_01.png,I22.png,22,21,1,4.53,0.618
I22_21_03.png,/kaggle/working/MDFS/data/KADID/extracted/kadid10k/images/I22_21_03.png,I22.png,22,21,3,3.6,0.952
I22_21_05.png,/kaggle/working/MDFS/data/KADID/extracted/kadid10k/images/I22_21_05.png,I22.png,22,21,5,1.87,0.806
I22_22_02.png,/kaggle/working/MDFS/data/KADID/extracted/kadid10k/images/I22_22_02.png,I22.png,22,22,2,3.67,1.075
I22_22_04.png,/kaggle/working/MDFS/data/KADID/extracted/kadid10k/images/I22_22_04.png,I22.png,22,22,4,3.33,1.247
I22_23_01.png,/kaggle/working/MDFS/data/KADID/extracted/kadid10k/images/I22_23_01.png,I22.png,22,23,1,1.97,0.836
I22_23_03.png,/kaggle/working/MDFS/data/KADID/extracted/kadid10k/images/I22_23_03.png,I22.png,22,23,3,1.7,0.737
I22_23_05.png,/kaggle/working/MDFS/data/KADID/extracted/kadid10k/images/I22_23_05.png,I22.png,22,23,5,2.03,0.836
I22_24_02.png,/kaggle/working/MDFS/data/KADID/extracted/kadid10k/images/I22_24_02.png,I22.png,22,24,2,2.8,0.909
I22_24_04.png,/kaggle/working/MDFS/data/KADID/extracted/kadid10k/images/I22_24_04.png,I22.png,22,24,4,1.93,0.727
I22_25_01.png,/kaggle/working/MDFS/data/KADID/extracted/kadid10k/images/I22_25_01.png,I22.png,22,25,1,3.33,0.869
I22_25_03.png,/kaggle/working/MDFS/data/KADID/extracted/kadid10k/images/I22_25_03.png,I22.png,22,25,3,4.3,0.737
I22_25_05.png,/kaggle/working/MDFS/data/KADID/extracted/kadid10k/images/I22_25_05.png,I22.png,22,25,5,2.9,0.907
I23_01_02.png,/kaggle/working/MDFS/data/KADID/extracted/kadid10k/images/I23_01_02.png,I23.png,23,1,2,4.47,0.618
I23_01_04.png,/kaggle/working/MDFS/data/KADID/extracted/kadid10k/images/I23_01_04.png,I23.png,23,1,4,2.2,0.653
I23_02_01.png,/kaggle/working/MDFS/data/KADID/extracted/kadid10k/images/I23_02_01.png,I23.png,23,2,1,3.87,0.751
I23_02_03.png,/kaggle/working/MDFS/data/KADID/extracted/kadid10k/images/I23_02_03.png,I23.png,23,2,3,1.97,0.637
I23_02_05.png,/kaggle/working/MDFS/data/KADID/extracted/kadid10k/images/I23_02_05.png,I23.png,23,2,5,1.29,0.52
I23_03_02.png,/kaggle/working/MDFS/data/KADID/extracted/kadid10k/images/I23_03_02.png,I23.png,23,3,2,4.47,0.67
I23_03_04.png,/kaggle/working/MDFS/data/KADID/extracted/kadid10k/images/I23_03_04.png,I23.png,23,3,4,2.77,0.844
I23_04_01.png,/kaggle/working/MDFS/data/KADID/extracted/kadid10k/images/I23_04_01.png,I23.png,23,4,1,4.8,0.4
I23_04_03.png,/kaggle/working/MDFS/data/KADID/extracted/kadid10k/images/I23_04_03.png,I23.png,23,4,3,1.37,0.482
I23_04_05.png,/kaggle/working/MDFS/data/KADID/extracted/kadid10k/images/I23_04_05.png,I23.png,23,4,5,1.1,0.3
I23_05_02.png,/kaggle/working/MDFS/data/KADID/extracted/kadid10k/images/I23_05_02.png,I23.png,23,5,2,2.33,0.789
I23_05_04.png,/kaggle/working/MDFS/data/KADID/extracted/kadid10k/images/I23_05_04.png,I23.png,23,5,4,1.83,0.637
I23_06_01.png,/kaggle/working/MDFS/data/KADID/extracted/kadid10k/images/I23_06_01.png,I23.png,23,6,1,4.07,0.929
I23_06_03.png,/kaggle/working/MDFS/data/KADID/extracted/kadid10k/images/I23_06_03.png,I23.png,23,6,3,3.43,0.92
I23_06_05.png,/kaggle/working/MDFS/data/KADID/extracted/kadid10k/images/I23_06_05.png,I23.png,23,6,5,2.8,0.909
I23_07_02.png,/kaggle/working/MDFS/data/KADID/extracted/kadid10k/images/I23_07_02.png,I23.png,23,7,2,2.1,0.87
I23_07_04.png,/kaggle/working/MDFS/data/KADID/extracted/kadid10k/images/I23_07_04.png,I23.png,23,7,4,2.13,0.991
I23_08_01.png,/kaggle/working/MDFS/data/KADID/extracted/kadid10k/images/I23_08_01.png,I23.png,23,8,1,4.73,0.442
I23_08_03.png,/kaggle/working/MDFS/data/KADID/extracted/kadid10k/images/I23_08_03.png,I23.png,23,8,3,3.03,1.14
I23_08_05.png,/kaggle/working/MDFS/data/KADID/extracted/kadid10k/images/I23_08_05.png,I23.png,23,8,5,2.03,0.795
I23_09_02.png,/kaggle/working/MDFS/data/KADID/extracted/kadid10k/images/I23_09_02.png,I23.png,23,9,2,3.8,0.702
I23_09_04.png,/kaggle/working/MDFS/data/KADID/extracted/kadid10k/images/I23_09_04.png,I23.png,23,9,4,2.0,0.672
I23_10_01.png,/kaggle/working/MDFS/data/KADID/extracted/kadid10k/images/I23_10_01.png,I23.png,23,10,1,4.57,0.496
I23_10_03.png,/kaggle/working/MDFS/data/KADID/extracted/kadid10k/images/I23_10_03.png,I23.png,23,10,3,4.13,0.718
I23_10_05.png,/kaggle/working/MDFS/data/KADID/extracted/kadid10k/images/I23_10_05.png,I23.png,23,10,5,1.7,0.458
I23_11_02.png,/kaggle/working/MDFS/data/KADID/extracted/kadid10k/images/I23_11_02.png,I23.png,23,11,2,4.0,0.856
I23_11_04.png,/kaggle/working/MDFS/data/KADID/extracted/kadid10k/images/I23_11_04.png,I23.png,23,11,4,2.93,0.727
I23_12_01.png,/kaggle/working/MDFS/data/KADID/extracted/kadid10k/images/I23_12_01.png,I23.png,23,12,1,4.77,0.423
I23_12_03.png,/kaggle/working/MDFS/data/KADID/extracted/kadid10k/images/I23_12_03.png,I23.png,23,12,3,3.53,0.806
I23_12_05.png,/kaggle/working/MDFS/data/KADID/extracted/kadid10k/images/I23_12_05.png,I23.png,23,12,5,2.93,0.929
I23_13_02.png,/kaggle/working/MDFS/data/KADID/extracted/kadid10k/images/I23_13_02.png,I23.png,23,13,2,3.45,0.945
I23_13_04.png,/kaggle/working/MDFS/data/KADID/extracted/kadid10k/images/I23_13_04.png,I23.png,23,13,4,2.7,0.737
I23_14_01.png,/kaggle/working/MDFS/data/KADID/extracted/kadid10k/images/I23_14_01.png,I23.png,23,14,1,4.53,0.67
I23_14_03.png,/kaggle/working/MDFS/data/KADID/extracted/kadid10k/images/I23_14_03.png,I23.png,23,14,3,3.03,0.948
I23_14_05.png,/kaggle/working/MDFS/data/KADID/extracted/kadid10k/images/I23_14_05.png,I23.png,23,14,5,2.27,0.629
I23_15_02.png,/kaggle/working/MDFS/data/KADID/extracted/kadid10k/images/I23_15_02.png,I23.png,23,15,2,3.27,0.814
I23_15_04.png,/kaggle/working/MDFS/data/KADID/extracted/kadid10k/images/I23_15_04.png,I23.png,23,15,4,1.71,0.811
I23_16_01.png,/kaggle/working/MDFS/data/KADID/extracted/kadid10k/images/I23_16_01.png,I23.png,23,16,1,4.73,0.442
I23_16_03.png,/kaggle/working/MDFS/data/KADID/extracted/kadid10k/images/I23_16_03.png,I23.png,23,16,3,3.8,0.872
I23_16_05.png,/kaggle/working/MDFS/data/KADID/extracted/kadid10k/images/I23_16_05.png,I23.png,23,16,5,1.97,0.657
I23_17_02.png,/kaggle/working/MDFS/data/KADID/extracted/kadid10k/images/I23_17_02.png,I23.png,23,17,2,4.8,0.4
I23_17_04.png,/kaggle/working/MDFS/data/KADID/extracted/kadid10k/images/I23_17_04.png,I23.png,23,17,4,3.57,0.844
I23_18_01.png,/kaggle/working/MDFS/data/KADID/extracted/kadid10k/images/I23_18_01.png,I23.png,23,18,1,4.53,0.718
I23_18_03.png,/kaggle/working/MDFS/data/KADID/extracted/kadid10k/images/I23_18_03.png,I23.png,23,18,3,4.7,0.458
I23_18_05.png,/kaggle/working/MDFS/data/KADID/extracted/kadid10k/images/I23_18_05.png,I23.png,23,18,5,4.23,0.761
I23_19_02.png,/kaggle/working/MDFS/data/KADID/extracted/kadid10k/images/I23_19_02.png,I23.png,23,19,2,4.4,0.663
I23_19_04.png,/kaggle/working/MDFS/data/KADID/extracted/kadid10k/images/I23_19_04.png,I23.png,23,19,4,1.77,0.559
I23_20_01.png,/kaggle/working/MDFS/data/KADID/extracted/kadid10k/images/I23_20_01.png,I23.png,23,20,1,3.97,0.948
I23_20_03.png,/kaggle/working/MDFS/data/KADID/extracted/kadid10k/images/I23_20_03.png,I23.png,23,20,3,2.67,1.011
I23_20_05.png,/kaggle/working/MDFS/data/KADID/extracted/kadid10k/images/I23_20_05.png,I23.png,23,20,5,2.03,0.795
I23_21_02.png,/kaggle/working/MDFS/data/KADID/extracted/kadid10k/images/I23_21_02.png,I23.png,23,21,2,3.3,0.9
I23_21_04.png,/kaggle/working/MDFS/data/KADID/extracted/kadid10k/images/I23_21_04.png,I23.png,23,21,4,3.07,1.062
I23_22_01.png,/kaggle/working/MDFS/data/KADID/extracted/kadid10k/images/I23_22_01.png,I23.png,23,22,1,4.63,0.657
I23_22_03.png,/kaggle/working/MDFS/data/KADID/extracted/kadid10k/images/I23_22_03.png,I23.png,23,22,3,4.53,0.618
I23_22_05.png,/kaggle/working/MDFS/data/KADID/extracted/kadid10k/images/I23_22_05.png,I23.png,23,22,5,4.03,0.795
I23_23_02.png,/kaggle/working/MDFS/data/KADID/extracted/kadid10k/images/I23_23_02.png,I23.png,23,23,2,2.07,0.854
I23_23_04.png,/kaggle/working/MDFS/data/KADID/extracted/kadid10k/images/I23_23_04.png,I23.png,23,23,4,2.23,0.92
I23_24_01.png,/kaggle/working/MDFS/data/KADID/extracted/kadid10k/images/I23_24_01.png,I23.png,23,24,1,4.3,0.737
I23_24_03.png,/kaggle/working/MDFS/data/KADID/extracted/kadid10k/images/I23_24_03.png,I23.png,23,24,3,2.57,0.883
I23_24_05.png,/kaggle/working/MDFS/data/KADID/extracted/kadid10k/images/I23_24_05.png,I23.png,23,24,5,1.33,0.537
I23_25_02.png,/kaggle/working/MDFS/data/KADID/extracted/kadid10k/images/I23_25_02.png,I23.png,23,25,2,4.27,0.727
I23_25_04.png,/kaggle/working/MDFS/data/KADID/extracted/kadid10k/images/I23_25_04.png,I23.png,23,25,4,4.4,0.663
I24_01_01.png,/kaggle/working/MDFS/data/KADID/extracted/kadid10k/images/I24_01_01.png,I24.png,24,1,1,4.2,0.98
I24_01_03.png,/kaggle/working/MDFS/data/KADID/extracted/kadid10k/images/I24_01_03.png,I24.png,24,1,3,2.77,0.955
I24_01_05.png,/kaggle/working/MDFS/data/KADID/extracted/kadid10k/images/I24_01_05.png,I24.png,24,1,5,1.4,0.49
I24_02_02.png,/kaggle/working/MDFS/data/KADID/extracted/kadid10k/images/I24_02_02.png,I24.png,24,2,2,2.47,0.718
I24_02_04.png,/kaggle/working/MDFS/data/KADID/extracted/kadid10k/images/I24_02_04.png,I24.png,24,2,4,1.7,0.586
I24_03_01.png,/kaggle/working/MDFS/data/KADID/extracted/kadid10k/images/I24_03_01.png,I24.png,24,3,1,4.5,0.671
I24_03_03.png,/kaggle/working/MDFS/data/KADID/extracted/kadid10k/images/I24_03_03.png,I24.png,24,3,3,3.03,0.983
I24_03_05.png,/kaggle/working/MDFS/data/KADID/extracted/kadid10k/images/I24_03_05.png,I24.png,24,3,5,1.83,0.637
I24_04_02.png,/kaggle/working/MDFS/data/KADID/extracted/kadid10k/images/I24_04_02.png,I24.png,24,4,2,2.97,0.948
I24_04_04.png,/kaggle/working/MDFS/data/KADID/extracted/kadid10k/images/I24_04_04.png,I24.png,24,4,4,1.63,0.657
I24_05_01.png,/kaggle/working/MDFS/data/KADID/extracted/kadid10k/images/I24_05_01.png,I24.png,24,5,1,4.47,0.763
I24_05_03.png,/kaggle/working/MDFS/data/KADID/extracted/kadid10k/images/I24_05_03.png,I24.png,24,5,3,2.0,0.632
I24_05_05.png,/kaggle/working/MDFS/data/KADID/extracted/kadid10k/images/I24_05_05.png,I24.png,24,5,5,2.47,0.884
I24_06_02.png,/kaggle/working/MDFS/data/KADID/extracted/kadid10k/images/I24_06_02.png,I24.png,24,6,2,3.93,0.814
I24_06_04.png,/kaggle/working/MDFS/data/KADID/extracted/kadid10k/images/I24_06_04.png,I24.png,24,6,4,2.73,0.892
I24_07_01.png,/kaggle/working/MDFS/data/KADID/extracted/kadid10k/images/I24_07_01.png,I24.png,24,7,1,2.8,0.702
I24_07_03.png,/kaggle/working/MDFS/data/KADID/extracted/kadid10k/images/I24_07_03.png,I24.png,24,7,3,1.93,0.772
I24_07_05.png,/kaggle/working/MDFS/data/KADID/extracted/kadid10k/images/I24_07_05.png,I24.png,24,7,5,1.4,0.712
I24_08_02.png,/kaggle/working/MDFS/data/KADID/extracted/kadid10k/images/I24_08_02.png,I24.png,24,8,2,3.63,0.875
I24_08_04.png,/kaggle/working/MDFS/data/KADID/extracted/kadid10k/images/I24_08_04.png,I24.png,24,8,4,1.93,0.573
I24_09_01.png,/kaggle/working/MDFS/data/KADID/extracted/kadid10k/images/I24_09_01.png,I24.png,24,9,1,4.37,0.875
I24_09_03.png,/kaggle/working/MDFS/data/KADID/extracted/kadid10k/images/I24_09_03.png,I24.png,24,9,3,4.2,0.748
I24_09_05.png,/kaggle/working/MDFS/data/KADID/extracted/kadid10k/images/I24_09_05.png,I24.png,24,9,5,1.4,0.554
I24_10_02.png,/kaggle/working/MDFS/data/KADID/extracted/kadid10k/images/I24_10_02.png,I24.png,24,10,2,4.3,0.69
I24_10_04.png,/kaggle/working/MDFS/data/KADID/extracted/kadid10k/images/I24_10_04.png,I24.png,24,10,4,1.9,0.651
I24_11_01.png,/kaggle/working/MDFS/data/KADID/extracted/kadid10k/images/I24_11_01.png,I24.png,24,11,1,3.53,0.957
I24_11_03.png,/kaggle/working/MDFS/data/KADID/extracted/kadid10k/images/I24_11_03.png,I24.png,24,11,3,2.7,0.971
I24_11_05.png,/kaggle/working/MDFS/data/KADID/extracted/kadid10k/images/I24_11_05.png,I24.png,24,11,5,1.97,0.547
I24_12_02.png,/kaggle/working/MDFS/data/KADID/extracted/kadid10k/images/I24_12_02.png,I24.png,24,12,2,3.37,0.983
I24_12_04.png,/kaggle/working/MDFS/data/KADID/extracted/kadid10k/images/I24_12_04.png,I24.png,24,12,4,2.43,0.667
I24_13_01.png,/kaggle/working/MDFS/data/KADID/extracted/kadid10k/images/I24_13_01.png,I24.png,24,13,1,3.43,0.716
I24_13_03.png,/kaggle/working/MDFS/data/KADID/extracted/kadid10k/images/I24_13_03.png,I24.png,24,13,3,2.43,0.803
I24_13_05.png,/kaggle/working/MDFS/data/KADID/extracted/kadid10k/images/I24_13_05.png,I24.png,24,13,5,2.2,0.748
I24_14_02.png,/kaggle/working/MDFS/data/KADID/extracted/kadid10k/images/I24_14_02.png,I24.png,24,14,2,2.97,0.836
I24_14_04.png,/kaggle/working/MDFS/data/KADID/extracted/kadid10k/images/I24_14_04.png,I24.png,24,14,4,2.3,0.69
I24_15_01.png,/kaggle/working/MDFS/data/KADID/extracted/kadid10k/images/I24_15_01.png,I24.png,24,15,1,3.47,1.056
I24_15_03.png,/kaggle/working/MDFS/data/KADID/extracted/kadid10k/images/I24_15_03.png,I24.png,24,15,3,1.9,0.597
I24_15_05.png,/kaggle/working/MDFS/data/KADID/extracted/kadid10k/images/I24_15_05.png,I24.png,24,15,5,1.67,0.537
I24_16_02.png,/kaggle/working/MDFS/data/KADID/extracted/kadid10k/images/I24_16_02.png,I24.png,24,16,2,4.1,0.79
I24_16_04.png,/kaggle/working/MDFS/data/KADID/extracted/kadid10k/images/I24_16_04.png,I24.png,24,16,4,2.07,0.68
I24_17_01.png,/kaggle/working/MDFS/data/KADID/extracted/kadid10k/images/I24_17_01.png,I24.png,24,17,1,4.57,0.559
I24_17_03.png,/kaggle/working/MDFS/data/KADID/extracted/kadid10k/images/I24_17_03.png,I24.png,24,17,3,4.0,0.856
I24_17_05.png,/kaggle/working/MDFS/data/KADID/extracted/kadid10k/images/I24_17_05.png,I24.png,24,17,5,2.3,0.936
I24_18_02.png,/kaggle/working/MDFS/data/KADID/extracted/kadid10k/images/I24_18_02.png,I24.png,24,18,2,4.3,0.781
I24_18_04.png,/kaggle/working/MDFS/data/KADID/extracted/kadid10k/images/I24_18_04.png,I24.png,24,18,4,4.37,0.795
I24_19_01.png,/kaggle/working/MDFS/data/KADID/extracted/kadid10k/images/I24_19_01.png,I24.png,24,19,1,4.67,0.596
I24_19_03.png,/kaggle/working/MDFS/data/KADID/extracted/kadid10k/images/I24_19_03.png,I24.png,24,19,3,4.07,0.892
I24_19_05.png,/kaggle/working/MDFS/data/KADID/extracted/kadid10k/images/I24_19_05.png,I24.png,24,19,5,1.53,0.499
I24_20_02.png,/kaggle/working/MDFS/data/KADID/extracted/kadid10k/images/I24_20_02.png,I24.png,24,20,2,3.67,1.011
I24_20_04.png,/kaggle/working/MDFS/data/KADID/extracted/kadid10k/images/I24_20_04.png,I24.png,24,20,4,3.7,0.971
I24_21_01.png,/kaggle/working/MDFS/data/KADID/extracted/kadid10k/images/I24_21_01.png,I24.png,24,21,1,4.27,0.854
I24_21_03.png,/kaggle/working/MDFS/data/KADID/extracted/kadid10k/images/I24_21_03.png,I24.png,24,21,3,3.5,1.147
I24_21_05.png,/kaggle/working/MDFS/data/KADID/extracted/kadid10k/images/I24_21_05.png,I24.png,24,21,5,1.4,0.554
I24_22_02.png,/kaggle/working/MDFS/data/KADID/extracted/kadid10k/images/I24_22_02.png,I24.png,24,22,2,3.63,0.912
I24_22_04.png,/kaggle/working/MDFS/data/KADID/extracted/kadid10k/images/I24_22_04.png,I24.png,24,22,4,3.33,0.907
I24_23_01.png,/kaggle/working/MDFS/data/KADID/extracted/kadid10k/images/I24_23_01.png,I24.png,24,23,1,2.73,0.998
I24_23_03.png,/kaggle/working/MDFS/data/KADID/extracted/kadid10k/images/I24_23_03.png,I24.png,24,23,3,2.17,0.82
I24_23_05.png,/kaggle/working/MDFS/data/KADID/extracted/kadid10k/images/I24_23_05.png,I24.png,24,23,5,2.1,0.928
I24_24_02.png,/kaggle/working/MDFS/data/KADID/extracted/kadid10k/images/I24_24_02.png,I24.png,24,24,2,2.63,0.781
I24_24_04.png,/kaggle/working/MDFS/data/KADID/extracted/kadid10k/images/I24_24_04.png,I24.png,24,24,4,1.63,0.657
I24_25_01.png,/kaggle/working/MDFS/data/KADID/extracted/kadid10k/images/I24_25_01.png,I24.png,24,25,1,3.2,1.013
I24_25_03.png,/kaggle/working/MDFS/data/KADID/extracted/kadid10k/images/I24_25_03.png,I24.png,24,25,3,4.33,0.789
I24_25_05.png,/kaggle/working/MDFS/data/KADID/extracted/kadid10k/images/I24_25_05.png,I24.png,24,25,5,3.53,0.806
I25_01_02.png,/kaggle/working/MDFS/data/KADID/extracted/kadid10k/images/I25_01_02.png,I25.png,25,1,2,4.63,0.482
I25_01_04.png,/kaggle/working/MDFS/data/KADID/extracted/kadid10k/images/I25_01_04.png,I25.png,25,1,4,2.3,0.971
I25_02_01.png,/kaggle/working/MDFS/data/KADID/extracted/kadid10k/images/I25_02_01.png,I25.png,25,2,1,4.17,0.687
I25_02_03.png,/kaggle/working/MDFS/data/KADID/extracted/kadid10k/images/I25_02_03.png,I25.png,25,2,3,1.87,0.67
I25_02_05.png,/kaggle/working/MDFS/data/KADID/extracted/kadid10k/images/I25_02_05.png,I25.png,25,2,5,1.3,0.458
I25_03_02.png,/kaggle/working/MDFS/data/KADID/extracted/kadid10k/images/I25_03_02.png,I25.png,25,3,2,4.43,0.716
I25_03_04.png,/kaggle/working/MDFS/data/KADID/extracted/kadid10k/images/I25_03_04.png,I25.png,25,3,4,2.9,1.012
I25_04_01.png,/kaggle/working/MDFS/data/KADID/extracted/kadid10k/images/I25_04_01.png,I25.png,25,4,1,4.53,0.921
I25_04_03.png,/kaggle/working/MDFS/data/KADID/extracted/kadid10k/images/I25_04_03.png,I25.png,25,4,3,2.0,1.065
I25_04_05.png,/kaggle/working/MDFS/data/KADID/extracted/kadid10k/images/I25_04_05.png,I25.png,25,4,5,1.65,0.785
I25_05_02.png,/kaggle/working/MDFS/data/KADID/extracted/kadid10k/images/I25_05_02.png,I25.png,25,5,2,2.8,1.013
I25_05_04.png,/kaggle/working/MDFS/data/KADID/extracted/kadid10k/images/I25_05_04.png,I25.png,25,5,4,2.53,1.176
I25_06_01.png,/kaggle/working/MDFS/data/KADID/extracted/kadid10k/images/I25_06_01.png,I25.png,25,6,1,4.2,0.748
I25_06_03.png,/kaggle/working/MDFS/data/KADID/extracted/kadid10k/images/I25_06_03.png,I25.png,25,6,3,4.07,0.929
I25_06_05.png,/kaggle/working/MDFS/data/KADID/extracted/kadid10k/images/I25_06_05.png,I25.png,25,6,5,2.33,0.789
I25_07_02.png,/kaggle/working/MDFS/data/KADID/extracted/kadid10k/images/I25_07_02.png,I25.png,25,7,2,2.43,1.309
I25_07_04.png,/kaggle/working/MDFS/data/KADID/extracted/kadid10k/images/I25_07_04.png,I25.png,25,7,4,2.37,1.251
I25_08_01.png,/kaggle/working/MDFS/data/KADID/extracted/kadid10k/images/I25_08_01.png,I25.png,25,8,1,4.73,0.512
I25_08_03.png,/kaggle/working/MDFS/data/KADID/extracted/kadid10k/images/I25_08_03.png,I25.png,25,8,3,3.13,0.884
I25_08_05.png,/kaggle/working/MDFS/data/KADID/extracted/kadid10k/images/I25_08_05.png,I25.png,25,8,5,1.33,0.699
I25_09_02.png,/kaggle/working/MDFS/data/KADID/extracted/kadid10k/images/I25_09_02.png,I25.png,25,9,2,4.6,0.49
I25_09_04.png,/kaggle/working/MDFS/data/KADID/extracted/kadid10k/images/I25_09_04.png,I25.png,25,9,4,3.03,1.016
I25_10_01.png,/kaggle/working/MDFS/data/KADID/extracted/kadid10k/images/I25_10_01.png,I25.png,25,10,1,4.53,0.562
I25_10_03.png,/kaggle/working/MDFS/data/KADID/extracted/kadid10k/images/I25_10_03.png,I25.png,25,10,3,4.3,0.862
I25_10_05.png,/kaggle/working/MDFS/data/KADID/extracted/kadid10k/images/I25_10_05.png,I25.png,25,10,5,1.07,0.249
I25_11_02.png,/kaggle/working/MDFS/data/KADID/extracted/kadid10k/images/I25_11_02.png,I25.png,25,11,2,3.5,0.957
I25_11_04.png,/kaggle/working/MDFS/data/KADID/extracted/kadid10k/images/I25_11_04.png,I25.png,25,11,4,2.77,0.761
I25_12_01.png,/kaggle/working/MDFS/data/KADID/extracted/kadid10k/images/I25_12_01.png,I25.png,25,12,1,4.57,0.496
I25_12_03.png,/kaggle/working/MDFS/data/KADID/extracted/kadid10k/images/I25_12_03.png,I25.png,25,12,3,2.9,0.79
I25_12_05.png,/kaggle/working/MDFS/data/KADID/extracted/kadid10k/images/I25_12_05.png,I25.png,25,12,5,2.23,0.844
I25_13_02.png,/kaggle/working/MDFS/data/KADID/extracted/kadid10k/images/I25_13_02.png,I25.png,25,13,2,2.81,0.916
I25_13_04.png,/kaggle/working/MDFS/data/KADID/extracted/kadid10k/images/I25_13_04.png,I25.png,25,13,4,2.17,0.82
I25_14_01.png,/kaggle/working/MDFS/data/KADID/extracted/kadid10k/images/I25_14_01.png,I25.png,25,14,1,4.57,0.496
I25_14_03.png,/kaggle/working/MDFS/data/KADID/extracted/kadid10k/images/I25_14_03.png,I25.png,25,14,3,3.63,1.14
I25_14_05.png,/kaggle/working/MDFS/data/KADID/extracted/kadid10k/images/I25_14_05.png,I25.png,25,14,5,1.83,0.637
I25_15_02.png,/kaggle/working/MDFS/data/KADID/extracted/kadid10k/images/I25_15_02.png,I25.png,25,15,2,2.53,0.806
I25_15_04.png,/kaggle/working/MDFS/data/KADID/extracted/kadid10k/images/I25_15_04.png,I25.png,25,15,4,1.2,0.4
I25_16_01.png,/kaggle/working/MDFS/data/KADID/extracted/kadid10k/images/I25_16_01.png,I25.png,25,16,1,4.67,0.537
I25_16_03.png,/kaggle/working/MDFS/data/KADID/extracted/kadid10k/images/I25_16_03.png,I25.png,25,16,3,4.32,0.59
I25_16_05.png,/kaggle/working/MDFS/data/KADID/extracted/kadid10k/images/I25_16_05.png,I25.png,25,16,5,2.07,0.854
I25_17_02.png,/kaggle/working/MDFS/data/KADID/extracted/kadid10k/images/I25_17_02.png,I25.png,25,17,2,4.7,0.458
I25_17_04.png,/kaggle/working/MDFS/data/KADID/extracted/kadid10k/images/I25_17_04.png,I25.png,25,17,4,3.7,0.781
I25_18_01.png,/kaggle/working/MDFS/data/KADID/extracted/kadid10k/images/I25_18_01.png,I25.png,25,18,1,4.43,0.496
I25_18_03.png,/kaggle/working/MDFS/data/KADID/extracted/kadid10k/images/I25_18_03.png,I25.png,25,18,3,4.57,0.559
I25_18_05.png,/kaggle/working/MDFS/data/KADID/extracted/kadid10k/images/I25_18_05.png,I25.png,25,18,5,3.73,0.854
I25_19_02.png,/kaggle/working/MDFS/data/KADID/extracted/kadid10k/images/I25_19_02.png,I25.png,25,19,2,4.33,0.537
I25_19_04.png,/kaggle/working/MDFS/data/KADID/extracted/kadid10k/images/I25_19_04.png,I25.png,25,19,4,2.63,0.983
I25_20_01.png,/kaggle/working/MDFS/data/KADID/extracted/kadid10k/images/I25_20_01.png,I25.png,25,20,1,4.63,0.795
I25_20_03.png,/kaggle/working/MDFS/data/KADID/extracted/kadid10k/images/I25_20_03.png,I25.png,25,20,3,2.8,1.137
I25_20_05.png,/kaggle/working/MDFS/data/KADID/extracted/kadid10k/images/I25_20_05.png,I25.png,25,20,5,3.4,1.332
I25_21_02.png,/kaggle/working/MDFS/data/KADID/extracted/kadid10k/images/I25_21_02.png,I25.png,25,21,2,4.0,0.966
I25_21_04.png,/kaggle/working/MDFS/data/KADID/extracted/kadid10k/images/I25_21_04.png,I25.png,25,21,4,4.03,0.752
I25_22_01.png,/kaggle/working/MDFS/data/KADID/extracted/kadid10k/images/I25_22_01.png,I25.png,25,22,1,4.57,0.496
I25_22_03.png,/kaggle/working/MDFS/data/KADID/extracted/kadid10k/images/I25_22_03.png,I25.png,25,22,3,4.3,0.64
I25_22_05.png,/kaggle/working/MDFS/data/KADID/extracted/kadid10k/images/I25_22_05.png,I25.png,25,22,5,2.8,1.137
I25_23_02.png,/kaggle/working/MDFS/data/KADID/extracted/kadid10k/images/I25_23_02.png,I25.png,25,23,2,2.37,0.752
I25_23_04.png,/kaggle/working/MDFS/data/KADID/extracted/kadid10k/images/I25_23_04.png,I25.png,25,23,4,2.17,0.734
I25_24_01.png,/kaggle/working/MDFS/data/KADID/extracted/kadid10k/images/I25_24_01.png,I25.png,25,24,1,4.0,0.73
I25_24_03.png,/kaggle/working/MDFS/data/KADID/extracted/kadid10k/images/I25_24_03.png,I25.png,25,24,3,2.2,0.909
I25_24_05.png,/kaggle/working/MDFS/data/KADID/extracted/kadid10k/images/I25_24_05.png,I25.png,25,24,5,1.27,0.573
I25_25_02.png,/kaggle/working/MDFS/data/KADID/extracted/kadid10k/images/I25_25_02.png,I25.png,25,25,2,3.93,0.512
I25_25_04.png,/kaggle/working/MDFS/data/KADID/extracted/kadid10k/images/I25_25_04.png,I25.png,25,25,4,4.67,0.537
I26_01_01.png,/kaggle/working/MDFS/data/KADID/extracted/kadid10k/images/I26_01_01.png,I26.png,26,1,1,4.74,0.438
I26_01_03.png,/kaggle/working/MDFS/data/KADID/extracted/kadid10k/images/I26_01_03.png,I26.png,26,1,3,2.83,0.637
I26_01_05.png,/kaggle/working/MDFS/data/KADID/extracted/kadid10k/images/I26_01_05.png,I26.png,26,1,5,1.3,0.458
I26_02_02.png,/kaggle/working/MDFS/data/KADID/extracted/kadid10k/images/I26_02_02.png,I26.png,26,2,2,2.67,0.65
I26_02_04.png,/kaggle/working/MDFS/data/KADID/extracted/kadid10k/images/I26_02_04.png,I26.png,26,2,4,1.57,0.616
I26_03_01.png,/kaggle/working/MDFS/data/KADID/extracted/kadid10k/images/I26_03_01.png,I26.png,26,3,1,4.67,0.471
I26_03_03.png,/kaggle/working/MDFS/data/KADID/extracted/kadid10k/images/I26_03_03.png,I26.png,26,3,3,3.0,0.816
I26_03_05.png,/kaggle/working/MDFS/data/KADID/extracted/kadid10k/images/I26_03_05.png,I26.png,26,3,5,1.87,0.67
I26_04_02.png,/kaggle/working/MDFS/data/KADID/extracted/kadid10k/images/I26_04_02.png,I26.png,26,4,2,3.29,1.053
I26_04_04.png,/kaggle/working/MDFS/data/KADID/extracted/kadid10k/images/I26_04_04.png,I26.png,26,4,4,2.33,1.135
I26_05_01.png,/kaggle/working/MDFS/data/KADID/extracted/kadid10k/images/I26_05_01.png,I26.png,26,5,1,4.43,0.761
I26_05_03.png,/kaggle/working/MDFS/data/KADID/extracted/kadid10k/images/I26_05_03.png,I26.png,26,5,3,1.57,0.616
I26_05_05.png,/kaggle/working/MDFS/data/KADID/extracted/kadid10k/images/I26_05_05.png,I26.png,26,5,5,1.53,0.67
I26_06_02.png,/kaggle/working/MDFS/data/KADID/extracted/kadid10k/images/I26_06_02.png,I26.png,26,6,2,4.39,0.704
I26_06_04.png,/kaggle/working/MDFS/data/KADID/extracted/kadid10k/images/I26_06_04.png,I26.png,26,6,4,3.53,0.921
I26_07_01.png,/kaggle/working/MDFS/data/KADID/extracted/kadid10k/images/I26_07_01.png,I26.png,26,7,1,2.6,1.02
I26_07_03.png,/kaggle/working/MDFS/data/KADID/extracted/kadid10k/images/I26_07_03.png,I26.png,26,7,3,2.47,1.056
I26_07_05.png,/kaggle/working/MDFS/data/KADID/extracted/kadid10k/images/I26_07_05.png,I26.png,26,7,5,2.6,1.083
I26_08_02.png,/kaggle/working/MDFS/data/KADID/extracted/kadid10k/images/I26_08_02.png,I26.png,26,8,2,3.37,0.948
I26_08_04.png,/kaggle/working/MDFS/data/KADID/extracted/kadid10k/images/I26_08_04.png,I26.png,26,8,4,2.73,0.929
I26_09_01.png,/kaggle/working/MDFS/data/KADID/extracted/kadid10k/images/I26_09_01.png,I26.png,26,9,1,4.57,0.496
I26_09_03.png,/kaggle/working/MDFS/data/KADID/extracted/kadid10k/images/I26_09_03.png,I26.png,26,9,3,4.3,0.586
I26_09_05.png,/kaggle/working/MDFS/data/KADID/extracted/kadid10k/images/I26_09_05.png,I26.png,26,9,5,1.57,0.616
I26_10_02.png,/kaggle/working/MDFS/data/KADID/extracted/kadid10k/images/I26_10_02.png,I26.png,26,10,2,4.1,0.7
I26_10_04.png,/kaggle/working/MDFS/data/KADID/extracted/kadid10k/images/I26_10_04.png,I26.png,26,10,4,2.53,0.763
I26_11_01.png,/kaggle/working/MDFS/data/KADID/extracted/kadid10k/images/I26_11_01.png,I26.png,26,11,1,3.9,0.7
I26_11_03.png,/kaggle/working/MDFS/data/KADID/extracted/kadid10k/images/I26_11_03.png,I26.png,26,11,3,3.27,0.892
I26_11_05.png,/kaggle/working/MDFS/data/KADID/extracted/kadid10k/images/I26_11_05.png,I26.png,26,11,5,2.47,0.763
I26_12_02.png,/kaggle/working/MDFS/data/KADID/extracted/kadid10k/images/I26_12_02.png,I26.png,26,12,2,3.77,1.023
I26_12_04.png,/kaggle/working/MDFS/data/KADID/extracted/kadid10k/images/I26_12_04.png,I26.png,26,12,4,2.8,0.792
I26_13_01.png,/kaggle/working/MDFS/data/KADID/extracted/kadid10k/images/I26_13_01.png,I26.png,26,13,1,3.4,0.952
I26_13_03.png,/kaggle/working/MDFS/data/KADID/extracted/kadid10k/images/I26_13_03.png,I26.png,26,13,3,2.73,0.772
I26_13_05.png,/kaggle/working/MDFS/data/KADID/extracted/kadid10k/images/I26_13_05.png,I26.png,26,13,5,2.3,1.005
I26_14_02.png,/kaggle/working/MDFS/data/KADID/extracted/kadid10k/images/I26_14_02.png,I26.png,26,14,2,3.84,0.795
I26_14_04.png,/kaggle/working/MDFS/data/KADID/extracted/kadid10k/images/I26_14_04.png,I26.png,26,14,4,2.73,0.772
I26_15_01.png,/kaggle/working/MDFS/data/KADID/extracted/kadid10k/images/I26_15_01.png,I26.png,26,15,1,3.87,0.921
I26_15_03.png,/kaggle/working/MDFS/data/KADID/extracted/kadid10k/images/I26_15_03.png,I26.png,26,15,3,2.5,0.764
I26_15_05.png,/kaggle/working/MDFS/data/KADID/extracted/kadid10k/images/I26_15_05.png,I26.png,26,15,5,1.47,0.562
I26_16_02.png,/kaggle/working/MDFS/data/KADID/extracted/kadid10k/images/I26_16_02.png,I26.png,26,16,2,4.3,0.781
I26_16_04.png,/kaggle/working/MDFS/data/KADID/extracted/kadid10k/images/I26_16_04.png,I26.png,26,16,4,2.93,0.929
I26_17_01.png,/kaggle/working/MDFS/data/KADID/extracted/kadid10k/images/I26_17_01.png,I26.png,26,17,1,4.5,0.563
I26_17_03.png,/kaggle/working/MDFS/data/KADID/extracted/kadid10k/images/I26_17_03.png,I26.png,26,17,3,4.0,0.661
I26_17_05.png,/kaggle/working/MDFS/data/KADID/extracted/kadid10k/images/I26_17_05.png,I26.png,26,17,5,1.77,0.844
I26_18_02.png,/kaggle/working/MDFS/data/KADID/extracted/kadid10k/images/I26_18_02.png,I26.png,26,18,2,4.57,0.496
I26_18_04.png,/kaggle/working/MDFS/data/KADID/extracted/kadid10k/images/I26_18_04.png,I26.png,26,18,4,4.23,0.803
I26_19_01.png,/kaggle/working/MDFS/data/KADID/extracted/kadid10k/images/I26_19_01.png,I26.png,26,19,1,4.27,0.814
I26_19_03.png,/kaggle/working/MDFS/data/KADID/extracted/kadid10k/images/I26_19_03.png,I26.png,26,19,3,2.87,0.763
I26_19_05.png,/kaggle/working/MDFS/data/KADID/extracted/kadid10k/images/I26_19_05.png,I26.png,26,19,5,1.1,0.3
I26_20_02.png,/kaggle/working/MDFS/data/KADID/extracted/kadid10k/images/I26_20_02.png,I26.png,26,20,2,3.9,0.87
I26_20_04.png,/kaggle/working/MDFS/data/KADID/extracted/kadid10k/images/I26_20_04.png,I26.png,26,20,4,3.87,1.118
I26_21_01.png,/kaggle/working/MDFS/data/KADID/extracted/kadid10k/images/I26_21_01.png,I26.png,26,21,1,3.1,1.044
I26_21_03.png,/kaggle/working/MDFS/data/KADID/extracted/kadid10k/images/I26_21_03.png,I26.png,26,21,3,2.43,0.844
I26_21_05.png,/kaggle/working/MDFS/data/KADID/extracted/kadid10k/images/I26_21_05.png,I26.png,26,21,5,1.43,0.616
I26_22_02.png,/kaggle/working/MDFS/data/KADID/extracted/kadid10k/images/I26_22_02.png,I26.png,26,22,2,4.47,0.562
I26_22_04.png,/kaggle/working/MDFS/data/KADID/extracted/kadid10k/images/I26_22_04.png,I26.png,26,22,4,3.8,0.909
I26_23_01.png,/kaggle/working/MDFS/data/KADID/extracted/kadid10k/images/I26_23_01.png,I26.png,26,23,1,2.47,0.921
I26_23_03.png,/kaggle/working/MDFS/data/KADID/extracted/kadid10k/images/I26_23_03.png,I26.png,26,23,3,2.67,0.978
I26_23_05.png,/kaggle/working/MDFS/data/KADID/extracted/kadid10k/images/I26_23_05.png,I26.png,26,23,5,1.8,0.653
I26_24_02.png,/kaggle/working/MDFS/data/KADID/extracted/kadid10k/images/I26_24_02.png,I26.png,26,24,2,2.81,0.895
I26_24_04.png,/kaggle/working/MDFS/data/KADID/extracted/kadid10k/images/I26_24_04.png,I26.png,26,24,4,1.53,0.562
I26_25_01.png,/kaggle/working/MDFS/data/KADID/extracted/kadid10k/images/I26_25_01.png,I26.png,26,25,1,3.07,0.964
I26_25_03.png,/kaggle/working/MDFS/data/KADID/extracted/kadid10k/images/I26_25_03.png,I26.png,26,25,3,4.37,0.752
I26_25_05.png,/kaggle/working/MDFS/data/KADID/extracted/kadid10k/images/I26_25_05.png,I26.png,26,25,5,3.03,0.912
I27_01_02.png,/kaggle/working/MDFS/data/KADID/extracted/kadid10k/images/I27_01_02.png,I27.png,27,1,2,4.17,0.637
I27_01_04.png,/kaggle/working/MDFS/data/KADID/extracted/kadid10k/images/I27_01_04.png,I27.png,27,1,4,1.67,0.596
I27_02_01.png,/kaggle/working/MDFS/data/KADID/extracted/kadid10k/images/I27_02_01.png,I27.png,27,2,1,3.53,0.562
I27_02_03.png,/kaggle/working/MDFS/data/KADID/extracted/kadid10k/images/I27_02_03.png,I27.png,27,2,3,1.7,0.526
I27_02_05.png,/kaggle/working/MDFS/data/KADID/extracted/kadid10k/images/I27_02_05.png,I27.png,27,2,5,1.17,0.373
I27_03_02.png,/kaggle/working/MDFS/data/KADID/extracted/kadid10k/images/I27_03_02.png,I27.png,27,3,2,3.27,0.772
I27_03_04.png,/kaggle/working/MDFS/data/KADID/extracted/kadid10k/images/I27_03_04.png,I27.png,27,3,4,1.5,0.5
I27_04_01.png,/kaggle/working/MDFS/data/KADID/extracted/kadid10k/images/I27_04_01.png,I27.png,27,4,1,4.1,0.597
I27_04_03.png,/kaggle/working/MDFS/data/KADID/extracted/kadid10k/images/I27_04_03.png,I27.png,27,4,3,1.77,0.716
I27_04_05.png,/kaggle/working/MDFS/data/KADID/extracted/kadid10k/images/I27_04_05.png,I27.png,27,4,5,1.27,0.512
I27_05_02.png,/kaggle/working/MDFS/data/KADID/extracted/kadid10k/images/I27_05_02.png,I27.png,27,5,2,1.93,0.727
I27_05_04.png,/kaggle/working/MDFS/data/KADID/extracted/kadid10k/images/I27_05_04.png,I27.png,27,5,4,1.63,0.657
I27_06_01.png,/kaggle/working/MDFS/data/KADID/extracted/kadid10k/images/I27_06_01.png,I27.png,27,6,1,4.37,0.795
I27_06_03.png,/kaggle/working/MDFS/data/KADID/extracted/kadid10k/images/I27_06_03.png,I27.png,27,6,3,3.53,0.806
I27_06_05.png,/kaggle/working/MDFS/data/KADID/extracted/kadid10k/images/I27_06_05.png,I27.png,27,6,5,2.17,0.82
I27_07_02.png,/kaggle/working/MDFS/data/KADID/extracted/kadid10k/images/I27_07_02.png,I27.png,27,7,2,2.0,0.916
I27_07_04.png,/kaggle/working/MDFS/data/KADID/extracted/kadid10k/images/I27_07_04.png,I27.png,27,7,4,2.0,0.894
I27_08_01.png,/kaggle/working/MDFS/data/KADID/extracted/kadid10k/images/I27_08_01.png,I27.png,27,8,1,4.43,0.559
I27_08_03.png,/kaggle/working/MDFS/data/KADID/extracted/kadid10k/images/I27_08_03.png,I27.png,27,8,3,2.33,0.869
I27_08_05.png,/kaggle/working/MDFS/data/KADID/extracted/kadid10k/images/I27_08_05.png,I27.png,27,8,5,1.5,0.619
I27_09_02.png,/kaggle/working/MDFS/data/KADID/extracted/kadid10k/images/I27_09_02.png,I27.png,27,9,2,4.23,0.423
I27_09_04.png,/kaggle/working/MDFS/data/KADID/extracted/kadid10k/images/I27_09_04.png,I27.png,27,9,4,2.37,0.912
I27_10_01.png,/kaggle/working/MDFS/data/KADID/extracted/kadid10k/images/I27_10_01.png,I27.png,27,10,1,3.97,0.657
I27_10_03.png,/kaggle/working/MDFS/data/KADID/extracted/kadid10k/images/I27_10_03.png,I27.png,27,10,3,3.57,0.92
I27_10_05.png,/kaggle/working/MDFS/data/KADID/extracted/kadid10k/images/I27_10_05.png,I27.png,27,10,5,1.47,0.499
I27_11_02.png,/kaggle/working/MDFS/data/KADID/extracted/kadid10k/images/I27_11_02.png,I27.png,27,11,2,3.0,0.718
I27_11_04.png,/kaggle/working/MDFS/data/KADID/extracted/kadid10k/images/I27_11_04.png,I27.png,27,11,4,2.33,0.65
I27_12_01.png,/kaggle/working/MDFS/data/KADID/extracted/kadid10k/images/I27_12_01.png,I27.png,27,12,1,4.23,0.716
I27_12_03.png,/kaggle/working/MDFS/data/KADID/extracted/kadid10k/images/I27_12_03.png,I27.png,27,12,3,2.63,0.795
I27_12_05.png,/kaggle/working/MDFS/data/KADID/extracted/kadid10k/images/I27_12_05.png,I27.png,27,12,5,1.97,0.547
I27_13_02.png,/kaggle/working/MDFS/data/KADID/extracted/kadid10k/images/I27_13_02.png,I27.png,27,13,2,3.0,0.775
I27_13_04.png,/kaggle/working/MDFS/data/KADID/extracted/kadid10k/images/I27_13_04.png,I27.png,27,13,4,2.3,0.69
I27_14_01.png,/kaggle/working/MDFS/data/KADID/extracted/kadid10k/images/I27_14_01.png,I27.png,27,14,1,3.67,0.83
I27_14_03.png,/kaggle/working/MDFS/data/KADID/extracted/kadid10k/images/I27_14_03.png,I27.png,27,14,3,2.16,0.723
I27_14_05.png,/kaggle/working/MDFS/data/KADID/extracted/kadid10k/images/I27_14_05.png,I27.png,27,14,5,1.63,0.657
I27_15_02.png,/kaggle/working/MDFS/data/KADID/extracted/kadid10k/images/I27_15_02.png,I27.png,27,15,2,2.4,0.757
I27_15_04.png,/kaggle/working/MDFS/data/KADID/extracted/kadid10k/images/I27_15_04.png,I27.png,27,15,4,1.77,0.423
I27_16_01.png,/kaggle/working/MDFS/data/KADID/extracted/kadid10k/images/I27_16_01.png,I27.png,27,16,1,4.27,0.629
I27_16_03.png,/kaggle/working/MDFS/data/KADID/extracted/kadid10k/images/I27_16_03.png,I27.png,27,16,3,2.77,0.803
I27_16_05.png,/kaggle/working/MDFS/data/KADID/extracted/kadid10k/images/I27_16_05.png,I27.png,27,16,5,1.47,0.661
I27_17_02.png,/kaggle/working/MDFS/data/KADID/extracted/kadid10k/images/I27_17_02.png,I27.png,27,17,2,4.43,0.496
I27_17_04.png,/kaggle/working/MDFS/data/KADID/extracted/kadid10k/images/I27_17_04.png,I27.png,27,17,4,3.8,0.476
I27_18_01.png,/kaggle/working/MDFS/data/KADID/extracted/kadid10k/images/I27_18_01.png,I27.png,27,18,1,3.6,0.757
I27_18_03.png,/kaggle/working/MDFS/data/KADID/extracted/kadid10k/images/I27_18_03.png,I27.png,27,18,3,4.57,0.496
I27_18_05.png,/kaggle/working/MDFS/data/KADID/extracted/kadid10k/images/I27_18_05.png,I27.png,27,18,5,4.03,0.647
I27_19_02.png,/kaggle/working/MDFS/data/KADID/extracted/kadid10k/images/I27_19_02.png,I27.png,27,19,2,3.8,0.702
I27_19_04.png,/kaggle/working/MDFS/data/KADID/extracted/kadid10k/images/I27_19_04.png,I27.png,27,19,4,1.53,0.718
I27_20_01.png,/kaggle/working/MDFS/data/KADID/extracted/kadid10k/images/I27_20_01.png,I27.png,27,20,1,4.53,0.562
I27_20_03.png,/kaggle/working/MDFS/data/KADID/extracted/kadid10k/images/I27_20_03.png,I27.png,27,20,3,3.47,1.087
I27_20_05.png,/kaggle/working/MDFS/data/KADID/extracted/kadid10k/images/I27_20_05.png,I27.png,27,20,5,2.47,1.087
I27_21_02.png,/kaggle/working/MDFS/data/KADID/extracted/kadid10k/images/I27_21_02.png,I27.png,27,21,2,2.13,0.718
I27_21_04.png,/kaggle/working/MDFS/data/KADID/extracted/kadid10k/images/I27_21_04.png,I27.png,27,21,4,1.84,0.712
I27_22_01.png,/kaggle/working/MDFS/data/KADID/extracted/kadid10k/images/I27_22_01.png,I27.png,27,22,1,3.9,0.79
I27_22_03.png,/kaggle/working/MDFS/data/KADID/extracted/kadid10k/images/I27_22_03.png,I27.png,27,22,3,3.4,0.987
I27_22_05.png,/kaggle/working/MDFS/data/KADID/extracted/kadid10k/images/I27_22_05.png,I27.png,27,22,5,1.97,0.752
I27_23_02.png,/kaggle/working/MDFS/data/KADID/extracted/kadid10k/images/I27_23_02.png,I27.png,27,23,2,2.4,1.052
I27_23_04.png,/kaggle/working/MDFS/data/KADID/extracted/kadid10k/images/I27_23_04.png,I27.png,27,23,4,2.33,0.907
I27_24_01.png,/kaggle/working/MDFS/data/KADID/extracted/kadid10k/images/I27_24_01.png,I27.png,27,24,1,2.83,1.098
I27_24_03.png,/kaggle/working/MDFS/data/KADID/extracted/kadid10k/images/I27_24_03.png,I27.png,27,24,3,1.67,0.699
I27_24_05.png,/kaggle/working/MDFS/data/KADID/extracted/kadid10k/images/I27_24_05.png,I27.png,27,24,5,1.13,0.34
I27_25_02.png,/kaggle/working/MDFS/data/KADID/extracted/kadid10k/images/I27_25_02.png,I27.png,27,25,2,3.73,0.814
I27_25_04.png,/kaggle/working/MDFS/data/KADID/extracted/kadid10k/images/I27_25_04.png,I27.png,27,25,4,4.0,0.577
I28_01_01.png,/kaggle/working/MDFS/data/KADID/extracted/kadid10k/images/I28_01_01.png,I28.png,28,1,1,4.57,0.496
I28_01_03.png,/kaggle/working/MDFS/data/KADID/extracted/kadid10k/images/I28_01_03.png,I28.png,28,1,3,4.0,0.775
I28_01_05.png,/kaggle/working/MDFS/data/KADID/extracted/kadid10k/images/I28_01_05.png,I28.png,28,1,5,1.37,0.482
I28_02_02.png,/kaggle/working/MDFS/data/KADID/extracted/kadid10k/images/I28_02_02.png,I28.png,28,2,2,3.2,0.833
I28_02_04.png,/kaggle/working/MDFS/data/KADID/extracted/kadid10k/images/I28_02_04.png,I28.png,28,2,4,1.67,0.537
I28_03_01.png,/kaggle/working/MDFS/data/KADID/extracted/kadid10k/images/I28_03_01.png,I28.png,28,3,1,4.47,0.718
I28_03_03.png,/kaggle/working/MDFS/data/KADID/extracted/kadid10k/images/I28_03_03.png,I28.png,28,3,3,3.9,0.907
I28_03_05.png,/kaggle/working/MDFS/data/KADID/extracted/kadid10k/images/I28_03_05.png,I28.png,28,3,5,2.17,0.687
I28_04_02.png,/kaggle/working/MDFS/data/KADID/extracted/kadid10k/images/I28_04_02.png,I28.png,28,4,2,2.43,0.844
I28_04_04.png,/kaggle/working/MDFS/data/KADID/extracted/kadid10k/images/I28_04_04.png,I28.png,28,4,4,1.33,0.596
I28_05_01.png,/kaggle/working/MDFS/data/KADID/extracted/kadid10k/images/I28_05_01.png,I28.png,28,5,1,4.33,0.83
I28_05_03.png,/kaggle/working/MDFS/data/KADID/extracted/kadid10k/images/I28_05_03.png,I28.png,28,5,3,3.43,0.761
I28_05_05.png,/kaggle/working/MDFS/data/KADID/extracted/kadid10k/images/I28_05_05.png,I28.png,28,5,5,3.0,0.931
I28_06_02.png,/kaggle/working/MDFS/data/KADID/extracted/kadid10k/images/I28_06_02.png,I28.png,28,6,2,3.6,0.841
I28_06_04.png,/kaggle/working/MDFS/data/KADID/extracted/kadid10k/images/I28_06_04.png,I28.png,28,6,4,3.4,0.879
I28_07_01.png,/kaggle/working/MDFS/data/KADID/extracted/kadid10k/images/I28_07_01.png,I28.png,28,7,1,2.47,0.991
I28_07_03.png,/kaggle/working/MDFS/data/KADID/extracted/kadid10k/images/I28_07_03.png,I28.png,28,7,3,1.93,0.68
I28_07_05.png,/kaggle/working/MDFS/data/KADID/extracted/kadid10k/images/I28_07_05.png,I28.png,28,7,5,2.0,1.033
I28_08_02.png,/kaggle/working/MDFS/data/KADID/extracted/kadid10k/images/I28_08_02.png,I28.png,28,8,2,3.53,1.056
I28_08_04.png,/kaggle/working/MDFS/data/KADID/extracted/kadid10k/images/I28_08_04.png,I28.png,28,8,4,1.57,0.616
I28_09_01.png,/kaggle/working/MDFS/data/KADID/extracted/kadid10k/images/I28_09_01.png,I28.png,28,9,1,4.4,0.757
I28_09_03.png,/kaggle/working/MDFS/data/KADID/extracted/kadid10k/images/I28_09_03.png,I28.png,28,9,3,4.47,0.763
I28_09_05.png,/kaggle/working/MDFS/data/KADID/extracted/kadid10k/images/I28_09_05.png,I28.png,28,9,5,1.4,0.554
I28_10_02.png,/kaggle/working/MDFS/data/KADID/extracted/kadid10k/images/I28_10_02.png,I28.png,28,10,2,4.13,0.991
I28_10_04.png,/kaggle/working/MDFS/data/KADID/extracted/kadid10k/images/I28_10_04.png,I28.png,28,10,4,2.03,0.657
I28_11_01.png,/kaggle/working/MDFS/data/KADID/extracted/kadid10k/images/I28_11_01.png,I28.png,28,11,1,4.1,0.79
I28_11_03.png,/kaggle/working/MDFS/data/KADID/extracted/kadid10k/images/I28_11_03.png,I28.png,28,11,3,2.93,0.964
I28_11_05.png,/kaggle/working/MDFS/data/KADID/extracted/kadid10k/images/I28_11_05.png,I28.png,28,11,5,2.33,0.83
I28_12_02.png,/kaggle/working/MDFS/data/KADID/extracted/kadid10k/images/I28_12_02.png,I28.png,28,12,2,3.6,0.841
I28_12_04.png,/kaggle/working/MDFS/data/KADID/extracted/kadid10k/images/I28_12_04.png,I28.png,28,12,4,2.67,0.65
I28_13_01.png,/kaggle/working/MDFS/data/KADID/extracted/kadid10k/images/I28_13_01.png,I28.png,28,13,1,3.13,0.846
I28_13_03.png,/kaggle/working/MDFS/data/KADID/extracted/kadid10k/images/I28_13_03.png,I28.png,28,13,3,2.6,0.917
I28_13_05.png,/kaggle/working/MDFS/data/KADID/extracted/kadid10k/images/I28_13_05.png,I28.png,28,13,5,2.17,0.778
I28_14_02.png,/kaggle/working/MDFS/data/KADID/extracted/kadid10k/images/I28_14_02.png,I28.png,28,14,2,3.97,0.706
I28_14_04.png,/kaggle/working/MDFS/data/KADID/extracted/kadid10k/images/I28_14_04.png,I28.png,28,14,4,2.73,0.727
I28_15_01.png,/kaggle/working/MDFS/data/KADID/extracted/kadid10k/images/I28_15_01.png,I28.png,28,15,1,3.53,0.763
I28_15_03.png,/kaggle/working/MDFS/data/KADID/extracted/kadid10k/images/I28_15_03.png,I28.png,28,15,3,2.27,0.68
I28_15_05.png,/kaggle/working/MDFS/data/KADID/extracted/kadid10k/images/I28_15_05.png,I28.png,28,15,5,1.57,0.496
I28_16_02.png,/kaggle/working/MDFS/data/KADID/extracted/kadid10k/images/I28_16_02.png,I28.png,28,16,2,4.53,0.618
I28_16_04.png,/kaggle/working/MDFS/data/KADID/extracted/kadid10k/images/I28_16_04.png,I28.png,28,16,4,3.1,0.978
I28_17_01.png,/kaggle/working/MDFS/data/KADID/extracted/kadid10k/images/I28_17_01.png,I28.png,28,17,1,4.77,0.423
I28_17_03.png,/kaggle/working/MDFS/data/KADID/extracted/kadid10k/images/I28_17_03.png,I28.png,28,17,3,4.2,0.872
I28_17_05.png,/kaggle/working/MDFS/data/KADID/extracted/kadid10k/images/I28_17_05.png,I28.png,28,17,5,2.0,0.683
I28_18_02.png,/kaggle/working/MDFS/data/KADID/extracted/kadid10k/images/I28_18_02.png,I28.png,28,18,2,4.6,0.663
I28_18_04.png,/kaggle/working/MDFS/data/KADID/extracted/kadid10k/images/I28_18_04.png,I28.png,28,18,4,4.53,0.618
I28_19_01.png,/kaggle/working/MDFS/data/KADID/extracted/kadid10k/images/I28_19_01.png,I28.png,28,19,1,4.5,0.671
I28_19_03.png,/kaggle/working/MDFS/data/KADID/extracted/kadid10k/images/I28_19_03.png,I28.png,28,19,3,3.77,0.716
I28_19_05.png,/kaggle/working/MDFS/data/KADID/extracted/kadid10k/images/I28_19_05.png,I28.png,28,19,5,1.53,0.499
I28_20_02.png,/kaggle/working/MDFS/data/KADID/extracted/kadid10k/images/I28_20_02.png,I28.png,28,20,2,3.5,0.957
I28_20_04.png,/kaggle/working/MDFS/data/KADID/extracted/kadid10k/images/I28_20_04.png,I28.png,28,20,4,3.13,1.176
I28_21_01.png,/kaggle/working/MDFS/data/KADID/extracted/kadid10k/images/I28_21_01.png,I28.png,28,21,1,4.0,0.775
I28_21_03.png,/kaggle/working/MDFS/data/KADID/extracted/kadid10k/images/I28_21_03.png,I28.png,28,21,3,3.23,1.174
I28_21_05.png,/kaggle/working/MDFS/data/KADID/extracted/kadid10k/images/I28_21_05.png,I28.png,28,21,5,1.77,0.955
I28_22_02.png,/kaggle/working/MDFS/data/KADID/extracted/kadid10k/images/I28_22_02.png,I28.png,28,22,2,3.53,1.147
I28_22_04.png,/kaggle/working/MDFS/data/KADID/extracted/kadid10k/images/I28_22_04.png,I28.png,28,22,4,2.93,1.062
I28_23_01.png,/kaggle/working/MDFS/data/KADID/extracted/kadid10k/images/I28_23_01.png,I28.png,28,23,1,3.3,1.242
I28_23_03.png,/kaggle/working/MDFS/data/KADID/extracted/kadid10k/images/I28_23_03.png,I28.png,28,23,3,2.69,1.014
I28_23_05.png,/kaggle/working/MDFS/data/KADID/extracted/kadid10k/images/I28_23_05.png,I28.png,28,23,5,2.03,0.948
I28_24_02.png,/kaggle/working/MDFS/data/KADID/extracted/kadid10k/images/I28_24_02.png,I28.png,28,24,2,3.0,0.966
I28_24_04.png,/kaggle/working/MDFS/data/KADID/extracted/kadid10k/images/I28_24_04.png,I28.png,28,24,4,2.13,0.763
I28_25_01.png,/kaggle/working/MDFS/data/KADID/extracted/kadid10k/images/I28_25_01.png,I28.png,28,25,1,3.48,0.911
I28_25_03.png,/kaggle/working/MDFS/data/KADID/extracted/kadid10k/images/I28_25_03.png,I28.png,28,25,3,4.43,0.716
I28_25_05.png,/kaggle/working/MDFS/data/KADID/extracted/kadid10k/images/I28_25_05.png,I28.png,28,25,5,3.73,0.929
I29_01_02.png,/kaggle/working/MDFS/data/KADID/extracted/kadid10k/images/I29_01_02.png,I29.png,29,1,2,4.4,0.554
I29_01_04.png,/kaggle/working/MDFS/data/KADID/extracted/kadid10k/images/I29_01_04.png,I29.png,29,1,4,1.87,0.67
I29_02_01.png,/kaggle/working/MDFS/data/KADID/extracted/kadid10k/images/I29_02_01.png,I29.png,29,2,1,4.2,0.702
I29_02_03.png,/kaggle/working/MDFS/data/KADID/extracted/kadid10k/images/I29_02_03.png,I29.png,29,2,3,1.73,0.727
I29_02_05.png,/kaggle/working/MDFS/data/KADID/extracted/kadid10k/images/I29_02_05.png,I29.png,29,2,5,1.17,0.373
I29_03_02.png,/kaggle/working/MDFS/data/KADID/extracted/kadid10k/images/I29_03_02.png,I29.png,29,3,2,4.4,0.611
I29_03_04.png,/kaggle/working/MDFS/data/KADID/extracted/kadid10k/images/I29_03_04.png,I29.png,29,3,4,2.33,0.471
I29_04_01.png,/kaggle/working/MDFS/data/KADID/extracted/kadid10k/images/I29_04_01.png,I29.png,29,4,1,4.5,0.563
I29_04_03.png,/kaggle/working/MDFS/data/KADID/extracted/kadid10k/images/I29_04_03.png,I29.png,29,4,3,1.27,0.442
I29_04_05.png,/kaggle/working/MDFS/data/KADID/extracted/kadid10k/images/I29_04_05.png,I29.png,29,4,5,1.03,0.18
I29_05_02.png,/kaggle/working/MDFS/data/KADID/extracted/kadid10k/images/I29_05_02.png,I29.png,29,5,2,2.87,0.763
I29_05_04.png,/kaggle/working/MDFS/data/KADID/extracted/kadid10k/images/I29_05_04.png,I29.png,29,5,4,1.57,0.616
I29_06_01.png,/kaggle/working/MDFS/data/KADID/extracted/kadid10k/images/I29_06_01.png,I29.png,29,6,1,3.83,0.934
I29_06_03.png,/kaggle/working/MDFS/data/KADID/extracted/kadid10k/images/I29_06_03.png,I29.png,29,6,3,3.47,0.957
I29_06_05.png,/kaggle/working/MDFS/data/KADID/extracted/kadid10k/images/I29_06_05.png,I29.png,29,6,5,2.87,0.806
I29_07_02.png,/kaggle/working/MDFS/data/KADID/extracted/kadid10k/images/I29_07_02.png,I29.png,29,7,2,2.2,1.046
I29_07_04.png,/kaggle/working/MDFS/data/KADID/extracted/kadid10k/images/I29_07_04.png,I29.png,29,7,4,2.43,1.146
I29_08_01.png,/kaggle/working/MDFS/data/KADID/extracted/kadid10k/images/I29_08_01.png,I29.png,29,8,1,4.57,0.559
I29_08_03.png,/kaggle/working/MDFS/data/KADID/extracted/kadid10k/images/I29_08_03.png,I29.png,29,8,3,1.93,0.892
I29_08_05.png,/kaggle/working/MDFS/data/KADID/extracted/kadid10k/images/I29_08_05.png,I29.png,29,8,5,1.13,0.34
I29_09_02.png,/kaggle/working/MDFS/data/KADID/extracted/kadid10k/images/I29_09_02.png,I29.png,29,9,2,4.77,0.423
I29_09_04.png,/kaggle/working/MDFS/data/KADID/extracted/kadid10k/images/I29_09_04.png,I29.png,29,9,4,4.23,0.869
I29_10_01.png,/kaggle/working/MDFS/data/KADID/extracted/kadid10k/images/I29_10_01.png,I29.png,29,10,1,4.53,0.618
I29_10_03.png,/kaggle/working/MDFS/data/KADID/extracted/kadid10k/images/I29_10_03.png,I29.png,29,10,3,3.63,0.795
I29_10_05.png,/kaggle/working/MDFS/data/KADID/extracted/kadid10k/images/I29_10_05.png,I29.png,29,10,5,1.3,0.526
I29_11_02.png,/kaggle/working/MDFS/data/KADID/extracted/kadid10k/images/I29_11_02.png,I29.png,29,11,2,3.37,1.016
I29_11_04.png,/kaggle/working/MDFS/data/KADID/extracted/kadid10k/images/I29_11_04.png,I29.png,29,11,4,2.9,0.943
I29_12_01.png,/kaggle/working/MDFS/data/KADID/extracted/kadid10k/images/I29_12_01.png,I29.png,29,12,1,4.57,0.496
I29_12_03.png,/kaggle/working/MDFS/data/KADID/extracted/kadid10k/images/I29_12_03.png,I29.png,29,12,3,3.33,0.789
I29_12_05.png,/kaggle/working/MDFS/data/KADID/extracted/kadid10k/images/I29_12_05.png,I29.png,29,12,5,2.23,0.716
I29_13_02.png,/kaggle/working/MDFS/data/KADID/extracted/kadid10k/images/I29_13_02.png,I29.png,29,13,2,2.83,0.82
I29_13_04.png,/kaggle/working/MDFS/data/KADID/extracted/kadid10k/images/I29_13_04.png,I29.png,29,13,4,2.27,0.772
I29_14_01.png,/kaggle/working/MDFS/data/KADID/extracted/kadid10k/images/I29_14_01.png,I29.png,29,14,1,4.63,0.657
I29_14_03.png,/kaggle/working/MDFS/data/KADID/extracted/kadid10k/images/I29_14_03.png,I29.png,29,14,3,3.7,0.69
I29_14_05.png,/kaggle/working/MDFS/data/KADID/extracted/kadid10k/images/I29_14_05.png,I29.png,29,14,5,2.17,0.687
I29_15_02.png,/kaggle/working/MDFS/data/KADID/extracted/kadid10k/images/I29_15_02.png,I29.png,29,15,2,2.73,0.854
I29_15_04.png,/kaggle/working/MDFS/data/KADID/extracted/kadid10k/images/I29_15_04.png,I29.png,29,15,4,1.67,0.537
I29_16_01.png,/kaggle/working/MDFS/data/KADID/extracted/kadid10k/images/I29_16_01.png,I29.png,29,16,1,4.6,0.49
I29_16_03.png,/kaggle/working/MDFS/data/KADID/extracted/kadid10k/images/I29_16_03.png,I29.png,29,16,3,3.57,0.716
I29_16_05.png,/kaggle/working/MDFS/data/KADID/extracted/kadid10k/images/I29_16_05.png,I29.png,29,16,5,1.87,0.806
I29_17_02.png,/kaggle/working/MDFS/data/KADID/extracted/kadid10k/images/I29_17_02.png,I29.png,29,17,2,4.57,0.496
I29_17_04.png,/kaggle/working/MDFS/data/KADID/extracted/kadid10k/images/I29_17_04.png,I29.png,29,17,4,3.57,0.844
I29_18_01.png,/kaggle/working/MDFS/data/KADID/extracted/kadid10k/images/I29_18_01.png,I29.png,29,18,1,4.13,0.67
I29_18_03.png,/kaggle/working/MDFS/data/KADID/extracted/kadid10k/images/I29_18_03.png,I29.png,29,18,3,4.83,0.373
I29_18_05.png,/kaggle/working/MDFS/data/KADID/extracted/kadid10k/images/I29_18_05.png,I29.png,29,18,5,3.83,0.582
I29_19_02.png,/kaggle/working/MDFS/data/KADID/extracted/kadid10k/images/I29_19_02.png,I29.png,29,19,2,4.23,0.423
I29_19_04.png,/kaggle/working/MDFS/data/KADID/extracted/kadid10k/images/I29_19_04.png,I29.png,29,19,4,2.1,0.7
I29_20_01.png,/kaggle/working/MDFS/data/KADID/extracted/kadid10k/images/I29_20_01.png,I29.png,29,20,1,4.53,0.763
I29_20_03.png,/kaggle/working/MDFS/data/KADID/extracted/kadid10k/images/I29_20_03.png,I29.png,29,20,3,3.03,1.169
I29_20_05.png,/kaggle/working/MDFS/data/KADID/extracted/kadid10k/images/I29_20_05.png,I29.png,29,20,5,4.03,1.11
I29_21_02.png,/kaggle/working/MDFS/data/KADID/extracted/kadid10k/images/I29_21_02.png,I29.png,29,21,2,3.4,1.02
I29_21_04.png,/kaggle/working/MDFS/data/KADID/extracted/kadid10k/images/I29_21_04.png,I29.png,29,21,4,3.4,0.952
I29_22_01.png,/kaggle/working/MDFS/data/KADID/extracted/kadid10k/images/I29_22_01.png,I29.png,29,22,1,3.5,0.885
I29_22_03.png,/kaggle/working/MDFS/data/KADID/extracted/kadid10k/images/I29_22_03.png,I29.png,29,22,3,2.5,0.922
I29_22_05.png,/kaggle/working/MDFS/data/KADID/extracted/kadid10k/images/I29_22_05.png,I29.png,29,22,5,1.97,0.657
I29_23_02.png,/kaggle/working/MDFS/data/KADID/extracted/kadid10k/images/I29_23_02.png,I29.png,29,23,2,1.8,0.792
I29_23_04.png,/kaggle/working/MDFS/data/KADID/extracted/kadid10k/images/I29_23_04.png,I29.png,29,23,4,2.3,0.69
I29_24_01.png,/kaggle/working/MDFS/data/KADID/extracted/kadid10k/images/I29_24_01.png,I29.png,29,24,1,4.0,0.73
I29_24_03.png,/kaggle/working/MDFS/data/KADID/extracted/kadid10k/images/I29_24_03.png,I29.png,29,24,3,2.1,0.7
I29_24_05.png,/kaggle/working/MDFS/data/KADID/extracted/kadid10k/images/I29_24_05.png,I29.png,29,24,5,1.53,0.763
I29_25_02.png,/kaggle/working/MDFS/data/KADID/extracted/kadid10k/images/I29_25_02.png,I29.png,29,25,2,3.74,0.566
I29_25_04.png,/kaggle/working/MDFS/data/KADID/extracted/kadid10k/images/I29_25_04.png,I29.png,29,25,4,4.07,0.727
I30_01_01.png,/kaggle/working/MDFS/data/KADID/extracted/kadid10k/images/I30_01_01.png,I30.png,30,1,1,4.6,0.49
I30_01_03.png,/kaggle/working/MDFS/data/KADID/extracted/kadid10k/images/I30_01_03.png,I30.png,30,1,3,3.93,0.814
I30_01_05.png,/kaggle/working/MDFS/data/KADID/extracted/kadid10k/images/I30_01_05.png,I30.png,30,1,5,1.26,0.566
I30_02_02.png,/kaggle/working/MDFS/data/KADID/extracted/kadid10k/images/I30_02_02.png,I30.png,30,2,2,3.71,0.887
I30_02_04.png,/kaggle/working/MDFS/data/KADID/extracted/kadid10k/images/I30_02_04.png,I30.png,30,2,4,1.77,0.559
I30_03_01.png,/kaggle/working/MDFS/data/KADID/extracted/kadid10k/images/I30_03_01.png,I30.png,30,3,1,4.67,0.471
I30_03_03.png,/kaggle/working/MDFS/data/KADID/extracted/kadid10k/images/I30_03_03.png,I30.png,30,3,3,3.7,1.069
I30_03_05.png,/kaggle/working/MDFS/data/KADID/extracted/kadid10k/images/I30_03_05.png,I30.png,30,3,5,2.33,0.745
I30_04_02.png,/kaggle/working/MDFS/data/KADID/extracted/kadid10k/images/I30_04_02.png,I30.png,30,4,2,3.3,0.737
I30_04_04.png,/kaggle/working/MDFS/data/KADID/extracted/kadid10k/images/I30_04_04.png,I30.png,30,4,4,1.5,0.619
I30_05_01.png,/kaggle/working/MDFS/data/KADID/extracted/kadid10k/images/I30_05_01.png,I30.png,30,5,1,4.77,0.423
I30_05_03.png,/kaggle/working/MDFS/data/KADID/extracted/kadid10k/images/I30_05_03.png,I30.png,30,5,3,2.9,1.165
I30_05_05.png,/kaggle/working/MDFS/data/KADID/extracted/kadid10k/images/I30_05_05.png,I30.png,30,5,5,2.5,0.922
I30_06_02.png,/kaggle/working/MDFS/data/KADID/extracted/kadid10k/images/I30_06_02.png,I30.png,30,6,2,4.37,0.795
I30_06_04.png,/kaggle/working/MDFS/data/KADID/extracted/kadid10k/images/I30_06_04.png,I30.png,30,6,4,3.83,1.003
I30_07_01.png,/kaggle/working/MDFS/data/KADID/extracted/kadid10k/images/I30_07_01.png,I30.png,30,7,1,3.4,0.663
I30_07_03.png,/kaggle/working/MDFS/data/KADID/extracted/kadid10k/images/I30_07_03.png,I30.png,30,7,3,2.2,0.98
I30_07_05.png,/kaggle/working/MDFS/data/KADID/extracted/kadid10k/images/I30_07_05.png,I30.png,30,7,5,1.93,0.892
I30_08_02.png,/kaggle/working/MDFS/data/KADID/extracted/kadid10k/images/I30_08_02.png,I30.png,30,8,2,4.3,0.586
I30_08_04.png,/kaggle/working/MDFS/data/KADID/extracted/kadid10k/images/I30_08_04.png,I30.png,30,8,4,2.6,1.052
I30_09_01.png,/kaggle/working/MDFS/data/KADID/extracted/kadid10k/images/I30_09_01.png,I30.png,30,9,1,4.68,0.467
I30_09_03.png,/kaggle/working/MDFS/data/KADID/extracted/kadid10k/images/I30_09_03.png,I30.png,30,9,3,4.73,0.442
I30_09_05.png,/kaggle/working/MDFS/data/KADID/extracted/kadid10k/images/I30_09_05.png,I30.png,30,9,5,1.73,0.772
I30_10_02.png,/kaggle/working/MDFS/data/KADID/extracted/kadid10k/images/I30_10_02.png,I30.png,30,10,2,4.47,0.499
I30_10_04.png,/kaggle/working/MDFS/data/KADID/extracted/kadid10k/images/I30_10_04.png,I30.png,30,10,4,1.77,0.489
I30_11_01.png,/kaggle/working/MDFS/data/KADID/extracted/kadid10k/images/I30_11_01.png,I30.png,30,11,1,3.67,0.907
I30_11_03.png,/kaggle/working/MDFS/data/KADID/extracted/kadid10k/images/I30_11_03.png,I30.png,30,11,3,2.97,0.752
I30_11_05.png,/kaggle/working/MDFS/data/KADID/extracted/kadid10k/images/I30_11_05.png,I30.png,30,11,5,2.32,0.642
I30_12_02.png,/kaggle/working/MDFS/data/KADID/extracted/kadid10k/images/I30_12_02.png,I30.png,30,12,2,3.4,0.663
I30_12_04.png,/kaggle/working/MDFS/data/KADID/extracted/kadid10k/images/I30_12_04.png,I30.png,30,12,4,2.77,1.116
I30_13_01.png,/kaggle/working/MDFS/data/KADID/extracted/kadid10k/images/I30_13_01.png,I30.png,30,13,1,3.77,0.883
I30_13_03.png,/kaggle/working/MDFS/data/KADID/extracted/kadid10k/images/I30_13_03.png,I30.png,30,13,3,2.53,0.846
I30_13_05.png,/kaggle/working/MDFS/data/KADID/extracted/kadid10k/images/I30_13_05.png,I30.png,30,13,5,2.26,0.566
I30_14_02.png,/kaggle/working/MDFS/data/KADID/extracted/kadid10k/images/I30_14_02.png,I30.png,30,14,2,3.17,0.778
I30_14_04.png,/kaggle/working/MDFS/data/KADID/extracted/kadid10k/images/I30_14_04.png,I30.png,30,14,4,2.3,0.69
I30_15_01.png,/kaggle/working/MDFS/data/KADID/extracted/kadid10k/images/I30_15_01.png,I30.png,30,15,1,3.87,0.991
I30_15_03.png,/kaggle/working/MDFS/data/KADID/extracted/kadid10k/images/I30_15_03.png,I30.png,30,15,3,2.13,0.67
I30_15_05.png,/kaggle/working/MDFS/data/KADID/extracted/kadid10k/images/I30_15_05.png,I30.png,30,15,5,1.3,0.458
I30_16_02.png,/kaggle/working/MDFS/data/KADID/extracted/kadid10k/images/I30_16_02.png,I30.png,30,16,2,4.2,0.542
I30_16_04.png,/kaggle/working/MDFS/data/KADID/extracted/kadid10k/images/I30_16_04.png,I30.png,30,16,4,2.5,0.764
I30_17_01.png,/kaggle/working/MDFS/data/KADID/extracted/kadid10k/images/I30_17_01.png,I30.png,30,17,1,4.73,0.629
I30_17_03.png,/kaggle/working/MDFS/data/KADID/extracted/kadid10k/images/I30_17_03.png,I30.png,30,17,3,4.4,0.49
I30_17_05.png,/kaggle/working/MDFS/data/KADID/extracted/kadid10k/images/I30_17_05.png,I30.png,30,17,5,2.67,0.869
I30_18_02.png,/kaggle/working/MDFS/data/KADID/extracted/kadid10k/images/I30_18_02.png,I30.png,30,18,2,4.53,0.67
I30_18_04.png,/kaggle/working/MDFS/data/KADID/extracted/kadid10k/images/I30_18_04.png,I30.png,30,18,4,4.61,0.487
I30_19_01.png,/kaggle/working/MDFS/data/KADID/extracted/kadid10k/images/I30_19_01.png,I30.png,30,19,1,4.9,0.3
I30_19_03.png,/kaggle/working/MDFS/data/KADID/extracted/kadid10k/images/I30_19_03.png,I30.png,30,19,3,4.27,0.727
I30_19_05.png,/kaggle/working/MDFS/data/KADID/extracted/kadid10k/images/I30_19_05.png,I30.png,30,19,5,1.83,0.453
I30_20_02.png,/kaggle/working/MDFS/data/KADID/extracted/kadid10k/images/I30_20_02.png,I30.png,30,20,2,3.67,1.011
I30_20_04.png,/kaggle/working/MDFS/data/KADID/extracted/kadid10k/images/I30_20_04.png,I30.png,30,20,4,3.81,1.044
I30_21_01.png,/kaggle/working/MDFS/data/KADID/extracted/kadid10k/images/I30_21_01.png,I30.png,30,21,1,4.27,0.772
I30_21_03.png,/kaggle/working/MDFS/data/KADID/extracted/kadid10k/images/I30_21_03.png,I30.png,30,21,3,3.68,1.028
I30_21_05.png,/kaggle/working/MDFS/data/KADID/extracted/kadid10k/images/I30_21_05.png,I30.png,30,21,5,2.0,0.816
I30_22_02.png,/kaggle/working/MDFS/data/KADID/extracted/kadid10k/images/I30_22_02.png,I30.png,30,22,2,3.67,0.907
I30_22_04.png,/kaggle/working/MDFS/data/KADID/extracted/kadid10k/images/I30_22_04.png,I30.png,30,22,4,2.77,0.955
I30_23_01.png,/kaggle/working/MDFS/data/KADID/extracted/kadid10k/images/I30_23_01.png,I30.png,30,23,1,2.33,0.83
I30_23_03.png,/kaggle/working/MDFS/data/KADID/extracted/kadid10k/images/I30_23_03.png,I30.png,30,23,3,2.27,0.929
I30_23_05.png,/kaggle/working/MDFS/data/KADID/extracted/kadid10k/images/I30_23_05.png,I30.png,30,23,5,2.4,0.8
I30_24_02.png,/kaggle/working/MDFS/data/KADID/extracted/kadid10k/images/I30_24_02.png,I30.png,30,24,2,3.7,0.781
I30_24_04.png,/kaggle/working/MDFS/data/KADID/extracted/kadid10k/images/I30_24_04.png,I30.png,30,24,4,2.2,0.792
I30_25_01.png,/kaggle/working/MDFS/data/KADID/extracted/kadid10k/images/I30_25_01.png,I30.png,30,25,1,3.63,0.948
I30_25_03.png,/kaggle/working/MDFS/data/KADID/extracted/kadid10k/images/I30_25_03.png,I30.png,30,25,3,4.8,0.4
I30_25_05.png,/kaggle/working/MDFS/data/KADID/extracted/kadid10k/images/I30_25_05.png,I30.png,30,25,5,3.73,0.929
I31_01_02.png,/kaggle/working/MDFS/data/KADID/extracted/kadid10k/images/I31_01_02.png,I31.png,31,1,2,4.63,0.657
I31_01_04.png,/kaggle/working/MDFS/data/KADID/extracted/kadid10k/images/I31_01_04.png,I31.png,31,1,4,1.83,0.522
I31_02_01.png,/kaggle/working/MDFS/data/KADID/extracted/kadid10k/images/I31_02_01.png,I31.png,31,2,1,4.2,0.653
I31_02_03.png,/kaggle/working/MDFS/data/KADID/extracted/kadid10k/images/I31_02_03.png,I31.png,31,2,3,1.87,0.763
I31_02_05.png,/kaggle/working/MDFS/data/KADID/extracted/kadid10k/images/I31_02_05.png,I31.png,31,2,5,1.37,0.482
I31_03_02.png,/kaggle/working/MDFS/data/KADID/extracted/kadid10k/images/I31_03_02.png,I31.png,31,3,2,4.23,0.616
I31_03_04.png,/kaggle/working/MDFS/data/KADID/extracted/kadid10k/images/I31_03_04.png,I31.png,31,3,4,2.33,0.699
I31_04_01.png,/kaggle/working/MDFS/data/KADID/extracted/kadid10k/images/I31_04_01.png,I31.png,31,4,1,4.63,0.547
I31_04_03.png,/kaggle/working/MDFS/data/KADID/extracted/kadid10k/images/I31_04_03.png,I31.png,31,4,3,2.53,0.884
I31_04_05.png,/kaggle/working/MDFS/data/KADID/extracted/kadid10k/images/I31_04_05.png,I31.png,31,4,5,1.5,0.619
I31_05_02.png,/kaggle/working/MDFS/data/KADID/extracted/kadid10k/images/I31_05_02.png,I31.png,31,5,2,2.7,0.69
I31_05_04.png,/kaggle/working/MDFS/data/KADID/extracted/kadid10k/images/I31_05_04.png,I31.png,31,5,4,1.9,0.79
I31_06_01.png,/kaggle/working/MDFS/data/KADID/extracted/kadid10k/images/I31_06_01.png,I31.png,31,6,1,4.5,0.5
I31_06_03.png,/kaggle/working/MDFS/data/KADID/extracted/kadid10k/images/I31_06_03.png,I31.png,31,6,3,3.63,1.08
I31_06_05.png,/kaggle/working/MDFS/data/KADID/extracted/kadid10k/images/I31_06_05.png,I31.png,31,6,5,2.4,0.841
I31_07_02.png,/kaggle/working/MDFS/data/KADID/extracted/kadid10k/images/I31_07_02.png,I31.png,31,7,2,2.53,1.145
I31_07_04.png,/kaggle/working/MDFS/data/KADID/extracted/kadid10k/images/I31_07_04.png,I31.png,31,7,4,2.57,1.023
I31_08_01.png,/kaggle/working/MDFS/data/KADID/extracted/kadid10k/images/I31_08_01.png,I31.png,31,8,1,4.61,0.487
I31_08_03.png,/kaggle/working/MDFS/data/KADID/extracted/kadid10k/images/I31_08_03.png,I31.png,31,8,3,3.23,0.955
I31_08_05.png,/kaggle/working/MDFS/data/KADID/extracted/kadid10k/images/I31_08_05.png,I31.png,31,8,5,1.83,0.734
I31_09_02.png,/kaggle/working/MDFS/data/KADID/extracted/kadid10k/images/I31_09_02.png,I31.png,31,9,2,4.23,0.716
I31_09_04.png,/kaggle/working/MDFS/data/KADID/extracted/kadid10k/images/I31_09_04.png,I31.png,31,9,4,2.47,0.806
I31_10_01.png,/kaggle/working/MDFS/data/KADID/extracted/kadid10k/images/I31_10_01.png,I31.png,31,10,1,4.63,0.482
I31_10_03.png,/kaggle/working/MDFS/data/KADID/extracted/kadid10k/images/I31_10_03.png,I31.png,31,10,3,4.27,0.772
I31_10_05.png,/kaggle/working/MDFS/data/KADID/extracted/kadid10k/images/I31_10_05.png,I31.png,31,10,5,1.67,0.789
I31_11_02.png,/kaggle/working/MDFS/data/KADID/extracted/kadid10k/images/I31_11_02.png,I31.png,31,11,2,3.57,0.92
I31_11_04.png,/kaggle/working/MDFS/data/KADID/extracted/kadid10k/images/I31_11_04.png,I31.png,31,11,4,2.87,0.846
I31_12_01.png,/kaggle/working/MDFS/data/KADID/extracted/kadid10k/images/I31_12_01.png,I31.png,31,12,1,4.57,0.496
I31_12_03.png,/kaggle/working/MDFS/data/KADID/extracted/kadid10k/images/I31_12_03.png,I31.png,31,12,3,3.33,0.745
I31_12_05.png,/kaggle/working/MDFS/data/KADID/extracted/kadid10k/images/I31_12_05.png,I31.png,31,12,5,2.57,0.844
I31_13_02.png,/kaggle/working/MDFS/data/KADID/extracted/kadid10k/images/I31_13_02.png,I31.png,31,13,2,3.2,0.792
I31_13_04.png,/kaggle/working/MDFS/data/KADID/extracted/kadid10k/images/I31_13_04.png,I31.png,31,13,4,2.27,0.814
I31_14_01.png,/kaggle/working/MDFS/data/KADID/extracted/kadid10k/images/I31_14_01.png,I31.png,31,14,1,4.6,0.49
I31_14_03.png,/kaggle/working/MDFS/data/KADID/extracted/kadid10k/images/I31_14_03.png,I31.png,31,14,3,3.23,0.92
I31_14_05.png,/kaggle/working/MDFS/data/KADID/extracted/kadid10k/images/I31_14_05.png,I31.png,31,14,5,2.43,0.716
I31_15_02.png,/kaggle/working/MDFS/data/KADID/extracted/kadid10k/images/I31_15_02.png,I31.png,31,15,2,3.27,0.727
I31_15_04.png,/kaggle/working/MDFS/data/KADID/extracted/kadid10k/images/I31_15_04.png,I31.png,31,15,4,2.03,0.605
I31_16_01.png,/kaggle/working/MDFS/data/KADID/extracted/kadid10k/images/I31_16_01.png,I31.png,31,16,1,4.57,0.496
I31_16_03.png,/kaggle/working/MDFS/data/KADID/extracted/kadid10k/images/I31_16_03.png,I31.png,31,16,3,3.8,0.748
I31_16_05.png,/kaggle/working/MDFS/data/KADID/extracted/kadid10k/images/I31_16_05.png,I31.png,31,16,5,1.93,0.772
I31_17_02.png,/kaggle/working/MDFS/data/KADID/extracted/kadid10k/images/I31_17_02.png,I31.png,31,17,2,4.47,0.499
I31_17_04.png,/kaggle/working/MDFS/data/KADID/extracted/kadid10k/images/I31_17_04.png,I31.png,31,17,4,3.73,0.814
I31_18_01.png,/kaggle/working/MDFS/data/KADID/extracted/kadid10k/images/I31_18_01.png,I31.png,31,18,1,4.6,0.49
I31_18_03.png,/kaggle/working/MDFS/data/KADID/extracted/kadid10k/images/I31_18_03.png,I31.png,31,18,3,4.81,0.395
I31_18_05.png,/kaggle/working/MDFS/data/KADID/extracted/kadid10k/images/I31_18_05.png,I31.png,31,18,5,3.87,0.763
I31_19_02.png,/kaggle/working/MDFS/data/KADID/extracted/kadid10k/images/I31_19_02.png,I31.png,31,19,2,4.1,0.7
I31_19_04.png,/kaggle/working/MDFS/data/KADID/extracted/kadid10k/images/I31_19_04.png,I31.png,31,19,4,2.07,0.772
I31_20_01.png,/kaggle/working/MDFS/data/KADID/extracted/kadid10k/images/I31_20_01.png,I31.png,31,20,1,4.7,0.458
I31_20_03.png,/kaggle/working/MDFS/data/KADID/extracted/kadid10k/images/I31_20_03.png,I31.png,31,20,3,4.17,1.003
I31_20_05.png,/kaggle/working/MDFS/data/KADID/extracted/kadid10k/images/I31_20_05.png,I31.png,31,20,5,4.27,0.772
I31_21_02.png,/kaggle/working/MDFS/data/KADID/extracted/kadid10k/images/I31_21_02.png,I31.png,31,21,2,3.43,0.989
I31_21_04.png,/kaggle/working/MDFS/data/KADID/extracted/kadid10k/images/I31_21_04.png,I31.png,31,21,4,3.47,0.846
I31_22_01.png,/kaggle/working/MDFS/data/KADID/extracted/kadid10k/images/I31_22_01.png,I31.png,31,22,1,4.17,0.637
I31_22_03.png,/kaggle/working/MDFS/data/KADID/extracted/kadid10k/images/I31_22_03.png,I31.png,31,22,3,3.3,1.005
I31_22_05.png,/kaggle/working/MDFS/data/KADID/extracted/kadid10k/images/I31_22_05.png,I31.png,31,22,5,3.03,1.224
I31_23_02.png,/kaggle/working/MDFS/data/KADID/extracted/kadid10k/images/I31_23_02.png,I31.png,31,23,2,2.6,0.987
I31_23_04.png,/kaggle/working/MDFS/data/KADID/extracted/kadid10k/images/I31_23_04.png,I31.png,31,23,4,2.23,1.007
I31_24_01.png,/kaggle/working/MDFS/data/KADID/extracted/kadid10k/images/I31_24_01.png,I31.png,31,24,1,3.77,0.761
I31_24_03.png,/kaggle/working/MDFS/data/KADID/extracted/kadid10k/images/I31_24_03.png,I31.png,31,24,3,2.17,0.734
I31_24_05.png,/kaggle/working/MDFS/data/KADID/extracted/kadid10k/images/I31_24_05.png,I31.png,31,24,5,1.48,0.561
I31_25_02.png,/kaggle/working/MDFS/data/KADID/extracted/kadid10k/images/I31_25_02.png,I31.png,31,25,2,4.1,0.64
I31_25_04.png,/kaggle/working/MDFS/data/KADID/extracted/kadid10k/images/I31_25_04.png,I31.png,31,25,4,4.3,0.781
I32_01_01.png,/kaggle/working/MDFS/data/KADID/extracted/kadid10k/images/I32_01_01.png,I32.png,32,1,1,4.5,0.719
I32_01_03.png,/kaggle/working/MDFS/data/KADID/extracted/kadid10k/images/I32_01_03.png,I32.png,32,1,3,2.73,0.998
I32_01_05.png,/kaggle/working/MDFS/data/KADID/extracted/kadid10k/images/I32_01_05.png,I32.png,32,1,5,1.1,0.3
I32_02_02.png,/kaggle/working/MDFS/data/KADID/extracted/kadid10k/images/I32_02_02.png,I32.png,32,2,2,2.37,0.795
I32_02_04.png,/kaggle/working/MDFS/data/KADID/extracted/kadid10k/images/I32_02_04.png,I32.png,32,2,4,1.27,0.512
I32_03_01.png,/kaggle/working/MDFS/data/KADID/extracted/kadid10k/images/I32_03_01.png,I32.png,32,3,1,4.57,0.716
I32_03_03.png,/kaggle/working/MDFS/data/KADID/extracted/kadid10k/images/I32_03_03.png,I32.png,32,3,3,2.77,0.716
I32_03_05.png,/kaggle/working/MDFS/data/KADID/extracted/kadid10k/images/I32_03_05.png,I32.png,32,3,5,1.6,0.554
I32_04_02.png,/kaggle/working/MDFS/data/KADID/extracted/kadid10k/images/I32_04_02.png,I32.png,32,4,2,1.77,0.616
I32_04_04.png,/kaggle/working/MDFS/data/KADID/extracted/kadid10k/images/I32_04_04.png,I32.png,32,4,4,1.5,0.619
I32_05_01.png,/kaggle/working/MDFS/data/KADID/extracted/kadid10k/images/I32_05_01.png,I32.png,32,5,1,4.3,0.737
I32_05_03.png,/kaggle/working/MDFS/data/KADID/extracted/kadid10k/images/I32_05_03.png,I32.png,32,5,3,1.73,0.68
I32_05_05.png,/kaggle/working/MDFS/data/KADID/extracted/kadid10k/images/I32_05_05.png,I32.png,32,5,5,1.6,0.611
I32_06_02.png,/kaggle/working/MDFS/data/KADID/extracted/kadid10k/images/I32_06_02.png,I32.png,32,6,2,3.72,0.717
I32_06_04.png,/kaggle/working/MDFS/data/KADID/extracted/kadid10k/images/I32_06_04.png,I32.png,32,6,4,3.4,0.841
I32_07_01.png,/kaggle/working/MDFS/data/KADID/extracted/kadid10k/images/I32_07_01.png,I32.png,32,7,1,2.2,1.013
I32_07_03.png,/kaggle/working/MDFS/data/KADID/extracted/kadid10k/images/I32_07_03.png,I32.png,32,7,3,2.3,1.038
I32_07_05.png,/kaggle/working/MDFS/data/KADID/extracted/kadid10k/images/I32_07_05.png,I32.png,32,7,5,1.9,1.012
I32_08_02.png,/kaggle/working/MDFS/data/KADID/extracted/kadid10k/images/I32_08_02.png,I32.png,32,8,2,2.3,0.823
I32_08_04.png,/kaggle/working/MDFS/data/KADID/extracted/kadid10k/images/I32_08_04.png,I32.png,32,8,4,1.6,0.917
I32_09_01.png,/kaggle/working/MDFS/data/KADID/extracted/kadid10k/images/I32_09_01.png,I32.png,32,9,1,4.47,0.67
I32_09_03.png,/kaggle/working/MDFS/data/KADID/extracted/kadid10k/images/I32_09_03.png,I32.png,32,9,3,3.87,0.921
I32_09_05.png,/kaggle/working/MDFS/data/KADID/extracted/kadid10k/images/I32_09_05.png,I32.png,32,9,5,1.23,0.496
I32_10_02.png,/kaggle/working/MDFS/data/KADID/extracted/kadid10k/images/I32_10_02.png,I32.png,32,10,2,3.97,0.752
I32_10_04.png,/kaggle/working/MDFS/data/KADID/extracted/kadid10k/images/I32_10_04.png,I32.png,32,10,4,1.7,0.823
I32_11_01.png,/kaggle/working/MDFS/data/KADID/extracted/kadid10k/images/I32_11_01.png,I32.png,32,11,1,3.27,0.892
I32_11_03.png,/kaggle/working/MDFS/data/KADID/extracted/kadid10k/images/I32_11_03.png,I32.png,32,11,3,2.5,0.885
I32_11_05.png,/kaggle/working/MDFS/data/KADID/extracted/kadid10k/images/I32_11_05.png,I32.png,32,11,5,1.9,0.597
I32_12_02.png,/kaggle/working/MDFS/data/KADID/extracted/kadid10k/images/I32_12_02.png,I32.png,32,12,2,3.03,0.836
I32_12_04.png,/kaggle/working/MDFS/data/KADID/extracted/kadid10k/images/I32_12_04.png,I32.png,32,12,4,2.2,0.6
I32_13_01.png,/kaggle/working/MDFS/data/KADID/extracted/kadid10k/images/I32_13_01.png,I32.png,32,13,1,2.9,0.831
I32_13_03.png,/kaggle/working/MDFS/data/KADID/extracted/kadid10k/images/I32_13_03.png,I32.png,32,13,3,2.5,0.847
I32_13_05.png,/kaggle/working/MDFS/data/KADID/extracted/kadid10k/images/I32_13_05.png,I32.png,32,13,5,2.0,0.632
I32_14_02.png,/kaggle/working/MDFS/data/KADID/extracted/kadid10k/images/I32_14_02.png,I32.png,32,14,2,2.43,0.955
I32_14_04.png,/kaggle/working/MDFS/data/KADID/extracted/kadid10k/images/I32_14_04.png,I32.png,32,14,4,2.0,0.775
I32_15_01.png,/kaggle/working/MDFS/data/KADID/extracted/kadid10k/images/I32_15_01.png,I32.png,32,15,1,2.6,1.02
I32_15_03.png,/kaggle/working/MDFS/data/KADID/extracted/kadid10k/images/I32_15_03.png,I32.png,32,15,3,1.39,0.487
I32_15_05.png,/kaggle/working/MDFS/data/KADID/extracted/kadid10k/images/I32_15_05.png,I32.png,32,15,5,1.3,0.458
I32_16_02.png,/kaggle/working/MDFS/data/KADID/extracted/kadid10k/images/I32_16_02.png,I32.png,32,16,2,3.57,0.667
I32_16_04.png,/kaggle/working/MDFS/data/KADID/extracted/kadid10k/images/I32_16_04.png,I32.png,32,16,4,1.8,0.748
I32_17_01.png,/kaggle/working/MDFS/data/KADID/extracted/kadid10k/images/I32_17_01.png,I32.png,32,17,1,4.6,0.712
I32_17_03.png,/kaggle/working/MDFS/data/KADID/extracted/kadid10k/images/I32_17_03.png,I32.png,32,17,3,4.07,0.772
I32_17_05.png,/kaggle/working/MDFS/data/KADID/extracted/kadid10k/images/I32_17_05.png,I32.png,32,17,5,2.57,0.92
I32_18_02.png,/kaggle/working/MDFS/data/KADID/extracted/kadid10k/images/I32_18_02.png,I32.png,32,18,2,4.3,0.823
I32_18_04.png,/kaggle/working/MDFS/data/KADID/extracted/kadid10k/images/I32_18_04.png,I32.png,32,18,4,4.07,0.727
I32_19_01.png,/kaggle/working/MDFS/data/KADID/extracted/kadid10k/images/I32_19_01.png,I32.png,32,19,1,4.57,0.616
I32_19_03.png,/kaggle/working/MDFS/data/KADID/extracted/kadid10k/images/I32_19_03.png,I32.png,32,19,3,3.4,0.757
I32_19_05.png,/kaggle/working/MDFS/data/KADID/extracted/kadid10k/images/I32_19_05.png,I32.png,32,19,5,1.32,0.532
I32_20_02.png,/kaggle/working/MDFS/data/KADID/extracted/kadid10k/images/I32_20_02.png,I32.png,32,20,2,3.87,1.024
I32_20_04.png,/kaggle/working/MDFS/data/KADID/extracted/kadid10k/images/I32_20_04.png,I32.png,32,20,4,2.33,0.978
I32_21_01.png,/kaggle/working/MDFS/data/KADID/extracted/kadid10k/images/I32_21_01.png,I32.png,32,21,1,3.37,1.11
I32_21_03.png,/kaggle/working/MDFS/data/KADID/extracted/kadid10k/images/I32_21_03.png,I32.png,32,21,3,3.03,1.048
I32_21_05.png,/kaggle/working/MDFS/data/KADID/extracted/kadid10k/images/I32_21_05.png,I32.png,32,21,5,1.4,0.712
I32_22_02.png,/kaggle/working/MDFS/data/KADID/extracted/kadid10k/images/I32_22_02.png,I32.png,32,22,2,4.13,0.763
I32_22_04.png,/kaggle/working/MDFS/data/KADID/extracted/kadid10k/images/I32_22_04.png,I32.png,32,22,4,2.97,0.948
I32_23_01.png,/kaggle/working/MDFS/data/KADID/extracted/kadid10k/images/I32_23_01.png,I32.png,32,23,1,2.53,0.806
I32_23_03.png,/kaggle/working/MDFS/data/KADID/extracted/kadid10k/images/I32_23_03.png,I32.png,32,23,3,1.83,0.734
I32_23_05.png,/kaggle/working/MDFS/data/KADID/extracted/kadid10k/images/I32_23_05.png,I32.png,32,23,5,1.7,0.69
I32_24_02.png,/kaggle/working/MDFS/data/KADID/extracted/kadid10k/images/I32_24_02.png,I32.png,32,24,2,2.9,1.012
I32_24_04.png,/kaggle/working/MDFS/data/KADID/extracted/kadid10k/images/I32_24_04.png,I32.png,32,24,4,1.6,0.554
I32_25_01.png,/kaggle/working/MDFS/data/KADID/extracted/kadid10k/images/I32_25_01.png,I32.png,32,25,1,3.23,0.844
I32_25_03.png,/kaggle/working/MDFS/data/KADID/extracted/kadid10k/images/I32_25_03.png,I32.png,32,25,3,3.84,0.667
I32_25_05.png,/kaggle/working/MDFS/data/KADID/extracted/kadid10k/images/I32_25_05.png,I32.png,32,25,5,2.27,0.854
I33_01_02.png,/kaggle/working/MDFS/data/KADID/extracted/kadid10k/images/I33_01_02.png,I33.png,33,1,2,3.9,0.831
I33_01_04.png,/kaggle/working/MDFS/data/KADID/extracted/kadid10k/images/I33_01_04.png,I33.png,33,1,4,1.57,0.667
I33_02_01.png,/kaggle/working/MDFS/data/KADID/extracted/kadid10k/images/I33_02_01.png,I33.png,33,2,1,3.4,0.757
I33_02_03.png,/kaggle/working/MDFS/data/KADID/extracted/kadid10k/images/I33_02_03.png,I33.png,33,2,3,1.47,0.558
I33_02_05.png,/kaggle/working/MDFS/data/KADID/extracted/kadid10k/images/I33_02_05.png,I33.png,33,2,5,1.17,0.373
I33_03_02.png,/kaggle/working/MDFS/data/KADID/extracted/kadid10k/images/I33_03_02.png,I33.png,33,3,2,3.7,0.862
I33_03_04.png,/kaggle/working/MDFS/data/KADID/extracted/kadid10k/images/I33_03_04.png,I33.png,33,3,4,1.97,0.605
I33_04_01.png,/kaggle/working/MDFS/data/KADID/extracted/kadid10k/images/I33_04_01.png,I33.png,33,4,1,4.57,0.496
I33_04_03.png,/kaggle/working/MDFS/data/KADID/extracted/kadid10k/images/I33_04_03.png,I33.png,33,4,3,1.8,0.748
I33_04_05.png,/kaggle/working/MDFS/data/KADID/extracted/kadid10k/images/I33_04_05.png,I33.png,33,4,5,1.4,0.554
I33_05_02.png,/kaggle/working/MDFS/data/KADID/extracted/kadid10k/images/I33_05_02.png,I33.png,33,5,2,2.0,0.816
I33_05_04.png,/kaggle/working/MDFS/data/KADID/extracted/kadid10k/images/I33_05_04.png,I33.png,33,5,4,1.33,0.471
I33_06_01.png,/kaggle/working/MDFS/data/KADID/extracted/kadid10k/images/I33_06_01.png,I33.png,33,6,1,4.1,0.7
I33_06_03.png,/kaggle/working/MDFS/data/KADID/extracted/kadid10k/images/I33_06_03.png,I33.png,33,6,3,3.97,0.657
I33_06_05.png,/kaggle/working/MDFS/data/KADID/extracted/kadid10k/images/I33_06_05.png,I33.png,33,6,5,2.83,0.898
I33_07_02.png,/kaggle/working/MDFS/data/KADID/extracted/kadid10k/images/I33_07_02.png,I33.png,33,7,2,2.4,1.052
I33_07_04.png,/kaggle/working/MDFS/data/KADID/extracted/kadid10k/images/I33_07_04.png,I33.png,33,7,4,2.27,1.031
I33_08_01.png,/kaggle/working/MDFS/data/KADID/extracted/kadid10k/images/I33_08_01.png,I33.png,33,8,1,4.43,0.803
I33_08_03.png,/kaggle/working/MDFS/data/KADID/extracted/kadid10k/images/I33_08_03.png,I33.png,33,8,3,2.23,0.844
I33_08_05.png,/kaggle/working/MDFS/data/KADID/extracted/kadid10k/images/I33_08_05.png,I33.png,33,8,5,1.47,0.718
I33_09_02.png,/kaggle/working/MDFS/data/KADID/extracted/kadid10k/images/I33_09_02.png,I33.png,33,9,2,3.97,0.836
I33_09_04.png,/kaggle/working/MDFS/data/KADID/extracted/kadid10k/images/I33_09_04.png,I33.png,33,9,4,1.83,0.687
I33_10_01.png,/kaggle/working/MDFS/data/KADID/extracted/kadid10k/images/I33_10_01.png,I33.png,33,10,1,3.9,0.943
I33_10_03.png,/kaggle/working/MDFS/data/KADID/extracted/kadid10k/images/I33_10_03.png,I33.png,33,10,3,3.6,0.757
I33_10_05.png,/kaggle/working/MDFS/data/KADID/extracted/kadid10k/images/I33_10_05.png,I33.png,33,10,5,1.3,0.458
I33_11_02.png,/kaggle/working/MDFS/data/KADID/extracted/kadid10k/images/I33_11_02.png,I33.png,33,11,2,2.77,0.803
I33_11_04.png,/kaggle/working/MDFS/data/KADID/extracted/kadid10k/images/I33_11_04.png,I33.png,33,11,4,2.27,0.772
I33_12_01.png,/kaggle/working/MDFS/data/KADID/extracted/kadid10k/images/I33_12_01.png,I33.png,33,12,1,3.83,0.969
I33_12_03.png,/kaggle/working/MDFS/data/KADID/extracted/kadid10k/images/I33_12_03.png,I33.png,33,12,3,2.77,0.716
I33_12_05.png,/kaggle/working/MDFS/data/KADID/extracted/kadid10k/images/I33_12_05.png,I33.png,33,12,5,1.93,0.573
I33_13_02.png,/kaggle/working/MDFS/data/KADID/extracted/kadid10k/images/I33_13_02.png,I33.png,33,13,2,2.87,0.806
I33_13_04.png,/kaggle/working/MDFS/data/KADID/extracted/kadid10k/images/I33_13_04.png,I33.png,33,13,4,2.33,0.789
I33_14_01.png,/kaggle/working/MDFS/data/KADID/extracted/kadid10k/images/I33_14_01.png,I33.png,33,14,1,3.77,0.92
I33_14_03.png,/kaggle/working/MDFS/data/KADID/extracted/kadid10k/images/I33_14_03.png,I33.png,33,14,3,2.07,0.727
I33_14_05.png,/kaggle/working/MDFS/data/KADID/extracted/kadid10k/images/I33_14_05.png,I33.png,33,14,5,1.7,0.781
I33_15_02.png,/kaggle/working/MDFS/data/KADID/extracted/kadid10k/images/I33_15_02.png,I33.png,33,15,2,2.23,0.803
I33_15_04.png,/kaggle/working/MDFS/data/KADID/extracted/kadid10k/images/I33_15_04.png,I33.png,33,15,4,1.3,0.526
I33_16_01.png,/kaggle/working/MDFS/data/KADID/extracted/kadid10k/images/I33_16_01.png,I33.png,33,16,1,4.4,0.663
I33_16_03.png,/kaggle/working/MDFS/data/KADID/extracted/kadid10k/images/I33_16_03.png,I33.png,33,16,3,3.17,0.898
I33_16_05.png,/kaggle/working/MDFS/data/KADID/extracted/kadid10k/images/I33_16_05.png,I33.png,33,16,5,1.4,0.611
I33_17_02.png,/kaggle/working/MDFS/data/KADID/extracted/kadid10k/images/I33_17_02.png,I33.png,33,17,2,4.43,0.616
I33_17_04.png,/kaggle/working/MDFS/data/KADID/extracted/kadid10k/images/I33_17_04.png,I33.png,33,17,4,3.77,0.667
I33_18_01.png,/kaggle/working/MDFS/data/KADID/extracted/kadid10k/images/I33_18_01.png,I33.png,33,18,1,3.7,0.823
I33_18_03.png,/kaggle/working/MDFS/data/KADID/extracted/kadid10k/images/I33_18_03.png,I33.png,33,18,3,4.6,0.554
I33_18_05.png,/kaggle/working/MDFS/data/KADID/extracted/kadid10k/images/I33_18_05.png,I33.png,33,18,5,4.03,0.657
I33_19_02.png,/kaggle/working/MDFS/data/KADID/extracted/kadid10k/images/I33_19_02.png,I33.png,33,19,2,3.9,0.907
I33_19_04.png,/kaggle/working/MDFS/data/KADID/extracted/kadid10k/images/I33_19_04.png,I33.png,33,19,4,1.43,0.559
I33_20_01.png,/kaggle/working/MDFS/data/KADID/extracted/kadid10k/images/I33_20_01.png,I33.png,33,20,1,4.37,0.547
I33_20_03.png,/kaggle/working/MDFS/data/KADID/extracted/kadid10k/images/I33_20_03.png,I33.png,33,20,3,2.6,1.114
I33_20_05.png,/kaggle/working/MDFS/data/KADID/extracted/kadid10k/images/I33_20_05.png,I33.png,33,20,5,3.67,1.106
I33_21_02.png,/kaggle/working/MDFS/data/KADID/extracted/kadid10k/images/I33_21_02.png,I33.png,33,21,2,3.27,0.998
I33_21_04.png,/kaggle/working/MDFS/data/KADID/extracted/kadid10k/images/I33_21_04.png,I33.png,33,21,4,2.6,1.052
I33_22_01.png,/kaggle/working/MDFS/data/KADID/extracted/kadid10k/images/I33_22_01.png,I33.png,33,22,1,3.73,1.031
I33_22_03.png,/kaggle/working/MDFS/data/KADID/extracted/kadid10k/images/I33_22_03.png,I33.png,33,22,3,2.87,0.991
I33_22_05.png,/kaggle/working/MDFS/data/KADID/extracted/kadid10k/images/I33_22_05.png,I33.png,33,22,5,1.9,0.746
I33_23_02.png,/kaggle/working/MDFS/data/KADID/extracted/kadid10k/images/I33_23_02.png,I33.png,33,23,2,2.2,0.792
I33_23_04.png,/kaggle/working/MDFS/data/KADID/extracted/kadid10k/images/I33_23_04.png,I33.png,33,23,4,1.93,0.892
I33_24_01.png,/kaggle/working/MDFS/data/KADID/extracted/kadid10k/images/I33_24_01.png,I33.png,33,24,1,2.6,0.917
I33_24_03.png,/kaggle/working/MDFS/data/KADID/extracted/kadid10k/images/I33_24_03.png,I33.png,33,24,3,1.7,0.69
I33_24_05.png,/kaggle/working/MDFS/data/KADID/extracted/kadid10k/images/I33_24_05.png,I33.png,33,24,5,1.17,0.373
I33_25_02.png,/kaggle/working/MDFS/data/KADID/extracted/kadid10k/images/I33_25_02.png,I33.png,33,25,2,4.0,0.816
I33_25_04.png,/kaggle/working/MDFS/data/KADID/extracted/kadid10k/images/I33_25_04.png,I33.png,33,25,4,4.23,0.761
I34_01_01.png,/kaggle/working/MDFS/data/KADID/extracted/kadid10k/images/I34_01_01.png,I34.png,34,1,1,4.6,0.554
I34_01_03.png,/kaggle/working/MDFS/data/KADID/extracted/kadid10k/images/I34_01_03.png,I34.png,34,1,3,2.97,0.706
I34_01_05.png,/kaggle/working/MDFS/data/KADID/extracted/kadid10k/images/I34_01_05.png,I34.png,34,1,5,1.3,0.458
I34_02_02.png,/kaggle/working/MDFS/data/KADID/extracted/kadid10k/images/I34_02_02.png,I34.png,34,2,2,2.67,0.789
I34_02_04.png,/kaggle/working/MDFS/data/KADID/extracted/kadid10k/images/I34_02_04.png,I34.png,34,2,4,1.37,0.482
I34_03_01.png,/kaggle/working/MDFS/data/KADID/extracted/kadid10k/images/I34_03_01.png,I34.png,34,3,1,4.43,0.496
I34_03_03.png,/kaggle/working/MDFS/data/KADID/extracted/kadid10k/images/I34_03_03.png,I34.png,34,3,3,2.9,0.87
I34_03_05.png,/kaggle/working/MDFS/data/KADID/extracted/kadid10k/images/I34_03_05.png,I34.png,34,3,5,1.7,0.64
I34_04_02.png,/kaggle/working/MDFS/data/KADID/extracted/kadid10k/images/I34_04_02.png,I34.png,34,4,2,2.57,0.955
I34_04_04.png,/kaggle/working/MDFS/data/KADID/extracted/kadid10k/images/I34_04_04.png,I34.png,34,4,4,2.17,1.098
I34_05_01.png,/kaggle/working/MDFS/data/KADID/extracted/kadid10k/images/I34_05_01.png,I34.png,34,5,1,4.1,0.746
I34_05_03.png,/kaggle/working/MDFS/data/KADID/extracted/kadid10k/images/I34_05_03.png,I34.png,34,5,3,1.67,0.596
I34_05_05.png,/kaggle/working/MDFS/data/KADID/extracted/kadid10k/images/I34_05_05.png,I34.png,34,5,5,1.4,0.49
I34_06_02.png,/kaggle/working/MDFS/data/KADID/extracted/kadid10k/images/I34_06_02.png,I34.png,34,6,2,4.0,1.0
I34_06_04.png,/kaggle/working/MDFS/data/KADID/extracted/kadid10k/images/I34_06_04.png,I34.png,34,6,4,3.87,0.884
I34_07_01.png,/kaggle/working/MDFS/data/KADID/extracted/kadid10k/images/I34_07_01.png,I34.png,34,7,1,2.87,1.204
I34_07_03.png,/kaggle/working/MDFS/data/KADID/extracted/kadid10k/images/I34_07_03.png,I34.png,34,7,3,2.23,0.989
I34_07_05.png,/kaggle/working/MDFS/data/KADID/extracted/kadid10k/images/I34_07_05.png,I34.png,34,7,5,2.81,1.029
I34_08_02.png,/kaggle/working/MDFS/data/KADID/extracted/kadid10k/images/I34_08_02.png,I34.png,34,8,2,3.03,0.983
I34_08_04.png,/kaggle/working/MDFS/data/KADID/extracted/kadid10k/images/I34_08_04.png,I34.png,34,8,4,1.8,0.748
I34_09_01.png,/kaggle/working/MDFS/data/KADID/extracted/kadid10k/images/I34_09_01.png,I34.png,34,9,1,4.6,0.663
I34_09_03.png,/kaggle/working/MDFS/data/KADID/extracted/kadid10k/images/I34_09_03.png,I34.png,34,9,3,3.9,0.907
I34_09_05.png,/kaggle/working/MDFS/data/KADID/extracted/kadid10k/images/I34_09_05.png,I34.png,34,9,5,1.2,0.4
I34_10_02.png,/kaggle/working/MDFS/data/KADID/extracted/kadid10k/images/I34_10_02.png,I34.png,34,10,2,4.5,0.671
I34_10_04.png,/kaggle/working/MDFS/data/KADID/extracted/kadid10k/images/I34_10_04.png,I34.png,34,10,4,1.53,0.763
I34_11_01.png,/kaggle/working/MDFS/data/KADID/extracted/kadid10k/images/I34_11_01.png,I34.png,34,11,1,4.07,0.68
I34_11_03.png,/kaggle/working/MDFS/data/KADID/extracted/kadid10k/images/I34_11_03.png,I34.png,34,11,3,3.23,0.844
I34_11_05.png,/kaggle/working/MDFS/data/KADID/extracted/kadid10k/images/I34_11_05.png,I34.png,34,11,5,2.0,0.577
I34_12_02.png,/kaggle/working/MDFS/data/KADID/extracted/kadid10k/images/I34_12_02.png,I34.png,34,12,2,3.83,0.637
I34_12_04.png,/kaggle/working/MDFS/data/KADID/extracted/kadid10k/images/I34_12_04.png,I34.png,34,12,4,2.8,0.702
I34_13_01.png,/kaggle/working/MDFS/data/KADID/extracted/kadid10k/images/I34_13_01.png,I34.png,34,13,1,3.5,0.847
I34_13_03.png,/kaggle/working/MDFS/data/KADID/extracted/kadid10k/images/I34_13_03.png,I34.png,34,13,3,2.63,0.857
I34_13_05.png,/kaggle/working/MDFS/data/KADID/extracted/kadid10k/images/I34_13_05.png,I34.png,34,13,5,2.16,0.766
I34_14_02.png,/kaggle/working/MDFS/data/KADID/extracted/kadid10k/images/I34_14_02.png,I34.png,34,14,2,3.27,0.68
I34_14_04.png,/kaggle/working/MDFS/data/KADID/extracted/kadid10k/images/I34_14_04.png,I34.png,34,14,4,2.63,0.836
I34_15_01.png,/kaggle/working/MDFS/data/KADID/extracted/kadid10k/images/I34_15_01.png,I34.png,34,15,1,3.13,0.846
I34_15_03.png,/kaggle/working/MDFS/data/KADID/extracted/kadid10k/images/I34_15_03.png,I34.png,34,15,3,1.87,0.618
I34_15_05.png,/kaggle/working/MDFS/data/KADID/extracted/kadid10k/images/I34_15_05.png,I34.png,34,15,5,1.4,0.49
I34_16_02.png,/kaggle/working/MDFS/data/KADID/extracted/kadid10k/images/I34_16_02.png,I34.png,34,16,2,4.2,0.476
I34_16_04.png,/kaggle/working/MDFS/data/KADID/extracted/kadid10k/images/I34_16_04.png,I34.png,34,16,4,2.13,0.846
I34_17_01.png,/kaggle/working/MDFS/data/KADID/extracted/kadid10k/images/I34_17_01.png,I34.png,34,17,1,4.63,0.482
I34_17_03.png,/kaggle/working/MDFS/data/KADID/extracted/kadid10k/images/I34_17_03.png,I34.png,34,17,3,3.8,0.909
I34_17_05.png,/kaggle/working/MDFS/data/KADID/extracted/kadid10k/images/I34_17_05.png,I34.png,34,17,5,2.0,0.931
I34_18_02.png,/kaggle/working/MDFS/data/KADID/extracted/kadid10k/images/I34_18_02.png,I34.png,34,18,2,4.63,0.482
I34_18_04.png,/kaggle/working/MDFS/data/KADID/extracted/kadid10k/images/I34_18_04.png,I34.png,34,18,4,4.33,0.789
I34_19_01.png,/kaggle/working/MDFS/data/KADID/extracted/kadid10k/images/I34_19_01.png,I34.png,34,19,1,4.4,0.554
I34_19_03.png,/kaggle/working/MDFS/data/KADID/extracted/kadid10k/images/I34_19_03.png,I34.png,34,19,3,3.65,0.698
I34_19_05.png,/kaggle/working/MDFS/data/KADID/extracted/kadid10k/images/I34_19_05.png,I34.png,34,19,5,1.37,0.482
I34_20_02.png,/kaggle/working/MDFS/data/KADID/extracted/kadid10k/images/I34_20_02.png,I34.png,34,20,2,3.93,1.209
I34_20_04.png,/kaggle/working/MDFS/data/KADID/extracted/kadid10k/images/I34_20_04.png,I34.png,34,20,4,3.4,1.143
I34_21_01.png,/kaggle/working/MDFS/data/KADID/extracted/kadid10k/images/I34_21_01.png,I34.png,34,21,1,4.17,0.86
I34_21_03.png,/kaggle/working/MDFS/data/KADID/extracted/kadid10k/images/I34_21_03.png,I34.png,34,21,3,2.83,0.86
I34_21_05.png,/kaggle/working/MDFS/data/KADID/extracted/kadid10k/images/I34_21_05.png,I34.png,34,21,5,1.5,0.563
I34_22_02.png,/kaggle/working/MDFS/data/KADID/extracted/kadid10k/images/I34_22_02.png,I34.png,34,22,2,4.47,0.67
I34_22_04.png,/kaggle/working/MDFS/data/KADID/extracted/kadid10k/images/I34_22_04.png,I34.png,34,22,4,3.43,1.023
I34_23_01.png,/kaggle/working/MDFS/data/KADID/extracted/kadid10k/images/I34_23_01.png,I34.png,34,23,1,2.3,0.823
I34_23_03.png,/kaggle/working/MDFS/data/KADID/extracted/kadid10k/images/I34_23_03.png,I34.png,34,23,3,2.37,0.875
I34_23_05.png,/kaggle/working/MDFS/data/KADID/extracted/kadid10k/images/I34_23_05.png,I34.png,34,23,5,1.63,0.657
I34_24_02.png,/kaggle/working/MDFS/data/KADID/extracted/kadid10k/images/I34_24_02.png,I34.png,34,24,2,2.83,0.778
I34_24_04.png,/kaggle/working/MDFS/data/KADID/extracted/kadid10k/images/I34_24_04.png,I34.png,34,24,4,1.6,0.611
I34_25_01.png,/kaggle/working/MDFS/data/KADID/extracted/kadid10k/images/I34_25_01.png,I34.png,34,25,1,3.03,0.912
I34_25_03.png,/kaggle/working/MDFS/data/KADID/extracted/kadid10k/images/I34_25_03.png,I34.png,34,25,3,4.27,0.512
I34_25_05.png,/kaggle/working/MDFS/data/KADID/extracted/kadid10k/images/I34_25_05.png,I34.png,34,25,5,2.63,0.706
I35_01_02.png,/kaggle/working/MDFS/data/KADID/extracted/kadid10k/images/I35_01_02.png,I35.png,35,1,2,4.5,0.671
I35_01_04.png,/kaggle/working/MDFS/data/KADID/extracted/kadid10k/images/I35_01_04.png,I35.png,35,1,4,1.97,0.657
I35_02_01.png,/kaggle/working/MDFS/data/KADID/extracted/kadid10k/images/I35_02_01.png,I35.png,35,2,1,4.33,0.65
I35_02_03.png,/kaggle/working/MDFS/data/KADID/extracted/kadid10k/images/I35_02_03.png,I35.png,35,2,3,1.9,0.7
I35_02_05.png,/kaggle/working/MDFS/data/KADID/extracted/kadid10k/images/I35_02_05.png,I35.png,35,2,5,1.5,0.5
I35_03_02.png,/kaggle/working/MDFS/data/KADID/extracted/kadid10k/images/I35_03_02.png,I35.png,35,3,2,4.53,0.499
I35_03_04.png,/kaggle/working/MDFS/data/KADID/extracted/kadid10k/images/I35_03_04.png,I35.png,35,3,4,2.47,0.618
I35_04_01.png,/kaggle/working/MDFS/data/KADID/extracted/kadid10k/images/I35_04_01.png,I35.png,35,4,1,4.63,0.547
I35_04_03.png,/kaggle/working/MDFS/data/KADID/extracted/kadid10k/images/I35_04_03.png,I35.png,35,4,3,1.8,0.702
I35_04_05.png,/kaggle/working/MDFS/data/KADID/extracted/kadid10k/images/I35_04_05.png,I35.png,35,4,5,1.77,0.803
I35_05_02.png,/kaggle/working/MDFS/data/KADID/extracted/kadid10k/images/I35_05_02.png,I35.png,35,5,2,3.4,0.952
I35_05_04.png,/kaggle/working/MDFS/data/KADID/extracted/kadid10k/images/I35_05_04.png,I35.png,35,5,4,2.63,1.11
I35_06_01.png,/kaggle/working/MDFS/data/KADID/extracted/kadid10k/images/I35_06_01.png,I35.png,35,6,1,4.17,0.898
I35_06_03.png,/kaggle/working/MDFS/data/KADID/extracted/kadid10k/images/I35_06_03.png,I35.png,35,6,3,3.47,0.846
I35_06_05.png,/kaggle/working/MDFS/data/KADID/extracted/kadid10k/images/I35_06_05.png,I35.png,35,6,5,2.7,0.936
I35_07_02.png,/kaggle/working/MDFS/data/KADID/extracted/kadid10k/images/I35_07_02.png,I35.png,35,7,2,2.27,0.929
I35_07_04.png,/kaggle/working/MDFS/data/KADID/extracted/kadid10k/images/I35_07_04.png,I35.png,35,7,4,2.43,1.202
I35_08_01.png,/kaggle/working/MDFS/data/KADID/extracted/kadid10k/images/I35_08_01.png,I35.png,35,8,1,4.5,0.563
I35_08_03.png,/kaggle/working/MDFS/data/KADID/extracted/kadid10k/images/I35_08_03.png,I35.png,35,8,3,2.87,0.884
I35_08_05.png,/kaggle/working/MDFS/data/KADID/extracted/kadid10k/images/I35_08_05.png,I35.png,35,8,5,1.47,0.618
I35_09_02.png,/kaggle/working/MDFS/data/KADID/extracted/kadid10k/images/I35_09_02.png,I35.png,35,9,2,4.73,0.442
I35_09_04.png,/kaggle/working/MDFS/data/KADID/extracted/kadid10k/images/I35_09_04.png,I35.png,35,9,4,2.53,1.024
I35_10_01.png,/kaggle/working/MDFS/data/KADID/extracted/kadid10k/images/I35_10_01.png,I35.png,35,10,1,4.53,0.618
I35_10_03.png,/kaggle/working/MDFS/data/KADID/extracted/kadid10k/images/I35_10_03.png,I35.png,35,10,3,4.07,0.727
I35_10_05.png,/kaggle/working/MDFS/data/KADID/extracted/kadid10k/images/I35_10_05.png,I35.png,35,10,5,1.47,0.562
I35_11_02.png,/kaggle/working/MDFS/data/KADID/extracted/kadid10k/images/I35_11_02.png,I35.png,35,11,2,3.23,0.844
I35_11_04.png,/kaggle/working/MDFS/data/KADID/extracted/kadid10k/images/I35_11_04.png,I35.png,35,11,4,2.47,0.763
I35_12_01.png,/kaggle/working/MDFS/data/KADID/extracted/kadid10k/images/I35_12_01.png,I35.png,35,12,1,4.47,0.618
I35_12_03.png,/kaggle/working/MDFS/data/KADID/extracted/kadid10k/images/I35_12_03.png,I35.png,35,12,3,2.7,0.862
I35_12_05.png,/kaggle/working/MDFS/data/KADID/extracted/kadid10k/images/I35_12_05.png,I35.png,35,12,5,2.17,0.637
I35_13_02.png,/kaggle/working/MDFS/data/KADID/extracted/kadid10k/images/I35_13_02.png,I35.png,35,13,2,3.03,1.016
I35_13_04.png,/kaggle/working/MDFS/data/KADID/extracted/kadid10k/images/I35_13_04.png,I35.png,35,13,4,2.2,0.653
I35_14_01.png,/kaggle/working/MDFS/data/KADID/extracted/kadid10k/images/I35_14_01.png,I35.png,35,14,1,4.27,0.727
I35_14_03.png,/kaggle/working/MDFS/data/KADID/extracted/kadid10k/images/I35_14_03.png,I35.png,35,14,3,2.77,0.955
I35_14_05.png,/kaggle/working/MDFS/data/KADID/extracted/kadid10k/images/I35_14_05.png,I35.png,35,14,5,2.0,0.577
I35_15_02.png,/kaggle/working/MDFS/data/KADID/extracted/kadid10k/images/I35_15_02.png,I35.png,35,15,2,3.13,0.846
I35_15_04.png,/kaggle/working/MDFS/data/KADID/extracted/kadid10k/images/I35_15_04.png,I35.png,35,15,4,2.1,0.746
I35_16_01.png,/kaggle/working/MDFS/data/KADID/extracted/kadid10k/images/I35_16_01.png,I35.png,35,16,1,4.73,0.442
I35_16_03.png,/kaggle/working/MDFS/data/KADID/extracted/kadid10k/images/I35_16_03.png,I35.png,35,16,3,3.8,0.945
I35_16_05.png,/kaggle/working/MDFS/data/KADID/extracted/kadid10k/images/I35_16_05.png,I35.png,35,16,5,1.73,0.772
I35_17_02.png,/kaggle/working/MDFS/data/KADID/extracted/kadid10k/images/I35_17_02.png,I35.png,35,17,2,4.77,0.423
I35_17_04.png,/kaggle/working/MDFS/data/KADID/extracted/kadid10k/images/I35_17_04.png,I35.png,35,17,4,4.13,0.67
I35_18_01.png,/kaggle/working/MDFS/data/KADID/extracted/kadid10k/images/I35_18_01.png,I35.png,35,18,1,4.23,0.844
I35_18_03.png,/kaggle/working/MDFS/data/KADID/extracted/kadid10k/images/I35_18_03.png,I35.png,35,18,3,4.73,0.442
I35_18_05.png,/kaggle/working/MDFS/data/KADID/extracted/kadid10k/images/I35_18_05.png,I35.png,35,18,5,4.4,0.554
I35_19_02.png,/kaggle/working/MDFS/data/KADID/extracted/kadid10k/images/I35_19_02.png,I35.png,35,19,2,4.43,0.616
I35_19_04.png,/kaggle/working/MDFS/data/KADID/extracted/kadid10k/images/I35_19_04.png,I35.png,35,19,4,2.17,0.82
I35_20_01.png,/kaggle/working/MDFS/data/KADID/extracted/kadid10k/images/I35_20_01.png,I35.png,35,20,1,4.67,0.471
I35_20_03.png,/kaggle/working/MDFS/data/KADID/extracted/kadid10k/images/I35_20_03.png,I35.png,35,20,3,3.81,1.029
I35_20_05.png,/kaggle/working/MDFS/data/KADID/extracted/kadid10k/images/I35_20_05.png,I35.png,35,20,5,3.13,1.056
I35_21_02.png,/kaggle/working/MDFS/data/KADID/extracted/kadid10k/images/I35_21_02.png,I35.png,35,21,2,3.37,0.875
I35_21_04.png,/kaggle/working/MDFS/data/KADID/extracted/kadid10k/images/I35_21_04.png,I35.png,35,21,4,2.93,0.892
I35_22_01.png,/kaggle/working/MDFS/data/KADID/extracted/kadid10k/images/I35_22_01.png,I35.png,35,22,1,3.83,0.898
I35_22_03.png,/kaggle/working/MDFS/data/KADID/extracted/kadid10k/images/I35_22_03.png,I35.png,35,22,3,3.13,0.884
I35_22_05.png,/kaggle/working/MDFS/data/KADID/extracted/kadid10k/images/I35_22_05.png,I35.png,35,22,5,2.37,1.016
I35_23_02.png,/kaggle/working/MDFS/data/KADID/extracted/kadid10k/images/I35_23_02.png,I35.png,35,23,2,3.17,1.293
I35_23_04.png,/kaggle/working/MDFS/data/KADID/extracted/kadid10k/images/I35_23_04.png,I35.png,35,23,4,2.57,1.055
I35_24_01.png,/kaggle/working/MDFS/data/KADID/extracted/kadid10k/images/I35_24_01.png,I35.png,35,24,1,3.63,1.016
I35_24_03.png,/kaggle/working/MDFS/data/KADID/extracted/kadid10k/images/I35_24_03.png,I35.png,35,24,3,2.17,0.687
I35_24_05.png,/kaggle/working/MDFS/data/KADID/extracted/kadid10k/images/I35_24_05.png,I35.png,35,24,5,1.4,0.663
I35_25_02.png,/kaggle/working/MDFS/data/KADID/extracted/kadid10k/images/I35_25_02.png,I35.png,35,25,2,4.37,0.752
I35_25_04.png,/kaggle/working/MDFS/data/KADID/extracted/kadid10k/images/I35_25_04.png,I35.png,35,25,4,4.47,0.562
I36_01_01.png,/kaggle/working/MDFS/data/KADID/extracted/kadid10k/images/I36_01_01.png,I36.png,36,1,1,4.63,0.605
I36_01_03.png,/kaggle/working/MDFS/data/KADID/extracted/kadid10k/images/I36_01_03.png,I36.png,36,1,3,3.5,0.885
I36_01_05.png,/kaggle/working/MDFS/data/KADID/extracted/kadid10k/images/I36_01_05.png,I36.png,36,1,5,1.27,0.442
I36_02_02.png,/kaggle/working/MDFS/data/KADID/extracted/kadid10k/images/I36_02_02.png,I36.png,36,2,2,3.07,1.093
I36_02_04.png,/kaggle/working/MDFS/data/KADID/extracted/kadid10k/images/I36_02_04.png,I36.png,36,2,4,1.57,0.616
I36_03_01.png,/kaggle/working/MDFS/data/KADID/extracted/kadid10k/images/I36_03_01.png,I36.png,36,3,1,4.7,0.458
I36_03_03.png,/kaggle/working/MDFS/data/KADID/extracted/kadid10k/images/I36_03_03.png,I36.png,36,3,3,3.13,0.763
I36_03_05.png,/kaggle/working/MDFS/data/KADID/extracted/kadid10k/images/I36_03_05.png,I36.png,36,3,5,2.03,0.875
I36_04_02.png,/kaggle/working/MDFS/data/KADID/extracted/kadid10k/images/I36_04_02.png,I36.png,36,4,2,1.9,0.746
I36_04_04.png,/kaggle/working/MDFS/data/KADID/extracted/kadid10k/images/I36_04_04.png,I36.png,36,4,4,1.13,0.34
I36_05_01.png,/kaggle/working/MDFS/data/KADID/extracted/kadid10k/images/I36_05_01.png,I36.png,36,5,1,4.7,0.458
I36_05_03.png,/kaggle/working/MDFS/data/KADID/extracted/kadid10k/images/I36_05_03.png,I36.png,36,5,3,2.7,0.64
I36_05_05.png,/kaggle/working/MDFS/data/KADID/extracted/kadid10k/images/I36_05_05.png,I36.png,36,5,5,2.8,1.108
I36_06_02.png,/kaggle/working/MDFS/data/KADID/extracted/kadid10k/images/I36_06_02.png,I36.png,36,6,2,4.23,0.844
I36_06_04.png,/kaggle/working/MDFS/data/KADID/extracted/kadid10k/images/I36_06_04.png,I36.png,36,6,4,3.23,0.989
I36_07_01.png,/kaggle/working/MDFS/data/KADID/extracted/kadid10k/images/I36_07_01.png,I36.png,36,7,1,2.47,1.087
I36_07_03.png,/kaggle/working/MDFS/data/KADID/extracted/kadid10k/images/I36_07_03.png,I36.png,36,7,3,2.03,1.08
I36_07_05.png,/kaggle/working/MDFS/data/KADID/extracted/kadid10k/images/I36_07_05.png,I36.png,36,7,5,2.1,1.136
I36_08_02.png,/kaggle/working/MDFS/data/KADID/extracted/kadid10k/images/I36_08_02.png,I36.png,36,8,2,3.23,0.955
I36_08_04.png,/kaggle/working/MDFS/data/KADID/extracted/kadid10k/images/I36_08_04.png,I36.png,36,8,4,1.8,0.653
I36_09_01.png,/kaggle/working/MDFS/data/KADID/extracted/kadid10k/images/I36_09_01.png,I36.png,36,9,1,4.8,0.4
I36_09_03.png,/kaggle/working/MDFS/data/KADID/extracted/kadid10k/images/I36_09_03.png,I36.png,36,9,3,3.67,1.075
I36_09_05.png,/kaggle/working/MDFS/data/KADID/extracted/kadid10k/images/I36_09_05.png,I36.png,36,9,5,1.43,0.559
I36_10_02.png,/kaggle/working/MDFS/data/KADID/extracted/kadid10k/images/I36_10_02.png,I36.png,36,10,2,4.43,0.716
I36_10_04.png,/kaggle/working/MDFS/data/KADID/extracted/kadid10k/images/I36_10_04.png,I36.png,36,10,4,2.07,1.093
I36_11_01.png,/kaggle/working/MDFS/data/KADID/extracted/kadid10k/images/I36_11_01.png,I36.png,36,11,1,4.5,0.5
I36_11_03.png,/kaggle/working/MDFS/data/KADID/extracted/kadid10k/images/I36_11_03.png,I36.png,36,11,3,2.97,0.948
I36_11_05.png,/kaggle/working/MDFS/data/KADID/extracted/kadid10k/images/I36_11_05.png,I36.png,36,11,5,2.27,0.629
I36_12_02.png,/kaggle/working/MDFS/data/KADID/extracted/kadid10k/images/I36_12_02.png,I36.png,36,12,2,4.03,0.657
I36_12_04.png,/kaggle/working/MDFS/data/KADID/extracted/kadid10k/images/I36_12_04.png,I36.png,36,12,4,2.57,0.803
I36_13_01.png,/kaggle/working/MDFS/data/KADID/extracted/kadid10k/images/I36_13_01.png,I36.png,36,13,1,3.5,1.057
I36_13_03.png,/kaggle/working/MDFS/data/KADID/extracted/kadid10k/images/I36_13_03.png,I36.png,36,13,3,2.47,0.884
I36_13_05.png,/kaggle/working/MDFS/data/KADID/extracted/kadid10k/images/I36_13_05.png,I36.png,36,13,5,1.94,0.669
I36_14_02.png,/kaggle/working/MDFS/data/KADID/extracted/kadid10k/images/I36_14_02.png,I36.png,36,14,2,3.93,0.854
I36_14_04.png,/kaggle/working/MDFS/data/KADID/extracted/kadid10k/images/I36_14_04.png,I36.png,36,14,4,3.17,1.128
I36_15_01.png,/kaggle/working/MDFS/data/KADID/extracted/kadid10k/images/I36_15_01.png,I36.png,36,15,1,4.23,0.803
I36_15_03.png,/kaggle/working/MDFS/data/KADID/extracted/kadid10k/images/I36_15_03.png,I36.png,36,15,3,2.43,0.92
I36_15_05.png,/kaggle/working/MDFS/data/KADID/extracted/kadid10k/images/I36_15_05.png,I36.png,36,15,5,1.42,0.493
I36_16_02.png,/kaggle/working/MDFS/data/KADID/extracted/kadid10k/images/I36_16_02.png,I36.png,36,16,2,4.67,0.471
I36_16_04.png,/kaggle/working/MDFS/data/KADID/extracted/kadid10k/images/I36_16_04.png,I36.png,36,16,4,3.53,1.087
I36_17_01.png,/kaggle/working/MDFS/data/KADID/extracted/kadid10k/images/I36_17_01.png,I36.png,36,17,1,4.77,0.423
I36_17_03.png,/kaggle/working/MDFS/data/KADID/extracted/kadid10k/images/I36_17_03.png,I36.png,36,17,3,4.5,0.619
I36_17_05.png,/kaggle/working/MDFS/data/KADID/extracted/kadid10k/images/I36_17_05.png,I36.png,36,17,5,1.93,0.772
I36_18_02.png,/kaggle/working/MDFS/data/KADID/extracted/kadid10k/images/I36_18_02.png,I36.png,36,18,2,4.77,0.423
I36_18_04.png,/kaggle/working/MDFS/data/KADID/extracted/kadid10k/images/I36_18_04.png,I36.png,36,18,4,4.3,0.737
I36_19_01.png,/kaggle/working/MDFS/data/KADID/extracted/kadid10k/images/I36_19_01.png,I36.png,36,19,1,4.77,0.423
I36_19_03.png,/kaggle/working/MDFS/data/KADID/extracted/kadid10k/images/I36_19_03.png,I36.png,36,19,3,3.07,0.892
I36_19_05.png,/kaggle/working/MDFS/data/KADID/extracted/kadid10k/images/I36_19_05.png,I36.png,36,19,5,1.37,0.482
I36_20_02.png,/kaggle/working/MDFS/data/KADID/extracted/kadid10k/images/I36_20_02.png,I36.png,36,20,2,4.2,0.872
I36_20_04.png,/kaggle/working/MDFS/data/KADID/extracted/kadid10k/images/I36_20_04.png,I36.png,36,20,4,3.63,1.378
I36_21_01.png,/kaggle/working/MDFS/data/KADID/extracted/kadid10k/images/I36_21_01.png,I36.png,36,21,1,4.27,0.727
I36_21_03.png,/kaggle/working/MDFS/data/KADID/extracted/kadid10k/images/I36_21_03.png,I36.png,36,21,3,3.1,1.044
I36_21_05.png,/kaggle/working/MDFS/data/KADID/extracted/kadid10k/images/I36_21_05.png,I36.png,36,21,5,1.5,0.619
I36_22_02.png,/kaggle/working/MDFS/data/KADID/extracted/kadid10k/images/I36_22_02.png,I36.png,36,22,2,4.6,0.712
I36_22_04.png,/kaggle/working/MDFS/data/KADID/extracted/kadid10k/images/I36_22_04.png,I36.png,36,22,4,4.37,0.875
I36_23_01.png,/kaggle/working/MDFS/data/KADID/extracted/kadid10k/images/I36_23_01.png,I36.png,36,23,1,2.7,1.1
I36_23_03.png,/kaggle/working/MDFS/data/KADID/extracted/kadid10k/images/I36_23_03.png,I36.png,36,23,3,2.83,0.969
I36_23_05.png,/kaggle/working/MDFS/data/KADID/extracted/kadid10k/images/I36_23_05.png,I36.png,36,23,5,2.13,0.751
I36_24_02.png,/kaggle/working/MDFS/data/KADID/extracted/kadid10k/images/I36_24_02.png,I36.png,36,24,2,2.9,0.978
I36_24_04.png,/kaggle/working/MDFS/data/KADID/extracted/kadid10k/images/I36_24_04.png,I36.png,36,24,4,1.4,0.611
I36_25_01.png,/kaggle/working/MDFS/data/KADID/extracted/kadid10k/images/I36_25_01.png,I36.png,36,25,1,3.87,0.921
I36_25_03.png,/kaggle/working/MDFS/data/KADID/extracted/kadid10k/images/I36_25_03.png,I36.png,36,25,3,4.6,0.554
I36_25_05.png,/kaggle/working/MDFS/data/KADID/extracted/kadid10k/images/I36_25_05.png,I36.png,36,25,5,4.1,0.588
I37_01_02.png,/kaggle/working/MDFS/data/KADID/extracted/kadid10k/images/I37_01_02.png,I37.png,37,1,2,4.1,0.746
I37_01_04.png,/kaggle/working/MDFS/data/KADID/extracted/kadid10k/images/I37_01_04.png,I37.png,37,1,4,1.53,0.67
I37_02_01.png,/kaggle/working/MDFS/data/KADID/extracted/kadid10k/images/I37_02_01.png,I37.png,37,2,1,3.77,0.803
I37_02_03.png,/kaggle/working/MDFS/data/KADID/extracted/kadid10k/images/I37_02_03.png,I37.png,37,2,3,1.4,0.554
I37_02_05.png,/kaggle/working/MDFS/data/KADID/extracted/kadid10k/images/I37_02_05.png,I37.png,37,2,5,1.37,0.482
I37_03_02.png,/kaggle/working/MDFS/data/KADID/extracted/kadid10k/images/I37_03_02.png,I37.png,37,3,2,4.23,0.616
I37_03_04.png,/kaggle/working/MDFS/data/KADID/extracted/kadid10k/images/I37_03_04.png,I37.png,37,3,4,2.13,0.562
I37_04_01.png,/kaggle/working/MDFS/data/KADID/extracted/kadid10k/images/I37_04_01.png,I37.png,37,4,1,4.43,0.716
I37_04_03.png,/kaggle/working/MDFS/data/KADID/extracted/kadid10k/images/I37_04_03.png,I37.png,37,4,3,1.93,0.814
I37_04_05.png,/kaggle/working/MDFS/data/KADID/extracted/kadid10k/images/I37_04_05.png,I37.png,37,4,5,1.4,0.611
I37_05_02.png,/kaggle/working/MDFS/data/KADID/extracted/kadid10k/images/I37_05_02.png,I37.png,37,5,2,2.37,0.795
I37_05_04.png,/kaggle/working/MDFS/data/KADID/extracted/kadid10k/images/I37_05_04.png,I37.png,37,5,4,1.8,0.542
I37_06_01.png,/kaggle/working/MDFS/data/KADID/extracted/kadid10k/images/I37_06_01.png,I37.png,37,6,1,4.03,0.836
I37_06_03.png,/kaggle/working/MDFS/data/KADID/extracted/kadid10k/images/I37_06_03.png,I37.png,37,6,3,4.27,0.772
I37_06_05.png,/kaggle/working/MDFS/data/KADID/extracted/kadid10k/images/I37_06_05.png,I37.png,37,6,5,2.97,0.967
I37_07_02.png,/kaggle/working/MDFS/data/KADID/extracted/kadid10k/images/I37_07_02.png,I37.png,37,7,2,2.47,1.024
I37_07_04.png,/kaggle/working/MDFS/data/KADID/extracted/kadid10k/images/I37_07_04.png,I37.png,37,7,4,2.17,1.035
I37_08_01.png,/kaggle/working/MDFS/data/KADID/extracted/kadid10k/images/I37_08_01.png,I37.png,37,8,1,4.67,0.65
I37_08_03.png,/kaggle/working/MDFS/data/KADID/extracted/kadid10k/images/I37_08_03.png,I37.png,37,8,3,2.93,0.892
I37_08_05.png,/kaggle/working/MDFS/data/KADID/extracted/kadid10k/images/I37_08_05.png,I37.png,37,8,5,1.83,0.637
I37_09_02.png,/kaggle/working/MDFS/data/KADID/extracted/kadid10k/images/I37_09_02.png,I37.png,37,9,2,3.93,0.854
I37_09_04.png,/kaggle/working/MDFS/data/KADID/extracted/kadid10k/images/I37_09_04.png,I37.png,37,9,4,2.23,0.761
I37_10_01.png,/kaggle/working/MDFS/data/KADID/extracted/kadid10k/images/I37_10_01.png,I37.png,37,10,1,4.03,0.795
I37_10_03.png,/kaggle/working/MDFS/data/KADID/extracted/kadid10k/images/I37_10_03.png,I37.png,37,10,3,3.53,0.921
I37_10_05.png,/kaggle/working/MDFS/data/KADID/extracted/kadid10k/images/I37_10_05.png,I37.png,37,10,5,1.13,0.335
I37_11_02.png,/kaggle/working/MDFS/data/KADID/extracted/kadid10k/images/I37_11_02.png,I37.png,37,11,2,3.0,0.856
I37_11_04.png,/kaggle/working/MDFS/data/KADID/extracted/kadid10k/images/I37_11_04.png,I37.png,37,11,4,2.37,0.706
I37_12_01.png,/kaggle/working/MDFS/data/KADID/extracted/kadid10k/images/I37_12_01.png,I37.png,37,12,1,4.25,0.968
I37_12_03.png,/kaggle/working/MDFS/data/KADID/extracted/kadid10k/images/I37_12_03.png,I37.png,37,12,3,2.87,0.763
I37_12_05.png,/kaggle/working/MDFS/data/KADID/extracted/kadid10k/images/I37_12_05.png,I37.png,37,12,5,2.0,0.683
I37_13_02.png,/kaggle/working/MDFS/data/KADID/extracted/kadid10k/images/I37_13_02.png,I37.png,37,13,2,2.97,0.795
I37_13_04.png,/kaggle/working/MDFS/data/KADID/extracted/kadid10k/images/I37_13_04.png,I37.png,37,13,4,2.33,0.65
I37_14_01.png,/kaggle/working/MDFS/data/KADID/extracted/kadid10k/images/I37_14_01.png,I37.png,37,14,1,3.63,0.983
I37_14_03.png,/kaggle/working/MDFS/data/KADID/extracted/kadid10k/images/I37_14_03.png,I37.png,37,14,3,2.67,0.83
I37_14_05.png,/kaggle/working/MDFS/data/KADID/extracted/kadid10k/images/I37_14_05.png,I37.png,37,14,5,1.6,0.663
I37_15_02.png,/kaggle/working/MDFS/data/KADID/extracted/kadid10k/images/I37_15_02.png,I37.png,37,15,2,2.5,0.563
I37_15_04.png,/kaggle/working/MDFS/data/KADID/extracted/kadid10k/images/I37_15_04.png,I37.png,37,15,4,1.37,0.547
I37_16_01.png,/kaggle/working/MDFS/data/KADID/extracted/kadid10k/images/I37_16_01.png,I37.png,37,16,1,4.43,0.616
I37_16_03.png,/kaggle/working/MDFS/data/KADID/extracted/kadid10k/images/I37_16_03.png,I37.png,37,16,3,3.1,0.943
I37_16_05.png,/kaggle/working/MDFS/data/KADID/extracted/kadid10k/images/I37_16_05.png,I37.png,37,16,5,1.23,0.496
I37_17_02.png,/kaggle/working/MDFS/data/KADID/extracted/kadid10k/images/I37_17_02.png,I37.png,37,17,2,4.27,0.998
I37_17_04.png,/kaggle/working/MDFS/data/KADID/extracted/kadid10k/images/I37_17_04.png,I37.png,37,17,4,3.27,0.892
I37_18_01.png,/kaggle/working/MDFS/data/KADID/extracted/kadid10k/images/I37_18_01.png,I37.png,37,18,1,4.17,0.687
I37_18_03.png,/kaggle/working/MDFS/data/KADID/extracted/kadid10k/images/I37_18_03.png,I37.png,37,18,3,4.5,0.671
I37_18_05.png,/kaggle/working/MDFS/data/KADID/extracted/kadid10k/images/I37_18_05.png,I37.png,37,18,5,4.3,0.64
I37_19_02.png,/kaggle/working/MDFS/data/KADID/extracted/kadid10k/images/I37_19_02.png,I37.png,37,19,2,4.3,0.737
I37_19_04.png,/kaggle/working/MDFS/data/KADID/extracted/kadid10k/images/I37_19_04.png,I37.png,37,19,4,1.53,0.718
I37_20_01.png,/kaggle/working/MDFS/data/KADID/extracted/kadid10k/images/I37_20_01.png,I37.png,37,20,1,4.5,0.563
I37_20_03.png,/kaggle/working/MDFS/data/KADID/extracted/kadid10k/images/I37_20_03.png,I37.png,37,20,3,3.53,1.087
I37_20_05.png,/kaggle/working/MDFS/data/KADID/extracted/kadid10k/images/I37_20_05.png,I37.png,37,20,5,3.77,1.055
I37_21_02.png,/kaggle/working/MDFS/data/KADID/extracted/kadid10k/images/I37_21_02.png,I37.png,37,21,2,2.27,0.929
I37_21_04.png,/kaggle/working/MDFS/data/KADID/extracted/kadid10k/images/I37_21_04.png,I37.png,37,21,4,2.67,1.011
I37_22_01.png,/kaggle/working/MDFS/data/KADID/extracted/kadid10k/images/I37_22_01.png,I37.png,37,22,1,3.43,1.023
I37_22_03.png,/kaggle/working/MDFS/data/KADID/extracted/kadid10k/images/I37_22_03.png,I37.png,37,22,3,2.87,0.957
I37_22_05.png,/kaggle/working/MDFS/data/KADID/extracted/kadid10k/images/I37_22_05.png,I37.png,37,22,5,2.23,0.803
I37_23_02.png,/kaggle/working/MDFS/data/KADID/extracted/kadid10k/images/I37_23_02.png,I37.png,37,23,2,2.37,0.948
I37_23_04.png,/kaggle/working/MDFS/data/KADID/extracted/kadid10k/images/I37_23_04.png,I37.png,37,23,4,2.17,0.734
I37_24_01.png,/kaggle/working/MDFS/data/KADID/extracted/kadid10k/images/I37_24_01.png,I37.png,37,24,1,3.77,0.616
I37_24_03.png,/kaggle/working/MDFS/data/KADID/extracted/kadid10k/images/I37_24_03.png,I37.png,37,24,3,2.47,0.991
I37_24_05.png,/kaggle/working/MDFS/data/KADID/extracted/kadid10k/images/I37_24_05.png,I37.png,37,24,5,1.35,0.478
I37_25_02.png,/kaggle/working/MDFS/data/KADID/extracted/kadid10k/images/I37_25_02.png,I37.png,37,25,2,4.17,0.522
I37_25_04.png,/kaggle/working/MDFS/data/KADID/extracted/kadid10k/images/I37_25_04.png,I37.png,37,25,4,4.17,0.522
I38_01_01.png,/kaggle/working/MDFS/data/KADID/extracted/kadid10k/images/I38_01_01.png,I38.png,38,1,1,4.7,0.458
I38_01_03.png,/kaggle/working/MDFS/data/KADID/extracted/kadid10k/images/I38_01_03.png,I38.png,38,1,3,3.4,0.8
I38_01_05.png,/kaggle/working/MDFS/data/KADID/extracted/kadid10k/images/I38_01_05.png,I38.png,38,1,5,1.43,0.496
I38_02_02.png,/kaggle/working/MDFS/data/KADID/extracted/kadid10k/images/I38_02_02.png,I38.png,38,2,2,2.43,0.761
I38_02_04.png,/kaggle/working/MDFS/data/KADID/extracted/kadid10k/images/I38_02_04.png,I38.png,38,2,4,1.4,0.554
I38_03_01.png,/kaggle/working/MDFS/data/KADID/extracted/kadid10k/images/I38_03_01.png,I38.png,38,3,1,4.67,0.471
I38_03_03.png,/kaggle/working/MDFS/data/KADID/extracted/kadid10k/images/I38_03_03.png,I38.png,38,3,3,3.23,0.803
I38_03_05.png,/kaggle/working/MDFS/data/KADID/extracted/kadid10k/images/I38_03_05.png,I38.png,38,3,5,1.77,0.761
I38_04_02.png,/kaggle/working/MDFS/data/KADID/extracted/kadid10k/images/I38_04_02.png,I38.png,38,4,2,3.17,0.898
I38_04_04.png,/kaggle/working/MDFS/data/KADID/extracted/kadid10k/images/I38_04_04.png,I38.png,38,4,4,1.87,0.991
I38_05_01.png,/kaggle/working/MDFS/data/KADID/extracted/kadid10k/images/I38_05_01.png,I38.png,38,5,1,4.0,0.683
I38_05_03.png,/kaggle/working/MDFS/data/KADID/extracted/kadid10k/images/I38_05_03.png,I38.png,38,5,3,1.7,0.737
I38_05_05.png,/kaggle/working/MDFS/data/KADID/extracted/kadid10k/images/I38_05_05.png,I38.png,38,5,5,1.57,0.716
I38_06_02.png,/kaggle/working/MDFS/data/KADID/extracted/kadid10k/images/I38_06_02.png,I38.png,38,6,2,4.43,0.616
I38_06_04.png,/kaggle/working/MDFS/data/KADID/extracted/kadid10k/images/I38_06_04.png,I38.png,38,6,4,3.7,0.862
I38_07_01.png,/kaggle/working/MDFS/data/KADID/extracted/kadid10k/images/I38_07_01.png,I38.png,38,7,1,3.67,1.106
I38_07_03.png,/kaggle/working/MDFS/data/KADID/extracted/kadid10k/images/I38_07_03.png,I38.png,38,7,3,2.67,1.075
I38_07_05.png,/kaggle/working/MDFS/data/KADID/extracted/kadid10k/images/I38_07_05.png,I38.png,38,7,5,2.37,1.11
I38_08_02.png,/kaggle/working/MDFS/data/KADID/extracted/kadid10k/images/I38_08_02.png,I38.png,38,8,2,3.57,0.92
I38_08_04.png,/kaggle/working/MDFS/data/KADID/extracted/kadid10k/images/I38_08_04.png,I38.png,38,8,4,2.17,0.687
I38_09_01.png,/kaggle/working/MDFS/data/KADID/extracted/kadid10k/images/I38_09_01.png,I38.png,38,9,1,4.77,0.423
I38_09_03.png,/kaggle/working/MDFS/data/KADID/extracted/kadid10k/images/I38_09_03.png,I38.png,38,9,3,4.53,0.499
I38_09_05.png,/kaggle/working/MDFS/data/KADID/extracted/kadid10k/images/I38_09_05.png,I38.png,38,9,5,1.83,0.778
I38_10_02.png,/kaggle/working/MDFS/data/KADID/extracted/kadid10k/images/I38_10_02.png,I38.png,38,10,2,4.32,0.736
I38_10_04.png,/kaggle/working/MDFS/data/KADID/extracted/kadid10k/images/I38_10_04.png,I38.png,38,10,4,1.77,0.667
I38_11_01.png,/kaggle/working/MDFS/data/KADID/extracted/kadid10k/images/I38_11_01.png,I38.png,38,11,1,3.47,0.806
I38_11_03.png,/kaggle/working/MDFS/data/KADID/extracted/kadid10k/images/I38_11_03.png,I38.png,38,11,3,2.77,0.761
I38_11_05.png,/kaggle/working/MDFS/data/KADID/extracted/kadid10k/images/I38_11_05.png,I38.png,38,11,5,2.03,0.752
I38_12_02.png,/kaggle/working/MDFS/data/KADID/extracted/kadid10k/images/I38_12_02.png,I38.png,38,12,2,3.23,0.803
I38_12_04.png,/kaggle/working/MDFS/data/KADID/extracted/kadid10k/images/I38_12_04.png,I38.png,38,12,4,2.33,0.699
I38_13_01.png,/kaggle/working/MDFS/data/KADID/extracted/kadid10k/images/I38_13_01.png,I38.png,38,13,1,3.2,0.872
I38_13_03.png,/kaggle/working/MDFS/data/KADID/extracted/kadid10k/images/I38_13_03.png,I38.png,38,13,3,2.27,0.629
I38_13_05.png,/kaggle/working/MDFS/data/KADID/extracted/kadid10k/images/I38_13_05.png,I38.png,38,13,5,2.1,0.79
I38_14_02.png,/kaggle/working/MDFS/data/KADID/extracted/kadid10k/images/I38_14_02.png,I38.png,38,14,2,3.27,0.854
I38_14_04.png,/kaggle/working/MDFS/data/KADID/extracted/kadid10k/images/I38_14_04.png,I38.png,38,14,4,2.43,0.761
I38_15_01.png,/kaggle/working/MDFS/data/KADID/extracted/kadid10k/images/I38_15_01.png,I38.png,38,15,1,3.33,0.789
I38_15_03.png,/kaggle/working/MDFS/data/KADID/extracted/kadid10k/images/I38_15_03.png,I38.png,38,15,3,1.83,0.582
I38_15_05.png,/kaggle/working/MDFS/data/KADID/extracted/kadid10k/images/I38_15_05.png,I38.png,38,15,5,1.17,0.373
I38_16_02.png,/kaggle/working/MDFS/data/KADID/extracted/kadid10k/images/I38_16_02.png,I38.png,38,16,2,4.2,0.6
I38_16_04.png,/kaggle/working/MDFS/data/KADID/extracted/kadid10k/images/I38_16_04.png,I38.png,38,16,4,3.0,1.0
I38_17_01.png,/kaggle/working/MDFS/data/KADID/extracted/kadid10k/images/I38_17_01.png,I38.png,38,17,1,4.47,0.67
I38_17_03.png,/kaggle/working/MDFS/data/KADID/extracted/kadid10k/images/I38_17_03.png,I38.png,38,17,3,3.87,0.806
I38_17_05.png,/kaggle/working/MDFS/data/KADID/extracted/kadid10k/images/I38_17_05.png,I38.png,38,17,5,1.7,0.936
I38_18_02.png,/kaggle/working/MDFS/data/KADID/extracted/kadid10k/images/I38_18_02.png,I38.png,38,18,2,4.65,0.478
I38_18_04.png,/kaggle/working/MDFS/data/KADID/extracted/kadid10k/images/I38_18_04.png,I38.png,38,18,4,4.03,0.547
I38_19_01.png,/kaggle/working/MDFS/data/KADID/extracted/kadid10k/images/I38_19_01.png,I38.png,38,19,1,4.5,0.5
I38_19_03.png,/kaggle/working/MDFS/data/KADID/extracted/kadid10k/images/I38_19_03.png,I38.png,38,19,3,3.17,0.82
I38_19_05.png,/kaggle/working/MDFS/data/KADID/extracted/kadid10k/images/I38_19_05.png,I38.png,38,19,5,1.23,0.423
I38_20_02.png,/kaggle/working/MDFS/data/KADID/extracted/kadid10k/images/I38_20_02.png,I38.png,38,20,2,4.03,0.875
I38_20_04.png,/kaggle/working/MDFS/data/KADID/extracted/kadid10k/images/I38_20_04.png,I38.png,38,20,4,4.3,0.862
I38_21_01.png,/kaggle/working/MDFS/data/KADID/extracted/kadid10k/images/I38_21_01.png,I38.png,38,21,1,2.53,0.957
I38_21_03.png,/kaggle/working/MDFS/data/KADID/extracted/kadid10k/images/I38_21_03.png,I38.png,38,21,3,2.3,0.69
I38_21_05.png,/kaggle/working/MDFS/data/KADID/extracted/kadid10k/images/I38_21_05.png,I38.png,38,21,5,1.57,0.559
I38_22_02.png,/kaggle/working/MDFS/data/KADID/extracted/kadid10k/images/I38_22_02.png,I38.png,38,22,2,2.9,1.044
I38_22_04.png,/kaggle/working/MDFS/data/KADID/extracted/kadid10k/images/I38_22_04.png,I38.png,38,22,4,2.77,0.92
I38_23_01.png,/kaggle/working/MDFS/data/KADID/extracted/kadid10k/images/I38_23_01.png,I38.png,38,23,1,2.87,0.991
I38_23_03.png,/kaggle/working/MDFS/data/KADID/extracted/kadid10k/images/I38_23_03.png,I38.png,38,23,3,2.13,0.763
I38_23_05.png,/kaggle/working/MDFS/data/KADID/extracted/kadid10k/images/I38_23_05.png,I38.png,38,23,5,2.33,0.745
I38_24_02.png,/kaggle/working/MDFS/data/KADID/extracted/kadid10k/images/I38_24_02.png,I38.png,38,24,2,2.73,1.093
I38_24_04.png,/kaggle/working/MDFS/data/KADID/extracted/kadid10k/images/I38_24_04.png,I38.png,38,24,4,1.6,0.757
I38_25_01.png,/kaggle/working/MDFS/data/KADID/extracted/kadid10k/images/I38_25_01.png,I38.png,38,25,1,3.6,0.757
I38_25_03.png,/kaggle/working/MDFS/data/KADID/extracted/kadid10k/images/I38_25_03.png,I38.png,38,25,3,4.3,0.69
I38_25_05.png,/kaggle/working/MDFS/data/KADID/extracted/kadid10k/images/I38_25_05.png,I38.png,38,25,5,3.1,1.012
I39_01_02.png,/kaggle/working/MDFS/data/KADID/extracted/kadid10k/images/I39_01_02.png,I39.png,39,1,2,4.43,0.559
I39_01_04.png,/kaggle/working/MDFS/data/KADID/extracted/kadid10k/images/I39_01_04.png,I39.png,39,1,4,1.8,0.542
I39_02_01.png,/kaggle/working/MDFS/data/KADID/extracted/kadid10k/images/I39_02_01.png,I39.png,39,2,1,4.13,0.67
I39_02_03.png,/kaggle/working/MDFS/data/KADID/extracted/kadid10k/images/I39_02_03.png,I39.png,39,2,3,1.73,0.629
I39_02_05.png,/kaggle/working/MDFS/data/KADID/extracted/kadid10k/images/I39_02_05.png,I39.png,39,2,5,1.2,0.4
I39_03_02.png,/kaggle/working/MDFS/data/KADID/extracted/kadid10k/images/I39_03_02.png,I39.png,39,3,2,4.33,0.745
I39_03_04.png,/kaggle/working/MDFS/data/KADID/extracted/kadid10k/images/I39_03_04.png,I39.png,39,3,4,1.97,0.605
I39_04_01.png,/kaggle/working/MDFS/data/KADID/extracted/kadid10k/images/I39_04_01.png,I39.png,39,4,1,4.63,0.482
I39_04_03.png,/kaggle/working/MDFS/data/KADID/extracted/kadid10k/images/I39_04_03.png,I39.png,39,4,3,1.3,0.526
I39_04_05.png,/kaggle/working/MDFS/data/KADID/extracted/kadid10k/images/I39_04_05.png,I39.png,39,4,5,1.17,0.453
I39_05_02.png,/kaggle/working/MDFS/data/KADID/extracted/kadid10k/images/I39_05_02.png,I39.png,39,5,2,2.63,1.048
I39_05_04.png,/kaggle/working/MDFS/data/KADID/extracted/kadid10k/images/I39_05_04.png,I39.png,39,5,4,1.47,0.562
I39_06_01.png,/kaggle/working/MDFS/data/KADID/extracted/kadid10k/images/I39_06_01.png,I39.png,39,6,1,4.37,0.605
I39_06_03.png,/kaggle/working/MDFS/data/KADID/extracted/kadid10k/images/I39_06_03.png,I39.png,39,6,3,4.33,0.907
I39_06_05.png,/kaggle/working/MDFS/data/KADID/extracted/kadid10k/images/I39_06_05.png,I39.png,39,6,5,3.03,0.983
I39_07_02.png,/kaggle/working/MDFS/data/KADID/extracted/kadid10k/images/I39_07_02.png,I39.png,39,7,2,2.07,1.093
I39_07_04.png,/kaggle/working/MDFS/data/KADID/extracted/kadid10k/images/I39_07_04.png,I39.png,39,7,4,2.27,0.998
I39_08_01.png,/kaggle/working/MDFS/data/KADID/extracted/kadid10k/images/I39_08_01.png,I39.png,39,8,1,4.63,0.482
I39_08_03.png,/kaggle/working/MDFS/data/KADID/extracted/kadid10k/images/I39_08_03.png,I39.png,39,8,3,1.74,0.717
I39_08_05.png,/kaggle/working/MDFS/data/KADID/extracted/kadid10k/images/I39_08_05.png,I39.png,39,8,5,1.13,0.34
I39_09_02.png,/kaggle/working/MDFS/data/KADID/extracted/kadid10k/images/I39_09_02.png,I39.png,39,9,2,4.27,0.814
I39_09_04.png,/kaggle/working/MDFS/data/KADID/extracted/kadid10k/images/I39_09_04.png,I39.png,39,9,4,2.13,0.957
I39_10_01.png,/kaggle/working/MDFS/data/KADID/extracted/kadid10k/images/I39_10_01.png,I39.png,39,10,1,4.5,0.563
I39_10_03.png,/kaggle/working/MDFS/data/KADID/extracted/kadid10k/images/I39_10_03.png,I39.png,39,10,3,4.07,0.772
I39_10_05.png,/kaggle/working/MDFS/data/KADID/extracted/kadid10k/images/I39_10_05.png,I39.png,39,10,5,1.43,0.496
I39_11_02.png,/kaggle/working/MDFS/data/KADID/extracted/kadid10k/images/I39_11_02.png,I39.png,39,11,2,4.07,0.814
I39_11_04.png,/kaggle/working/MDFS/data/KADID/extracted/kadid10k/images/I39_11_04.png,I39.png,39,11,4,3.17,0.82
I39_12_01.png,/kaggle/working/MDFS/data/KADID/extracted/kadid10k/images/I39_12_01.png,I39.png,39,12,1,4.73,0.442
I39_12_03.png,/kaggle/working/MDFS/data/KADID/extracted/kadid10k/images/I39_12_03.png,I39.png,39,12,3,3.8,0.909
I39_12_05.png,/kaggle/working/MDFS/data/KADID/extracted/kadid10k/images/I39_12_05.png,I39.png,39,12,5,2.7,0.823
I39_13_02.png,/kaggle/working/MDFS/data/KADID/extracted/kadid10k/images/I39_13_02.png,I39.png,39,13,2,3.03,0.983
I39_13_04.png,/kaggle/working/MDFS/data/KADID/extracted/kadid10k/images/I39_13_04.png,I39.png,39,13,4,2.43,0.844
I39_14_01.png,/kaggle/working/MDFS/data/KADID/extracted/kadid10k/images/I39_14_01.png,I39.png,39,14,1,4.6,0.49
I39_14_03.png,/kaggle/working/MDFS/data/KADID/extracted/kadid10k/images/I39_14_03.png,I39.png,39,14,3,3.33,0.978
I39_14_05.png,/kaggle/working/MDFS/data/KADID/extracted/kadid10k/images/I39_14_05.png,I39.png,39,14,5,2.07,0.359
I39_15_02.png,/kaggle/working/MDFS/data/KADID/extracted/kadid10k/images/I39_15_02.png,I39.png,39,15,2,3.4,0.841
I39_15_04.png,/kaggle/working/MDFS/data/KADID/extracted/kadid10k/images/I39_15_04.png,I39.png,39,15,4,1.77,0.496
I39_16_01.png,/kaggle/working/MDFS/data/KADID/extracted/kadid10k/images/I39_16_01.png,I39.png,39,16,1,4.53,0.499
I39_16_03.png,/kaggle/working/MDFS/data/KADID/extracted/kadid10k/images/I39_16_03.png,I39.png,39,16,3,4.3,0.781
I39_16_05.png,/kaggle/working/MDFS/data/KADID/extracted/kadid10k/images/I39_16_05.png,I39.png,39,16,5,1.5,0.563
I39_17_02.png,/kaggle/working/MDFS/data/KADID/extracted/kadid10k/images/I39_17_02.png,I39.png,39,17,2,4.77,0.423
I39_17_04.png,/kaggle/working/MDFS/data/KADID/extracted/kadid10k/images/I39_17_04.png,I39.png,39,17,4,3.77,0.667
I39_18_01.png,/kaggle/working/MDFS/data/KADID/extracted/kadid10k/images/I39_18_01.png,I39.png,39,18,1,4.53,0.499
I39_18_03.png,/kaggle/working/MDFS/data/KADID/extracted/kadid10k/images/I39_18_03.png,I39.png,39,18,3,4.63,0.657
I39_18_05.png,/kaggle/working/MDFS/data/KADID/extracted/kadid10k/images/I39_18_05.png,I39.png,39,18,5,4.03,0.836
I39_19_02.png,/kaggle/working/MDFS/data/KADID/extracted/kadid10k/images/I39_19_02.png,I39.png,39,19,2,3.7,0.69
I39_19_04.png,/kaggle/working/MDFS/data/KADID/extracted/kadid10k/images/I39_19_04.png,I39.png,39,19,4,1.5,0.671
I39_20_01.png,/kaggle/working/MDFS/data/KADID/extracted/kadid10k/images/I39_20_01.png,I39.png,39,20,1,4.4,0.917
I39_20_03.png,/kaggle/working/MDFS/data/KADID/extracted/kadid10k/images/I39_20_03.png,I39.png,39,20,3,3.8,1.166
I39_20_05.png,/kaggle/working/MDFS/data/KADID/extracted/kadid10k/images/I39_20_05.png,I39.png,39,20,5,2.52,1.317
I39_21_02.png,/kaggle/working/MDFS/data/KADID/extracted/kadid10k/images/I39_21_02.png,I39.png,39,21,2,2.7,0.971
I39_21_04.png,/kaggle/working/MDFS/data/KADID/extracted/kadid10k/images/I39_21_04.png,I39.png,39,21,4,2.27,0.892
I39_22_01.png,/kaggle/working/MDFS/data/KADID/extracted/kadid10k/images/I39_22_01.png,I39.png,39,22,1,4.53,0.618
I39_22_03.png,/kaggle/working/MDFS/data/KADID/extracted/kadid10k/images/I39_22_03.png,I39.png,39,22,3,4.63,0.657
I39_22_05.png,/kaggle/working/MDFS/data/KADID/extracted/kadid10k/images/I39_22_05.png,I39.png,39,22,5,4.37,0.706
I39_23_02.png,/kaggle/working/MDFS/data/KADID/extracted/kadid10k/images/I39_23_02.png,I39.png,39,23,2,2.39,1.006
I39_23_04.png,/kaggle/working/MDFS/data/KADID/extracted/kadid10k/images/I39_23_04.png,I39.png,39,23,4,2.1,0.79
I39_24_01.png,/kaggle/working/MDFS/data/KADID/extracted/kadid10k/images/I39_24_01.png,I39.png,39,24,1,3.63,0.836
I39_24_03.png,/kaggle/working/MDFS/data/KADID/extracted/kadid10k/images/I39_24_03.png,I39.png,39,24,3,1.77,0.667
I39_24_05.png,/kaggle/working/MDFS/data/KADID/extracted/kadid10k/images/I39_24_05.png,I39.png,39,24,5,1.17,0.373
I39_25_02.png,/kaggle/working/MDFS/data/KADID/extracted/kadid10k/images/I39_25_02.png,I39.png,39,25,2,4.23,0.559
I39_25_04.png,/kaggle/working/MDFS/data/KADID/extracted/kadid10k/images/I39_25_04.png,I39.png,39,25,4,4.37,0.657
I40_01_01.png,/kaggle/working/MDFS/data/KADID/extracted/kadid10k/images/I40_01_01.png,I40.png,40,1,1,4.27,0.573
I40_01_03.png,/kaggle/working/MDFS/data/KADID/extracted/kadid10k/images/I40_01_03.png,I40.png,40,1,3,2.17,0.82
I40_01_05.png,/kaggle/working/MDFS/data/KADID/extracted/kadid10k/images/I40_01_05.png,I40.png,40,1,5,1.1,0.296
I40_02_02.png,/kaggle/working/MDFS/data/KADID/extracted/kadid10k/images/I40_02_02.png,I40.png,40,2,2,2.0,0.683
I40_02_04.png,/kaggle/working/MDFS/data/KADID/extracted/kadid10k/images/I40_02_04.png,I40.png,40,2,4,1.4,0.554
I40_03_01.png,/kaggle/working/MDFS/data/KADID/extracted/kadid10k/images/I40_03_01.png,I40.png,40,3,1,4.3,0.936
I40_03_03.png,/kaggle/working/MDFS/data/KADID/extracted/kadid10k/images/I40_03_03.png,I40.png,40,3,3,2.23,0.716
I40_03_05.png,/kaggle/working/MDFS/data/KADID/extracted/kadid10k/images/I40_03_05.png,I40.png,40,3,5,1.17,0.373
I40_04_02.png,/kaggle/working/MDFS/data/KADID/extracted/kadid10k/images/I40_04_02.png,I40.png,40,4,2,2.37,0.875
I40_04_04.png,/kaggle/working/MDFS/data/KADID/extracted/kadid10k/images/I40_04_04.png,I40.png,40,4,4,1.47,0.618
I40_05_01.png,/kaggle/working/MDFS/data/KADID/extracted/kadid10k/images/I40_05_01.png,I40.png,40,5,1,3.7,0.9
I40_05_03.png,/kaggle/working/MDFS/data/KADID/extracted/kadid10k/images/I40_05_03.png,I40.png,40,5,3,1.53,0.562
I40_05_05.png,/kaggle/working/MDFS/data/KADID/extracted/kadid10k/images/I40_05_05.png,I40.png,40,5,5,1.37,0.482
I40_06_02.png,/kaggle/working/MDFS/data/KADID/extracted/kadid10k/images/I40_06_02.png,I40.png,40,6,2,4.27,0.512
I40_06_04.png,/kaggle/working/MDFS/data/KADID/extracted/kadid10k/images/I40_06_04.png,I40.png,40,6,4,3.97,0.752
I40_07_01.png,/kaggle/working/MDFS/data/KADID/extracted/kadid10k/images/I40_07_01.png,I40.png,40,7,1,2.6,0.8
I40_07_03.png,/kaggle/working/MDFS/data/KADID/extracted/kadid10k/images/I40_07_03.png,I40.png,40,7,3,2.0,0.856
I40_07_05.png,/kaggle/working/MDFS/data/KADID/extracted/kadid10k/images/I40_07_05.png,I40.png,40,7,5,1.87,0.846
I40_08_02.png,/kaggle/working/MDFS/data/KADID/extracted/kadid10k/images/I40_08_02.png,I40.png,40,8,2,3.23,0.803
I40_08_04.png,/kaggle/working/MDFS/data/KADID/extracted/kadid10k/images/I40_08_04.png,I40.png,40,8,4,1.67,0.745
I40_09_01.png,/kaggle/working/MDFS/data/KADID/extracted/kadid10k/images/I40_09_01.png,I40.png,40,9,1,4.2,0.98
I40_09_03.png,/kaggle/working/MDFS/data/KADID/extracted/kadid10k/images/I40_09_03.png,I40.png,40,9,3,3.0,0.894
I40_09_05.png,/kaggle/working/MDFS/data/KADID/extracted/kadid10k/images/I40_09_05.png,I40.png,40,9,5,1.23,0.423
I40_10_02.png,/kaggle/working/MDFS/data/KADID/extracted/kadid10k/images/I40_10_02.png,I40.png,40,10,2,4.2,0.792
I40_10_04.png,/kaggle/working/MDFS/data/KADID/extracted/kadid10k/images/I40_10_04.png,I40.png,40,10,4,2.5,1.088
I40_11_01.png,/kaggle/working/MDFS/data/KADID/extracted/kadid10k/images/I40_11_01.png,I40.png,40,11,1,4.43,0.667
I40_11_03.png,/kaggle/working/MDFS/data/KADID/extracted/kadid10k/images/I40_11_03.png,I40.png,40,11,3,3.83,0.969
I40_11_05.png,/kaggle/working/MDFS/data/KADID/extracted/kadid10k/images/I40_11_05.png,I40.png,40,11,5,3.33,1.106
I40_12_02.png,/kaggle/working/MDFS/data/KADID/extracted/kadid10k/images/I40_12_02.png,I40.png,40,12,2,4.5,0.5
I40_12_04.png,/kaggle/working/MDFS/data/KADID/extracted/kadid10k/images/I40_12_04.png,I40.png,40,12,4,3.6,1.02
I40_13_01.png,/kaggle/working/MDFS/data/KADID/extracted/kadid10k/images/I40_13_01.png,I40.png,40,13,1,4.23,0.705
I40_13_03.png,/kaggle/working/MDFS/data/KADID/extracted/kadid10k/images/I40_13_03.png,I40.png,40,13,3,2.8,1.077
I40_13_05.png,/kaggle/working/MDFS/data/KADID/extracted/kadid10k/images/I40_13_05.png,I40.png,40,13,5,2.17,0.934
I40_14_02.png,/kaggle/working/MDFS/data/KADID/extracted/kadid10k/images/I40_14_02.png,I40.png,40,14,2,4.3,0.586
I40_14_04.png,/kaggle/working/MDFS/data/KADID/extracted/kadid10k/images/I40_14_04.png,I40.png,40,14,4,3.8,0.748
I40_15_01.png,/kaggle/working/MDFS/data/KADID/extracted/kadid10k/images/I40_15_01.png,I40.png,40,15,1,3.1,1.012
I40_15_03.png,/kaggle/working/MDFS/data/KADID/extracted/kadid10k/images/I40_15_03.png,I40.png,40,15,3,1.83,0.778
I40_15_05.png,/kaggle/working/MDFS/data/KADID/extracted/kadid10k/images/I40_15_05.png,I40.png,40,15,5,1.7,0.526
I40_16_02.png,/kaggle/working/MDFS/data/KADID/extracted/kadid10k/images/I40_16_02.png,I40.png,40,16,2,4.0,0.683
I40_16_04.png,/kaggle/working/MDFS/data/KADID/extracted/kadid10k/images/I40_16_04.png,I40.png,40,16,4,2.43,0.955
I40_17_01.png,/kaggle/working/MDFS/data/KADID/extracted/kadid10k/images/I40_17_01.png,I40.png,40,17,1,4.53,0.562
I40_17_03.png,/kaggle/working/MDFS/data/KADID/extracted/kadid10k/images/I40_17_03.png,I40.png,40,17,3,3.93,0.772
I40_17_05.png,/kaggle/working/MDFS/data/KADID/extracted/kadid10k/images/I40_17_05.png,I40.png,40,17,5,1.87,0.991
I40_18_02.png,/kaggle/working/MDFS/data/KADID/extracted/kadid10k/images/I40_18_02.png,I40.png,40,18,2,4.4,0.663
I40_18_04.png,/kaggle/working/MDFS/data/KADID/extracted/kadid10k/images/I40_18_04.png,I40.png,40,18,4,4.03,0.657
I40_19_01.png,/kaggle/working/MDFS/data/KADID/extracted/kadid10k/images/I40_19_01.png,I40.png,40,19,1,4.1,0.943
I40_19_03.png,/kaggle/working/MDFS/data/KADID/extracted/kadid10k/images/I40_19_03.png,I40.png,40,19,3,2.37,0.875
I40_19_05.png,/kaggle/working/MDFS/data/KADID/extracted/kadid10k/images/I40_19_05.png,I40.png,40,19,5,1.2,0.4
I40_20_02.png,/kaggle/working/MDFS/data/KADID/extracted/kadid10k/images/I40_20_02.png,I40.png,40,20,2,3.03,1.11
I40_20_04.png,/kaggle/working/MDFS/data/KADID/extracted/kadid10k/images/I40_20_04.png,I40.png,40,20,4,3.07,1.289
I40_21_01.png,/kaggle/working/MDFS/data/KADID/extracted/kadid10k/images/I40_21_01.png,I40.png,40,21,1,3.9,0.978
I40_21_03.png,/kaggle/working/MDFS/data/KADID/extracted/kadid10k/images/I40_21_03.png,I40.png,40,21,3,2.67,1.011
I40_21_05.png,/kaggle/working/MDFS/data/KADID/extracted/kadid10k/images/I40_21_05.png,I40.png,40,21,5,1.33,0.471
I40_22_02.png,/kaggle/working/MDFS/data/KADID/extracted/kadid10k/images/I40_22_02.png,I40.png,40,22,2,4.33,0.789
I40_22_04.png,/kaggle/working/MDFS/data/KADID/extracted/kadid10k/images/I40_22_04.png,I40.png,40,22,4,4.37,0.706
I40_23_01.png,/kaggle/working/MDFS/data/KADID/extracted/kadid10k/images/I40_23_01.png,I40.png,40,23,1,2.2,0.872
I40_23_03.png,/kaggle/working/MDFS/data/KADID/extracted/kadid10k/images/I40_23_03.png,I40.png,40,23,3,1.83,0.734
I40_23_05.png,/kaggle/working/MDFS/data/KADID/extracted/kadid10k/images/I40_23_05.png,I40.png,40,23,5,1.9,0.87
I40_24_02.png,/kaggle/working/MDFS/data/KADID/extracted/kadid10k/images/I40_24_02.png,I40.png,40,24,2,1.97,0.795
I40_24_04.png,/kaggle/working/MDFS/data/KADID/extracted/kadid10k/images/I40_24_04.png,I40.png,40,24,4,1.33,0.537
I40_25_01.png,/kaggle/working/MDFS/data/KADID/extracted/kadid10k/images/I40_25_01.png,I40.png,40,25,1,3.63,0.752
I40_25_03.png,/kaggle/working/MDFS/data/KADID/extracted/kadid10k/images/I40_25_03.png,I40.png,40,25,3,3.93,0.629
I40_25_05.png,/kaggle/working/MDFS/data/KADID/extracted/kadid10k/images/I40_25_05.png,I40.png,40,25,5,2.45,0.836
I41_01_02.png,/kaggle/working/MDFS/data/KADID/extracted/kadid10k/images/I41_01_02.png,I41.png,41,1,2,4.43,0.496
I41_01_04.png,/kaggle/working/MDFS/data/KADID/extracted/kadid10k/images/I41_01_04.png,I41.png,41,1,4,2.07,0.573
I41_02_01.png,/kaggle/working/MDFS/data/KADID/extracted/kadid10k/images/I41_02_01.png,I41.png,41,2,1,4.0,0.966
I41_02_03.png,/kaggle/working/MDFS/data/KADID/extracted/kadid10k/images/I41_02_03.png,I41.png,41,2,3,1.81,0.583
I41_02_05.png,/kaggle/working/MDFS/data/KADID/extracted/kadid10k/images/I41_02_05.png,I41.png,41,2,5,1.37,0.482
I41_03_02.png,/kaggle/working/MDFS/data/KADID/extracted/kadid10k/images/I41_03_02.png,I41.png,41,3,2,4.6,0.663
I41_03_04.png,/kaggle/working/MDFS/data/KADID/extracted/kadid10k/images/I41_03_04.png,I41.png,41,3,4,2.4,0.879
I41_04_01.png,/kaggle/working/MDFS/data/KADID/extracted/kadid10k/images/I41_04_01.png,I41.png,41,4,1,4.67,0.537
I41_04_03.png,/kaggle/working/MDFS/data/KADID/extracted/kadid10k/images/I41_04_03.png,I41.png,41,4,3,1.4,0.49
I41_04_05.png,/kaggle/working/MDFS/data/KADID/extracted/kadid10k/images/I41_04_05.png,I41.png,41,4,5,1.2,0.4
I41_05_02.png,/kaggle/working/MDFS/data/KADID/extracted/kadid10k/images/I41_05_02.png,I41.png,41,5,2,2.9,0.831
I41_05_04.png,/kaggle/working/MDFS/data/KADID/extracted/kadid10k/images/I41_05_04.png,I41.png,41,5,4,2.4,0.841
I41_06_01.png,/kaggle/working/MDFS/data/KADID/extracted/kadid10k/images/I41_06_01.png,I41.png,41,6,1,4.27,0.892
I41_06_03.png,/kaggle/working/MDFS/data/KADID/extracted/kadid10k/images/I41_06_03.png,I41.png,41,6,3,3.7,1.005
I41_06_05.png,/kaggle/working/MDFS/data/KADID/extracted/kadid10k/images/I41_06_05.png,I41.png,41,6,5,1.83,0.582
I41_07_02.png,/kaggle/working/MDFS/data/KADID/extracted/kadid10k/images/I41_07_02.png,I41.png,41,7,2,2.57,1.202
I41_07_04.png,/kaggle/working/MDFS/data/KADID/extracted/kadid10k/images/I41_07_04.png,I41.png,41,7,4,2.0,0.966
I41_08_01.png,/kaggle/working/MDFS/data/KADID/extracted/kadid10k/images/I41_08_01.png,I41.png,41,8,1,4.53,0.499
I41_08_03.png,/kaggle/working/MDFS/data/KADID/extracted/kadid10k/images/I41_08_03.png,I41.png,41,8,3,2.5,0.922
I41_08_05.png,/kaggle/working/MDFS/data/KADID/extracted/kadid10k/images/I41_08_05.png,I41.png,41,8,5,1.37,0.547
I41_09_02.png,/kaggle/working/MDFS/data/KADID/extracted/kadid10k/images/I41_09_02.png,I41.png,41,9,2,4.4,0.554
I41_09_04.png,/kaggle/working/MDFS/data/KADID/extracted/kadid10k/images/I41_09_04.png,I41.png,41,9,4,1.83,0.687
I41_10_01.png,/kaggle/working/MDFS/data/KADID/extracted/kadid10k/images/I41_10_01.png,I41.png,41,10,1,4.6,0.49
I41_10_03.png,/kaggle/working/MDFS/data/KADID/extracted/kadid10k/images/I41_10_03.png,I41.png,41,10,3,4.03,0.948
I41_10_05.png,/kaggle/working/MDFS/data/KADID/extracted/kadid10k/images/I41_10_05.png,I41.png,41,10,5,1.17,0.373
I41_11_02.png,/kaggle/working/MDFS/data/KADID/extracted/kadid10k/images/I41_11_02.png,I41.png,41,11,2,3.63,0.657
I41_11_04.png,/kaggle/working/MDFS/data/KADID/extracted/kadid10k/images/I41_11_04.png,I41.png,41,11,4,2.67,0.907
I41_12_01.png,/kaggle/working/MDFS/data/KADID/extracted/kadid10k/images/I41_12_01.png,I41.png,41,12,1,4.67,0.471
I41_12_03.png,/kaggle/working/MDFS/data/KADID/extracted/kadid10k/images/I41_12_03.png,I41.png,41,12,3,3.5,0.885
I41_12_05.png,/kaggle/working/MDFS/data/KADID/extracted/kadid10k/images/I41_12_05.png,I41.png,41,12,5,2.6,0.554
I41_13_02.png,/kaggle/working/MDFS/data/KADID/extracted/kadid10k/images/I41_13_02.png,I41.png,41,13,2,3.07,1.031
I41_13_04.png,/kaggle/working/MDFS/data/KADID/extracted/kadid10k/images/I41_13_04.png,I41.png,41,13,4,2.6,0.8
I41_14_01.png,/kaggle/working/MDFS/data/KADID/extracted/kadid10k/images/I41_14_01.png,I41.png,41,14,1,4.77,0.423
I41_14_03.png,/kaggle/working/MDFS/data/KADID/extracted/kadid10k/images/I41_14_03.png,I41.png,41,14,3,3.1,0.597
I41_14_05.png,/kaggle/working/MDFS/data/KADID/extracted/kadid10k/images/I41_14_05.png,I41.png,41,14,5,1.8,0.909
I41_15_02.png,/kaggle/working/MDFS/data/KADID/extracted/kadid10k/images/I41_15_02.png,I41.png,41,15,2,2.33,0.869
I41_15_04.png,/kaggle/working/MDFS/data/KADID/extracted/kadid10k/images/I41_15_04.png,I41.png,41,15,4,1.43,0.559
I41_16_01.png,/kaggle/working/MDFS/data/KADID/extracted/kadid10k/images/I41_16_01.png,I41.png,41,16,1,4.6,0.611
I41_16_03.png,/kaggle/working/MDFS/data/KADID/extracted/kadid10k/images/I41_16_03.png,I41.png,41,16,3,3.33,0.943
I41_16_05.png,/kaggle/working/MDFS/data/KADID/extracted/kadid10k/images/I41_16_05.png,I41.png,41,16,5,1.4,0.554
I41_17_02.png,/kaggle/working/MDFS/data/KADID/extracted/kadid10k/images/I41_17_02.png,I41.png,41,17,2,4.73,0.442
I41_17_04.png,/kaggle/working/MDFS/data/KADID/extracted/kadid10k/images/I41_17_04.png,I41.png,41,17,4,3.6,0.841
I41_18_01.png,/kaggle/working/MDFS/data/KADID/extracted/kadid10k/images/I41_18_01.png,I41.png,41,18,1,3.93,0.929
I41_18_03.png,/kaggle/working/MDFS/data/KADID/extracted/kadid10k/images/I41_18_03.png,I41.png,41,18,3,4.6,0.663
I41_18_05.png,/kaggle/working/MDFS/data/KADID/extracted/kadid10k/images/I41_18_05.png,I41.png,41,18,5,3.97,1.11
I41_19_02.png,/kaggle/working/MDFS/data/KADID/extracted/kadid10k/images/I41_19_02.png,I41.png,41,19,2,4.7,0.458
I41_19_04.png,/kaggle/working/MDFS/data/KADID/extracted/kadid10k/images/I41_19_04.png,I41.png,41,19,4,1.93,0.573
I41_20_01.png,/kaggle/working/MDFS/data/KADID/extracted/kadid10k/images/I41_20_01.png,I41.png,41,20,1,4.2,0.945
I41_20_03.png,/kaggle/working/MDFS/data/KADID/extracted/kadid10k/images/I41_20_03.png,I41.png,41,20,3,3.73,1.289
I41_20_05.png,/kaggle/working/MDFS/data/KADID/extracted/kadid10k/images/I41_20_05.png,I41.png,41,20,5,2.4,1.2
I41_21_02.png,/kaggle/working/MDFS/data/KADID/extracted/kadid10k/images/I41_21_02.png,I41.png,41,21,2,3.48,0.798
I41_21_04.png,/kaggle/working/MDFS/data/KADID/extracted/kadid10k/images/I41_21_04.png,I41.png,41,21,4,3.13,0.921
I41_22_01.png,/kaggle/working/MDFS/data/KADID/extracted/kadid10k/images/I41_22_01.png,I41.png,41,22,1,4.73,0.442
I41_22_03.png,/kaggle/working/MDFS/data/KADID/extracted/kadid10k/images/I41_22_03.png,I41.png,41,22,3,4.27,0.629
I41_22_05.png,/kaggle/working/MDFS/data/KADID/extracted/kadid10k/images/I41_22_05.png,I41.png,41,22,5,3.2,1.108
I41_23_02.png,/kaggle/working/MDFS/data/KADID/extracted/kadid10k/images/I41_23_02.png,I41.png,41,23,2,3.13,1.087
I41_23_04.png,/kaggle/working/MDFS/data/KADID/extracted/kadid10k/images/I41_23_04.png,I41.png,41,23,4,2.27,0.892
I41_24_01.png,/kaggle/working/MDFS/data/KADID/extracted/kadid10k/images/I41_24_01.png,I41.png,41,24,1,4.07,0.573
I41_24_03.png,/kaggle/working/MDFS/data/KADID/extracted/kadid10k/images/I41_24_03.png,I41.png,41,24,3,2.47,0.884
I41_24_05.png,/kaggle/working/MDFS/data/KADID/extracted/kadid10k/images/I41_24_05.png,I41.png,41,24,5,1.47,0.718
I41_25_02.png,/kaggle/working/MDFS/data/KADID/extracted/kadid10k/images/I41_25_02.png,I41.png,41,25,2,4.23,0.716
I41_25_04.png,/kaggle/working/MDFS/data/KADID/extracted/kadid10k/images/I41_25_04.png,I41.png,41,25,4,4.6,0.8
I42_01_01.png,/kaggle/working/MDFS/data/KADID/extracted/kadid10k/images/I42_01_01.png,I42.png,42,1,1,4.57,0.559
I42_01_03.png,/kaggle/working/MDFS/data/KADID/extracted/kadid10k/images/I42_01_03.png,I42.png,42,1,3,3.23,0.761
I42_01_05.png,/kaggle/working/MDFS/data/KADID/extracted/kadid10k/images/I42_01_05.png,I42.png,42,1,5,1.4,0.49
I42_02_02.png,/kaggle/working/MDFS/data/KADID/extracted/kadid10k/images/I42_02_02.png,I42.png,42,2,2,3.13,0.763
I42_02_04.png,/kaggle/working/MDFS/data/KADID/extracted/kadid10k/images/I42_02_04.png,I42.png,42,2,4,1.6,0.554
I42_03_01.png,/kaggle/working/MDFS/data/KADID/extracted/kadid10k/images/I42_03_01.png,I42.png,42,3,1,4.77,0.418
I42_03_03.png,/kaggle/working/MDFS/data/KADID/extracted/kadid10k/images/I42_03_03.png,I42.png,42,3,3,3.07,0.727
I42_03_05.png,/kaggle/working/MDFS/data/KADID/extracted/kadid10k/images/I42_03_05.png,I42.png,42,3,5,1.7,0.586
I42_04_02.png,/kaggle/working/MDFS/data/KADID/extracted/kadid10k/images/I42_04_02.png,I42.png,42,4,2,2.33,0.869
I42_04_04.png,/kaggle/working/MDFS/data/KADID/extracted/kadid10k/images/I42_04_04.png,I42.png,42,4,4,1.27,0.512
I42_05_01.png,/kaggle/working/MDFS/data/KADID/extracted/kadid10k/images/I42_05_01.png,I42.png,42,5,1,4.33,0.471
I42_05_03.png,/kaggle/working/MDFS/data/KADID/extracted/kadid10k/images/I42_05_03.png,I42.png,42,5,3,2.47,0.921
I42_05_05.png,/kaggle/working/MDFS/data/KADID/extracted/kadid10k/images/I42_05_05.png,I42.png,42,5,5,2.27,0.629
I42_06_02.png,/kaggle/working/MDFS/data/KADID/extracted/kadid10k/images/I42_06_02.png,I42.png,42,6,2,3.63,1.048
I42_06_04.png,/kaggle/working/MDFS/data/KADID/extracted/kadid10k/images/I42_06_04.png,I42.png,42,6,4,2.77,0.761
I42_07_01.png,/kaggle/working/MDFS/data/KADID/extracted/kadid10k/images/I42_07_01.png,I42.png,42,7,1,2.73,0.998
I42_07_03.png,/kaggle/working/MDFS/data/KADID/extracted/kadid10k/images/I42_07_03.png,I42.png,42,7,3,2.03,0.948
I42_07_05.png,/kaggle/working/MDFS/data/KADID/extracted/kadid10k/images/I42_07_05.png,I42.png,42,7,5,2.2,0.909
I42_08_02.png,/kaggle/working/MDFS/data/KADID/extracted/kadid10k/images/I42_08_02.png,I42.png,42,8,2,3.17,0.969
I42_08_04.png,/kaggle/working/MDFS/data/KADID/extracted/kadid10k/images/I42_08_04.png,I42.png,42,8,4,1.67,0.789
I42_09_01.png,/kaggle/working/MDFS/data/KADID/extracted/kadid10k/images/I42_09_01.png,I42.png,42,9,1,4.73,0.442
I42_09_03.png,/kaggle/working/MDFS/data/KADID/extracted/kadid10k/images/I42_09_03.png,I42.png,42,9,3,3.83,0.778
I42_09_05.png,/kaggle/working/MDFS/data/KADID/extracted/kadid10k/images/I42_09_05.png,I42.png,42,9,5,1.23,0.423
I42_10_02.png,/kaggle/working/MDFS/data/KADID/extracted/kadid10k/images/I42_10_02.png,I42.png,42,10,2,4.33,0.537
I42_10_04.png,/kaggle/working/MDFS/data/KADID/extracted/kadid10k/images/I42_10_04.png,I42.png,42,10,4,2.3,0.69
I42_11_01.png,/kaggle/working/MDFS/data/KADID/extracted/kadid10k/images/I42_11_01.png,I42.png,42,11,1,4.23,0.616
I42_11_03.png,/kaggle/working/MDFS/data/KADID/extracted/kadid10k/images/I42_11_03.png,I42.png,42,11,3,3.33,0.699
I42_11_05.png,/kaggle/working/MDFS/data/KADID/extracted/kadid10k/images/I42_11_05.png,I42.png,42,11,5,2.47,0.763
I42_12_02.png,/kaggle/working/MDFS/data/KADID/extracted/kadid10k/images/I42_12_02.png,I42.png,42,12,2,3.83,0.637
I42_12_04.png,/kaggle/working/MDFS/data/KADID/extracted/kadid10k/images/I42_12_04.png,I42.png,42,12,4,3.09,0.947
I42_13_01.png,/kaggle/working/MDFS/data/KADID/extracted/kadid10k/images/I42_13_01.png,I42.png,42,13,1,3.9,0.943
I42_13_03.png,/kaggle/working/MDFS/data/KADID/extracted/kadid10k/images/I42_13_03.png,I42.png,42,13,3,2.63,0.752
I42_13_05.png,/kaggle/working/MDFS/data/KADID/extracted/kadid10k/images/I42_13_05.png,I42.png,42,13,5,2.33,0.65
I42_14_02.png,/kaggle/working/MDFS/data/KADID/extracted/kadid10k/images/I42_14_02.png,I42.png,42,14,2,4.07,0.892
I42_14_04.png,/kaggle/working/MDFS/data/KADID/extracted/kadid10k/images/I42_14_04.png,I42.png,42,14,4,2.93,0.964
I42_15_01.png,/kaggle/working/MDFS/data/KADID/extracted/kadid10k/images/I42_15_01.png,I42.png,42,15,1,4.03,0.836
I42_15_03.png,/kaggle/working/MDFS/data/KADID/extracted/kadid10k/images/I42_15_03.png,I42.png,42,15,3,2.13,0.618
I42_15_05.png,/kaggle/working/MDFS/data/KADID/extracted/kadid10k/images/I42_15_05.png,I42.png,42,15,5,1.5,0.619
I42_16_02.png,/kaggle/working/MDFS/data/KADID/extracted/kadid10k/images/I42_16_02.png,I42.png,42,16,2,4.33,0.699
I42_16_04.png,/kaggle/working/MDFS/data/KADID/extracted/kadid10k/images/I42_16_04.png,I42.png,42,16,4,2.93,0.964
I42_17_01.png,/kaggle/working/MDFS/data/KADID/extracted/kadid10k/images/I42_17_01.png,I42.png,42,17,1,4.73,0.442
I42_17_03.png,/kaggle/working/MDFS/data/KADID/extracted/kadid10k/images/I42_17_03.png,I42.png,42,17,3,4.2,0.653
I42_17_05.png,/kaggle/working/MDFS/data/KADID/extracted/kadid10k/images/I42_17_05.png,I42.png,42,17,5,1.77,0.716
I42_18_02.png,/kaggle/working/MDFS/data/KADID/extracted/kadid10k/images/I42_18_02.png,I42.png,42,18,2,4.7,0.458
I42_18_04.png,/kaggle/working/MDFS/data/KADID/extracted/kadid10k/images/I42_18_04.png,I42.png,42,18,4,4.43,0.559
I42_19_01.png,/kaggle/working/MDFS/data/KADID/extracted/kadid10k/images/I42_19_01.png,I42.png,42,19,1,4.37,0.706
I42_19_03.png,/kaggle/working/MDFS/data/KADID/extracted/kadid10k/images/I42_19_03.png,I42.png,42,19,3,3.47,0.846
I42_19_05.png,/kaggle/working/MDFS/data/KADID/extracted/kadid10k/images/I42_19_05.png,I42.png,42,19,5,1.43,0.616
I42_20_02.png,/kaggle/working/MDFS/data/KADID/extracted/kadid10k/images/I42_20_02.png,I42.png,42,20,2,4.17,0.934
I42_20_04.png,/kaggle/working/MDFS/data/KADID/extracted/kadid10k/images/I42_20_04.png,I42.png,42,20,4,3.0,1.065
I42_21_01.png,/kaggle/working/MDFS/data/KADID/extracted/kadid10k/images/I42_21_01.png,I42.png,42,21,1,3.42,1.04
I42_21_03.png,/kaggle/working/MDFS/data/KADID/extracted/kadid10k/images/I42_21_03.png,I42.png,42,21,3,2.77,0.92
I42_21_05.png,/kaggle/working/MDFS/data/KADID/extracted/kadid10k/images/I42_21_05.png,I42.png,42,21,5,1.43,0.496
I42_22_02.png,/kaggle/working/MDFS/data/KADID/extracted/kadid10k/images/I42_22_02.png,I42.png,42,22,2,4.77,0.423
I42_22_04.png,/kaggle/working/MDFS/data/KADID/extracted/kadid10k/images/I42_22_04.png,I42.png,42,22,4,4.2,0.702
I42_23_01.png,/kaggle/working/MDFS/data/KADID/extracted/kadid10k/images/I42_23_01.png,I42.png,42,23,1,3.1,1.193
I42_23_03.png,/kaggle/working/MDFS/data/KADID/extracted/kadid10k/images/I42_23_03.png,I42.png,42,23,3,2.4,0.757
I42_23_05.png,/kaggle/working/MDFS/data/KADID/extracted/kadid10k/images/I42_23_05.png,I42.png,42,23,5,1.6,0.712
I42_24_02.png,/kaggle/working/MDFS/data/KADID/extracted/kadid10k/images/I42_24_02.png,I42.png,42,24,2,2.9,0.943
I42_24_04.png,/kaggle/working/MDFS/data/KADID/extracted/kadid10k/images/I42_24_04.png,I42.png,42,24,4,1.5,0.671
I42_25_01.png,/kaggle/working/MDFS/data/KADID/extracted/kadid10k/images/I42_25_01.png,I42.png,42,25,1,3.13,1.147
I42_25_03.png,/kaggle/working/MDFS/data/KADID/extracted/kadid10k/images/I42_25_03.png,I42.png,42,25,3,4.27,0.814
I42_25_05.png,/kaggle/working/MDFS/data/KADID/extracted/kadid10k/images/I42_25_05.png,I42.png,42,25,5,3.1,0.907
I43_01_02.png,/kaggle/working/MDFS/data/KADID/extracted/kadid10k/images/I43_01_02.png,I43.png,43,1,2,4.47,0.499
I43_01_04.png,/kaggle/working/MDFS/data/KADID/extracted/kadid10k/images/I43_01_04.png,I43.png,43,1,4,2.47,0.67
I43_02_01.png,/kaggle/working/MDFS/data/KADID/extracted/kadid10k/images/I43_02_01.png,I43.png,43,2,1,4.53,0.618
I43_02_03.png,/kaggle/working/MDFS/data/KADID/extracted/kadid10k/images/I43_02_03.png,I43.png,43,2,3,2.2,0.792
I43_02_05.png,/kaggle/working/MDFS/data/KADID/extracted/kadid10k/images/I43_02_05.png,I43.png,43,2,5,1.6,0.663
I43_03_02.png,/kaggle/working/MDFS/data/KADID/extracted/kadid10k/images/I43_03_02.png,I43.png,43,3,2,4.47,0.562
I43_03_04.png,/kaggle/working/MDFS/data/KADID/extracted/kadid10k/images/I43_03_04.png,I43.png,43,3,4,2.83,0.778
I43_04_01.png,/kaggle/working/MDFS/data/KADID/extracted/kadid10k/images/I43_04_01.png,I43.png,43,4,1,4.87,0.34
I43_04_03.png,/kaggle/working/MDFS/data/KADID/extracted/kadid10k/images/I43_04_03.png,I43.png,43,4,3,2.9,1.012
I43_04_05.png,/kaggle/working/MDFS/data/KADID/extracted/kadid10k/images/I43_04_05.png,I43.png,43,4,5,2.63,1.11
I43_05_02.png,/kaggle/working/MDFS/data/KADID/extracted/kadid10k/images/I43_05_02.png,I43.png,43,5,2,3.17,0.734
I43_05_04.png,/kaggle/working/MDFS/data/KADID/extracted/kadid10k/images/I43_05_04.png,I43.png,43,5,4,2.1,0.817
I43_06_01.png,/kaggle/working/MDFS/data/KADID/extracted/kadid10k/images/I43_06_01.png,I43.png,43,6,1,4.57,0.559
I43_06_03.png,/kaggle/working/MDFS/data/KADID/extracted/kadid10k/images/I43_06_03.png,I43.png,43,6,3,4.67,0.471
I43_06_05.png,/kaggle/working/MDFS/data/KADID/extracted/kadid10k/images/I43_06_05.png,I43.png,43,6,5,3.37,0.912
I43_07_02.png,/kaggle/working/MDFS/data/KADID/extracted/kadid10k/images/I43_07_02.png,I43.png,43,7,2,2.03,1.14
I43_07_04.png,/kaggle/working/MDFS/data/KADID/extracted/kadid10k/images/I43_07_04.png,I43.png,43,7,4,2.53,1.024
I43_08_01.png,/kaggle/working/MDFS/data/KADID/extracted/kadid10k/images/I43_08_01.png,I43.png,43,8,1,4.6,0.49
I43_08_03.png,/kaggle/working/MDFS/data/KADID/extracted/kadid10k/images/I43_08_03.png,I43.png,43,8,3,3.23,1.055
I43_08_05.png,/kaggle/working/MDFS/data/KADID/extracted/kadid10k/images/I43_08_05.png,I43.png,43,8,5,3.07,0.854
I43_09_02.png,/kaggle/working/MDFS/data/KADID/extracted/kadid10k/images/I43_09_02.png,I43.png,43,9,2,4.73,0.442
I43_09_04.png,/kaggle/working/MDFS/data/KADID/extracted/kadid10k/images/I43_09_04.png,I43.png,43,9,4,3.3,0.936
I43_10_01.png,/kaggle/working/MDFS/data/KADID/extracted/kadid10k/images/I43_10_01.png,I43.png,43,10,1,4.67,0.471
I43_10_03.png,/kaggle/working/MDFS/data/KADID/extracted/kadid10k/images/I43_10_03.png,I43.png,43,10,3,4.33,0.699
I43_10_05.png,/kaggle/working/MDFS/data/KADID/extracted/kadid10k/images/I43_10_05.png,I43.png,43,10,5,1.67,0.907
I43_11_02.png,/kaggle/working/MDFS/data/KADID/extracted/kadid10k/images/I43_11_02.png,I43.png,43,11,2,3.63,1.048
I43_11_04.png,/kaggle/working/MDFS/data/KADID/extracted/kadid10k/images/I43_11_04.png,I43.png,43,11,4,3.2,0.945
I43_12_01.png,/kaggle/working/MDFS/data/KADID/extracted/kadid10k/images/I43_12_01.png,I43.png,43,12,1,4.8,0.476
I43_12_03.png,/kaggle/working/MDFS/data/KADID/extracted/kadid10k/images/I43_12_03.png,I43.png,43,12,3,3.87,0.991
I43_12_05.png,/kaggle/working/MDFS/data/KADID/extracted/kadid10k/images/I43_12_05.png,I43.png,43,12,5,2.9,0.978
I43_13_02.png,/kaggle/working/MDFS/data/KADID/extracted/kadid10k/images/I43_13_02.png,I43.png,43,13,2,3.1,0.978
I43_13_04.png,/kaggle/working/MDFS/data/KADID/extracted/kadid10k/images/I43_13_04.png,I43.png,43,13,4,2.47,0.921
I43_14_01.png,/kaggle/working/MDFS/data/KADID/extracted/kadid10k/images/I43_14_01.png,I43.png,43,14,1,4.87,0.34
I43_14_03.png,/kaggle/working/MDFS/data/KADID/extracted/kadid10k/images/I43_14_03.png,I43.png,43,14,3,3.97,0.875
I43_14_05.png,/kaggle/working/MDFS/data/KADID/extracted/kadid10k/images/I43_14_05.png,I43.png,43,14,5,2.35,0.542
I43_15_02.png,/kaggle/working/MDFS/data/KADID/extracted/kadid10k/images/I43_15_02.png,I43.png,43,15,2,3.0,0.683
I43_15_04.png,/kaggle/working/MDFS/data/KADID/extracted/kadid10k/images/I43_15_04.png,I43.png,43,15,4,1.73,0.68
I43_16_01.png,/kaggle/working/MDFS/data/KADID/extracted/kadid10k/images/I43_16_01.png,I43.png,43,16,1,4.42,0.555
I43_16_03.png,/kaggle/working/MDFS/data/KADID/extracted/kadid10k/images/I43_16_03.png,I43.png,43,16,3,3.67,0.789
I43_16_05.png,/kaggle/working/MDFS/data/KADID/extracted/kadid10k/images/I43_16_05.png,I43.png,43,16,5,1.63,0.547
I43_17_02.png,/kaggle/working/MDFS/data/KADID/extracted/kadid10k/images/I43_17_02.png,I43.png,43,17,2,4.67,0.537
I43_17_04.png,/kaggle/working/MDFS/data/KADID/extracted/kadid10k/images/I43_17_04.png,I43.png,43,17,4,3.9,0.539
I43_18_01.png,/kaggle/working/MDFS/data/KADID/extracted/kadid10k/images/I43_18_01.png,I43.png,43,18,1,4.2,0.702
I43_18_03.png,/kaggle/working/MDFS/data/KADID/extracted/kadid10k/images/I43_18_03.png,I43.png,43,18,3,4.67,0.471
I43_18_05.png,/kaggle/working/MDFS/data/KADID/extracted/kadid10k/images/I43_18_05.png,I43.png,43,18,5,4.33,0.83
I43_19_02.png,/kaggle/working/MDFS/data/KADID/extracted/kadid10k/images/I43_19_02.png,I43.png,43,19,2,4.57,0.496
I43_19_04.png,/kaggle/working/MDFS/data/KADID/extracted/kadid10k/images/I43_19_04.png,I43.png,43,19,4,2.8,0.945
I43_20_01.png,/kaggle/working/MDFS/data/KADID/extracted/kadid10k/images/I43_20_01.png,I43.png,43,20,1,4.5,0.719
I43_20_03.png,/kaggle/working/MDFS/data/KADID/extracted/kadid10k/images/I43_20_03.png,I43.png,43,20,3,4.5,0.671
I43_20_05.png,/kaggle/working/MDFS/data/KADID/extracted/kadid10k/images/I43_20_05.png,I43.png,43,20,5,3.67,1.422
I43_21_02.png,/kaggle/working/MDFS/data/KADID/extracted/kadid10k/images/I43_21_02.png,I43.png,43,21,2,4.17,0.82
I43_21_04.png,/kaggle/working/MDFS/data/KADID/extracted/kadid10k/images/I43_21_04.png,I43.png,43,21,4,4.07,0.998
I43_22_01.png,/kaggle/working/MDFS/data/KADID/extracted/kadid10k/images/I43_22_01.png,I43.png,43,22,1,3.57,0.989
I43_22_03.png,/kaggle/working/MDFS/data/KADID/extracted/kadid10k/images/I43_22_03.png,I43.png,43,22,3,3.23,1.174
I43_22_05.png,/kaggle/working/MDFS/data/KADID/extracted/kadid10k/images/I43_22_05.png,I43.png,43,22,5,3.0,1.238
I43_23_02.png,/kaggle/working/MDFS/data/KADID/extracted/kadid10k/images/I43_23_02.png,I43.png,43,23,2,2.13,0.763
I43_23_04.png,/kaggle/working/MDFS/data/KADID/extracted/kadid10k/images/I43_23_04.png,I43.png,43,23,4,2.07,0.772
I43_24_01.png,/kaggle/working/MDFS/data/KADID/extracted/kadid10k/images/I43_24_01.png,I43.png,43,24,1,4.43,0.559
I43_24_03.png,/kaggle/working/MDFS/data/KADID/extracted/kadid10k/images/I43_24_03.png,I43.png,43,24,3,2.8,0.98
I43_24_05.png,/kaggle/working/MDFS/data/KADID/extracted/kadid10k/images/I43_24_05.png,I43.png,43,24,5,1.81,0.78
I43_25_02.png,/kaggle/working/MDFS/data/KADID/extracted/kadid10k/images/I43_25_02.png,I43.png,43,25,2,4.2,0.653
I43_25_04.png,/kaggle/working/MDFS/data/KADID/extracted/kadid10k/images/I43_25_04.png,I43.png,43,25,4,4.13,0.884
I44_01_01.png,/kaggle/working/MDFS/data/KADID/extracted/kadid10k/images/I44_01_01.png,I44.png,44,1,1,4.43,0.716
I44_01_03.png,/kaggle/working/MDFS/data/KADID/extracted/kadid10k/images/I44_01_03.png,I44.png,44,1,3,3.63,0.752
I44_01_05.png,/kaggle/working/MDFS/data/KADID/extracted/kadid10k/images/I44_01_05.png,I44.png,44,1,5,1.13,0.34
I44_02_02.png,/kaggle/working/MDFS/data/KADID/extracted/kadid10k/images/I44_02_02.png,I44.png,44,2,2,2.93,0.892
I44_02_04.png,/kaggle/working/MDFS/data/KADID/extracted/kadid10k/images/I44_02_04.png,I44.png,44,2,4,1.3,0.458
I44_03_01.png,/kaggle/working/MDFS/data/KADID/extracted/kadid10k/images/I44_03_01.png,I44.png,44,3,1,4.47,0.763
I44_03_03.png,/kaggle/working/MDFS/data/KADID/extracted/kadid10k/images/I44_03_03.png,I44.png,44,3,3,3.37,0.875
I44_03_05.png,/kaggle/working/MDFS/data/KADID/extracted/kadid10k/images/I44_03_05.png,I44.png,44,3,5,1.57,0.667
I44_04_02.png,/kaggle/working/MDFS/data/KADID/extracted/kadid10k/images/I44_04_02.png,I44.png,44,4,2,2.2,1.046
I44_04_04.png,/kaggle/working/MDFS/data/KADID/extracted/kadid10k/images/I44_04_04.png,I44.png,44,4,4,1.48,0.666
I44_05_01.png,/kaggle/working/MDFS/data/KADID/extracted/kadid10k/images/I44_05_01.png,I44.png,44,5,1,4.73,0.442
I44_05_03.png,/kaggle/working/MDFS/data/KADID/extracted/kadid10k/images/I44_05_03.png,I44.png,44,5,3,1.93,0.68
I44_05_05.png,/kaggle/working/MDFS/data/KADID/extracted/kadid10k/images/I44_05_05.png,I44.png,44,5,5,1.37,0.605
I44_06_02.png,/kaggle/working/MDFS/data/KADID/extracted/kadid10k/images/I44_06_02.png,I44.png,44,6,2,4.2,0.833
I44_06_04.png,/kaggle/working/MDFS/data/KADID/extracted/kadid10k/images/I44_06_04.png,I44.png,44,6,4,3.87,1.118
I44_07_01.png,/kaggle/working/MDFS/data/KADID/extracted/kadid10k/images/I44_07_01.png,I44.png,44,7,1,2.57,1.055
I44_07_03.png,/kaggle/working/MDFS/data/KADID/extracted/kadid10k/images/I44_07_03.png,I44.png,44,7,3,1.94,1.045
I44_07_05.png,/kaggle/working/MDFS/data/KADID/extracted/kadid10k/images/I44_07_05.png,I44.png,44,7,5,2.0,0.966
I44_08_02.png,/kaggle/working/MDFS/data/KADID/extracted/kadid10k/images/I44_08_02.png,I44.png,44,8,2,3.23,1.055
I44_08_04.png,/kaggle/working/MDFS/data/KADID/extracted/kadid10k/images/I44_08_04.png,I44.png,44,8,4,1.37,0.547
I44_09_01.png,/kaggle/working/MDFS/data/KADID/extracted/kadid10k/images/I44_09_01.png,I44.png,44,9,1,4.73,0.442
I44_09_03.png,/kaggle/working/MDFS/data/KADID/extracted/kadid10k/images/I44_09_03.png,I44.png,44,9,3,4.4,0.49
I44_09_05.png,/kaggle/working/MDFS/data/KADID/extracted/kadid10k/images/I44_09_05.png,I44.png,44,9,5,1.33,0.537
I44_10_02.png,/kaggle/working/MDFS/data/KADID/extracted/kadid10k/images/I44_10_02.png,I44.png,44,10,2,4.4,0.712
I44_10_04.png,/kaggle/working/MDFS/data/KADID/extracted/kadid10k/images/I44_10_04.png,I44.png,44,10,4,2.33,1.164
I44_11_01.png,/kaggle/working/MDFS/data/KADID/extracted/kadid10k/images/I44_11_01.png,I44.png,44,11,1,4.07,0.772
I44_11_03.png,/kaggle/working/MDFS/data/KADID/extracted/kadid10k/images/I44_11_03.png,I44.png,44,11,3,3.2,0.909
I44_11_05.png,/kaggle/working/MDFS/data/KADID/extracted/kadid10k/images/I44_11_05.png,I44.png,44,11,5,2.33,0.65
I44_12_02.png,/kaggle/working/MDFS/data/KADID/extracted/kadid10k/images/I44_12_02.png,I44.png,44,12,2,4.03,0.657
I44_12_04.png,/kaggle/working/MDFS/data/KADID/extracted/kadid10k/images/I44_12_04.png,I44.png,44,12,4,2.84,0.905
I44_13_01.png,/kaggle/working/MDFS/data/KADID/extracted/kadid10k/images/I44_13_01.png,I44.png,44,13,1,3.7,0.862
I44_13_03.png,/kaggle/working/MDFS/data/KADID/extracted/kadid10k/images/I44_13_03.png,I44.png,44,13,3,2.53,0.718
I44_13_05.png,/kaggle/working/MDFS/data/KADID/extracted/kadid10k/images/I44_13_05.png,I44.png,44,13,5,2.3,0.862
I44_14_02.png,/kaggle/working/MDFS/data/KADID/extracted/kadid10k/images/I44_14_02.png,I44.png,44,14,2,3.87,0.718
I44_14_04.png,/kaggle/working/MDFS/data/KADID/extracted/kadid10k/images/I44_14_04.png,I44.png,44,14,4,2.8,0.872
I44_15_01.png,/kaggle/working/MDFS/data/KADID/extracted/kadid10k/images/I44_15_01.png,I44.png,44,15,1,3.77,0.955
I44_15_03.png,/kaggle/working/MDFS/data/KADID/extracted/kadid10k/images/I44_15_03.png,I44.png,44,15,3,2.23,0.716
I44_15_05.png,/kaggle/working/MDFS/data/KADID/extracted/kadid10k/images/I44_15_05.png,I44.png,44,15,5,1.2,0.4
I44_16_02.png,/kaggle/working/MDFS/data/KADID/extracted/kadid10k/images/I44_16_02.png,I44.png,44,16,2,4.13,0.562
I44_16_04.png,/kaggle/working/MDFS/data/KADID/extracted/kadid10k/images/I44_16_04.png,I44.png,44,16,4,2.3,0.936
I44_17_01.png,/kaggle/working/MDFS/data/KADID/extracted/kadid10k/images/I44_17_01.png,I44.png,44,17,1,4.6,0.49
I44_17_03.png,/kaggle/working/MDFS/data/KADID/extracted/kadid10k/images/I44_17_03.png,I44.png,44,17,3,3.9,0.831
I44_17_05.png,/kaggle/working/MDFS/data/KADID/extracted/kadid10k/images/I44_17_05.png,I44.png,44,17,5,1.7,0.69
I44_18_02.png,/kaggle/working/MDFS/data/KADID/extracted/kadid10k/images/I44_18_02.png,I44.png,44,18,2,4.43,0.616
I44_18_04.png,/kaggle/working/MDFS/data/KADID/extracted/kadid10k/images/I44_18_04.png,I44.png,44,18,4,4.26,0.506
I44_19_01.png,/kaggle/working/MDFS/data/KADID/extracted/kadid10k/images/I44_19_01.png,I44.png,44,19,1,4.47,0.618
I44_19_03.png,/kaggle/working/MDFS/data/KADID/extracted/kadid10k/images/I44_19_03.png,I44.png,44,19,3,3.8,0.702
I44_19_05.png,/kaggle/working/MDFS/data/KADID/extracted/kadid10k/images/I44_19_05.png,I44.png,44,19,5,1.43,0.559
I44_20_02.png,/kaggle/working/MDFS/data/KADID/extracted/kadid10k/images/I44_20_02.png,I44.png,44,20,2,3.67,1.135
I44_20_04.png,/kaggle/working/MDFS/data/KADID/extracted/kadid10k/images/I44_20_04.png,I44.png,44,20,4,3.53,1.087
I44_21_01.png,/kaggle/working/MDFS/data/KADID/extracted/kadid10k/images/I44_21_01.png,I44.png,44,21,1,4.07,0.814
I44_21_03.png,/kaggle/working/MDFS/data/KADID/extracted/kadid10k/images/I44_21_03.png,I44.png,44,21,3,3.03,1.14
I44_21_05.png,/kaggle/working/MDFS/data/KADID/extracted/kadid10k/images/I44_21_05.png,I44.png,44,21,5,1.43,0.559
I44_22_02.png,/kaggle/working/MDFS/data/KADID/extracted/kadid10k/images/I44_22_02.png,I44.png,44,22,2,4.33,0.65
I44_22_04.png,/kaggle/working/MDFS/data/KADID/extracted/kadid10k/images/I44_22_04.png,I44.png,44,22,4,3.22,0.992
I44_23_01.png,/kaggle/working/MDFS/data/KADID/extracted/kadid10k/images/I44_23_01.png,I44.png,44,23,1,2.73,0.814
I44_23_03.png,/kaggle/working/MDFS/data/KADID/extracted/kadid10k/images/I44_23_03.png,I44.png,44,23,3,2.23,0.955
I44_23_05.png,/kaggle/working/MDFS/data/KADID/extracted/kadid10k/images/I44_23_05.png,I44.png,44,23,5,1.97,0.795
I44_24_02.png,/kaggle/working/MDFS/data/KADID/extracted/kadid10k/images/I44_24_02.png,I44.png,44,24,2,2.45,0.836
I44_24_04.png,/kaggle/working/MDFS/data/KADID/extracted/kadid10k/images/I44_24_04.png,I44.png,44,24,4,1.73,0.772
I44_25_01.png,/kaggle/working/MDFS/data/KADID/extracted/kadid10k/images/I44_25_01.png,I44.png,44,25,1,3.17,1.035
I44_25_03.png,/kaggle/working/MDFS/data/KADID/extracted/kadid10k/images/I44_25_03.png,I44.png,44,25,3,4.17,0.687
I44_25_05.png,/kaggle/working/MDFS/data/KADID/extracted/kadid10k/images/I44_25_05.png,I44.png,44,25,5,2.97,0.795
I45_01_02.png,/kaggle/working/MDFS/data/KADID/extracted/kadid10k/images/I45_01_02.png,I45.png,45,1,2,4.3,0.69
I45_01_04.png,/kaggle/working/MDFS/data/KADID/extracted/kadid10k/images/I45_01_04.png,I45.png,45,1,4,1.45,0.498
I45_02_01.png,/kaggle/working/MDFS/data/KADID/extracted/kadid10k/images/I45_02_01.png,I45.png,45,2,1,3.63,0.836
I45_02_03.png,/kaggle/working/MDFS/data/KADID/extracted/kadid10k/images/I45_02_03.png,I45.png,45,2,3,1.5,0.671
I45_02_05.png,/kaggle/working/MDFS/data/KADID/extracted/kadid10k/images/I45_02_05.png,I45.png,45,2,5,1.17,0.373
I45_03_02.png,/kaggle/working/MDFS/data/KADID/extracted/kadid10k/images/I45_03_02.png,I45.png,45,3,2,3.8,0.872
I45_03_04.png,/kaggle/working/MDFS/data/KADID/extracted/kadid10k/images/I45_03_04.png,I45.png,45,3,4,1.9,0.597
I45_04_01.png,/kaggle/working/MDFS/data/KADID/extracted/kadid10k/images/I45_04_01.png,I45.png,45,4,1,4.7,0.526
I45_04_03.png,/kaggle/working/MDFS/data/KADID/extracted/kadid10k/images/I45_04_03.png,I45.png,45,4,3,1.5,0.806
I45_04_05.png,/kaggle/working/MDFS/data/KADID/extracted/kadid10k/images/I45_04_05.png,I45.png,45,4,5,1.3,0.458
I45_05_02.png,/kaggle/working/MDFS/data/KADID/extracted/kadid10k/images/I45_05_02.png,I45.png,45,5,2,2.69,0.95
I45_05_04.png,/kaggle/working/MDFS/data/KADID/extracted/kadid10k/images/I45_05_04.png,I45.png,45,5,4,1.53,0.562
I45_06_01.png,/kaggle/working/MDFS/data/KADID/extracted/kadid10k/images/I45_06_01.png,I45.png,45,6,1,3.33,1.164
I45_06_03.png,/kaggle/working/MDFS/data/KADID/extracted/kadid10k/images/I45_06_03.png,I45.png,45,6,3,2.5,0.922
I45_06_05.png,/kaggle/working/MDFS/data/KADID/extracted/kadid10k/images/I45_06_05.png,I45.png,45,6,5,1.53,0.718
I45_07_02.png,/kaggle/working/MDFS/data/KADID/extracted/kadid10k/images/I45_07_02.png,I45.png,45,7,2,2.67,0.978
I45_07_04.png,/kaggle/working/MDFS/data/KADID/extracted/kadid10k/images/I45_07_04.png,I45.png,45,7,4,2.57,1.116
I45_08_01.png,/kaggle/working/MDFS/data/KADID/extracted/kadid10k/images/I45_08_01.png,I45.png,45,8,1,4.53,0.562
I45_08_03.png,/kaggle/working/MDFS/data/KADID/extracted/kadid10k/images/I45_08_03.png,I45.png,45,8,3,2.63,1.08
I45_08_05.png,/kaggle/working/MDFS/data/KADID/extracted/kadid10k/images/I45_08_05.png,I45.png,45,8,5,1.3,0.458
I45_09_02.png,/kaggle/working/MDFS/data/KADID/extracted/kadid10k/images/I45_09_02.png,I45.png,45,9,2,4.47,0.499
I45_09_04.png,/kaggle/working/MDFS/data/KADID/extracted/kadid10k/images/I45_09_04.png,I45.png,45,9,4,2.03,0.605
I45_10_01.png,/kaggle/working/MDFS/data/KADID/extracted/kadid10k/images/I45_10_01.png,I45.png,45,10,1,4.1,0.7
I45_10_03.png,/kaggle/working/MDFS/data/KADID/extracted/kadid10k/images/I45_10_03.png,I45.png,45,10,3,3.58,1.009
I45_10_05.png,/kaggle/working/MDFS/data/KADID/extracted/kadid10k/images/I45_10_05.png,I45.png,45,10,5,1.13,0.34
I45_11_02.png,/kaggle/working/MDFS/data/KADID/extracted/kadid10k/images/I45_11_02.png,I45.png,45,11,2,3.17,0.82
I45_11_04.png,/kaggle/working/MDFS/data/KADID/extracted/kadid10k/images/I45_11_04.png,I45.png,45,11,4,2.4,0.8
I45_12_01.png,/kaggle/working/MDFS/data/KADID/extracted/kadid10k/images/I45_12_01.png,I45.png,45,12,1,4.47,0.618
I45_12_03.png,/kaggle/working/MDFS/data/KADID/extracted/kadid10k/images/I45_12_03.png,I45.png,45,12,3,2.94,0.716
I45_12_05.png,/kaggle/working/MDFS/data/KADID/extracted/kadid10k/images/I45_12_05.png,I45.png,45,12,5,2.23,0.844
I45_13_02.png,/kaggle/working/MDFS/data/KADID/extracted/kadid10k/images/I45_13_02.png,I45.png,45,13,2,2.8,0.792
I45_13_04.png,/kaggle/working/MDFS/data/KADID/extracted/kadid10k/images/I45_13_04.png,I45.png,45,13,4,2.37,0.752
I45_14_01.png,/kaggle/working/MDFS/data/KADID/extracted/kadid10k/images/I45_14_01.png,I45.png,45,14,1,4.27,0.727
I45_14_03.png,/kaggle/working/MDFS/data/KADID/extracted/kadid10k/images/I45_14_03.png,I45.png,45,14,3,2.77,0.803
I45_14_05.png,/kaggle/working/MDFS/data/KADID/extracted/kadid10k/images/I45_14_05.png,I45.png,45,14,5,1.73,0.442
I45_15_02.png,/kaggle/working/MDFS/data/KADID/extracted/kadid10k/images/I45_15_02.png,I45.png,45,15,2,2.27,0.727
I45_15_04.png,/kaggle/working/MDFS/data/KADID/extracted/kadid10k/images/I45_15_04.png,I45.png,45,15,4,1.47,0.499
I45_16_01.png,/kaggle/working/MDFS/data/KADID/extracted/kadid10k/images/I45_16_01.png,I45.png,45,16,1,4.63,0.547
I45_16_03.png,/kaggle/working/MDFS/data/KADID/extracted/kadid10k/images/I45_16_03.png,I45.png,45,16,3,3.7,0.781
I45_16_05.png,/kaggle/working/MDFS/data/KADID/extracted/kadid10k/images/I45_16_05.png,I45.png,45,16,5,1.47,0.618
I45_17_02.png,/kaggle/working/MDFS/data/KADID/extracted/kadid10k/images/I45_17_02.png,I45.png,45,17,2,4.63,0.547
I45_17_04.png,/kaggle/working/MDFS/data/KADID/extracted/kadid10k/images/I45_17_04.png,I45.png,45,17,4,3.97,0.657
I45_18_01.png,/kaggle/working/MDFS/data/KADID/extracted/kadid10k/images/I45_18_01.png,I45.png,45,18,1,4.3,0.69
I45_18_03.png,/kaggle/working/MDFS/data/KADID/extracted/kadid10k/images/I45_18_03.png,I45.png,45,18,3,4.53,0.562
I45_18_05.png,/kaggle/working/MDFS/data/KADID/extracted/kadid10k/images/I45_18_05.png,I45.png,45,18,5,4.03,0.605
I45_19_02.png,/kaggle/working/MDFS/data/KADID/extracted/kadid10k/images/I45_19_02.png,I45.png,45,19,2,4.3,0.64
I45_19_04.png,/kaggle/working/MDFS/data/KADID/extracted/kadid10k/images/I45_19_04.png,I45.png,45,19,4,1.57,0.496
I45_20_01.png,/kaggle/working/MDFS/data/KADID/extracted/kadid10k/images/I45_20_01.png,I45.png,45,20,1,4.27,0.854
I45_20_03.png,/kaggle/working/MDFS/data/KADID/extracted/kadid10k/images/I45_20_03.png,I45.png,45,20,3,2.67,1.374
I45_20_05.png,/kaggle/working/MDFS/data/KADID/extracted/kadid10k/images/I45_20_05.png,I45.png,45,20,5,2.07,1.062
I45_21_02.png,/kaggle/working/MDFS/data/KADID/extracted/kadid10k/images/I45_21_02.png,I45.png,45,21,2,2.43,0.883
I45_21_04.png,/kaggle/working/MDFS/data/KADID/extracted/kadid10k/images/I45_21_04.png,I45.png,45,21,4,2.4,0.8
I45_22_01.png,/kaggle/working/MDFS/data/KADID/extracted/kadid10k/images/I45_22_01.png,I45.png,45,22,1,4.23,0.658
I45_22_03.png,/kaggle/working/MDFS/data/KADID/extracted/kadid10k/images/I45_22_03.png,I45.png,45,22,3,3.73,1.031
I45_22_05.png,/kaggle/working/MDFS/data/KADID/extracted/kadid10k/images/I45_22_05.png,I45.png,45,22,5,2.47,0.957
I45_23_02.png,/kaggle/working/MDFS/data/KADID/extracted/kadid10k/images/I45_23_02.png,I45.png,45,23,2,2.77,0.989
I45_23_04.png,/kaggle/working/MDFS/data/KADID/extracted/kadid10k/images/I45_23_04.png,I45.png,45,23,4,1.97,0.948
I45_24_01.png,/kaggle/working/MDFS/data/KADID/extracted/kadid10k/images/I45_24_01.png,I45.png,45,24,1,3.4,0.879
I45_24_03.png,/kaggle/working/MDFS/data/KADID/extracted/kadid10k/images/I45_24_03.png,I45.png,45,24,3,2.1,0.7
I45_24_05.png,/kaggle/working/MDFS/data/KADID/extracted/kadid10k/images/I45_24_05.png,I45.png,45,24,5,1.37,0.547
I45_25_02.png,/kaggle/working/MDFS/data/KADID/extracted/kadid10k/images/I45_25_02.png,I45.png,45,25,2,3.8,0.792
I45_25_04.png,/kaggle/working/MDFS/data/KADID/extracted/kadid10k/images/I45_25_04.png,I45.png,45,25,4,4.27,0.512
I46_01_01.png,/kaggle/working/MDFS/data/KADID/extracted/kadid10k/images/I46_01_01.png,I46.png,46,1,1,4.65,0.65
I46_01_03.png,/kaggle/working/MDFS/data/KADID/extracted/kadid10k/images/I46_01_03.png,I46.png,46,1,3,2.97,0.875
I46_01_05.png,/kaggle/working/MDFS/data/KADID/extracted/kadid10k/images/I46_01_05.png,I46.png,46,1,5,1.17,0.373
I46_02_02.png,/kaggle/working/MDFS/data/KADID/extracted/kadid10k/images/I46_02_02.png,I46.png,46,2,2,2.5,0.847
I46_02_04.png,/kaggle/working/MDFS/data/KADID/extracted/kadid10k/images/I46_02_04.png,I46.png,46,2,4,1.33,0.471
I46_03_01.png,/kaggle/working/MDFS/data/KADID/extracted/kadid10k/images/I46_03_01.png,I46.png,46,3,1,4.67,0.471
I46_03_03.png,/kaggle/working/MDFS/data/KADID/extracted/kadid10k/images/I46_03_03.png,I46.png,46,3,3,3.3,1.038
I46_03_05.png,/kaggle/working/MDFS/data/KADID/extracted/kadid10k/images/I46_03_05.png,I46.png,46,3,5,1.53,0.618
I46_04_02.png,/kaggle/working/MDFS/data/KADID/extracted/kadid10k/images/I46_04_02.png,I46.png,46,4,2,2.47,0.846
I46_04_04.png,/kaggle/working/MDFS/data/KADID/extracted/kadid10k/images/I46_04_04.png,I46.png,46,4,4,1.45,0.664
I46_05_01.png,/kaggle/working/MDFS/data/KADID/extracted/kadid10k/images/I46_05_01.png,I46.png,46,5,1,4.53,0.846
I46_05_03.png,/kaggle/working/MDFS/data/KADID/extracted/kadid10k/images/I46_05_03.png,I46.png,46,5,3,2.37,0.795
I46_05_05.png,/kaggle/working/MDFS/data/KADID/extracted/kadid10k/images/I46_05_05.png,I46.png,46,5,5,2.67,1.011
I46_06_02.png,/kaggle/working/MDFS/data/KADID/extracted/kadid10k/images/I46_06_02.png,I46.png,46,6,2,3.9,0.79
I46_06_04.png,/kaggle/working/MDFS/data/KADID/extracted/kadid10k/images/I46_06_04.png,I46.png,46,6,4,3.1,0.831
I46_07_01.png,/kaggle/working/MDFS/data/KADID/extracted/kadid10k/images/I46_07_01.png,I46.png,46,7,1,2.35,1.123
I46_07_03.png,/kaggle/working/MDFS/data/KADID/extracted/kadid10k/images/I46_07_03.png,I46.png,46,7,3,2.13,1.176
I46_07_05.png,/kaggle/working/MDFS/data/KADID/extracted/kadid10k/images/I46_07_05.png,I46.png,46,7,5,1.63,0.875
I46_08_02.png,/kaggle/working/MDFS/data/KADID/extracted/kadid10k/images/I46_08_02.png,I46.png,46,8,2,3.33,0.83
I46_08_04.png,/kaggle/working/MDFS/data/KADID/extracted/kadid10k/images/I46_08_04.png,I46.png,46,8,4,1.37,0.482
I46_09_01.png,/kaggle/working/MDFS/data/KADID/extracted/kadid10k/images/I46_09_01.png,I46.png,46,9,1,4.53,0.499
I46_09_03.png,/kaggle/working/MDFS/data/KADID/extracted/kadid10k/images/I46_09_03.png,I46.png,46,9,3,3.67,0.943
I46_09_05.png,/kaggle/working/MDFS/data/KADID/extracted/kadid10k/images/I46_09_05.png,I46.png,46,9,5,1.17,0.373
I46_10_02.png,/kaggle/working/MDFS/data/KADID/extracted/kadid10k/images/I46_10_02.png,I46.png,46,10,2,4.43,0.559
I46_10_04.png,/kaggle/working/MDFS/data/KADID/extracted/kadid10k/images/I46_10_04.png,I46.png,46,10,4,2.03,0.752
I46_11_01.png,/kaggle/working/MDFS/data/KADID/extracted/kadid10k/images/I46_11_01.png,I46.png,46,11,1,4.23,0.803
I46_11_03.png,/kaggle/working/MDFS/data/KADID/extracted/kadid10k/images/I46_11_03.png,I46.png,46,11,3,3.6,0.8
I46_11_05.png,/kaggle/working/MDFS/data/KADID/extracted/kadid10k/images/I46_11_05.png,I46.png,46,11,5,2.3,0.69
I46_12_02.png,/kaggle/working/MDFS/data/KADID/extracted/kadid10k/images/I46_12_02.png,I46.png,46,12,2,4.17,0.86
I46_12_04.png,/kaggle/working/MDFS/data/KADID/extracted/kadid10k/images/I46_12_04.png,I46.png,46,12,4,3.13,0.718
I46_13_01.png,/kaggle/working/MDFS/data/KADID/extracted/kadid10k/images/I46_13_01.png,I46.png,46,13,1,4.4,0.757
I46_13_03.png,/kaggle/working/MDFS/data/KADID/extracted/kadid10k/images/I46_13_03.png,I46.png,46,13,3,3.37,0.912
I46_13_05.png,/kaggle/working/MDFS/data/KADID/extracted/kadid10k/images/I46_13_05.png,I46.png,46,13,5,2.3,0.823
I46_14_02.png,/kaggle/working/MDFS/data/KADID/extracted/kadid10k/images/I46_14_02.png,I46.png,46,14,2,3.77,0.844
I46_14_04.png,/kaggle/working/MDFS/data/KADID/extracted/kadid10k/images/I46_14_04.png,I46.png,46,14,4,2.5,0.719
I46_15_01.png,/kaggle/working/MDFS/data/KADID/extracted/kadid10k/images/I46_15_01.png,I46.png,46,15,1,4.23,0.667
I46_15_03.png,/kaggle/working/MDFS/data/KADID/extracted/kadid10k/images/I46_15_03.png,I46.png,46,15,3,2.8,0.833
I46_15_05.png,/kaggle/working/MDFS/data/KADID/extracted/kadid10k/images/I46_15_05.png,I46.png,46,15,5,1.3,0.458
I46_16_02.png,/kaggle/working/MDFS/data/KADID/extracted/kadid10k/images/I46_16_02.png,I46.png,46,16,2,4.4,0.554
I46_16_04.png,/kaggle/working/MDFS/data/KADID/extracted/kadid10k/images/I46_16_04.png,I46.png,46,16,4,2.43,0.92
I46_17_01.png,/kaggle/working/MDFS/data/KADID/extracted/kadid10k/images/I46_17_01.png,I46.png,46,17,1,4.67,0.471
I46_17_03.png,/kaggle/working/MDFS/data/KADID/extracted/kadid10k/images/I46_17_03.png,I46.png,46,17,3,4.27,0.727
I46_17_05.png,/kaggle/working/MDFS/data/KADID/extracted/kadid10k/images/I46_17_05.png,I46.png,46,17,5,2.33,0.83
I46_18_02.png,/kaggle/working/MDFS/data/KADID/extracted/kadid10k/images/I46_18_02.png,I46.png,46,18,2,4.57,0.667
I46_18_04.png,/kaggle/working/MDFS/data/KADID/extracted/kadid10k/images/I46_18_04.png,I46.png,46,18,4,4.67,0.471
I46_19_01.png,/kaggle/working/MDFS/data/KADID/extracted/kadid10k/images/I46_19_01.png,I46.png,46,19,1,4.53,0.499
I46_19_03.png,/kaggle/working/MDFS/data/KADID/extracted/kadid10k/images/I46_19_03.png,I46.png,46,19,3,3.33,0.699
I46_19_05.png,/kaggle/working/MDFS/data/KADID/extracted/kadid10k/images/I46_19_05.png,I46.png,46,19,5,1.33,0.471
I46_20_02.png,/kaggle/working/MDFS/data/KADID/extracted/kadid10k/images/I46_20_02.png,I46.png,46,20,2,4.5,0.563
I46_20_04.png,/kaggle/working/MDFS/data/KADID/extracted/kadid10k/images/I46_20_04.png,I46.png,46,20,4,4.23,0.761
I46_21_01.png,/kaggle/working/MDFS/data/KADID/extracted/kadid10k/images/I46_21_01.png,I46.png,46,21,1,3.7,1.038
I46_21_03.png,/kaggle/working/MDFS/data/KADID/extracted/kadid10k/images/I46_21_03.png,I46.png,46,21,3,2.43,0.955
I46_21_05.png,/kaggle/working/MDFS/data/KADID/extracted/kadid10k/images/I46_21_05.png,I46.png,46,21,5,1.6,0.757
I46_22_02.png,/kaggle/working/MDFS/data/KADID/extracted/kadid10k/images/I46_22_02.png,I46.png,46,22,2,4.67,0.537
I46_22_04.png,/kaggle/working/MDFS/data/KADID/extracted/kadid10k/images/I46_22_04.png,I46.png,46,22,4,4.5,0.847
I46_23_01.png,/kaggle/working/MDFS/data/KADID/extracted/kadid10k/images/I46_23_01.png,I46.png,46,23,1,2.83,1.241
I46_23_03.png,/kaggle/working/MDFS/data/KADID/extracted/kadid10k/images/I46_23_03.png,I46.png,46,23,3,2.1,0.79
I46_23_05.png,/kaggle/working/MDFS/data/KADID/extracted/kadid10k/images/I46_23_05.png,I46.png,46,23,5,1.87,0.763
I46_24_02.png,/kaggle/working/MDFS/data/KADID/extracted/kadid10k/images/I46_24_02.png,I46.png,46,24,2,2.33,0.869
I46_24_04.png,/kaggle/working/MDFS/data/KADID/extracted/kadid10k/images/I46_24_04.png,I46.png,46,24,4,1.43,0.667
I46_25_01.png,/kaggle/working/MDFS/data/KADID/extracted/kadid10k/images/I46_25_01.png,I46.png,46,25,1,3.53,0.957
I46_25_03.png,/kaggle/working/MDFS/data/KADID/extracted/kadid10k/images/I46_25_03.png,I46.png,46,25,3,4.57,0.496
I46_25_05.png,/kaggle/working/MDFS/data/KADID/extracted/kadid10k/images/I46_25_05.png,I46.png,46,25,5,3.47,0.991
I47_01_02.png,/kaggle/working/MDFS/data/KADID/extracted/kadid10k/images/I47_01_02.png,I47.png,47,1,2,4.27,0.727
I47_01_04.png,/kaggle/working/MDFS/data/KADID/extracted/kadid10k/images/I47_01_04.png,I47.png,47,1,4,2.07,0.629
I47_02_01.png,/kaggle/working/MDFS/data/KADID/extracted/kadid10k/images/I47_02_01.png,I47.png,47,2,1,4.27,0.727
I47_02_03.png,/kaggle/working/MDFS/data/KADID/extracted/kadid10k/images/I47_02_03.png,I47.png,47,2,3,2.33,0.699
I47_02_05.png,/kaggle/working/MDFS/data/KADID/extracted/kadid10k/images/I47_02_05.png,I47.png,47,2,5,1.37,0.482
I47_03_02.png,/kaggle/working/MDFS/data/KADID/extracted/kadid10k/images/I47_03_02.png,I47.png,47,3,2,4.27,0.68
I47_03_04.png,/kaggle/working/MDFS/data/KADID/extracted/kadid10k/images/I47_03_04.png,I47.png,47,3,4,2.4,0.712
I47_04_01.png,/kaggle/working/MDFS/data/KADID/extracted/kadid10k/images/I47_04_01.png,I47.png,47,4,1,4.67,0.537
I47_04_03.png,/kaggle/working/MDFS/data/KADID/extracted/kadid10k/images/I47_04_03.png,I47.png,47,4,3,1.6,0.554
I47_04_05.png,/kaggle/working/MDFS/data/KADID/extracted/kadid10k/images/I47_04_05.png,I47.png,47,4,5,1.2,0.4
I47_05_02.png,/kaggle/working/MDFS/data/KADID/extracted/kadid10k/images/I47_05_02.png,I47.png,47,5,2,2.47,0.957
I47_05_04.png,/kaggle/working/MDFS/data/KADID/extracted/kadid10k/images/I47_05_04.png,I47.png,47,5,4,1.68,0.778
I47_06_01.png,/kaggle/working/MDFS/data/KADID/extracted/kadid10k/images/I47_06_01.png,I47.png,47,6,1,3.83,0.934
I47_06_03.png,/kaggle/working/MDFS/data/KADID/extracted/kadid10k/images/I47_06_03.png,I47.png,47,6,3,3.13,0.957
I47_06_05.png,/kaggle/working/MDFS/data/KADID/extracted/kadid10k/images/I47_06_05.png,I47.png,47,6,5,2.33,0.907
I47_07_02.png,/kaggle/working/MDFS/data/KADID/extracted/kadid10k/images/I47_07_02.png,I47.png,47,7,2,2.0,1.155
I47_07_04.png,/kaggle/working/MDFS/data/KADID/extracted/kadid10k/images/I47_07_04.png,I47.png,47,7,4,2.27,1.236
I47_08_01.png,/kaggle/working/MDFS/data/KADID/extracted/kadid10k/images/I47_08_01.png,I47.png,47,8,1,4.6,0.663
I47_08_03.png,/kaggle/working/MDFS/data/KADID/extracted/kadid10k/images/I47_08_03.png,I47.png,47,8,3,2.53,0.991
I47_08_05.png,/kaggle/working/MDFS/data/KADID/extracted/kadid10k/images/I47_08_05.png,I47.png,47,8,5,1.03,0.18
I47_09_02.png,/kaggle/working/MDFS/data/KADID/extracted/kadid10k/images/I47_09_02.png,I47.png,47,9,2,4.2,0.909
I47_09_04.png,/kaggle/working/MDFS/data/KADID/extracted/kadid10k/images/I47_09_04.png,I47.png,47,9,4,3.13,1.147
I47_10_01.png,/kaggle/working/MDFS/data/KADID/extracted/kadid10k/images/I47_10_01.png,I47.png,47,10,1,4.37,0.752
I47_10_03.png,/kaggle/working/MDFS/data/KADID/extracted/kadid10k/images/I47_10_03.png,I47.png,47,10,3,3.87,0.806
I47_10_05.png,/kaggle/working/MDFS/data/KADID/extracted/kadid10k/images/I47_10_05.png,I47.png,47,10,5,1.3,0.458
I47_11_02.png,/kaggle/working/MDFS/data/KADID/extracted/kadid10k/images/I47_11_02.png,I47.png,47,11,2,3.5,0.957
I47_11_04.png,/kaggle/working/MDFS/data/KADID/extracted/kadid10k/images/I47_11_04.png,I47.png,47,11,4,2.63,0.912
I47_12_01.png,/kaggle/working/MDFS/data/KADID/extracted/kadid10k/images/I47_12_01.png,I47.png,47,12,1,4.73,0.442
I47_12_03.png,/kaggle/working/MDFS/data/KADID/extracted/kadid10k/images/I47_12_03.png,I47.png,47,12,3,3.17,0.934
I47_12_05.png,/kaggle/working/MDFS/data/KADID/extracted/kadid10k/images/I47_12_05.png,I47.png,47,12,5,2.39,0.748
I47_13_02.png,/kaggle/working/MDFS/data/KADID/extracted/kadid10k/images/I47_13_02.png,I47.png,47,13,2,2.8,0.872
I47_13_04.png,/kaggle/working/MDFS/data/KADID/extracted/kadid10k/images/I47_13_04.png,I47.png,47,13,4,2.1,0.831
I47_14_01.png,/kaggle/working/MDFS/data/KADID/extracted/kadid10k/images/I47_14_01.png,I47.png,47,14,1,4.83,0.373
I47_14_03.png,/kaggle/working/MDFS/data/KADID/extracted/kadid10k/images/I47_14_03.png,I47.png,47,14,3,2.7,0.862
I47_14_05.png,/kaggle/working/MDFS/data/KADID/extracted/kadid10k/images/I47_14_05.png,I47.png,47,14,5,1.87,0.562
I47_15_02.png,/kaggle/working/MDFS/data/KADID/extracted/kadid10k/images/I47_15_02.png,I47.png,47,15,2,2.77,1.055
I47_15_04.png,/kaggle/working/MDFS/data/KADID/extracted/kadid10k/images/I47_15_04.png,I47.png,47,15,4,1.6,0.611
I47_16_01.png,/kaggle/working/MDFS/data/KADID/extracted/kadid10k/images/I47_16_01.png,I47.png,47,16,1,4.65,0.542
I47_16_03.png,/kaggle/working/MDFS/data/KADID/extracted/kadid10k/images/I47_16_03.png,I47.png,47,16,3,3.73,0.814
I47_16_05.png,/kaggle/working/MDFS/data/KADID/extracted/kadid10k/images/I47_16_05.png,I47.png,47,16,5,1.9,0.87
I47_17_02.png,/kaggle/working/MDFS/data/KADID/extracted/kadid10k/images/I47_17_02.png,I47.png,47,17,2,4.4,0.8
I47_17_04.png,/kaggle/working/MDFS/data/KADID/extracted/kadid10k/images/I47_17_04.png,I47.png,47,17,4,3.8,0.833
I47_18_01.png,/kaggle/working/MDFS/data/KADID/extracted/kadid10k/images/I47_18_01.png,I47.png,47,18,1,4.53,0.67
I47_18_03.png,/kaggle/working/MDFS/data/KADID/extracted/kadid10k/images/I47_18_03.png,I47.png,47,18,3,4.63,0.547
I47_18_05.png,/kaggle/working/MDFS/data/KADID/extracted/kadid10k/images/I47_18_05.png,I47.png,47,18,5,4.3,0.458
I47_19_02.png,/kaggle/working/MDFS/data/KADID/extracted/kadid10k/images/I47_19_02.png,I47.png,47,19,2,4.33,0.65
I47_19_04.png,/kaggle/working/MDFS/data/KADID/extracted/kadid10k/images/I47_19_04.png,I47.png,47,19,4,1.97,0.706
I47_20_01.png,/kaggle/working/MDFS/data/KADID/extracted/kadid10k/images/I47_20_01.png,I47.png,47,20,1,4.43,0.761
I47_20_03.png,/kaggle/working/MDFS/data/KADID/extracted/kadid10k/images/I47_20_03.png,I47.png,47,20,3,3.43,1.283
I47_20_05.png,/kaggle/working/MDFS/data/KADID/extracted/kadid10k/images/I47_20_05.png,I47.png,47,20,5,3.07,1.209
I47_21_02.png,/kaggle/working/MDFS/data/KADID/extracted/kadid10k/images/I47_21_02.png,I47.png,47,21,2,2.97,1.048
I47_21_04.png,/kaggle/working/MDFS/data/KADID/extracted/kadid10k/images/I47_21_04.png,I47.png,47,21,4,2.93,0.998
I47_22_01.png,/kaggle/working/MDFS/data/KADID/extracted/kadid10k/images/I47_22_01.png,I47.png,47,22,1,4.17,0.778
I47_22_03.png,/kaggle/working/MDFS/data/KADID/extracted/kadid10k/images/I47_22_03.png,I47.png,47,22,3,3.63,1.11
I47_22_05.png,/kaggle/working/MDFS/data/KADID/extracted/kadid10k/images/I47_22_05.png,I47.png,47,22,5,2.37,1.169
I47_23_02.png,/kaggle/working/MDFS/data/KADID/extracted/kadid10k/images/I47_23_02.png,I47.png,47,23,2,2.1,0.907
I47_23_04.png,/kaggle/working/MDFS/data/KADID/extracted/kadid10k/images/I47_23_04.png,I47.png,47,23,4,1.8,0.476
I47_24_01.png,/kaggle/working/MDFS/data/KADID/extracted/kadid10k/images/I47_24_01.png,I47.png,47,24,1,4.0,0.632
I47_24_03.png,/kaggle/working/MDFS/data/KADID/extracted/kadid10k/images/I47_24_03.png,I47.png,47,24,3,2.6,0.757
I47_24_05.png,/kaggle/working/MDFS/data/KADID/extracted/kadid10k/images/I47_24_05.png,I47.png,47,24,5,1.3,0.458
I47_25_02.png,/kaggle/working/MDFS/data/KADID/extracted/kadid10k/images/I47_25_02.png,I47.png,47,25,2,4.13,0.499
I47_25_04.png,/kaggle/working/MDFS/data/KADID/extracted/kadid10k/images/I47_25_04.png,I47.png,47,25,4,4.2,0.476
I48_01_01.png,/kaggle/working/MDFS/data/KADID/extracted/kadid10k/images/I48_01_01.png,I48.png,48,1,1,4.53,0.718
I48_01_03.png,/kaggle/working/MDFS/data/KADID/extracted/kadid10k/images/I48_01_03.png,I48.png,48,1,3,3.5,0.957
I48_01_05.png,/kaggle/working/MDFS/data/KADID/extracted/kadid10k/images/I48_01_05.png,I48.png,48,1,5,1.23,0.423
I48_02_02.png,/kaggle/working/MDFS/data/KADID/extracted/kadid10k/images/I48_02_02.png,I48.png,48,2,2,3.03,0.752
I48_02_04.png,/kaggle/working/MDFS/data/KADID/extracted/kadid10k/images/I48_02_04.png,I48.png,48,2,4,1.7,0.526
I48_03_01.png,/kaggle/working/MDFS/data/KADID/extracted/kadid10k/images/I48_03_01.png,I48.png,48,3,1,4.53,0.562
I48_03_03.png,/kaggle/working/MDFS/data/KADID/extracted/kadid10k/images/I48_03_03.png,I48.png,48,3,3,3.23,0.803
I48_03_05.png,/kaggle/working/MDFS/data/KADID/extracted/kadid10k/images/I48_03_05.png,I48.png,48,3,5,2.13,0.763
I48_04_02.png,/kaggle/working/MDFS/data/KADID/extracted/kadid10k/images/I48_04_02.png,I48.png,48,4,2,2.27,1.123
I48_04_04.png,/kaggle/working/MDFS/data/KADID/extracted/kadid10k/images/I48_04_04.png,I48.png,48,4,4,1.43,0.667
I48_05_01.png,/kaggle/working/MDFS/data/KADID/extracted/kadid10k/images/I48_05_01.png,I48.png,48,5,1,4.53,0.718
I48_05_03.png,/kaggle/working/MDFS/data/KADID/extracted/kadid10k/images/I48_05_03.png,I48.png,48,5,3,1.8,0.702
I48_05_05.png,/kaggle/working/MDFS/data/KADID/extracted/kadid10k/images/I48_05_05.png,I48.png,48,5,5,1.9,0.597
I48_06_02.png,/kaggle/working/MDFS/data/KADID/extracted/kadid10k/images/I48_06_02.png,I48.png,48,6,2,4.1,0.831
I48_06_04.png,/kaggle/working/MDFS/data/KADID/extracted/kadid10k/images/I48_06_04.png,I48.png,48,6,4,3.03,0.948
I48_07_01.png,/kaggle/working/MDFS/data/KADID/extracted/kadid10k/images/I48_07_01.png,I48.png,48,7,1,2.77,0.803
I48_07_03.png,/kaggle/working/MDFS/data/KADID/extracted/kadid10k/images/I48_07_03.png,I48.png,48,7,3,2.13,0.991
I48_07_05.png,/kaggle/working/MDFS/data/KADID/extracted/kadid10k/images/I48_07_05.png,I48.png,48,7,5,2.37,0.983
I48_08_02.png,/kaggle/working/MDFS/data/KADID/extracted/kadid10k/images/I48_08_02.png,I48.png,48,8,2,3.0,1.238
I48_08_04.png,/kaggle/working/MDFS/data/KADID/extracted/kadid10k/images/I48_08_04.png,I48.png,48,8,4,1.57,0.616
I48_09_01.png,/kaggle/working/MDFS/data/KADID/extracted/kadid10k/images/I48_09_01.png,I48.png,48,9,1,4.5,0.563
I48_09_03.png,/kaggle/working/MDFS/data/KADID/extracted/kadid10k/images/I48_09_03.png,I48.png,48,9,3,4.63,0.482
I48_09_05.png,/kaggle/working/MDFS/data/KADID/extracted/kadid10k/images/I48_09_05.png,I48.png,48,9,5,1.47,0.618
I48_10_02.png,/kaggle/working/MDFS/data/KADID/extracted/kadid10k/images/I48_10_02.png,I48.png,48,10,2,4.5,0.847
I48_10_04.png,/kaggle/working/MDFS/data/KADID/extracted/kadid10k/images/I48_10_04.png,I48.png,48,10,4,1.8,0.833
I48_11_01.png,/kaggle/working/MDFS/data/KADID/extracted/kadid10k/images/I48_11_01.png,I48.png,48,11,1,3.77,1.023
I48_11_03.png,/kaggle/working/MDFS/data/KADID/extracted/kadid10k/images/I48_11_03.png,I48.png,48,11,3,2.9,0.7
I48_11_05.png,/kaggle/working/MDFS/data/KADID/extracted/kadid10k/images/I48_11_05.png,I48.png,48,11,5,2.1,0.473
I48_12_02.png,/kaggle/working/MDFS/data/KADID/extracted/kadid10k/images/I48_12_02.png,I48.png,48,12,2,3.67,0.978
I48_12_04.png,/kaggle/working/MDFS/data/KADID/extracted/kadid10k/images/I48_12_04.png,I48.png,48,12,4,2.77,0.667
I48_13_01.png,/kaggle/working/MDFS/data/KADID/extracted/kadid10k/images/I48_13_01.png,I48.png,48,13,1,3.13,1.024
I48_13_03.png,/kaggle/working/MDFS/data/KADID/extracted/kadid10k/images/I48_13_03.png,I48.png,48,13,3,2.47,0.618
I48_13_05.png,/kaggle/working/MDFS/data/KADID/extracted/kadid10k/images/I48_13_05.png,I48.png,48,13,5,2.27,0.727
I48_14_02.png,/kaggle/working/MDFS/data/KADID/extracted/kadid10k/images/I48_14_02.png,I48.png,48,14,2,2.97,0.983
I48_14_04.png,/kaggle/working/MDFS/data/KADID/extracted/kadid10k/images/I48_14_04.png,I48.png,48,14,4,2.33,0.65
I48_15_01.png,/kaggle/working/MDFS/data/KADID/extracted/kadid10k/images/I48_15_01.png,I48.png,48,15,1,3.3,0.971
I48_15_03.png,/kaggle/working/MDFS/data/KADID/extracted/kadid10k/images/I48_15_03.png,I48.png,48,15,3,2.03,0.547
I48_15_05.png,/kaggle/working/MDFS/data/KADID/extracted/kadid10k/images/I48_15_05.png,I48.png,48,15,5,1.73,0.727
I48_16_02.png,/kaggle/working/MDFS/data/KADID/extracted/kadid10k/images/I48_16_02.png,I48.png,48,16,2,4.6,0.554
I48_16_04.png,/kaggle/working/MDFS/data/KADID/extracted/kadid10k/images/I48_16_04.png,I48.png,48,16,4,2.6,0.841
I48_17_01.png,/kaggle/working/MDFS/data/KADID/extracted/kadid10k/images/I48_17_01.png,I48.png,48,17,1,4.47,0.562
I48_17_03.png,/kaggle/working/MDFS/data/KADID/extracted/kadid10k/images/I48_17_03.png,I48.png,48,17,3,4.47,0.499
I48_17_05.png,/kaggle/working/MDFS/data/KADID/extracted/kadid10k/images/I48_17_05.png,I48.png,48,17,5,2.4,1.052
I48_18_02.png,/kaggle/working/MDFS/data/KADID/extracted/kadid10k/images/I48_18_02.png,I48.png,48,18,2,4.63,0.547
I48_18_04.png,/kaggle/working/MDFS/data/KADID/extracted/kadid10k/images/I48_18_04.png,I48.png,48,18,4,4.3,0.781
I48_19_01.png,/kaggle/working/MDFS/data/KADID/extracted/kadid10k/images/I48_19_01.png,I48.png,48,19,1,4.7,0.458
I48_19_03.png,/kaggle/working/MDFS/data/KADID/extracted/kadid10k/images/I48_19_03.png,I48.png,48,19,3,3.6,0.841
I48_19_05.png,/kaggle/working/MDFS/data/KADID/extracted/kadid10k/images/I48_19_05.png,I48.png,48,19,5,1.5,0.563
I48_20_02.png,/kaggle/working/MDFS/data/KADID/extracted/kadid10k/images/I48_20_02.png,I48.png,48,20,2,3.17,1.035
I48_20_04.png,/kaggle/working/MDFS/data/KADID/extracted/kadid10k/images/I48_20_04.png,I48.png,48,20,4,2.4,0.879
I48_21_01.png,/kaggle/working/MDFS/data/KADID/extracted/kadid10k/images/I48_21_01.png,I48.png,48,21,1,3.87,1.039
I48_21_03.png,/kaggle/working/MDFS/data/KADID/extracted/kadid10k/images/I48_21_03.png,I48.png,48,21,3,2.93,0.854
I48_21_05.png,/kaggle/working/MDFS/data/KADID/extracted/kadid10k/images/I48_21_05.png,I48.png,48,21,5,1.6,0.663
I48_22_02.png,/kaggle/working/MDFS/data/KADID/extracted/kadid10k/images/I48_22_02.png,I48.png,48,22,2,3.03,1.016
I48_22_04.png,/kaggle/working/MDFS/data/KADID/extracted/kadid10k/images/I48_22_04.png,I48.png,48,22,4,2.3,1.1
I48_23_01.png,/kaggle/working/MDFS/data/KADID/extracted/kadid10k/images/I48_23_01.png,I48.png,48,23,1,3.23,1.174
I48_23_03.png,/kaggle/working/MDFS/data/KADID/extracted/kadid10k/images/I48_23_03.png,I48.png,48,23,3,2.3,0.971
I48_23_05.png,/kaggle/working/MDFS/data/KADID/extracted/kadid10k/images/I48_23_05.png,I48.png,48,23,5,1.97,0.706
I48_24_02.png,/kaggle/working/MDFS/data/KADID/extracted/kadid10k/images/I48_24_02.png,I48.png,48,24,2,2.55,0.836
I48_24_04.png,/kaggle/working/MDFS/data/KADID/extracted/kadid10k/images/I48_24_04.png,I48.png,48,24,4,1.4,0.611
I48_25_01.png,/kaggle/working/MDFS/data/KADID/extracted/kadid10k/images/I48_25_01.png,I48.png,48,25,1,3.1,0.79
I48_25_03.png,/kaggle/working/MDFS/data/KADID/extracted/kadid10k/images/I48_25_03.png,I48.png,48,25,3,4.13,0.618
I48_25_05.png,/kaggle/working/MDFS/data/KADID/extracted/kadid10k/images/I48_25_05.png,I48.png,48,25,5,3.9,0.7
I49_01_02.png,/kaggle/working/MDFS/data/KADID/extracted/kadid10k/images/I49_01_02.png,I49.png,49,1,2,4.63,0.482
I49_01_04.png,/kaggle/working/MDFS/data/KADID/extracted/kadid10k/images/I49_01_04.png,I49.png,49,1,4,2.47,0.67
I49_02_01.png,/kaggle/working/MDFS/data/KADID/extracted/kadid10k/images/I49_02_01.png,I49.png,49,2,1,4.27,0.772
I49_02_03.png,/kaggle/working/MDFS/data/KADID/extracted/kadid10k/images/I49_02_03.png,I49.png,49,2,3,2.26,0.879
I49_02_05.png,/kaggle/working/MDFS/data/KADID/extracted/kadid10k/images/I49_02_05.png,I49.png,49,2,5,1.77,0.616
I49_03_02.png,/kaggle/working/MDFS/data/KADID/extracted/kadid10k/images/I49_03_02.png,I49.png,49,3,2,4.47,0.499
I49_03_04.png,/kaggle/working/MDFS/data/KADID/extracted/kadid10k/images/I49_03_04.png,I49.png,49,3,4,2.5,0.671
I49_04_01.png,/kaggle/working/MDFS/data/KADID/extracted/kadid10k/images/I49_04_01.png,I49.png,49,4,1,4.77,0.616
I49_04_03.png,/kaggle/working/MDFS/data/KADID/extracted/kadid10k/images/I49_04_03.png,I49.png,49,4,3,1.93,0.727
I49_04_05.png,/kaggle/working/MDFS/data/KADID/extracted/kadid10k/images/I49_04_05.png,I49.png,49,4,5,2.33,0.907
I49_05_02.png,/kaggle/working/MDFS/data/KADID/extracted/kadid10k/images/I49_05_02.png,I49.png,49,5,2,3.4,0.917
I49_05_04.png,/kaggle/working/MDFS/data/KADID/extracted/kadid10k/images/I49_05_04.png,I49.png,49,5,4,2.7,0.69
I49_06_01.png,/kaggle/working/MDFS/data/KADID/extracted/kadid10k/images/I49_06_01.png,I49.png,49,6,1,4.53,0.499
I49_06_03.png,/kaggle/working/MDFS/data/KADID/extracted/kadid10k/images/I49_06_03.png,I49.png,49,6,3,4.4,0.663
I49_06_05.png,/kaggle/working/MDFS/data/KADID/extracted/kadid10k/images/I49_06_05.png,I49.png,49,6,5,2.93,0.929
I49_07_02.png,/kaggle/working/MDFS/data/KADID/extracted/kadid10k/images/I49_07_02.png,I49.png,49,7,2,2.97,1.016
I49_07_04.png,/kaggle/working/MDFS/data/KADID/extracted/kadid10k/images/I49_07_04.png,I49.png,49,7,4,2.73,1.062
I49_08_01.png,/kaggle/working/MDFS/data/KADID/extracted/kadid10k/images/I49_08_01.png,I49.png,49,8,1,4.53,0.499
I49_08_03.png,/kaggle/working/MDFS/data/KADID/extracted/kadid10k/images/I49_08_03.png,I49.png,49,8,3,3.0,0.894
I49_08_05.png,/kaggle/working/MDFS/data/KADID/extracted/kadid10k/images/I49_08_05.png,I49.png,49,8,5,2.1,0.978
I49_09_02.png,/kaggle/working/MDFS/data/KADID/extracted/kadid10k/images/I49_09_02.png,I49.png,49,9,2,4.63,0.482
I49_09_04.png,/kaggle/working/MDFS/data/KADID/extracted/kadid10k/images/I49_09_04.png,I49.png,49,9,4,3.63,0.983
I49_10_01.png,/kaggle/working/MDFS/data/KADID/extracted/kadid10k/images/I49_10_01.png,I49.png,49,10,1,4.57,0.496
I49_10_03.png,/kaggle/working/MDFS/data/KADID/extracted/kadid10k/images/I49_10_03.png,I49.png,49,10,3,4.3,0.823
I49_10_05.png,/kaggle/working/MDFS/data/KADID/extracted/kadid10k/images/I49_10_05.png,I49.png,49,10,5,1.37,0.482
I49_11_02.png,/kaggle/working/MDFS/data/KADID/extracted/kadid10k/images/I49_11_02.png,I49.png,49,11,2,3.27,1.062
I49_11_04.png,/kaggle/working/MDFS/data/KADID/extracted/kadid10k/images/I49_11_04.png,I49.png,49,11,4,2.8,0.945
I49_12_01.png,/kaggle/working/MDFS/data/KADID/extracted/kadid10k/images/I49_12_01.png,I49.png,49,12,1,4.57,0.559
I49_12_03.png,/kaggle/working/MDFS/data/KADID/extracted/kadid10k/images/I49_12_03.png,I49.png,49,12,3,3.17,0.898
I49_12_05.png,/kaggle/working/MDFS/data/KADID/extracted/kadid10k/images/I49_12_05.png,I49.png,49,12,5,2.5,0.764
I49_13_02.png,/kaggle/working/MDFS/data/KADID/extracted/kadid10k/images/I49_13_02.png,I49.png,49,13,2,2.52,0.666
I49_13_04.png,/kaggle/working/MDFS/data/KADID/extracted/kadid10k/images/I49_13_04.png,I49.png,49,13,4,1.83,0.687
I49_14_01.png,/kaggle/working/MDFS/data/KADID/extracted/kadid10k/images/I49_14_01.png,I49.png,49,14,1,4.83,0.373
I49_14_03.png,/kaggle/working/MDFS/data/KADID/extracted/kadid10k/images/I49_14_03.png,I49.png,49,14,3,4.1,0.79
I49_14_05.png,/kaggle/working/MDFS/data/KADID/extracted/kadid10k/images/I49_14_05.png,I49.png,49,14,5,3.13,0.921
I49_15_02.png,/kaggle/working/MDFS/data/KADID/extracted/kadid10k/images/I49_15_02.png,I49.png,49,15,2,2.6,0.712
I49_15_04.png,/kaggle/working/MDFS/data/KADID/extracted/kadid10k/images/I49_15_04.png,I49.png,49,15,4,1.23,0.496
I49_16_01.png,/kaggle/working/MDFS/data/KADID/extracted/kadid10k/images/I49_16_01.png,I49.png,49,16,1,4.57,0.496
I49_16_03.png,/kaggle/working/MDFS/data/KADID/extracted/kadid10k/images/I49_16_03.png,I49.png,49,16,3,3.93,0.814
I49_16_05.png,/kaggle/working/MDFS/data/KADID/extracted/kadid10k/images/I49_16_05.png,I49.png,49,16,5,3.2,0.833
I49_17_02.png,/kaggle/working/MDFS/data/KADID/extracted/kadid10k/images/I49_17_02.png,I49.png,49,17,2,4.67,0.471
I49_17_04.png,/kaggle/working/MDFS/data/KADID/extracted/kadid10k/images/I49_17_04.png,I49.png,49,17,4,3.3,1.069
I49_18_01.png,/kaggle/working/MDFS/data/KADID/extracted/kadid10k/images/I49_18_01.png,I49.png,49,18,1,4.6,0.49
I49_18_03.png,/kaggle/working/MDFS/data/KADID/extracted/kadid10k/images/I49_18_03.png,I49.png,49,18,3,4.7,0.458
I49_18_05.png,/kaggle/working/MDFS/data/KADID/extracted/kadid10k/images/I49_18_05.png,I49.png,49,18,5,3.73,0.629
I49_19_02.png,/kaggle/working/MDFS/data/KADID/extracted/kadid10k/images/I49_19_02.png,I49.png,49,19,2,4.2,0.542
I49_19_04.png,/kaggle/working/MDFS/data/KADID/extracted/kadid10k/images/I49_19_04.png,I49.png,49,19,4,1.87,0.67
I49_20_01.png,/kaggle/working/MDFS/data/KADID/extracted/kadid10k/images/I49_20_01.png,I49.png,49,20,1,4.33,0.789
I49_20_03.png,/kaggle/working/MDFS/data/KADID/extracted/kadid10k/images/I49_20_03.png,I49.png,49,20,3,3.77,1.055
I49_20_05.png,/kaggle/working/MDFS/data/KADID/extracted/kadid10k/images/I49_20_05.png,I49.png,49,20,5,3.23,1.283
I49_21_02.png,/kaggle/working/MDFS/data/KADID/extracted/kadid10k/images/I49_21_02.png,I49.png,49,21,2,3.47,1.024
I49_21_04.png,/kaggle/working/MDFS/data/KADID/extracted/kadid10k/images/I49_21_04.png,I49.png,49,21,4,2.9,0.907
I49_22_01.png,/kaggle/working/MDFS/data/KADID/extracted/kadid10k/images/I49_22_01.png,I49.png,49,22,1,4.3,0.936
I49_22_03.png,/kaggle/working/MDFS/data/KADID/extracted/kadid10k/images/I49_22_03.png,I49.png,49,22,3,3.53,1.147
I49_22_05.png,/kaggle/working/MDFS/data/KADID/extracted/kadid10k/images/I49_22_05.png,I49.png,49,22,5,2.47,0.846
I49_23_02.png,/kaggle/working/MDFS/data/KADID/extracted/kadid10k/images/I49_23_02.png,I49.png,49,23,2,2.47,1.176
I49_23_04.png,/kaggle/working/MDFS/data/KADID/extracted/kadid10k/images/I49_23_04.png,I49.png,49,23,4,2.13,0.562
I49_24_01.png,/kaggle/working/MDFS/data/KADID/extracted/kadid10k/images/I49_24_01.png,I49.png,49,24,1,4.1,0.473
I49_24_03.png,/kaggle/working/MDFS/data/KADID/extracted/kadid10k/images/I49_24_03.png,I49.png,49,24,3,2.93,0.892
I49_24_05.png,/kaggle/working/MDFS/data/KADID/extracted/kadid10k/images/I49_24_05.png,I49.png,49,24,5,1.6,0.611
I49_25_02.png,/kaggle/working/MDFS/data/KADID/extracted/kadid10k/images/I49_25_02.png,I49.png,49,25,2,4.0,0.73
I49_25_04.png,/kaggle/working/MDFS/data/KADID/extracted/kadid10k/images/I49_25_04.png,I49.png,49,25,4,4.07,0.727
I50_01_01.png,/kaggle/working/MDFS/data/KADID/extracted/kadid10k/images/I50_01_01.png,I50.png,50,1,1,4.57,0.559
I50_01_03.png,/kaggle/working/MDFS/data/KADID/extracted/kadid10k/images/I50_01_03.png,I50.png,50,1,3,2.73,0.892
I50_01_05.png,/kaggle/working/MDFS/data/KADID/extracted/kadid10k/images/I50_01_05.png,I50.png,50,1,5,1.2,0.476
I50_02_02.png,/kaggle/working/MDFS/data/KADID/extracted/kadid10k/images/I50_02_02.png,I50.png,50,2,2,2.6,0.917
I50_02_04.png,/kaggle/working/MDFS/data/KADID/extracted/kadid10k/images/I50_02_04.png,I50.png,50,2,4,1.33,0.537
I50_03_01.png,/kaggle/working/MDFS/data/KADID/extracted/kadid10k/images/I50_03_01.png,I50.png,50,3,1,4.6,0.49
I50_03_03.png,/kaggle/working/MDFS/data/KADID/extracted/kadid10k/images/I50_03_03.png,I50.png,50,3,3,2.77,0.92
I50_03_05.png,/kaggle/working/MDFS/data/KADID/extracted/kadid10k/images/I50_03_05.png,I50.png,50,3,5,1.53,0.499
I50_04_02.png,/kaggle/working/MDFS/data/KADID/extracted/kadid10k/images/I50_04_02.png,I50.png,50,4,2,2.57,1.086
I50_04_04.png,/kaggle/working/MDFS/data/KADID/extracted/kadid10k/images/I50_04_04.png,I50.png,50,4,4,1.53,0.763
I50_05_01.png,/kaggle/working/MDFS/data/KADID/extracted/kadid10k/images/I50_05_01.png,I50.png,50,5,1,3.83,0.82
I50_05_03.png,/kaggle/working/MDFS/data/KADID/extracted/kadid10k/images/I50_05_03.png,I50.png,50,5,3,1.7,0.69
I50_05_05.png,/kaggle/working/MDFS/data/KADID/extracted/kadid10k/images/I50_05_05.png,I50.png,50,5,5,1.67,0.471
I50_06_02.png,/kaggle/working/MDFS/data/KADID/extracted/kadid10k/images/I50_06_02.png,I50.png,50,6,2,3.83,0.934
I50_06_04.png,/kaggle/working/MDFS/data/KADID/extracted/kadid10k/images/I50_06_04.png,I50.png,50,6,4,3.07,1.181
I50_07_01.png,/kaggle/working/MDFS/data/KADID/extracted/kadid10k/images/I50_07_01.png,I50.png,50,7,1,2.6,0.952
I50_07_03.png,/kaggle/working/MDFS/data/KADID/extracted/kadid10k/images/I50_07_03.png,I50.png,50,7,3,1.93,0.929
I50_07_05.png,/kaggle/working/MDFS/data/KADID/extracted/kadid10k/images/I50_07_05.png,I50.png,50,7,5,2.03,0.912
I50_08_02.png,/kaggle/working/MDFS/data/KADID/extracted/kadid10k/images/I50_08_02.png,I50.png,50,8,2,3.13,1.147
I50_08_04.png,/kaggle/working/MDFS/data/KADID/extracted/kadid10k/images/I50_08_04.png,I50.png,50,8,4,1.63,0.795
I50_09_01.png,/kaggle/working/MDFS/data/KADID/extracted/kadid10k/images/I50_09_01.png,I50.png,50,9,1,4.43,0.716
I50_09_03.png,/kaggle/working/MDFS/data/KADID/extracted/kadid10k/images/I50_09_03.png,I50.png,50,9,3,3.83,1.003
I50_09_05.png,/kaggle/working/MDFS/data/KADID/extracted/kadid10k/images/I50_09_05.png,I50.png,50,9,5,1.27,0.573
I50_10_02.png,/kaggle/working/MDFS/data/KADID/extracted/kadid10k/images/I50_10_02.png,I50.png,50,10,2,4.4,0.663
I50_10_04.png,/kaggle/working/MDFS/data/KADID/extracted/kadid10k/images/I50_10_04.png,I50.png,50,10,4,2.27,0.772
I50_11_01.png,/kaggle/working/MDFS/data/KADID/extracted/kadid10k/images/I50_11_01.png,I50.png,50,11,1,3.9,0.943
I50_11_03.png,/kaggle/working/MDFS/data/KADID/extracted/kadid10k/images/I50_11_03.png,I50.png,50,11,3,3.17,0.734
I50_11_05.png,/kaggle/working/MDFS/data/KADID/extracted/kadid10k/images/I50_11_05.png,I50.png,50,11,5,2.37,0.657
I50_12_02.png,/kaggle/working/MDFS/data/KADID/extracted/kadid10k/images/I50_12_02.png,I50.png,50,12,2,3.17,1.067
I50_12_04.png,/kaggle/working/MDFS/data/KADID/extracted/kadid10k/images/I50_12_04.png,I50.png,50,12,4,2.3,0.586
I50_13_01.png,/kaggle/working/MDFS/data/KADID/extracted/kadid10k/images/I50_13_01.png,I50.png,50,13,1,3.63,0.836
I50_13_03.png,/kaggle/working/MDFS/data/KADID/extracted/kadid10k/images/I50_13_03.png,I50.png,50,13,3,2.87,0.806
I50_13_05.png,/kaggle/working/MDFS/data/KADID/extracted/kadid10k/images/I50_13_05.png,I50.png,50,13,5,2.03,0.657
I50_14_02.png,/kaggle/working/MDFS/data/KADID/extracted/kadid10k/images/I50_14_02.png,I50.png,50,14,2,3.16,0.919
I50_14_04.png,/kaggle/working/MDFS/data/KADID/extracted/kadid10k/images/I50_14_04.png,I50.png,50,14,4,2.13,0.846
I50_15_01.png,/kaggle/working/MDFS/data/KADID/extracted/kadid10k/images/I50_15_01.png,I50.png,50,15,1,3.6,1.083
I50_15_03.png,/kaggle/working/MDFS/data/KADID/extracted/kadid10k/images/I50_15_03.png,I50.png,50,15,3,2.23,0.803
I50_15_05.png,/kaggle/working/MDFS/data/KADID/extracted/kadid10k/images/I50_15_05.png,I50.png,50,15,5,1.53,0.618
I50_16_02.png,/kaggle/working/MDFS/data/KADID/extracted/kadid10k/images/I50_16_02.png,I50.png,50,16,2,4.23,0.716
I50_16_04.png,/kaggle/working/MDFS/data/KADID/extracted/kadid10k/images/I50_16_04.png,I50.png,50,16,4,1.7,0.737
I50_17_01.png,/kaggle/working/MDFS/data/KADID/extracted/kadid10k/images/I50_17_01.png,I50.png,50,17,1,4.33,0.699
I50_17_03.png,/kaggle/working/MDFS/data/KADID/extracted/kadid10k/images/I50_17_03.png,I50.png,50,17,3,4.13,0.67
I50_17_05.png,/kaggle/working/MDFS/data/KADID/extracted/kadid10k/images/I50_17_05.png,I50.png,50,17,5,2.57,0.989
I50_18_02.png,/kaggle/working/MDFS/data/KADID/extracted/kadid10k/images/I50_18_02.png,I50.png,50,18,2,4.17,0.734
I50_18_04.png,/kaggle/working/MDFS/data/KADID/extracted/kadid10k/images/I50_18_04.png,I50.png,50,18,4,4.27,0.68
I50_19_01.png,/kaggle/working/MDFS/data/KADID/extracted/kadid10k/images/I50_19_01.png,I50.png,50,19,1,4.57,0.803
I50_19_03.png,/kaggle/working/MDFS/data/KADID/extracted/kadid10k/images/I50_19_03.png,I50.png,50,19,3,3.83,0.934
I50_19_05.png,/kaggle/working/MDFS/data/KADID/extracted/kadid10k/images/I50_19_05.png,I50.png,50,19,5,1.37,0.482
I50_20_02.png,/kaggle/working/MDFS/data/KADID/extracted/kadid10k/images/I50_20_02.png,I50.png,50,20,2,3.87,0.846
I50_20_04.png,/kaggle/working/MDFS/data/KADID/extracted/kadid10k/images/I50_20_04.png,I50.png,50,20,4,2.37,0.948
I50_21_01.png,/kaggle/working/MDFS/data/KADID/extracted/kadid10k/images/I50_21_01.png,I50.png,50,21,1,4.37,0.836
I50_21_03.png,/kaggle/working/MDFS/data/KADID/extracted/kadid10k/images/I50_21_03.png,I50.png,50,21,3,3.53,1.087
I50_21_05.png,/kaggle/working/MDFS/data/KADID/extracted/kadid10k/images/I50_21_05.png,I50.png,50,21,5,1.52,0.561
I50_22_02.png,/kaggle/working/MDFS/data/KADID/extracted/kadid10k/images/I50_22_02.png,I50.png,50,22,2,3.93,0.964
I50_22_04.png,/kaggle/working/MDFS/data/KADID/extracted/kadid10k/images/I50_22_04.png,I50.png,50,22,4,3.73,0.998
I50_23_01.png,/kaggle/working/MDFS/data/KADID/extracted/kadid10k/images/I50_23_01.png,I50.png,50,23,1,2.57,0.955
I50_23_03.png,/kaggle/working/MDFS/data/KADID/extracted/kadid10k/images/I50_23_03.png,I50.png,50,23,3,2.2,0.653
I50_23_05.png,/kaggle/working/MDFS/data/KADID/extracted/kadid10k/images/I50_23_05.png,I50.png,50,23,5,1.87,0.718
I50_24_02.png,/kaggle/working/MDFS/data/KADID/extracted/kadid10k/images/I50_24_02.png,I50.png,50,24,2,2.6,0.757
I50_24_04.png,/kaggle/working/MDFS/data/KADID/extracted/kadid10k/images/I50_24_04.png,I50.png,50,24,4,1.35,0.698
I50_25_01.png,/kaggle/working/MDFS/data/KADID/extracted/kadid10k/images/I50_25_01.png,I50.png,50,25,1,3.0,0.968
I50_25_03.png,/kaggle/working/MDFS/data/KADID/extracted/kadid10k/images/I50_25_03.png,I50.png,50,25,3,4.17,0.687
I50_25_05.png,/kaggle/working/MDFS/data/KADID/extracted/kadid10k/images/I50_25_05.png,I50.png,50,25,5,3.57,0.844
I51_01_02.png,/kaggle/working/MDFS/data/KADID/extracted/kadid10k/images/I51_01_02.png,I51.png,51,1,2,4.37,0.547
I51_01_04.png,/kaggle/working/MDFS/data/KADID/extracted/kadid10k/images/I51_01_04.png,I51.png,51,1,4,1.53,0.562
I51_02_01.png,/kaggle/working/MDFS/data/KADID/extracted/kadid10k/images/I51_02_01.png,I51.png,51,2,1,4.03,0.752
I51_02_03.png,/kaggle/working/MDFS/data/KADID/extracted/kadid10k/images/I51_02_03.png,I51.png,51,2,3,1.73,0.772
I51_02_05.png,/kaggle/working/MDFS/data/KADID/extracted/kadid10k/images/I51_02_05.png,I51.png,51,2,5,1.13,0.34
I51_03_02.png,/kaggle/working/MDFS/data/KADID/extracted/kadid10k/images/I51_03_02.png,I51.png,51,3,2,4.03,0.706
I51_03_04.png,/kaggle/working/MDFS/data/KADID/extracted/kadid10k/images/I51_03_04.png,I51.png,51,3,4,2.0,0.632
I51_04_01.png,/kaggle/working/MDFS/data/KADID/extracted/kadid10k/images/I51_04_01.png,I51.png,51,4,1,4.7,0.458
I51_04_03.png,/kaggle/working/MDFS/data/KADID/extracted/kadid10k/images/I51_04_03.png,I51.png,51,4,3,1.7,0.64
I51_04_05.png,/kaggle/working/MDFS/data/KADID/extracted/kadid10k/images/I51_04_05.png,I51.png,51,4,5,1.17,0.453
I51_05_02.png,/kaggle/working/MDFS/data/KADID/extracted/kadid10k/images/I51_05_02.png,I51.png,51,5,2,2.23,0.989
I51_05_04.png,/kaggle/working/MDFS/data/KADID/extracted/kadid10k/images/I51_05_04.png,I51.png,51,5,4,1.5,0.563
I51_06_01.png,/kaggle/working/MDFS/data/KADID/extracted/kadid10k/images/I51_06_01.png,I51.png,51,6,1,3.93,0.727
I51_06_03.png,/kaggle/working/MDFS/data/KADID/extracted/kadid10k/images/I51_06_03.png,I51.png,51,6,3,3.77,0.869
I51_06_05.png,/kaggle/working/MDFS/data/KADID/extracted/kadid10k/images/I51_06_05.png,I51.png,51,6,5,2.63,0.875
I51_07_02.png,/kaggle/working/MDFS/data/KADID/extracted/kadid10k/images/I51_07_02.png,I51.png,51,7,2,2.27,0.964
I51_07_04.png,/kaggle/working/MDFS/data/KADID/extracted/kadid10k/images/I51_07_04.png,I51.png,51,7,4,2.43,0.989
I51_08_01.png,/kaggle/working/MDFS/data/KADID/extracted/kadid10k/images/I51_08_01.png,I51.png,51,8,1,4.67,0.471
I51_08_03.png,/kaggle/working/MDFS/data/KADID/extracted/kadid10k/images/I51_08_03.png,I51.png,51,8,3,2.97,0.948
I51_08_05.png,/kaggle/working/MDFS/data/KADID/extracted/kadid10k/images/I51_08_05.png,I51.png,51,8,5,1.5,0.719
I51_09_02.png,/kaggle/working/MDFS/data/KADID/extracted/kadid10k/images/I51_09_02.png,I51.png,51,9,2,4.47,0.763
I51_09_04.png,/kaggle/working/MDFS/data/KADID/extracted/kadid10k/images/I51_09_04.png,I51.png,51,9,4,1.93,0.442
I51_10_01.png,/kaggle/working/MDFS/data/KADID/extracted/kadid10k/images/I51_10_01.png,I51.png,51,10,1,4.2,0.748
I51_10_03.png,/kaggle/working/MDFS/data/KADID/extracted/kadid10k/images/I51_10_03.png,I51.png,51,10,3,3.67,0.869
I51_10_05.png,/kaggle/working/MDFS/data/KADID/extracted/kadid10k/images/I51_10_05.png,I51.png,51,10,5,1.23,0.423
I51_11_02.png,/kaggle/working/MDFS/data/KADID/extracted/kadid10k/images/I51_11_02.png,I51.png,51,11,2,2.93,0.573
I51_11_04.png,/kaggle/working/MDFS/data/KADID/extracted/kadid10k/images/I51_11_04.png,I51.png,51,11,4,2.53,0.763
I51_12_01.png,/kaggle/working/MDFS/data/KADID/extracted/kadid10k/images/I51_12_01.png,I51.png,51,12,1,4.43,0.616
I51_12_03.png,/kaggle/working/MDFS/data/KADID/extracted/kadid10k/images/I51_12_03.png,I51.png,51,12,3,2.57,0.616
I51_12_05.png,/kaggle/working/MDFS/data/KADID/extracted/kadid10k/images/I51_12_05.png,I51.png,51,12,5,2.27,0.573
I51_13_02.png,/kaggle/working/MDFS/data/KADID/extracted/kadid10k/images/I51_13_02.png,I51.png,51,13,2,2.53,0.884
I51_13_04.png,/kaggle/working/MDFS/data/KADID/extracted/kadid10k/images/I51_13_04.png,I51.png,51,13,4,2.2,0.6
I51_14_01.png,/kaggle/working/MDFS/data/KADID/extracted/kadid10k/images/I51_14_01.png,I51.png,51,14,1,4.4,0.663
I51_14_03.png,/kaggle/working/MDFS/data/KADID/extracted/kadid10k/images/I51_14_03.png,I51.png,51,14,3,2.97,0.706
I51_14_05.png,/kaggle/working/MDFS/data/KADID/extracted/kadid10k/images/I51_14_05.png,I51.png,51,14,5,1.93,0.772
I51_15_02.png,/kaggle/working/MDFS/data/KADID/extracted/kadid10k/images/I51_15_02.png,I51.png,51,15,2,3.0,0.856
I51_15_04.png,/kaggle/working/MDFS/data/KADID/extracted/kadid10k/images/I51_15_04.png,I51.png,51,15,4,1.69,0.682
I51_16_01.png,/kaggle/working/MDFS/data/KADID/extracted/kadid10k/images/I51_16_01.png,I51.png,51,16,1,4.4,0.611
I51_16_03.png,/kaggle/working/MDFS/data/KADID/extracted/kadid10k/images/I51_16_03.png,I51.png,51,16,3,3.7,0.781
I51_16_05.png,/kaggle/working/MDFS/data/KADID/extracted/kadid10k/images/I51_16_05.png,I51.png,51,16,5,2.07,0.727
I51_17_02.png,/kaggle/working/MDFS/data/KADID/extracted/kadid10k/images/I51_17_02.png,I51.png,51,17,2,4.67,0.471
I51_17_04.png,/kaggle/working/MDFS/data/KADID/extracted/kadid10k/images/I51_17_04.png,I51.png,51,17,4,3.77,0.883
I51_18_01.png,/kaggle/working/MDFS/data/KADID/extracted/kadid10k/images/I51_18_01.png,I51.png,51,18,1,4.3,0.458
I51_18_03.png,/kaggle/working/MDFS/data/KADID/extracted/kadid10k/images/I51_18_03.png,I51.png,51,18,3,4.43,0.496
I51_18_05.png,/kaggle/working/MDFS/data/KADID/extracted/kadid10k/images/I51_18_05.png,I51.png,51,18,5,4.03,0.752
I51_19_02.png,/kaggle/working/MDFS/data/KADID/extracted/kadid10k/images/I51_19_02.png,I51.png,51,19,2,4.13,0.499
I51_19_04.png,/kaggle/working/MDFS/data/KADID/extracted/kadid10k/images/I51_19_04.png,I51.png,51,19,4,1.57,0.496
I51_20_01.png,/kaggle/working/MDFS/data/KADID/extracted/kadid10k/images/I51_20_01.png,I51.png,51,20,1,4.27,0.629
I51_20_03.png,/kaggle/working/MDFS/data/KADID/extracted/kadid10k/images/I51_20_03.png,I51.png,51,20,3,4.13,0.884
I51_20_05.png,/kaggle/working/MDFS/data/KADID/extracted/kadid10k/images/I51_20_05.png,I51.png,51,20,5,2.67,1.374
I51_21_02.png,/kaggle/working/MDFS/data/KADID/extracted/kadid10k/images/I51_21_02.png,I51.png,51,21,2,3.0,0.966
I51_21_04.png,/kaggle/working/MDFS/data/KADID/extracted/kadid10k/images/I51_21_04.png,I51.png,51,21,4,2.47,1.231
I51_22_01.png,/kaggle/working/MDFS/data/KADID/extracted/kadid10k/images/I51_22_01.png,I51.png,51,22,1,4.07,0.814
I51_22_03.png,/kaggle/working/MDFS/data/KADID/extracted/kadid10k/images/I51_22_03.png,I51.png,51,22,3,3.45,0.978
I51_22_05.png,/kaggle/working/MDFS/data/KADID/extracted/kadid10k/images/I51_22_05.png,I51.png,51,22,5,2.33,0.83
I51_23_02.png,/kaggle/working/MDFS/data/KADID/extracted/kadid10k/images/I51_23_02.png,I51.png,51,23,2,2.43,1.257
I51_23_04.png,/kaggle/working/MDFS/data/KADID/extracted/kadid10k/images/I51_23_04.png,I51.png,51,23,4,2.2,0.833
I51_24_01.png,/kaggle/working/MDFS/data/KADID/extracted/kadid10k/images/I51_24_01.png,I51.png,51,24,1,3.2,0.909
I51_24_03.png,/kaggle/working/MDFS/data/KADID/extracted/kadid10k/images/I51_24_03.png,I51.png,51,24,3,1.43,0.496
I51_24_05.png,/kaggle/working/MDFS/data/KADID/extracted/kadid10k/images/I51_24_05.png,I51.png,51,24,5,1.17,0.373
I51_25_02.png,/kaggle/working/MDFS/data/KADID/extracted/kadid10k/images/I51_25_02.png,I51.png,51,25,2,4.13,0.67
I51_25_04.png,/kaggle/working/MDFS/data/KADID/extracted/kadid10k/images/I51_25_04.png,I51.png,51,25,4,4.07,0.772
I52_01_01.png,/kaggle/working/MDFS/data/KADID/extracted/kadid10k/images/I52_01_01.png,I52.png,52,1,1,4.77,0.423
I52_01_03.png,/kaggle/working/MDFS/data/KADID/extracted/kadid10k/images/I52_01_03.png,I52.png,52,1,3,2.73,0.772
I52_01_05.png,/kaggle/working/MDFS/data/KADID/extracted/kadid10k/images/I52_01_05.png,I52.png,52,1,5,1.27,0.442
I52_02_02.png,/kaggle/working/MDFS/data/KADID/extracted/kadid10k/images/I52_02_02.png,I52.png,52,2,2,2.94,0.669
I52_02_04.png,/kaggle/working/MDFS/data/KADID/extracted/kadid10k/images/I52_02_04.png,I52.png,52,2,4,1.37,0.482
I52_03_01.png,/kaggle/working/MDFS/data/KADID/extracted/kadid10k/images/I52_03_01.png,I52.png,52,3,1,4.7,0.458
I52_03_03.png,/kaggle/working/MDFS/data/KADID/extracted/kadid10k/images/I52_03_03.png,I52.png,52,3,3,2.67,0.745
I52_03_05.png,/kaggle/working/MDFS/data/KADID/extracted/kadid10k/images/I52_03_05.png,I52.png,52,3,5,1.6,0.611
I52_04_02.png,/kaggle/working/MDFS/data/KADID/extracted/kadid10k/images/I52_04_02.png,I52.png,52,4,2,2.97,0.875
I52_04_04.png,/kaggle/working/MDFS/data/KADID/extracted/kadid10k/images/I52_04_04.png,I52.png,52,4,4,1.5,0.563
I52_05_01.png,/kaggle/working/MDFS/data/KADID/extracted/kadid10k/images/I52_05_01.png,I52.png,52,5,1,4.63,0.482
I52_05_03.png,/kaggle/working/MDFS/data/KADID/extracted/kadid10k/images/I52_05_03.png,I52.png,52,5,3,2.37,0.836
I52_05_05.png,/kaggle/working/MDFS/data/KADID/extracted/kadid10k/images/I52_05_05.png,I52.png,52,5,5,3.03,0.912
I52_06_02.png,/kaggle/working/MDFS/data/KADID/extracted/kadid10k/images/I52_06_02.png,I52.png,52,6,2,4.2,0.792
I52_06_04.png,/kaggle/working/MDFS/data/KADID/extracted/kadid10k/images/I52_06_04.png,I52.png,52,6,4,2.93,0.998
I52_07_01.png,/kaggle/working/MDFS/data/KADID/extracted/kadid10k/images/I52_07_01.png,I52.png,52,7,1,2.43,0.989
I52_07_03.png,/kaggle/working/MDFS/data/KADID/extracted/kadid10k/images/I52_07_03.png,I52.png,52,7,3,1.93,0.998
I52_07_05.png,/kaggle/working/MDFS/data/KADID/extracted/kadid10k/images/I52_07_05.png,I52.png,52,7,5,1.83,0.82
I52_08_02.png,/kaggle/working/MDFS/data/KADID/extracted/kadid10k/images/I52_08_02.png,I52.png,52,8,2,3.93,0.629
I52_08_04.png,/kaggle/working/MDFS/data/KADID/extracted/kadid10k/images/I52_08_04.png,I52.png,52,8,4,2.2,0.945
I52_09_01.png,/kaggle/working/MDFS/data/KADID/extracted/kadid10k/images/I52_09_01.png,I52.png,52,9,1,4.53,0.499
I52_09_03.png,/kaggle/working/MDFS/data/KADID/extracted/kadid10k/images/I52_09_03.png,I52.png,52,9,3,2.53,1.056
I52_09_05.png,/kaggle/working/MDFS/data/KADID/extracted/kadid10k/images/I52_09_05.png,I52.png,52,9,5,1.23,0.423
I52_10_02.png,/kaggle/working/MDFS/data/KADID/extracted/kadid10k/images/I52_10_02.png,I52.png,52,10,2,3.7,1.038
I52_10_04.png,/kaggle/working/MDFS/data/KADID/extracted/kadid10k/images/I52_10_04.png,I52.png,52,10,4,1.7,0.737
I52_11_01.png,/kaggle/working/MDFS/data/KADID/extracted/kadid10k/images/I52_11_01.png,I52.png,52,11,1,3.63,0.875
I52_11_03.png,/kaggle/working/MDFS/data/KADID/extracted/kadid10k/images/I52_11_03.png,I52.png,52,11,3,2.7,0.823
I52_11_05.png,/kaggle/working/MDFS/data/KADID/extracted/kadid10k/images/I52_11_05.png,I52.png,52,11,5,2.07,0.727
I52_12_02.png,/kaggle/working/MDFS/data/KADID/extracted/kadid10k/images/I52_12_02.png,I52.png,52,12,2,3.27,0.854
I52_12_04.png,/kaggle/working/MDFS/data/KADID/extracted/kadid10k/images/I52_12_04.png,I52.png,52,12,4,2.47,0.806
I52_13_01.png,/kaggle/working/MDFS/data/KADID/extracted/kadid10k/images/I52_13_01.png,I52.png,52,13,1,3.2,1.046
I52_13_03.png,/kaggle/working/MDFS/data/KADID/extracted/kadid10k/images/I52_13_03.png,I52.png,52,13,3,2.67,0.65
I52_13_05.png,/kaggle/working/MDFS/data/KADID/extracted/kadid10k/images/I52_13_05.png,I52.png,52,13,5,2.0,0.632
I52_14_02.png,/kaggle/working/MDFS/data/KADID/extracted/kadid10k/images/I52_14_02.png,I52.png,52,14,2,3.47,0.806
I52_14_04.png,/kaggle/working/MDFS/data/KADID/extracted/kadid10k/images/I52_14_04.png,I52.png,52,14,4,2.3,0.69
I52_15_01.png,/kaggle/working/MDFS/data/KADID/extracted/kadid10k/images/I52_15_01.png,I52.png,52,15,1,3.8,0.792
I52_15_03.png,/kaggle/working/MDFS/data/KADID/extracted/kadid10k/images/I52_15_03.png,I52.png,52,15,3,1.8,0.653
I52_15_05.png,/kaggle/working/MDFS/data/KADID/extracted/kadid10k/images/I52_15_05.png,I52.png,52,15,5,1.33,0.471
I52_16_02.png,/kaggle/working/MDFS/data/KADID/extracted/kadid10k/images/I52_16_02.png,I52.png,52,16,2,4.4,0.49
I52_16_04.png,/kaggle/working/MDFS/data/KADID/extracted/kadid10k/images/I52_16_04.png,I52.png,52,16,4,3.1,0.87
I52_17_01.png,/kaggle/working/MDFS/data/KADID/extracted/kadid10k/images/I52_17_01.png,I52.png,52,17,1,4.67,0.471
I52_17_03.png,/kaggle/working/MDFS/data/KADID/extracted/kadid10k/images/I52_17_03.png,I52.png,52,17,3,4.67,0.471
I52_17_05.png,/kaggle/working/MDFS/data/KADID/extracted/kadid10k/images/I52_17_05.png,I52.png,52,17,5,2.5,0.992
I52_18_02.png,/kaggle/working/MDFS/data/KADID/extracted/kadid10k/images/I52_18_02.png,I52.png,52,18,2,4.83,0.373
I52_18_04.png,/kaggle/working/MDFS/data/KADID/extracted/kadid10k/images/I52_18_04.png,I52.png,52,18,4,4.73,0.629
I52_19_01.png,/kaggle/working/MDFS/data/KADID/extracted/kadid10k/images/I52_19_01.png,I52.png,52,19,1,4.5,0.671
I52_19_03.png,/kaggle/working/MDFS/data/KADID/extracted/kadid10k/images/I52_19_03.png,I52.png,52,19,3,2.7,0.936
I52_19_05.png,/kaggle/working/MDFS/data/KADID/extracted/kadid10k/images/I52_19_05.png,I52.png,52,19,5,1.13,0.34
I52_20_02.png,/kaggle/working/MDFS/data/KADID/extracted/kadid10k/images/I52_20_02.png,I52.png,52,20,2,3.67,1.106
I52_20_04.png,/kaggle/working/MDFS/data/KADID/extracted/kadid10k/images/I52_20_04.png,I52.png,52,20,4,3.3,1.242
I52_21_01.png,/kaggle/working/MDFS/data/KADID/extracted/kadid10k/images/I52_21_01.png,I52.png,52,21,1,3.83,0.934
I52_21_03.png,/kaggle/working/MDFS/data/KADID/extracted/kadid10k/images/I52_21_03.png,I52.png,52,21,3,2.6,0.917
I52_21_05.png,/kaggle/working/MDFS/data/KADID/extracted/kadid10k/images/I52_21_05.png,I52.png,52,21,5,1.53,0.562
I52_22_02.png,/kaggle/working/MDFS/data/KADID/extracted/kadid10k/images/I52_22_02.png,I52.png,52,22,2,3.43,0.92
I52_22_04.png,/kaggle/working/MDFS/data/KADID/extracted/kadid10k/images/I52_22_04.png,I52.png,52,22,4,3.37,0.795
I52_23_01.png,/kaggle/working/MDFS/data/KADID/extracted/kadid10k/images/I52_23_01.png,I52.png,52,23,1,2.43,1.146
I52_23_03.png,/kaggle/working/MDFS/data/KADID/extracted/kadid10k/images/I52_23_03.png,I52.png,52,23,3,2.27,0.854
I52_23_05.png,/kaggle/working/MDFS/data/KADID/extracted/kadid10k/images/I52_23_05.png,I52.png,52,23,5,2.2,0.909
I52_24_02.png,/kaggle/working/MDFS/data/KADID/extracted/kadid10k/images/I52_24_02.png,I52.png,52,24,2,2.83,0.778
I52_24_04.png,/kaggle/working/MDFS/data/KADID/extracted/kadid10k/images/I52_24_04.png,I52.png,52,24,4,1.67,0.65
I52_25_01.png,/kaggle/working/MDFS/data/KADID/extracted/kadid10k/images/I52_25_01.png,I52.png,52,25,1,4.03,0.547
I52_25_03.png,/kaggle/working/MDFS/data/KADID/extracted/kadid10k/images/I52_25_03.png,I52.png,52,25,3,4.37,0.605
I52_25_05.png,/kaggle/working/MDFS/data/KADID/extracted/kadid10k/images/I52_25_05.png,I52.png,52,25,5,3.57,0.761
I53_01_02.png,/kaggle/working/MDFS/data/KADID/extracted/kadid10k/images/I53_01_02.png,I53.png,53,1,2,4.63,0.482
I53_01_04.png,/kaggle/working/MDFS/data/KADID/extracted/kadid10k/images/I53_01_04.png,I53.png,53,1,4,2.0,0.577
I53_02_01.png,/kaggle/working/MDFS/data/KADID/extracted/kadid10k/images/I53_02_01.png,I53.png,53,2,1,4.39,0.549
I53_02_03.png,/kaggle/working/MDFS/data/KADID/extracted/kadid10k/images/I53_02_03.png,I53.png,53,2,3,2.07,0.629
I53_02_05.png,/kaggle/working/MDFS/data/KADID/extracted/kadid10k/images/I53_02_05.png,I53.png,53,2,5,1.39,0.487
I53_03_02.png,/kaggle/working/MDFS/data/KADID/extracted/kadid10k/images/I53_03_02.png,I53.png,53,3,2,4.3,0.586
I53_03_04.png,/kaggle/working/MDFS/data/KADID/extracted/kadid10k/images/I53_03_04.png,I53.png,53,3,4,2.53,0.718
I53_04_01.png,/kaggle/working/MDFS/data/KADID/extracted/kadid10k/images/I53_04_01.png,I53.png,53,4,1,4.5,0.5
I53_04_03.png,/kaggle/working/MDFS/data/KADID/extracted/kadid10k/images/I53_04_03.png,I53.png,53,4,3,1.53,0.562
I53_04_05.png,/kaggle/working/MDFS/data/KADID/extracted/kadid10k/images/I53_04_05.png,I53.png,53,4,5,1.06,0.246
I53_05_02.png,/kaggle/working/MDFS/data/KADID/extracted/kadid10k/images/I53_05_02.png,I53.png,53,5,2,2.57,0.989
I53_05_04.png,/kaggle/working/MDFS/data/KADID/extracted/kadid10k/images/I53_05_04.png,I53.png,53,5,4,1.7,0.737
I53_06_01.png,/kaggle/working/MDFS/data/KADID/extracted/kadid10k/images/I53_06_01.png,I53.png,53,6,1,3.9,0.746
I53_06_03.png,/kaggle/working/MDFS/data/KADID/extracted/kadid10k/images/I53_06_03.png,I53.png,53,6,3,3.52,0.798
I53_06_05.png,/kaggle/working/MDFS/data/KADID/extracted/kadid10k/images/I53_06_05.png,I53.png,53,6,5,2.03,0.657
I53_07_02.png,/kaggle/working/MDFS/data/KADID/extracted/kadid10k/images/I53_07_02.png,I53.png,53,7,2,2.63,0.948
I53_07_04.png,/kaggle/working/MDFS/data/KADID/extracted/kadid10k/images/I53_07_04.png,I53.png,53,7,4,2.47,0.991
I53_08_01.png,/kaggle/working/MDFS/data/KADID/extracted/kadid10k/images/I53_08_01.png,I53.png,53,8,1,4.77,0.489
I53_08_03.png,/kaggle/working/MDFS/data/KADID/extracted/kadid10k/images/I53_08_03.png,I53.png,53,8,3,2.43,0.955
I53_08_05.png,/kaggle/working/MDFS/data/KADID/extracted/kadid10k/images/I53_08_05.png,I53.png,53,8,5,1.43,0.559
I53_09_02.png,/kaggle/working/MDFS/data/KADID/extracted/kadid10k/images/I53_09_02.png,I53.png,53,9,2,4.77,0.496
I53_09_04.png,/kaggle/working/MDFS/data/KADID/extracted/kadid10k/images/I53_09_04.png,I53.png,53,9,4,3.6,0.841
I53_10_01.png,/kaggle/working/MDFS/data/KADID/extracted/kadid10k/images/I53_10_01.png,I53.png,53,10,1,4.57,0.616
I53_10_03.png,/kaggle/working/MDFS/data/KADID/extracted/kadid10k/images/I53_10_03.png,I53.png,53,10,3,3.53,0.884
I53_10_05.png,/kaggle/working/MDFS/data/KADID/extracted/kadid10k/images/I53_10_05.png,I53.png,53,10,5,1.27,0.442
I53_11_02.png,/kaggle/working/MDFS/data/KADID/extracted/kadid10k/images/I53_11_02.png,I53.png,53,11,2,2.97,0.752
I53_11_04.png,/kaggle/working/MDFS/data/KADID/extracted/kadid10k/images/I53_11_04.png,I53.png,53,11,4,2.57,0.761
I53_12_01.png,/kaggle/working/MDFS/data/KADID/extracted/kadid10k/images/I53_12_01.png,I53.png,53,12,1,4.37,0.547
I53_12_03.png,/kaggle/working/MDFS/data/KADID/extracted/kadid10k/images/I53_12_03.png,I53.png,53,12,3,2.83,0.778
I53_12_05.png,/kaggle/working/MDFS/data/KADID/extracted/kadid10k/images/I53_12_05.png,I53.png,53,12,5,2.2,0.702
I53_13_02.png,/kaggle/working/MDFS/data/KADID/extracted/kadid10k/images/I53_13_02.png,I53.png,53,13,2,2.47,0.806
I53_13_04.png,/kaggle/working/MDFS/data/KADID/extracted/kadid10k/images/I53_13_04.png,I53.png,53,13,4,2.3,0.781
I53_14_01.png,/kaggle/working/MDFS/data/KADID/extracted/kadid10k/images/I53_14_01.png,I53.png,53,14,1,4.47,0.806
I53_14_03.png,/kaggle/working/MDFS/data/KADID/extracted/kadid10k/images/I53_14_03.png,I53.png,53,14,3,3.07,0.772
I53_14_05.png,/kaggle/working/MDFS/data/KADID/extracted/kadid10k/images/I53_14_05.png,I53.png,53,14,5,1.97,0.706
I53_15_02.png,/kaggle/working/MDFS/data/KADID/extracted/kadid10k/images/I53_15_02.png,I53.png,53,15,2,2.63,0.795
I53_15_04.png,/kaggle/working/MDFS/data/KADID/extracted/kadid10k/images/I53_15_04.png,I53.png,53,15,4,1.57,0.559
I53_16_01.png,/kaggle/working/MDFS/data/KADID/extracted/kadid10k/images/I53_16_01.png,I53.png,53,16,1,4.6,0.554
I53_16_03.png,/kaggle/working/MDFS/data/KADID/extracted/kadid10k/images/I53_16_03.png,I53.png,53,16,3,3.6,0.879
I53_16_05.png,/kaggle/working/MDFS/data/KADID/extracted/kadid10k/images/I53_16_05.png,I53.png,53,16,5,1.73,0.68
I53_17_02.png,/kaggle/working/MDFS/data/KADID/extracted/kadid10k/images/I53_17_02.png,I53.png,53,17,2,4.6,0.49
I53_17_04.png,/kaggle/working/MDFS/data/KADID/extracted/kadid10k/images/I53_17_04.png,I53.png,53,17,4,3.93,0.512
I53_18_01.png,/kaggle/working/MDFS/data/KADID/extracted/kadid10k/images/I53_18_01.png,I53.png,53,18,1,4.2,0.542
I53_18_03.png,/kaggle/working/MDFS/data/KADID/extracted/kadid10k/images/I53_18_03.png,I53.png,53,18,3,4.8,0.6
I53_18_05.png,/kaggle/working/MDFS/data/KADID/extracted/kadid10k/images/I53_18_05.png,I53.png,53,18,5,3.87,0.718
I53_19_02.png,/kaggle/working/MDFS/data/KADID/extracted/kadid10k/images/I53_19_02.png,I53.png,53,19,2,4.27,0.68
I53_19_04.png,/kaggle/working/MDFS/data/KADID/extracted/kadid10k/images/I53_19_04.png,I53.png,53,19,4,1.83,0.778
I53_20_01.png,/kaggle/working/MDFS/data/KADID/extracted/kadid10k/images/I53_20_01.png,I53.png,53,20,1,3.77,0.92
I53_20_03.png,/kaggle/working/MDFS/data/KADID/extracted/kadid10k/images/I53_20_03.png,I53.png,53,20,3,3.47,0.991
I53_20_05.png,/kaggle/working/MDFS/data/KADID/extracted/kadid10k/images/I53_20_05.png,I53.png,53,20,5,2.77,0.92
I53_21_02.png,/kaggle/working/MDFS/data/KADID/extracted/kadid10k/images/I53_21_02.png,I53.png,53,21,2,3.07,0.814
I53_21_04.png,/kaggle/working/MDFS/data/KADID/extracted/kadid10k/images/I53_21_04.png,I53.png,53,21,4,2.9,0.831
I53_22_01.png,/kaggle/working/MDFS/data/KADID/extracted/kadid10k/images/I53_22_01.png,I53.png,53,22,1,3.47,1.118
I53_22_03.png,/kaggle/working/MDFS/data/KADID/extracted/kadid10k/images/I53_22_03.png,I53.png,53,22,3,2.87,1.07
I53_22_05.png,/kaggle/working/MDFS/data/KADID/extracted/kadid10k/images/I53_22_05.png,I53.png,53,22,5,2.47,0.749
I53_23_02.png,/kaggle/working/MDFS/data/KADID/extracted/kadid10k/images/I53_23_02.png,I53.png,53,23,2,2.07,0.814
I53_23_04.png,/kaggle/working/MDFS/data/KADID/extracted/kadid10k/images/I53_23_04.png,I53.png,53,23,4,2.37,0.836
I53_24_01.png,/kaggle/working/MDFS/data/KADID/extracted/kadid10k/images/I53_24_01.png,I53.png,53,24,1,3.93,0.854
I53_24_03.png,/kaggle/working/MDFS/data/KADID/extracted/kadid10k/images/I53_24_03.png,I53.png,53,24,3,2.53,0.846
I53_24_05.png,/kaggle/working/MDFS/data/KADID/extracted/kadid10k/images/I53_24_05.png,I53.png,53,24,5,1.27,0.442
I53_25_02.png,/kaggle/working/MDFS/data/KADID/extracted/kadid10k/images/I53_25_02.png,I53.png,53,25,2,3.97,0.782
I53_25_04.png,/kaggle/working/MDFS/data/KADID/extracted/kadid10k/images/I53_25_04.png,I53.png,53,25,4,4.47,0.562
I54_01_01.png,/kaggle/working/MDFS/data/KADID/extracted/kadid10k/images/I54_01_01.png,I54.png,54,1,1,4.84,0.368
I54_01_03.png,/kaggle/working/MDFS/data/KADID/extracted/kadid10k/images/I54_01_03.png,I54.png,54,1,3,2.53,0.763
I54_01_05.png,/kaggle/working/MDFS/data/KADID/extracted/kadid10k/images/I54_01_05.png,I54.png,54,1,5,1.1,0.3
I54_02_02.png,/kaggle/working/MDFS/data/KADID/extracted/kadid10k/images/I54_02_02.png,I54.png,54,2,2,2.23,0.844
I54_02_04.png,/kaggle/working/MDFS/data/KADID/extracted/kadid10k/images/I54_02_04.png,I54.png,54,2,4,1.2,0.4
I54_03_01.png,/kaggle/working/MDFS/data/KADID/extracted/kadid10k/images/I54_03_01.png,I54.png,54,3,1,4.5,0.5
I54_03_03.png,/kaggle/working/MDFS/data/KADID/extracted/kadid10k/images/I54_03_03.png,I54.png,54,3,3,2.1,0.87
I54_03_05.png,/kaggle/working/MDFS/data/KADID/extracted/kadid10k/images/I54_03_05.png,I54.png,54,3,5,1.43,0.616
I54_04_02.png,/kaggle/working/MDFS/data/KADID/extracted/kadid10k/images/I54_04_02.png,I54.png,54,4,2,3.23,0.989
I54_04_04.png,/kaggle/working/MDFS/data/KADID/extracted/kadid10k/images/I54_04_04.png,I54.png,54,4,4,1.73,0.814
I54_05_01.png,/kaggle/working/MDFS/data/KADID/extracted/kadid10k/images/I54_05_01.png,I54.png,54,5,1,4.37,0.706
I54_05_03.png,/kaggle/working/MDFS/data/KADID/extracted/kadid10k/images/I54_05_03.png,I54.png,54,5,3,1.47,0.562
I54_05_05.png,/kaggle/working/MDFS/data/KADID/extracted/kadid10k/images/I54_05_05.png,I54.png,54,5,5,1.47,0.562
I54_06_02.png,/kaggle/working/MDFS/data/KADID/extracted/kadid10k/images/I54_06_02.png,I54.png,54,6,2,4.1,0.978
I54_06_04.png,/kaggle/working/MDFS/data/KADID/extracted/kadid10k/images/I54_06_04.png,I54.png,54,6,4,2.83,0.898
I54_07_01.png,/kaggle/working/MDFS/data/KADID/extracted/kadid10k/images/I54_07_01.png,I54.png,54,7,1,2.87,0.921
I54_07_03.png,/kaggle/working/MDFS/data/KADID/extracted/kadid10k/images/I54_07_03.png,I54.png,54,7,3,1.94,0.669
I54_07_05.png,/kaggle/working/MDFS/data/KADID/extracted/kadid10k/images/I54_07_05.png,I54.png,54,7,5,1.73,0.727
I54_08_02.png,/kaggle/working/MDFS/data/KADID/extracted/kadid10k/images/I54_08_02.png,I54.png,54,8,2,3.53,0.991
I54_08_04.png,/kaggle/working/MDFS/data/KADID/extracted/kadid10k/images/I54_08_04.png,I54.png,54,8,4,1.6,0.554
I54_09_01.png,/kaggle/working/MDFS/data/KADID/extracted/kadid10k/images/I54_09_01.png,I54.png,54,9,1,4.3,0.823
I54_09_03.png,/kaggle/working/MDFS/data/KADID/extracted/kadid10k/images/I54_09_03.png,I54.png,54,9,3,3.9,0.943
I54_09_05.png,/kaggle/working/MDFS/data/KADID/extracted/kadid10k/images/I54_09_05.png,I54.png,54,9,5,1.17,0.373
I54_10_02.png,/kaggle/working/MDFS/data/KADID/extracted/kadid10k/images/I54_10_02.png,I54.png,54,10,2,4.3,0.586
I54_10_04.png,/kaggle/working/MDFS/data/KADID/extracted/kadid10k/images/I54_10_04.png,I54.png,54,10,4,2.0,0.816
I54_11_01.png,/kaggle/working/MDFS/data/KADID/extracted/kadid10k/images/I54_11_01.png,I54.png,54,11,1,3.43,0.616
I54_11_03.png,/kaggle/working/MDFS/data/KADID/extracted/kadid10k/images/I54_11_03.png,I54.png,54,11,3,2.83,0.898
I54_11_05.png,/kaggle/working/MDFS/data/KADID/extracted/kadid10k/images/I54_11_05.png,I54.png,54,11,5,2.33,0.83
I54_12_02.png,/kaggle/working/MDFS/data/KADID/extracted/kadid10k/images/I54_12_02.png,I54.png,54,12,2,3.37,0.836
I54_12_04.png,/kaggle/working/MDFS/data/KADID/extracted/kadid10k/images/I54_12_04.png,I54.png,54,12,4,2.27,0.727
I54_13_01.png,/kaggle/working/MDFS/data/KADID/extracted/kadid10k/images/I54_13_01.png,I54.png,54,13,1,3.37,0.948
I54_13_03.png,/kaggle/working/MDFS/data/KADID/extracted/kadid10k/images/I54_13_03.png,I54.png,54,13,3,2.5,0.806
I54_13_05.png,/kaggle/working/MDFS/data/KADID/extracted/kadid10k/images/I54_13_05.png,I54.png,54,13,5,1.9,0.597
I54_14_02.png,/kaggle/working/MDFS/data/KADID/extracted/kadid10k/images/I54_14_02.png,I54.png,54,14,2,3.47,0.884
I54_14_04.png,/kaggle/working/MDFS/data/KADID/extracted/kadid10k/images/I54_14_04.png,I54.png,54,14,4,2.6,0.663
I54_15_01.png,/kaggle/working/MDFS/data/KADID/extracted/kadid10k/images/I54_15_01.png,I54.png,54,15,1,3.6,0.879
I54_15_03.png,/kaggle/working/MDFS/data/KADID/extracted/kadid10k/images/I54_15_03.png,I54.png,54,15,3,1.9,0.746
I54_15_05.png,/kaggle/working/MDFS/data/KADID/extracted/kadid10k/images/I54_15_05.png,I54.png,54,15,5,1.27,0.442
I54_16_02.png,/kaggle/working/MDFS/data/KADID/extracted/kadid10k/images/I54_16_02.png,I54.png,54,16,2,4.17,0.687
I54_16_04.png,/kaggle/working/MDFS/data/KADID/extracted/kadid10k/images/I54_16_04.png,I54.png,54,16,4,2.57,0.883
I54_17_01.png,/kaggle/working/MDFS/data/KADID/extracted/kadid10k/images/I54_17_01.png,I54.png,54,17,1,4.6,0.663
I54_17_03.png,/kaggle/working/MDFS/data/KADID/extracted/kadid10k/images/I54_17_03.png,I54.png,54,17,3,4.23,0.496
I54_17_05.png,/kaggle/working/MDFS/data/KADID/extracted/kadid10k/images/I54_17_05.png,I54.png,54,17,5,1.97,0.948
I54_18_02.png,/kaggle/working/MDFS/data/KADID/extracted/kadid10k/images/I54_18_02.png,I54.png,54,18,2,4.53,0.499
I54_18_04.png,/kaggle/working/MDFS/data/KADID/extracted/kadid10k/images/I54_18_04.png,I54.png,54,18,4,4.45,0.559
I54_19_01.png,/kaggle/working/MDFS/data/KADID/extracted/kadid10k/images/I54_19_01.png,I54.png,54,19,1,4.5,0.563
I54_19_03.png,/kaggle/working/MDFS/data/KADID/extracted/kadid10k/images/I54_19_03.png,I54.png,54,19,3,3.33,0.745
I54_19_05.png,/kaggle/working/MDFS/data/KADID/extracted/kadid10k/images/I54_19_05.png,I54.png,54,19,5,1.43,0.559
I54_20_02.png,/kaggle/working/MDFS/data/KADID/extracted/kadid10k/images/I54_20_02.png,I54.png,54,20,2,3.87,1.087
I54_20_04.png,/kaggle/working/MDFS/data/KADID/extracted/kadid10k/images/I54_20_04.png,I54.png,54,20,4,4.07,0.998
I54_21_01.png,/kaggle/working/MDFS/data/KADID/extracted/kadid10k/images/I54_21_01.png,I54.png,54,21,1,4.67,0.537
I54_21_03.png,/kaggle/working/MDFS/data/KADID/extracted/kadid10k/images/I54_21_03.png,I54.png,54,21,3,3.1,1.399
I54_21_05.png,/kaggle/working/MDFS/data/KADID/extracted/kadid10k/images/I54_21_05.png,I54.png,54,21,5,1.63,1.169
I54_22_02.png,/kaggle/working/MDFS/data/KADID/extracted/kadid10k/images/I54_22_02.png,I54.png,54,22,2,2.94,0.914
I54_22_04.png,/kaggle/working/MDFS/data/KADID/extracted/kadid10k/images/I54_22_04.png,I54.png,54,22,4,2.73,1.031
I54_23_01.png,/kaggle/working/MDFS/data/KADID/extracted/kadid10k/images/I54_23_01.png,I54.png,54,23,1,2.7,1.159
I54_23_03.png,/kaggle/working/MDFS/data/KADID/extracted/kadid10k/images/I54_23_03.png,I54.png,54,23,3,2.07,0.892
I54_23_05.png,/kaggle/working/MDFS/data/KADID/extracted/kadid10k/images/I54_23_05.png,I54.png,54,23,5,1.91,0.805
I54_24_02.png,/kaggle/working/MDFS/data/KADID/extracted/kadid10k/images/I54_24_02.png,I54.png,54,24,2,2.1,0.831
I54_24_04.png,/kaggle/working/MDFS/data/KADID/extracted/kadid10k/images/I54_24_04.png,I54.png,54,24,4,1.47,0.718
I54_25_01.png,/kaggle/working/MDFS/data/KADID/extracted/kadid10k/images/I54_25_01.png,I54.png,54,25,1,3.87,0.618
I54_25_03.png,/kaggle/working/MDFS/data/KADID/extracted/kadid10k/images/I54_25_03.png,I54.png,54,25,3,4.27,0.629
I54_25_05.png,/kaggle/working/MDFS/data/KADID/extracted/kadid10k/images/I54_25_05.png,I54.png,54,25,5,3.4,0.8
I55_01_02.png,/kaggle/working/MDFS/data/KADID/extracted/kadid10k/images/I55_01_02.png,I55.png,55,1,2,4.5,0.719
I55_01_04.png,/kaggle/working/MDFS/data/KADID/extracted/kadid10k/images/I55_01_04.png,I55.png,55,1,4,1.8,0.702
I55_02_01.png,/kaggle/working/MDFS/data/KADID/extracted/kadid10k/images/I55_02_01.png,I55.png,55,2,1,3.77,0.716
I55_02_03.png,/kaggle/working/MDFS/data/KADID/extracted/kadid10k/images/I55_02_03.png,I55.png,55,2,3,1.63,0.605
I55_02_05.png,/kaggle/working/MDFS/data/KADID/extracted/kadid10k/images/I55_02_05.png,I55.png,55,2,5,1.23,0.423
I55_03_02.png,/kaggle/working/MDFS/data/KADID/extracted/kadid10k/images/I55_03_02.png,I55.png,55,3,2,4.0,0.894
I55_03_04.png,/kaggle/working/MDFS/data/KADID/extracted/kadid10k/images/I55_03_04.png,I55.png,55,3,4,2.0,0.683
I55_04_01.png,/kaggle/working/MDFS/data/KADID/extracted/kadid10k/images/I55_04_01.png,I55.png,55,4,1,4.61,0.549
I55_04_03.png,/kaggle/working/MDFS/data/KADID/extracted/kadid10k/images/I55_04_03.png,I55.png,55,4,3,2.1,0.777
I55_04_05.png,/kaggle/working/MDFS/data/KADID/extracted/kadid10k/images/I55_04_05.png,I55.png,55,4,5,1.5,0.5
I55_05_02.png,/kaggle/working/MDFS/data/KADID/extracted/kadid10k/images/I55_05_02.png,I55.png,55,5,2,2.33,0.789
I55_05_04.png,/kaggle/working/MDFS/data/KADID/extracted/kadid10k/images/I55_05_04.png,I55.png,55,5,4,1.5,0.5
I55_06_01.png,/kaggle/working/MDFS/data/KADID/extracted/kadid10k/images/I55_06_01.png,I55.png,55,6,1,4.65,0.542
I55_06_03.png,/kaggle/working/MDFS/data/KADID/extracted/kadid10k/images/I55_06_03.png,I55.png,55,6,3,3.87,0.884
I55_06_05.png,/kaggle/working/MDFS/data/KADID/extracted/kadid10k/images/I55_06_05.png,I55.png,55,6,5,2.26,1.077
I55_07_02.png,/kaggle/working/MDFS/data/KADID/extracted/kadid10k/images/I55_07_02.png,I55.png,55,7,2,2.67,0.869
I55_07_04.png,/kaggle/working/MDFS/data/KADID/extracted/kadid10k/images/I55_07_04.png,I55.png,55,7,4,2.57,0.955
I55_08_01.png,/kaggle/working/MDFS/data/KADID/extracted/kadid10k/images/I55_08_01.png,I55.png,55,8,1,4.67,0.471
I55_08_03.png,/kaggle/working/MDFS/data/KADID/extracted/kadid10k/images/I55_08_03.png,I55.png,55,8,3,2.37,0.875
I55_08_05.png,/kaggle/working/MDFS/data/KADID/extracted/kadid10k/images/I55_08_05.png,I55.png,55,8,5,1.87,0.846
I55_09_02.png,/kaggle/working/MDFS/data/KADID/extracted/kadid10k/images/I55_09_02.png,I55.png,55,9,2,3.77,0.883
I55_09_04.png,/kaggle/working/MDFS/data/KADID/extracted/kadid10k/images/I55_09_04.png,I55.png,55,9,4,2.07,0.814
I55_10_01.png,/kaggle/working/MDFS/data/KADID/extracted/kadid10k/images/I55_10_01.png,I55.png,55,10,1,4.23,0.716
I55_10_03.png,/kaggle/working/MDFS/data/KADID/extracted/kadid10k/images/I55_10_03.png,I55.png,55,10,3,4.27,0.573
I55_10_05.png,/kaggle/working/MDFS/data/KADID/extracted/kadid10k/images/I55_10_05.png,I55.png,55,10,5,1.23,0.418
I55_11_02.png,/kaggle/working/MDFS/data/KADID/extracted/kadid10k/images/I55_11_02.png,I55.png,55,11,2,4.2,0.748
I55_11_04.png,/kaggle/working/MDFS/data/KADID/extracted/kadid10k/images/I55_11_04.png,I55.png,55,11,4,3.0,0.966
I55_12_01.png,/kaggle/working/MDFS/data/KADID/extracted/kadid10k/images/I55_12_01.png,I55.png,55,12,1,4.4,0.554
I55_12_03.png,/kaggle/working/MDFS/data/KADID/extracted/kadid10k/images/I55_12_03.png,I55.png,55,12,3,4.3,0.69
I55_12_05.png,/kaggle/working/MDFS/data/KADID/extracted/kadid10k/images/I55_12_05.png,I55.png,55,12,5,2.9,0.79
I55_13_02.png,/kaggle/working/MDFS/data/KADID/extracted/kadid10k/images/I55_13_02.png,I55.png,55,13,2,2.87,0.718
I55_13_04.png,/kaggle/working/MDFS/data/KADID/extracted/kadid10k/images/I55_13_04.png,I55.png,55,13,4,2.37,0.752
I55_14_01.png,/kaggle/working/MDFS/data/KADID/extracted/kadid10k/images/I55_14_01.png,I55.png,55,14,1,4.47,0.806
I55_14_03.png,/kaggle/working/MDFS/data/KADID/extracted/kadid10k/images/I55_14_03.png,I55.png,55,14,3,4.3,0.69
I55_14_05.png,/kaggle/working/MDFS/data/KADID/extracted/kadid10k/images/I55_14_05.png,I55.png,55,14,5,2.73,0.854
I55_15_02.png,/kaggle/working/MDFS/data/KADID/extracted/kadid10k/images/I55_15_02.png,I55.png,55,15,2,2.6,0.611
I55_15_04.png,/kaggle/working/MDFS/data/KADID/extracted/kadid10k/images/I55_15_04.png,I55.png,55,15,4,1.87,0.806
I55_16_01.png,/kaggle/working/MDFS/data/KADID/extracted/kadid10k/images/I55_16_01.png,I55.png,55,16,1,4.57,0.496
I55_16_03.png,/kaggle/working/MDFS/data/KADID/extracted/kadid10k/images/I55_16_03.png,I55.png,55,16,3,3.8,0.748
I55_16_05.png,/kaggle/working/MDFS/data/KADID/extracted/kadid10k/images/I55_16_05.png,I55.png,55,16,5,1.87,0.763
I55_17_02.png,/kaggle/working/MDFS/data/KADID/extracted/kadid10k/images/I55_17_02.png,I55.png,55,17,2,4.43,0.496
I55_17_04.png,/kaggle/working/MDFS/data/KADID/extracted/kadid10k/images/I55_17_04.png,I55.png,55,17,4,3.5,0.806
I55_18_01.png,/kaggle/working/MDFS/data/KADID/extracted/kadid10k/images/I55_18_01.png,I55.png,55,18,1,4.43,0.667
I55_18_03.png,/kaggle/working/MDFS/data/KADID/extracted/kadid10k/images/I55_18_03.png,I55.png,55,18,3,4.53,0.499
I55_18_05.png,/kaggle/working/MDFS/data/KADID/extracted/kadid10k/images/I55_18_05.png,I55.png,55,18,5,3.42,0.943
I55_19_02.png,/kaggle/working/MDFS/data/KADID/extracted/kadid10k/images/I55_19_02.png,I55.png,55,19,2,3.8,0.653
I55_19_04.png,/kaggle/working/MDFS/data/KADID/extracted/kadid10k/images/I55_19_04.png,I55.png,55,19,4,1.68,0.59
I55_20_01.png,/kaggle/working/MDFS/data/KADID/extracted/kadid10k/images/I55_20_01.png,I55.png,55,20,1,4.43,0.92
I55_20_03.png,/kaggle/working/MDFS/data/KADID/extracted/kadid10k/images/I55_20_03.png,I55.png,55,20,3,4.17,1.003
I55_20_05.png,/kaggle/working/MDFS/data/KADID/extracted/kadid10k/images/I55_20_05.png,I55.png,55,20,5,3.43,1.359
I55_21_02.png,/kaggle/working/MDFS/data/KADID/extracted/kadid10k/images/I55_21_02.png,I55.png,55,21,2,2.93,0.929
I55_21_04.png,/kaggle/working/MDFS/data/KADID/extracted/kadid10k/images/I55_21_04.png,I55.png,55,21,4,2.4,0.8
I55_22_01.png,/kaggle/working/MDFS/data/KADID/extracted/kadid10k/images/I55_22_01.png,I55.png,55,22,1,4.6,0.49
I55_22_03.png,/kaggle/working/MDFS/data/KADID/extracted/kadid10k/images/I55_22_03.png,I55.png,55,22,3,4.33,0.869
I55_22_05.png,/kaggle/working/MDFS/data/KADID/extracted/kadid10k/images/I55_22_05.png,I55.png,55,22,5,3.47,1.056
I55_23_02.png,/kaggle/working/MDFS/data/KADID/extracted/kadid10k/images/I55_23_02.png,I55.png,55,23,2,2.4,0.987
I55_23_04.png,/kaggle/working/MDFS/data/KADID/extracted/kadid10k/images/I55_23_04.png,I55.png,55,23,4,1.87,0.718
I55_24_01.png,/kaggle/working/MDFS/data/KADID/extracted/kadid10k/images/I55_24_01.png,I55.png,55,24,1,3.03,1.016
I55_24_03.png,/kaggle/working/MDFS/data/KADID/extracted/kadid10k/images/I55_24_03.png,I55.png,55,24,3,1.73,0.727
I55_24_05.png,/kaggle/working/MDFS/data/KADID/extracted/kadid10k/images/I55_24_05.png,I55.png,55,24,5,1.1,0.3
I55_25_02.png,/kaggle/working/MDFS/data/KADID/extracted/kadid10k/images/I55_25_02.png,I55.png,55,25,2,3.67,0.789
I55_25_04.png,/kaggle/working/MDFS/data/KADID/extracted/kadid10k/images/I55_25_04.png,I55.png,55,25,4,4.3,0.69
I56_01_01.png,/kaggle/working/MDFS/data/KADID/extracted/kadid10k/images/I56_01_01.png,I56.png,56,1,1,4.6,0.712
I56_01_03.png,/kaggle/working/MDFS/data/KADID/extracted/kadid10k/images/I56_01_03.png,I56.png,56,1,3,2.87,0.806
I56_01_05.png,/kaggle/working/MDFS/data/KADID/extracted/kadid10k/images/I56_01_05.png,I56.png,56,1,5,1.2,0.4
I56_02_02.png,/kaggle/working/MDFS/data/KADID/extracted/kadid10k/images/I56_02_02.png,I56.png,56,2,2,2.5,0.847
I56_02_04.png,/kaggle/working/MDFS/data/KADID/extracted/kadid10k/images/I56_02_04.png,I56.png,56,2,4,1.53,0.618
I56_03_01.png,/kaggle/working/MDFS/data/KADID/extracted/kadid10k/images/I56_03_01.png,I56.png,56,3,1,4.63,0.482
I56_03_03.png,/kaggle/working/MDFS/data/KADID/extracted/kadid10k/images/I56_03_03.png,I56.png,56,3,3,2.43,0.844
I56_03_05.png,/kaggle/working/MDFS/data/KADID/extracted/kadid10k/images/I56_03_05.png,I56.png,56,3,5,1.6,0.611
I56_04_02.png,/kaggle/working/MDFS/data/KADID/extracted/kadid10k/images/I56_04_02.png,I56.png,56,4,2,2.4,1.052
I56_04_04.png,/kaggle/working/MDFS/data/KADID/extracted/kadid10k/images/I56_04_04.png,I56.png,56,4,4,1.83,0.969
I56_05_01.png,/kaggle/working/MDFS/data/KADID/extracted/kadid10k/images/I56_05_01.png,I56.png,56,5,1,4.37,0.605
I56_05_03.png,/kaggle/working/MDFS/data/KADID/extracted/kadid10k/images/I56_05_03.png,I56.png,56,5,3,2.07,0.998
I56_05_05.png,/kaggle/working/MDFS/data/KADID/extracted/kadid10k/images/I56_05_05.png,I56.png,56,5,5,2.13,0.846
I56_06_02.png,/kaggle/working/MDFS/data/KADID/extracted/kadid10k/images/I56_06_02.png,I56.png,56,6,2,3.6,0.917
I56_06_04.png,/kaggle/working/MDFS/data/KADID/extracted/kadid10k/images/I56_06_04.png,I56.png,56,6,4,2.57,0.716
I56_07_01.png,/kaggle/working/MDFS/data/KADID/extracted/kadid10k/images/I56_07_01.png,I56.png,56,7,1,2.2,1.046
I56_07_03.png,/kaggle/working/MDFS/data/KADID/extracted/kadid10k/images/I56_07_03.png,I56.png,56,7,3,2.43,1.116
I56_07_05.png,/kaggle/working/MDFS/data/KADID/extracted/kadid10k/images/I56_07_05.png,I56.png,56,7,5,2.37,1.169
I56_08_02.png,/kaggle/working/MDFS/data/KADID/extracted/kadid10k/images/I56_08_02.png,I56.png,56,8,2,2.8,0.98
I56_08_04.png,/kaggle/working/MDFS/data/KADID/extracted/kadid10k/images/I56_08_04.png,I56.png,56,8,4,1.6,0.712
I56_09_01.png,/kaggle/working/MDFS/data/KADID/extracted/kadid10k/images/I56_09_01.png,I56.png,56,9,1,4.4,0.8
I56_09_03.png,/kaggle/working/MDFS/data/KADID/extracted/kadid10k/images/I56_09_03.png,I56.png,56,9,3,4.67,0.471
I56_09_05.png,/kaggle/working/MDFS/data/KADID/extracted/kadid10k/images/I56_09_05.png,I56.png,56,9,5,1.57,0.559
I56_10_02.png,/kaggle/working/MDFS/data/KADID/extracted/kadid10k/images/I56_10_02.png,I56.png,56,10,2,4.13,0.921
I56_10_04.png,/kaggle/working/MDFS/data/KADID/extracted/kadid10k/images/I56_10_04.png,I56.png,56,10,4,1.67,0.596
I56_11_01.png,/kaggle/working/MDFS/data/KADID/extracted/kadid10k/images/I56_11_01.png,I56.png,56,11,1,3.67,0.83
I56_11_03.png,/kaggle/working/MDFS/data/KADID/extracted/kadid10k/images/I56_11_03.png,I56.png,56,11,3,2.8,0.872
I56_11_05.png,/kaggle/working/MDFS/data/KADID/extracted/kadid10k/images/I56_11_05.png,I56.png,56,11,5,2.03,0.407
I56_12_02.png,/kaggle/working/MDFS/data/KADID/extracted/kadid10k/images/I56_12_02.png,I56.png,56,12,2,3.8,0.98
I56_12_04.png,/kaggle/working/MDFS/data/KADID/extracted/kadid10k/images/I56_12_04.png,I56.png,56,12,4,2.67,0.789
I56_13_01.png,/kaggle/working/MDFS/data/KADID/extracted/kadid10k/images/I56_13_01.png,I56.png,56,13,1,3.17,0.86
I56_13_03.png,/kaggle/working/MDFS/data/KADID/extracted/kadid10k/images/I56_13_03.png,I56.png,56,13,3,2.53,0.806
I56_13_05.png,/kaggle/working/MDFS/data/KADID/extracted/kadid10k/images/I56_13_05.png,I56.png,56,13,5,2.27,0.892
I56_14_02.png,/kaggle/working/MDFS/data/KADID/extracted/kadid10k/images/I56_14_02.png,I56.png,56,14,2,3.5,0.992
I56_14_04.png,/kaggle/working/MDFS/data/KADID/extracted/kadid10k/images/I56_14_04.png,I56.png,56,14,4,2.47,0.67
I56_15_01.png,/kaggle/working/MDFS/data/KADID/extracted/kadid10k/images/I56_15_01.png,I56.png,56,15,1,3.77,0.803
I56_15_03.png,/kaggle/working/MDFS/data/KADID/extracted/kadid10k/images/I56_15_03.png,I56.png,56,15,3,1.97,0.875
I56_15_05.png,/kaggle/working/MDFS/data/KADID/extracted/kadid10k/images/I56_15_05.png,I56.png,56,15,5,1.43,0.559
I56_16_02.png,/kaggle/working/MDFS/data/KADID/extracted/kadid10k/images/I56_16_02.png,I56.png,56,16,2,4.35,0.698
I56_16_04.png,/kaggle/working/MDFS/data/KADID/extracted/kadid10k/images/I56_16_04.png,I56.png,56,16,4,3.23,0.883
I56_17_01.png,/kaggle/working/MDFS/data/KADID/extracted/kadid10k/images/I56_17_01.png,I56.png,56,17,1,4.58,0.708
I56_17_03.png,/kaggle/working/MDFS/data/KADID/extracted/kadid10k/images/I56_17_03.png,I56.png,56,17,3,4.07,0.854
I56_17_05.png,/kaggle/working/MDFS/data/KADID/extracted/kadid10k/images/I56_17_05.png,I56.png,56,17,5,1.94,0.84
I56_18_02.png,/kaggle/working/MDFS/data/KADID/extracted/kadid10k/images/I56_18_02.png,I56.png,56,18,2,4.47,0.67
I56_18_04.png,/kaggle/working/MDFS/data/KADID/extracted/kadid10k/images/I56_18_04.png,I56.png,56,18,4,4.3,0.69
I56_19_01.png,/kaggle/working/MDFS/data/KADID/extracted/kadid10k/images/I56_19_01.png,I56.png,56,19,1,4.53,0.562
I56_19_03.png,/kaggle/working/MDFS/data/KADID/extracted/kadid10k/images/I56_19_03.png,I56.png,56,19,3,3.67,0.943
I56_19_05.png,/kaggle/working/MDFS/data/KADID/extracted/kadid10k/images/I56_19_05.png,I56.png,56,19,5,1.53,0.562
I56_20_02.png,/kaggle/working/MDFS/data/KADID/extracted/kadid10k/images/I56_20_02.png,I56.png,56,20,2,3.43,1.023
I56_20_04.png,/kaggle/working/MDFS/data/KADID/extracted/kadid10k/images/I56_20_04.png,I56.png,56,20,4,2.73,1.209
I56_21_01.png,/kaggle/working/MDFS/data/KADID/extracted/kadid10k/images/I56_21_01.png,I56.png,56,21,1,4.03,0.948
I56_21_03.png,/kaggle/working/MDFS/data/KADID/extracted/kadid10k/images/I56_21_03.png,I56.png,56,21,3,2.5,1.088
I56_21_05.png,/kaggle/working/MDFS/data/KADID/extracted/kadid10k/images/I56_21_05.png,I56.png,56,21,5,1.53,0.562
I56_22_02.png,/kaggle/working/MDFS/data/KADID/extracted/kadid10k/images/I56_22_02.png,I56.png,56,22,2,3.97,0.948
I56_22_04.png,/kaggle/working/MDFS/data/KADID/extracted/kadid10k/images/I56_22_04.png,I56.png,56,22,4,2.63,1.016
I56_23_01.png,/kaggle/working/MDFS/data/KADID/extracted/kadid10k/images/I56_23_01.png,I56.png,56,23,1,2.67,1.011
I56_23_03.png,/kaggle/working/MDFS/data/KADID/extracted/kadid10k/images/I56_23_03.png,I56.png,56,23,3,2.1,0.79
I56_23_05.png,/kaggle/working/MDFS/data/KADID/extracted/kadid10k/images/I56_23_05.png,I56.png,56,23,5,2.03,0.706
I56_24_02.png,/kaggle/working/MDFS/data/KADID/extracted/kadid10k/images/I56_24_02.png,I56.png,56,24,2,2.27,0.629
I56_24_04.png,/kaggle/working/MDFS/data/KADID/extracted/kadid10k/images/I56_24_04.png,I56.png,56,24,4,1.43,0.667
I56_25_01.png,/kaggle/working/MDFS/data/KADID/extracted/kadid10k/images/I56_25_01.png,I56.png,56,25,1,3.13,0.806
I56_25_03.png,/kaggle/working/MDFS/data/KADID/extracted/kadid10k/images/I56_25_03.png,I56.png,56,25,3,4.1,0.79
I56_25_05.png,/kaggle/working/MDFS/data/KADID/extracted/kadid10k/images/I56_25_05.png,I56.png,56,25,5,2.7,0.862
I57_01_02.png,/kaggle/working/MDFS/data/KADID/extracted/kadid10k/images/I57_01_02.png,I57.png,57,1,2,3.93,0.854
I57_01_04.png,/kaggle/working/MDFS/data/KADID/extracted/kadid10k/images/I57_01_04.png,I57.png,57,1,4,1.7,0.823
I57_02_01.png,/kaggle/working/MDFS/data/KADID/extracted/kadid10k/images/I57_02_01.png,I57.png,57,2,1,3.1,0.746
I57_02_03.png,/kaggle/working/MDFS/data/KADID/extracted/kadid10k/images/I57_02_03.png,I57.png,57,2,3,1.27,0.442
I57_02_05.png,/kaggle/working/MDFS/data/KADID/extracted/kadid10k/images/I57_02_05.png,I57.png,57,2,5,1.26,0.438
I57_03_02.png,/kaggle/working/MDFS/data/KADID/extracted/kadid10k/images/I57_03_02.png,I57.png,57,3,2,3.8,0.833
I57_03_04.png,/kaggle/working/MDFS/data/KADID/extracted/kadid10k/images/I57_03_04.png,I57.png,57,3,4,1.87,0.427
I57_04_01.png,/kaggle/working/MDFS/data/KADID/extracted/kadid10k/images/I57_04_01.png,I57.png,57,4,1,3.9,0.746
I57_04_03.png,/kaggle/working/MDFS/data/KADID/extracted/kadid10k/images/I57_04_03.png,I57.png,57,4,3,1.87,0.763
I57_04_05.png,/kaggle/working/MDFS/data/KADID/extracted/kadid10k/images/I57_04_05.png,I57.png,57,4,5,1.37,0.605
I57_05_02.png,/kaggle/working/MDFS/data/KADID/extracted/kadid10k/images/I57_05_02.png,I57.png,57,5,2,1.77,0.716
I57_05_04.png,/kaggle/working/MDFS/data/KADID/extracted/kadid10k/images/I57_05_04.png,I57.png,57,5,4,1.43,0.844
I57_06_01.png,/kaggle/working/MDFS/data/KADID/extracted/kadid10k/images/I57_06_01.png,I57.png,57,6,1,3.73,0.772
I57_06_03.png,/kaggle/working/MDFS/data/KADID/extracted/kadid10k/images/I57_06_03.png,I57.png,57,6,3,3.67,0.789
I57_06_05.png,/kaggle/working/MDFS/data/KADID/extracted/kadid10k/images/I57_06_05.png,I57.png,57,6,5,1.47,0.618
I57_07_02.png,/kaggle/working/MDFS/data/KADID/extracted/kadid10k/images/I57_07_02.png,I57.png,57,7,2,2.1,0.978
I57_07_04.png,/kaggle/working/MDFS/data/KADID/extracted/kadid10k/images/I57_07_04.png,I57.png,57,7,4,2.47,1.231
I57_08_01.png,/kaggle/working/MDFS/data/KADID/extracted/kadid10k/images/I57_08_01.png,I57.png,57,8,1,4.43,0.803
I57_08_03.png,/kaggle/working/MDFS/data/KADID/extracted/kadid10k/images/I57_08_03.png,I57.png,57,8,3,2.0,0.683
I57_08_05.png,/kaggle/working/MDFS/data/KADID/extracted/kadid10k/images/I57_08_05.png,I57.png,57,8,5,1.17,0.373
I57_09_02.png,/kaggle/working/MDFS/data/KADID/extracted/kadid10k/images/I57_09_02.png,I57.png,57,9,2,3.6,0.952
I57_09_04.png,/kaggle/working/MDFS/data/KADID/extracted/kadid10k/images/I57_09_04.png,I57.png,57,9,4,2.23,0.716
I57_10_01.png,/kaggle/working/MDFS/data/KADID/extracted/kadid10k/images/I57_10_01.png,I57.png,57,10,1,4.23,0.616
I57_10_03.png,/kaggle/working/MDFS/data/KADID/extracted/kadid10k/images/I57_10_03.png,I57.png,57,10,3,3.83,0.969
I57_10_05.png,/kaggle/working/MDFS/data/KADID/extracted/kadid10k/images/I57_10_05.png,I57.png,57,10,5,1.37,0.482
I57_11_02.png,/kaggle/working/MDFS/data/KADID/extracted/kadid10k/images/I57_11_02.png,I57.png,57,11,2,4.17,1.003
I57_11_04.png,/kaggle/working/MDFS/data/KADID/extracted/kadid10k/images/I57_11_04.png,I57.png,57,11,4,2.93,1.153
I57_12_01.png,/kaggle/working/MDFS/data/KADID/extracted/kadid10k/images/I57_12_01.png,I57.png,57,12,1,4.5,0.671
I57_12_03.png,/kaggle/working/MDFS/data/KADID/extracted/kadid10k/images/I57_12_03.png,I57.png,57,12,3,3.73,0.964
I57_12_05.png,/kaggle/working/MDFS/data/KADID/extracted/kadid10k/images/I57_12_05.png,I57.png,57,12,5,2.47,0.718
I57_13_02.png,/kaggle/working/MDFS/data/KADID/extracted/kadid10k/images/I57_13_02.png,I57.png,57,13,2,3.53,0.991
I57_13_04.png,/kaggle/working/MDFS/data/KADID/extracted/kadid10k/images/I57_13_04.png,I57.png,57,13,4,2.37,0.752
I57_14_01.png,/kaggle/working/MDFS/data/KADID/extracted/kadid10k/images/I57_14_01.png,I57.png,57,14,1,4.43,0.559
I57_14_03.png,/kaggle/working/MDFS/data/KADID/extracted/kadid10k/images/I57_14_03.png,I57.png,57,14,3,3.23,0.92
I57_14_05.png,/kaggle/working/MDFS/data/KADID/extracted/kadid10k/images/I57_14_05.png,I57.png,57,14,5,1.9,0.651
I57_15_02.png,/kaggle/working/MDFS/data/KADID/extracted/kadid10k/images/I57_15_02.png,I57.png,57,15,2,3.23,0.883
I57_15_04.png,/kaggle/working/MDFS/data/KADID/extracted/kadid10k/images/I57_15_04.png,I57.png,57,15,4,1.67,0.65
I57_16_01.png,/kaggle/working/MDFS/data/KADID/extracted/kadid10k/images/I57_16_01.png,I57.png,57,16,1,4.32,0.642
I57_16_03.png,/kaggle/working/MDFS/data/KADID/extracted/kadid10k/images/I57_16_03.png,I57.png,57,16,3,3.0,0.856
I57_16_05.png,/kaggle/working/MDFS/data/KADID/extracted/kadid10k/images/I57_16_05.png,I57.png,57,16,5,1.33,0.596
I57_17_02.png,/kaggle/working/MDFS/data/KADID/extracted/kadid10k/images/I57_17_02.png,I57.png,57,17,2,4.47,0.562
I57_17_04.png,/kaggle/working/MDFS/data/KADID/extracted/kadid10k/images/I57_17_04.png,I57.png,57,17,4,3.47,0.806
I57_18_01.png,/kaggle/working/MDFS/data/KADID/extracted/kadid10k/images/I57_18_01.png,I57.png,57,18,1,3.77,0.803
I57_18_03.png,/kaggle/working/MDFS/data/KADID/extracted/kadid10k/images/I57_18_03.png,I57.png,57,18,3,4.43,0.559
I57_18_05.png,/kaggle/working/MDFS/data/KADID/extracted/kadid10k/images/I57_18_05.png,I57.png,57,18,5,3.9,0.831
I57_19_02.png,/kaggle/working/MDFS/data/KADID/extracted/kadid10k/images/I57_19_02.png,I57.png,57,19,2,3.8,0.702
I57_19_04.png,/kaggle/working/MDFS/data/KADID/extracted/kadid10k/images/I57_19_04.png,I57.png,57,19,4,1.63,0.605
I57_20_01.png,/kaggle/working/MDFS/data/KADID/extracted/kadid10k/images/I57_20_01.png,I57.png,57,20,1,4.33,0.699
I57_20_03.png,/kaggle/working/MDFS/data/KADID/extracted/kadid10k/images/I57_20_03.png,I57.png,57,20,3,3.9,1.058
I57_20_05.png,/kaggle/working/MDFS/data/KADID/extracted/kadid10k/images/I57_20_05.png,I57.png,57,20,5,4.0,0.931
I57_21_02.png,/kaggle/working/MDFS/data/KADID/extracted/kadid10k/images/I57_21_02.png,I57.png,57,21,2,2.67,0.907
I57_21_04.png,/kaggle/working/MDFS/data/KADID/extracted/kadid10k/images/I57_21_04.png,I57.png,57,21,4,2.57,0.989
I57_22_01.png,/kaggle/working/MDFS/data/KADID/extracted/kadid10k/images/I57_22_01.png,I57.png,57,22,1,4.47,0.562
I57_22_03.png,/kaggle/working/MDFS/data/KADID/extracted/kadid10k/images/I57_22_03.png,I57.png,57,22,3,4.17,0.687
I57_22_05.png,/kaggle/working/MDFS/data/KADID/extracted/kadid10k/images/I57_22_05.png,I57.png,57,22,5,3.97,0.706
I57_23_02.png,/kaggle/working/MDFS/data/KADID/extracted/kadid10k/images/I57_23_02.png,I57.png,57,23,2,2.37,0.836
I57_23_04.png,/kaggle/working/MDFS/data/KADID/extracted/kadid10k/images/I57_23_04.png,I57.png,57,23,4,2.0,0.894
I57_24_01.png,/kaggle/working/MDFS/data/KADID/extracted/kadid10k/images/I57_24_01.png,I57.png,57,24,1,2.67,1.043
I57_24_03.png,/kaggle/working/MDFS/data/KADID/extracted/kadid10k/images/I57_24_03.png,I57.png,57,24,3,1.43,0.559
I57_24_05.png,/kaggle/working/MDFS/data/KADID/extracted/kadid10k/images/I57_24_05.png,I57.png,57,24,5,1.1,0.3
I57_25_02.png,/kaggle/working/MDFS/data/KADID/extracted/kadid10k/images/I57_25_02.png,I57.png,57,25,2,3.57,0.616
I57_25_04.png,/kaggle/working/MDFS/data/KADID/extracted/kadid10k/images/I57_25_04.png,I57.png,57,25,4,3.83,0.86
I58_01_01.png,/kaggle/working/MDFS/data/KADID/extracted/kadid10k/images/I58_01_01.png,I58.png,58,1,1,4.73,0.512
I58_01_03.png,/kaggle/working/MDFS/data/KADID/extracted/kadid10k/images/I58_01_03.png,I58.png,58,1,3,3.9,0.597
I58_01_05.png,/kaggle/working/MDFS/data/KADID/extracted/kadid10k/images/I58_01_05.png,I58.png,58,1,5,1.53,0.618
I58_02_02.png,/kaggle/working/MDFS/data/KADID/extracted/kadid10k/images/I58_02_02.png,I58.png,58,2,2,3.6,0.8
I58_02_04.png,/kaggle/working/MDFS/data/KADID/extracted/kadid10k/images/I58_02_04.png,I58.png,58,2,4,1.97,0.795
I58_03_01.png,/kaggle/working/MDFS/data/KADID/extracted/kadid10k/images/I58_03_01.png,I58.png,58,3,1,4.57,0.559
I58_03_03.png,/kaggle/working/MDFS/data/KADID/extracted/kadid10k/images/I58_03_03.png,I58.png,58,3,3,3.4,0.952
I58_03_05.png,/kaggle/working/MDFS/data/KADID/extracted/kadid10k/images/I58_03_05.png,I58.png,58,3,5,2.27,0.727
I58_04_02.png,/kaggle/working/MDFS/data/KADID/extracted/kadid10k/images/I58_04_02.png,I58.png,58,4,2,2.5,0.957
I58_04_04.png,/kaggle/working/MDFS/data/KADID/extracted/kadid10k/images/I58_04_04.png,I58.png,58,4,4,1.07,0.249
I58_05_01.png,/kaggle/working/MDFS/data/KADID/extracted/kadid10k/images/I58_05_01.png,I58.png,58,5,1,4.63,0.605
I58_05_03.png,/kaggle/working/MDFS/data/KADID/extracted/kadid10k/images/I58_05_03.png,I58.png,58,5,3,2.43,0.92
I58_05_05.png,/kaggle/working/MDFS/data/KADID/extracted/kadid10k/images/I58_05_05.png,I58.png,58,5,5,3.4,1.02
I58_06_02.png,/kaggle/working/MDFS/data/KADID/extracted/kadid10k/images/I58_06_02.png,I58.png,58,6,2,4.2,0.872
I58_06_04.png,/kaggle/working/MDFS/data/KADID/extracted/kadid10k/images/I58_06_04.png,I58.png,58,6,4,2.6,0.712
I58_07_01.png,/kaggle/working/MDFS/data/KADID/extracted/kadid10k/images/I58_07_01.png,I58.png,58,7,1,2.4,0.952
I58_07_03.png,/kaggle/working/MDFS/data/KADID/extracted/kadid10k/images/I58_07_03.png,I58.png,58,7,3,2.2,1.077
I58_07_05.png,/kaggle/working/MDFS/data/KADID/extracted/kadid10k/images/I58_07_05.png,I58.png,58,7,5,2.27,0.998
I58_08_02.png,/kaggle/working/MDFS/data/KADID/extracted/kadid10k/images/I58_08_02.png,I58.png,58,8,2,4.03,0.752
I58_08_04.png,/kaggle/working/MDFS/data/KADID/extracted/kadid10k/images/I58_08_04.png,I58.png,58,8,4,1.67,0.745
I58_09_01.png,/kaggle/working/MDFS/data/KADID/extracted/kadid10k/images/I58_09_01.png,I58.png,58,9,1,4.63,0.482
I58_09_03.png,/kaggle/working/MDFS/data/KADID/extracted/kadid10k/images/I58_09_03.png,I58.png,58,9,3,4.63,0.482
I58_09_05.png,/kaggle/working/MDFS/data/KADID/extracted/kadid10k/images/I58_09_05.png,I58.png,58,9,5,1.8,0.98
I58_10_02.png,/kaggle/working/MDFS/data/KADID/extracted/kadid10k/images/I58_10_02.png,I58.png,58,10,2,4.17,0.86
I58_10_04.png,/kaggle/working/MDFS/data/KADID/extracted/kadid10k/images/I58_10_04.png,I58.png,58,10,4,1.8,0.542
I58_11_01.png,/kaggle/working/MDFS/data/KADID/extracted/kadid10k/images/I58_11_01.png,I58.png,58,11,1,3.77,0.883
I58_11_03.png,/kaggle/working/MDFS/data/KADID/extracted/kadid10k/images/I58_11_03.png,I58.png,58,11,3,2.9,0.79
I58_11_05.png,/kaggle/working/MDFS/data/KADID/extracted/kadid10k/images/I58_11_05.png,I58.png,58,11,5,2.3,0.781
I58_12_02.png,/kaggle/working/MDFS/data/KADID/extracted/kadid10k/images/I58_12_02.png,I58.png,58,12,2,3.43,0.803
I58_12_04.png,/kaggle/working/MDFS/data/KADID/extracted/kadid10k/images/I58_12_04.png,I58.png,58,12,4,2.5,0.619
I58_13_01.png,/kaggle/working/MDFS/data/KADID/extracted/kadid10k/images/I58_13_01.png,I58.png,58,13,1,3.1,0.7
I58_13_03.png,/kaggle/working/MDFS/data/KADID/extracted/kadid10k/images/I58_13_03.png,I58.png,58,13,3,2.6,0.663
I58_13_05.png,/kaggle/working/MDFS/data/KADID/extracted/kadid10k/images/I58_13_05.png,I58.png,58,13,5,1.83,0.637
I58_14_02.png,/kaggle/working/MDFS/data/KADID/extracted/kadid10k/images/I58_14_02.png,I58.png,58,14,2,3.53,1.056
I58_14_04.png,/kaggle/working/MDFS/data/KADID/extracted/kadid10k/images/I58_14_04.png,I58.png,58,14,4,2.8,0.748
I58_15_01.png,/kaggle/working/MDFS/data/KADID/extracted/kadid10k/images/I58_15_01.png,I58.png,58,15,1,3.77,0.844
I58_15_03.png,/kaggle/working/MDFS/data/KADID/extracted/kadid10k/images/I58_15_03.png,I58.png,58,15,3,2.4,0.712
I58_15_05.png,/kaggle/working/MDFS/data/KADID/extracted/kadid10k/images/I58_15_05.png,I58.png,58,15,5,1.47,0.562
I58_16_02.png,/kaggle/working/MDFS/data/KADID/extracted/kadid10k/images/I58_16_02.png,I58.png,58,16,2,4.57,0.559
I58_16_04.png,/kaggle/working/MDFS/data/KADID/extracted/kadid10k/images/I58_16_04.png,I58.png,58,16,4,3.5,0.847
I58_17_01.png,/kaggle/working/MDFS/data/KADID/extracted/kadid10k/images/I58_17_01.png,I58.png,58,17,1,4.77,0.423
I58_17_03.png,/kaggle/working/MDFS/data/KADID/extracted/kadid10k/images/I58_17_03.png,I58.png,58,17,3,4.03,0.706
I58_17_05.png,/kaggle/working/MDFS/data/KADID/extracted/kadid10k/images/I58_17_05.png,I58.png,58,17,5,2.17,1.035
I58_18_02.png,/kaggle/working/MDFS/data/KADID/extracted/kadid10k/images/I58_18_02.png,I58.png,58,18,2,4.77,0.423
I58_18_04.png,/kaggle/working/MDFS/data/KADID/extracted/kadid10k/images/I58_18_04.png,I58.png,58,18,4,4.27,0.68
I58_19_01.png,/kaggle/working/MDFS/data/KADID/extracted/kadid10k/images/I58_19_01.png,I58.png,58,19,1,4.43,0.496
I58_19_03.png,/kaggle/working/MDFS/data/KADID/extracted/kadid10k/images/I58_19_03.png,I58.png,58,19,3,3.4,0.757
I58_19_05.png,/kaggle/working/MDFS/data/KADID/extracted/kadid10k/images/I58_19_05.png,I58.png,58,19,5,1.67,0.537
I58_20_02.png,/kaggle/working/MDFS/data/KADID/extracted/kadid10k/images/I58_20_02.png,I58.png,58,20,2,4.5,0.847
I58_20_04.png,/kaggle/working/MDFS/data/KADID/extracted/kadid10k/images/I58_20_04.png,I58.png,58,20,4,3.23,1.086
I58_21_01.png,/kaggle/working/MDFS/data/KADID/extracted/kadid10k/images/I58_21_01.png,I58.png,58,21,1,4.23,0.705
I58_21_03.png,/kaggle/working/MDFS/data/KADID/extracted/kadid10k/images/I58_21_03.png,I58.png,58,21,3,3.33,0.83
I58_21_05.png,/kaggle/working/MDFS/data/KADID/extracted/kadid10k/images/I58_21_05.png,I58.png,58,21,5,1.97,0.706
I58_22_02.png,/kaggle/working/MDFS/data/KADID/extracted/kadid10k/images/I58_22_02.png,I58.png,58,22,2,2.1,0.943
I58_22_04.png,/kaggle/working/MDFS/data/KADID/extracted/kadid10k/images/I58_22_04.png,I58.png,58,22,4,2.03,0.836
I58_23_01.png,/kaggle/working/MDFS/data/KADID/extracted/kadid10k/images/I58_23_01.png,I58.png,58,23,1,2.9,0.978
I58_23_03.png,/kaggle/working/MDFS/data/KADID/extracted/kadid10k/images/I58_23_03.png,I58.png,58,23,3,2.33,0.869
I58_23_05.png,/kaggle/working/MDFS/data/KADID/extracted/kadid10k/images/I58_23_05.png,I58.png,58,23,5,1.97,0.657
I58_24_02.png,/kaggle/working/MDFS/data/KADID/extracted/kadid10k/images/I58_24_02.png,I58.png,58,24,2,3.57,0.883
I58_24_04.png,/kaggle/working/MDFS/data/KADID/extracted/kadid10k/images/I58_24_04.png,I58.png,58,24,4,2.17,0.734
I58_25_01.png,/kaggle/working/MDFS/data/KADID/extracted/kadid10k/images/I58_25_01.png,I58.png,58,25,1,3.5,0.957
I58_25_03.png,/kaggle/working/MDFS/data/KADID/extracted/kadid10k/images/I58_25_03.png,I58.png,58,25,3,4.45,0.559
I58_25_05.png,/kaggle/working/MDFS/data/KADID/extracted/kadid10k/images/I58_25_05.png,I58.png,58,25,5,3.53,0.921
I59_01_02.png,/kaggle/working/MDFS/data/KADID/extracted/kadid10k/images/I59_01_02.png,I59.png,59,1,2,4.3,0.526
I59_01_04.png,/kaggle/working/MDFS/data/KADID/extracted/kadid10k/images/I59_01_04.png,I59.png,59,1,4,1.8,0.653
I59_02_01.png,/kaggle/working/MDFS/data/KADID/extracted/kadid10k/images/I59_02_01.png,I59.png,59,2,1,4.37,0.482
I59_02_03.png,/kaggle/working/MDFS/data/KADID/extracted/kadid10k/images/I59_02_03.png,I59.png,59,2,3,1.73,0.68
I59_02_05.png,/kaggle/working/MDFS/data/KADID/extracted/kadid10k/images/I59_02_05.png,I59.png,59,2,5,1.2,0.4
I59_03_02.png,/kaggle/working/MDFS/data/KADID/extracted/kadid10k/images/I59_03_02.png,I59.png,59,3,2,4.27,0.512
I59_03_04.png,/kaggle/working/MDFS/data/KADID/extracted/kadid10k/images/I59_03_04.png,I59.png,59,3,4,2.3,0.823
I59_04_01.png,/kaggle/working/MDFS/data/KADID/extracted/kadid10k/images/I59_04_01.png,I59.png,59,4,1,4.6,0.49
I59_04_03.png,/kaggle/working/MDFS/data/KADID/extracted/kadid10k/images/I59_04_03.png,I59.png,59,4,3,2.33,0.943
I59_04_05.png,/kaggle/working/MDFS/data/KADID/extracted/kadid10k/images/I59_04_05.png,I59.png,59,4,5,2.07,0.772
I59_05_02.png,/kaggle/working/MDFS/data/KADID/extracted/kadid10k/images/I59_05_02.png,I59.png,59,5,2,2.6,0.879
I59_05_04.png,/kaggle/working/MDFS/data/KADID/extracted/kadid10k/images/I59_05_04.png,I59.png,59,5,4,1.27,0.442
I59_06_01.png,/kaggle/working/MDFS/data/KADID/extracted/kadid10k/images/I59_06_01.png,I59.png,59,6,1,4.27,0.814
I59_06_03.png,/kaggle/working/MDFS/data/KADID/extracted/kadid10k/images/I59_06_03.png,I59.png,59,6,3,3.87,0.921
I59_06_05.png,/kaggle/working/MDFS/data/KADID/extracted/kadid10k/images/I59_06_05.png,I59.png,59,6,5,2.83,1.098
I59_07_02.png,/kaggle/working/MDFS/data/KADID/extracted/kadid10k/images/I59_07_02.png,I59.png,59,7,2,2.4,0.917
I59_07_04.png,/kaggle/working/MDFS/data/KADID/extracted/kadid10k/images/I59_07_04.png,I59.png,59,7,4,2.52,1.158
I59_08_01.png,/kaggle/working/MDFS/data/KADID/extracted/kadid10k/images/I59_08_01.png,I59.png,59,8,1,4.7,0.458
I59_08_03.png,/kaggle/working/MDFS/data/KADID/extracted/kadid10k/images/I59_08_03.png,I59.png,59,8,3,2.87,1.204
I59_08_05.png,/kaggle/working/MDFS/data/KADID/extracted/kadid10k/images/I59_08_05.png,I59.png,59,8,5,1.87,0.884
I59_09_02.png,/kaggle/working/MDFS/data/KADID/extracted/kadid10k/images/I59_09_02.png,I59.png,59,9,2,4.6,0.49
I59_09_04.png,/kaggle/working/MDFS/data/KADID/extracted/kadid10k/images/I59_09_04.png,I59.png,59,9,4,3.1,1.075
I59_10_01.png,/kaggle/working/MDFS/data/KADID/extracted/kadid10k/images/I59_10_01.png,I59.png,59,10,1,4.77,0.418
I59_10_03.png,/kaggle/working/MDFS/data/KADID/extracted/kadid10k/images/I59_10_03.png,I59.png,59,10,3,4.5,0.671
I59_10_05.png,/kaggle/working/MDFS/data/KADID/extracted/kadid10k/images/I59_10_05.png,I59.png,59,10,5,1.47,0.562
I59_11_02.png,/kaggle/working/MDFS/data/KADID/extracted/kadid10k/images/I59_11_02.png,I59.png,59,11,2,3.77,0.92
I59_11_04.png,/kaggle/working/MDFS/data/KADID/extracted/kadid10k/images/I59_11_04.png,I59.png,59,11,4,3.0,0.931
I59_12_01.png,/kaggle/working/MDFS/data/KADID/extracted/kadid10k/images/I59_12_01.png,I59.png,59,12,1,4.5,0.5
I59_12_03.png,/kaggle/working/MDFS/data/KADID/extracted/kadid10k/images/I59_12_03.png,I59.png,59,12,3,3.6,0.841
I59_12_05.png,/kaggle/working/MDFS/data/KADID/extracted/kadid10k/images/I59_12_05.png,I59.png,59,12,5,2.6,0.712
I59_13_02.png,/kaggle/working/MDFS/data/KADID/extracted/kadid10k/images/I59_13_02.png,I59.png,59,13,2,3.2,1.013
I59_13_04.png,/kaggle/working/MDFS/data/KADID/extracted/kadid10k/images/I59_13_04.png,I59.png,59,13,4,2.33,0.869
I59_14_01.png,/kaggle/working/MDFS/data/KADID/extracted/kadid10k/images/I59_14_01.png,I59.png,59,14,1,4.87,0.34
I59_14_03.png,/kaggle/working/MDFS/data/KADID/extracted/kadid10k/images/I59_14_03.png,I59.png,59,14,3,3.03,0.752
I59_14_05.png,/kaggle/working/MDFS/data/KADID/extracted/kadid10k/images/I59_14_05.png,I59.png,59,14,5,2.23,0.716
I59_15_02.png,/kaggle/working/MDFS/data/KADID/extracted/kadid10k/images/I59_15_02.png,I59.png,59,15,2,3.03,0.87
I59_15_04.png,/kaggle/working/MDFS/data/KADID/extracted/kadid10k/images/I59_15_04.png,I59.png,59,15,4,1.8,0.476
I59_16_01.png,/kaggle/working/MDFS/data/KADID/extracted/kadid10k/images/I59_16_01.png,I59.png,59,16,1,4.73,0.442
I59_16_03.png,/kaggle/working/MDFS/data/KADID/extracted/kadid10k/images/I59_16_03.png,I59.png,59,16,3,3.83,0.687
I59_16_05.png,/kaggle/working/MDFS/data/KADID/extracted/kadid10k/images/I59_16_05.png,I59.png,59,16,5,1.53,0.763
I59_17_02.png,/kaggle/working/MDFS/data/KADID/extracted/kadid10k/images/I59_17_02.png,I59.png,59,17,2,4.39,0.83
I59_17_04.png,/kaggle/working/MDFS/data/KADID/extracted/kadid10k/images/I59_17_04.png,I59.png,59,17,4,3.7,0.69
I59_18_01.png,/kaggle/working/MDFS/data/KADID/extracted/kadid10k/images/I59_18_01.png,I59.png,59,18,1,4.43,0.667
I59_18_03.png,/kaggle/working/MDFS/data/KADID/extracted/kadid10k/images/I59_18_03.png,I59.png,59,18,3,4.67,0.65
I59_18_05.png,/kaggle/working/MDFS/data/KADID/extracted/kadid10k/images/I59_18_05.png,I59.png,59,18,5,3.93,0.629
I59_19_02.png,/kaggle/working/MDFS/data/KADID/extracted/kadid10k/images/I59_19_02.png,I59.png,59,19,2,4.27,0.573
I59_19_04.png,/kaggle/working/MDFS/data/KADID/extracted/kadid10k/images/I59_19_04.png,I59.png,59,19,4,2.0,0.73
I59_20_01.png,/kaggle/working/MDFS/data/KADID/extracted/kadid10k/images/I59_20_01.png,I59.png,59,20,1,4.47,0.67
I59_20_03.png,/kaggle/working/MDFS/data/KADID/extracted/kadid10k/images/I59_20_03.png,I59.png,59,20,3,4.07,1.031
I59_20_05.png,/kaggle/working/MDFS/data/KADID/extracted/kadid10k/images/I59_20_05.png,I59.png,59,20,5,3.6,1.143
I59_21_02.png,/kaggle/working/MDFS/data/KADID/extracted/kadid10k/images/I59_21_02.png,I59.png,59,21,2,3.67,1.075
I59_21_04.png,/kaggle/working/MDFS/data/KADID/extracted/kadid10k/images/I59_21_04.png,I59.png,59,21,4,3.1,0.907
I59_22_01.png,/kaggle/working/MDFS/data/KADID/extracted/kadid10k/images/I59_22_01.png,I59.png,59,22,1,4.4,0.554
I59_22_03.png,/kaggle/working/MDFS/data/KADID/extracted/kadid10k/images/I59_22_03.png,I59.png,59,22,3,3.7,0.781
I59_22_05.png,/kaggle/working/MDFS/data/KADID/extracted/kadid10k/images/I59_22_05.png,I59.png,59,22,5,3.4,1.052
I59_23_02.png,/kaggle/working/MDFS/data/KADID/extracted/kadid10k/images/I59_23_02.png,I59.png,59,23,2,2.47,0.846
I59_23_04.png,/kaggle/working/MDFS/data/KADID/extracted/kadid10k/images/I59_23_04.png,I59.png,59,23,4,2.4,0.917
I59_24_01.png,/kaggle/working/MDFS/data/KADID/extracted/kadid10k/images/I59_24_01.png,I59.png,59,24,1,3.93,0.512
I59_24_03.png,/kaggle/working/MDFS/data/KADID/extracted/kadid10k/images/I59_24_03.png,I59.png,59,24,3,2.4,0.712
I59_24_05.png,/kaggle/working/MDFS/data/KADID/extracted/kadid10k/images/I59_24_05.png,I59.png,59,24,5,1.4,0.49
I59_25_02.png,/kaggle/working/MDFS/data/KADID/extracted/kadid10k/images/I59_25_02.png,I59.png,59,25,2,3.87,0.67
I59_25_04.png,/kaggle/working/MDFS/data/KADID/extracted/kadid10k/images/I59_25_04.png,I59.png,59,25,4,4.1,0.597
I60_01_01.png,/kaggle/working/MDFS/data/KADID/extracted/kadid10k/images/I60_01_01.png,I60.png,60,1,1,4.47,0.499
I60_01_03.png,/kaggle/working/MDFS/data/KADID/extracted/kadid10k/images/I60_01_03.png,I60.png,60,1,3,3.33,0.869
I60_01_05.png,/kaggle/working/MDFS/data/KADID/extracted/kadid10k/images/I60_01_05.png,I60.png,60,1,5,1.57,0.496
I60_02_02.png,/kaggle/working/MDFS/data/KADID/extracted/kadid10k/images/I60_02_02.png,I60.png,60,2,2,3.03,0.912
I60_02_04.png,/kaggle/working/MDFS/data/KADID/extracted/kadid10k/images/I60_02_04.png,I60.png,60,2,4,1.23,0.423
I60_03_01.png,/kaggle/working/MDFS/data/KADID/extracted/kadid10k/images/I60_03_01.png,I60.png,60,3,1,4.63,0.482
I60_03_03.png,/kaggle/working/MDFS/data/KADID/extracted/kadid10k/images/I60_03_03.png,I60.png,60,3,3,3.13,0.806
I60_03_05.png,/kaggle/working/MDFS/data/KADID/extracted/kadid10k/images/I60_03_05.png,I60.png,60,3,5,1.97,0.605
I60_04_02.png,/kaggle/working/MDFS/data/KADID/extracted/kadid10k/images/I60_04_02.png,I60.png,60,4,2,1.97,0.706
I60_04_04.png,/kaggle/working/MDFS/data/KADID/extracted/kadid10k/images/I60_04_04.png,I60.png,60,4,4,1.2,0.4
I60_05_01.png,/kaggle/working/MDFS/data/KADID/extracted/kadid10k/images/I60_05_01.png,I60.png,60,5,1,4.7,0.526
I60_05_03.png,/kaggle/working/MDFS/data/KADID/extracted/kadid10k/images/I60_05_03.png,I60.png,60,5,3,2.3,1.038
I60_05_05.png,/kaggle/working/MDFS/data/KADID/extracted/kadid10k/images/I60_05_05.png,I60.png,60,5,5,2.67,0.943
I60_06_02.png,/kaggle/working/MDFS/data/KADID/extracted/kadid10k/images/I60_06_02.png,I60.png,60,6,2,3.9,0.978
I60_06_04.png,/kaggle/working/MDFS/data/KADID/extracted/kadid10k/images/I60_06_04.png,I60.png,60,6,4,3.1,0.978
I60_07_01.png,/kaggle/working/MDFS/data/KADID/extracted/kadid10k/images/I60_07_01.png,I60.png,60,7,1,2.8,1.108
I60_07_03.png,/kaggle/working/MDFS/data/KADID/extracted/kadid10k/images/I60_07_03.png,I60.png,60,7,3,1.87,0.846
I60_07_05.png,/kaggle/working/MDFS/data/KADID/extracted/kadid10k/images/I60_07_05.png,I60.png,60,7,5,1.8,0.792
I60_08_02.png,/kaggle/working/MDFS/data/KADID/extracted/kadid10k/images/I60_08_02.png,I60.png,60,8,2,3.03,0.875
I60_08_04.png,/kaggle/working/MDFS/data/KADID/extracted/kadid10k/images/I60_08_04.png,I60.png,60,8,4,1.6,0.554
I60_09_01.png,/kaggle/working/MDFS/data/KADID/extracted/kadid10k/images/I60_09_01.png,I60.png,60,9,1,4.53,0.562
I60_09_03.png,/kaggle/working/MDFS/data/KADID/extracted/kadid10k/images/I60_09_03.png,I60.png,60,9,3,4.33,0.596
I60_09_05.png,/kaggle/working/MDFS/data/KADID/extracted/kadid10k/images/I60_09_05.png,I60.png,60,9,5,1.4,0.49
I60_10_02.png,/kaggle/working/MDFS/data/KADID/extracted/kadid10k/images/I60_10_02.png,I60.png,60,10,2,4.37,0.752
I60_10_04.png,/kaggle/working/MDFS/data/KADID/extracted/kadid10k/images/I60_10_04.png,I60.png,60,10,4,2.43,1.086
I60_11_01.png,/kaggle/working/MDFS/data/KADID/extracted/kadid10k/images/I60_11_01.png,I60.png,60,11,1,3.53,0.846
I60_11_03.png,/kaggle/working/MDFS/data/KADID/extracted/kadid10k/images/I60_11_03.png,I60.png,60,11,3,3.07,0.772
I60_11_05.png,/kaggle/working/MDFS/data/KADID/extracted/kadid10k/images/I60_11_05.png,I60.png,60,11,5,2.6,0.987
I60_12_02.png,/kaggle/working/MDFS/data/KADID/extracted/kadid10k/images/I60_12_02.png,I60.png,60,12,2,4.0,0.775
I60_12_04.png,/kaggle/working/MDFS/data/KADID/extracted/kadid10k/images/I60_12_04.png,I60.png,60,12,4,2.87,0.884
I60_13_01.png,/kaggle/working/MDFS/data/KADID/extracted/kadid10k/images/I60_13_01.png,I60.png,60,13,1,3.67,0.83
I60_13_03.png,/kaggle/working/MDFS/data/KADID/extracted/kadid10k/images/I60_13_03.png,I60.png,60,13,3,2.63,0.706
I60_13_05.png,/kaggle/working/MDFS/data/KADID/extracted/kadid10k/images/I60_13_05.png,I60.png,60,13,5,2.27,0.727
I60_14_02.png,/kaggle/working/MDFS/data/KADID/extracted/kadid10k/images/I60_14_02.png,I60.png,60,14,2,3.63,0.795
I60_14_04.png,/kaggle/working/MDFS/data/KADID/extracted/kadid10k/images/I60_14_04.png,I60.png,60,14,4,2.73,0.964
I60_15_01.png,/kaggle/working/MDFS/data/KADID/extracted/kadid10k/images/I60_15_01.png,I60.png,60,15,1,4.2,0.909
I60_15_03.png,/kaggle/working/MDFS/data/KADID/extracted/kadid10k/images/I60_15_03.png,I60.png,60,15,3,2.3,0.823
I60_15_05.png,/kaggle/working/MDFS/data/KADID/extracted/kadid10k/images/I60_15_05.png,I60.png,60,15,5,1.57,0.616
I60_16_02.png,/kaggle/working/MDFS/data/KADID/extracted/kadid10k/images/I60_16_02.png,I60.png,60,16,2,4.53,0.499
I60_16_04.png,/kaggle/working/MDFS/data/KADID/extracted/kadid10k/images/I60_16_04.png,I60.png,60,16,4,3.1,0.907
I60_17_01.png,/kaggle/working/MDFS/data/KADID/extracted/kadid10k/images/I60_17_01.png,I60.png,60,17,1,4.47,0.499
I60_17_03.png,/kaggle/working/MDFS/data/KADID/extracted/kadid10k/images/I60_17_03.png,I60.png,60,17,3,4.33,0.537
I60_17_05.png,/kaggle/working/MDFS/data/KADID/extracted/kadid10k/images/I60_17_05.png,I60.png,60,17,5,2.4,0.987
I60_18_02.png,/kaggle/working/MDFS/data/KADID/extracted/kadid10k/images/I60_18_02.png,I60.png,60,18,2,4.8,0.4
I60_18_04.png,/kaggle/working/MDFS/data/KADID/extracted/kadid10k/images/I60_18_04.png,I60.png,60,18,4,4.63,0.482
I60_19_01.png,/kaggle/working/MDFS/data/KADID/extracted/kadid10k/images/I60_19_01.png,I60.png,60,19,1,4.5,0.719
I60_19_03.png,/kaggle/working/MDFS/data/KADID/extracted/kadid10k/images/I60_19_03.png,I60.png,60,19,3,3.6,0.712
I60_19_05.png,/kaggle/working/MDFS/data/KADID/extracted/kadid10k/images/I60_19_05.png,I60.png,60,19,5,1.37,0.482
I60_20_02.png,/kaggle/working/MDFS/data/KADID/extracted/kadid10k/images/I60_20_02.png,I60.png,60,20,2,3.8,0.872
I60_20_04.png,/kaggle/working/MDFS/data/KADID/extracted/kadid10k/images/I60_20_04.png,I60.png,60,20,4,3.63,1.08
I60_21_01.png,/kaggle/working/MDFS/data/KADID/extracted/kadid10k/images/I60_21_01.png,I60.png,60,21,1,3.93,0.814
I60_21_03.png,/kaggle/working/MDFS/data/KADID/extracted/kadid10k/images/I60_21_03.png,I60.png,60,21,3,3.37,0.836
I60_21_05.png,/kaggle/working/MDFS/data/KADID/extracted/kadid10k/images/I60_21_05.png,I60.png,60,21,5,1.93,0.929
I60_22_02.png,/kaggle/working/MDFS/data/KADID/extracted/kadid10k/images/I60_22_02.png,I60.png,60,22,2,4.2,0.792
I60_22_04.png,/kaggle/working/MDFS/data/KADID/extracted/kadid10k/images/I60_22_04.png,I60.png,60,22,4,3.4,1.083
I60_23_01.png,/kaggle/working/MDFS/data/KADID/extracted/kadid10k/images/I60_23_01.png,I60.png,60,23,1,3.03,0.795
I60_23_03.png,/kaggle/working/MDFS/data/KADID/extracted/kadid10k/images/I60_23_03.png,I60.png,60,23,3,2.3,0.862
I60_23_05.png,/kaggle/working/MDFS/data/KADID/extracted/kadid10k/images/I60_23_05.png,I60.png,60,23,5,2.13,0.763
I60_24_02.png,/kaggle/working/MDFS/data/KADID/extracted/kadid10k/images/I60_24_02.png,I60.png,60,24,2,2.9,1.012
I60_24_04.png,/kaggle/working/MDFS/data/KADID/extracted/kadid10k/images/I60_24_04.png,I60.png,60,24,4,1.47,0.499
I60_25_01.png,/kaggle/working/MDFS/data/KADID/extracted/kadid10k/images/I60_25_01.png,I60.png,60,25,1,3.13,1.147
I60_25_03.png,/kaggle/working/MDFS/data/KADID/extracted/kadid10k/images/I60_25_03.png,I60.png,60,25,3,4.43,0.496
I60_25_05.png,/kaggle/working/MDFS/data/KADID/extracted/kadid10k/images/I60_25_05.png,I60.png,60,25,5,3.8,0.748
I61_01_02.png,/kaggle/working/MDFS/data/KADID/extracted/kadid10k/images/I61_01_02.png,I61.png,61,1,2,4.63,0.482
I61_01_04.png,/kaggle/working/MDFS/data/KADID/extracted/kadid10k/images/I61_01_04.png,I61.png,61,1,4,1.97,0.706
I61_02_01.png,/kaggle/working/MDFS/data/KADID/extracted/kadid10k/images/I61_02_01.png,I61.png,61,2,1,3.67,0.596
I61_02_03.png,/kaggle/working/MDFS/data/KADID/extracted/kadid10k/images/I61_02_03.png,I61.png,61,2,3,1.67,0.65
I61_02_05.png,/kaggle/working/MDFS/data/KADID/extracted/kadid10k/images/I61_02_05.png,I61.png,61,2,5,1.3,0.64
I61_03_02.png,/kaggle/working/MDFS/data/KADID/extracted/kadid10k/images/I61_03_02.png,I61.png,61,3,2,4.03,0.647
I61_03_04.png,/kaggle/working/MDFS/data/KADID/extracted/kadid10k/images/I61_03_04.png,I61.png,61,3,4,2.0,0.632
I61_04_01.png,/kaggle/working/MDFS/data/KADID/extracted/kadid10k/images/I61_04_01.png,I61.png,61,4,1,4.27,0.772
I61_04_03.png,/kaggle/working/MDFS/data/KADID/extracted/kadid10k/images/I61_04_03.png,I61.png,61,4,3,1.73,0.772
I61_04_05.png,/kaggle/working/MDFS/data/KADID/extracted/kadid10k/images/I61_04_05.png,I61.png,61,4,5,1.23,0.423
I61_05_02.png,/kaggle/working/MDFS/data/KADID/extracted/kadid10k/images/I61_05_02.png,I61.png,61,5,2,2.17,0.86
I61_05_04.png,/kaggle/working/MDFS/data/KADID/extracted/kadid10k/images/I61_05_04.png,I61.png,61,5,4,1.83,0.734
I61_06_01.png,/kaggle/working/MDFS/data/KADID/extracted/kadid10k/images/I61_06_01.png,I61.png,61,6,1,4.6,0.554
I61_06_03.png,/kaggle/working/MDFS/data/KADID/extracted/kadid10k/images/I61_06_03.png,I61.png,61,6,3,4.33,0.699
I61_06_05.png,/kaggle/working/MDFS/data/KADID/extracted/kadid10k/images/I61_06_05.png,I61.png,61,6,5,2.4,0.987
I61_07_02.png,/kaggle/working/MDFS/data/KADID/extracted/kadid10k/images/I61_07_02.png,I61.png,61,7,2,2.47,0.957
I61_07_04.png,/kaggle/working/MDFS/data/KADID/extracted/kadid10k/images/I61_07_04.png,I61.png,61,7,4,2.8,1.046
I61_08_01.png,/kaggle/working/MDFS/data/KADID/extracted/kadid10k/images/I61_08_01.png,I61.png,61,8,1,4.6,0.49
I61_08_03.png,/kaggle/working/MDFS/data/KADID/extracted/kadid10k/images/I61_08_03.png,I61.png,61,8,3,3.1,0.978
I61_08_05.png,/kaggle/working/MDFS/data/KADID/extracted/kadid10k/images/I61_08_05.png,I61.png,61,8,5,1.7,0.64
I61_09_02.png,/kaggle/working/MDFS/data/KADID/extracted/kadid10k/images/I61_09_02.png,I61.png,61,9,2,3.4,0.917
I61_09_04.png,/kaggle/working/MDFS/data/KADID/extracted/kadid10k/images/I61_09_04.png,I61.png,61,9,4,1.6,0.8
I61_10_01.png,/kaggle/working/MDFS/data/KADID/extracted/kadid10k/images/I61_10_01.png,I61.png,61,10,1,4.27,0.772
I61_10_03.png,/kaggle/working/MDFS/data/KADID/extracted/kadid10k/images/I61_10_03.png,I61.png,61,10,3,3.63,0.836
I61_10_05.png,/kaggle/working/MDFS/data/KADID/extracted/kadid10k/images/I61_10_05.png,I61.png,61,10,5,1.47,0.562
I61_11_02.png,/kaggle/working/MDFS/data/KADID/extracted/kadid10k/images/I61_11_02.png,I61.png,61,11,2,3.3,0.971
I61_11_04.png,/kaggle/working/MDFS/data/KADID/extracted/kadid10k/images/I61_11_04.png,I61.png,61,11,4,2.6,0.757
I61_12_01.png,/kaggle/working/MDFS/data/KADID/extracted/kadid10k/images/I61_12_01.png,I61.png,61,12,1,4.63,0.482
I61_12_03.png,/kaggle/working/MDFS/data/KADID/extracted/kadid10k/images/I61_12_03.png,I61.png,61,12,3,3.23,0.667
I61_12_05.png,/kaggle/working/MDFS/data/KADID/extracted/kadid10k/images/I61_12_05.png,I61.png,61,12,5,2.63,0.752
I61_13_02.png,/kaggle/working/MDFS/data/KADID/extracted/kadid10k/images/I61_13_02.png,I61.png,61,13,2,2.83,0.969
I61_13_04.png,/kaggle/working/MDFS/data/KADID/extracted/kadid10k/images/I61_13_04.png,I61.png,61,13,4,2.47,1.024
I61_14_01.png,/kaggle/working/MDFS/data/KADID/extracted/kadid10k/images/I61_14_01.png,I61.png,61,14,1,4.47,0.499
I61_14_03.png,/kaggle/working/MDFS/data/KADID/extracted/kadid10k/images/I61_14_03.png,I61.png,61,14,3,2.67,0.83
I61_14_05.png,/kaggle/working/MDFS/data/KADID/extracted/kadid10k/images/I61_14_05.png,I61.png,61,14,5,2.3,0.737
I61_15_02.png,/kaggle/working/MDFS/data/KADID/extracted/kadid10k/images/I61_15_02.png,I61.png,61,15,2,3.2,0.748
I61_15_04.png,/kaggle/working/MDFS/data/KADID/extracted/kadid10k/images/I61_15_04.png,I61.png,61,15,4,1.8,0.4
I61_16_01.png,/kaggle/working/MDFS/data/KADID/extracted/kadid10k/images/I61_16_01.png,I61.png,61,16,1,4.67,0.471
I61_16_03.png,/kaggle/working/MDFS/data/KADID/extracted/kadid10k/images/I61_16_03.png,I61.png,61,16,3,3.57,0.92
I61_16_05.png,/kaggle/working/MDFS/data/KADID/extracted/kadid10k/images/I61_16_05.png,I61.png,61,16,5,1.9,0.746
I61_17_02.png,/kaggle/working/MDFS/data/KADID/extracted/kadid10k/images/I61_17_02.png,I61.png,61,17,2,4.5,0.5
I61_17_04.png,/kaggle/working/MDFS/data/KADID/extracted/kadid10k/images/I61_17_04.png,I61.png,61,17,4,2.83,0.86
I61_18_01.png,/kaggle/working/MDFS/data/KADID/extracted/kadid10k/images/I61_18_01.png,I61.png,61,18,1,4.1,0.651
I61_18_03.png,/kaggle/working/MDFS/data/KADID/extracted/kadid10k/images/I61_18_03.png,I61.png,61,18,3,4.7,0.458
I61_18_05.png,/kaggle/working/MDFS/data/KADID/extracted/kadid10k/images/I61_18_05.png,I61.png,61,18,5,3.63,0.795
I61_19_02.png,/kaggle/working/MDFS/data/KADID/extracted/kadid10k/images/I61_19_02.png,I61.png,61,19,2,3.5,0.885
I61_19_04.png,/kaggle/working/MDFS/data/KADID/extracted/kadid10k/images/I61_19_04.png,I61.png,61,19,4,1.57,0.559
I61_20_01.png,/kaggle/working/MDFS/data/KADID/extracted/kadid10k/images/I61_20_01.png,I61.png,61,20,1,4.47,0.67
I61_20_03.png,/kaggle/working/MDFS/data/KADID/extracted/kadid10k/images/I61_20_03.png,I61.png,61,20,3,4.43,0.803
I61_20_05.png,/kaggle/working/MDFS/data/KADID/extracted/kadid10k/images/I61_20_05.png,I61.png,61,20,5,4.33,0.869
I61_21_02.png,/kaggle/working/MDFS/data/KADID/extracted/kadid10k/images/I61_21_02.png,I61.png,61,21,2,3.27,0.929
I61_21_04.png,/kaggle/working/MDFS/data/KADID/extracted/kadid10k/images/I61_21_04.png,I61.png,61,21,4,2.27,0.892
I61_22_01.png,/kaggle/working/MDFS/data/KADID/extracted/kadid10k/images/I61_22_01.png,I61.png,61,22,1,4.27,0.772
I61_22_03.png,/kaggle/working/MDFS/data/KADID/extracted/kadid10k/images/I61_22_03.png,I61.png,61,22,3,4.0,0.894
I61_22_05.png,/kaggle/working/MDFS/data/KADID/extracted/kadid10k/images/I61_22_05.png,I61.png,61,22,5,2.7,0.737
I61_23_02.png,/kaggle/working/MDFS/data/KADID/extracted/kadid10k/images/I61_23_02.png,I61.png,61,23,2,2.2,0.872
I61_23_04.png,/kaggle/working/MDFS/data/KADID/extracted/kadid10k/images/I61_23_04.png,I61.png,61,23,4,2.23,0.883
I61_24_01.png,/kaggle/working/MDFS/data/KADID/extracted/kadid10k/images/I61_24_01.png,I61.png,61,24,1,3.3,1.005
I61_24_03.png,/kaggle/working/MDFS/data/KADID/extracted/kadid10k/images/I61_24_03.png,I61.png,61,24,3,1.67,0.65
I61_24_05.png,/kaggle/working/MDFS/data/KADID/extracted/kadid10k/images/I61_24_05.png,I61.png,61,24,5,1.27,0.573
I61_25_02.png,/kaggle/working/MDFS/data/KADID/extracted/kadid10k/images/I61_25_02.png,I61.png,61,25,2,3.67,0.83
I61_25_04.png,/kaggle/working/MDFS/data/KADID/extracted/kadid10k/images/I61_25_04.png,I61.png,61,25,4,4.33,0.596
I62_01_01.png,/kaggle/working/MDFS/data/KADID/extracted/kadid10k/images/I62_01_01.png,I62.png,62,1,1,4.63,0.657
I62_01_03.png,/kaggle/working/MDFS/data/KADID/extracted/kadid10k/images/I62_01_03.png,I62.png,62,1,3,2.6,0.8
I62_01_05.png,/kaggle/working/MDFS/data/KADID/extracted/kadid10k/images/I62_01_05.png,I62.png,62,1,5,1.43,0.496
I62_02_02.png,/kaggle/working/MDFS/data/KADID/extracted/kadid10k/images/I62_02_02.png,I62.png,62,2,2,2.4,0.757
I62_02_04.png,/kaggle/working/MDFS/data/KADID/extracted/kadid10k/images/I62_02_04.png,I62.png,62,2,4,1.47,0.562
I62_03_01.png,/kaggle/working/MDFS/data/KADID/extracted/kadid10k/images/I62_03_01.png,I62.png,62,3,1,4.27,0.629
I62_03_03.png,/kaggle/working/MDFS/data/KADID/extracted/kadid10k/images/I62_03_03.png,I62.png,62,3,3,2.3,0.781
I62_03_05.png,/kaggle/working/MDFS/data/KADID/extracted/kadid10k/images/I62_03_05.png,I62.png,62,3,5,1.47,0.562
I62_04_02.png,/kaggle/working/MDFS/data/KADID/extracted/kadid10k/images/I62_04_02.png,I62.png,62,4,2,2.6,1.02
I62_04_04.png,/kaggle/working/MDFS/data/KADID/extracted/kadid10k/images/I62_04_04.png,I62.png,62,4,4,2.03,1.048
I62_05_01.png,/kaggle/working/MDFS/data/KADID/extracted/kadid10k/images/I62_05_01.png,I62.png,62,5,1,4.5,0.671
I62_05_03.png,/kaggle/working/MDFS/data/KADID/extracted/kadid10k/images/I62_05_03.png,I62.png,62,5,3,1.73,0.573
I62_05_05.png,/kaggle/working/MDFS/data/KADID/extracted/kadid10k/images/I62_05_05.png,I62.png,62,5,5,1.57,0.496
I62_06_02.png,/kaggle/working/MDFS/data/KADID/extracted/kadid10k/images/I62_06_02.png,I62.png,62,6,2,4.23,0.705
I62_06_04.png,/kaggle/working/MDFS/data/KADID/extracted/kadid10k/images/I62_06_04.png,I62.png,62,6,4,3.3,0.862
I62_07_01.png,/kaggle/working/MDFS/data/KADID/extracted/kadid10k/images/I62_07_01.png,I62.png,62,7,1,3.1,0.907
I62_07_03.png,/kaggle/working/MDFS/data/KADID/extracted/kadid10k/images/I62_07_03.png,I62.png,62,7,3,2.87,0.991
I62_07_05.png,/kaggle/working/MDFS/data/KADID/extracted/kadid10k/images/I62_07_05.png,I62.png,62,7,5,2.37,0.836
I62_08_02.png,/kaggle/working/MDFS/data/KADID/extracted/kadid10k/images/I62_08_02.png,I62.png,62,8,2,3.37,0.657
I62_08_04.png,/kaggle/working/MDFS/data/KADID/extracted/kadid10k/images/I62_08_04.png,I62.png,62,8,4,1.87,0.884
I62_09_01.png,/kaggle/working/MDFS/data/KADID/extracted/kadid10k/images/I62_09_01.png,I62.png,62,9,1,4.43,0.496
I62_09_03.png,/kaggle/working/MDFS/data/KADID/extracted/kadid10k/images/I62_09_03.png,I62.png,62,9,3,3.23,1.055
I62_09_05.png,/kaggle/working/MDFS/data/KADID/extracted/kadid10k/images/I62_09_05.png,I62.png,62,9,5,1.57,0.667
I62_10_02.png,/kaggle/working/MDFS/data/KADID/extracted/kadid10k/images/I62_10_02.png,I62.png,62,10,2,4.23,0.803
I62_10_04.png,/kaggle/working/MDFS/data/KADID/extracted/kadid10k/images/I62_10_04.png,I62.png,62,10,4,1.77,0.667
I62_11_01.png,/kaggle/working/MDFS/data/KADID/extracted/kadid10k/images/I62_11_01.png,I62.png,62,11,1,4.03,0.752
I62_11_03.png,/kaggle/working/MDFS/data/KADID/extracted/kadid10k/images/I62_11_03.png,I62.png,62,11,3,2.57,0.955
I62_11_05.png,/kaggle/working/MDFS/data/KADID/extracted/kadid10k/images/I62_11_05.png,I62.png,62,11,5,2.27,0.68
I62_12_02.png,/kaggle/working/MDFS/data/KADID/extracted/kadid10k/images/I62_12_02.png,I62.png,62,12,2,4.1,0.746
I62_12_04.png,/kaggle/working/MDFS/data/KADID/extracted/kadid10k/images/I62_12_04.png,I62.png,62,12,4,2.83,0.778
I62_13_01.png,/kaggle/working/MDFS/data/KADID/extracted/kadid10k/images/I62_13_01.png,I62.png,62,13,1,3.31,0.882
I62_13_03.png,/kaggle/working/MDFS/data/KADID/extracted/kadid10k/images/I62_13_03.png,I62.png,62,13,3,2.03,0.482
I62_13_05.png,/kaggle/working/MDFS/data/KADID/extracted/kadid10k/images/I62_13_05.png,I62.png,62,13,5,2.13,0.67
I62_14_02.png,/kaggle/working/MDFS/data/KADID/extracted/kadid10k/images/I62_14_02.png,I62.png,62,14,2,3.43,0.955
I62_14_04.png,/kaggle/working/MDFS/data/KADID/extracted/kadid10k/images/I62_14_04.png,I62.png,62,14,4,2.47,0.884
I62_15_01.png,/kaggle/working/MDFS/data/KADID/extracted/kadid10k/images/I62_15_01.png,I62.png,62,15,1,3.3,0.781
I62_15_03.png,/kaggle/working/MDFS/data/KADID/extracted/kadid10k/images/I62_15_03.png,I62.png,62,15,3,2.0,0.816
I62_15_05.png,/kaggle/working/MDFS/data/KADID/extracted/kadid10k/images/I62_15_05.png,I62.png,62,15,5,1.5,0.5
I62_16_02.png,/kaggle/working/MDFS/data/KADID/extracted/kadid10k/images/I62_16_02.png,I62.png,62,16,2,4.47,0.562
I62_16_04.png,/kaggle/working/MDFS/data/KADID/extracted/kadid10k/images/I62_16_04.png,I62.png,62,16,4,3.1,0.87
I62_17_01.png,/kaggle/working/MDFS/data/KADID/extracted/kadid10k/images/I62_17_01.png,I62.png,62,17,1,4.5,0.563
I62_17_03.png,/kaggle/working/MDFS/data/KADID/extracted/kadid10k/images/I62_17_03.png,I62.png,62,17,3,3.93,0.727
I62_17_05.png,/kaggle/working/MDFS/data/KADID/extracted/kadid10k/images/I62_17_05.png,I62.png,62,17,5,1.7,0.737
I62_18_02.png,/kaggle/working/MDFS/data/KADID/extracted/kadid10k/images/I62_18_02.png,I62.png,62,18,2,4.43,0.616
I62_18_04.png,/kaggle/working/MDFS/data/KADID/extracted/kadid10k/images/I62_18_04.png,I62.png,62,18,4,3.87,0.618
I62_19_01.png,/kaggle/working/MDFS/data/KADID/extracted/kadid10k/images/I62_19_01.png,I62.png,62,19,1,4.13,0.718
I62_19_03.png,/kaggle/working/MDFS/data/KADID/extracted/kadid10k/images/I62_19_03.png,I62.png,62,19,3,2.93,0.854
I62_19_05.png,/kaggle/working/MDFS/data/KADID/extracted/kadid10k/images/I62_19_05.png,I62.png,62,19,5,1.23,0.496
I62_20_02.png,/kaggle/working/MDFS/data/KADID/extracted/kadid10k/images/I62_20_02.png,I62.png,62,20,2,4.27,0.814
I62_20_04.png,/kaggle/working/MDFS/data/KADID/extracted/kadid10k/images/I62_20_04.png,I62.png,62,20,4,4.07,0.854
I62_21_01.png,/kaggle/working/MDFS/data/KADID/extracted/kadid10k/images/I62_21_01.png,I62.png,62,21,1,4.13,0.806
I62_21_03.png,/kaggle/working/MDFS/data/KADID/extracted/kadid10k/images/I62_21_03.png,I62.png,62,21,3,3.17,1.067
I62_21_05.png,/kaggle/working/MDFS/data/KADID/extracted/kadid10k/images/I62_21_05.png,I62.png,62,21,5,1.37,0.657
I62_22_02.png,/kaggle/working/MDFS/data/KADID/extracted/kadid10k/images/I62_22_02.png,I62.png,62,22,2,4.4,0.663
I62_22_04.png,/kaggle/working/MDFS/data/KADID/extracted/kadid10k/images/I62_22_04.png,I62.png,62,22,4,3.73,0.854
I62_23_01.png,/kaggle/working/MDFS/data/KADID/extracted/kadid10k/images/I62_23_01.png,I62.png,62,23,1,2.5,0.885
I62_23_03.png,/kaggle/working/MDFS/data/KADID/extracted/kadid10k/images/I62_23_03.png,I62.png,62,23,3,1.9,0.597
I62_23_05.png,/kaggle/working/MDFS/data/KADID/extracted/kadid10k/images/I62_23_05.png,I62.png,62,23,5,1.67,0.596
I62_24_02.png,/kaggle/working/MDFS/data/KADID/extracted/kadid10k/images/I62_24_02.png,I62.png,62,24,2,2.6,0.663
I62_24_04.png,/kaggle/working/MDFS/data/KADID/extracted/kadid10k/images/I62_24_04.png,I62.png,62,24,4,1.53,0.562
I62_25_01.png,/kaggle/working/MDFS/data/KADID/extracted/kadid10k/images/I62_25_01.png,I62.png,62,25,1,3.17,0.734
I62_25_03.png,/kaggle/working/MDFS/data/KADID/extracted/kadid10k/images/I62_25_03.png,I62.png,62,25,3,3.93,0.68
I62_25_05.png,/kaggle/working/MDFS/data/KADID/extracted/kadid10k/images/I62_25_05.png,I62.png,62,25,5,3.4,0.879
I63_01_02.png,/kaggle/working/MDFS/data/KADID/extracted/kadid10k/images/I63_01_02.png,I63.png,63,1,2,4.43,0.616
I63_01_04.png,/kaggle/working/MDFS/data/KADID/extracted/kadid10k/images/I63_01_04.png,I63.png,63,1,4,1.87,0.67
I63_02_01.png,/kaggle/working/MDFS/data/KADID/extracted/kadid10k/images/I63_02_01.png,I63.png,63,2,1,3.47,0.957
I63_02_03.png,/kaggle/working/MDFS/data/KADID/extracted/kadid10k/images/I63_02_03.png,I63.png,63,2,3,1.57,0.559
I63_02_05.png,/kaggle/working/MDFS/data/KADID/extracted/kadid10k/images/I63_02_05.png,I63.png,63,2,5,1.3,0.526
I63_03_02.png,/kaggle/working/MDFS/data/KADID/extracted/kadid10k/images/I63_03_02.png,I63.png,63,3,2,3.83,0.934
I63_03_04.png,/kaggle/working/MDFS/data/KADID/extracted/kadid10k/images/I63_03_04.png,I63.png,63,3,4,1.83,0.637
I63_04_01.png,/kaggle/working/MDFS/data/KADID/extracted/kadid10k/images/I63_04_01.png,I63.png,63,4,1,4.33,0.699
I63_04_03.png,/kaggle/working/MDFS/data/KADID/extracted/kadid10k/images/I63_04_03.png,I63.png,63,4,3,1.63,0.875
I63_04_05.png,/kaggle/working/MDFS/data/KADID/extracted/kadid10k/images/I63_04_05.png,I63.png,63,4,5,1.2,0.476
I63_05_02.png,/kaggle/working/MDFS/data/KADID/extracted/kadid10k/images/I63_05_02.png,I63.png,63,5,2,2.33,0.745
I63_05_04.png,/kaggle/working/MDFS/data/KADID/extracted/kadid10k/images/I63_05_04.png,I63.png,63,5,4,1.53,0.499
I63_06_01.png,/kaggle/working/MDFS/data/KADID/extracted/kadid10k/images/I63_06_01.png,I63.png,63,6,1,3.63,0.912
I63_06_03.png,/kaggle/working/MDFS/data/KADID/extracted/kadid10k/images/I63_06_03.png,I63.png,63,6,3,3.53,0.957
I63_06_05.png,/kaggle/working/MDFS/data/KADID/extracted/kadid10k/images/I63_06_05.png,I63.png,63,6,5,1.67,0.65
I63_07_02.png,/kaggle/working/MDFS/data/KADID/extracted/kadid10k/images/I63_07_02.png,I63.png,63,7,2,2.7,1.069
I63_07_04.png,/kaggle/working/MDFS/data/KADID/extracted/kadid10k/images/I63_07_04.png,I63.png,63,7,4,2.43,1.146
I63_08_01.png,/kaggle/working/MDFS/data/KADID/extracted/kadid10k/images/I63_08_01.png,I63.png,63,8,1,4.33,0.699
I63_08_03.png,/kaggle/working/MDFS/data/KADID/extracted/kadid10k/images/I63_08_03.png,I63.png,63,8,3,2.17,1.003
I63_08_05.png,/kaggle/working/MDFS/data/KADID/extracted/kadid10k/images/I63_08_05.png,I63.png,63,8,5,1.57,0.616
I63_09_02.png,/kaggle/working/MDFS/data/KADID/extracted/kadid10k/images/I63_09_02.png,I63.png,63,9,2,3.93,0.727
I63_09_04.png,/kaggle/working/MDFS/data/KADID/extracted/kadid10k/images/I63_09_04.png,I63.png,63,9,4,2.0,0.672
I63_10_01.png,/kaggle/working/MDFS/data/KADID/extracted/kadid10k/images/I63_10_01.png,I63.png,63,10,1,4.07,0.892
I63_10_03.png,/kaggle/working/MDFS/data/KADID/extracted/kadid10k/images/I63_10_03.png,I63.png,63,10,3,3.9,0.79
I63_10_05.png,/kaggle/working/MDFS/data/KADID/extracted/kadid10k/images/I63_10_05.png,I63.png,63,10,5,1.7,0.737
I63_11_02.png,/kaggle/working/MDFS/data/KADID/extracted/kadid10k/images/I63_11_02.png,I63.png,63,11,2,3.93,0.814
I63_11_04.png,/kaggle/working/MDFS/data/KADID/extracted/kadid10k/images/I63_11_04.png,I63.png,63,11,4,3.07,0.929
I63_12_01.png,/kaggle/working/MDFS/data/KADID/extracted/kadid10k/images/I63_12_01.png,I63.png,63,12,1,4.6,0.663
I63_12_03.png,/kaggle/working/MDFS/data/KADID/extracted/kadid10k/images/I63_12_03.png,I63.png,63,12,3,3.57,0.844
I63_12_05.png,/kaggle/working/MDFS/data/KADID/extracted/kadid10k/images/I63_12_05.png,I63.png,63,12,5,2.47,0.846
I63_13_02.png,/kaggle/working/MDFS/data/KADID/extracted/kadid10k/images/I63_13_02.png,I63.png,63,13,2,3.1,0.79
I63_13_04.png,/kaggle/working/MDFS/data/KADID/extracted/kadid10k/images/I63_13_04.png,I63.png,63,13,4,2.57,0.92
I63_14_01.png,/kaggle/working/MDFS/data/KADID/extracted/kadid10k/images/I63_14_01.png,I63.png,63,14,1,4.61,0.605
I63_14_03.png,/kaggle/working/MDFS/data/KADID/extracted/kadid10k/images/I63_14_03.png,I63.png,63,14,3,3.43,0.803
I63_14_05.png,/kaggle/working/MDFS/data/KADID/extracted/kadid10k/images/I63_14_05.png,I63.png,63,14,5,2.33,0.83
I63_15_02.png,/kaggle/working/MDFS/data/KADID/extracted/kadid10k/images/I63_15_02.png,I63.png,63,15,2,3.17,0.82
I63_15_04.png,/kaggle/working/MDFS/data/KADID/extracted/kadid10k/images/I63_15_04.png,I63.png,63,15,4,1.67,0.65
I63_16_01.png,/kaggle/working/MDFS/data/KADID/extracted/kadid10k/images/I63_16_01.png,I63.png,63,16,1,4.53,0.763
I63_16_03.png,/kaggle/working/MDFS/data/KADID/extracted/kadid10k/images/I63_16_03.png,I63.png,63,16,3,3.77,0.761
I63_16_05.png,/kaggle/working/MDFS/data/KADID/extracted/kadid10k/images/I63_16_05.png,I63.png,63,16,5,2.43,1.055
I63_17_02.png,/kaggle/working/MDFS/data/KADID/extracted/kadid10k/images/I63_17_02.png,I63.png,63,17,2,4.57,0.559
I63_17_04.png,/kaggle/working/MDFS/data/KADID/extracted/kadid10k/images/I63_17_04.png,I63.png,63,17,4,3.3,1.005
I63_18_01.png,/kaggle/working/MDFS/data/KADID/extracted/kadid10k/images/I63_18_01.png,I63.png,63,18,1,4.43,0.667
I63_18_03.png,/kaggle/working/MDFS/data/KADID/extracted/kadid10k/images/I63_18_03.png,I63.png,63,18,3,4.53,0.562
I63_18_05.png,/kaggle/working/MDFS/data/KADID/extracted/kadid10k/images/I63_18_05.png,I63.png,63,18,5,3.53,1.024
I63_19_02.png,/kaggle/working/MDFS/data/KADID/extracted/kadid10k/images/I63_19_02.png,I63.png,63,19,2,3.9,0.651
I63_19_04.png,/kaggle/working/MDFS/data/KADID/extracted/kadid10k/images/I63_19_04.png,I63.png,63,19,4,1.37,0.547
I63_20_01.png,/kaggle/working/MDFS/data/KADID/extracted/kadid10k/images/I63_20_01.png,I63.png,63,20,1,4.67,0.65
I63_20_03.png,/kaggle/working/MDFS/data/KADID/extracted/kadid10k/images/I63_20_03.png,I63.png,63,20,3,4.0,1.065
I63_20_05.png,/kaggle/working/MDFS/data/KADID/extracted/kadid10k/images/I63_20_05.png,I63.png,63,20,5,3.9,1.136
I63_21_02.png,/kaggle/working/MDFS/data/KADID/extracted/kadid10k/images/I63_21_02.png,I63.png,63,21,2,2.77,0.803
I63_21_04.png,/kaggle/working/MDFS/data/KADID/extracted/kadid10k/images/I63_21_04.png,I63.png,63,21,4,2.5,0.847
I63_22_01.png,/kaggle/working/MDFS/data/KADID/extracted/kadid10k/images/I63_22_01.png,I63.png,63,22,1,4.67,0.471
I63_22_03.png,/kaggle/working/MDFS/data/KADID/extracted/kadid10k/images/I63_22_03.png,I63.png,63,22,3,4.3,0.586
I63_22_05.png,/kaggle/working/MDFS/data/KADID/extracted/kadid10k/images/I63_22_05.png,I63.png,63,22,5,3.23,0.989
I63_23_02.png,/kaggle/working/MDFS/data/KADID/extracted/kadid10k/images/I63_23_02.png,I63.png,63,23,2,2.5,1.118
I63_23_04.png,/kaggle/working/MDFS/data/KADID/extracted/kadid10k/images/I63_23_04.png,I63.png,63,23,4,2.4,0.841
I63_24_01.png,/kaggle/working/MDFS/data/KADID/extracted/kadid10k/images/I63_24_01.png,I63.png,63,24,1,3.37,0.875
I63_24_03.png,/kaggle/working/MDFS/data/KADID/extracted/kadid10k/images/I63_24_03.png,I63.png,63,24,3,2.23,0.803
I63_24_05.png,/kaggle/working/MDFS/data/KADID/extracted/kadid10k/images/I63_24_05.png,I63.png,63,24,5,1.5,0.671
I63_25_02.png,/kaggle/working/MDFS/data/KADID/extracted/kadid10k/images/I63_25_02.png,I63.png,63,25,2,3.7,0.781
I63_25_04.png,/kaggle/working/MDFS/data/KADID/extracted/kadid10k/images/I63_25_04.png,I63.png,63,25,4,3.97,0.875
I64_01_01.png,/kaggle/working/MDFS/data/KADID/extracted/kadid10k/images/I64_01_01.png,I64.png,64,1,1,4.67,0.471
I64_01_03.png,/kaggle/working/MDFS/data/KADID/extracted/kadid10k/images/I64_01_03.png,I64.png,64,1,3,3.23,0.844
I64_01_05.png,/kaggle/working/MDFS/data/KADID/extracted/kadid10k/images/I64_01_05.png,I64.png,64,1,5,1.23,0.423
I64_02_02.png,/kaggle/working/MDFS/data/KADID/extracted/kadid10k/images/I64_02_02.png,I64.png,64,2,2,2.5,0.885
I64_02_04.png,/kaggle/working/MDFS/data/KADID/extracted/kadid10k/images/I64_02_04.png,I64.png,64,2,4,1.53,0.499
I64_03_01.png,/kaggle/working/MDFS/data/KADID/extracted/kadid10k/images/I64_03_01.png,I64.png,64,3,1,4.67,0.471
I64_03_03.png,/kaggle/working/MDFS/data/KADID/extracted/kadid10k/images/I64_03_03.png,I64.png,64,3,3,2.9,0.7
I64_03_05.png,/kaggle/working/MDFS/data/KADID/extracted/kadid10k/images/I64_03_05.png,I64.png,64,3,5,1.77,0.667
I64_04_02.png,/kaggle/working/MDFS/data/KADID/extracted/kadid10k/images/I64_04_02.png,I64.png,64,4,2,3.37,0.875
I64_04_04.png,/kaggle/working/MDFS/data/KADID/extracted/kadid10k/images/I64_04_04.png,I64.png,64,4,4,1.63,0.706
I64_05_01.png,/kaggle/working/MDFS/data/KADID/extracted/kadid10k/images/I64_05_01.png,I64.png,64,5,1,4.5,0.619
I64_05_03.png,/kaggle/working/MDFS/data/KADID/extracted/kadid10k/images/I64_05_03.png,I64.png,64,5,3,1.57,0.616
I64_05_05.png,/kaggle/working/MDFS/data/KADID/extracted/kadid10k/images/I64_05_05.png,I64.png,64,5,5,1.53,0.618
I64_06_02.png,/kaggle/working/MDFS/data/KADID/extracted/kadid10k/images/I64_06_02.png,I64.png,64,6,2,3.97,0.875
I64_06_04.png,/kaggle/working/MDFS/data/KADID/extracted/kadid10k/images/I64_06_04.png,I64.png,64,6,4,3.2,1.166
I64_07_01.png,/kaggle/working/MDFS/data/KADID/extracted/kadid10k/images/I64_07_01.png,I64.png,64,7,1,2.87,0.957
I64_07_03.png,/kaggle/working/MDFS/data/KADID/extracted/kadid10k/images/I64_07_03.png,I64.png,64,7,3,1.9,0.831
I64_07_05.png,/kaggle/working/MDFS/data/KADID/extracted/kadid10k/images/I64_07_05.png,I64.png,64,7,5,2.03,0.875
I64_08_02.png,/kaggle/working/MDFS/data/KADID/extracted/kadid10k/images/I64_08_02.png,I64.png,64,8,2,4.03,0.836
I64_08_04.png,/kaggle/working/MDFS/data/KADID/extracted/kadid10k/images/I64_08_04.png,I64.png,64,8,4,2.07,0.892
I64_09_01.png,/kaggle/working/MDFS/data/KADID/extracted/kadid10k/images/I64_09_01.png,I64.png,64,9,1,4.33,0.596
I64_09_03.png,/kaggle/working/MDFS/data/KADID/extracted/kadid10k/images/I64_09_03.png,I64.png,64,9,3,3.67,0.869
I64_09_05.png,/kaggle/working/MDFS/data/KADID/extracted/kadid10k/images/I64_09_05.png,I64.png,64,9,5,1.33,0.471
I64_10_02.png,/kaggle/working/MDFS/data/KADID/extracted/kadid10k/images/I64_10_02.png,I64.png,64,10,2,3.93,0.854
I64_10_04.png,/kaggle/working/MDFS/data/KADID/extracted/kadid10k/images/I64_10_04.png,I64.png,64,10,4,2.13,0.884
I64_11_01.png,/kaggle/working/MDFS/data/KADID/extracted/kadid10k/images/I64_11_01.png,I64.png,64,11,1,3.74,0.841
I64_11_03.png,/kaggle/working/MDFS/data/KADID/extracted/kadid10k/images/I64_11_03.png,I64.png,64,11,3,2.87,0.763
I64_11_05.png,/kaggle/working/MDFS/data/KADID/extracted/kadid10k/images/I64_11_05.png,I64.png,64,11,5,2.63,0.547
I64_12_02.png,/kaggle/working/MDFS/data/KADID/extracted/kadid10k/images/I64_12_02.png,I64.png,64,12,2,4.1,0.651
I64_12_04.png,/kaggle/working/MDFS/data/KADID/extracted/kadid10k/images/I64_12_04.png,I64.png,64,12,4,2.84,0.514
I64_13_01.png,/kaggle/working/MDFS/data/KADID/extracted/kadid10k/images/I64_13_01.png,I64.png,64,13,1,3.73,1.031
I64_13_03.png,/kaggle/working/MDFS/data/KADID/extracted/kadid10k/images/I64_13_03.png,I64.png,64,13,3,2.9,0.746
I64_13_05.png,/kaggle/working/MDFS/data/KADID/extracted/kadid10k/images/I64_13_05.png,I64.png,64,13,5,2.22,0.544
I64_14_02.png,/kaggle/working/MDFS/data/KADID/extracted/kadid10k/images/I64_14_02.png,I64.png,64,14,2,3.83,0.82
I64_14_04.png,/kaggle/working/MDFS/data/KADID/extracted/kadid10k/images/I64_14_04.png,I64.png,64,14,4,2.53,0.618
I64_15_01.png,/kaggle/working/MDFS/data/KADID/extracted/kadid10k/images/I64_15_01.png,I64.png,64,15,1,3.8,0.945
I64_15_03.png,/kaggle/working/MDFS/data/KADID/extracted/kadid10k/images/I64_15_03.png,I64.png,64,15,3,2.63,0.875
I64_15_05.png,/kaggle/working/MDFS/data/KADID/extracted/kadid10k/images/I64_15_05.png,I64.png,64,15,5,1.47,0.562
I64_16_02.png,/kaggle/working/MDFS/data/KADID/extracted/kadid10k/images/I64_16_02.png,I64.png,64,16,2,4.3,0.69
I64_16_04.png,/kaggle/working/MDFS/data/KADID/extracted/kadid10k/images/I64_16_04.png,I64.png,64,16,4,2.63,0.875
I64_17_01.png,/kaggle/working/MDFS/data/KADID/extracted/kadid10k/images/I64_17_01.png,I64.png,64,17,1,4.53,0.562
I64_17_03.png,/kaggle/working/MDFS/data/KADID/extracted/kadid10k/images/I64_17_03.png,I64.png,64,17,3,4.27,0.573
I64_17_05.png,/kaggle/working/MDFS/data/KADID/extracted/kadid10k/images/I64_17_05.png,I64.png,64,17,5,1.93,0.772
I64_18_02.png,/kaggle/working/MDFS/data/KADID/extracted/kadid10k/images/I64_18_02.png,I64.png,64,18,2,4.53,0.618
I64_18_04.png,/kaggle/working/MDFS/data/KADID/extracted/kadid10k/images/I64_18_04.png,I64.png,64,18,4,4.67,0.471
I64_19_01.png,/kaggle/working/MDFS/data/KADID/extracted/kadid10k/images/I64_19_01.png,I64.png,64,19,1,4.27,0.573
I64_19_03.png,/kaggle/working/MDFS/data/KADID/extracted/kadid10k/images/I64_19_03.png,I64.png,64,19,3,2.43,0.803
I64_19_05.png,/kaggle/working/MDFS/data/KADID/extracted/kadid10k/images/I64_19_05.png,I64.png,64,19,5,1.27,0.442
I64_20_02.png,/kaggle/working/MDFS/data/KADID/extracted/kadid10k/images/I64_20_02.png,I64.png,64,20,2,4.37,0.912
I64_20_04.png,/kaggle/working/MDFS/data/KADID/extracted/kadid10k/images/I64_20_04.png,I64.png,64,20,4,3.9,0.907
I64_21_01.png,/kaggle/working/MDFS/data/KADID/extracted/kadid10k/images/I64_21_01.png,I64.png,64,21,1,2.93,0.964
I64_21_03.png,/kaggle/working/MDFS/data/KADID/extracted/kadid10k/images/I64_21_03.png,I64.png,64,21,3,2.7,0.862
I64_21_05.png,/kaggle/working/MDFS/data/KADID/extracted/kadid10k/images/I64_21_05.png,I64.png,64,21,5,1.1,0.3
I64_22_02.png,/kaggle/working/MDFS/data/KADID/extracted/kadid10k/images/I64_22_02.png,I64.png,64,22,2,4.33,0.699
I64_22_04.png,/kaggle/working/MDFS/data/KADID/extracted/kadid10k/images/I64_22_04.png,I64.png,64,22,4,3.7,0.971
I64_23_01.png,/kaggle/working/MDFS/data/KADID/extracted/kadid10k/images/I64_23_01.png,I64.png,64,23,1,3.17,1.067
I64_23_03.png,/kaggle/working/MDFS/data/KADID/extracted/kadid10k/images/I64_23_03.png,I64.png,64,23,3,2.43,0.883
I64_23_05.png,/kaggle/working/MDFS/data/KADID/extracted/kadid10k/images/I64_23_05.png,I64.png,64,23,5,2.43,0.883
I64_24_02.png,/kaggle/working/MDFS/data/KADID/extracted/kadid10k/images/I64_24_02.png,I64.png,64,24,2,2.63,0.875
I64_24_04.png,/kaggle/working/MDFS/data/KADID/extracted/kadid10k/images/I64_24_04.png,I64.png,64,24,4,1.8,0.833
I64_25_01.png,/kaggle/working/MDFS/data/KADID/extracted/kadid10k/images/I64_25_01.png,I64.png,64,25,1,3.83,0.637
I64_25_03.png,/kaggle/working/MDFS/data/KADID/extracted/kadid10k/images/I64_25_03.png,I64.png,64,25,3,4.4,0.757
I64_25_05.png,/kaggle/working/MDFS/data/KADID/extracted/kadid10k/images/I64_25_05.png,I64.png,64,25,5,3.5,0.764
I65_01_02.png,/kaggle/working/MDFS/data/KADID/extracted/kadid10k/images/I65_01_02.png,I65.png,65,1,2,4.4,0.757
I65_01_04.png,/kaggle/working/MDFS/data/KADID/extracted/kadid10k/images/I65_01_04.png,I65.png,65,1,4,1.9,0.7
I65_02_01.png,/kaggle/working/MDFS/data/KADID/extracted/kadid10k/images/I65_02_01.png,I65.png,65,2,1,3.53,0.67
I65_02_03.png,/kaggle/working/MDFS/data/KADID/extracted/kadid10k/images/I65_02_03.png,I65.png,65,2,3,1.67,0.537
I65_02_05.png,/kaggle/working/MDFS/data/KADID/extracted/kadid10k/images/I65_02_05.png,I65.png,65,2,5,1.13,0.34
I65_03_02.png,/kaggle/working/MDFS/data/KADID/extracted/kadid10k/images/I65_03_02.png,I65.png,65,3,2,4.0,0.775
I65_03_04.png,/kaggle/working/MDFS/data/KADID/extracted/kadid10k/images/I65_03_04.png,I65.png,65,3,4,1.87,0.67
I65_04_01.png,/kaggle/working/MDFS/data/KADID/extracted/kadid10k/images/I65_04_01.png,I65.png,65,4,1,4.7,0.69
I65_04_03.png,/kaggle/working/MDFS/data/KADID/extracted/kadid10k/images/I65_04_03.png,I65.png,65,4,3,1.83,0.82
I65_04_05.png,/kaggle/working/MDFS/data/KADID/extracted/kadid10k/images/I65_04_05.png,I65.png,65,4,5,1.4,0.554
I65_05_02.png,/kaggle/working/MDFS/data/KADID/extracted/kadid10k/images/I65_05_02.png,I65.png,65,5,2,2.3,0.69
I65_05_04.png,/kaggle/working/MDFS/data/KADID/extracted/kadid10k/images/I65_05_04.png,I65.png,65,5,4,1.97,0.875
I65_06_01.png,/kaggle/working/MDFS/data/KADID/extracted/kadid10k/images/I65_06_01.png,I65.png,65,6,1,4.2,0.6
I65_06_03.png,/kaggle/working/MDFS/data/KADID/extracted/kadid10k/images/I65_06_03.png,I65.png,65,6,3,3.52,0.798
I65_06_05.png,/kaggle/working/MDFS/data/KADID/extracted/kadid10k/images/I65_06_05.png,I65.png,65,6,5,2.53,0.957
I65_07_02.png,/kaggle/working/MDFS/data/KADID/extracted/kadid10k/images/I65_07_02.png,I65.png,65,7,2,2.13,0.718
I65_07_04.png,/kaggle/working/MDFS/data/KADID/extracted/kadid10k/images/I65_07_04.png,I65.png,65,7,4,2.6,1.083
I65_08_01.png,/kaggle/working/MDFS/data/KADID/extracted/kadid10k/images/I65_08_01.png,I65.png,65,8,1,4.83,0.373
I65_08_03.png,/kaggle/working/MDFS/data/KADID/extracted/kadid10k/images/I65_08_03.png,I65.png,65,8,3,2.93,1.062
I65_08_05.png,/kaggle/working/MDFS/data/KADID/extracted/kadid10k/images/I65_08_05.png,I65.png,65,8,5,1.63,0.605
I65_09_02.png,/kaggle/working/MDFS/data/KADID/extracted/kadid10k/images/I65_09_02.png,I65.png,65,9,2,4.4,0.841
I65_09_04.png,/kaggle/working/MDFS/data/KADID/extracted/kadid10k/images/I65_09_04.png,I65.png,65,9,4,1.9,0.746
I65_10_01.png,/kaggle/working/MDFS/data/KADID/extracted/kadid10k/images/I65_10_01.png,I65.png,65,10,1,4.43,0.667
I65_10_03.png,/kaggle/working/MDFS/data/KADID/extracted/kadid10k/images/I65_10_03.png,I65.png,65,10,3,3.77,0.716
I65_10_05.png,/kaggle/working/MDFS/data/KADID/extracted/kadid10k/images/I65_10_05.png,I65.png,65,10,5,1.23,0.496
I65_11_02.png,/kaggle/working/MDFS/data/KADID/extracted/kadid10k/images/I65_11_02.png,I65.png,65,11,2,3.17,0.86
I65_11_04.png,/kaggle/working/MDFS/data/KADID/extracted/kadid10k/images/I65_11_04.png,I65.png,65,11,4,2.33,0.537
I65_12_01.png,/kaggle/working/MDFS/data/KADID/extracted/kadid10k/images/I65_12_01.png,I65.png,65,12,1,4.5,0.671
I65_12_03.png,/kaggle/working/MDFS/data/KADID/extracted/kadid10k/images/I65_12_03.png,I65.png,65,12,3,2.87,0.67
I65_12_05.png,/kaggle/working/MDFS/data/KADID/extracted/kadid10k/images/I65_12_05.png,I65.png,65,12,5,1.9,0.473
I65_13_02.png,/kaggle/working/MDFS/data/KADID/extracted/kadid10k/images/I65_13_02.png,I65.png,65,13,2,3.07,0.929
I65_13_04.png,/kaggle/working/MDFS/data/KADID/extracted/kadid10k/images/I65_13_04.png,I65.png,65,13,4,1.83,0.637
I65_14_01.png,/kaggle/working/MDFS/data/KADID/extracted/kadid10k/images/I65_14_01.png,I65.png,65,14,1,4.0,0.683
I65_14_03.png,/kaggle/working/MDFS/data/KADID/extracted/kadid10k/images/I65_14_03.png,I65.png,65,14,3,2.63,0.795
I65_14_05.png,/kaggle/working/MDFS/data/KADID/extracted/kadid10k/images/I65_14_05.png,I65.png,65,14,5,1.97,0.605
I65_15_02.png,/kaggle/working/MDFS/data/KADID/extracted/kadid10k/images/I65_15_02.png,I65.png,65,15,2,2.43,0.716
I65_15_04.png,/kaggle/working/MDFS/data/KADID/extracted/kadid10k/images/I65_15_04.png,I65.png,65,15,4,1.43,0.496
I65_16_01.png,/kaggle/working/MDFS/data/KADID/extracted/kadid10k/images/I65_16_01.png,I65.png,65,16,1,4.67,0.471
I65_16_03.png,/kaggle/working/MDFS/data/KADID/extracted/kadid10k/images/I65_16_03.png,I65.png,65,16,3,3.77,0.716
I65_16_05.png,/kaggle/working/MDFS/data/KADID/extracted/kadid10k/images/I65_16_05.png,I65.png,65,16,5,1.71,0.632
I65_17_02.png,/kaggle/working/MDFS/data/KADID/extracted/kadid10k/images/I65_17_02.png,I65.png,65,17,2,4.47,0.499
I65_17_04.png,/kaggle/working/MDFS/data/KADID/extracted/kadid10k/images/I65_17_04.png,I65.png,65,17,4,3.6,0.663
I65_18_01.png,/kaggle/working/MDFS/data/KADID/extracted/kadid10k/images/I65_18_01.png,I65.png,65,18,1,4.33,0.596
I65_18_03.png,/kaggle/working/MDFS/data/KADID/extracted/kadid10k/images/I65_18_03.png,I65.png,65,18,3,4.5,0.563
I65_18_05.png,/kaggle/working/MDFS/data/KADID/extracted/kadid10k/images/I65_18_05.png,I65.png,65,18,5,3.97,0.912
I65_19_02.png,/kaggle/working/MDFS/data/KADID/extracted/kadid10k/images/I65_19_02.png,I65.png,65,19,2,3.93,0.573
I65_19_04.png,/kaggle/working/MDFS/data/KADID/extracted/kadid10k/images/I65_19_04.png,I65.png,65,19,4,1.6,0.611
I65_20_01.png,/kaggle/working/MDFS/data/KADID/extracted/kadid10k/images/I65_20_01.png,I65.png,65,20,1,4.6,0.49
I65_20_03.png,/kaggle/working/MDFS/data/KADID/extracted/kadid10k/images/I65_20_03.png,I65.png,65,20,3,4.2,0.909
I65_20_05.png,/kaggle/working/MDFS/data/KADID/extracted/kadid10k/images/I65_20_05.png,I65.png,65,20,5,3.2,1.275
I65_21_02.png,/kaggle/working/MDFS/data/KADID/extracted/kadid10k/images/I65_21_02.png,I65.png,65,21,2,2.83,0.969
I65_21_04.png,/kaggle/working/MDFS/data/KADID/extracted/kadid10k/images/I65_21_04.png,I65.png,65,21,4,2.33,0.978
I65_22_01.png,/kaggle/working/MDFS/data/KADID/extracted/kadid10k/images/I65_22_01.png,I65.png,65,22,1,4.5,0.764
I65_22_03.png,/kaggle/working/MDFS/data/KADID/extracted/kadid10k/images/I65_22_03.png,I65.png,65,22,3,3.2,1.046
I65_22_05.png,/kaggle/working/MDFS/data/KADID/extracted/kadid10k/images/I65_22_05.png,I65.png,65,22,5,2.17,0.778
I65_23_02.png,/kaggle/working/MDFS/data/KADID/extracted/kadid10k/images/I65_23_02.png,I65.png,65,23,2,3.47,1.258
I65_23_04.png,/kaggle/working/MDFS/data/KADID/extracted/kadid10k/images/I65_23_04.png,I65.png,65,23,4,2.2,1.166
I65_24_01.png,/kaggle/working/MDFS/data/KADID/extracted/kadid10k/images/I65_24_01.png,I65.png,65,24,1,3.67,0.745
I65_24_03.png,/kaggle/working/MDFS/data/KADID/extracted/kadid10k/images/I65_24_03.png,I65.png,65,24,3,2.07,0.68
I65_24_05.png,/kaggle/working/MDFS/data/KADID/extracted/kadid10k/images/I65_24_05.png,I65.png,65,24,5,1.37,0.605
I65_25_02.png,/kaggle/working/MDFS/data/KADID/extracted/kadid10k/images/I65_25_02.png,I65.png,65,25,2,4.07,0.573
I65_25_04.png,/kaggle/working/MDFS/data/KADID/extracted/kadid10k/images/I65_25_04.png,I65.png,65,25,4,4.47,0.562
I66_01_01.png,/kaggle/working/MDFS/data/KADID/extracted/kadid10k/images/I66_01_01.png,I66.png,66,1,1,4.63,0.482
I66_01_03.png,/kaggle/working/MDFS/data/KADID/extracted/kadid10k/images/I66_01_03.png,I66.png,66,1,3,2.97,0.836
I66_01_05.png,/kaggle/working/MDFS/data/KADID/extracted/kadid10k/images/I66_01_05.png,I66.png,66,1,5,1.4,0.554
I66_02_02.png,/kaggle/working/MDFS/data/KADID/extracted/kadid10k/images/I66_02_02.png,I66.png,66,2,2,2.83,0.778
I66_02_04.png,/kaggle/working/MDFS/data/KADID/extracted/kadid10k/images/I66_02_04.png,I66.png,66,2,4,1.53,0.562
I66_03_01.png,/kaggle/working/MDFS/data/KADID/extracted/kadid10k/images/I66_03_01.png,I66.png,66,3,1,4.63,0.482
I66_03_03.png,/kaggle/working/MDFS/data/KADID/extracted/kadid10k/images/I66_03_03.png,I66.png,66,3,3,2.83,0.734
I66_03_05.png,/kaggle/working/MDFS/data/KADID/extracted/kadid10k/images/I66_03_05.png,I66.png,66,3,5,1.5,0.563
I66_04_02.png,/kaggle/working/MDFS/data/KADID/extracted/kadid10k/images/I66_04_02.png,I66.png,66,4,2,2.57,0.955
I66_04_04.png,/kaggle/working/MDFS/data/KADID/extracted/kadid10k/images/I66_04_04.png,I66.png,66,4,4,1.67,0.907
I66_05_01.png,/kaggle/working/MDFS/data/KADID/extracted/kadid10k/images/I66_05_01.png,I66.png,66,5,1,4.07,0.854
I66_05_03.png,/kaggle/working/MDFS/data/KADID/extracted/kadid10k/images/I66_05_03.png,I66.png,66,5,3,1.9,0.746
I66_05_05.png,/kaggle/working/MDFS/data/KADID/extracted/kadid10k/images/I66_05_05.png,I66.png,66,5,5,1.67,0.596
I66_06_02.png,/kaggle/working/MDFS/data/KADID/extracted/kadid10k/images/I66_06_02.png,I66.png,66,6,2,4.0,0.632
I66_06_04.png,/kaggle/working/MDFS/data/KADID/extracted/kadid10k/images/I66_06_04.png,I66.png,66,6,4,3.13,0.957
I66_07_01.png,/kaggle/working/MDFS/data/KADID/extracted/kadid10k/images/I66_07_01.png,I66.png,66,7,1,2.63,0.948
I66_07_03.png,/kaggle/working/MDFS/data/KADID/extracted/kadid10k/images/I66_07_03.png,I66.png,66,7,3,2.57,1.257
I66_07_05.png,/kaggle/working/MDFS/data/KADID/extracted/kadid10k/images/I66_07_05.png,I66.png,66,7,5,2.0,0.775
I66_08_02.png,/kaggle/working/MDFS/data/KADID/extracted/kadid10k/images/I66_08_02.png,I66.png,66,8,2,3.77,0.667
I66_08_04.png,/kaggle/working/MDFS/data/KADID/extracted/kadid10k/images/I66_08_04.png,I66.png,66,8,4,1.97,0.912
I66_09_01.png,/kaggle/working/MDFS/data/KADID/extracted/kadid10k/images/I66_09_01.png,I66.png,66,9,1,4.37,0.605
I66_09_03.png,/kaggle/working/MDFS/data/KADID/extracted/kadid10k/images/I66_09_03.png,I66.png,66,9,3,4.17,0.734
I66_09_05.png,/kaggle/working/MDFS/data/KADID/extracted/kadid10k/images/I66_09_05.png,I66.png,66,9,5,1.27,0.512
I66_10_02.png,/kaggle/working/MDFS/data/KADID/extracted/kadid10k/images/I66_10_02.png,I66.png,66,10,2,4.5,0.5
I66_10_04.png,/kaggle/working/MDFS/data/KADID/extracted/kadid10k/images/I66_10_04.png,I66.png,66,10,4,2.1,0.907
I66_11_01.png,/kaggle/working/MDFS/data/KADID/extracted/kadid10k/images/I66_11_01.png,I66.png,66,11,1,4.0,0.73
I66_11_03.png,/kaggle/working/MDFS/data/KADID/extracted/kadid10k/images/I66_11_03.png,I66.png,66,11,3,3.03,0.912
I66_11_05.png,/kaggle/working/MDFS/data/KADID/extracted/kadid10k/images/I66_11_05.png,I66.png,66,11,5,2.27,0.727
I66_12_02.png,/kaggle/working/MDFS/data/KADID/extracted/kadid10k/images/I66_12_02.png,I66.png,66,12,2,3.2,0.945
I66_12_04.png,/kaggle/working/MDFS/data/KADID/extracted/kadid10k/images/I66_12_04.png,I66.png,66,12,4,2.67,0.699
I66_13_01.png,/kaggle/working/MDFS/data/KADID/extracted/kadid10k/images/I66_13_01.png,I66.png,66,13,1,3.1,0.831
I66_13_03.png,/kaggle/working/MDFS/data/KADID/extracted/kadid10k/images/I66_13_03.png,I66.png,66,13,3,2.4,0.841
I66_13_05.png,/kaggle/working/MDFS/data/KADID/extracted/kadid10k/images/I66_13_05.png,I66.png,66,13,5,2.39,1.037
I66_14_02.png,/kaggle/working/MDFS/data/KADID/extracted/kadid10k/images/I66_14_02.png,I66.png,66,14,2,3.93,0.727
I66_14_04.png,/kaggle/working/MDFS/data/KADID/extracted/kadid10k/images/I66_14_04.png,I66.png,66,14,4,3.0,0.775
I66_15_01.png,/kaggle/working/MDFS/data/KADID/extracted/kadid10k/images/I66_15_01.png,I66.png,66,15,1,4.06,0.669
I66_15_03.png,/kaggle/working/MDFS/data/KADID/extracted/kadid10k/images/I66_15_03.png,I66.png,66,15,3,2.43,0.716
I66_15_05.png,/kaggle/working/MDFS/data/KADID/extracted/kadid10k/images/I66_15_05.png,I66.png,66,15,5,1.3,0.458
I66_16_02.png,/kaggle/working/MDFS/data/KADID/extracted/kadid10k/images/I66_16_02.png,I66.png,66,16,2,4.4,0.611
I66_16_04.png,/kaggle/working/MDFS/data/KADID/extracted/kadid10k/images/I66_16_04.png,I66.png,66,16,4,3.3,1.038
I66_17_01.png,/kaggle/working/MDFS/data/KADID/extracted/kadid10k/images/I66_17_01.png,I66.png,66,17,1,4.6,0.663
I66_17_03.png,/kaggle/working/MDFS/data/KADID/extracted/kadid10k/images/I66_17_03.png,I66.png,66,17,3,4.07,0.512
I66_17_05.png,/kaggle/working/MDFS/data/KADID/extracted/kadid10k/images/I66_17_05.png,I66.png,66,17,5,1.6,0.757
I66_18_02.png,/kaggle/working/MDFS/data/KADID/extracted/kadid10k/images/I66_18_02.png,I66.png,66,18,2,4.57,0.559
I66_18_04.png,/kaggle/working/MDFS/data/KADID/extracted/kadid10k/images/I66_18_04.png,I66.png,66,18,4,4.27,0.814
I66_19_01.png,/kaggle/working/MDFS/data/KADID/extracted/kadid10k/images/I66_19_01.png,I66.png,66,19,1,4.37,0.482
I66_19_03.png,/kaggle/working/MDFS/data/KADID/extracted/kadid10k/images/I66_19_03.png,I66.png,66,19,3,3.43,0.716
I66_19_05.png,/kaggle/working/MDFS/data/KADID/extracted/kadid10k/images/I66_19_05.png,I66.png,66,19,5,1.29,0.52
I66_20_02.png,/kaggle/working/MDFS/data/KADID/extracted/kadid10k/images/I66_20_02.png,I66.png,66,20,2,4.3,0.823
I66_20_04.png,/kaggle/working/MDFS/data/KADID/extracted/kadid10k/images/I66_20_04.png,I66.png,66,20,4,2.9,1.136
I66_21_01.png,/kaggle/working/MDFS/data/KADID/extracted/kadid10k/images/I66_21_01.png,I66.png,66,21,1,3.93,0.814
I66_21_03.png,/kaggle/working/MDFS/data/KADID/extracted/kadid10k/images/I66_21_03.png,I66.png,66,21,3,2.63,0.836
I66_21_05.png,/kaggle/working/MDFS/data/KADID/extracted/kadid10k/images/I66_21_05.png,I66.png,66,21,5,1.27,0.442
I66_22_02.png,/kaggle/working/MDFS/data/KADID/extracted/kadid10k/images/I66_22_02.png,I66.png,66,22,2,4.3,0.781
I66_22_04.png,/kaggle/working/MDFS/data/KADID/extracted/kadid10k/images/I66_22_04.png,I66.png,66,22,4,3.53,0.846
I66_23_01.png,/kaggle/working/MDFS/data/KADID/extracted/kadid10k/images/I66_23_01.png,I66.png,66,23,1,2.3,1.1
I66_23_03.png,/kaggle/working/MDFS/data/KADID/extracted/kadid10k/images/I66_23_03.png,I66.png,66,23,3,2.7,1.069
I66_23_05.png,/kaggle/working/MDFS/data/KADID/extracted/kadid10k/images/I66_23_05.png,I66.png,66,23,5,2.17,0.734
I66_24_02.png,/kaggle/working/MDFS/data/KADID/extracted/kadid10k/images/I66_24_02.png,I66.png,66,24,2,2.3,0.781
I66_24_04.png,/kaggle/working/MDFS/data/KADID/extracted/kadid10k/images/I66_24_04.png,I66.png,66,24,4,1.77,0.761
I66_25_01.png,/kaggle/working/MDFS/data/KADID/extracted/kadid10k/images/I66_25_01.png,I66.png,66,25,1,3.43,0.883
I66_25_03.png,/kaggle/working/MDFS/data/KADID/extracted/kadid10k/images/I66_25_03.png,I66.png,66,25,3,4.17,0.637
I66_25_05.png,/kaggle/working/MDFS/data/KADID/extracted/kadid10k/images/I66_25_05.png,I66.png,66,25,5,3.17,0.82
I67_01_02.png,/kaggle/working/MDFS/data/KADID/extracted/kadid10k/images/I67_01_02.png,I67.png,67,1,2,4.63,0.482
I67_01_04.png,/kaggle/working/MDFS/data/KADID/extracted/kadid10k/images/I67_01_04.png,I67.png,67,1,4,1.9,0.539
I67_02_01.png,/kaggle/working/MDFS/data/KADID/extracted/kadid10k/images/I67_02_01.png,I67.png,67,2,1,3.9,0.746
I67_02_03.png,/kaggle/working/MDFS/data/KADID/extracted/kadid10k/images/I67_02_03.png,I67.png,67,2,3,1.7,0.737
I67_02_05.png,/kaggle/working/MDFS/data/KADID/extracted/kadid10k/images/I67_02_05.png,I67.png,67,2,5,1.17,0.373
I67_03_02.png,/kaggle/working/MDFS/data/KADID/extracted/kadid10k/images/I67_03_02.png,I67.png,67,3,2,4.37,0.547
I67_03_04.png,/kaggle/working/MDFS/data/KADID/extracted/kadid10k/images/I67_03_04.png,I67.png,67,3,4,2.5,0.719
I67_04_01.png,/kaggle/working/MDFS/data/KADID/extracted/kadid10k/images/I67_04_01.png,I67.png,67,4,1,4.27,0.629
I67_04_03.png,/kaggle/working/MDFS/data/KADID/extracted/kadid10k/images/I67_04_03.png,I67.png,67,4,3,1.3,0.586
I67_04_05.png,/kaggle/working/MDFS/data/KADID/extracted/kadid10k/images/I67_04_05.png,I67.png,67,4,5,1.07,0.249
I67_05_02.png,/kaggle/working/MDFS/data/KADID/extracted/kadid10k/images/I67_05_02.png,I67.png,67,5,2,2.33,1.043
I67_05_04.png,/kaggle/working/MDFS/data/KADID/extracted/kadid10k/images/I67_05_04.png,I67.png,67,5,4,2.03,0.657
I67_06_01.png,/kaggle/working/MDFS/data/KADID/extracted/kadid10k/images/I67_06_01.png,I67.png,67,6,1,3.47,0.846
I67_06_03.png,/kaggle/working/MDFS/data/KADID/extracted/kadid10k/images/I67_06_03.png,I67.png,67,6,3,2.93,0.772
I67_06_05.png,/kaggle/working/MDFS/data/KADID/extracted/kadid10k/images/I67_06_05.png,I67.png,67,6,5,1.87,0.751
I67_07_02.png,/kaggle/working/MDFS/data/KADID/extracted/kadid10k/images/I67_07_02.png,I67.png,67,7,2,1.7,0.823
I67_07_04.png,/kaggle/working/MDFS/data/KADID/extracted/kadid10k/images/I67_07_04.png,I67.png,67,7,4,2.1,1.044
I67_08_01.png,/kaggle/working/MDFS/data/KADID/extracted/kadid10k/images/I67_08_01.png,I67.png,67,8,1,4.53,0.618
I67_08_03.png,/kaggle/working/MDFS/data/KADID/extracted/kadid10k/images/I67_08_03.png,I67.png,67,8,3,1.63,0.752
I67_08_05.png,/kaggle/working/MDFS/data/KADID/extracted/kadid10k/images/I67_08_05.png,I67.png,67,8,5,1.07,0.249
I67_09_02.png,/kaggle/working/MDFS/data/KADID/extracted/kadid10k/images/I67_09_02.png,I67.png,67,9,2,4.27,0.772
I67_09_04.png,/kaggle/working/MDFS/data/KADID/extracted/kadid10k/images/I67_09_04.png,I67.png,67,9,4,2.07,0.573
I67_10_01.png,/kaggle/working/MDFS/data/KADID/extracted/kadid10k/images/I67_10_01.png,I67.png,67,10,1,4.4,0.757
I67_10_03.png,/kaggle/working/MDFS/data/KADID/extracted/kadid10k/images/I67_10_03.png,I67.png,67,10,3,3.97,0.752
I67_10_05.png,/kaggle/working/MDFS/data/KADID/extracted/kadid10k/images/I67_10_05.png,I67.png,67,10,5,1.1,0.3
I67_11_02.png,/kaggle/working/MDFS/data/KADID/extracted/kadid10k/images/I67_11_02.png,I67.png,67,11,2,3.42,0.752
I67_11_04.png,/kaggle/working/MDFS/data/KADID/extracted/kadid10k/images/I67_11_04.png,I67.png,67,11,4,2.6,0.712
I67_12_01.png,/kaggle/working/MDFS/data/KADID/extracted/kadid10k/images/I67_12_01.png,I67.png,67,12,1,4.57,0.496
I67_12_03.png,/kaggle/working/MDFS/data/KADID/extracted/kadid10k/images/I67_12_03.png,I67.png,67,12,3,3.17,0.778
I67_12_05.png,/kaggle/working/MDFS/data/KADID/extracted/kadid10k/images/I67_12_05.png,I67.png,67,12,5,2.43,0.761
I67_13_02.png,/kaggle/working/MDFS/data/KADID/extracted/kadid10k/images/I67_13_02.png,I67.png,67,13,2,3.03,0.912
I67_13_04.png,/kaggle/working/MDFS/data/KADID/extracted/kadid10k/images/I67_13_04.png,I67.png,67,13,4,2.57,0.92
I67_14_01.png,/kaggle/working/MDFS/data/KADID/extracted/kadid10k/images/I67_14_01.png,I67.png,67,14,1,4.47,0.618
I67_14_03.png,/kaggle/working/MDFS/data/KADID/extracted/kadid10k/images/I67_14_03.png,I67.png,67,14,3,3.13,0.763
I67_14_05.png,/kaggle/working/MDFS/data/KADID/extracted/kadid10k/images/I67_14_05.png,I67.png,67,14,5,2.2,0.748
I67_15_02.png,/kaggle/working/MDFS/data/KADID/extracted/kadid10k/images/I67_15_02.png,I67.png,67,15,2,2.53,0.806
I67_15_04.png,/kaggle/working/MDFS/data/KADID/extracted/kadid10k/images/I67_15_04.png,I67.png,67,15,4,1.67,0.699
I67_16_01.png,/kaggle/working/MDFS/data/KADID/extracted/kadid10k/images/I67_16_01.png,I67.png,67,16,1,4.2,0.792
I67_16_03.png,/kaggle/working/MDFS/data/KADID/extracted/kadid10k/images/I67_16_03.png,I67.png,67,16,3,3.43,0.667
I67_16_05.png,/kaggle/working/MDFS/data/KADID/extracted/kadid10k/images/I67_16_05.png,I67.png,67,16,5,1.83,0.778
I67_17_02.png,/kaggle/working/MDFS/data/KADID/extracted/kadid10k/images/I67_17_02.png,I67.png,67,17,2,4.43,0.496
I67_17_04.png,/kaggle/working/MDFS/data/KADID/extracted/kadid10k/images/I67_17_04.png,I67.png,67,17,4,3.33,0.869
I67_18_01.png,/kaggle/working/MDFS/data/KADID/extracted/kadid10k/images/I67_18_01.png,I67.png,67,18,1,4.2,0.833
I67_18_03.png,/kaggle/working/MDFS/data/KADID/extracted/kadid10k/images/I67_18_03.png,I67.png,67,18,3,4.73,0.442
I67_18_05.png,/kaggle/working/MDFS/data/KADID/extracted/kadid10k/images/I67_18_05.png,I67.png,67,18,5,3.94,0.716
I67_19_02.png,/kaggle/working/MDFS/data/KADID/extracted/kadid10k/images/I67_19_02.png,I67.png,67,19,2,3.91,0.63
I67_19_04.png,/kaggle/working/MDFS/data/KADID/extracted/kadid10k/images/I67_19_04.png,I67.png,67,19,4,2.0,0.516
I67_20_01.png,/kaggle/working/MDFS/data/KADID/extracted/kadid10k/images/I67_20_01.png,I67.png,67,20,1,4.23,0.844
I67_20_03.png,/kaggle/working/MDFS/data/KADID/extracted/kadid10k/images/I67_20_03.png,I67.png,67,20,3,3.83,1.213
I67_20_05.png,/kaggle/working/MDFS/data/KADID/extracted/kadid10k/images/I67_20_05.png,I67.png,67,20,5,3.13,1.176
I67_21_02.png,/kaggle/working/MDFS/data/KADID/extracted/kadid10k/images/I67_21_02.png,I67.png,67,21,2,2.53,0.884
I67_21_04.png,/kaggle/working/MDFS/data/KADID/extracted/kadid10k/images/I67_21_04.png,I67.png,67,21,4,2.07,0.727
I67_22_01.png,/kaggle/working/MDFS/data/KADID/extracted/kadid10k/images/I67_22_01.png,I67.png,67,22,1,4.8,0.4
I67_22_03.png,/kaggle/working/MDFS/data/KADID/extracted/kadid10k/images/I67_22_03.png,I67.png,67,22,3,4.33,0.65
I67_22_05.png,/kaggle/working/MDFS/data/KADID/extracted/kadid10k/images/I67_22_05.png,I67.png,67,22,5,3.23,0.955
I67_23_02.png,/kaggle/working/MDFS/data/KADID/extracted/kadid10k/images/I67_23_02.png,I67.png,67,23,2,2.13,0.718
I67_23_04.png,/kaggle/working/MDFS/data/KADID/extracted/kadid10k/images/I67_23_04.png,I67.png,67,23,4,2.33,1.22
I67_24_01.png,/kaggle/working/MDFS/data/KADID/extracted/kadid10k/images/I67_24_01.png,I67.png,67,24,1,3.23,0.92
I67_24_03.png,/kaggle/working/MDFS/data/KADID/extracted/kadid10k/images/I67_24_03.png,I67.png,67,24,3,1.9,0.746
I67_24_05.png,/kaggle/working/MDFS/data/KADID/extracted/kadid10k/images/I67_24_05.png,I67.png,67,24,5,1.13,0.34
I67_25_02.png,/kaggle/working/MDFS/data/KADID/extracted/kadid10k/images/I67_25_02.png,I67.png,67,25,2,4.03,0.482
I67_25_04.png,/kaggle/working/MDFS/data/KADID/extracted/kadid10k/images/I67_25_04.png,I67.png,67,25,4,3.77,0.883
I68_01_01.png,/kaggle/working/MDFS/data/KADID/extracted/kadid10k/images/I68_01_01.png,I68.png,68,1,1,4.67,0.471
I68_01_03.png,/kaggle/working/MDFS/data/KADID/extracted/kadid10k/images/I68_01_03.png,I68.png,68,1,3,2.6,0.712
I68_01_05.png,/kaggle/working/MDFS/data/KADID/extracted/kadid10k/images/I68_01_05.png,I68.png,68,1,5,1.17,0.373
I68_02_02.png,/kaggle/working/MDFS/data/KADID/extracted/kadid10k/images/I68_02_02.png,I68.png,68,2,2,2.2,0.792
I68_02_04.png,/kaggle/working/MDFS/data/KADID/extracted/kadid10k/images/I68_02_04.png,I68.png,68,2,4,1.26,0.438
I68_03_01.png,/kaggle/working/MDFS/data/KADID/extracted/kadid10k/images/I68_03_01.png,I68.png,68,3,1,4.57,0.559
I68_03_03.png,/kaggle/working/MDFS/data/KADID/extracted/kadid10k/images/I68_03_03.png,I68.png,68,3,3,2.43,0.844
I68_03_05.png,/kaggle/working/MDFS/data/KADID/extracted/kadid10k/images/I68_03_05.png,I68.png,68,3,5,1.4,0.611
I68_04_02.png,/kaggle/working/MDFS/data/KADID/extracted/kadid10k/images/I68_04_02.png,I68.png,68,4,2,3.03,0.984
I68_04_04.png,/kaggle/working/MDFS/data/KADID/extracted/kadid10k/images/I68_04_04.png,I68.png,68,4,4,1.47,0.718
I68_05_01.png,/kaggle/working/MDFS/data/KADID/extracted/kadid10k/images/I68_05_01.png,I68.png,68,5,1,4.07,0.854
I68_05_03.png,/kaggle/working/MDFS/data/KADID/extracted/kadid10k/images/I68_05_03.png,I68.png,68,5,3,1.5,0.671
I68_05_05.png,/kaggle/working/MDFS/data/KADID/extracted/kadid10k/images/I68_05_05.png,I68.png,68,5,5,1.77,0.616
I68_06_02.png,/kaggle/working/MDFS/data/KADID/extracted/kadid10k/images/I68_06_02.png,I68.png,68,6,2,3.43,0.989
I68_06_04.png,/kaggle/working/MDFS/data/KADID/extracted/kadid10k/images/I68_06_04.png,I68.png,68,6,4,2.97,0.875
I68_07_01.png,/kaggle/working/MDFS/data/KADID/extracted/kadid10k/images/I68_07_01.png,I68.png,68,7,1,2.73,0.892
I68_07_03.png,/kaggle/working/MDFS/data/KADID/extracted/kadid10k/images/I68_07_03.png,I68.png,68,7,3,2.07,0.854
I68_07_05.png,/kaggle/working/MDFS/data/KADID/extracted/kadid10k/images/I68_07_05.png,I68.png,68,7,5,1.47,0.618
I68_08_02.png,/kaggle/working/MDFS/data/KADID/extracted/kadid10k/images/I68_08_02.png,I68.png,68,8,2,3.27,0.964
I68_08_04.png,/kaggle/working/MDFS/data/KADID/extracted/kadid10k/images/I68_08_04.png,I68.png,68,8,4,1.8,0.833
I68_09_01.png,/kaggle/working/MDFS/data/KADID/extracted/kadid10k/images/I68_09_01.png,I68.png,68,9,1,4.67,0.537
I68_09_03.png,/kaggle/working/MDFS/data/KADID/extracted/kadid10k/images/I68_09_03.png,I68.png,68,9,3,3.65,1.064
I68_09_05.png,/kaggle/working/MDFS/data/KADID/extracted/kadid10k/images/I68_09_05.png,I68.png,68,9,5,1.27,0.442
I68_10_02.png,/kaggle/working/MDFS/data/KADID/extracted/kadid10k/images/I68_10_02.png,I68.png,68,10,2,4.13,0.718
I68_10_04.png,/kaggle/working/MDFS/data/KADID/extracted/kadid10k/images/I68_10_04.png,I68.png,68,10,4,1.97,0.875
I68_11_01.png,/kaggle/working/MDFS/data/KADID/extracted/kadid10k/images/I68_11_01.png,I68.png,68,11,1,3.9,0.907
I68_11_03.png,/kaggle/working/MDFS/data/KADID/extracted/kadid10k/images/I68_11_03.png,I68.png,68,11,3,2.73,0.854
I68_11_05.png,/kaggle/working/MDFS/data/KADID/extracted/kadid10k/images/I68_11_05.png,I68.png,68,11,5,2.17,0.637
I68_12_02.png,/kaggle/working/MDFS/data/KADID/extracted/kadid10k/images/I68_12_02.png,I68.png,68,12,2,3.2,0.98
I68_12_04.png,/kaggle/working/MDFS/data/KADID/extracted/kadid10k/images/I68_12_04.png,I68.png,68,12,4,2.5,0.75
I68_13_01.png,/kaggle/working/MDFS/data/KADID/extracted/kadid10k/images/I68_13_01.png,I68.png,68,13,1,3.3,1.038
I68_13_03.png,/kaggle/working/MDFS/data/KADID/extracted/kadid10k/images/I68_13_03.png,I68.png,68,13,3,2.77,0.716
I68_13_05.png,/kaggle/working/MDFS/data/KADID/extracted/kadid10k/images/I68_13_05.png,I68.png,68,13,5,2.53,0.763
I68_14_02.png,/kaggle/working/MDFS/data/KADID/extracted/kadid10k/images/I68_14_02.png,I68.png,68,14,2,3.33,0.869
I68_14_04.png,/kaggle/working/MDFS/data/KADID/extracted/kadid10k/images/I68_14_04.png,I68.png,68,14,4,2.5,0.847
I68_15_01.png,/kaggle/working/MDFS/data/KADID/extracted/kadid10k/images/I68_15_01.png,I68.png,68,15,1,3.63,0.912
I68_15_03.png,/kaggle/working/MDFS/data/KADID/extracted/kadid10k/images/I68_15_03.png,I68.png,68,15,3,2.0,0.856
I68_15_05.png,/kaggle/working/MDFS/data/KADID/extracted/kadid10k/images/I68_15_05.png,I68.png,68,15,5,1.33,0.471
I68_16_02.png,/kaggle/working/MDFS/data/KADID/extracted/kadid10k/images/I68_16_02.png,I68.png,68,16,2,4.43,0.559
I68_16_04.png,/kaggle/working/MDFS/data/KADID/extracted/kadid10k/images/I68_16_04.png,I68.png,68,16,4,1.7,0.69
I68_17_01.png,/kaggle/working/MDFS/data/KADID/extracted/kadid10k/images/I68_17_01.png,I68.png,68,17,1,4.5,0.563
I68_17_03.png,/kaggle/working/MDFS/data/KADID/extracted/kadid10k/images/I68_17_03.png,I68.png,68,17,3,4.27,0.629
I68_17_05.png,/kaggle/working/MDFS/data/KADID/extracted/kadid10k/images/I68_17_05.png,I68.png,68,17,5,2.27,1.031
I68_18_02.png,/kaggle/working/MDFS/data/KADID/extracted/kadid10k/images/I68_18_02.png,I68.png,68,18,2,4.63,0.547
I68_18_04.png,/kaggle/working/MDFS/data/KADID/extracted/kadid10k/images/I68_18_04.png,I68.png,68,18,4,4.53,0.562
I68_19_01.png,/kaggle/working/MDFS/data/KADID/extracted/kadid10k/images/I68_19_01.png,I68.png,68,19,1,4.6,0.49
I68_19_03.png,/kaggle/working/MDFS/data/KADID/extracted/kadid10k/images/I68_19_03.png,I68.png,68,19,3,2.77,0.761
I68_19_05.png,/kaggle/working/MDFS/data/KADID/extracted/kadid10k/images/I68_19_05.png,I68.png,68,19,5,1.2,0.4
I68_20_02.png,/kaggle/working/MDFS/data/KADID/extracted/kadid10k/images/I68_20_02.png,I68.png,68,20,2,4.0,1.09
I68_20_04.png,/kaggle/working/MDFS/data/KADID/extracted/kadid10k/images/I68_20_04.png,I68.png,68,20,4,2.87,1.176
I68_21_01.png,/kaggle/working/MDFS/data/KADID/extracted/kadid10k/images/I68_21_01.png,I68.png,68,21,1,4.23,0.869
I68_21_03.png,/kaggle/working/MDFS/data/KADID/extracted/kadid10k/images/I68_21_03.png,I68.png,68,21,3,2.78,1.111
I68_21_05.png,/kaggle/working/MDFS/data/KADID/extracted/kadid10k/images/I68_21_05.png,I68.png,68,21,5,1.43,0.716
I68_22_02.png,/kaggle/working/MDFS/data/KADID/extracted/kadid10k/images/I68_22_02.png,I68.png,68,22,2,3.7,1.1
I68_22_04.png,/kaggle/working/MDFS/data/KADID/extracted/kadid10k/images/I68_22_04.png,I68.png,68,22,4,3.33,1.3
I68_23_01.png,/kaggle/working/MDFS/data/KADID/extracted/kadid10k/images/I68_23_01.png,I68.png,68,23,1,2.57,0.989
I68_23_03.png,/kaggle/working/MDFS/data/KADID/extracted/kadid10k/images/I68_23_03.png,I68.png,68,23,3,2.5,0.922
I68_23_05.png,/kaggle/working/MDFS/data/KADID/extracted/kadid10k/images/I68_23_05.png,I68.png,68,23,5,1.93,0.772
I68_24_02.png,/kaggle/working/MDFS/data/KADID/extracted/kadid10k/images/I68_24_02.png,I68.png,68,24,2,1.93,0.68
I68_24_04.png,/kaggle/working/MDFS/data/KADID/extracted/kadid10k/images/I68_24_04.png,I68.png,68,24,4,1.58,0.493
I68_25_01.png,/kaggle/working/MDFS/data/KADID/extracted/kadid10k/images/I68_25_01.png,I68.png,68,25,1,3.5,0.847
I68_25_03.png,/kaggle/working/MDFS/data/KADID/extracted/kadid10k/images/I68_25_03.png,I68.png,68,25,3,4.47,0.67
I68_25_05.png,/kaggle/working/MDFS/data/KADID/extracted/kadid10k/images/I68_25_05.png,I68.png,68,25,5,3.4,0.879
I69_01_02.png,/kaggle/working/MDFS/data/KADID/extracted/kadid10k/images/I69_01_02.png,I69.png,69,1,2,4.63,0.547
I69_01_04.png,/kaggle/working/MDFS/data/KADID/extracted/kadid10k/images/I69_01_04.png,I69.png,69,1,4,2.13,0.618
I69_02_01.png,/kaggle/working/MDFS/data/KADID/extracted/kadid10k/images/I69_02_01.png,I69.png,69,2,1,4.03,0.657
I69_02_03.png,/kaggle/working/MDFS/data/KADID/extracted/kadid10k/images/I69_02_03.png,I69.png,69,2,3,1.5,0.619
I69_02_05.png,/kaggle/working/MDFS/data/KADID/extracted/kadid10k/images/I69_02_05.png,I69.png,69,2,5,1.4,0.49
I69_03_02.png,/kaggle/working/MDFS/data/KADID/extracted/kadid10k/images/I69_03_02.png,I69.png,69,3,2,4.1,0.746
I69_03_04.png,/kaggle/working/MDFS/data/KADID/extracted/kadid10k/images/I69_03_04.png,I69.png,69,3,4,2.4,0.757
I69_04_01.png,/kaggle/working/MDFS/data/KADID/extracted/kadid10k/images/I69_04_01.png,I69.png,69,4,1,4.39,0.549
I69_04_03.png,/kaggle/working/MDFS/data/KADID/extracted/kadid10k/images/I69_04_03.png,I69.png,69,4,3,1.57,0.616
I69_04_05.png,/kaggle/working/MDFS/data/KADID/extracted/kadid10k/images/I69_04_05.png,I69.png,69,4,5,1.17,0.373
I69_05_02.png,/kaggle/working/MDFS/data/KADID/extracted/kadid10k/images/I69_05_02.png,I69.png,69,5,2,3.0,1.0
I69_05_04.png,/kaggle/working/MDFS/data/KADID/extracted/kadid10k/images/I69_05_04.png,I69.png,69,5,4,2.13,0.763
I69_06_01.png,/kaggle/working/MDFS/data/KADID/extracted/kadid10k/images/I69_06_01.png,I69.png,69,6,1,4.27,0.512
I69_06_03.png,/kaggle/working/MDFS/data/KADID/extracted/kadid10k/images/I69_06_03.png,I69.png,69,6,3,3.63,0.948
I69_06_05.png,/kaggle/working/MDFS/data/KADID/extracted/kadid10k/images/I69_06_05.png,I69.png,69,6,5,2.73,0.929
I69_07_02.png,/kaggle/working/MDFS/data/KADID/extracted/kadid10k/images/I69_07_02.png,I69.png,69,7,2,2.48,1.103
I69_07_04.png,/kaggle/working/MDFS/data/KADID/extracted/kadid10k/images/I69_07_04.png,I69.png,69,7,4,2.3,1.069
I69_08_01.png,/kaggle/working/MDFS/data/KADID/extracted/kadid10k/images/I69_08_01.png,I69.png,69,8,1,4.3,0.737
I69_08_03.png,/kaggle/working/MDFS/data/KADID/extracted/kadid10k/images/I69_08_03.png,I69.png,69,8,3,3.23,0.883
I69_08_05.png,/kaggle/working/MDFS/data/KADID/extracted/kadid10k/images/I69_08_05.png,I69.png,69,8,5,1.57,0.616
I69_09_02.png,/kaggle/working/MDFS/data/KADID/extracted/kadid10k/images/I69_09_02.png,I69.png,69,9,2,4.67,0.471
I69_09_04.png,/kaggle/working/MDFS/data/KADID/extracted/kadid10k/images/I69_09_04.png,I69.png,69,9,4,3.1,0.978
I69_10_01.png,/kaggle/working/MDFS/data/KADID/extracted/kadid10k/images/I69_10_01.png,I69.png,69,10,1,4.07,0.814
I69_10_03.png,/kaggle/working/MDFS/data/KADID/extracted/kadid10k/images/I69_10_03.png,I69.png,69,10,3,4.0,0.73
I69_10_05.png,/kaggle/working/MDFS/data/KADID/extracted/kadid10k/images/I69_10_05.png,I69.png,69,10,5,1.27,0.442
I69_11_02.png,/kaggle/working/MDFS/data/KADID/extracted/kadid10k/images/I69_11_02.png,I69.png,69,11,2,3.27,0.929
I69_11_04.png,/kaggle/working/MDFS/data/KADID/extracted/kadid10k/images/I69_11_04.png,I69.png,69,11,4,2.77,0.705
I69_12_01.png,/kaggle/working/MDFS/data/KADID/extracted/kadid10k/images/I69_12_01.png,I69.png,69,12,1,4.37,0.657
I69_12_03.png,/kaggle/working/MDFS/data/KADID/extracted/kadid10k/images/I69_12_03.png,I69.png,69,12,3,3.13,0.806
I69_12_05.png,/kaggle/working/MDFS/data/KADID/extracted/kadid10k/images/I69_12_05.png,I69.png,69,12,5,2.27,0.68
I69_13_02.png,/kaggle/working/MDFS/data/KADID/extracted/kadid10k/images/I69_13_02.png,I69.png,69,13,2,2.97,0.983
I69_13_04.png,/kaggle/working/MDFS/data/KADID/extracted/kadid10k/images/I69_13_04.png,I69.png,69,13,4,2.57,0.883
I69_14_01.png,/kaggle/working/MDFS/data/KADID/extracted/kadid10k/images/I69_14_01.png,I69.png,69,14,1,4.6,0.554
I69_14_03.png,/kaggle/working/MDFS/data/KADID/extracted/kadid10k/images/I69_14_03.png,I69.png,69,14,3,3.17,1.067
I69_14_05.png,/kaggle/working/MDFS/data/KADID/extracted/kadid10k/images/I69_14_05.png,I69.png,69,14,5,2.47,0.846
I69_15_02.png,/kaggle/working/MDFS/data/KADID/extracted/kadid10k/images/I69_15_02.png,I69.png,69,15,2,2.93,0.772
I69_15_04.png,/kaggle/working/MDFS/data/KADID/extracted/kadid10k/images/I69_15_04.png,I69.png,69,15,4,1.59,0.655
I69_16_01.png,/kaggle/working/MDFS/data/KADID/extracted/kadid10k/images/I69_16_01.png,I69.png,69,16,1,4.57,0.559
I69_16_03.png,/kaggle/working/MDFS/data/KADID/extracted/kadid10k/images/I69_16_03.png,I69.png,69,16,3,3.77,0.761
I69_16_05.png,/kaggle/working/MDFS/data/KADID/extracted/kadid10k/images/I69_16_05.png,I69.png,69,16,5,2.43,0.92
I69_17_02.png,/kaggle/working/MDFS/data/KADID/extracted/kadid10k/images/I69_17_02.png,I69.png,69,17,2,4.77,0.423
I69_17_04.png,/kaggle/working/MDFS/data/KADID/extracted/kadid10k/images/I69_17_04.png,I69.png,69,17,4,3.5,0.957
I69_18_01.png,/kaggle/working/MDFS/data/KADID/extracted/kadid10k/images/I69_18_01.png,I69.png,69,18,1,4.07,0.772
I69_18_03.png,/kaggle/working/MDFS/data/KADID/extracted/kadid10k/images/I69_18_03.png,I69.png,69,18,3,4.67,0.471
I69_18_05.png,/kaggle/working/MDFS/data/KADID/extracted/kadid10k/images/I69_18_05.png,I69.png,69,18,5,4.17,0.582
I69_19_02.png,/kaggle/working/MDFS/data/KADID/extracted/kadid10k/images/I69_19_02.png,I69.png,69,19,2,4.13,0.618
I69_19_04.png,/kaggle/working/MDFS/data/KADID/extracted/kadid10k/images/I69_19_04.png,I69.png,69,19,4,2.0,0.856
I69_20_01.png,/kaggle/working/MDFS/data/KADID/extracted/kadid10k/images/I69_20_01.png,I69.png,69,20,1,4.5,0.5
I69_20_03.png,/kaggle/working/MDFS/data/KADID/extracted/kadid10k/images/I69_20_03.png,I69.png,69,20,3,4.3,0.737
I69_20_05.png,/kaggle/working/MDFS/data/KADID/extracted/kadid10k/images/I69_20_05.png,I69.png,69,20,5,3.37,1.278
I69_21_02.png,/kaggle/working/MDFS/data/KADID/extracted/kadid10k/images/I69_21_02.png,I69.png,69,21,2,3.2,0.748
I69_21_04.png,/kaggle/working/MDFS/data/KADID/extracted/kadid10k/images/I69_21_04.png,I69.png,69,21,4,3.23,1.174
I69_22_01.png,/kaggle/working/MDFS/data/KADID/extracted/kadid10k/images/I69_22_01.png,I69.png,69,22,1,4.23,0.559
I69_22_03.png,/kaggle/working/MDFS/data/KADID/extracted/kadid10k/images/I69_22_03.png,I69.png,69,22,3,4.07,0.68
I69_22_05.png,/kaggle/working/MDFS/data/KADID/extracted/kadid10k/images/I69_22_05.png,I69.png,69,22,5,2.87,1.204
I69_23_02.png,/kaggle/working/MDFS/data/KADID/extracted/kadid10k/images/I69_23_02.png,I69.png,69,23,2,2.68,1.202
I69_23_04.png,/kaggle/working/MDFS/data/KADID/extracted/kadid10k/images/I69_23_04.png,I69.png,69,23,4,2.6,0.917
I69_24_01.png,/kaggle/working/MDFS/data/KADID/extracted/kadid10k/images/I69_24_01.png,I69.png,69,24,1,3.87,0.806
I69_24_03.png,/kaggle/working/MDFS/data/KADID/extracted/kadid10k/images/I69_24_03.png,I69.png,69,24,3,2.47,0.921
I69_24_05.png,/kaggle/working/MDFS/data/KADID/extracted/kadid10k/images/I69_24_05.png,I69.png,69,24,5,1.37,0.547
I69_25_02.png,/kaggle/working/MDFS/data/KADID/extracted/kadid10k/images/I69_25_02.png,I69.png,69,25,2,4.07,0.512
I69_25_04.png,/kaggle/working/MDFS/data/KADID/extracted/kadid10k/images/I69_25_04.png,I69.png,69,25,4,3.73,0.727
I70_01_01.png,/kaggle/working/MDFS/data/KADID/extracted/kadid10k/images/I70_01_01.png,I70.png,70,1,1,4.73,0.442
I70_01_03.png,/kaggle/working/MDFS/data/KADID/extracted/kadid10k/images/I70_01_03.png,I70.png,70,1,3,2.9,0.817
I70_01_05.png,/kaggle/working/MDFS/data/KADID/extracted/kadid10k/images/I70_01_05.png,I70.png,70,1,5,1.23,0.423
I70_02_02.png,/kaggle/working/MDFS/data/KADID/extracted/kadid10k/images/I70_02_02.png,I70.png,70,2,2,2.7,0.69
I70_02_04.png,/kaggle/working/MDFS/data/KADID/extracted/kadid10k/images/I70_02_04.png,I70.png,70,2,4,1.63,0.605
I70_03_01.png,/kaggle/working/MDFS/data/KADID/extracted/kadid10k/images/I70_03_01.png,I70.png,70,3,1,4.63,0.482
I70_03_03.png,/kaggle/working/MDFS/data/KADID/extracted/kadid10k/images/I70_03_03.png,I70.png,70,3,3,2.93,0.929
I70_03_05.png,/kaggle/working/MDFS/data/KADID/extracted/kadid10k/images/I70_03_05.png,I70.png,70,3,5,1.73,0.68
I70_04_02.png,/kaggle/working/MDFS/data/KADID/extracted/kadid10k/images/I70_04_02.png,I70.png,70,4,2,2.93,0.929
I70_04_04.png,/kaggle/working/MDFS/data/KADID/extracted/kadid10k/images/I70_04_04.png,I70.png,70,4,4,1.33,0.471
I70_05_01.png,/kaggle/working/MDFS/data/KADID/extracted/kadid10k/images/I70_05_01.png,I70.png,70,5,1,4.23,0.559
I70_05_03.png,/kaggle/working/MDFS/data/KADID/extracted/kadid10k/images/I70_05_03.png,I70.png,70,5,3,1.83,0.778
I70_05_05.png,/kaggle/working/MDFS/data/KADID/extracted/kadid10k/images/I70_05_05.png,I70.png,70,5,5,1.7,0.69
I70_06_02.png,/kaggle/working/MDFS/data/KADID/extracted/kadid10k/images/I70_06_02.png,I70.png,70,6,2,3.9,0.87
I70_06_04.png,/kaggle/working/MDFS/data/KADID/extracted/kadid10k/images/I70_06_04.png,I70.png,70,6,4,2.5,0.992
I70_07_01.png,/kaggle/working/MDFS/data/KADID/extracted/kadid10k/images/I70_07_01.png,I70.png,70,7,1,2.3,0.737
I70_07_03.png,/kaggle/working/MDFS/data/KADID/extracted/kadid10k/images/I70_07_03.png,I70.png,70,7,3,2.17,0.969
I70_07_05.png,/kaggle/working/MDFS/data/KADID/extracted/kadid10k/images/I70_07_05.png,I70.png,70,7,5,1.77,0.716
I70_08_02.png,/kaggle/working/MDFS/data/KADID/extracted/kadid10k/images/I70_08_02.png,I70.png,70,8,2,3.8,0.542
I70_08_04.png,/kaggle/working/MDFS/data/KADID/extracted/kadid10k/images/I70_08_04.png,I70.png,70,8,4,1.43,0.559
I70_09_01.png,/kaggle/working/MDFS/data/KADID/extracted/kadid10k/images/I70_09_01.png,I70.png,70,9,1,4.6,0.49
I70_09_03.png,/kaggle/working/MDFS/data/KADID/extracted/kadid10k/images/I70_09_03.png,I70.png,70,9,3,4.07,0.854
I70_09_05.png,/kaggle/working/MDFS/data/KADID/extracted/kadid10k/images/I70_09_05.png,I70.png,70,9,5,1.23,0.616
I70_10_02.png,/kaggle/working/MDFS/data/KADID/extracted/kadid10k/images/I70_10_02.png,I70.png,70,10,2,4.4,0.712
I70_10_04.png,/kaggle/working/MDFS/data/KADID/extracted/kadid10k/images/I70_10_04.png,I70.png,70,10,4,2.23,0.844
I70_11_01.png,/kaggle/working/MDFS/data/KADID/extracted/kadid10k/images/I70_11_01.png,I70.png,70,11,1,4.4,0.757
I70_11_03.png,/kaggle/working/MDFS/data/KADID/extracted/kadid10k/images/I70_11_03.png,I70.png,70,11,3,2.83,0.898
I70_11_05.png,/kaggle/working/MDFS/data/KADID/extracted/kadid10k/images/I70_11_05.png,I70.png,70,11,5,2.03,0.547
I70_12_02.png,/kaggle/working/MDFS/data/KADID/extracted/kadid10k/images/I70_12_02.png,I70.png,70,12,2,4.03,0.912
I70_12_04.png,/kaggle/working/MDFS/data/KADID/extracted/kadid10k/images/I70_12_04.png,I70.png,70,12,4,2.5,0.847
I70_13_01.png,/kaggle/working/MDFS/data/KADID/extracted/kadid10k/images/I70_13_01.png,I70.png,70,13,1,3.77,0.989
I70_13_03.png,/kaggle/working/MDFS/data/KADID/extracted/kadid10k/images/I70_13_03.png,I70.png,70,13,3,2.53,0.806
I70_13_05.png,/kaggle/working/MDFS/data/KADID/extracted/kadid10k/images/I70_13_05.png,I70.png,70,13,5,2.07,0.772
I70_14_02.png,/kaggle/working/MDFS/data/KADID/extracted/kadid10k/images/I70_14_02.png,I70.png,70,14,2,3.73,1.031
I70_14_04.png,/kaggle/working/MDFS/data/KADID/extracted/kadid10k/images/I70_14_04.png,I70.png,70,14,4,2.47,0.846
I70_15_01.png,/kaggle/working/MDFS/data/KADID/extracted/kadid10k/images/I70_15_01.png,I70.png,70,15,1,4.13,0.67
I70_15_03.png,/kaggle/working/MDFS/data/KADID/extracted/kadid10k/images/I70_15_03.png,I70.png,70,15,3,2.5,0.719
I70_15_05.png,/kaggle/working/MDFS/data/KADID/extracted/kadid10k/images/I70_15_05.png,I70.png,70,15,5,1.6,0.49
I70_16_02.png,/kaggle/working/MDFS/data/KADID/extracted/kadid10k/images/I70_16_02.png,I70.png,70,16,2,4.7,0.458
I70_16_04.png,/kaggle/working/MDFS/data/KADID/extracted/kadid10k/images/I70_16_04.png,I70.png,70,16,4,2.83,1.003
I70_17_01.png,/kaggle/working/MDFS/data/KADID/extracted/kadid10k/images/I70_17_01.png,I70.png,70,17,1,4.7,0.526
I70_17_03.png,/kaggle/working/MDFS/data/KADID/extracted/kadid10k/images/I70_17_03.png,I70.png,70,17,3,4.53,0.499
I70_17_05.png,/kaggle/working/MDFS/data/KADID/extracted/kadid10k/images/I70_17_05.png,I70.png,70,17,5,2.43,0.955
I70_18_02.png,/kaggle/working/MDFS/data/KADID/extracted/kadid10k/images/I70_18_02.png,I70.png,70,18,2,4.57,0.496
I70_18_04.png,/kaggle/working/MDFS/data/KADID/extracted/kadid10k/images/I70_18_04.png,I70.png,70,18,4,4.8,0.476
I70_19_01.png,/kaggle/working/MDFS/data/KADID/extracted/kadid10k/images/I70_19_01.png,I70.png,70,19,1,4.43,0.716
I70_19_03.png,/kaggle/working/MDFS/data/KADID/extracted/kadid10k/images/I70_19_03.png,I70.png,70,19,3,3.17,0.969
I70_19_05.png,/kaggle/working/MDFS/data/KADID/extracted/kadid10k/images/I70_19_05.png,I70.png,70,19,5,1.37,0.482
I70_20_02.png,/kaggle/working/MDFS/data/KADID/extracted/kadid10k/images/I70_20_02.png,I70.png,70,20,2,4.1,1.044
I70_20_04.png,/kaggle/working/MDFS/data/KADID/extracted/kadid10k/images/I70_20_04.png,I70.png,70,20,4,3.17,0.969
I70_21_01.png,/kaggle/working/MDFS/data/KADID/extracted/kadid10k/images/I70_21_01.png,I70.png,70,21,1,3.47,0.991
I70_21_03.png,/kaggle/working/MDFS/data/KADID/extracted/kadid10k/images/I70_21_03.png,I70.png,70,21,3,2.77,1.086
I70_21_05.png,/kaggle/working/MDFS/data/KADID/extracted/kadid10k/images/I70_21_05.png,I70.png,70,21,5,1.43,0.559
I70_22_02.png,/kaggle/working/MDFS/data/KADID/extracted/kadid10k/images/I70_22_02.png,I70.png,70,22,2,4.53,0.718
I70_22_04.png,/kaggle/working/MDFS/data/KADID/extracted/kadid10k/images/I70_22_04.png,I70.png,70,22,4,3.7,0.9
I70_23_01.png,/kaggle/working/MDFS/data/KADID/extracted/kadid10k/images/I70_23_01.png,I70.png,70,23,1,3.4,1.172
I70_23_03.png,/kaggle/working/MDFS/data/KADID/extracted/kadid10k/images/I70_23_03.png,I70.png,70,23,3,2.47,1.118
I70_23_05.png,/kaggle/working/MDFS/data/KADID/extracted/kadid10k/images/I70_23_05.png,I70.png,70,23,5,2.33,0.943
I70_24_02.png,/kaggle/working/MDFS/data/KADID/extracted/kadid10k/images/I70_24_02.png,I70.png,70,24,2,2.33,0.907
I70_24_04.png,/kaggle/working/MDFS/data/KADID/extracted/kadid10k/images/I70_24_04.png,I70.png,70,24,4,2.07,1.062
I70_25_01.png,/kaggle/working/MDFS/data/KADID/extracted/kadid10k/images/I70_25_01.png,I70.png,70,25,1,3.8,0.945
I70_25_03.png,/kaggle/working/MDFS/data/KADID/extracted/kadid10k/images/I70_25_03.png,I70.png,70,25,3,4.63,0.482
I70_25_05.png,/kaggle/working/MDFS/data/KADID/extracted/kadid10k/images/I70_25_05.png,I70.png,70,25,5,3.0,1.125
I71_01_02.png,/kaggle/working/MDFS/data/KADID/extracted/kadid10k/images/I71_01_02.png,I71.png,71,1,2,4.34,0.775
I71_01_04.png,/kaggle/working/MDFS/data/KADID/extracted/kadid10k/images/I71_01_04.png,I71.png,71,1,4,1.4,0.49
I71_02_01.png,/kaggle/working/MDFS/data/KADID/extracted/kadid10k/images/I71_02_01.png,I71.png,71,2,1,3.68,0.778
I71_02_03.png,/kaggle/working/MDFS/data/KADID/extracted/kadid10k/images/I71_02_03.png,I71.png,71,2,3,1.77,0.616
I71_02_05.png,/kaggle/working/MDFS/data/KADID/extracted/kadid10k/images/I71_02_05.png,I71.png,71,2,5,1.27,0.442
I71_03_02.png,/kaggle/working/MDFS/data/KADID/extracted/kadid10k/images/I71_03_02.png,I71.png,71,3,2,3.3,1.069
I71_03_04.png,/kaggle/working/MDFS/data/KADID/extracted/kadid10k/images/I71_03_04.png,I71.png,71,3,4,2.03,0.605
I71_04_01.png,/kaggle/working/MDFS/data/KADID/extracted/kadid10k/images/I71_04_01.png,I71.png,71,4,1,4.1,0.7
I71_04_03.png,/kaggle/working/MDFS/data/KADID/extracted/kadid10k/images/I71_04_03.png,I71.png,71,4,3,1.37,0.657
I71_04_05.png,/kaggle/working/MDFS/data/KADID/extracted/kadid10k/images/I71_04_05.png,I71.png,71,4,5,1.2,0.4
I71_05_02.png,/kaggle/working/MDFS/data/KADID/extracted/kadid10k/images/I71_05_02.png,I71.png,71,5,2,2.27,0.929
I71_05_04.png,/kaggle/working/MDFS/data/KADID/extracted/kadid10k/images/I71_05_04.png,I71.png,71,5,4,1.87,0.884
I71_06_01.png,/kaggle/working/MDFS/data/KADID/extracted/kadid10k/images/I71_06_01.png,I71.png,71,6,1,3.7,0.862
I71_06_03.png,/kaggle/working/MDFS/data/KADID/extracted/kadid10k/images/I71_06_03.png,I71.png,71,6,3,3.33,1.106
I71_06_05.png,/kaggle/working/MDFS/data/KADID/extracted/kadid10k/images/I71_06_05.png,I71.png,71,6,5,2.67,0.978
I71_07_02.png,/kaggle/working/MDFS/data/KADID/extracted/kadid10k/images/I71_07_02.png,I71.png,71,7,2,2.47,0.991
I71_07_04.png,/kaggle/working/MDFS/data/KADID/extracted/kadid10k/images/I71_07_04.png,I71.png,71,7,4,2.0,0.816
I71_08_01.png,/kaggle/working/MDFS/data/KADID/extracted/kadid10k/images/I71_08_01.png,I71.png,71,8,1,4.77,0.423
I71_08_03.png,/kaggle/working/MDFS/data/KADID/extracted/kadid10k/images/I71_08_03.png,I71.png,71,8,3,2.52,0.837
I71_08_05.png,/kaggle/working/MDFS/data/KADID/extracted/kadid10k/images/I71_08_05.png,I71.png,71,8,5,1.27,0.573
I71_09_02.png,/kaggle/working/MDFS/data/KADID/extracted/kadid10k/images/I71_09_02.png,I71.png,71,9,2,3.87,0.846
I71_09_04.png,/kaggle/working/MDFS/data/KADID/extracted/kadid10k/images/I71_09_04.png,I71.png,71,9,4,1.87,0.618
I71_10_01.png,/kaggle/working/MDFS/data/KADID/extracted/kadid10k/images/I71_10_01.png,I71.png,71,10,1,4.27,0.772
I71_10_03.png,/kaggle/working/MDFS/data/KADID/extracted/kadid10k/images/I71_10_03.png,I71.png,71,10,3,3.19,0.93
I71_10_05.png,/kaggle/working/MDFS/data/KADID/extracted/kadid10k/images/I71_10_05.png,I71.png,71,10,5,1.33,0.471
I71_11_02.png,/kaggle/working/MDFS/data/KADID/extracted/kadid10k/images/I71_11_02.png,I71.png,71,11,2,2.83,0.734
I71_11_04.png,/kaggle/working/MDFS/data/KADID/extracted/kadid10k/images/I71_11_04.png,I71.png,71,11,4,2.47,0.921
I71_12_01.png,/kaggle/working/MDFS/data/KADID/extracted/kadid10k/images/I71_12_01.png,I71.png,71,12,1,4.27,0.68
I71_12_03.png,/kaggle/working/MDFS/data/KADID/extracted/kadid10k/images/I71_12_03.png,I71.png,71,12,3,2.77,0.716
I71_12_05.png,/kaggle/working/MDFS/data/KADID/extracted/kadid10k/images/I71_12_05.png,I71.png,71,12,5,2.2,0.792
I71_13_02.png,/kaggle/working/MDFS/data/KADID/extracted/kadid10k/images/I71_13_02.png,I71.png,71,13,2,2.6,0.841
I71_13_04.png,/kaggle/working/MDFS/data/KADID/extracted/kadid10k/images/I71_13_04.png,I71.png,71,13,4,2.4,0.663
I71_14_01.png,/kaggle/working/MDFS/data/KADID/extracted/kadid10k/images/I71_14_01.png,I71.png,71,14,1,3.7,0.823
I71_14_03.png,/kaggle/working/MDFS/data/KADID/extracted/kadid10k/images/I71_14_03.png,I71.png,71,14,3,2.37,0.752
I71_14_05.png,/kaggle/working/MDFS/data/KADID/extracted/kadid10k/images/I71_14_05.png,I71.png,71,14,5,1.67,0.65
I71_15_02.png,/kaggle/working/MDFS/data/KADID/extracted/kadid10k/images/I71_15_02.png,I71.png,71,15,2,1.83,0.734
I71_15_04.png,/kaggle/working/MDFS/data/KADID/extracted/kadid10k/images/I71_15_04.png,I71.png,71,15,4,1.3,0.458
I71_16_01.png,/kaggle/working/MDFS/data/KADID/extracted/kadid10k/images/I71_16_01.png,I71.png,71,16,1,4.33,0.699
I71_16_03.png,/kaggle/working/MDFS/data/KADID/extracted/kadid10k/images/I71_16_03.png,I71.png,71,16,3,3.5,0.719
I71_16_05.png,/kaggle/working/MDFS/data/KADID/extracted/kadid10k/images/I71_16_05.png,I71.png,71,16,5,1.4,0.611
I71_17_02.png,/kaggle/working/MDFS/data/KADID/extracted/kadid10k/images/I71_17_02.png,I71.png,71,17,2,4.4,0.554
I71_17_04.png,/kaggle/working/MDFS/data/KADID/extracted/kadid10k/images/I71_17_04.png,I71.png,71,17,4,3.63,0.547
I71_18_01.png,/kaggle/working/MDFS/data/KADID/extracted/kadid10k/images/I71_18_01.png,I71.png,71,18,1,3.73,0.772
I71_18_03.png,/kaggle/working/MDFS/data/KADID/extracted/kadid10k/images/I71_18_03.png,I71.png,71,18,3,4.63,0.482
I71_18_05.png,/kaggle/working/MDFS/data/KADID/extracted/kadid10k/images/I71_18_05.png,I71.png,71,18,5,3.81,0.692
I71_19_02.png,/kaggle/working/MDFS/data/KADID/extracted/kadid10k/images/I71_19_02.png,I71.png,71,19,2,3.7,0.69
I71_19_04.png,/kaggle/working/MDFS/data/KADID/extracted/kadid10k/images/I71_19_04.png,I71.png,71,19,4,1.53,0.618
I71_20_01.png,/kaggle/working/MDFS/data/KADID/extracted/kadid10k/images/I71_20_01.png,I71.png,71,20,1,4.47,0.618
I71_20_03.png,/kaggle/working/MDFS/data/KADID/extracted/kadid10k/images/I71_20_03.png,I71.png,71,20,3,2.73,1.181
I71_20_05.png,/kaggle/working/MDFS/data/KADID/extracted/kadid10k/images/I71_20_05.png,I71.png,71,20,5,2.63,0.948
I71_21_02.png,/kaggle/working/MDFS/data/KADID/extracted/kadid10k/images/I71_21_02.png,I71.png,71,21,2,2.93,1.123
I71_21_04.png,/kaggle/working/MDFS/data/KADID/extracted/kadid10k/images/I71_21_04.png,I71.png,71,21,4,2.63,0.983
I71_22_01.png,/kaggle/working/MDFS/data/KADID/extracted/kadid10k/images/I71_22_01.png,I71.png,71,22,1,4.0,1.0
I71_22_03.png,/kaggle/working/MDFS/data/KADID/extracted/kadid10k/images/I71_22_03.png,I71.png,71,22,3,3.5,0.957
I71_22_05.png,/kaggle/working/MDFS/data/KADID/extracted/kadid10k/images/I71_22_05.png,I71.png,71,22,5,2.53,0.991
I71_23_02.png,/kaggle/working/MDFS/data/KADID/extracted/kadid10k/images/I71_23_02.png,I71.png,71,23,2,2.43,0.844
I71_23_04.png,/kaggle/working/MDFS/data/KADID/extracted/kadid10k/images/I71_23_04.png,I71.png,71,23,4,2.03,0.752
I71_24_01.png,/kaggle/working/MDFS/data/KADID/extracted/kadid10k/images/I71_24_01.png,I71.png,71,24,1,3.77,0.716
I71_24_03.png,/kaggle/working/MDFS/data/KADID/extracted/kadid10k/images/I71_24_03.png,I71.png,71,24,3,2.27,0.727
I71_24_05.png,/kaggle/working/MDFS/data/KADID/extracted/kadid10k/images/I71_24_05.png,I71.png,71,24,5,1.3,0.526
I71_25_02.png,/kaggle/working/MDFS/data/KADID/extracted/kadid10k/images/I71_25_02.png,I71.png,71,25,2,3.73,0.814
I71_25_04.png,/kaggle/working/MDFS/data/KADID/extracted/kadid10k/images/I71_25_04.png,I71.png,71,25,4,4.3,0.526
I72_01_01.png,/kaggle/working/MDFS/data/KADID/extracted/kadid10k/images/I72_01_01.png,I72.png,72,1,1,4.33,0.745
I72_01_03.png,/kaggle/working/MDFS/data/KADID/extracted/kadid10k/images/I72_01_03.png,I72.png,72,1,3,2.63,0.752
I72_01_05.png,/kaggle/working/MDFS/data/KADID/extracted/kadid10k/images/I72_01_05.png,I72.png,72,1,5,1.03,0.18
I72_02_02.png,/kaggle/working/MDFS/data/KADID/extracted/kadid10k/images/I72_02_02.png,I72.png,72,2,2,2.33,0.907
I72_02_04.png,/kaggle/working/MDFS/data/KADID/extracted/kadid10k/images/I72_02_04.png,I72.png,72,2,4,1.27,0.442
I72_03_01.png,/kaggle/working/MDFS/data/KADID/extracted/kadid10k/images/I72_03_01.png,I72.png,72,3,1,4.53,0.618
I72_03_03.png,/kaggle/working/MDFS/data/KADID/extracted/kadid10k/images/I72_03_03.png,I72.png,72,3,3,2.93,0.772
I72_03_05.png,/kaggle/working/MDFS/data/KADID/extracted/kadid10k/images/I72_03_05.png,I72.png,72,3,5,1.5,0.5
I72_04_02.png,/kaggle/working/MDFS/data/KADID/extracted/kadid10k/images/I72_04_02.png,I72.png,72,4,2,2.63,1.048
I72_04_04.png,/kaggle/working/MDFS/data/KADID/extracted/kadid10k/images/I72_04_04.png,I72.png,72,4,4,1.5,0.719
I72_05_01.png,/kaggle/working/MDFS/data/KADID/extracted/kadid10k/images/I72_05_01.png,I72.png,72,5,1,4.17,0.82
I72_05_03.png,/kaggle/working/MDFS/data/KADID/extracted/kadid10k/images/I72_05_03.png,I72.png,72,5,3,1.57,0.616
I72_05_05.png,/kaggle/working/MDFS/data/KADID/extracted/kadid10k/images/I72_05_05.png,I72.png,72,5,5,1.27,0.442
I72_06_02.png,/kaggle/working/MDFS/data/KADID/extracted/kadid10k/images/I72_06_02.png,I72.png,72,6,2,3.83,0.734
I72_06_04.png,/kaggle/working/MDFS/data/KADID/extracted/kadid10k/images/I72_06_04.png,I72.png,72,6,4,2.7,0.737
I72_07_01.png,/kaggle/working/MDFS/data/KADID/extracted/kadid10k/images/I72_07_01.png,I72.png,72,7,1,2.4,1.083
I72_07_03.png,/kaggle/working/MDFS/data/KADID/extracted/kadid10k/images/I72_07_03.png,I72.png,72,7,3,2.27,0.929
I72_07_05.png,/kaggle/working/MDFS/data/KADID/extracted/kadid10k/images/I72_07_05.png,I72.png,72,7,5,2.23,0.844
I72_08_02.png,/kaggle/working/MDFS/data/KADID/extracted/kadid10k/images/I72_08_02.png,I72.png,72,8,2,3.33,0.869
I72_08_04.png,/kaggle/working/MDFS/data/KADID/extracted/kadid10k/images/I72_08_04.png,I72.png,72,8,4,1.3,0.586
I72_09_01.png,/kaggle/working/MDFS/data/KADID/extracted/kadid10k/images/I72_09_01.png,I72.png,72,9,1,4.47,0.763
I72_09_03.png,/kaggle/working/MDFS/data/KADID/extracted/kadid10k/images/I72_09_03.png,I72.png,72,9,3,4.06,0.704
I72_09_05.png,/kaggle/working/MDFS/data/KADID/extracted/kadid10k/images/I72_09_05.png,I72.png,72,9,5,1.4,0.49
I72_10_02.png,/kaggle/working/MDFS/data/KADID/extracted/kadid10k/images/I72_10_02.png,I72.png,72,10,2,4.03,0.912
I72_10_04.png,/kaggle/working/MDFS/data/KADID/extracted/kadid10k/images/I72_10_04.png,I72.png,72,10,4,1.83,0.778
I72_11_01.png,/kaggle/working/MDFS/data/KADID/extracted/kadid10k/images/I72_11_01.png,I72.png,72,11,1,3.93,0.727
I72_11_03.png,/kaggle/working/MDFS/data/KADID/extracted/kadid10k/images/I72_11_03.png,I72.png,72,11,3,3.0,0.966
I72_11_05.png,/kaggle/working/MDFS/data/KADID/extracted/kadid10k/images/I72_11_05.png,I72.png,72,11,5,2.33,0.745
I72_12_02.png,/kaggle/working/MDFS/data/KADID/extracted/kadid10k/images/I72_12_02.png,I72.png,72,12,2,3.53,0.884
I72_12_04.png,/kaggle/working/MDFS/data/KADID/extracted/kadid10k/images/I72_12_04.png,I72.png,72,12,4,2.63,0.836
I72_13_01.png,/kaggle/working/MDFS/data/KADID/extracted/kadid10k/images/I72_13_01.png,I72.png,72,13,1,3.87,0.884
I72_13_03.png,/kaggle/working/MDFS/data/KADID/extracted/kadid10k/images/I72_13_03.png,I72.png,72,13,3,2.63,0.752
I72_13_05.png,/kaggle/working/MDFS/data/KADID/extracted/kadid10k/images/I72_13_05.png,I72.png,72,13,5,2.1,0.746
I72_14_02.png,/kaggle/working/MDFS/data/KADID/extracted/kadid10k/images/I72_14_02.png,I72.png,72,14,2,3.23,0.716
I72_14_04.png,/kaggle/working/MDFS/data/KADID/extracted/kadid10k/images/I72_14_04.png,I72.png,72,14,4,2.43,0.616
I72_15_01.png,/kaggle/working/MDFS/data/KADID/extracted/kadid10k/images/I72_15_01.png,I72.png,72,15,1,3.77,0.761
I72_15_03.png,/kaggle/working/MDFS/data/KADID/extracted/kadid10k/images/I72_15_03.png,I72.png,72,15,3,2.47,0.884
I72_15_05.png,/kaggle/working/MDFS/data/KADID/extracted/kadid10k/images/I72_15_05.png,I72.png,72,15,5,1.57,0.496
I72_16_02.png,/kaggle/working/MDFS/data/KADID/extracted/kadid10k/images/I72_16_02.png,I72.png,72,16,2,4.0,0.816
I72_16_04.png,/kaggle/working/MDFS/data/KADID/extracted/kadid10k/images/I72_16_04.png,I72.png,72,16,4,2.33,0.907
I72_17_01.png,/kaggle/working/MDFS/data/KADID/extracted/kadid10k/images/I72_17_01.png,I72.png,72,17,1,4.5,0.563
I72_17_03.png,/kaggle/working/MDFS/data/KADID/extracted/kadid10k/images/I72_17_03.png,I72.png,72,17,3,4.6,0.49
I72_17_05.png,/kaggle/working/MDFS/data/KADID/extracted/kadid10k/images/I72_17_05.png,I72.png,72,17,5,2.2,0.748
I72_18_02.png,/kaggle/working/MDFS/data/KADID/extracted/kadid10k/images/I72_18_02.png,I72.png,72,18,2,4.23,0.616
I72_18_04.png,/kaggle/working/MDFS/data/KADID/extracted/kadid10k/images/I72_18_04.png,I72.png,72,18,4,4.17,0.734
I72_19_01.png,/kaggle/working/MDFS/data/KADID/extracted/kadid10k/images/I72_19_01.png,I72.png,72,19,1,4.2,0.6
I72_19_03.png,/kaggle/working/MDFS/data/KADID/extracted/kadid10k/images/I72_19_03.png,I72.png,72,19,3,2.5,0.847
I72_19_05.png,/kaggle/working/MDFS/data/KADID/extracted/kadid10k/images/I72_19_05.png,I72.png,72,19,5,1.3,0.458
I72_20_02.png,/kaggle/working/MDFS/data/KADID/extracted/kadid10k/images/I72_20_02.png,I72.png,72,20,2,3.9,0.978
I72_20_04.png,/kaggle/working/MDFS/data/KADID/extracted/kadid10k/images/I72_20_04.png,I72.png,72,20,4,3.6,1.2
I72_21_01.png,/kaggle/working/MDFS/data/KADID/extracted/kadid10k/images/I72_21_01.png,I72.png,72,21,1,3.73,1.031
I72_21_03.png,/kaggle/working/MDFS/data/KADID/extracted/kadid10k/images/I72_21_03.png,I72.png,72,21,3,1.97,0.822
I72_21_05.png,/kaggle/working/MDFS/data/KADID/extracted/kadid10k/images/I72_21_05.png,I72.png,72,21,5,1.23,0.423
I72_22_02.png,/kaggle/working/MDFS/data/KADID/extracted/kadid10k/images/I72_22_02.png,I72.png,72,22,2,4.1,0.746
I72_22_04.png,/kaggle/working/MDFS/data/KADID/extracted/kadid10k/images/I72_22_04.png,I72.png,72,22,4,3.53,1.118
I72_23_01.png,/kaggle/working/MDFS/data/KADID/extracted/kadid10k/images/I72_23_01.png,I72.png,72,23,1,2.2,0.98
I72_23_03.png,/kaggle/working/MDFS/data/KADID/extracted/kadid10k/images/I72_23_03.png,I72.png,72,23,3,1.93,0.727
I72_23_05.png,/kaggle/working/MDFS/data/KADID/extracted/kadid10k/images/I72_23_05.png,I72.png,72,23,5,1.97,0.782
I72_24_02.png,/kaggle/working/MDFS/data/KADID/extracted/kadid10k/images/I72_24_02.png,I72.png,72,24,2,1.8,0.748
I72_24_04.png,/kaggle/working/MDFS/data/KADID/extracted/kadid10k/images/I72_24_04.png,I72.png,72,24,4,1.27,0.442
I72_25_01.png,/kaggle/working/MDFS/data/KADID/extracted/kadid10k/images/I72_25_01.png,I72.png,72,25,1,2.5,0.885
I72_25_03.png,/kaggle/working/MDFS/data/KADID/extracted/kadid10k/images/I72_25_03.png,I72.png,72,25,3,4.07,0.929
I72_25_05.png,/kaggle/working/MDFS/data/KADID/extracted/kadid10k/images/I72_25_05.png,I72.png,72,25,5,3.5,0.764
I73_01_02.png,/kaggle/working/MDFS/data/KADID/extracted/kadid10k/images/I73_01_02.png,I73.png,73,1,2,4.6,0.49
I73_01_04.png,/kaggle/working/MDFS/data/KADID/extracted/kadid10k/images/I73_01_04.png,I73.png,73,1,4,1.93,0.512
I73_02_01.png,/kaggle/working/MDFS/data/KADID/extracted/kadid10k/images/I73_02_01.png,I73.png,73,2,1,4.33,0.745
I73_02_03.png,/kaggle/working/MDFS/data/KADID/extracted/kadid10k/images/I73_02_03.png,I73.png,73,2,3,1.8,0.653
I73_02_05.png,/kaggle/working/MDFS/data/KADID/extracted/kadid10k/images/I73_02_05.png,I73.png,73,2,5,1.17,0.373
I73_03_02.png,/kaggle/working/MDFS/data/KADID/extracted/kadid10k/images/I73_03_02.png,I73.png,73,3,2,4.43,0.716
I73_03_04.png,/kaggle/working/MDFS/data/KADID/extracted/kadid10k/images/I73_03_04.png,I73.png,73,3,4,2.2,0.702
I73_04_01.png,/kaggle/working/MDFS/data/KADID/extracted/kadid10k/images/I73_04_01.png,I73.png,73,4,1,4.5,0.5
I73_04_03.png,/kaggle/working/MDFS/data/KADID/extracted/kadid10k/images/I73_04_03.png,I73.png,73,4,3,2.03,0.948
I73_04_05.png,/kaggle/working/MDFS/data/KADID/extracted/kadid10k/images/I73_04_05.png,I73.png,73,4,5,1.4,0.49
I73_05_02.png,/kaggle/working/MDFS/data/KADID/extracted/kadid10k/images/I73_05_02.png,I73.png,73,5,2,3.2,1.194
I73_05_04.png,/kaggle/working/MDFS/data/KADID/extracted/kadid10k/images/I73_05_04.png,I73.png,73,5,4,2.47,1.056
I73_06_01.png,/kaggle/working/MDFS/data/KADID/extracted/kadid10k/images/I73_06_01.png,I73.png,73,6,1,4.53,0.499
I73_06_03.png,/kaggle/working/MDFS/data/KADID/extracted/kadid10k/images/I73_06_03.png,I73.png,73,6,3,4.07,0.772
I73_06_05.png,/kaggle/working/MDFS/data/KADID/extracted/kadid10k/images/I73_06_05.png,I73.png,73,6,5,3.2,1.013
I73_07_02.png,/kaggle/working/MDFS/data/KADID/extracted/kadid10k/images/I73_07_02.png,I73.png,73,7,2,2.57,0.989
I73_07_04.png,/kaggle/working/MDFS/data/KADID/extracted/kadid10k/images/I73_07_04.png,I73.png,73,7,4,2.37,1.048
I73_08_01.png,/kaggle/working/MDFS/data/KADID/extracted/kadid10k/images/I73_08_01.png,I73.png,73,8,1,4.57,0.559
I73_08_03.png,/kaggle/working/MDFS/data/KADID/extracted/kadid10k/images/I73_08_03.png,I73.png,73,8,3,2.97,0.836
I73_08_05.png,/kaggle/working/MDFS/data/KADID/extracted/kadid10k/images/I73_08_05.png,I73.png,73,8,5,1.94,0.619
I73_09_02.png,/kaggle/working/MDFS/data/KADID/extracted/kadid10k/images/I73_09_02.png,I73.png,73,9,2,3.93,0.629
I73_09_04.png,/kaggle/working/MDFS/data/KADID/extracted/kadid10k/images/I73_09_04.png,I73.png,73,9,4,1.8,0.653
I73_10_01.png,/kaggle/working/MDFS/data/KADID/extracted/kadid10k/images/I73_10_01.png,I73.png,73,10,1,4.53,0.67
I73_10_03.png,/kaggle/working/MDFS/data/KADID/extracted/kadid10k/images/I73_10_03.png,I73.png,73,10,3,3.63,0.875
I73_10_05.png,/kaggle/working/MDFS/data/KADID/extracted/kadid10k/images/I73_10_05.png,I73.png,73,10,5,1.27,0.442
I73_11_02.png,/kaggle/working/MDFS/data/KADID/extracted/kadid10k/images/I73_11_02.png,I73.png,73,11,2,3.53,0.67
I73_11_04.png,/kaggle/working/MDFS/data/KADID/extracted/kadid10k/images/I73_11_04.png,I73.png,73,11,4,2.73,0.68
I73_12_01.png,/kaggle/working/MDFS/data/KADID/extracted/kadid10k/images/I73_12_01.png,I73.png,73,12,1,4.6,0.663
I73_12_03.png,/kaggle/working/MDFS/data/KADID/extracted/kadid10k/images/I73_12_03.png,I73.png,73,12,3,3.03,0.875
I73_12_05.png,/kaggle/working/MDFS/data/KADID/extracted/kadid10k/images/I73_12_05.png,I73.png,73,12,5,2.23,0.616
I73_13_02.png,/kaggle/working/MDFS/data/KADID/extracted/kadid10k/images/I73_13_02.png,I73.png,73,13,2,2.73,0.727
I73_13_04.png,/kaggle/working/MDFS/data/KADID/extracted/kadid10k/images/I73_13_04.png,I73.png,73,13,4,2.4,0.841
I73_14_01.png,/kaggle/working/MDFS/data/KADID/extracted/kadid10k/images/I73_14_01.png,I73.png,73,14,1,4.6,0.554
I73_14_03.png,/kaggle/working/MDFS/data/KADID/extracted/kadid10k/images/I73_14_03.png,I73.png,73,14,3,2.73,0.772
I73_14_05.png,/kaggle/working/MDFS/data/KADID/extracted/kadid10k/images/I73_14_05.png,I73.png,73,14,5,1.93,0.629
I73_15_02.png,/kaggle/working/MDFS/data/KADID/extracted/kadid10k/images/I73_15_02.png,I73.png,73,15,2,2.63,0.706
I73_15_04.png,/kaggle/working/MDFS/data/KADID/extracted/kadid10k/images/I73_15_04.png,I73.png,73,15,4,1.8,0.4
I73_16_01.png,/kaggle/working/MDFS/data/KADID/extracted/kadid10k/images/I73_16_01.png,I73.png,73,16,1,4.57,0.667
I73_16_03.png,/kaggle/working/MDFS/data/KADID/extracted/kadid10k/images/I73_16_03.png,I73.png,73,16,3,4.0,0.577
I73_16_05.png,/kaggle/working/MDFS/data/KADID/extracted/kadid10k/images/I73_16_05.png,I73.png,73,16,5,2.17,1.003
I73_17_02.png,/kaggle/working/MDFS/data/KADID/extracted/kadid10k/images/I73_17_02.png,I73.png,73,17,2,4.6,0.49
I73_17_04.png,/kaggle/working/MDFS/data/KADID/extracted/kadid10k/images/I73_17_04.png,I73.png,73,17,4,3.83,0.637
I73_18_01.png,/kaggle/working/MDFS/data/KADID/extracted/kadid10k/images/I73_18_01.png,I73.png,73,18,1,4.17,0.687
I73_18_03.png,/kaggle/working/MDFS/data/KADID/extracted/kadid10k/images/I73_18_03.png,I73.png,73,18,3,4.63,0.482
I73_18_05.png,/kaggle/working/MDFS/data/KADID/extracted/kadid10k/images/I73_18_05.png,I73.png,73,18,5,4.27,0.512
I73_19_02.png,/kaggle/working/MDFS/data/KADID/extracted/kadid10k/images/I73_19_02.png,I73.png,73,19,2,4.03,0.605
I73_19_04.png,/kaggle/working/MDFS/data/KADID/extracted/kadid10k/images/I73_19_04.png,I73.png,73,19,4,1.67,0.471
I73_20_01.png,/kaggle/working/MDFS/data/KADID/extracted/kadid10k/images/I73_20_01.png,I73.png,73,20,1,3.33,0.978
I73_20_03.png,/kaggle/working/MDFS/data/KADID/extracted/kadid10k/images/I73_20_03.png,I73.png,73,20,3,2.43,1.086
I73_20_05.png,/kaggle/working/MDFS/data/KADID/extracted/kadid10k/images/I73_20_05.png,I73.png,73,20,5,2.4,0.8
I73_21_02.png,/kaggle/working/MDFS/data/KADID/extracted/kadid10k/images/I73_21_02.png,I73.png,73,21,2,2.7,0.823
I73_21_04.png,/kaggle/working/MDFS/data/KADID/extracted/kadid10k/images/I73_21_04.png,I73.png,73,21,4,2.07,0.814
I73_22_01.png,/kaggle/working/MDFS/data/KADID/extracted/kadid10k/images/I73_22_01.png,I73.png,73,22,1,4.33,0.596
I73_22_03.png,/kaggle/working/MDFS/data/KADID/extracted/kadid10k/images/I73_22_03.png,I73.png,73,22,3,3.8,0.98
I73_22_05.png,/kaggle/working/MDFS/data/KADID/extracted/kadid10k/images/I73_22_05.png,I73.png,73,22,5,2.93,0.964
I73_23_02.png,/kaggle/working/MDFS/data/KADID/extracted/kadid10k/images/I73_23_02.png,I73.png,73,23,2,2.33,0.65
I73_23_04.png,/kaggle/working/MDFS/data/KADID/extracted/kadid10k/images/I73_23_04.png,I73.png,73,23,4,2.07,0.854
I73_24_01.png,/kaggle/working/MDFS/data/KADID/extracted/kadid10k/images/I73_24_01.png,I73.png,73,24,1,4.3,0.64
I73_24_03.png,/kaggle/working/MDFS/data/KADID/extracted/kadid10k/images/I73_24_03.png,I73.png,73,24,3,2.47,0.806
I73_24_05.png,/kaggle/working/MDFS/data/KADID/extracted/kadid10k/images/I73_24_05.png,I73.png,73,24,5,1.53,0.718
I73_25_02.png,/kaggle/working/MDFS/data/KADID/extracted/kadid10k/images/I73_25_02.png,I73.png,73,25,2,4.09,0.514
I73_25_04.png,/kaggle/working/MDFS/data/KADID/extracted/kadid10k/images/I73_25_04.png,I73.png,73,25,4,4.23,0.616
I74_01_01.png,/kaggle/working/MDFS/data/KADID/extracted/kadid10k/images/I74_01_01.png,I74.png,74,1,1,4.7,0.458
I74_01_03.png,/kaggle/working/MDFS/data/KADID/extracted/kadid10k/images/I74_01_03.png,I74.png,74,1,3,3.0,0.73
I74_01_05.png,/kaggle/working/MDFS/data/KADID/extracted/kadid10k/images/I74_01_05.png,I74.png,74,1,5,1.4,0.554
I74_02_02.png,/kaggle/working/MDFS/data/KADID/extracted/kadid10k/images/I74_02_02.png,I74.png,74,2,2,2.87,0.763
I74_02_04.png,/kaggle/working/MDFS/data/KADID/extracted/kadid10k/images/I74_02_04.png,I74.png,74,2,4,1.37,0.605
I74_03_01.png,/kaggle/working/MDFS/data/KADID/extracted/kadid10k/images/I74_03_01.png,I74.png,74,3,1,4.57,0.559
I74_03_03.png,/kaggle/working/MDFS/data/KADID/extracted/kadid10k/images/I74_03_03.png,I74.png,74,3,3,3.0,0.718
I74_03_05.png,/kaggle/working/MDFS/data/KADID/extracted/kadid10k/images/I74_03_05.png,I74.png,74,3,5,1.73,0.814
I74_04_02.png,/kaggle/working/MDFS/data/KADID/extracted/kadid10k/images/I74_04_02.png,I74.png,74,4,2,2.9,1.075
I74_04_04.png,/kaggle/working/MDFS/data/KADID/extracted/kadid10k/images/I74_04_04.png,I74.png,74,4,4,2.13,0.763
I74_05_01.png,/kaggle/working/MDFS/data/KADID/extracted/kadid10k/images/I74_05_01.png,I74.png,74,5,1,4.6,0.49
I74_05_03.png,/kaggle/working/MDFS/data/KADID/extracted/kadid10k/images/I74_05_03.png,I74.png,74,5,3,1.8,0.748
I74_05_05.png,/kaggle/working/MDFS/data/KADID/extracted/kadid10k/images/I74_05_05.png,I74.png,74,5,5,1.3,0.526
I74_06_02.png,/kaggle/working/MDFS/data/KADID/extracted/kadid10k/images/I74_06_02.png,I74.png,74,6,2,4.23,0.496
I74_06_04.png,/kaggle/working/MDFS/data/KADID/extracted/kadid10k/images/I74_06_04.png,I74.png,74,6,4,3.23,0.883
I74_07_01.png,/kaggle/working/MDFS/data/KADID/extracted/kadid10k/images/I74_07_01.png,I74.png,74,7,1,2.73,1.153
I74_07_03.png,/kaggle/working/MDFS/data/KADID/extracted/kadid10k/images/I74_07_03.png,I74.png,74,7,3,2.8,1.222
I74_07_05.png,/kaggle/working/MDFS/data/KADID/extracted/kadid10k/images/I74_07_05.png,I74.png,74,7,5,2.4,0.952
I74_08_02.png,/kaggle/working/MDFS/data/KADID/extracted/kadid10k/images/I74_08_02.png,I74.png,74,8,2,3.0,0.916
I74_08_04.png,/kaggle/working/MDFS/data/KADID/extracted/kadid10k/images/I74_08_04.png,I74.png,74,8,4,1.83,0.778
I74_09_01.png,/kaggle/working/MDFS/data/KADID/extracted/kadid10k/images/I74_09_01.png,I74.png,74,9,1,4.4,0.49
I74_09_03.png,/kaggle/working/MDFS/data/KADID/extracted/kadid10k/images/I74_09_03.png,I74.png,74,9,3,4.03,0.706
I74_09_05.png,/kaggle/working/MDFS/data/KADID/extracted/kadid10k/images/I74_09_05.png,I74.png,74,9,5,1.23,0.423
I74_10_02.png,/kaggle/working/MDFS/data/KADID/extracted/kadid10k/images/I74_10_02.png,I74.png,74,10,2,4.5,0.563
I74_10_04.png,/kaggle/working/MDFS/data/KADID/extracted/kadid10k/images/I74_10_04.png,I74.png,74,10,4,2.9,0.978
I74_11_01.png,/kaggle/working/MDFS/data/KADID/extracted/kadid10k/images/I74_11_01.png,I74.png,74,11,1,4.4,0.611
I74_11_03.png,/kaggle/working/MDFS/data/KADID/extracted/kadid10k/images/I74_11_03.png,I74.png,74,11,3,3.73,0.998
I74_11_05.png,/kaggle/working/MDFS/data/KADID/extracted/kadid10k/images/I74_11_05.png,I74.png,74,11,5,3.23,0.844
I74_12_02.png,/kaggle/working/MDFS/data/KADID/extracted/kadid10k/images/I74_12_02.png,I74.png,74,12,2,4.37,0.605
I74_12_04.png,/kaggle/working/MDFS/data/KADID/extracted/kadid10k/images/I74_12_04.png,I74.png,74,12,4,3.58,0.908
I74_13_01.png,/kaggle/working/MDFS/data/KADID/extracted/kadid10k/images/I74_13_01.png,I74.png,74,13,1,4.2,0.945
I74_13_03.png,/kaggle/working/MDFS/data/KADID/extracted/kadid10k/images/I74_13_03.png,I74.png,74,13,3,3.0,1.095
I74_13_05.png,/kaggle/working/MDFS/data/KADID/extracted/kadid10k/images/I74_13_05.png,I74.png,74,13,5,2.13,0.67
I74_14_02.png,/kaggle/working/MDFS/data/KADID/extracted/kadid10k/images/I74_14_02.png,I74.png,74,14,2,4.3,0.781
I74_14_04.png,/kaggle/working/MDFS/data/KADID/extracted/kadid10k/images/I74_14_04.png,I74.png,74,14,4,3.0,0.816
I74_15_01.png,/kaggle/working/MDFS/data/KADID/extracted/kadid10k/images/I74_15_01.png,I74.png,74,15,1,4.07,0.814
I74_15_03.png,/kaggle/working/MDFS/data/KADID/extracted/kadid10k/images/I74_15_03.png,I74.png,74,15,3,2.53,0.618
I74_15_05.png,/kaggle/working/MDFS/data/KADID/extracted/kadid10k/images/I74_15_05.png,I74.png,74,15,5,1.87,0.562
I74_16_02.png,/kaggle/working/MDFS/data/KADID/extracted/kadid10k/images/I74_16_02.png,I74.png,74,16,2,4.42,0.661
I74_16_04.png,/kaggle/working/MDFS/data/KADID/extracted/kadid10k/images/I74_16_04.png,I74.png,74,16,4,2.6,0.879
I74_17_01.png,/kaggle/working/MDFS/data/KADID/extracted/kadid10k/images/I74_17_01.png,I74.png,74,17,1,4.8,0.4
I74_17_03.png,/kaggle/working/MDFS/data/KADID/extracted/kadid10k/images/I74_17_03.png,I74.png,74,17,3,4.17,0.898
I74_17_05.png,/kaggle/working/MDFS/data/KADID/extracted/kadid10k/images/I74_17_05.png,I74.png,74,17,5,2.67,0.978
I74_18_02.png,/kaggle/working/MDFS/data/KADID/extracted/kadid10k/images/I74_18_02.png,I74.png,74,18,2,4.6,0.49
I74_18_04.png,/kaggle/working/MDFS/data/KADID/extracted/kadid10k/images/I74_18_04.png,I74.png,74,18,4,4.4,0.49
I74_19_01.png,/kaggle/working/MDFS/data/KADID/extracted/kadid10k/images/I74_19_01.png,I74.png,74,19,1,4.33,0.745
I74_19_03.png,/kaggle/working/MDFS/data/KADID/extracted/kadid10k/images/I74_19_03.png,I74.png,74,19,3,2.73,0.727
I74_19_05.png,/kaggle/working/MDFS/data/KADID/extracted/kadid10k/images/I74_19_05.png,I74.png,74,19,5,1.53,0.499
I74_20_02.png,/kaggle/working/MDFS/data/KADID/extracted/kadid10k/images/I74_20_02.png,I74.png,74,20,2,3.67,1.135
I74_20_04.png,/kaggle/working/MDFS/data/KADID/extracted/kadid10k/images/I74_20_04.png,I74.png,74,20,4,3.1,1.136
I74_21_01.png,/kaggle/working/MDFS/data/KADID/extracted/kadid10k/images/I74_21_01.png,I74.png,74,21,1,3.93,1.031
I74_21_03.png,/kaggle/working/MDFS/data/KADID/extracted/kadid10k/images/I74_21_03.png,I74.png,74,21,3,2.27,0.68
I74_21_05.png,/kaggle/working/MDFS/data/KADID/extracted/kadid10k/images/I74_21_05.png,I74.png,74,21,5,1.47,0.618
I74_22_02.png,/kaggle/working/MDFS/data/KADID/extracted/kadid10k/images/I74_22_02.png,I74.png,74,22,2,4.5,0.563
I74_22_04.png,/kaggle/working/MDFS/data/KADID/extracted/kadid10k/images/I74_22_04.png,I74.png,74,22,4,4.4,0.554
I74_23_01.png,/kaggle/working/MDFS/data/KADID/extracted/kadid10k/images/I74_23_01.png,I74.png,74,23,1,2.27,1.031
I74_23_03.png,/kaggle/working/MDFS/data/KADID/extracted/kadid10k/images/I74_23_03.png,I74.png,74,23,3,2.23,0.883
I74_23_05.png,/kaggle/working/MDFS/data/KADID/extracted/kadid10k/images/I74_23_05.png,I74.png,74,23,5,2.03,0.795
I74_24_02.png,/kaggle/working/MDFS/data/KADID/extracted/kadid10k/images/I74_24_02.png,I74.png,74,24,2,2.63,0.875
I74_24_04.png,/kaggle/working/MDFS/data/KADID/extracted/kadid10k/images/I74_24_04.png,I74.png,74,24,4,1.73,0.727
I74_25_01.png,/kaggle/working/MDFS/data/KADID/extracted/kadid10k/images/I74_25_01.png,I74.png,74,25,1,3.5,0.992
I74_25_03.png,/kaggle/working/MDFS/data/KADID/extracted/kadid10k/images/I74_25_03.png,I74.png,74,25,3,4.43,0.559
I74_25_05.png,/kaggle/working/MDFS/data/KADID/extracted/kadid10k/images/I74_25_05.png,I74.png,74,25,5,3.03,0.875
I75_01_02.png,/kaggle/working/MDFS/data/KADID/extracted/kadid10k/images/I75_01_02.png,I75.png,75,1,2,4.43,0.496
I75_01_04.png,/kaggle/working/MDFS/data/KADID/extracted/kadid10k/images/I75_01_04.png,I75.png,75,1,4,1.87,0.718
I75_02_01.png,/kaggle/working/MDFS/data/KADID/extracted/kadid10k/images/I75_02_01.png,I75.png,75,2,1,4.03,0.752
I75_02_03.png,/kaggle/working/MDFS/data/KADID/extracted/kadid10k/images/I75_02_03.png,I75.png,75,2,3,1.52,0.561
I75_02_05.png,/kaggle/working/MDFS/data/KADID/extracted/kadid10k/images/I75_02_05.png,I75.png,75,2,5,1.27,0.512
I75_03_02.png,/kaggle/working/MDFS/data/KADID/extracted/kadid10k/images/I75_03_02.png,I75.png,75,3,2,3.97,0.657
I75_03_04.png,/kaggle/working/MDFS/data/KADID/extracted/kadid10k/images/I75_03_04.png,I75.png,75,3,4,2.03,0.795
I75_04_01.png,/kaggle/working/MDFS/data/KADID/extracted/kadid10k/images/I75_04_01.png,I75.png,75,4,1,4.47,0.562
I75_04_03.png,/kaggle/working/MDFS/data/KADID/extracted/kadid10k/images/I75_04_03.png,I75.png,75,4,3,1.73,0.854
I75_04_05.png,/kaggle/working/MDFS/data/KADID/extracted/kadid10k/images/I75_04_05.png,I75.png,75,4,5,1.6,0.663
I75_05_02.png,/kaggle/working/MDFS/data/KADID/extracted/kadid10k/images/I75_05_02.png,I75.png,75,5,2,1.93,0.727
I75_05_04.png,/kaggle/working/MDFS/data/KADID/extracted/kadid10k/images/I75_05_04.png,I75.png,75,5,4,1.6,0.663
I75_06_01.png,/kaggle/working/MDFS/data/KADID/extracted/kadid10k/images/I75_06_01.png,I75.png,75,6,1,4.33,0.596
I75_06_03.png,/kaggle/working/MDFS/data/KADID/extracted/kadid10k/images/I75_06_03.png,I75.png,75,6,3,3.93,0.929
I75_06_05.png,/kaggle/working/MDFS/data/KADID/extracted/kadid10k/images/I75_06_05.png,I75.png,75,6,5,2.8,0.945
I75_07_02.png,/kaggle/working/MDFS/data/KADID/extracted/kadid10k/images/I75_07_02.png,I75.png,75,7,2,2.53,0.957
I75_07_04.png,/kaggle/working/MDFS/data/KADID/extracted/kadid10k/images/I75_07_04.png,I75.png,75,7,4,2.13,1.1
I75_08_01.png,/kaggle/working/MDFS/data/KADID/extracted/kadid10k/images/I75_08_01.png,I75.png,75,8,1,4.67,0.471
I75_08_03.png,/kaggle/working/MDFS/data/KADID/extracted/kadid10k/images/I75_08_03.png,I75.png,75,8,3,2.6,0.8
I75_08_05.png,/kaggle/working/MDFS/data/KADID/extracted/kadid10k/images/I75_08_05.png,I75.png,75,8,5,1.83,0.687
I75_09_02.png,/kaggle/working/MDFS/data/KADID/extracted/kadid10k/images/I75_09_02.png,I75.png,75,9,2,4.53,0.562
I75_09_04.png,/kaggle/working/MDFS/data/KADID/extracted/kadid10k/images/I75_09_04.png,I75.png,75,9,4,3.4,0.879
I75_10_01.png,/kaggle/working/MDFS/data/KADID/extracted/kadid10k/images/I75_10_01.png,I75.png,75,10,1,4.13,0.763
I75_10_03.png,/kaggle/working/MDFS/data/KADID/extracted/kadid10k/images/I75_10_03.png,I75.png,75,10,3,3.77,0.616
I75_10_05.png,/kaggle/working/MDFS/data/KADID/extracted/kadid10k/images/I75_10_05.png,I75.png,75,10,5,1.23,0.423
I75_11_02.png,/kaggle/working/MDFS/data/KADID/extracted/kadid10k/images/I75_11_02.png,I75.png,75,11,2,3.1,0.978
I75_11_04.png,/kaggle/working/MDFS/data/KADID/extracted/kadid10k/images/I75_11_04.png,I75.png,75,11,4,2.77,0.667
I75_12_01.png,/kaggle/working/MDFS/data/KADID/extracted/kadid10k/images/I75_12_01.png,I75.png,75,12,1,4.53,0.499
I75_12_03.png,/kaggle/working/MDFS/data/KADID/extracted/kadid10k/images/I75_12_03.png,I75.png,75,12,3,3.03,0.706
I75_12_05.png,/kaggle/working/MDFS/data/KADID/extracted/kadid10k/images/I75_12_05.png,I75.png,75,12,5,2.4,0.611
I75_13_02.png,/kaggle/working/MDFS/data/KADID/extracted/kadid10k/images/I75_13_02.png,I75.png,75,13,2,2.57,0.844
I75_13_04.png,/kaggle/working/MDFS/data/KADID/extracted/kadid10k/images/I75_13_04.png,I75.png,75,13,4,2.43,0.667
I75_14_01.png,/kaggle/working/MDFS/data/KADID/extracted/kadid10k/images/I75_14_01.png,I75.png,75,14,1,4.2,0.542
I75_14_03.png,/kaggle/working/MDFS/data/KADID/extracted/kadid10k/images/I75_14_03.png,I75.png,75,14,3,2.87,0.921
I75_14_05.png,/kaggle/working/MDFS/data/KADID/extracted/kadid10k/images/I75_14_05.png,I75.png,75,14,5,2.0,0.632
I75_15_02.png,/kaggle/working/MDFS/data/KADID/extracted/kadid10k/images/I75_15_02.png,I75.png,75,15,2,2.7,0.781
I75_15_04.png,/kaggle/working/MDFS/data/KADID/extracted/kadid10k/images/I75_15_04.png,I75.png,75,15,4,1.67,0.596
I75_16_01.png,/kaggle/working/MDFS/data/KADID/extracted/kadid10k/images/I75_16_01.png,I75.png,75,16,1,4.53,0.499
I75_16_03.png,/kaggle/working/MDFS/data/KADID/extracted/kadid10k/images/I75_16_03.png,I75.png,75,16,3,3.5,0.671
I75_16_05.png,/kaggle/working/MDFS/data/KADID/extracted/kadid10k/images/I75_16_05.png,I75.png,75,16,5,1.87,0.718
I75_17_02.png,/kaggle/working/MDFS/data/KADID/extracted/kadid10k/images/I75_17_02.png,I75.png,75,17,2,4.5,0.5
I75_17_04.png,/kaggle/working/MDFS/data/KADID/extracted/kadid10k/images/I75_17_04.png,I75.png,75,17,4,3.27,0.929
I75_18_01.png,/kaggle/working/MDFS/data/KADID/extracted/kadid10k/images/I75_18_01.png,I75.png,75,18,1,4.2,0.476
I75_18_03.png,/kaggle/working/MDFS/data/KADID/extracted/kadid10k/images/I75_18_03.png,I75.png,75,18,3,4.8,0.4
I75_18_05.png,/kaggle/working/MDFS/data/KADID/extracted/kadid10k/images/I75_18_05.png,I75.png,75,18,5,3.5,0.764
I75_19_02.png,/kaggle/working/MDFS/data/KADID/extracted/kadid10k/images/I75_19_02.png,I75.png,75,19,2,3.97,0.547
I75_19_04.png,/kaggle/working/MDFS/data/KADID/extracted/kadid10k/images/I75_19_04.png,I75.png,75,19,4,1.67,0.537
I75_20_01.png,/kaggle/working/MDFS/data/KADID/extracted/kadid10k/images/I75_20_01.png,I75.png,75,20,1,3.33,1.247
I75_20_03.png,/kaggle/working/MDFS/data/KADID/extracted/kadid10k/images/I75_20_03.png,I75.png,75,20,3,2.87,0.921
I75_20_05.png,/kaggle/working/MDFS/data/KADID/extracted/kadid10k/images/I75_20_05.png,I75.png,75,20,5,3.07,1.031
I75_21_02.png,/kaggle/working/MDFS/data/KADID/extracted/kadid10k/images/I75_21_02.png,I75.png,75,21,2,2.33,0.83
I75_21_04.png,/kaggle/working/MDFS/data/KADID/extracted/kadid10k/images/I75_21_04.png,I75.png,75,21,4,2.3,0.69
I75_22_01.png,/kaggle/working/MDFS/data/KADID/extracted/kadid10k/images/I75_22_01.png,I75.png,75,22,1,4.4,0.611
I75_22_03.png,/kaggle/working/MDFS/data/KADID/extracted/kadid10k/images/I75_22_03.png,I75.png,75,22,3,3.63,0.706
I75_22_05.png,/kaggle/working/MDFS/data/KADID/extracted/kadid10k/images/I75_22_05.png,I75.png,75,22,5,2.37,0.875
I75_23_02.png,/kaggle/working/MDFS/data/KADID/extracted/kadid10k/images/I75_23_02.png,I75.png,75,23,2,2.33,0.869
I75_23_04.png,/kaggle/working/MDFS/data/KADID/extracted/kadid10k/images/I75_23_04.png,I75.png,75,23,4,1.83,0.734
I75_24_01.png,/kaggle/working/MDFS/data/KADID/extracted/kadid10k/images/I75_24_01.png,I75.png,75,24,1,3.53,0.763
I75_24_03.png,/kaggle/working/MDFS/data/KADID/extracted/kadid10k/images/I75_24_03.png,I75.png,75,24,3,2.3,0.586
I75_24_05.png,/kaggle/working/MDFS/data/KADID/extracted/kadid10k/images/I75_24_05.png,I75.png,75,24,5,1.4,0.554
I75_25_02.png,/kaggle/working/MDFS/data/KADID/extracted/kadid10k/images/I75_25_02.png,I75.png,75,25,2,3.8,0.833
I75_25_04.png,/kaggle/working/MDFS/data/KADID/extracted/kadid10k/images/I75_25_04.png,I75.png,75,25,4,3.97,0.605
I76_01_01.png,/kaggle/working/MDFS/data/KADID/extracted/kadid10k/images/I76_01_01.png,I76.png,76,1,1,4.71,0.454
I76_01_03.png,/kaggle/working/MDFS/data/KADID/extracted/kadid10k/images/I76_01_03.png,I76.png,76,1,3,2.87,0.957
I76_01_05.png,/kaggle/working/MDFS/data/KADID/extracted/kadid10k/images/I76_01_05.png,I76.png,76,1,5,1.33,0.537
I76_02_02.png,/kaggle/working/MDFS/data/KADID/extracted/kadid10k/images/I76_02_02.png,I76.png,76,2,2,2.6,0.757
I76_02_04.png,/kaggle/working/MDFS/data/KADID/extracted/kadid10k/images/I76_02_04.png,I76.png,76,2,4,1.27,0.442
I76_03_01.png,/kaggle/working/MDFS/data/KADID/extracted/kadid10k/images/I76_03_01.png,I76.png,76,3,1,4.7,0.458
I76_03_03.png,/kaggle/working/MDFS/data/KADID/extracted/kadid10k/images/I76_03_03.png,I76.png,76,3,3,2.53,0.718
I76_03_05.png,/kaggle/working/MDFS/data/KADID/extracted/kadid10k/images/I76_03_05.png,I76.png,76,3,5,1.63,0.657
I76_04_02.png,/kaggle/working/MDFS/data/KADID/extracted/kadid10k/images/I76_04_02.png,I76.png,76,4,2,2.57,0.92
I76_04_04.png,/kaggle/working/MDFS/data/KADID/extracted/kadid10k/images/I76_04_04.png,I76.png,76,4,4,1.58,0.661
I76_05_01.png,/kaggle/working/MDFS/data/KADID/extracted/kadid10k/images/I76_05_01.png,I76.png,76,5,1,4.5,0.563
I76_05_03.png,/kaggle/working/MDFS/data/KADID/extracted/kadid10k/images/I76_05_03.png,I76.png,76,5,3,1.73,0.573
I76_05_05.png,/kaggle/working/MDFS/data/KADID/extracted/kadid10k/images/I76_05_05.png,I76.png,76,5,5,1.77,0.616
I76_06_02.png,/kaggle/working/MDFS/data/KADID/extracted/kadid10k/images/I76_06_02.png,I76.png,76,6,2,3.97,0.836
I76_06_04.png,/kaggle/working/MDFS/data/KADID/extracted/kadid10k/images/I76_06_04.png,I76.png,76,6,4,3.07,0.998
I76_07_01.png,/kaggle/working/MDFS/data/KADID/extracted/kadid10k/images/I76_07_01.png,I76.png,76,7,1,3.07,0.892
I76_07_03.png,/kaggle/working/MDFS/data/KADID/extracted/kadid10k/images/I76_07_03.png,I76.png,76,7,3,2.6,0.952
I76_07_05.png,/kaggle/working/MDFS/data/KADID/extracted/kadid10k/images/I76_07_05.png,I76.png,76,7,5,2.13,1.087
I76_08_02.png,/kaggle/working/MDFS/data/KADID/extracted/kadid10k/images/I76_08_02.png,I76.png,76,8,2,3.3,0.9
I76_08_04.png,/kaggle/working/MDFS/data/KADID/extracted/kadid10k/images/I76_08_04.png,I76.png,76,8,4,1.57,0.616
I76_09_01.png,/kaggle/working/MDFS/data/KADID/extracted/kadid10k/images/I76_09_01.png,I76.png,76,9,1,4.23,0.803
I76_09_03.png,/kaggle/working/MDFS/data/KADID/extracted/kadid10k/images/I76_09_03.png,I76.png,76,9,3,3.1,0.79
I76_09_05.png,/kaggle/working/MDFS/data/KADID/extracted/kadid10k/images/I76_09_05.png,I76.png,76,9,5,1.47,0.499
I76_10_02.png,/kaggle/working/MDFS/data/KADID/extracted/kadid10k/images/I76_10_02.png,I76.png,76,10,2,4.07,0.964
I76_10_04.png,/kaggle/working/MDFS/data/KADID/extracted/kadid10k/images/I76_10_04.png,I76.png,76,10,4,1.87,0.67
I76_11_01.png,/kaggle/working/MDFS/data/KADID/extracted/kadid10k/images/I76_11_01.png,I76.png,76,11,1,4.07,0.854
I76_11_03.png,/kaggle/working/MDFS/data/KADID/extracted/kadid10k/images/I76_11_03.png,I76.png,76,11,3,3.17,0.82
I76_11_05.png,/kaggle/working/MDFS/data/KADID/extracted/kadid10k/images/I76_11_05.png,I76.png,76,11,5,2.3,0.64
I76_12_02.png,/kaggle/working/MDFS/data/KADID/extracted/kadid10k/images/I76_12_02.png,I76.png,76,12,2,3.7,0.971
I76_12_04.png,/kaggle/working/MDFS/data/KADID/extracted/kadid10k/images/I76_12_04.png,I76.png,76,12,4,2.77,0.761
I76_13_01.png,/kaggle/working/MDFS/data/KADID/extracted/kadid10k/images/I76_13_01.png,I76.png,76,13,1,4.13,0.957
I76_13_03.png,/kaggle/working/MDFS/data/KADID/extracted/kadid10k/images/I76_13_03.png,I76.png,76,13,3,2.63,0.795
I76_13_05.png,/kaggle/working/MDFS/data/KADID/extracted/kadid10k/images/I76_13_05.png,I76.png,76,13,5,2.23,0.616
I76_14_02.png,/kaggle/working/MDFS/data/KADID/extracted/kadid10k/images/I76_14_02.png,I76.png,76,14,2,3.97,0.948
I76_14_04.png,/kaggle/working/MDFS/data/KADID/extracted/kadid10k/images/I76_14_04.png,I76.png,76,14,4,3.17,1.128
I76_15_01.png,/kaggle/working/MDFS/data/KADID/extracted/kadid10k/images/I76_15_01.png,I76.png,76,15,1,3.84,0.723
I76_15_03.png,/kaggle/working/MDFS/data/KADID/extracted/kadid10k/images/I76_15_03.png,I76.png,76,15,3,2.6,1.052
I76_15_05.png,/kaggle/working/MDFS/data/KADID/extracted/kadid10k/images/I76_15_05.png,I76.png,76,15,5,1.37,0.482
I76_16_02.png,/kaggle/working/MDFS/data/KADID/extracted/kadid10k/images/I76_16_02.png,I76.png,76,16,2,4.23,0.616
I76_16_04.png,/kaggle/working/MDFS/data/KADID/extracted/kadid10k/images/I76_16_04.png,I76.png,76,16,4,2.33,0.907
I76_17_01.png,/kaggle/working/MDFS/data/KADID/extracted/kadid10k/images/I76_17_01.png,I76.png,76,17,1,4.63,0.482
I76_17_03.png,/kaggle/working/MDFS/data/KADID/extracted/kadid10k/images/I76_17_03.png,I76.png,76,17,3,4.13,0.618
I76_17_05.png,/kaggle/working/MDFS/data/KADID/extracted/kadid10k/images/I76_17_05.png,I76.png,76,17,5,1.87,0.846
I76_18_02.png,/kaggle/working/MDFS/data/KADID/extracted/kadid10k/images/I76_18_02.png,I76.png,76,18,2,4.47,0.562
I76_18_04.png,/kaggle/working/MDFS/data/KADID/extracted/kadid10k/images/I76_18_04.png,I76.png,76,18,4,4.27,0.68
I76_19_01.png,/kaggle/working/MDFS/data/KADID/extracted/kadid10k/images/I76_19_01.png,I76.png,76,19,1,4.2,0.833
I76_19_03.png,/kaggle/working/MDFS/data/KADID/extracted/kadid10k/images/I76_19_03.png,I76.png,76,19,3,3.07,0.772
I76_19_05.png,/kaggle/working/MDFS/data/KADID/extracted/kadid10k/images/I76_19_05.png,I76.png,76,19,5,1.33,0.537
I76_20_02.png,/kaggle/working/MDFS/data/KADID/extracted/kadid10k/images/I76_20_02.png,I76.png,76,20,2,4.37,0.836
I76_20_04.png,/kaggle/working/MDFS/data/KADID/extracted/kadid10k/images/I76_20_04.png,I76.png,76,20,4,4.0,1.033
I76_21_01.png,/kaggle/working/MDFS/data/KADID/extracted/kadid10k/images/I76_21_01.png,I76.png,76,21,1,3.83,0.734
I76_21_03.png,/kaggle/working/MDFS/data/KADID/extracted/kadid10k/images/I76_21_03.png,I76.png,76,21,3,2.57,0.989
I76_21_05.png,/kaggle/working/MDFS/data/KADID/extracted/kadid10k/images/I76_21_05.png,I76.png,76,21,5,1.17,0.373
I76_22_02.png,/kaggle/working/MDFS/data/KADID/extracted/kadid10k/images/I76_22_02.png,I76.png,76,22,2,4.47,0.618
I76_22_04.png,/kaggle/working/MDFS/data/KADID/extracted/kadid10k/images/I76_22_04.png,I76.png,76,22,4,4.2,0.945
I76_23_01.png,/kaggle/working/MDFS/data/KADID/extracted/kadid10k/images/I76_23_01.png,I76.png,76,23,1,2.73,0.998
I76_23_03.png,/kaggle/working/MDFS/data/KADID/extracted/kadid10k/images/I76_23_03.png,I76.png,76,23,3,2.27,0.998
I76_23_05.png,/kaggle/working/MDFS/data/KADID/extracted/kadid10k/images/I76_23_05.png,I76.png,76,23,5,1.77,0.803
I76_24_02.png,/kaggle/working/MDFS/data/KADID/extracted/kadid10k/images/I76_24_02.png,I76.png,76,24,2,2.3,0.936
I76_24_04.png,/kaggle/working/MDFS/data/KADID/extracted/kadid10k/images/I76_24_04.png,I76.png,76,24,4,1.53,0.718
I76_25_01.png,/kaggle/working/MDFS/data/KADID/extracted/kadid10k/images/I76_25_01.png,I76.png,76,25,1,3.17,0.969
I76_25_03.png,/kaggle/working/MDFS/data/KADID/extracted/kadid10k/images/I76_25_03.png,I76.png,76,25,3,3.87,0.884
I76_25_05.png,/kaggle/working/MDFS/data/KADID/extracted/kadid10k/images/I76_25_05.png,I76.png,76,25,5,3.27,0.929
I77_01_02.png,/kaggle/working/MDFS/data/KADID/extracted/kadid10k/images/I77_01_02.png,I77.png,77,1,2,4.6,0.712
I77_01_04.png,/kaggle/working/MDFS/data/KADID/extracted/kadid10k/images/I77_01_04.png,I77.png,77,1,4,2.0,0.577
I77_02_01.png,/kaggle/working/MDFS/data/KADID/extracted/kadid10k/images/I77_02_01.png,I77.png,77,2,1,3.81,0.93
I77_02_03.png,/kaggle/working/MDFS/data/KADID/extracted/kadid10k/images/I77_02_03.png,I77.png,77,2,3,1.87,0.618
I77_02_05.png,/kaggle/working/MDFS/data/KADID/extracted/kadid10k/images/I77_02_05.png,I77.png,77,2,5,1.47,0.499
I77_03_02.png,/kaggle/working/MDFS/data/KADID/extracted/kadid10k/images/I77_03_02.png,I77.png,77,3,2,4.07,0.814
I77_03_04.png,/kaggle/working/MDFS/data/KADID/extracted/kadid10k/images/I77_03_04.png,I77.png,77,3,4,2.07,0.629
I77_04_01.png,/kaggle/working/MDFS/data/KADID/extracted/kadid10k/images/I77_04_01.png,I77.png,77,4,1,4.47,0.618
I77_04_03.png,/kaggle/working/MDFS/data/KADID/extracted/kadid10k/images/I77_04_03.png,I77.png,77,4,3,1.43,0.616
I77_04_05.png,/kaggle/working/MDFS/data/KADID/extracted/kadid10k/images/I77_04_05.png,I77.png,77,4,5,1.3,0.458
I77_05_02.png,/kaggle/working/MDFS/data/KADID/extracted/kadid10k/images/I77_05_02.png,I77.png,77,5,2,2.57,0.955
I77_05_04.png,/kaggle/working/MDFS/data/KADID/extracted/kadid10k/images/I77_05_04.png,I77.png,77,5,4,2.3,1.13
I77_06_01.png,/kaggle/working/MDFS/data/KADID/extracted/kadid10k/images/I77_06_01.png,I77.png,77,6,1,4.37,0.752
I77_06_03.png,/kaggle/working/MDFS/data/KADID/extracted/kadid10k/images/I77_06_03.png,I77.png,77,6,3,4.0,0.931
I77_06_05.png,/kaggle/working/MDFS/data/KADID/extracted/kadid10k/images/I77_06_05.png,I77.png,77,6,5,2.73,0.892
I77_07_02.png,/kaggle/working/MDFS/data/KADID/extracted/kadid10k/images/I77_07_02.png,I77.png,77,7,2,2.3,1.069
I77_07_04.png,/kaggle/working/MDFS/data/KADID/extracted/kadid10k/images/I77_07_04.png,I77.png,77,7,4,2.23,1.116
I77_08_01.png,/kaggle/working/MDFS/data/KADID/extracted/kadid10k/images/I77_08_01.png,I77.png,77,8,1,4.73,0.442
I77_08_03.png,/kaggle/working/MDFS/data/KADID/extracted/kadid10k/images/I77_08_03.png,I77.png,77,8,3,2.07,0.964
I77_08_05.png,/kaggle/working/MDFS/data/KADID/extracted/kadid10k/images/I77_08_05.png,I77.png,77,8,5,1.27,0.442
I77_09_02.png,/kaggle/working/MDFS/data/KADID/extracted/kadid10k/images/I77_09_02.png,I77.png,77,9,2,4.13,0.618
I77_09_04.png,/kaggle/working/MDFS/data/KADID/extracted/kadid10k/images/I77_09_04.png,I77.png,77,9,4,2.27,0.573
I77_10_01.png,/kaggle/working/MDFS/data/KADID/extracted/kadid10k/images/I77_10_01.png,I77.png,77,10,1,4.47,0.499
I77_10_03.png,/kaggle/working/MDFS/data/KADID/extracted/kadid10k/images/I77_10_03.png,I77.png,77,10,3,4.3,0.737
I77_10_05.png,/kaggle/working/MDFS/data/KADID/extracted/kadid10k/images/I77_10_05.png,I77.png,77,10,5,1.39,0.549
I77_11_02.png,/kaggle/working/MDFS/data/KADID/extracted/kadid10k/images/I77_11_02.png,I77.png,77,11,2,3.73,0.854
I77_11_04.png,/kaggle/working/MDFS/data/KADID/extracted/kadid10k/images/I77_11_04.png,I77.png,77,11,4,2.73,0.772
I77_12_01.png,/kaggle/working/MDFS/data/KADID/extracted/kadid10k/images/I77_12_01.png,I77.png,77,12,1,4.53,0.499
I77_12_03.png,/kaggle/working/MDFS/data/KADID/extracted/kadid10k/images/I77_12_03.png,I77.png,77,12,3,3.47,0.957
I77_12_05.png,/kaggle/working/MDFS/data/KADID/extracted/kadid10k/images/I77_12_05.png,I77.png,77,12,5,2.4,0.757
I77_13_02.png,/kaggle/working/MDFS/data/KADID/extracted/kadid10k/images/I77_13_02.png,I77.png,77,13,2,3.23,0.883
I77_13_04.png,/kaggle/working/MDFS/data/KADID/extracted/kadid10k/images/I77_13_04.png,I77.png,77,13,4,2.3,0.781
I77_14_01.png,/kaggle/working/MDFS/data/KADID/extracted/kadid10k/images/I77_14_01.png,I77.png,77,14,1,4.57,0.667
I77_14_03.png,/kaggle/working/MDFS/data/KADID/extracted/kadid10k/images/I77_14_03.png,I77.png,77,14,3,3.63,0.875
I77_14_05.png,/kaggle/working/MDFS/data/KADID/extracted/kadid10k/images/I77_14_05.png,I77.png,77,14,5,2.07,0.772
I77_15_02.png,/kaggle/working/MDFS/data/KADID/extracted/kadid10k/images/I77_15_02.png,I77.png,77,15,2,2.77,0.844
I77_15_04.png,/kaggle/working/MDFS/data/KADID/extracted/kadid10k/images/I77_15_04.png,I77.png,77,15,4,1.8,0.542
I77_16_01.png,/kaggle/working/MDFS/data/KADID/extracted/kadid10k/images/I77_16_01.png,I77.png,77,16,1,4.4,0.554
I77_16_03.png,/kaggle/working/MDFS/data/KADID/extracted/kadid10k/images/I77_16_03.png,I77.png,77,16,3,3.77,0.667
I77_16_05.png,/kaggle/working/MDFS/data/KADID/extracted/kadid10k/images/I77_16_05.png,I77.png,77,16,5,2.1,0.831
I77_17_02.png,/kaggle/working/MDFS/data/KADID/extracted/kadid10k/images/I77_17_02.png,I77.png,77,17,2,4.77,0.423
I77_17_04.png,/kaggle/working/MDFS/data/KADID/extracted/kadid10k/images/I77_17_04.png,I77.png,77,17,4,3.77,0.831
I77_18_01.png,/kaggle/working/MDFS/data/KADID/extracted/kadid10k/images/I77_18_01.png,I77.png,77,18,1,4.4,0.554
I77_18_03.png,/kaggle/working/MDFS/data/KADID/extracted/kadid10k/images/I77_18_03.png,I77.png,77,18,3,4.5,0.719
I77_18_05.png,/kaggle/working/MDFS/data/KADID/extracted/kadid10k/images/I77_18_05.png,I77.png,77,18,5,4.13,0.718
I77_19_02.png,/kaggle/working/MDFS/data/KADID/extracted/kadid10k/images/I77_19_02.png,I77.png,77,19,2,4.1,0.539
I77_19_04.png,/kaggle/working/MDFS/data/KADID/extracted/kadid10k/images/I77_19_04.png,I77.png,77,19,4,2.23,0.559
I77_20_01.png,/kaggle/working/MDFS/data/KADID/extracted/kadid10k/images/I77_20_01.png,I77.png,77,20,1,4.67,0.471
I77_20_03.png,/kaggle/working/MDFS/data/KADID/extracted/kadid10k/images/I77_20_03.png,I77.png,77,20,3,4.17,0.969
I77_20_05.png,/kaggle/working/MDFS/data/KADID/extracted/kadid10k/images/I77_20_05.png,I77.png,77,20,5,3.87,0.991
I77_21_02.png,/kaggle/working/MDFS/data/KADID/extracted/kadid10k/images/I77_21_02.png,I77.png,77,21,2,3.0,0.842
I77_21_04.png,/kaggle/working/MDFS/data/KADID/extracted/kadid10k/images/I77_21_04.png,I77.png,77,21,4,2.7,0.862
I77_22_01.png,/kaggle/working/MDFS/data/KADID/extracted/kadid10k/images/I77_22_01.png,I77.png,77,22,1,4.6,0.663
I77_22_03.png,/kaggle/working/MDFS/data/KADID/extracted/kadid10k/images/I77_22_03.png,I77.png,77,22,3,4.27,0.854
I77_22_05.png,/kaggle/working/MDFS/data/KADID/extracted/kadid10k/images/I77_22_05.png,I77.png,77,22,5,3.67,0.978
I77_23_02.png,/kaggle/working/MDFS/data/KADID/extracted/kadid10k/images/I77_23_02.png,I77.png,77,23,2,2.0,1.065
I77_23_04.png,/kaggle/working/MDFS/data/KADID/extracted/kadid10k/images/I77_23_04.png,I77.png,77,23,4,2.17,0.82
I77_24_01.png,/kaggle/working/MDFS/data/KADID/extracted/kadid10k/images/I77_24_01.png,I77.png,77,24,1,4.03,0.752
I77_24_03.png,/kaggle/working/MDFS/data/KADID/extracted/kadid10k/images/I77_24_03.png,I77.png,77,24,3,2.17,0.778
I77_24_05.png,/kaggle/working/MDFS/data/KADID/extracted/kadid10k/images/I77_24_05.png,I77.png,77,24,5,1.27,0.442
I77_25_02.png,/kaggle/working/MDFS/data/KADID/extracted/kadid10k/images/I77_25_02.png,I77.png,77,25,2,3.87,0.618
I77_25_04.png,/kaggle/working/MDFS/data/KADID/extracted/kadid10k/images/I77_25_04.png,I77.png,77,25,4,4.17,0.734
I78_01_01.png,/kaggle/working/MDFS/data/KADID/extracted/kadid10k/images/I78_01_01.png,I78.png,78,1,1,4.5,0.5
I78_01_03.png,/kaggle/working/MDFS/data/KADID/extracted/kadid10k/images/I78_01_03.png,I78.png,78,1,3,3.0,0.632
I78_01_05.png,/kaggle/working/MDFS/data/KADID/extracted/kadid10k/images/I78_01_05.png,I78.png,78,1,5,1.67,0.699
I78_02_02.png,/kaggle/working/MDFS/data/KADID/extracted/kadid10k/images/I78_02_02.png,I78.png,78,2,2,2.9,0.79
I78_02_04.png,/kaggle/working/MDFS/data/KADID/extracted/kadid10k/images/I78_02_04.png,I78.png,78,2,4,1.67,0.596
I78_03_01.png,/kaggle/working/MDFS/data/KADID/extracted/kadid10k/images/I78_03_01.png,I78.png,78,3,1,4.67,0.471
I78_03_03.png,/kaggle/working/MDFS/data/KADID/extracted/kadid10k/images/I78_03_03.png,I78.png,78,3,3,2.87,0.884
I78_03_05.png,/kaggle/working/MDFS/data/KADID/extracted/kadid10k/images/I78_03_05.png,I78.png,78,3,5,2.1,0.651
I78_04_02.png,/kaggle/working/MDFS/data/KADID/extracted/kadid10k/images/I78_04_02.png,I78.png,78,4,2,2.87,1.056
I78_04_04.png,/kaggle/working/MDFS/data/KADID/extracted/kadid10k/images/I78_04_04.png,I78.png,78,4,4,1.5,0.661
I78_05_01.png,/kaggle/working/MDFS/data/KADID/extracted/kadid10k/images/I78_05_01.png,I78.png,78,5,1,4.27,0.892
I78_05_03.png,/kaggle/working/MDFS/data/KADID/extracted/kadid10k/images/I78_05_03.png,I78.png,78,5,3,2.3,0.69
I78_05_05.png,/kaggle/working/MDFS/data/KADID/extracted/kadid10k/images/I78_05_05.png,I78.png,78,5,5,2.2,0.833
I78_06_02.png,/kaggle/working/MDFS/data/KADID/extracted/kadid10k/images/I78_06_02.png,I78.png,78,6,2,4.33,0.745
I78_06_04.png,/kaggle/working/MDFS/data/KADID/extracted/kadid10k/images/I78_06_04.png,I78.png,78,6,4,4.07,0.854
I78_07_01.png,/kaggle/working/MDFS/data/KADID/extracted/kadid10k/images/I78_07_01.png,I78.png,78,7,1,3.43,0.955
I78_07_03.png,/kaggle/working/MDFS/data/KADID/extracted/kadid10k/images/I78_07_03.png,I78.png,78,7,3,2.37,1.08
I78_07_05.png,/kaggle/working/MDFS/data/KADID/extracted/kadid10k/images/I78_07_05.png,I78.png,78,7,5,2.47,1.204
I78_08_02.png,/kaggle/working/MDFS/data/KADID/extracted/kadid10k/images/I78_08_02.png,I78.png,78,8,2,3.33,0.869
I78_08_04.png,/kaggle/working/MDFS/data/KADID/extracted/kadid10k/images/I78_08_04.png,I78.png,78,8,4,1.77,0.716
I78_09_01.png,/kaggle/working/MDFS/data/KADID/extracted/kadid10k/images/I78_09_01.png,I78.png,78,9,1,4.68,0.467
I78_09_03.png,/kaggle/working/MDFS/data/KADID/extracted/kadid10k/images/I78_09_03.png,I78.png,78,9,3,4.0,0.683
I78_09_05.png,/kaggle/working/MDFS/data/KADID/extracted/kadid10k/images/I78_09_05.png,I78.png,78,9,5,1.2,0.4
I78_10_02.png,/kaggle/working/MDFS/data/KADID/extracted/kadid10k/images/I78_10_02.png,I78.png,78,10,2,4.3,0.781
I78_10_04.png,/kaggle/working/MDFS/data/KADID/extracted/kadid10k/images/I78_10_04.png,I78.png,78,10,4,1.6,0.554
I78_11_01.png,/kaggle/working/MDFS/data/KADID/extracted/kadid10k/images/I78_11_01.png,I78.png,78,11,1,3.7,0.69
I78_11_03.png,/kaggle/working/MDFS/data/KADID/extracted/kadid10k/images/I78_11_03.png,I78.png,78,11,3,3.0,0.856
I78_11_05.png,/kaggle/working/MDFS/data/KADID/extracted/kadid10k/images/I78_11_05.png,I78.png,78,11,5,2.43,0.616
I78_12_02.png,/kaggle/working/MDFS/data/KADID/extracted/kadid10k/images/I78_12_02.png,I78.png,78,12,2,3.63,0.912
I78_12_04.png,/kaggle/working/MDFS/data/KADID/extracted/kadid10k/images/I78_12_04.png,I78.png,78,12,4,2.67,0.65
I78_13_01.png,/kaggle/working/MDFS/data/KADID/extracted/kadid10k/images/I78_13_01.png,I78.png,78,13,1,3.67,0.978
I78_13_03.png,/kaggle/working/MDFS/data/KADID/extracted/kadid10k/images/I78_13_03.png,I78.png,78,13,3,3.03,0.875
I78_13_05.png,/kaggle/working/MDFS/data/KADID/extracted/kadid10k/images/I78_13_05.png,I78.png,78,13,5,2.3,0.69
I78_14_02.png,/kaggle/working/MDFS/data/KADID/extracted/kadid10k/images/I78_14_02.png,I78.png,78,14,2,3.6,0.879
I78_14_04.png,/kaggle/working/MDFS/data/KADID/extracted/kadid10k/images/I78_14_04.png,I78.png,78,14,4,2.53,0.846
I78_15_01.png,/kaggle/working/MDFS/data/KADID/extracted/kadid10k/images/I78_15_01.png,I78.png,78,15,1,3.77,0.761
I78_15_03.png,/kaggle/working/MDFS/data/KADID/extracted/kadid10k/images/I78_15_03.png,I78.png,78,15,3,2.0,0.683
I78_15_05.png,/kaggle/working/MDFS/data/KADID/extracted/kadid10k/images/I78_15_05.png,I78.png,78,15,5,1.53,0.562
I78_16_02.png,/kaggle/working/MDFS/data/KADID/extracted/kadid10k/images/I78_16_02.png,I78.png,78,16,2,4.37,0.482
I78_16_04.png,/kaggle/working/MDFS/data/KADID/extracted/kadid10k/images/I78_16_04.png,I78.png,78,16,4,3.0,0.966
I78_17_01.png,/kaggle/working/MDFS/data/KADID/extracted/kadid10k/images/I78_17_01.png,I78.png,78,17,1,4.57,0.559
I78_17_03.png,/kaggle/working/MDFS/data/KADID/extracted/kadid10k/images/I78_17_03.png,I78.png,78,17,3,4.43,0.716
I78_17_05.png,/kaggle/working/MDFS/data/KADID/extracted/kadid10k/images/I78_17_05.png,I78.png,78,17,5,2.9,1.012
I78_18_02.png,/kaggle/working/MDFS/data/KADID/extracted/kadid10k/images/I78_18_02.png,I78.png,78,18,2,4.5,0.563
I78_18_04.png,/kaggle/working/MDFS/data/KADID/extracted/kadid10k/images/I78_18_04.png,I78.png,78,18,4,4.6,0.49
I78_19_01.png,/kaggle/working/MDFS/data/KADID/extracted/kadid10k/images/I78_19_01.png,I78.png,78,19,1,4.7,0.526
I78_19_03.png,/kaggle/working/MDFS/data/KADID/extracted/kadid10k/images/I78_19_03.png,I78.png,78,19,3,3.1,1.136
I78_19_05.png,/kaggle/working/MDFS/data/KADID/extracted/kadid10k/images/I78_19_05.png,I78.png,78,19,5,1.23,0.423
I78_20_02.png,/kaggle/working/MDFS/data/KADID/extracted/kadid10k/images/I78_20_02.png,I78.png,78,20,2,3.4,1.306
I78_20_04.png,/kaggle/working/MDFS/data/KADID/extracted/kadid10k/images/I78_20_04.png,I78.png,78,20,4,2.73,1.34
I78_21_01.png,/kaggle/working/MDFS/data/KADID/extracted/kadid10k/images/I78_21_01.png,I78.png,78,21,1,2.73,0.892
I78_21_03.png,/kaggle/working/MDFS/data/KADID/extracted/kadid10k/images/I78_21_03.png,I78.png,78,21,3,2.47,0.67
I78_21_05.png,/kaggle/working/MDFS/data/KADID/extracted/kadid10k/images/I78_21_05.png,I78.png,78,21,5,1.5,0.5
I78_22_02.png,/kaggle/working/MDFS/data/KADID/extracted/kadid10k/images/I78_22_02.png,I78.png,78,22,2,3.2,0.98
I78_22_04.png,/kaggle/working/MDFS/data/KADID/extracted/kadid10k/images/I78_22_04.png,I78.png,78,22,4,2.7,1.005
I78_23_01.png,/kaggle/working/MDFS/data/KADID/extracted/kadid10k/images/I78_23_01.png,I78.png,78,23,1,2.13,0.921
I78_23_03.png,/kaggle/working/MDFS/data/KADID/extracted/kadid10k/images/I78_23_03.png,I78.png,78,23,3,2.27,0.772
I78_23_05.png,/kaggle/working/MDFS/data/KADID/extracted/kadid10k/images/I78_23_05.png,I78.png,78,23,5,2.17,0.734
I78_24_02.png,/kaggle/working/MDFS/data/KADID/extracted/kadid10k/images/I78_24_02.png,I78.png,78,24,2,2.77,0.803
I78_24_04.png,/kaggle/working/MDFS/data/KADID/extracted/kadid10k/images/I78_24_04.png,I78.png,78,24,4,1.73,0.629
I78_25_01.png,/kaggle/working/MDFS/data/KADID/extracted/kadid10k/images/I78_25_01.png,I78.png,78,25,1,3.6,0.879
I78_25_03.png,/kaggle/working/MDFS/data/KADID/extracted/kadid10k/images/I78_25_03.png,I78.png,78,25,3,4.33,0.65
I78_25_05.png,/kaggle/working/MDFS/data/KADID/extracted/kadid10k/images/I78_25_05.png,I78.png,78,25,5,3.03,0.795
I79_01_02.png,/kaggle/working/MDFS/data/KADID/extracted/kadid10k/images/I79_01_02.png,I79.png,79,1,2,4.63,0.605
I79_01_04.png,/kaggle/working/MDFS/data/KADID/extracted/kadid10k/images/I79_01_04.png,I79.png,79,1,4,2.47,0.763
I79_02_01.png,/kaggle/working/MDFS/data/KADID/extracted/kadid10k/images/I79_02_01.png,I79.png,79,2,1,4.17,0.82
I79_02_03.png,/kaggle/working/MDFS/data/KADID/extracted/kadid10k/images/I79_02_03.png,I79.png,79,2,3,2.3,0.64
I79_02_05.png,/kaggle/working/MDFS/data/KADID/extracted/kadid10k/images/I79_02_05.png,I79.png,79,2,5,1.57,0.616
I79_03_02.png,/kaggle/working/MDFS/data/KADID/extracted/kadid10k/images/I79_03_02.png,I79.png,79,3,2,4.23,0.667
I79_03_04.png,/kaggle/working/MDFS/data/KADID/extracted/kadid10k/images/I79_03_04.png,I79.png,79,3,4,2.97,0.795
I79_04_01.png,/kaggle/working/MDFS/data/KADID/extracted/kadid10k/images/I79_04_01.png,I79.png,79,4,1,4.53,0.67
I79_04_03.png,/kaggle/working/MDFS/data/KADID/extracted/kadid10k/images/I79_04_03.png,I79.png,79,4,3,1.47,0.562
I79_04_05.png,/kaggle/working/MDFS/data/KADID/extracted/kadid10k/images/I79_04_05.png,I79.png,79,4,5,1.13,0.34
I79_05_02.png,/kaggle/working/MDFS/data/KADID/extracted/kadid10k/images/I79_05_02.png,I79.png,79,5,2,3.37,0.795
I79_05_04.png,/kaggle/working/MDFS/data/KADID/extracted/kadid10k/images/I79_05_04.png,I79.png,79,5,4,2.63,1.016
I79_06_01.png,/kaggle/working/MDFS/data/KADID/extracted/kadid10k/images/I79_06_01.png,I79.png,79,6,1,4.2,0.702
I79_06_03.png,/kaggle/working/MDFS/data/KADID/extracted/kadid10k/images/I79_06_03.png,I79.png,79,6,3,3.7,0.781
I79_06_05.png,/kaggle/working/MDFS/data/KADID/extracted/kadid10k/images/I79_06_05.png,I79.png,79,6,5,2.43,1.086
I79_07_02.png,/kaggle/working/MDFS/data/KADID/extracted/kadid10k/images/I79_07_02.png,I79.png,79,7,2,2.13,1.024
I79_07_04.png,/kaggle/working/MDFS/data/KADID/extracted/kadid10k/images/I79_07_04.png,I79.png,79,7,4,1.83,0.898
I79_08_01.png,/kaggle/working/MDFS/data/KADID/extracted/kadid10k/images/I79_08_01.png,I79.png,79,8,1,4.53,0.499
I79_08_03.png,/kaggle/working/MDFS/data/KADID/extracted/kadid10k/images/I79_08_03.png,I79.png,79,8,3,2.81,1.06
I79_08_05.png,/kaggle/working/MDFS/data/KADID/extracted/kadid10k/images/I79_08_05.png,I79.png,79,8,5,1.43,0.92
I79_09_02.png,/kaggle/working/MDFS/data/KADID/extracted/kadid10k/images/I79_09_02.png,I79.png,79,9,2,4.43,0.559
I79_09_04.png,/kaggle/working/MDFS/data/KADID/extracted/kadid10k/images/I79_09_04.png,I79.png,79,9,4,2.23,0.716
I79_10_01.png,/kaggle/working/MDFS/data/KADID/extracted/kadid10k/images/I79_10_01.png,I79.png,79,10,1,4.23,0.716
I79_10_03.png,/kaggle/working/MDFS/data/KADID/extracted/kadid10k/images/I79_10_03.png,I79.png,79,10,3,4.03,0.752
I79_10_05.png,/kaggle/working/MDFS/data/KADID/extracted/kadid10k/images/I79_10_05.png,I79.png,79,10,5,1.43,0.616
I79_11_02.png,/kaggle/working/MDFS/data/KADID/extracted/kadid10k/images/I79_11_02.png,I79.png,79,11,2,3.4,0.879
I79_11_04.png,/kaggle/working/MDFS/data/KADID/extracted/kadid10k/images/I79_11_04.png,I79.png,79,11,4,3.03,0.752
I79_12_01.png,/kaggle/working/MDFS/data/KADID/extracted/kadid10k/images/I79_12_01.png,I79.png,79,12,1,4.67,0.471
I79_12_03.png,/kaggle/working/MDFS/data/KADID/extracted/kadid10k/images/I79_12_03.png,I79.png,79,12,3,3.43,0.761
I79_12_05.png,/kaggle/working/MDFS/data/KADID/extracted/kadid10k/images/I79_12_05.png,I79.png,79,12,5,2.37,0.706
I79_13_02.png,/kaggle/working/MDFS/data/KADID/extracted/kadid10k/images/I79_13_02.png,I79.png,79,13,2,2.87,0.846
I79_13_04.png,/kaggle/working/MDFS/data/KADID/extracted/kadid10k/images/I79_13_04.png,I79.png,79,13,4,2.27,0.814
I79_14_01.png,/kaggle/working/MDFS/data/KADID/extracted/kadid10k/images/I79_14_01.png,I79.png,79,14,1,4.68,0.532
I79_14_03.png,/kaggle/working/MDFS/data/KADID/extracted/kadid10k/images/I79_14_03.png,I79.png,79,14,3,3.6,0.879
I79_14_05.png,/kaggle/working/MDFS/data/KADID/extracted/kadid10k/images/I79_14_05.png,I79.png,79,14,5,2.4,0.757
I79_15_02.png,/kaggle/working/MDFS/data/KADID/extracted/kadid10k/images/I79_15_02.png,I79.png,79,15,2,3.07,0.854
I79_15_04.png,/kaggle/working/MDFS/data/KADID/extracted/kadid10k/images/I79_15_04.png,I79.png,79,15,4,2.1,0.7
I79_16_01.png,/kaggle/working/MDFS/data/KADID/extracted/kadid10k/images/I79_16_01.png,I79.png,79,16,1,4.3,0.586
I79_16_03.png,/kaggle/working/MDFS/data/KADID/extracted/kadid10k/images/I79_16_03.png,I79.png,79,16,3,3.57,0.761
I79_16_05.png,/kaggle/working/MDFS/data/KADID/extracted/kadid10k/images/I79_16_05.png,I79.png,79,16,5,2.47,1.118
I79_17_02.png,/kaggle/working/MDFS/data/KADID/extracted/kadid10k/images/I79_17_02.png,I79.png,79,17,2,4.63,0.547
I79_17_04.png,/kaggle/working/MDFS/data/KADID/extracted/kadid10k/images/I79_17_04.png,I79.png,79,17,4,3.9,0.79
I79_18_01.png,/kaggle/working/MDFS/data/KADID/extracted/kadid10k/images/I79_18_01.png,I79.png,79,18,1,4.42,0.61
I79_18_03.png,/kaggle/working/MDFS/data/KADID/extracted/kadid10k/images/I79_18_03.png,I79.png,79,18,3,4.6,0.49
I79_18_05.png,/kaggle/working/MDFS/data/KADID/extracted/kadid10k/images/I79_18_05.png,I79.png,79,18,5,3.8,0.748
I79_19_02.png,/kaggle/working/MDFS/data/KADID/extracted/kadid10k/images/I79_19_02.png,I79.png,79,19,2,4.37,0.706
I79_19_04.png,/kaggle/working/MDFS/data/KADID/extracted/kadid10k/images/I79_19_04.png,I79.png,79,19,4,2.6,0.8
I79_20_01.png,/kaggle/working/MDFS/data/KADID/extracted/kadid10k/images/I79_20_01.png,I79.png,79,20,1,4.4,0.841
I79_20_03.png,/kaggle/working/MDFS/data/KADID/extracted/kadid10k/images/I79_20_03.png,I79.png,79,20,3,2.57,1.146
I79_20_05.png,/kaggle/working/MDFS/data/KADID/extracted/kadid10k/images/I79_20_05.png,I79.png,79,20,5,3.0,1.211
I79_21_02.png,/kaggle/working/MDFS/data/KADID/extracted/kadid10k/images/I79_21_02.png,I79.png,79,21,2,3.73,0.892
I79_21_04.png,/kaggle/working/MDFS/data/KADID/extracted/kadid10k/images/I79_21_04.png,I79.png,79,21,4,3.4,0.757
I79_22_01.png,/kaggle/working/MDFS/data/KADID/extracted/kadid10k/images/I79_22_01.png,I79.png,79,22,1,4.53,0.763
I79_22_03.png,/kaggle/working/MDFS/data/KADID/extracted/kadid10k/images/I79_22_03.png,I79.png,79,22,3,4.27,0.854
I79_22_05.png,/kaggle/working/MDFS/data/KADID/extracted/kadid10k/images/I79_22_05.png,I79.png,79,22,5,2.4,0.879
I79_23_02.png,/kaggle/working/MDFS/data/KADID/extracted/kadid10k/images/I79_23_02.png,I79.png,79,23,2,2.7,1.005
I79_23_04.png,/kaggle/working/MDFS/data/KADID/extracted/kadid10k/images/I79_23_04.png,I79.png,79,23,4,2.5,1.118
I79_24_01.png,/kaggle/working/MDFS/data/KADID/extracted/kadid10k/images/I79_24_01.png,I79.png,79,24,1,3.87,0.67
I79_24_03.png,/kaggle/working/MDFS/data/KADID/extracted/kadid10k/images/I79_24_03.png,I79.png,79,24,3,2.4,0.712
I79_24_05.png,/kaggle/working/MDFS/data/KADID/extracted/kadid10k/images/I79_24_05.png,I79.png,79,24,5,1.57,0.559
I79_25_02.png,/kaggle/working/MDFS/data/KADID/extracted/kadid10k/images/I79_25_02.png,I79.png,79,25,2,3.93,0.629
I79_25_04.png,/kaggle/working/MDFS/data/KADID/extracted/kadid10k/images/I79_25_04.png,I79.png,79,25,4,3.8,0.833
I80_01_01.png,/kaggle/working/MDFS/data/KADID/extracted/kadid10k/images/I80_01_01.png,I80.png,80,1,1,4.63,0.482
I80_01_03.png,/kaggle/working/MDFS/data/KADID/extracted/kadid10k/images/I80_01_03.png,I80.png,80,1,3,3.27,0.854
I80_01_05.png,/kaggle/working/MDFS/data/KADID/extracted/kadid10k/images/I80_01_05.png,I80.png,80,1,5,1.53,0.562
I80_02_02.png,/kaggle/working/MDFS/data/KADID/extracted/kadid10k/images/I80_02_02.png,I80.png,80,2,2,3.03,0.657
I80_02_04.png,/kaggle/working/MDFS/data/KADID/extracted/kadid10k/images/I80_02_04.png,I80.png,80,2,4,1.47,0.499
I80_03_01.png,/kaggle/working/MDFS/data/KADID/extracted/kadid10k/images/I80_03_01.png,I80.png,80,3,1,4.5,0.563
I80_03_03.png,/kaggle/working/MDFS/data/KADID/extracted/kadid10k/images/I80_03_03.png,I80.png,80,3,3,3.13,0.884
I80_03_05.png,/kaggle/working/MDFS/data/KADID/extracted/kadid10k/images/I80_03_05.png,I80.png,80,3,5,1.9,0.651
I80_04_02.png,/kaggle/working/MDFS/data/KADID/extracted/kadid10k/images/I80_04_02.png,I80.png,80,4,2,1.93,0.814
I80_04_04.png,/kaggle/working/MDFS/data/KADID/extracted/kadid10k/images/I80_04_04.png,I80.png,80,4,4,1.87,0.884
I80_05_01.png,/kaggle/working/MDFS/data/KADID/extracted/kadid10k/images/I80_05_01.png,I80.png,80,5,1,4.23,0.616
I80_05_03.png,/kaggle/working/MDFS/data/KADID/extracted/kadid10k/images/I80_05_03.png,I80.png,80,5,3,2.8,0.909
I80_05_05.png,/kaggle/working/MDFS/data/KADID/extracted/kadid10k/images/I80_05_05.png,I80.png,80,5,5,2.7,1.005
I80_06_02.png,/kaggle/working/MDFS/data/KADID/extracted/kadid10k/images/I80_06_02.png,I80.png,80,6,2,4.2,0.748
I80_06_04.png,/kaggle/working/MDFS/data/KADID/extracted/kadid10k/images/I80_06_04.png,I80.png,80,6,4,3.53,0.884
I80_07_01.png,/kaggle/working/MDFS/data/KADID/extracted/kadid10k/images/I80_07_01.png,I80.png,80,7,1,2.57,1.055
I80_07_03.png,/kaggle/working/MDFS/data/KADID/extracted/kadid10k/images/I80_07_03.png,I80.png,80,7,3,2.27,1.181
I80_07_05.png,/kaggle/working/MDFS/data/KADID/extracted/kadid10k/images/I80_07_05.png,I80.png,80,7,5,2.13,0.957
I80_08_02.png,/kaggle/working/MDFS/data/KADID/extracted/kadid10k/images/I80_08_02.png,I80.png,80,8,2,2.83,0.934
I80_08_04.png,/kaggle/working/MDFS/data/KADID/extracted/kadid10k/images/I80_08_04.png,I80.png,80,8,4,1.93,0.964
I80_09_01.png,/kaggle/working/MDFS/data/KADID/extracted/kadid10k/images/I80_09_01.png,I80.png,80,9,1,4.7,0.458
I80_09_03.png,/kaggle/working/MDFS/data/KADID/extracted/kadid10k/images/I80_09_03.png,I80.png,80,9,3,3.74,0.879
I80_09_05.png,/kaggle/working/MDFS/data/KADID/extracted/kadid10k/images/I80_09_05.png,I80.png,80,9,5,1.87,0.763
I80_10_02.png,/kaggle/working/MDFS/data/KADID/extracted/kadid10k/images/I80_10_02.png,I80.png,80,10,2,4.5,0.764
I80_10_04.png,/kaggle/working/MDFS/data/KADID/extracted/kadid10k/images/I80_10_04.png,I80.png,80,10,4,1.6,0.554
I80_11_01.png,/kaggle/working/MDFS/data/KADID/extracted/kadid10k/images/I80_11_01.png,I80.png,80,11,1,4.47,0.67
I80_11_03.png,/kaggle/working/MDFS/data/KADID/extracted/kadid10k/images/I80_11_03.png,I80.png,80,11,3,3.6,0.611
I80_11_05.png,/kaggle/working/MDFS/data/KADID/extracted/kadid10k/images/I80_11_05.png,I80.png,80,11,5,2.47,0.763
I80_12_02.png,/kaggle/working/MDFS/data/KADID/extracted/kadid10k/images/I80_12_02.png,I80.png,80,12,2,4.43,0.616
I80_12_04.png,/kaggle/working/MDFS/data/KADID/extracted/kadid10k/images/I80_12_04.png,I80.png,80,12,4,3.1,0.978
I80_13_01.png,/kaggle/working/MDFS/data/KADID/extracted/kadid10k/images/I80_13_01.png,I80.png,80,13,1,4.13,0.991
I80_13_03.png,/kaggle/working/MDFS/data/KADID/extracted/kadid10k/images/I80_13_03.png,I80.png,80,13,3,2.97,0.875
I80_13_05.png,/kaggle/working/MDFS/data/KADID/extracted/kadid10k/images/I80_13_05.png,I80.png,80,13,5,2.33,0.65
I80_14_02.png,/kaggle/working/MDFS/data/KADID/extracted/kadid10k/images/I80_14_02.png,I80.png,80,14,2,4.07,0.68
I80_14_04.png,/kaggle/working/MDFS/data/KADID/extracted/kadid10k/images/I80_14_04.png,I80.png,80,14,4,3.03,0.948
I80_15_01.png,/kaggle/working/MDFS/data/KADID/extracted/kadid10k/images/I80_15_01.png,I80.png,80,15,1,3.83,0.687
I80_15_03.png,/kaggle/working/MDFS/data/KADID/extracted/kadid10k/images/I80_15_03.png,I80.png,80,15,3,3.27,0.929
I80_15_05.png,/kaggle/working/MDFS/data/KADID/extracted/kadid10k/images/I80_15_05.png,I80.png,80,15,5,1.93,0.573
I80_16_02.png,/kaggle/working/MDFS/data/KADID/extracted/kadid10k/images/I80_16_02.png,I80.png,80,16,2,4.03,0.836
I80_16_04.png,/kaggle/working/MDFS/data/KADID/extracted/kadid10k/images/I80_16_04.png,I80.png,80,16,4,2.8,1.194
I80_17_01.png,/kaggle/working/MDFS/data/KADID/extracted/kadid10k/images/I80_17_01.png,I80.png,80,17,1,4.67,0.596
I80_17_03.png,/kaggle/working/MDFS/data/KADID/extracted/kadid10k/images/I80_17_03.png,I80.png,80,17,3,4.07,0.629
I80_17_05.png,/kaggle/working/MDFS/data/KADID/extracted/kadid10k/images/I80_17_05.png,I80.png,80,17,5,2.37,0.948
I80_18_02.png,/kaggle/working/MDFS/data/KADID/extracted/kadid10k/images/I80_18_02.png,I80.png,80,18,2,4.6,0.554
I80_18_04.png,/kaggle/working/MDFS/data/KADID/extracted/kadid10k/images/I80_18_04.png,I80.png,80,18,4,4.27,0.442
I80_19_01.png,/kaggle/working/MDFS/data/KADID/extracted/kadid10k/images/I80_19_01.png,I80.png,80,19,1,4.43,0.616
I80_19_03.png,/kaggle/working/MDFS/data/KADID/extracted/kadid10k/images/I80_19_03.png,I80.png,80,19,3,3.53,0.846
I80_19_05.png,/kaggle/working/MDFS/data/KADID/extracted/kadid10k/images/I80_19_05.png,I80.png,80,19,5,1.4,0.49
I80_20_02.png,/kaggle/working/MDFS/data/KADID/extracted/kadid10k/images/I80_20_02.png,I80.png,80,20,2,4.13,0.991
I80_20_04.png,/kaggle/working/MDFS/data/KADID/extracted/kadid10k/images/I80_20_04.png,I80.png,80,20,4,3.73,0.998
I80_21_01.png,/kaggle/working/MDFS/data/KADID/extracted/kadid10k/images/I80_21_01.png,I80.png,80,21,1,4.13,0.991
I80_21_03.png,/kaggle/working/MDFS/data/KADID/extracted/kadid10k/images/I80_21_03.png,I80.png,80,21,3,3.47,0.846
I80_21_05.png,/kaggle/working/MDFS/data/KADID/extracted/kadid10k/images/I80_21_05.png,I80.png,80,21,5,1.63,0.657
I80_22_02.png,/kaggle/working/MDFS/data/KADID/extracted/kadid10k/images/I80_22_02.png,I80.png,80,22,2,4.47,0.718
I80_22_04.png,/kaggle/working/MDFS/data/KADID/extracted/kadid10k/images/I80_22_04.png,I80.png,80,22,4,3.73,0.964
I80_23_01.png,/kaggle/working/MDFS/data/KADID/extracted/kadid10k/images/I80_23_01.png,I80.png,80,23,1,3.1,1.136
I80_23_03.png,/kaggle/working/MDFS/data/KADID/extracted/kadid10k/images/I80_23_03.png,I80.png,80,23,3,2.5,0.764
I80_23_05.png,/kaggle/working/MDFS/data/KADID/extracted/kadid10k/images/I80_23_05.png,I80.png,80,23,5,2.23,0.803
I80_24_02.png,/kaggle/working/MDFS/data/KADID/extracted/kadid10k/images/I80_24_02.png,I80.png,80,24,2,2.73,0.929
I80_24_04.png,/kaggle/working/MDFS/data/KADID/extracted/kadid10k/images/I80_24_04.png,I80.png,80,24,4,1.6,0.611
I80_25_01.png,/kaggle/working/MDFS/data/KADID/extracted/kadid10k/images/I80_25_01.png,I80.png,80,25,1,3.1,0.856
I80_25_03.png,/kaggle/working/MDFS/data/KADID/extracted/kadid10k/images/I80_25_03.png,I80.png,80,25,3,3.97,0.752
I80_25_05.png,/kaggle/working/MDFS/data/KADID/extracted/kadid10k/images/I80_25_05.png,I80.png,80,25,5,3.03,0.912
I81_01_02.png,/kaggle/working/MDFS/data/KADID/extracted/kadid10k/images/I81_01_02.png,I81.png,81,1,2,4.5,0.563
I81_01_04.png,/kaggle/working/MDFS/data/KADID/extracted/kadid10k/images/I81_01_04.png,I81.png,81,1,4,1.87,0.707
I81_02_01.png,/kaggle/working/MDFS/data/KADID/extracted/kadid10k/images/I81_02_01.png,I81.png,81,2,1,3.87,0.846
I81_02_03.png,/kaggle/working/MDFS/data/KADID/extracted/kadid10k/images/I81_02_03.png,I81.png,81,2,3,1.8,0.6
I81_02_05.png,/kaggle/working/MDFS/data/KADID/extracted/kadid10k/images/I81_02_05.png,I81.png,81,2,5,1.27,0.512
I81_03_02.png,/kaggle/working/MDFS/data/KADID/extracted/kadid10k/images/I81_03_02.png,I81.png,81,3,2,4.27,0.68
I81_03_04.png,/kaggle/working/MDFS/data/KADID/extracted/kadid10k/images/I81_03_04.png,I81.png,81,3,4,2.17,0.778
I81_04_01.png,/kaggle/working/MDFS/data/KADID/extracted/kadid10k/images/I81_04_01.png,I81.png,81,4,1,4.5,0.563
I81_04_03.png,/kaggle/working/MDFS/data/KADID/extracted/kadid10k/images/I81_04_03.png,I81.png,81,4,3,1.33,0.537
I81_04_05.png,/kaggle/working/MDFS/data/KADID/extracted/kadid10k/images/I81_04_05.png,I81.png,81,4,5,1.23,0.423
I81_05_02.png,/kaggle/working/MDFS/data/KADID/extracted/kadid10k/images/I81_05_02.png,I81.png,81,5,2,2.47,0.846
I81_05_04.png,/kaggle/working/MDFS/data/KADID/extracted/kadid10k/images/I81_05_04.png,I81.png,81,5,4,1.27,0.442
I81_06_01.png,/kaggle/working/MDFS/data/KADID/extracted/kadid10k/images/I81_06_01.png,I81.png,81,6,1,3.17,0.778
I81_06_03.png,/kaggle/working/MDFS/data/KADID/extracted/kadid10k/images/I81_06_03.png,I81.png,81,6,3,2.9,0.79
I81_06_05.png,/kaggle/working/MDFS/data/KADID/extracted/kadid10k/images/I81_06_05.png,I81.png,81,6,5,1.93,0.629
I81_07_02.png,/kaggle/working/MDFS/data/KADID/extracted/kadid10k/images/I81_07_02.png,I81.png,81,7,2,2.27,0.727
I81_07_04.png,/kaggle/working/MDFS/data/KADID/extracted/kadid10k/images/I81_07_04.png,I81.png,81,7,4,2.27,1.031
I81_08_01.png,/kaggle/working/MDFS/data/KADID/extracted/kadid10k/images/I81_08_01.png,I81.png,81,8,1,4.53,0.718
I81_08_03.png,/kaggle/working/MDFS/data/KADID/extracted/kadid10k/images/I81_08_03.png,I81.png,81,8,3,2.73,0.814
I81_08_05.png,/kaggle/working/MDFS/data/KADID/extracted/kadid10k/images/I81_08_05.png,I81.png,81,8,5,1.2,0.4
I81_09_02.png,/kaggle/working/MDFS/data/KADID/extracted/kadid10k/images/I81_09_02.png,I81.png,81,9,2,4.71,0.454
I81_09_04.png,/kaggle/working/MDFS/data/KADID/extracted/kadid10k/images/I81_09_04.png,I81.png,81,9,4,2.47,0.921
I81_10_01.png,/kaggle/working/MDFS/data/KADID/extracted/kadid10k/images/I81_10_01.png,I81.png,81,10,1,4.03,0.912
I81_10_03.png,/kaggle/working/MDFS/data/KADID/extracted/kadid10k/images/I81_10_03.png,I81.png,81,10,3,3.35,0.785
I81_10_05.png,/kaggle/working/MDFS/data/KADID/extracted/kadid10k/images/I81_10_05.png,I81.png,81,10,5,1.23,0.423
I81_11_02.png,/kaggle/working/MDFS/data/KADID/extracted/kadid10k/images/I81_11_02.png,I81.png,81,11,2,2.4,0.663
I81_11_04.png,/kaggle/working/MDFS/data/KADID/extracted/kadid10k/images/I81_11_04.png,I81.png,81,11,4,2.13,0.67
I81_12_01.png,/kaggle/working/MDFS/data/KADID/extracted/kadid10k/images/I81_12_01.png,I81.png,81,12,1,4.43,0.496
I81_12_03.png,/kaggle/working/MDFS/data/KADID/extracted/kadid10k/images/I81_12_03.png,I81.png,81,12,3,2.67,0.789
I81_12_05.png,/kaggle/working/MDFS/data/KADID/extracted/kadid10k/images/I81_12_05.png,I81.png,81,12,5,2.27,0.727
I81_13_02.png,/kaggle/working/MDFS/data/KADID/extracted/kadid10k/images/I81_13_02.png,I81.png,81,13,2,2.87,0.67
I81_13_04.png,/kaggle/working/MDFS/data/KADID/extracted/kadid10k/images/I81_13_04.png,I81.png,81,13,4,2.2,0.653
I81_14_01.png,/kaggle/working/MDFS/data/KADID/extracted/kadid10k/images/I81_14_01.png,I81.png,81,14,1,4.33,0.596
I81_14_03.png,/kaggle/working/MDFS/data/KADID/extracted/kadid10k/images/I81_14_03.png,I81.png,81,14,3,2.7,0.862
I81_14_05.png,/kaggle/working/MDFS/data/KADID/extracted/kadid10k/images/I81_14_05.png,I81.png,81,14,5,1.67,0.471
I81_15_02.png,/kaggle/working/MDFS/data/KADID/extracted/kadid10k/images/I81_15_02.png,I81.png,81,15,2,1.8,0.542
I81_15_04.png,/kaggle/working/MDFS/data/KADID/extracted/kadid10k/images/I81_15_04.png,I81.png,81,15,4,1.45,0.498
I81_16_01.png,/kaggle/working/MDFS/data/KADID/extracted/kadid10k/images/I81_16_01.png,I81.png,81,16,1,4.63,0.482
I81_16_03.png,/kaggle/working/MDFS/data/KADID/extracted/kadid10k/images/I81_16_03.png,I81.png,81,16,3,3.67,0.745
I81_16_05.png,/kaggle/working/MDFS/data/KADID/extracted/kadid10k/images/I81_16_05.png,I81.png,81,16,5,1.57,0.559
I81_17_02.png,/kaggle/working/MDFS/data/KADID/extracted/kadid10k/images/I81_17_02.png,I81.png,81,17,2,4.73,0.442
I81_17_04.png,/kaggle/working/MDFS/data/KADID/extracted/kadid10k/images/I81_17_04.png,I81.png,81,17,4,3.73,0.68
I81_18_01.png,/kaggle/working/MDFS/data/KADID/extracted/kadid10k/images/I81_18_01.png,I81.png,81,18,1,4.27,0.512
I81_18_03.png,/kaggle/working/MDFS/data/KADID/extracted/kadid10k/images/I81_18_03.png,I81.png,81,18,3,4.73,0.442
I81_18_05.png,/kaggle/working/MDFS/data/KADID/extracted/kadid10k/images/I81_18_05.png,I81.png,81,18,5,4.2,0.542
I81_19_02.png,/kaggle/working/MDFS/data/KADID/extracted/kadid10k/images/I81_19_02.png,I81.png,81,19,2,4.33,0.65
I81_19_04.png,/kaggle/working/MDFS/data/KADID/extracted/kadid10k/images/I81_19_04.png,I81.png,81,19,4,1.6,0.49
I81_20_01.png,/kaggle/working/MDFS/data/KADID/extracted/kadid10k/images/I81_20_01.png,I81.png,81,20,1,4.2,0.748
I81_20_03.png,/kaggle/working/MDFS/data/KADID/extracted/kadid10k/images/I81_20_03.png,I81.png,81,20,3,4.07,0.998
I81_20_05.png,/kaggle/working/MDFS/data/KADID/extracted/kadid10k/images/I81_20_05.png,I81.png,81,20,5,1.33,0.471
I81_21_02.png,/kaggle/working/MDFS/data/KADID/extracted/kadid10k/images/I81_21_02.png,I81.png,81,21,2,2.33,0.699
I81_21_04.png,/kaggle/working/MDFS/data/KADID/extracted/kadid10k/images/I81_21_04.png,I81.png,81,21,4,2.0,0.775
I81_22_01.png,/kaggle/working/MDFS/data/KADID/extracted/kadid10k/images/I81_22_01.png,I81.png,81,22,1,4.0,1.155
I81_22_03.png,/kaggle/working/MDFS/data/KADID/extracted/kadid10k/images/I81_22_03.png,I81.png,81,22,3,3.37,0.795
I81_22_05.png,/kaggle/working/MDFS/data/KADID/extracted/kadid10k/images/I81_22_05.png,I81.png,81,22,5,1.9,0.79
I81_23_02.png,/kaggle/working/MDFS/data/KADID/extracted/kadid10k/images/I81_23_02.png,I81.png,81,23,2,1.9,0.7
I81_23_04.png,/kaggle/working/MDFS/data/KADID/extracted/kadid10k/images/I81_23_04.png,I81.png,81,23,4,1.67,0.745
I81_24_01.png,/kaggle/working/MDFS/data/KADID/extracted/kadid10k/images/I81_24_01.png,I81.png,81,24,1,3.47,0.718
I81_24_03.png,/kaggle/working/MDFS/data/KADID/extracted/kadid10k/images/I81_24_03.png,I81.png,81,24,3,2.23,0.989
I81_24_05.png,/kaggle/working/MDFS/data/KADID/extracted/kadid10k/images/I81_24_05.png,I81.png,81,24,5,1.37,0.547
I81_25_02.png,/kaggle/working/MDFS/data/KADID/extracted/kadid10k/images/I81_25_02.png,I81.png,81,25,2,3.73,0.772
I81_25_04.png,/kaggle/working/MDFS/data/KADID/extracted/kadid10k/images/I81_25_04.png,I81.png,81,25,4,4.13,0.499
