filename,image_path,reference_image,reference_id,distortion_id,distortion_level,dmos,variance,mdfs_raw_score,runtime_seconds,worker_gpu
I01_01_01.png,/kaggle/working/MDFS/data/KADID/extracted/kadid10k/images/I01_01_01.png,I01.png,1,1,1,4.57,0.496,18.34130096435547,0.5044845230004285,0
I01_01_03.png,/kaggle/working/MDFS/data/KADID/extracted/kadid10k/images/I01_01_03.png,I01.png,1,1,3,2.67,0.789,22.072006225585938,0.05364363500029867,0
I01_01_05.png,/kaggle/working/MDFS/data/KADID/extracted/kadid10k/images/I01_01_05.png,I01.png,1,1,5,1.1,0.3,38.96105194091797,0.050009095999485,0
I01_02_02.png,/kaggle/working/MDFS/data/KADID/extracted/kadid10k/images/I01_02_02.png,I01.png,1,2,2,2.27,0.772,23.460569381713867,0.0497073710002951,0
I01_02_04.png,/kaggle/working/MDFS/data/KADID/extracted/kadid10k/images/I01_02_04.png,I01.png,1,2,4,1.23,0.418,31.641159057617188,0.04902229899926169,0
I01_03_01.png,/kaggle/working/MDFS/data/KADID/extracted/kadid10k/images/I01_03_01.png,I01.png,1,3,1,4.73,0.442,18.34130096435547,0.04533642799924564,0
I01_03_03.png,/kaggle/working/MDFS/data/KADID/extracted/kadid10k/images/I01_03_03.png,I01.png,1,3,3,2.7,0.936,21.793420791625977,0.03942520400050853,0
I01_03_05.png,/kaggle/working/MDFS/data/KADID/extracted/kadid10k/images/I01_03_05.png,I01.png,1,3,5,1.5,0.5,23.20918846130371,0.038097530000413826,0
I01_04_02.png,/kaggle/working/MDFS/data/KADID/extracted/kadid10k/images/I01_04_02.png,I01.png,1,4,2,2.17,1.035,22.171396255493164,0.037127128999600245,0
I01_04_04.png,/kaggle/working/MDFS/data/KADID/extracted/kadid10k/images/I01_04_04.png,I01.png,1,4,4,1.5,0.619,27.57835578918457,0.03602288099955331,0
I01_05_01.png,/kaggle/working/MDFS/data/KADID/extracted/kadid10k/images/I01_05_01.png,I01.png,1,5,1,4.0,0.856,18.798982620239258,0.03914567999981955,0
I01_05_03.png,/kaggle/working/MDFS/data/KADID/extracted/kadid10k/images/I01_05_03.png,I01.png,1,5,3,1.57,0.559,19.107603073120117,0.03897677100030705,0
I01_05_05.png,/kaggle/working/MDFS/data/KADID/extracted/kadid10k/images/I01_05_05.png,I01.png,1,5,5,1.6,0.611,18.844228744506836,0.04026332299963542,0
I01_06_02.png,/kaggle/working/MDFS/data/KADID/extracted/kadid10k/images/I01_06_02.png,I01.png,1,6,2,4.4,0.554,20.598390579223633,0.03514919400004146,0
I01_06_04.png,/kaggle/working/MDFS/data/KADID/extracted/kadid10k/images/I01_06_04.png,I01.png,1,6,4,2.9,0.831,22.56659698486328,0.03416401699996641,0
I01_07_01.png,/kaggle/working/MDFS/data/KADID/extracted/kadid10k/images/I01_07_01.png,I01.png,1,7,1,2.73,1.123,18.07196044921875,0.03850083999986964,0
I01_07_03.png,/kaggle/working/MDFS/data/KADID/extracted/kadid10k/images/I01_07_03.png,I01.png,1,7,3,2.27,1.062,19.200946807861328,0.037459043999660935,0
I01_07_05.png,/kaggle/working/MDFS/data/KADID/extracted/kadid10k/images/I01_07_05.png,I01.png,1,7,5,2.2,0.945,19.45948028564453,0.038229070000852516,0
I01_08_02.png,/kaggle/working/MDFS/data/KADID/extracted/kadid10k/images/I01_08_02.png,I01.png,1,8,2,3.77,0.616,20.29719352722168,0.038450627000202076,0
I01_08_04.png,/kaggle/working/MDFS/data/KADID/extracted/kadid10k/images/I01_08_04.png,I01.png,1,8,4,1.97,0.912,25.014902114868164,0.03744808200008265,0
I01_09_01.png,/kaggle/working/MDFS/data/KADID/extracted/kadid10k/images/I01_09_01.png,I01.png,1,9,1,4.6,0.49,18.304655075073242,0.03963668600044912,0
I01_09_03.png,/kaggle/working/MDFS/data/KADID/extracted/kadid10k/images/I01_09_03.png,I01.png,1,9,3,4.4,0.611,20.104156494140625,0.038249903000178165,0
I01_09_05.png,/kaggle/working/MDFS/data/KADID/extracted/kadid10k/images/I01_09_05.png,I01.png,1,9,5,1.37,0.547,34.09708786010742,0.03764619200046582,0
I01_10_02.png,/kaggle/working/MDFS/data/KADID/extracted/kadid10k/images/I01_10_02.png,I01.png,1,10,2,3.93,0.854,20.140947341918945,0.0368557920000967,0
I01_10_04.png,/kaggle/working/MDFS/data/KADID/extracted/kadid10k/images/I01_10_04.png,I01.png,1,10,4,1.58,0.555,28.373043060302734,0.033732667000549554,0
I01_11_01.png,/kaggle/working/MDFS/data/KADID/extracted/kadid10k/images/I01_11_01.png,I01.png,1,11,1,4.03,0.948,21.097375869750977,0.03645548699932988,0
I01_11_03.png,/kaggle/working/MDFS/data/KADID/extracted/kadid10k/images/I01_11_03.png,I01.png,1,11,3,2.67,0.745,23.7581787109375,0.0376350509995973,0
I01_11_05.png,/kaggle/working/MDFS/data/KADID/extracted/kadid10k/images/I01_11_05.png,I01.png,1,11,5,2.37,0.752,28.431779861450195,0.03721041399967362,0
I01_12_02.png,/kaggle/working/MDFS/data/KADID/extracted/kadid10k/images/I01_12_02.png,I01.png,1,12,2,3.7,0.69,21.41920280456543,0.03649953900003311,0
I01_12_04.png,/kaggle/working/MDFS/data/KADID/extracted/kadid10k/images/I01_12_04.png,I01.png,1,12,4,2.37,0.836,25.59117317199707,0.036419593999198696,0
I01_13_01.png,/kaggle/working/MDFS/data/KADID/extracted/kadid10k/images/I01_13_01.png,I01.png,1,13,1,3.67,0.789,18.52402114868164,0.03814831399995455,0
I01_13_03.png,/kaggle/working/MDFS/data/KADID/extracted/kadid10k/images/I01_13_03.png,I01.png,1,13,3,2.6,0.663,20.745853424072266,0.03733147100047063,0
I01_13_05.png,/kaggle/working/MDFS/data/KADID/extracted/kadid10k/images/I01_13_05.png,I01.png,1,13,5,2.03,0.657,26.691770553588867,0.03766626800006634,0
I01_14_02.png,/kaggle/working/MDFS/data/KADID/extracted/kadid10k/images/I01_14_02.png,I01.png,1,14,2,3.57,1.023,19.82301139831543,0.03759836399967753,0
I01_14_04.png,/kaggle/working/MDFS/data/KADID/extracted/kadid10k/images/I01_14_04.png,I01.png,1,14,4,2.5,0.764,22.100461959838867,0.03658300999995845,0
I01_15_01.png,/kaggle/working/MDFS/data/KADID/extracted/kadid10k/images/I01_15_01.png,I01.png,1,15,1,3.57,0.989,20.617002487182617,0.0379272359996321,0
I01_15_03.png,/kaggle/working/MDFS/data/KADID/extracted/kadid10k/images/I01_15_03.png,I01.png,1,15,3,1.77,0.607,23.96940040588379,0.0365806750005504,0
I01_15_05.png,/kaggle/working/MDFS/data/KADID/extracted/kadid10k/images/I01_15_05.png,I01.png,1,15,5,1.33,0.471,27.43999671936035,0.03546368299976166,0
I01_16_02.png,/kaggle/working/MDFS/data/KADID/extracted/kadid10k/images/I01_16_02.png,I01.png,1,16,2,4.47,0.562,18.435197830200195,0.03892729700055497,0
I01_16_04.png,/kaggle/working/MDFS/data/KADID/extracted/kadid10k/images/I01_16_04.png,I01.png,1,16,4,3.17,0.898,19.008914947509766,0.03834398000071815,0
I01_17_01.png,/kaggle/working/MDFS/data/KADID/extracted/kadid10k/images/I01_17_01.png,I01.png,1,17,1,4.5,0.5,18.307884216308594,0.03913621500032605,0
I01_17_03.png,/kaggle/working/MDFS/data/KADID/extracted/kadid10k/images/I01_17_03.png,I01.png,1,17,3,4.33,0.596,18.227048873901367,0.038468391999231244,0
I01_17_05.png,/kaggle/working/MDFS/data/KADID/extracted/kadid10k/images/I01_17_05.png,I01.png,1,17,5,2.13,0.846,21.38498306274414,0.03780968000046414,0
I01_18_02.png,/kaggle/working/MDFS/data/KADID/extracted/kadid10k/images/I01_18_02.png,I01.png,1,18,2,4.57,0.496,18.4826717376709,0.03886445199987065,0
I01_18_04.png,/kaggle/working/MDFS/data/KADID/extracted/kadid10k/images/I01_18_04.png,I01.png,1,18,4,4.37,0.795,18.7699031829834,0.03752197399990109,0
I01_19_01.png,/kaggle/working/MDFS/data/KADID/extracted/kadid10k/images/I01_19_01.png,I01.png,1,19,1,4.53,0.499,18.037412643432617,0.038332550999257364,0
I01_19_03.png,/kaggle/working/MDFS/data/KADID/extracted/kadid10k/images/I01_19_03.png,I01.png,1,19,3,2.77,0.803,18.03129768371582,0.03630321600030584,0
I01_19_05.png,/kaggle/working/MDFS/data/KADID/extracted/kadid10k/images/I01_19_05.png,I01.png,1,19,5,1.37,0.482,21.94390869140625,0.036773436000657966,0
I01_20_02.png,/kaggle/working/MDFS/data/KADID/extracted/kadid10k/images/I01_20_02.png,I01.png,1,20,2,3.9,1.136,18.196046829223633,0.039233175999470404,0
I01_20_04.png,/kaggle/working/MDFS/data/KADID/extracted/kadid10k/images/I01_20_04.png,I01.png,1,20,4,3.33,1.35,18.041990280151367,0.03878979799992521,0
I01_21_01.png,/kaggle/working/MDFS/data/KADID/extracted/kadid10k/images/I01_21_01.png,I01.png,1,21,1,3.37,0.948,18.060422897338867,0.037982439000188606,0
I01_21_03.png,/kaggle/working/MDFS/data/KADID/extracted/kadid10k/images/I01_21_03.png,I01.png,1,21,3,2.03,0.74,18.402292251586914,0.03618766100044013,0
I01_21_05.png,/kaggle/working/MDFS/data/KADID/extracted/kadid10k/images/I01_21_05.png,I01.png,1,21,5,1.43,0.559,26.9321346282959,0.03317273600077897,0
I01_22_02.png,/kaggle/working/MDFS/data/KADID/extracted/kadid10k/images/I01_22_02.png,I01.png,1,22,2,4.0,0.894,18.995426177978516,0.03590450100000453,0
I01_22_04.png,/kaggle/working/MDFS/data/KADID/extracted/kadid10k/images/I01_22_04.png,I01.png,1,22,4,3.2,0.98,19.456623077392578,0.03613478299939743,0
I01_23_01.png,/kaggle/working/MDFS/data/KADID/extracted/kadid10k/images/I01_23_01.png,I01.png,1,23,1,2.73,0.929,18.247610092163086,0.038229201999456563,0
I01_23_03.png,/kaggle/working/MDFS/data/KADID/extracted/kadid10k/images/I01_23_03.png,I01.png,1,23,3,2.2,0.945,18.161277770996094,0.03811910200056445,0
I01_23_05.png,/kaggle/working/MDFS/data/KADID/extracted/kadid10k/images/I01_23_05.png,I01.png,1,23,5,1.57,0.616,18.18950843811035,0.0379874310001469,0
I01_24_02.png,/kaggle/working/MDFS/data/KADID/extracted/kadid10k/images/I01_24_02.png,I01.png,1,24,2,2.5,0.847,20.025161743164062,0.03867006699965714,0
I01_24_04.png,/kaggle/working/MDFS/data/KADID/extracted/kadid10k/images/I01_24_04.png,I01.png,1,24,4,1.6,0.554,22.482955932617188,0.03857028999937029,0
I01_25_01.png,/kaggle/working/MDFS/data/KADID/extracted/kadid10k/images/I01_25_01.png,I01.png,1,25,1,3.43,0.844,19.76260757446289,0.03914790300041204,0
I01_25_03.png,/kaggle/working/MDFS/data/KADID/extracted/kadid10k/images/I01_25_03.png,I01.png,1,25,3,4.26,0.566,18.46393585205078,0.038419226999394596,0
I01_25_05.png,/kaggle/working/MDFS/data/KADID/extracted/kadid10k/images/I01_25_05.png,I01.png,1,25,5,3.27,0.854,18.335119247436523,0.03830361400014226,0
I02_01_02.png,/kaggle/working/MDFS/data/KADID/extracted/kadid10k/images/I02_01_02.png,I02.png,2,1,2,4.17,0.934,16.52784538269043,0.03875772799983679,0
I02_01_04.png,/kaggle/working/MDFS/data/KADID/extracted/kadid10k/images/I02_01_04.png,I02.png,2,1,4,1.57,0.496,28.874269485473633,0.03836340599991672,0
I02_02_01.png,/kaggle/working/MDFS/data/KADID/extracted/kadid10k/images/I02_02_01.png,I02.png,2,2,1,3.2,0.748,17.538143157958984,0.03871132000040234,0
I02_02_03.png,/kaggle/working/MDFS/data/KADID/extracted/kadid10k/images/I02_02_03.png,I02.png,2,2,3,1.57,0.616,23.9521484375,0.037577785000394215,0
I02_02_05.png,/kaggle/working/MDFS/data/KADID/extracted/kadid10k/images/I02_02_05.png,I02.png,2,2,5,1.0,0.0,28.385650634765625,0.03720397200049774,0
I02_03_02.png,/kaggle/working/MDFS/data/KADID/extracted/kadid10k/images/I02_03_02.png,I02.png,2,3,2,3.77,0.716,16.937435150146484,0.04747613499966974,0
I02_03_04.png,/kaggle/working/MDFS/data/KADID/extracted/kadid10k/images/I02_03_04.png,I02.png,2,3,4,1.8,0.542,21.962316513061523,0.050029737999466306,0
I02_04_01.png,/kaggle/working/MDFS/data/KADID/extracted/kadid10k/images/I02_04_01.png,I02.png,2,4,1,4.3,0.64,17.659238815307617,0.033894671999405546,0
I02_04_03.png,/kaggle/working/MDFS/data/KADID/extracted/kadid10k/images/I02_04_03.png,I02.png,2,4,3,1.87,0.763,18.874475479125977,0.038220442999772786,0
I02_04_05.png,/kaggle/working/MDFS/data/KADID/extracted/kadid10k/images/I02_04_05.png,I02.png,2,4,5,1.53,0.718,19.654682159423828,0.03750603100070293,0
I02_05_02.png,/kaggle/working/MDFS/data/KADID/extracted/kadid10k/images/I02_05_02.png,I02.png,2,5,2,1.8,0.476,18.791099548339844,0.050869620999947074,0
I02_05_04.png,/kaggle/working/MDFS/data/KADID/extracted/kadid10k/images/I02_05_04.png,I02.png,2,5,4,1.37,0.482,18.377574920654297,0.04190458799985208,0
I02_06_01.png,/kaggle/working/MDFS/data/KADID/extracted/kadid10k/images/I02_06_01.png,I02.png,2,6,1,4.2,0.872,17.88595962524414,0.048534841000218876,0
I02_06_03.png,/kaggle/working/MDFS/data/KADID/extracted/kadid10k/images/I02_06_03.png,I02.png,2,6,3,3.97,0.948,18.663698196411133,0.03865861099984613,0
I02_06_05.png,/kaggle/working/MDFS/data/KADID/extracted/kadid10k/images/I02_06_05.png,I02.png,2,6,5,2.63,0.983,22.153583526611328,0.045429703000081645,0
I02_07_02.png,/kaggle/working/MDFS/data/KADID/extracted/kadid10k/images/I02_07_02.png,I02.png,2,7,2,2.37,1.048,18.852046966552734,0.03659366899955785,0
I02_07_04.png,/kaggle/working/MDFS/data/KADID/extracted/kadid10k/images/I02_07_04.png,I02.png,2,7,4,1.97,1.048,23.059295654296875,0.03569966399936675,0
I02_08_01.png,/kaggle/working/MDFS/data/KADID/extracted/kadid10k/images/I02_08_01.png,I02.png,2,8,1,4.4,0.554,17.10614013671875,0.0365261080005439,0
I02_08_03.png,/kaggle/working/MDFS/data/KADID/extracted/kadid10k/images/I02_08_03.png,I02.png,2,8,3,3.06,1.043,17.986984252929688,0.037451445999977295,0
I02_08_05.png,/kaggle/working/MDFS/data/KADID/extracted/kadid10k/images/I02_08_05.png,I02.png,2,8,5,1.37,0.752,20.41449546813965,0.037670940000680275,0
I02_09_02.png,/kaggle/working/MDFS/data/KADID/extracted/kadid10k/images/I02_09_02.png,I02.png,2,9,2,3.73,0.814,22.684160232543945,0.038128792999486905,0
I02_09_04.png,/kaggle/working/MDFS/data/KADID/extracted/kadid10k/images/I02_09_04.png,I02.png,2,9,4,1.53,0.562,29.06158447265625,0.03815390599993407,0
I02_10_01.png,/kaggle/working/MDFS/data/KADID/extracted/kadid10k/images/I02_10_01.png,I02.png,2,10,1,4.6,0.554,18.45240020751953,0.05309080900042318,0
I02_10_03.png,/kaggle/working/MDFS/data/KADID/extracted/kadid10k/images/I02_10_03.png,I02.png,2,10,3,4.13,0.718,20.53440284729004,0.038581208000323386,0
I02_10_05.png,/kaggle/working/MDFS/data/KADID/extracted/kadid10k/images/I02_10_05.png,I02.png,2,10,5,1.6,0.757,31.920230865478516,0.03577929399943969,0
I02_11_02.png,/kaggle/working/MDFS/data/KADID/extracted/kadid10k/images/I02_11_02.png,I02.png,2,11,2,3.7,0.936,18.983448028564453,0.037399110000478686,0
I02_11_04.png,/kaggle/working/MDFS/data/KADID/extracted/kadid10k/images/I02_11_04.png,I02.png,2,11,4,2.73,0.772,21.166622161865234,0.037504191999687464,0
I02_12_01.png,/kaggle/working/MDFS/data/KADID/extracted/kadid10k/images/I02_12_01.png,I02.png,2,12,1,4.63,0.547,17.504703521728516,0.037278814999808674,0
I02_12_03.png,/kaggle/working/MDFS/data/KADID/extracted/kadid10k/images/I02_12_03.png,I02.png,2,12,3,3.67,0.83,19.477663040161133,0.036916284999279014,0
I02_12_05.png,/kaggle/working/MDFS/data/KADID/extracted/kadid10k/images/I02_12_05.png,I02.png,2,12,5,2.37,0.706,22.868915557861328,0.036762362999979814,0
I02_13_02.png,/kaggle/working/MDFS/data/KADID/extracted/kadid10k/images/I02_13_02.png,I02.png,2,13,2,3.33,1.164,17.891130447387695,0.04163539499950275,0
I02_13_04.png,/kaggle/working/MDFS/data/KADID/extracted/kadid10k/images/I02_13_04.png,I02.png,2,13,4,2.53,0.806,21.329557418823242,0.0378794240004936,0
I02_14_01.png,/kaggle/working/MDFS/data/KADID/extracted/kadid10k/images/I02_14_01.png,I02.png,2,14,1,4.33,0.699,17.3659725189209,0.03689556499921309,0
I02_14_03.png,/kaggle/working/MDFS/data/KADID/extracted/kadid10k/images/I02_14_03.png,I02.png,2,14,3,2.7,0.781,19.077178955078125,0.03688639899974078,0
I02_14_05.png,/kaggle/working/MDFS/data/KADID/extracted/kadid10k/images/I02_14_05.png,I02.png,2,14,5,2.0,0.73,21.01450538635254,0.03768157800004701,0
I02_15_02.png,/kaggle/working/MDFS/data/KADID/extracted/kadid10k/images/I02_15_02.png,I02.png,2,15,2,2.77,0.716,20.981355667114258,0.03893622899977345,0
I02_15_04.png,/kaggle/working/MDFS/data/KADID/extracted/kadid10k/images/I02_15_04.png,I02.png,2,15,4,1.5,0.563,23.755443572998047,0.036816373999499774,0
I02_16_01.png,/kaggle/working/MDFS/data/KADID/extracted/kadid10k/images/I02_16_01.png,I02.png,2,16,1,4.4,0.841,17.13233184814453,0.03679901299983612,0
I02_16_03.png,/kaggle/working/MDFS/data/KADID/extracted/kadid10k/images/I02_16_03.png,I02.png,2,16,3,3.77,0.716,17.375673294067383,0.036423930999262666,0
I02_16_05.png,/kaggle/working/MDFS/data/KADID/extracted/kadid10k/images/I02_16_05.png,I02.png,2,16,5,1.83,0.734,20.20400619506836,0.036296609000601165,0
I02_17_02.png,/kaggle/working/MDFS/data/KADID/extracted/kadid10k/images/I02_17_02.png,I02.png,2,17,2,4.63,0.547,17.101055145263672,0.03770775399971171,0
I02_17_04.png,/kaggle/working/MDFS/data/KADID/extracted/kadid10k/images/I02_17_04.png,I02.png,2,17,4,3.63,0.795,17.389883041381836,0.03772682100043312,0
I02_18_01.png,/kaggle/working/MDFS/data/KADID/extracted/kadid10k/images/I02_18_01.png,I02.png,2,18,1,4.13,0.67,17.39527130126953,0.03713498800061643,0
I02_18_03.png,/kaggle/working/MDFS/data/KADID/extracted/kadid10k/images/I02_18_03.png,I02.png,2,18,3,4.73,0.442,17.10614013671875,0.03687820799950714,0
I02_18_05.png,/kaggle/working/MDFS/data/KADID/extracted/kadid10k/images/I02_18_05.png,I02.png,2,18,5,4.03,0.605,17.70285415649414,0.03754782499981957,0
I02_19_02.png,/kaggle/working/MDFS/data/KADID/extracted/kadid10k/images/I02_19_02.png,I02.png,2,19,2,4.0,0.73,16.851268768310547,0.03620250999938435,0
I02_19_04.png,/kaggle/working/MDFS/data/KADID/extracted/kadid10k/images/I02_19_04.png,I02.png,2,19,4,1.57,0.496,19.33604621887207,0.03703373700045631,0
I02_20_01.png,/kaggle/working/MDFS/data/KADID/extracted/kadid10k/images/I02_20_01.png,I02.png,2,20,1,4.5,0.671,17.007951736450195,0.03884900699995342,0
I02_20_03.png,/kaggle/working/MDFS/data/KADID/extracted/kadid10k/images/I02_20_03.png,I02.png,2,20,3,4.4,0.712,17.098440170288086,0.03831342000012228,0
I02_20_05.png,/kaggle/working/MDFS/data/KADID/extracted/kadid10k/images/I02_20_05.png,I02.png,2,20,5,4.4,0.841,16.890697479248047,0.038201439000658866,0
I02_21_02.png,/kaggle/working/MDFS/data/KADID/extracted/kadid10k/images/I02_21_02.png,I02.png,2,21,2,3.23,0.955,17.1394100189209,0.03795356200043898,0
I02_21_04.png,/kaggle/working/MDFS/data/KADID/extracted/kadid10k/images/I02_21_04.png,I02.png,2,21,4,2.67,1.011,18.34108543395996,0.034711254999820085,0
I02_22_01.png,/kaggle/working/MDFS/data/KADID/extracted/kadid10k/images/I02_22_01.png,I02.png,2,22,1,4.73,0.442,17.32225799560547,0.036500224000519665,0
I02_22_03.png,/kaggle/working/MDFS/data/KADID/extracted/kadid10k/images/I02_22_03.png,I02.png,2,22,3,4.4,0.841,17.55828857421875,0.03771504099950107,0
I02_22_05.png,/kaggle/working/MDFS/data/KADID/extracted/kadid10k/images/I02_22_05.png,I02.png,2,22,5,3.2,1.013,18.689191818237305,0.037746910999885586,0
I02_23_02.png,/kaggle/working/MDFS/data/KADID/extracted/kadid10k/images/I02_23_02.png,I02.png,2,23,2,2.7,1.038,17.045244216918945,0.036741803999575495,0
I02_23_04.png,/kaggle/working/MDFS/data/KADID/extracted/kadid10k/images/I02_23_04.png,I02.png,2,23,4,2.2,0.748,17.05081558227539,0.03724267300003703,0
I02_24_01.png,/kaggle/working/MDFS/data/KADID/extracted/kadid10k/images/I02_24_01.png,I02.png,2,24,1,3.07,0.964,19.36241912841797,0.03717947300083324,0
I02_24_03.png,/kaggle/working/MDFS/data/KADID/extracted/kadid10k/images/I02_24_03.png,I02.png,2,24,3,1.47,0.618,23.17028045654297,0.03566990900071687,0
I02_24_05.png,/kaggle/working/MDFS/data/KADID/extracted/kadid10k/images/I02_24_05.png,I02.png,2,24,5,1.2,0.476,29.155189514160156,0.03533377800067683,0
I02_25_02.png,/kaggle/working/MDFS/data/KADID/extracted/kadid10k/images/I02_25_02.png,I02.png,2,25,2,3.7,0.936,17.601823806762695,0.03748126499976934,0
I02_25_04.png,/kaggle/working/MDFS/data/KADID/extracted/kadid10k/images/I02_25_04.png,I02.png,2,25,4,4.1,0.746,17.17084503173828,0.036382850000336475,0
I03_01_01.png,/kaggle/working/MDFS/data/KADID/extracted/kadid10k/images/I03_01_01.png,I03.png,3,1,1,4.7,0.458,19.316518783569336,0.037558798000645766,0
I03_01_03.png,/kaggle/working/MDFS/data/KADID/extracted/kadid10k/images/I03_01_03.png,I03.png,3,1,3,3.0,0.856,21.35430335998535,0.037497571999665524,0
I03_01_05.png,/kaggle/working/MDFS/data/KADID/extracted/kadid10k/images/I03_01_05.png,I03.png,3,1,5,1.17,0.373,37.4410285949707,0.03657031799957622,0
I03_02_02.png,/kaggle/working/MDFS/data/KADID/extracted/kadid10k/images/I03_02_02.png,I03.png,3,2,2,2.7,0.9,22.60845375061035,0.03820558600000368,0
I03_02_04.png,/kaggle/working/MDFS/data/KADID/extracted/kadid10k/images/I03_02_04.png,I03.png,3,2,4,1.47,0.562,29.946184158325195,0.03797467999993387,0
I03_03_01.png,/kaggle/working/MDFS/data/KADID/extracted/kadid10k/images/I03_03_01.png,I03.png,3,3,1,4.6,0.49,19.316518783569336,0.038469593000627356,0
I03_03_03.png,/kaggle/working/MDFS/data/KADID/extracted/kadid10k/images/I03_03_03.png,I03.png,3,3,3,2.93,0.814,20.822303771972656,0.03804568799932895,0
I03_03_05.png,/kaggle/working/MDFS/data/KADID/extracted/kadid10k/images/I03_03_05.png,I03.png,3,3,5,1.63,0.605,23.64897346496582,0.03851489200042124,0
I03_04_02.png,/kaggle/working/MDFS/data/KADID/extracted/kadid10k/images/I03_04_02.png,I03.png,3,4,2,2.9,0.978,20.65352439880371,0.036965162999877066,0
I03_04_04.png,/kaggle/working/MDFS/data/KADID/extracted/kadid10k/images/I03_04_04.png,I03.png,3,4,4,1.2,0.6,23.238847732543945,0.03618319899942435,0
I03_05_01.png,/kaggle/working/MDFS/data/KADID/extracted/kadid10k/images/I03_05_01.png,I03.png,3,5,1,4.78,0.413,19.607118606567383,0.03857631500068237,0
I03_05_03.png,/kaggle/working/MDFS/data/KADID/extracted/kadid10k/images/I03_05_03.png,I03.png,3,5,3,2.0,0.683,20.09435272216797,0.038750343000174325,0
I03_05_05.png,/kaggle/working/MDFS/data/KADID/extracted/kadid10k/images/I03_05_05.png,I03.png,3,5,5,2.23,0.989,19.772815704345703,0.03871025799980998,0
I03_06_02.png,/kaggle/working/MDFS/data/KADID/extracted/kadid10k/images/I03_06_02.png,I03.png,3,6,2,3.8,1.013,21.340248107910156,0.036506522000308905,0
I03_06_04.png,/kaggle/working/MDFS/data/KADID/extracted/kadid10k/images/I03_06_04.png,I03.png,3,6,4,2.83,0.934,22.43731117248535,0.035356539999156666,0
I03_07_01.png,/kaggle/working/MDFS/data/KADID/extracted/kadid10k/images/I03_07_01.png,I03.png,3,7,1,2.37,1.08,19.468103408813477,0.03776546300014161,0
I03_07_03.png,/kaggle/working/MDFS/data/KADID/extracted/kadid10k/images/I03_07_03.png,I03.png,3,7,3,1.43,0.559,20.547082901000977,0.03673177800010308,0
I03_07_05.png,/kaggle/working/MDFS/data/KADID/extracted/kadid10k/images/I03_07_05.png,I03.png,3,7,5,1.47,0.618,20.529136657714844,0.03701834200001031,0
I03_08_02.png,/kaggle/working/MDFS/data/KADID/extracted/kadid10k/images/I03_08_02.png,I03.png,3,8,2,3.13,1.024,20.845806121826172,0.03825877999952354,0
I03_08_04.png,/kaggle/working/MDFS/data/KADID/extracted/kadid10k/images/I03_08_04.png,I03.png,3,8,4,1.37,0.547,27.174978256225586,0.03831108699978358,0
I03_09_01.png,/kaggle/working/MDFS/data/KADID/extracted/kadid10k/images/I03_09_01.png,I03.png,3,9,1,4.4,0.757,19.6525936126709,0.03901388400026917,0
I03_09_03.png,/kaggle/working/MDFS/data/KADID/extracted/kadid10k/images/I03_09_03.png,I03.png,3,9,3,3.1,0.978,23.31418228149414,0.03887752900027408,0
I03_09_05.png,/kaggle/working/MDFS/data/KADID/extracted/kadid10k/images/I03_09_05.png,I03.png,3,9,5,1.1,0.3,35.64672088623047,0.037675614000363566,0
I03_10_02.png,/kaggle/working/MDFS/data/KADID/extracted/kadid10k/images/I03_10_02.png,I03.png,3,10,2,4.17,0.898,19.73798179626465,0.037681132000216166,0
I03_10_04.png,/kaggle/working/MDFS/data/KADID/extracted/kadid10k/images/I03_10_04.png,I03.png,3,10,4,2.23,0.667,25.450870513916016,0.03674844800025312,0
I03_11_01.png,/kaggle/working/MDFS/data/KADID/extracted/kadid10k/images/I03_11_01.png,I03.png,3,11,1,3.97,0.836,20.874879837036133,0.03602151999984926,0
I03_11_03.png,/kaggle/working/MDFS/data/KADID/extracted/kadid10k/images/I03_11_03.png,I03.png,3,11,3,3.27,0.854,22.268245697021484,0.037230990000352904,0
I03_11_05.png,/kaggle/working/MDFS/data/KADID/extracted/kadid10k/images/I03_11_05.png,I03.png,3,11,5,2.5,0.847,25.681224822998047,0.036533057000269764,0
I03_12_02.png,/kaggle/working/MDFS/data/KADID/extracted/kadid10k/images/I03_12_02.png,I03.png,3,12,2,3.87,0.763,20.9691104888916,0.03643619500053319,0
I03_12_04.png,/kaggle/working/MDFS/data/KADID/extracted/kadid10k/images/I03_12_04.png,I03.png,3,12,4,2.9,0.907,23.66814422607422,0.03572846099996241,0
I03_13_01.png,/kaggle/working/MDFS/data/KADID/extracted/kadid10k/images/I03_13_01.png,I03.png,3,13,1,4.4,0.611,19.233110427856445,0.038992601000245486,0
I03_13_03.png,/kaggle/working/MDFS/data/KADID/extracted/kadid10k/images/I03_13_03.png,I03.png,3,13,3,2.83,0.778,20.501976013183594,0.03839448100006848,0
I03_13_05.png,/kaggle/working/MDFS/data/KADID/extracted/kadid10k/images/I03_13_05.png,I03.png,3,13,5,2.4,0.663,23.59800148010254,0.03817101200002071,0
I03_14_02.png,/kaggle/working/MDFS/data/KADID/extracted/kadid10k/images/I03_14_02.png,I03.png,3,14,2,3.5,0.992,20.662927627563477,0.03750775800017436,0
I03_14_04.png,/kaggle/working/MDFS/data/KADID/extracted/kadid10k/images/I03_14_04.png,I03.png,3,14,4,2.53,0.67,22.71699333190918,0.036832910000157426,0
I03_15_01.png,/kaggle/working/MDFS/data/KADID/extracted/kadid10k/images/I03_15_01.png,I03.png,3,15,1,4.13,0.763,20.137041091918945,0.038818571999399865,0
I03_15_03.png,/kaggle/working/MDFS/data/KADID/extracted/kadid10k/images/I03_15_03.png,I03.png,3,15,3,2.53,0.806,21.30411148071289,0.03797652199955337,0
I03_15_05.png,/kaggle/working/MDFS/data/KADID/extracted/kadid10k/images/I03_15_05.png,I03.png,3,15,5,1.43,0.559,22.59807777404785,0.03537593700002617,0
I03_16_02.png,/kaggle/working/MDFS/data/KADID/extracted/kadid10k/images/I03_16_02.png,I03.png,3,16,2,4.27,0.512,19.385805130004883,0.03774818600049912,0
I03_16_04.png,/kaggle/working/MDFS/data/KADID/extracted/kadid10k/images/I03_16_04.png,I03.png,3,16,4,2.3,0.9,20.95514678955078,0.03773687499960943,0
I03_17_01.png,/kaggle/working/MDFS/data/KADID/extracted/kadid10k/images/I03_17_01.png,I03.png,3,17,1,4.5,0.5,19.348167419433594,0.03879579400017974,0
I03_17_03.png,/kaggle/working/MDFS/data/KADID/extracted/kadid10k/images/I03_17_03.png,I03.png,3,17,3,4.4,0.49,19.389921188354492,0.03898883100009698,0
I03_17_05.png,/kaggle/working/MDFS/data/KADID/extracted/kadid10k/images/I03_17_05.png,I03.png,3,17,5,2.77,1.086,20.583698272705078,0.03773776099933457,0
I03_18_02.png,/kaggle/working/MDFS/data/KADID/extracted/kadid10k/images/I03_18_02.png,I03.png,3,18,2,4.73,0.442,19.682767868041992,0.03772484599994641,0
I03_18_04.png,/kaggle/working/MDFS/data/KADID/extracted/kadid10k/images/I03_18_04.png,I03.png,3,18,4,4.47,0.499,19.443607330322266,0.03758981499959191,0
I03_19_01.png,/kaggle/working/MDFS/data/KADID/extracted/kadid10k/images/I03_19_01.png,I03.png,3,19,1,4.17,0.734,18.827945709228516,0.03659943300044688,0
I03_19_03.png,/kaggle/working/MDFS/data/KADID/extracted/kadid10k/images/I03_19_03.png,I03.png,3,19,3,3.17,0.934,18.73711585998535,0.036243036999621836,0
I03_19_05.png,/kaggle/working/MDFS/data/KADID/extracted/kadid10k/images/I03_19_05.png,I03.png,3,19,5,1.37,0.482,24.926044464111328,0.03679691599973012,0
I03_20_02.png,/kaggle/working/MDFS/data/KADID/extracted/kadid10k/images/I03_20_02.png,I03.png,3,20,2,4.67,0.471,19.144283294677734,0.03959444299925963,0
I03_20_04.png,/kaggle/working/MDFS/data/KADID/extracted/kadid10k/images/I03_20_04.png,I03.png,3,20,4,4.17,1.098,19.121837615966797,0.039461027000470494,0
I03_21_01.png,/kaggle/working/MDFS/data/KADID/extracted/kadid10k/images/I03_21_01.png,I03.png,3,21,1,3.97,1.048,19.03707504272461,0.03924568900038139,0
I03_21_03.png,/kaggle/working/MDFS/data/KADID/extracted/kadid10k/images/I03_21_03.png,I03.png,3,21,3,2.73,0.789,19.530536651611328,0.0371566840003652,0
I03_21_05.png,/kaggle/working/MDFS/data/KADID/extracted/kadid10k/images/I03_21_05.png,I03.png,3,21,5,1.39,0.487,30.56607437133789,0.03379078500074684,0
I03_22_02.png,/kaggle/working/MDFS/data/KADID/extracted/kadid10k/images/I03_22_02.png,I03.png,3,22,2,4.6,0.611,19.552217483520508,0.0373483009998381,0
I03_22_04.png,/kaggle/working/MDFS/data/KADID/extracted/kadid10k/images/I03_22_04.png,I03.png,3,22,4,4.07,0.854,19.619596481323242,0.037477585000488034,0
I03_23_01.png,/kaggle/working/MDFS/data/KADID/extracted/kadid10k/images/I03_23_01.png,I03.png,3,23,1,3.2,1.222,19.232070922851562,0.03909258700059581,0
I03_23_03.png,/kaggle/working/MDFS/data/KADID/extracted/kadid10k/images/I03_23_03.png,I03.png,3,23,3,2.47,1.056,19.114444732666016,0.03896744499979832,0
I03_23_05.png,/kaggle/working/MDFS/data/KADID/extracted/kadid10k/images/I03_23_05.png,I03.png,3,23,5,2.2,0.945,19.14661979675293,0.03907137900023372,0
I03_24_02.png,/kaggle/working/MDFS/data/KADID/extracted/kadid10k/images/I03_24_02.png,I03.png,3,24,2,2.47,0.921,21.98246192932129,0.03998412499913684,0
I03_24_04.png,/kaggle/working/MDFS/data/KADID/extracted/kadid10k/images/I03_24_04.png,I03.png,3,24,4,1.4,0.611,24.460725784301758,0.03840209899954061,0
I03_25_01.png,/kaggle/working/MDFS/data/KADID/extracted/kadid10k/images/I03_25_01.png,I03.png,3,25,1,3.67,0.699,20.639442443847656,0.039239102999999886,0
I03_25_03.png,/kaggle/working/MDFS/data/KADID/extracted/kadid10k/images/I03_25_03.png,I03.png,3,25,3,4.63,0.605,19.569562911987305,0.0389469800002189,0
I03_25_05.png,/kaggle/working/MDFS/data/KADID/extracted/kadid10k/images/I03_25_05.png,I03.png,3,25,5,3.67,0.789,19.548994064331055,0.03860992699992494,0
I04_01_02.png,/kaggle/working/MDFS/data/KADID/extracted/kadid10k/images/I04_01_02.png,I04.png,4,1,2,4.3,0.69,16.281408309936523,0.03833438399942679,0
I04_01_04.png,/kaggle/working/MDFS/data/KADID/extracted/kadid10k/images/I04_01_04.png,I04.png,4,1,4,1.57,0.616,27.403186798095703,0.03695240500019281,0
I04_02_01.png,/kaggle/working/MDFS/data/KADID/extracted/kadid10k/images/I04_02_01.png,I04.png,4,2,1,3.57,0.667,17.251005172729492,0.037212464000731416,0
I04_02_03.png,/kaggle/working/MDFS/data/KADID/extracted/kadid10k/images/I04_02_03.png,I04.png,4,2,3,1.5,0.671,23.948213577270508,0.03755935199933447,0
I04_02_05.png,/kaggle/working/MDFS/data/KADID/extracted/kadid10k/images/I04_02_05.png,I04.png,4,2,5,1.2,0.4,29.349842071533203,0.03767022600004566,0
I04_03_02.png,/kaggle/working/MDFS/data/KADID/extracted/kadid10k/images/I04_03_02.png,I04.png,4,3,2,4.17,0.687,18.020843505859375,0.03849813200031349,0
I04_03_04.png,/kaggle/working/MDFS/data/KADID/extracted/kadid10k/images/I04_03_04.png,I04.png,4,3,4,1.93,0.727,20.061996459960938,0.03756833499937784,0
I04_04_01.png,/kaggle/working/MDFS/data/KADID/extracted/kadid10k/images/I04_04_01.png,I04.png,4,4,1,4.33,0.745,17.10638427734375,0.03787331100011215,0
I04_04_03.png,/kaggle/working/MDFS/data/KADID/extracted/kadid10k/images/I04_04_03.png,I04.png,4,4,3,2.37,1.016,18.285751342773438,0.037676334000025236,0
I04_04_05.png,/kaggle/working/MDFS/data/KADID/extracted/kadid10k/images/I04_04_05.png,I04.png,4,4,5,1.67,0.907,20.215961456298828,0.03665439700034767,0
I04_05_02.png,/kaggle/working/MDFS/data/KADID/extracted/kadid10k/images/I04_05_02.png,I04.png,4,5,2,1.83,0.82,18.66648292541504,0.038914480000130425,0
I04_05_04.png,/kaggle/working/MDFS/data/KADID/extracted/kadid10k/images/I04_05_04.png,I04.png,4,5,4,1.43,0.496,18.36467170715332,0.040038191999883566,0
I04_06_01.png,/kaggle/working/MDFS/data/KADID/extracted/kadid10k/images/I04_06_01.png,I04.png,4,6,1,4.37,0.875,18.585437774658203,0.03795201899993117,0
I04_06_03.png,/kaggle/working/MDFS/data/KADID/extracted/kadid10k/images/I04_06_03.png,I04.png,4,6,3,3.83,1.035,20.11292839050293,0.036992770000324526,0
I04_06_05.png,/kaggle/working/MDFS/data/KADID/extracted/kadid10k/images/I04_06_05.png,I04.png,4,6,5,2.73,0.854,21.747591018676758,0.03459954200025095,0
I04_07_02.png,/kaggle/working/MDFS/data/KADID/extracted/kadid10k/images/I04_07_02.png,I04.png,4,7,2,2.63,1.11,18.2918758392334,0.03822654899977351,0
I04_07_04.png,/kaggle/working/MDFS/data/KADID/extracted/kadid10k/images/I04_07_04.png,I04.png,4,7,4,2.57,0.955,21.046472549438477,0.03667502699954639,0
I04_08_01.png,/kaggle/working/MDFS/data/KADID/extracted/kadid10k/images/I04_08_01.png,I04.png,4,8,1,4.7,0.458,16.760778427124023,0.03802371399979165,0
I04_08_03.png,/kaggle/working/MDFS/data/KADID/extracted/kadid10k/images/I04_08_03.png,I04.png,4,8,3,3.13,0.846,17.02118682861328,0.038725353000700125,0
I04_08_05.png,/kaggle/working/MDFS/data/KADID/extracted/kadid10k/images/I04_08_05.png,I04.png,4,8,5,1.83,0.778,19.593647003173828,0.03894617300011305,0
I04_09_02.png,/kaggle/working/MDFS/data/KADID/extracted/kadid10k/images/I04_09_02.png,I04.png,4,9,2,4.4,0.663,19.474756240844727,0.0392000720003125,0
I04_09_04.png,/kaggle/working/MDFS/data/KADID/extracted/kadid10k/images/I04_09_04.png,I04.png,4,9,4,1.73,0.727,26.919574737548828,0.0376901990002807,0
I04_10_01.png,/kaggle/working/MDFS/data/KADID/extracted/kadid10k/images/I04_10_01.png,I04.png,4,10,1,4.27,0.727,17.841596603393555,0.03697182599989901,0
I04_10_03.png,/kaggle/working/MDFS/data/KADID/extracted/kadid10k/images/I04_10_03.png,I04.png,4,10,3,3.87,0.562,19.57145118713379,0.036816922999605595,0
I04_10_05.png,/kaggle/working/MDFS/data/KADID/extracted/kadid10k/images/I04_10_05.png,I04.png,4,10,5,1.23,0.423,29.82790184020996,0.03395635400011088,0
I04_11_02.png,/kaggle/working/MDFS/data/KADID/extracted/kadid10k/images/I04_11_02.png,I04.png,4,11,2,3.57,0.803,19.842805862426758,0.03678584199951729,0
I04_11_04.png,/kaggle/working/MDFS/data/KADID/extracted/kadid10k/images/I04_11_04.png,I04.png,4,11,4,2.4,0.663,22.525623321533203,0.03811391300041578,0
I04_12_01.png,/kaggle/working/MDFS/data/KADID/extracted/kadid10k/images/I04_12_01.png,I04.png,4,12,1,4.33,0.699,17.526517868041992,0.03757892900011939,0
I04_12_03.png,/kaggle/working/MDFS/data/KADID/extracted/kadid10k/images/I04_12_03.png,I04.png,4,12,3,3.2,0.792,20.628253936767578,0.035769656999946164,0
I04_12_05.png,/kaggle/working/MDFS/data/KADID/extracted/kadid10k/images/I04_12_05.png,I04.png,4,12,5,2.2,0.542,24.363706588745117,0.036098889000641066,0
I04_13_02.png,/kaggle/working/MDFS/data/KADID/extracted/kadid10k/images/I04_13_02.png,I04.png,4,13,2,2.83,0.82,17.815837860107422,0.03741972199986776,0
I04_13_04.png,/kaggle/working/MDFS/data/KADID/extracted/kadid10k/images/I04_13_04.png,I04.png,4,13,4,2.2,0.702,21.115585327148438,0.03730043499945168,0
I04_14_01.png,/kaggle/working/MDFS/data/KADID/extracted/kadid10k/images/I04_14_01.png,I04.png,4,14,1,4.53,0.67,17.420124053955078,0.038182467999831715,0
I04_14_03.png,/kaggle/working/MDFS/data/KADID/extracted/kadid10k/images/I04_14_03.png,I04.png,4,14,3,2.83,0.86,20.627626419067383,0.03738796500056196,0
I04_14_05.png,/kaggle/working/MDFS/data/KADID/extracted/kadid10k/images/I04_14_05.png,I04.png,4,14,5,2.1,0.7,23.214675903320312,0.03685809499984316,0
I04_15_02.png,/kaggle/working/MDFS/data/KADID/extracted/kadid10k/images/I04_15_02.png,I04.png,4,15,2,2.7,0.862,20.820350646972656,0.041852684000332374,0
I04_15_04.png,/kaggle/working/MDFS/data/KADID/extracted/kadid10k/images/I04_15_04.png,I04.png,4,15,4,1.67,0.471,24.029409408569336,0.03725618199950986,0
I04_16_01.png,/kaggle/working/MDFS/data/KADID/extracted/kadid10k/images/I04_16_01.png,I04.png,4,16,1,4.57,0.496,16.729862213134766,0.038143319000482734,0
I04_16_03.png,/kaggle/working/MDFS/data/KADID/extracted/kadid10k/images/I04_16_03.png,I04.png,4,16,3,3.83,0.734,16.70222282409668,0.038435805000517576,0
I04_16_05.png,/kaggle/working/MDFS/data/KADID/extracted/kadid10k/images/I04_16_05.png,I04.png,4,16,5,2.03,0.836,19.606075286865234,0.036385503000019526,0
I04_17_02.png,/kaggle/working/MDFS/data/KADID/extracted/kadid10k/images/I04_17_02.png,I04.png,4,17,2,4.6,0.49,16.780405044555664,0.03901373799999419,0
I04_17_04.png,/kaggle/working/MDFS/data/KADID/extracted/kadid10k/images/I04_17_04.png,I04.png,4,17,4,3.4,0.879,16.974699020385742,0.03959731000031752,0
I04_18_01.png,/kaggle/working/MDFS/data/KADID/extracted/kadid10k/images/I04_18_01.png,I04.png,4,18,1,4.27,0.68,16.890640258789062,0.039262432000214176,0
I04_18_03.png,/kaggle/working/MDFS/data/KADID/extracted/kadid10k/images/I04_18_03.png,I04.png,4,18,3,4.87,0.34,16.760778427124023,0.03816866899978777,0
I04_18_05.png,/kaggle/working/MDFS/data/KADID/extracted/kadid10k/images/I04_18_05.png,I04.png,4,18,5,3.63,0.657,17.135238647460938,0.03805283400015469,0
I04_19_02.png,/kaggle/working/MDFS/data/KADID/extracted/kadid10k/images/I04_19_02.png,I04.png,4,19,2,3.9,0.907,16.286792755126953,0.03739175800001249,0
I04_19_04.png,/kaggle/working/MDFS/data/KADID/extracted/kadid10k/images/I04_19_04.png,I04.png,4,19,4,1.6,0.611,18.517431259155273,0.0359442079998189,0
I04_20_01.png,/kaggle/working/MDFS/data/KADID/extracted/kadid10k/images/I04_20_01.png,I04.png,4,20,1,4.6,0.554,16.723289489746094,0.038372469999558234,0
I04_20_03.png,/kaggle/working/MDFS/data/KADID/extracted/kadid10k/images/I04_20_03.png,I04.png,4,20,3,4.1,0.943,16.636625289916992,0.03809527599969442,0
I04_20_05.png,/kaggle/working/MDFS/data/KADID/extracted/kadid10k/images/I04_20_05.png,I04.png,4,20,5,4.1,0.907,16.790380477905273,0.038593754000430636,0
I04_21_02.png,/kaggle/working/MDFS/data/KADID/extracted/kadid10k/images/I04_21_02.png,I04.png,4,21,2,3.17,0.969,16.505739212036133,0.03786289300023782,0
I04_21_04.png,/kaggle/working/MDFS/data/KADID/extracted/kadid10k/images/I04_21_04.png,I04.png,4,21,4,2.93,0.854,17.591476440429688,0.03689848100020754,0
I04_22_01.png,/kaggle/working/MDFS/data/KADID/extracted/kadid10k/images/I04_22_01.png,I04.png,4,22,1,4.17,0.898,17.065181732177734,0.037316447000193875,0
I04_22_03.png,/kaggle/working/MDFS/data/KADID/extracted/kadid10k/images/I04_22_03.png,I04.png,4,22,3,3.6,1.2,18.014440536499023,0.03575686700060032,0
I04_22_05.png,/kaggle/working/MDFS/data/KADID/extracted/kadid10k/images/I04_22_05.png,I04.png,4,22,5,2.9,1.027,18.849641799926758,0.034839982999983476,0
I04_23_02.png,/kaggle/working/MDFS/data/KADID/extracted/kadid10k/images/I04_23_02.png,I04.png,4,23,2,2.37,0.836,16.74577522277832,0.03875487000004796,0
I04_23_04.png,/kaggle/working/MDFS/data/KADID/extracted/kadid10k/images/I04_23_04.png,I04.png,4,23,4,2.23,0.667,16.725746154785156,0.039242543000000296,0
I04_24_01.png,/kaggle/working/MDFS/data/KADID/extracted/kadid10k/images/I04_24_01.png,I04.png,4,24,1,3.77,0.844,18.893245697021484,0.03949278600066464,0
I04_24_03.png,/kaggle/working/MDFS/data/KADID/extracted/kadid10k/images/I04_24_03.png,I04.png,4,24,3,2.0,0.683,21.708755493164062,0.03862472799937677,0
I04_24_05.png,/kaggle/working/MDFS/data/KADID/extracted/kadid10k/images/I04_24_05.png,I04.png,4,24,5,1.5,0.719,26.8018856048584,0.03714004700032092,0
I04_25_02.png,/kaggle/working/MDFS/data/KADID/extracted/kadid10k/images/I04_25_02.png,I04.png,4,25,2,3.73,0.772,17.502403259277344,0.03918568900007813,0
I04_25_04.png,/kaggle/working/MDFS/data/KADID/extracted/kadid10k/images/I04_25_04.png,I04.png,4,25,4,4.23,0.559,16.730365753173828,0.038811211999927764,0
I05_01_01.png,/kaggle/working/MDFS/data/KADID/extracted/kadid10k/images/I05_01_01.png,I05.png,5,1,1,4.6,0.663,17.937654495239258,0.03765559600014967,0
I05_01_03.png,/kaggle/working/MDFS/data/KADID/extracted/kadid10k/images/I05_01_03.png,I05.png,5,1,3,2.83,0.82,22.037635803222656,0.04108704000009311,0
I05_01_05.png,/kaggle/working/MDFS/data/KADID/extracted/kadid10k/images/I05_01_05.png,I05.png,5,1,5,1.17,0.373,39.95243835449219,0.04013829599989549,0
I05_02_02.png,/kaggle/working/MDFS/data/KADID/extracted/kadid10k/images/I05_02_02.png,I05.png,5,2,2,2.63,0.752,24.266429901123047,0.03997260400046798,0
I05_02_04.png,/kaggle/working/MDFS/data/KADID/extracted/kadid10k/images/I05_02_04.png,I05.png,5,2,4,1.33,0.471,27.24164581298828,0.03855797000051098,0
I05_03_01.png,/kaggle/working/MDFS/data/KADID/extracted/kadid10k/images/I05_03_01.png,I05.png,5,3,1,4.47,0.562,17.937654495239258,0.03732296599991969,0
I05_03_03.png,/kaggle/working/MDFS/data/KADID/extracted/kadid10k/images/I05_03_03.png,I05.png,5,3,3,2.68,0.69,24.071044921875,0.03965474600045127,0
I05_03_05.png,/kaggle/working/MDFS/data/KADID/extracted/kadid10k/images/I05_03_05.png,I05.png,5,3,5,1.53,0.562,28.529218673706055,0.036856783000075666,0
I05_04_02.png,/kaggle/working/MDFS/data/KADID/extracted/kadid10k/images/I05_04_02.png,I05.png,5,4,2,3.0,1.0,20.056547164916992,0.038760271999308316,0
I05_04_04.png,/kaggle/working/MDFS/data/KADID/extracted/kadid10k/images/I05_04_04.png,I05.png,5,4,4,1.57,0.616,21.250167846679688,0.0391853640003319,0
I05_05_01.png,/kaggle/working/MDFS/data/KADID/extracted/kadid10k/images/I05_05_01.png,I05.png,5,5,1,4.23,0.616,18.873008728027344,0.0390978229997927,0
I05_05_03.png,/kaggle/working/MDFS/data/KADID/extracted/kadid10k/images/I05_05_03.png,I05.png,5,5,3,1.83,0.734,19.45627212524414,0.03848982599993178,0
I05_05_05.png,/kaggle/working/MDFS/data/KADID/extracted/kadid10k/images/I05_05_05.png,I05.png,5,5,5,1.63,0.605,18.609609603881836,0.038175470999703975,0
I05_06_02.png,/kaggle/working/MDFS/data/KADID/extracted/kadid10k/images/I05_06_02.png,I05.png,5,6,2,4.37,0.605,18.991531372070312,0.03786852699977317,0
I05_06_04.png,/kaggle/working/MDFS/data/KADID/extracted/kadid10k/images/I05_06_04.png,I05.png,5,6,4,3.63,0.983,20.538951873779297,0.03698399699987931,0
I05_07_01.png,/kaggle/working/MDFS/data/KADID/extracted/kadid10k/images/I05_07_01.png,I05.png,5,7,1,2.57,0.844,18.69723129272461,0.03828009700009716,0
I05_07_03.png,/kaggle/working/MDFS/data/KADID/extracted/kadid10k/images/I05_07_03.png,I05.png,5,7,3,2.1,0.79,20.23168182373047,0.03845380999973713,0
I05_07_05.png,/kaggle/working/MDFS/data/KADID/extracted/kadid10k/images/I05_07_05.png,I05.png,5,7,5,2.23,0.989,18.821224212646484,0.03863090199956787,0
I05_08_02.png,/kaggle/working/MDFS/data/KADID/extracted/kadid10k/images/I05_08_02.png,I05.png,5,8,2,3.37,0.795,18.54764175415039,0.039024298999720486,0
I05_08_04.png,/kaggle/working/MDFS/data/KADID/extracted/kadid10k/images/I05_08_04.png,I05.png,5,8,4,1.63,0.752,20.586688995361328,0.03964649699992151,0
I05_09_01.png,/kaggle/working/MDFS/data/KADID/extracted/kadid10k/images/I05_09_01.png,I05.png,5,9,1,4.3,0.586,20.62372398376465,0.040131402000042726,0
I05_09_03.png,/kaggle/working/MDFS/data/KADID/extracted/kadid10k/images/I05_09_03.png,I05.png,5,9,3,2.37,1.11,26.43964195251465,0.04204494599980535,0
I05_09_05.png,/kaggle/working/MDFS/data/KADID/extracted/kadid10k/images/I05_09_05.png,I05.png,5,9,5,1.23,0.423,36.35981750488281,0.03995232000033866,0
I05_10_02.png,/kaggle/working/MDFS/data/KADID/extracted/kadid10k/images/I05_10_02.png,I05.png,5,10,2,4.4,0.554,20.04015350341797,0.03951585499999055,0
I05_10_04.png,/kaggle/working/MDFS/data/KADID/extracted/kadid10k/images/I05_10_04.png,I05.png,5,10,4,2.47,1.284,29.24563217163086,0.03917095100041479,0
I05_11_01.png,/kaggle/working/MDFS/data/KADID/extracted/kadid10k/images/I05_11_01.png,I05.png,5,11,1,4.4,0.841,18.943782806396484,0.040412106000076164,0
I05_11_03.png,/kaggle/working/MDFS/data/KADID/extracted/kadid10k/images/I05_11_03.png,I05.png,5,11,3,3.83,1.098,20.332971572875977,0.03919706499982567,0
I05_11_05.png,/kaggle/working/MDFS/data/KADID/extracted/kadid10k/images/I05_11_05.png,I05.png,5,11,5,2.53,0.806,23.407278060913086,0.03970706499967491,0
I05_12_02.png,/kaggle/working/MDFS/data/KADID/extracted/kadid10k/images/I05_12_02.png,I05.png,5,12,2,4.43,0.761,19.24082374572754,0.038206670000363374,0
I05_12_04.png,/kaggle/working/MDFS/data/KADID/extracted/kadid10k/images/I05_12_04.png,I05.png,5,12,4,3.03,0.836,21.480899810791016,0.037522784000429965,0
I05_13_01.png,/kaggle/working/MDFS/data/KADID/extracted/kadid10k/images/I05_13_01.png,I05.png,5,13,1,3.47,1.118,17.872249603271484,0.037916506999863486,0
I05_13_03.png,/kaggle/working/MDFS/data/KADID/extracted/kadid10k/images/I05_13_03.png,I05.png,5,13,3,2.3,0.9,19.138690948486328,0.03858122299971001,0
I05_13_05.png,/kaggle/working/MDFS/data/KADID/extracted/kadid10k/images/I05_13_05.png,I05.png,5,13,5,2.07,0.929,23.001604080200195,0.03940913200040086,0
I05_14_02.png,/kaggle/working/MDFS/data/KADID/extracted/kadid10k/images/I05_14_02.png,I05.png,5,14,2,4.37,0.605,18.150930404663086,0.037059502999909455,0
I05_14_04.png,/kaggle/working/MDFS/data/KADID/extracted/kadid10k/images/I05_14_04.png,I05.png,5,14,4,4.2,0.653,18.97352409362793,0.03672368399929837,0
I05_15_01.png,/kaggle/working/MDFS/data/KADID/extracted/kadid10k/images/I05_15_01.png,I05.png,5,15,1,3.5,0.885,19.421293258666992,0.0392893060006827,0
I05_15_03.png,/kaggle/working/MDFS/data/KADID/extracted/kadid10k/images/I05_15_03.png,I05.png,5,15,3,2.17,0.82,22.522371292114258,0.03945881700019527,0
I05_15_05.png,/kaggle/working/MDFS/data/KADID/extracted/kadid10k/images/I05_15_05.png,I05.png,5,15,5,1.47,0.562,25.896631240844727,0.03915307500028575,0
I05_16_02.png,/kaggle/working/MDFS/data/KADID/extracted/kadid10k/images/I05_16_02.png,I05.png,5,16,2,4.37,0.482,17.919734954833984,0.038620919000095455,0
I05_16_04.png,/kaggle/working/MDFS/data/KADID/extracted/kadid10k/images/I05_16_04.png,I05.png,5,16,4,3.1,0.943,18.825559616088867,0.039290007000090554,0
I05_17_01.png,/kaggle/working/MDFS/data/KADID/extracted/kadid10k/images/I05_17_01.png,I05.png,5,17,1,4.5,0.619,17.95127296447754,0.03808340500017948,0
I05_17_03.png,/kaggle/working/MDFS/data/KADID/extracted/kadid10k/images/I05_17_03.png,I05.png,5,17,3,3.53,0.884,18.07980728149414,0.03707834200031357,0
I05_17_05.png,/kaggle/working/MDFS/data/KADID/extracted/kadid10k/images/I05_17_05.png,I05.png,5,17,5,1.3,0.458,23.879352569580078,0.03353322099974321,0
I05_18_02.png,/kaggle/working/MDFS/data/KADID/extracted/kadid10k/images/I05_18_02.png,I05.png,5,18,2,4.47,0.718,18.064735412597656,0.03709711600004084,0
I05_18_04.png,/kaggle/working/MDFS/data/KADID/extracted/kadid10k/images/I05_18_04.png,I05.png,5,18,4,4.0,0.683,18.334720611572266,0.03839724699992075,0
I05_19_01.png,/kaggle/working/MDFS/data/KADID/extracted/kadid10k/images/I05_19_01.png,I05.png,5,19,1,4.03,0.657,17.742341995239258,0.03865731499990943,0
I05_19_03.png,/kaggle/working/MDFS/data/KADID/extracted/kadid10k/images/I05_19_03.png,I05.png,5,19,3,3.13,0.718,17.998777389526367,0.03718923799988261,0
I05_19_05.png,/kaggle/working/MDFS/data/KADID/extracted/kadid10k/images/I05_19_05.png,I05.png,5,19,5,1.23,0.423,24.312633514404297,0.03699250599947845,0
I05_20_02.png,/kaggle/working/MDFS/data/KADID/extracted/kadid10k/images/I05_20_02.png,I05.png,5,20,2,4.53,0.562,17.954050064086914,0.03695515199979127,0
I05_20_04.png,/kaggle/working/MDFS/data/KADID/extracted/kadid10k/images/I05_20_04.png,I05.png,5,20,4,4.43,0.716,17.851795196533203,0.0366421779999655,0
I05_21_01.png,/kaggle/working/MDFS/data/KADID/extracted/kadid10k/images/I05_21_01.png,I05.png,5,21,1,4.17,0.82,18.20136070251465,0.037375464999968244,0
I05_21_03.png,/kaggle/working/MDFS/data/KADID/extracted/kadid10k/images/I05_21_03.png,I05.png,5,21,3,3.4,1.172,19.280019760131836,0.03816883299987239,0
I05_21_05.png,/kaggle/working/MDFS/data/KADID/extracted/kadid10k/images/I05_21_05.png,I05.png,5,21,5,1.4,0.611,33.68000411987305,0.03516368200052966,0
I05_22_02.png,/kaggle/working/MDFS/data/KADID/extracted/kadid10k/images/I05_22_02.png,I05.png,5,22,2,4.53,0.618,18.360733032226562,0.03885836800054676,0
I05_22_04.png,/kaggle/working/MDFS/data/KADID/extracted/kadid10k/images/I05_22_04.png,I05.png,5,22,4,4.03,1.08,18.790815353393555,0.03918419300043752,0
I05_23_01.png,/kaggle/working/MDFS/data/KADID/extracted/kadid10k/images/I05_23_01.png,I05.png,5,23,1,2.33,1.043,17.909215927124023,0.03812505099995178,0
I05_23_03.png,/kaggle/working/MDFS/data/KADID/extracted/kadid10k/images/I05_23_03.png,I05.png,5,23,3,1.87,0.763,17.735200881958008,0.03919994100033364,0
I05_23_05.png,/kaggle/working/MDFS/data/KADID/extracted/kadid10k/images/I05_23_05.png,I05.png,5,23,5,1.8,0.542,17.71173667907715,0.03928868399998464,0
I05_24_02.png,/kaggle/working/MDFS/data/KADID/extracted/kadid10k/images/I05_24_02.png,I05.png,5,24,2,1.9,0.87,23.924413681030273,0.03887190599925816,0
I05_24_04.png,/kaggle/working/MDFS/data/KADID/extracted/kadid10k/images/I05_24_04.png,I05.png,5,24,4,1.23,0.423,28.64792823791504,0.03611673200066434,0
I05_25_01.png,/kaggle/working/MDFS/data/KADID/extracted/kadid10k/images/I05_25_01.png,I05.png,5,25,1,2.9,0.831,19.96854019165039,0.039634511999793176,0
I05_25_03.png,/kaggle/working/MDFS/data/KADID/extracted/kadid10k/images/I05_25_03.png,I05.png,5,25,3,4.0,0.73,18.267507553100586,0.039829319000091346,0
I05_25_05.png,/kaggle/working/MDFS/data/KADID/extracted/kadid10k/images/I05_25_05.png,I05.png,5,25,5,3.6,0.663,18.135862350463867,0.03911001199958264,0
I06_01_02.png,/kaggle/working/MDFS/data/KADID/extracted/kadid10k/images/I06_01_02.png,I06.png,6,1,2,4.33,0.699,19.326095581054688,0.04069347499989817,0
I06_01_04.png,/kaggle/working/MDFS/data/KADID/extracted/kadid10k/images/I06_01_04.png,I06.png,6,1,4,2.13,0.67,30.965927124023438,0.03990055099984602,0
I06_02_01.png,/kaggle/working/MDFS/data/KADID/extracted/kadid10k/images/I06_02_01.png,I06.png,6,2,1,4.13,0.884,20.527790069580078,0.04074065300028451,0
I06_02_03.png,/kaggle/working/MDFS/data/KADID/extracted/kadid10k/images/I06_02_03.png,I06.png,6,2,3,2.13,0.562,27.952882766723633,0.03994594399955531,0
I06_02_05.png,/kaggle/working/MDFS/data/KADID/extracted/kadid10k/images/I06_02_05.png,I06.png,6,2,5,1.63,0.795,35.9682502746582,0.03913851500055898,0
I06_03_02.png,/kaggle/working/MDFS/data/KADID/extracted/kadid10k/images/I06_03_02.png,I06.png,6,3,2,4.27,0.814,20.854413986206055,0.04059501300071133,0
I06_03_04.png,/kaggle/working/MDFS/data/KADID/extracted/kadid10k/images/I06_03_04.png,I06.png,6,3,4,2.9,0.79,22.65094566345215,0.03995109599964053,0
I06_04_01.png,/kaggle/working/MDFS/data/KADID/extracted/kadid10k/images/I06_04_01.png,I06.png,6,4,1,4.6,0.49,19.055681228637695,0.039900871999634546,0
I06_04_03.png,/kaggle/working/MDFS/data/KADID/extracted/kadid10k/images/I06_04_03.png,I06.png,6,4,3,2.1,0.79,21.200708389282227,0.039003631999548816,0
I06_04_05.png,/kaggle/working/MDFS/data/KADID/extracted/kadid10k/images/I06_04_05.png,I06.png,6,4,5,1.77,0.92,22.373615264892578,0.03879093700015801,0
I06_05_02.png,/kaggle/working/MDFS/data/KADID/extracted/kadid10k/images/I06_05_02.png,I06.png,6,5,2,3.13,0.921,19.924030303955078,0.03967063599975518,0
I06_05_04.png,/kaggle/working/MDFS/data/KADID/extracted/kadid10k/images/I06_05_04.png,I06.png,6,5,4,1.8,0.542,19.280580520629883,0.038285933999759436,0
I06_06_01.png,/kaggle/working/MDFS/data/KADID/extracted/kadid10k/images/I06_06_01.png,I06.png,6,6,1,4.4,0.663,20.69501304626465,0.034987308000381745,0
I06_06_03.png,/kaggle/working/MDFS/data/KADID/extracted/kadid10k/images/I06_06_03.png,I06.png,6,6,3,3.87,0.846,22.045812606811523,0.03487274100007198,0
I06_06_05.png,/kaggle/working/MDFS/data/KADID/extracted/kadid10k/images/I06_06_05.png,I06.png,6,6,5,2.4,0.917,23.42972183227539,0.036874761000035505,0
I06_07_02.png,/kaggle/working/MDFS/data/KADID/extracted/kadid10k/images/I06_07_02.png,I06.png,6,7,2,2.77,1.116,19.78251838684082,0.04192800799955876,0
I06_07_04.png,/kaggle/working/MDFS/data/KADID/extracted/kadid10k/images/I06_07_04.png,I06.png,6,7,4,2.23,0.989,22.577041625976562,0.040841233999344695,0
I06_08_01.png,/kaggle/working/MDFS/data/KADID/extracted/kadid10k/images/I06_08_01.png,I06.png,6,8,1,4.6,0.663,19.05525779724121,0.03873340100017231,0
I06_08_03.png,/kaggle/working/MDFS/data/KADID/extracted/kadid10k/images/I06_08_03.png,I06.png,6,8,3,2.87,0.991,20.818275451660156,0.03940764699927968,0
I06_08_05.png,/kaggle/working/MDFS/data/KADID/extracted/kadid10k/images/I06_08_05.png,I06.png,6,8,5,1.77,0.883,23.415157318115234,0.03983106600026076,0
I06_09_02.png,/kaggle/working/MDFS/data/KADID/extracted/kadid10k/images/I06_09_02.png,I06.png,6,9,2,4.37,0.657,20.94095230102539,0.03978633000042464,0
I06_09_04.png,/kaggle/working/MDFS/data/KADID/extracted/kadid10k/images/I06_09_04.png,I06.png,6,9,4,3.63,1.11,25.840457916259766,0.05803213200033497,0
I06_10_01.png,/kaggle/working/MDFS/data/KADID/extracted/kadid10k/images/I06_10_01.png,I06.png,6,10,1,4.6,0.49,21.46786880493164,0.06262418299957062,0
I06_10_03.png,/kaggle/working/MDFS/data/KADID/extracted/kadid10k/images/I06_10_03.png,I06.png,6,10,3,4.33,0.65,23.94977378845215,0.03576033700028347,0
I06_10_05.png,/kaggle/working/MDFS/data/KADID/extracted/kadid10k/images/I06_10_05.png,I06.png,6,10,5,1.23,0.423,35.14530944824219,0.03356210900074075,0
I06_11_02.png,/kaggle/working/MDFS/data/KADID/extracted/kadid10k/images/I06_11_02.png,I06.png,6,11,2,3.4,0.917,24.305335998535156,0.03638170900012483,0
I06_11_04.png,/kaggle/working/MDFS/data/KADID/extracted/kadid10k/images/I06_11_04.png,I06.png,6,11,4,2.83,0.934,27.609981536865234,0.03651945599995088,0
I06_12_01.png,/kaggle/working/MDFS/data/KADID/extracted/kadid10k/images/I06_12_01.png,I06.png,6,12,1,4.55,0.614,20.43094253540039,0.03762403499968059,0
I06_12_03.png,/kaggle/working/MDFS/data/KADID/extracted/kadid10k/images/I06_12_03.png,I06.png,6,12,3,3.2,0.833,24.870624542236328,0.03716877500028204,0
I06_12_05.png,/kaggle/working/MDFS/data/KADID/extracted/kadid10k/images/I06_12_05.png,I06.png,6,12,5,2.33,0.745,29.570466995239258,0.03634973899988836,0
I06_13_02.png,/kaggle/working/MDFS/data/KADID/extracted/kadid10k/images/I06_13_02.png,I06.png,6,13,2,2.5,0.847,21.243736267089844,0.03591540700017504,0
I06_13_04.png,/kaggle/working/MDFS/data/KADID/extracted/kadid10k/images/I06_13_04.png,I06.png,6,13,4,2.2,0.653,25.528724670410156,0.03658237299987377,0
I06_14_01.png,/kaggle/working/MDFS/data/KADID/extracted/kadid10k/images/I06_14_01.png,I06.png,6,14,1,4.43,0.667,20.44951057434082,0.03815132599993376,0
I06_14_03.png,/kaggle/working/MDFS/data/KADID/extracted/kadid10k/images/I06_14_03.png,I06.png,6,14,3,3.1,0.831,24.779544830322266,0.037728270000116026,0
I06_14_05.png,/kaggle/working/MDFS/data/KADID/extracted/kadid10k/images/I06_14_05.png,I06.png,6,14,5,2.07,0.854,30.33912467956543,0.03735323500040977,0
I06_15_02.png,/kaggle/working/MDFS/data/KADID/extracted/kadid10k/images/I06_15_02.png,I06.png,6,15,2,2.97,0.948,23.429058074951172,0.03744637799991324,0
I06_15_04.png,/kaggle/working/MDFS/data/KADID/extracted/kadid10k/images/I06_15_04.png,I06.png,6,15,4,1.57,0.559,25.718608856201172,0.03617225600009988,0
I06_16_01.png,/kaggle/working/MDFS/data/KADID/extracted/kadid10k/images/I06_16_01.png,I06.png,6,16,1,4.03,0.77,19.08521270751953,0.03942989799998031,0
I06_16_03.png,/kaggle/working/MDFS/data/KADID/extracted/kadid10k/images/I06_16_03.png,I06.png,6,16,3,3.06,0.801,19.18052101135254,0.03825039499952254,0
I06_16_05.png,/kaggle/working/MDFS/data/KADID/extracted/kadid10k/images/I06_16_05.png,I06.png,6,16,5,1.4,0.712,25.02342414855957,0.03690315499989083,0
I06_17_02.png,/kaggle/working/MDFS/data/KADID/extracted/kadid10k/images/I06_17_02.png,I06.png,6,17,2,4.47,0.499,19.063383102416992,0.038611951999882876,0
I06_17_04.png,/kaggle/working/MDFS/data/KADID/extracted/kadid10k/images/I06_17_04.png,I06.png,6,17,4,3.43,0.844,19.195070266723633,0.03951851700003317,0
I06_18_01.png,/kaggle/working/MDFS/data/KADID/extracted/kadid10k/images/I06_18_01.png,I06.png,6,18,1,3.8,0.792,19.209529876708984,0.03874587800055451,0
I06_18_03.png,/kaggle/working/MDFS/data/KADID/extracted/kadid10k/images/I06_18_03.png,I06.png,6,18,3,4.53,0.499,19.05525779724121,0.03822788900015439,0
I06_18_05.png,/kaggle/working/MDFS/data/KADID/extracted/kadid10k/images/I06_18_05.png,I06.png,6,18,5,3.77,0.906,19.134971618652344,0.03820426799939014,0
I06_19_02.png,/kaggle/working/MDFS/data/KADID/extracted/kadid10k/images/I06_19_02.png,I06.png,6,19,2,4.6,0.49,19.170080184936523,0.037748851000287686,0
I06_19_04.png,/kaggle/working/MDFS/data/KADID/extracted/kadid10k/images/I06_19_04.png,I06.png,6,19,4,2.2,0.792,21.04657554626465,0.03545640500033187,0
I06_20_01.png,/kaggle/working/MDFS/data/KADID/extracted/kadid10k/images/I06_20_01.png,I06.png,6,20,1,4.33,0.537,18.9598445892334,0.03779588900033559,0
I06_20_03.png,/kaggle/working/MDFS/data/KADID/extracted/kadid10k/images/I06_20_03.png,I06.png,6,20,3,3.97,1.048,18.95470428466797,0.03774415099996986,0
I06_20_05.png,/kaggle/working/MDFS/data/KADID/extracted/kadid10k/images/I06_20_05.png,I06.png,6,20,5,2.77,0.803,18.872692108154297,0.038277583999843046,0
I06_21_02.png,/kaggle/working/MDFS/data/KADID/extracted/kadid10k/images/I06_21_02.png,I06.png,6,21,2,3.63,0.948,19.050865173339844,0.03812197400020523,0
I06_21_04.png,/kaggle/working/MDFS/data/KADID/extracted/kadid10k/images/I06_21_04.png,I06.png,6,21,4,2.9,0.87,19.563129425048828,0.03665072199964925,0
I06_22_01.png,/kaggle/working/MDFS/data/KADID/extracted/kadid10k/images/I06_22_01.png,I06.png,6,22,1,3.9,0.831,19.422924041748047,0.03588155699981144,0
I06_22_03.png,/kaggle/working/MDFS/data/KADID/extracted/kadid10k/images/I06_22_03.png,I06.png,6,22,3,3.7,0.936,19.341699600219727,0.035305465000419645,0
I06_22_05.png,/kaggle/working/MDFS/data/KADID/extracted/kadid10k/images/I06_22_05.png,I06.png,6,22,5,1.97,0.547,21.063318252563477,0.035710381000171765,0
I06_23_02.png,/kaggle/working/MDFS/data/KADID/extracted/kadid10k/images/I06_23_02.png,I06.png,6,23,2,2.63,0.836,18.6097469329834,0.03962246799983404,0
I06_23_04.png,/kaggle/working/MDFS/data/KADID/extracted/kadid10k/images/I06_23_04.png,I06.png,6,23,4,1.97,0.706,18.688398361206055,0.039100289000089106,0
I06_24_01.png,/kaggle/working/MDFS/data/KADID/extracted/kadid10k/images/I06_24_01.png,I06.png,6,24,1,3.57,0.761,19.650503158569336,0.0396492230001968,0
I06_24_03.png,/kaggle/working/MDFS/data/KADID/extracted/kadid10k/images/I06_24_03.png,I06.png,6,24,3,2.27,0.814,21.526519775390625,0.038266500000645465,0
I06_24_05.png,/kaggle/working/MDFS/data/KADID/extracted/kadid10k/images/I06_24_05.png,I06.png,6,24,5,1.23,0.423,25.67343521118164,0.03867348600033438,0
I06_25_02.png,/kaggle/working/MDFS/data/KADID/extracted/kadid10k/images/I06_25_02.png,I06.png,6,25,2,3.83,0.637,19.063440322875977,0.038687277999997605,0
I06_25_04.png,/kaggle/working/MDFS/data/KADID/extracted/kadid10k/images/I06_25_04.png,I06.png,6,25,4,3.23,1.023,19.214054107666016,0.037982062000082806,0
I07_01_01.png,/kaggle/working/MDFS/data/KADID/extracted/kadid10k/images/I07_01_01.png,I07.png,7,1,1,4.5,0.5,18.07480239868164,0.03784808499949577,0
I07_01_03.png,/kaggle/working/MDFS/data/KADID/extracted/kadid10k/images/I07_01_03.png,I07.png,7,1,3,2.5,1.025,22.843584060668945,0.037981053000294196,0
I07_01_05.png,/kaggle/working/MDFS/data/KADID/extracted/kadid10k/images/I07_01_05.png,I07.png,7,1,5,1.37,0.482,38.649261474609375,0.03597749999971711,0
I07_02_02.png,/kaggle/working/MDFS/data/KADID/extracted/kadid10k/images/I07_02_02.png,I07.png,7,2,2,2.8,0.702,24.155315399169922,0.03939626700048393,0
I07_02_04.png,/kaggle/working/MDFS/data/KADID/extracted/kadid10k/images/I07_02_04.png,I07.png,7,2,4,1.43,0.496,33.72560501098633,0.038735097999961,0
I07_03_01.png,/kaggle/working/MDFS/data/KADID/extracted/kadid10k/images/I07_03_01.png,I07.png,7,3,1,4.67,0.471,18.07480239868164,0.03902947200003837,0
I07_03_03.png,/kaggle/working/MDFS/data/KADID/extracted/kadid10k/images/I07_03_03.png,I07.png,7,3,3,2.77,0.92,21.276775360107422,0.03997396199974901,0
I07_03_05.png,/kaggle/working/MDFS/data/KADID/extracted/kadid10k/images/I07_03_05.png,I07.png,7,3,5,1.53,0.499,24.503551483154297,0.03758949399980338,0
I07_04_02.png,/kaggle/working/MDFS/data/KADID/extracted/kadid10k/images/I07_04_02.png,I07.png,7,4,2,1.73,0.727,20.413959503173828,0.04425780999918061,0
I07_04_04.png,/kaggle/working/MDFS/data/KADID/extracted/kadid10k/images/I07_04_04.png,I07.png,7,4,4,1.06,0.246,21.95293426513672,0.035967587000413914,0
I07_05_01.png,/kaggle/working/MDFS/data/KADID/extracted/kadid10k/images/I07_05_01.png,I07.png,7,5,1,4.43,0.667,18.40809440612793,0.037271868999596336,0
I07_05_03.png,/kaggle/working/MDFS/data/KADID/extracted/kadid10k/images/I07_05_03.png,I07.png,7,5,3,1.5,0.563,18.63678550720215,0.03706645500005834,0
I07_05_05.png,/kaggle/working/MDFS/data/KADID/extracted/kadid10k/images/I07_05_05.png,I07.png,7,5,5,1.63,0.752,18.727033615112305,0.03707661899989034,0
I07_06_02.png,/kaggle/working/MDFS/data/KADID/extracted/kadid10k/images/I07_06_02.png,I07.png,7,6,2,4.06,0.914,19.953842163085938,0.035333517999788455,0
I07_06_04.png,/kaggle/working/MDFS/data/KADID/extracted/kadid10k/images/I07_06_04.png,I07.png,7,6,4,3.0,1.095,21.074016571044922,0.03522028699990187,0
I07_07_01.png,/kaggle/working/MDFS/data/KADID/extracted/kadid10k/images/I07_07_01.png,I07.png,7,7,1,2.7,1.005,18.213621139526367,0.037885593000282825,0
I07_07_03.png,/kaggle/working/MDFS/data/KADID/extracted/kadid10k/images/I07_07_03.png,I07.png,7,7,3,2.27,0.998,20.6783447265625,0.03685582100024476,0
I07_07_05.png,/kaggle/working/MDFS/data/KADID/extracted/kadid10k/images/I07_07_05.png,I07.png,7,7,5,1.27,0.442,19.670591354370117,0.03701082300085545,0
I07_08_02.png,/kaggle/working/MDFS/data/KADID/extracted/kadid10k/images/I07_08_02.png,I07.png,7,8,2,2.7,0.936,19.49174690246582,0.03711945800023386,0
I07_08_04.png,/kaggle/working/MDFS/data/KADID/extracted/kadid10k/images/I07_08_04.png,I07.png,7,8,4,1.7,0.586,21.671688079833984,0.037982378999913635,0
I07_09_01.png,/kaggle/working/MDFS/data/KADID/extracted/kadid10k/images/I07_09_01.png,I07.png,7,9,1,4.73,0.442,18.44521713256836,0.038417932999436744,0
I07_09_03.png,/kaggle/working/MDFS/data/KADID/extracted/kadid10k/images/I07_09_03.png,I07.png,7,9,3,4.63,0.482,20.898347854614258,0.037779260000206705,0
I07_09_05.png,/kaggle/working/MDFS/data/KADID/extracted/kadid10k/images/I07_09_05.png,I07.png,7,9,5,1.7,0.69,33.22095489501953,0.036407722999683756,0
I07_10_02.png,/kaggle/working/MDFS/data/KADID/extracted/kadid10k/images/I07_10_02.png,I07.png,7,10,2,3.87,0.884,21.236774444580078,0.03664012199988065,0
I07_10_04.png,/kaggle/working/MDFS/data/KADID/extracted/kadid10k/images/I07_10_04.png,I07.png,7,10,4,1.6,0.554,30.03887367248535,0.03491193199988629,0
I07_11_01.png,/kaggle/working/MDFS/data/KADID/extracted/kadid10k/images/I07_11_01.png,I07.png,7,11,1,3.35,0.9,20.952272415161133,0.03690875800020876,0
I07_11_03.png,/kaggle/working/MDFS/data/KADID/extracted/kadid10k/images/I07_11_03.png,I07.png,7,11,3,2.6,0.879,23.715351104736328,0.03676427899972623,0
I07_11_05.png,/kaggle/working/MDFS/data/KADID/extracted/kadid10k/images/I07_11_05.png,I07.png,7,11,5,2.23,0.667,28.47356605529785,0.03718937800022104,0
I07_12_02.png,/kaggle/working/MDFS/data/KADID/extracted/kadid10k/images/I07_12_02.png,I07.png,7,12,2,3.13,0.957,21.6308650970459,0.035627602000204206,0
I07_12_04.png,/kaggle/working/MDFS/data/KADID/extracted/kadid10k/images/I07_12_04.png,I07.png,7,12,4,2.4,0.712,26.13740348815918,0.03596628400009649,0
I07_13_01.png,/kaggle/working/MDFS/data/KADID/extracted/kadid10k/images/I07_13_01.png,I07.png,7,13,1,3.73,0.892,18.443519592285156,0.038404898999942816,0
I07_13_03.png,/kaggle/working/MDFS/data/KADID/extracted/kadid10k/images/I07_13_03.png,I07.png,7,13,3,2.73,0.929,22.24290657043457,0.0391169060003449,0
I07_13_05.png,/kaggle/working/MDFS/data/KADID/extracted/kadid10k/images/I07_13_05.png,I07.png,7,13,5,2.0,0.577,28.568134307861328,0.03850304500065249,0
I07_14_02.png,/kaggle/working/MDFS/data/KADID/extracted/kadid10k/images/I07_14_02.png,I07.png,7,14,2,2.77,0.803,22.276586532592773,0.03770635000000766,0
I07_14_04.png,/kaggle/working/MDFS/data/KADID/extracted/kadid10k/images/I07_14_04.png,I07.png,7,14,4,2.17,0.82,27.140939712524414,0.036830757000643644,0
I07_15_01.png,/kaggle/working/MDFS/data/KADID/extracted/kadid10k/images/I07_15_01.png,I07.png,7,15,1,3.2,0.909,19.91806983947754,0.03861086899996735,0
I07_15_03.png,/kaggle/working/MDFS/data/KADID/extracted/kadid10k/images/I07_15_03.png,I07.png,7,15,3,1.77,0.616,23.255395889282227,0.03675783699964086,0
I07_15_05.png,/kaggle/working/MDFS/data/KADID/extracted/kadid10k/images/I07_15_05.png,I07.png,7,15,5,1.37,0.482,25.741432189941406,0.03654710199953115,0
I07_16_02.png,/kaggle/working/MDFS/data/KADID/extracted/kadid10k/images/I07_16_02.png,I07.png,7,16,2,4.2,0.748,18.086782455444336,0.039353735000076995,0
I07_16_04.png,/kaggle/working/MDFS/data/KADID/extracted/kadid10k/images/I07_16_04.png,I07.png,7,16,4,2.0,0.683,22.778467178344727,0.03700262300026225,0
I07_17_01.png,/kaggle/working/MDFS/data/KADID/extracted/kadid10k/images/I07_17_01.png,I07.png,7,17,1,4.7,0.458,18.06743621826172,0.03875263200006884,0
I07_17_03.png,/kaggle/working/MDFS/data/KADID/extracted/kadid10k/images/I07_17_03.png,I07.png,7,17,3,4.1,0.79,17.998933792114258,0.03857746399989992,0
I07_17_05.png,/kaggle/working/MDFS/data/KADID/extracted/kadid10k/images/I07_17_05.png,I07.png,7,17,5,2.6,1.052,18.733882904052734,0.038174084999809565,0
I07_18_02.png,/kaggle/working/MDFS/data/KADID/extracted/kadid10k/images/I07_18_02.png,I07.png,7,18,2,4.3,0.737,18.239330291748047,0.037497293999877,0
I07_18_04.png,/kaggle/working/MDFS/data/KADID/extracted/kadid10k/images/I07_18_04.png,I07.png,7,18,4,4.43,0.496,18.097183227539062,0.03741812699990987,0
I07_19_01.png,/kaggle/working/MDFS/data/KADID/extracted/kadid10k/images/I07_19_01.png,I07.png,7,19,1,4.43,0.667,18.08741569519043,0.03784443699987605,0
I07_19_03.png,/kaggle/working/MDFS/data/KADID/extracted/kadid10k/images/I07_19_03.png,I07.png,7,19,3,3.5,0.922,18.60458755493164,0.037999715999831096,0
I07_19_05.png,/kaggle/working/MDFS/data/KADID/extracted/kadid10k/images/I07_19_05.png,I07.png,7,19,5,1.37,0.605,21.081348419189453,0.0369990470007906,0
I07_20_02.png,/kaggle/working/MDFS/data/KADID/extracted/kadid10k/images/I07_20_02.png,I07.png,7,20,2,2.97,0.875,18.029998779296875,0.038690981000399916,0
I07_20_04.png,/kaggle/working/MDFS/data/KADID/extracted/kadid10k/images/I07_20_04.png,I07.png,7,20,4,2.65,1.151,18.001996994018555,0.038300856000205385,0
I07_21_01.png,/kaggle/working/MDFS/data/KADID/extracted/kadid10k/images/I07_21_01.png,I07.png,7,21,1,3.73,0.929,18.03112030029297,0.03789947199948074,0
I07_21_03.png,/kaggle/working/MDFS/data/KADID/extracted/kadid10k/images/I07_21_03.png,I07.png,7,21,3,3.43,1.086,18.630773544311523,0.03647265099971264,0
I07_21_05.png,/kaggle/working/MDFS/data/KADID/extracted/kadid10k/images/I07_21_05.png,I07.png,7,21,5,1.53,0.499,24.488956451416016,0.03386533000048075,0
I07_22_02.png,/kaggle/working/MDFS/data/KADID/extracted/kadid10k/images/I07_22_02.png,I07.png,7,22,2,3.5,0.992,18.6119384765625,0.036715433000608755,0
I07_22_04.png,/kaggle/working/MDFS/data/KADID/extracted/kadid10k/images/I07_22_04.png,I07.png,7,22,4,2.83,1.241,19.67598533630371,0.035886654000023555,0
I07_23_01.png,/kaggle/working/MDFS/data/KADID/extracted/kadid10k/images/I07_23_01.png,I07.png,7,23,1,2.8,1.194,18.05463981628418,0.03860907800026325,0
I07_23_03.png,/kaggle/working/MDFS/data/KADID/extracted/kadid10k/images/I07_23_03.png,I07.png,7,23,3,2.0,0.894,17.892723083496094,0.03795280800022738,0
I07_23_05.png,/kaggle/working/MDFS/data/KADID/extracted/kadid10k/images/I07_23_05.png,I07.png,7,23,5,1.6,0.554,18.23787498474121,0.03870407700014766,0
I07_24_02.png,/kaggle/working/MDFS/data/KADID/extracted/kadid10k/images/I07_24_02.png,I07.png,7,24,2,2.83,0.898,19.815027236938477,0.03742718800003786,0
I07_24_04.png,/kaggle/working/MDFS/data/KADID/extracted/kadid10k/images/I07_24_04.png,I07.png,7,24,4,1.8,0.476,22.447002410888672,0.037369038999713666,0
I07_25_01.png,/kaggle/working/MDFS/data/KADID/extracted/kadid10k/images/I07_25_01.png,I07.png,7,25,1,2.87,0.884,19.894105911254883,0.03849682500003837,0
I07_25_03.png,/kaggle/working/MDFS/data/KADID/extracted/kadid10k/images/I07_25_03.png,I07.png,7,25,3,4.63,0.547,18.271474838256836,0.03835823600002186,0
I07_25_05.png,/kaggle/working/MDFS/data/KADID/extracted/kadid10k/images/I07_25_05.png,I07.png,7,25,5,3.57,1.055,17.99561309814453,0.03859885500060045,0
I08_01_02.png,/kaggle/working/MDFS/data/KADID/extracted/kadid10k/images/I08_01_02.png,I08.png,8,1,2,4.4,0.712,18.835119247436523,0.038570247999814455,0
I08_01_04.png,/kaggle/working/MDFS/data/KADID/extracted/kadid10k/images/I08_01_04.png,I08.png,8,1,4,2.0,0.683,31.520559310913086,0.03752479300055711,0
I08_02_01.png,/kaggle/working/MDFS/data/KADID/extracted/kadid10k/images/I08_02_01.png,I08.png,8,2,1,4.27,0.727,20.104930877685547,0.03806204899956356,0
I08_02_03.png,/kaggle/working/MDFS/data/KADID/extracted/kadid10k/images/I08_02_03.png,I08.png,8,2,3,1.83,0.734,30.932809829711914,0.03750369299996237,0
I08_02_05.png,/kaggle/working/MDFS/data/KADID/extracted/kadid10k/images/I08_02_05.png,I08.png,8,2,5,1.33,0.471,36.296051025390625,0.03771947499990347,0
I08_03_02.png,/kaggle/working/MDFS/data/KADID/extracted/kadid10k/images/I08_03_02.png,I08.png,8,3,2,4.33,0.537,20.071889877319336,0.03882315600003494,0
I08_03_04.png,/kaggle/working/MDFS/data/KADID/extracted/kadid10k/images/I08_03_04.png,I08.png,8,3,4,2.33,0.65,23.055557250976562,0.039350421000563074,0
I08_04_01.png,/kaggle/working/MDFS/data/KADID/extracted/kadid10k/images/I08_04_01.png,I08.png,8,4,1,4.5,0.563,18.855926513671875,0.03815673799999786,0
I08_04_03.png,/kaggle/working/MDFS/data/KADID/extracted/kadid10k/images/I08_04_03.png,I08.png,8,4,3,1.7,0.737,22.11690330505371,0.037919116000011854,0
I08_04_05.png,/kaggle/working/MDFS/data/KADID/extracted/kadid10k/images/I08_04_05.png,I08.png,8,4,5,1.73,0.68,23.608736038208008,0.03759990500020649,0
I08_05_02.png,/kaggle/working/MDFS/data/KADID/extracted/kadid10k/images/I08_05_02.png,I08.png,8,5,2,2.93,1.123,19.92427635192871,0.03905692399985128,0
I08_05_04.png,/kaggle/working/MDFS/data/KADID/extracted/kadid10k/images/I08_05_04.png,I08.png,8,5,4,1.73,0.573,19.357616424560547,0.038700977000189596,0
I08_06_01.png,/kaggle/working/MDFS/data/KADID/extracted/kadid10k/images/I08_06_01.png,I08.png,8,6,1,3.77,0.716,22.628597259521484,0.034875444999670435,0
I08_06_03.png,/kaggle/working/MDFS/data/KADID/extracted/kadid10k/images/I08_06_03.png,I08.png,8,6,3,3.27,1.181,23.245742797851562,0.03544208299990714,0
I08_06_05.png,/kaggle/working/MDFS/data/KADID/extracted/kadid10k/images/I08_06_05.png,I08.png,8,6,5,2.07,0.772,25.189485549926758,0.034985836000487325,0
I08_07_02.png,/kaggle/working/MDFS/data/KADID/extracted/kadid10k/images/I08_07_02.png,I08.png,8,7,2,2.63,1.08,18.98821449279785,0.038954791999458394,0
I08_07_04.png,/kaggle/working/MDFS/data/KADID/extracted/kadid10k/images/I08_07_04.png,I08.png,8,7,4,1.9,0.962,22.58437728881836,0.03761217300052522,0
I08_08_01.png,/kaggle/working/MDFS/data/KADID/extracted/kadid10k/images/I08_08_01.png,I08.png,8,8,1,4.67,0.537,18.81237030029297,0.03875356000025931,0
I08_08_03.png,/kaggle/working/MDFS/data/KADID/extracted/kadid10k/images/I08_08_03.png,I08.png,8,8,3,3.07,0.964,21.56220054626465,0.03671457099972031,0
I08_08_05.png,/kaggle/working/MDFS/data/KADID/extracted/kadid10k/images/I08_08_05.png,I08.png,8,8,5,1.6,0.841,25.47853660583496,0.036786616000426875,0
I08_09_02.png,/kaggle/working/MDFS/data/KADID/extracted/kadid10k/images/I08_09_02.png,I08.png,8,9,2,4.73,0.442,19.102506637573242,0.037900274000094214,0
I08_09_04.png,/kaggle/working/MDFS/data/KADID/extracted/kadid10k/images/I08_09_04.png,I08.png,8,9,4,3.53,0.846,25.66059684753418,0.03931066299992381,0
I08_10_01.png,/kaggle/working/MDFS/data/KADID/extracted/kadid10k/images/I08_10_01.png,I08.png,8,10,1,4.57,0.616,20.235692977905273,0.03912064900032419,0
I08_10_03.png,/kaggle/working/MDFS/data/KADID/extracted/kadid10k/images/I08_10_03.png,I08.png,8,10,3,3.83,1.035,21.822681427001953,0.039156219000688,0
I08_10_05.png,/kaggle/working/MDFS/data/KADID/extracted/kadid10k/images/I08_10_05.png,I08.png,8,10,5,1.2,0.4,33.066383361816406,0.036387471000125515,0
I08_11_02.png,/kaggle/working/MDFS/data/KADID/extracted/kadid10k/images/I08_11_02.png,I08.png,8,11,2,2.97,1.016,22.75504493713379,0.03712847099995997,0
I08_11_04.png,/kaggle/working/MDFS/data/KADID/extracted/kadid10k/images/I08_11_04.png,I08.png,8,11,4,2.52,0.615,26.26222801208496,0.036707795999973314,0
I08_12_01.png,/kaggle/working/MDFS/data/KADID/extracted/kadid10k/images/I08_12_01.png,I08.png,8,12,1,4.43,0.761,20.193931579589844,0.03615888599961181,0
I08_12_03.png,/kaggle/working/MDFS/data/KADID/extracted/kadid10k/images/I08_12_03.png,I08.png,8,12,3,2.93,0.854,22.905839920043945,0.03742167899963533,0
I08_12_05.png,/kaggle/working/MDFS/data/KADID/extracted/kadid10k/images/I08_12_05.png,I08.png,8,12,5,2.4,0.712,27.350414276123047,0.037866939999730675,0
I08_13_02.png,/kaggle/working/MDFS/data/KADID/extracted/kadid10k/images/I08_13_02.png,I08.png,8,13,2,2.7,0.862,23.104755401611328,0.03873363000002428,0
I08_13_04.png,/kaggle/working/MDFS/data/KADID/extracted/kadid10k/images/I08_13_04.png,I08.png,8,13,4,2.43,0.716,24.29383659362793,0.03721890100041492,0
I08_14_01.png,/kaggle/working/MDFS/data/KADID/extracted/kadid10k/images/I08_14_01.png,I08.png,8,14,1,4.7,0.526,20.180381774902344,0.036201350000737875,0
I08_14_03.png,/kaggle/working/MDFS/data/KADID/extracted/kadid10k/images/I08_14_03.png,I08.png,8,14,3,2.67,0.907,23.658823013305664,0.03585677999944892,0
I08_14_05.png,/kaggle/working/MDFS/data/KADID/extracted/kadid10k/images/I08_14_05.png,I08.png,8,14,5,2.17,0.637,29.893451690673828,0.036926202999893576,0
I08_15_02.png,/kaggle/working/MDFS/data/KADID/extracted/kadid10k/images/I08_15_02.png,I08.png,8,15,2,2.53,0.763,22.959972381591797,0.03785011299987673,0
I08_15_04.png,/kaggle/working/MDFS/data/KADID/extracted/kadid10k/images/I08_15_04.png,I08.png,8,15,4,1.63,0.605,24.525922775268555,0.03748569999970641,0
I08_16_01.png,/kaggle/working/MDFS/data/KADID/extracted/kadid10k/images/I08_16_01.png,I08.png,8,16,1,4.67,0.596,18.85689353942871,0.038445367000349506,0
I08_16_03.png,/kaggle/working/MDFS/data/KADID/extracted/kadid10k/images/I08_16_03.png,I08.png,8,16,3,3.73,0.772,19.195388793945312,0.038076198999988264,0
I08_16_05.png,/kaggle/working/MDFS/data/KADID/extracted/kadid10k/images/I08_16_05.png,I08.png,8,16,5,1.63,0.657,23.00335121154785,0.03805688000011287,0
I08_17_02.png,/kaggle/working/MDFS/data/KADID/extracted/kadid10k/images/I08_17_02.png,I08.png,8,17,2,4.67,0.471,18.752042770385742,0.03697650300000532,0
I08_17_04.png,/kaggle/working/MDFS/data/KADID/extracted/kadid10k/images/I08_17_04.png,I08.png,8,17,4,3.7,0.64,19.03468894958496,0.03614034299971536,0
I08_18_01.png,/kaggle/working/MDFS/data/KADID/extracted/kadid10k/images/I08_18_01.png,I08.png,8,18,1,4.4,0.611,19.066619873046875,0.038136146000397275,0
I08_18_03.png,/kaggle/working/MDFS/data/KADID/extracted/kadid10k/images/I08_18_03.png,I08.png,8,18,3,4.8,0.4,18.81237030029297,0.03869168599976547,0
I08_18_05.png,/kaggle/working/MDFS/data/KADID/extracted/kadid10k/images/I08_18_05.png,I08.png,8,18,5,4.13,0.763,19.23528480529785,0.038213302999793086,0
I08_19_02.png,/kaggle/working/MDFS/data/KADID/extracted/kadid10k/images/I08_19_02.png,I08.png,8,19,2,4.43,0.716,18.500734329223633,0.037912212000264844,0
I08_19_04.png,/kaggle/working/MDFS/data/KADID/extracted/kadid10k/images/I08_19_04.png,I08.png,8,19,4,1.87,0.763,20.559846878051758,0.03576212500047404,0
I08_20_01.png,/kaggle/working/MDFS/data/KADID/extracted/kadid10k/images/I08_20_01.png,I08.png,8,20,1,4.57,0.803,18.70018768310547,0.038305652999952144,0
I08_20_03.png,/kaggle/working/MDFS/data/KADID/extracted/kadid10k/images/I08_20_03.png,I08.png,8,20,3,3.5,1.088,18.745100021362305,0.037870729000133,0
I08_20_05.png,/kaggle/working/MDFS/data/KADID/extracted/kadid10k/images/I08_20_05.png,I08.png,8,20,5,3.6,1.083,18.55240821838379,0.03868880100071692,0
I08_21_02.png,/kaggle/working/MDFS/data/KADID/extracted/kadid10k/images/I08_21_02.png,I08.png,8,21,2,3.5,1.232,19.036073684692383,0.03722673400079657,0
I08_21_04.png,/kaggle/working/MDFS/data/KADID/extracted/kadid10k/images/I08_21_04.png,I08.png,8,21,4,2.93,1.062,19.479543685913086,0.037120825999409135,0
I08_22_01.png,/kaggle/working/MDFS/data/KADID/extracted/kadid10k/images/I08_22_01.png,I08.png,8,22,1,2.63,1.08,19.463228225708008,0.03660948900051153,0
I08_22_03.png,/kaggle/working/MDFS/data/KADID/extracted/kadid10k/images/I08_22_03.png,I08.png,8,22,3,2.5,0.992,19.709362030029297,0.03634803499971895,0
I08_22_05.png,/kaggle/working/MDFS/data/KADID/extracted/kadid10k/images/I08_22_05.png,I08.png,8,22,5,1.6,0.611,23.109729766845703,0.03435617900049692,0
I08_23_02.png,/kaggle/working/MDFS/data/KADID/extracted/kadid10k/images/I08_23_02.png,I08.png,8,23,2,2.8,0.98,18.78177261352539,0.03983468600017659,0
I08_23_04.png,/kaggle/working/MDFS/data/KADID/extracted/kadid10k/images/I08_23_04.png,I08.png,8,23,4,2.03,0.836,18.70698356628418,0.03954821000024822,0
I08_24_01.png,/kaggle/working/MDFS/data/KADID/extracted/kadid10k/images/I08_24_01.png,I08.png,8,24,1,4.1,0.831,19.067333221435547,0.03844410100009554,0
I08_24_03.png,/kaggle/working/MDFS/data/KADID/extracted/kadid10k/images/I08_24_03.png,I08.png,8,24,3,2.47,0.884,20.6787166595459,0.03888345100040169,0
I08_24_05.png,/kaggle/working/MDFS/data/KADID/extracted/kadid10k/images/I08_24_05.png,I08.png,8,24,5,1.3,0.586,24.97671890258789,0.03994874799991521,0
I08_25_02.png,/kaggle/working/MDFS/data/KADID/extracted/kadid10k/images/I08_25_02.png,I08.png,8,25,2,4.0,0.73,19.16071128845215,0.038732277999770304,0
I08_25_04.png,/kaggle/working/MDFS/data/KADID/extracted/kadid10k/images/I08_25_04.png,I08.png,8,25,4,4.53,0.67,18.7730770111084,0.03862139200009551,0
I09_01_01.png,/kaggle/working/MDFS/data/KADID/extracted/kadid10k/images/I09_01_01.png,I09.png,9,1,1,4.73,0.442,17.131650924682617,0.03726873499999783,0
I09_01_03.png,/kaggle/working/MDFS/data/KADID/extracted/kadid10k/images/I09_01_03.png,I09.png,9,1,3,1.93,0.772,21.398914337158203,0.03851662600027339,0
I09_01_05.png,/kaggle/working/MDFS/data/KADID/extracted/kadid10k/images/I09_01_05.png,I09.png,9,1,5,1.2,0.4,41.1095085144043,0.036689610999928846,0
I09_02_02.png,/kaggle/working/MDFS/data/KADID/extracted/kadid10k/images/I09_02_02.png,I09.png,9,2,2,2.13,0.618,23.14476776123047,0.038336753000294266,0
I09_02_04.png,/kaggle/working/MDFS/data/KADID/extracted/kadid10k/images/I09_02_04.png,I09.png,9,2,4,1.57,0.496,28.57890510559082,0.03790060499977699,0
I09_03_01.png,/kaggle/working/MDFS/data/KADID/extracted/kadid10k/images/I09_03_01.png,I09.png,9,3,1,4.5,0.719,17.131650924682617,0.03803814399998373,0
I09_03_03.png,/kaggle/working/MDFS/data/KADID/extracted/kadid10k/images/I09_03_03.png,I09.png,9,3,3,2.13,0.806,23.111066818237305,0.040119407999554824,0
I09_03_05.png,/kaggle/working/MDFS/data/KADID/extracted/kadid10k/images/I09_03_05.png,I09.png,9,3,5,1.3,0.458,24.643991470336914,0.038940870000260475,0
I09_04_02.png,/kaggle/working/MDFS/data/KADID/extracted/kadid10k/images/I09_04_02.png,I09.png,9,4,2,2.6,0.917,18.461030960083008,0.03846578699995007,0
I09_04_04.png,/kaggle/working/MDFS/data/KADID/extracted/kadid10k/images/I09_04_04.png,I09.png,9,4,4,1.67,0.869,19.335947036743164,0.03790489899984095,0
I09_05_01.png,/kaggle/working/MDFS/data/KADID/extracted/kadid10k/images/I09_05_01.png,I09.png,9,5,1,3.61,0.868,17.703365325927734,0.03740637099963351,0
I09_05_03.png,/kaggle/working/MDFS/data/KADID/extracted/kadid10k/images/I09_05_03.png,I09.png,9,5,3,1.47,0.562,18.049596786499023,0.037376667999524216,0
I09_05_05.png,/kaggle/working/MDFS/data/KADID/extracted/kadid10k/images/I09_05_05.png,I09.png,9,5,5,1.4,0.663,17.64291000366211,0.038071398999818484,0
I09_06_02.png,/kaggle/working/MDFS/data/KADID/extracted/kadid10k/images/I09_06_02.png,I09.png,9,6,2,3.83,0.778,18.41090202331543,0.036259097000765905,0
I09_06_04.png,/kaggle/working/MDFS/data/KADID/extracted/kadid10k/images/I09_06_04.png,I09.png,9,6,4,2.7,1.005,19.894357681274414,0.03673146899927815,0
I09_07_01.png,/kaggle/working/MDFS/data/KADID/extracted/kadid10k/images/I09_07_01.png,I09.png,9,7,1,2.87,1.024,16.813919067382812,0.0389917679995051,0
I09_07_03.png,/kaggle/working/MDFS/data/KADID/extracted/kadid10k/images/I09_07_03.png,I09.png,9,7,3,2.27,0.892,18.906949996948242,0.03866929899959359,0
I09_07_05.png,/kaggle/working/MDFS/data/KADID/extracted/kadid10k/images/I09_07_05.png,I09.png,9,7,5,2.3,0.9,18.304109573364258,0.038245410999479645,0
I09_08_02.png,/kaggle/working/MDFS/data/KADID/extracted/kadid10k/images/I09_08_02.png,I09.png,9,8,2,3.1,1.044,17.80655288696289,0.038103839000541484,0
I09_08_04.png,/kaggle/working/MDFS/data/KADID/extracted/kadid10k/images/I09_08_04.png,I09.png,9,8,4,1.58,0.61,19.826112747192383,0.037821841000550194,0
I09_09_01.png,/kaggle/working/MDFS/data/KADID/extracted/kadid10k/images/I09_09_01.png,I09.png,9,9,1,4.1,0.473,19.11173439025879,0.03754582100009429,0
I09_09_03.png,/kaggle/working/MDFS/data/KADID/extracted/kadid10k/images/I09_09_03.png,I09.png,9,9,3,2.63,0.912,23.487445831298828,0.03970460999971692,0
I09_09_05.png,/kaggle/working/MDFS/data/KADID/extracted/kadid10k/images/I09_09_05.png,I09.png,9,9,5,1.17,0.373,36.941993713378906,0.03866748599921266,0
I09_10_02.png,/kaggle/working/MDFS/data/KADID/extracted/kadid10k/images/I09_10_02.png,I09.png,9,10,2,4.37,0.547,19.361186981201172,0.03921638500014524,0
I09_10_04.png,/kaggle/working/MDFS/data/KADID/extracted/kadid10k/images/I09_10_04.png,I09.png,9,10,4,1.93,0.854,28.92938232421875,0.03776034099973913,0
I09_11_01.png,/kaggle/working/MDFS/data/KADID/extracted/kadid10k/images/I09_11_01.png,I09.png,9,11,1,4.3,0.64,18.31853485107422,0.037745407999864256,0
I09_11_03.png,/kaggle/working/MDFS/data/KADID/extracted/kadid10k/images/I09_11_03.png,I09.png,9,11,3,3.0,1.125,20.254419326782227,0.037579332999484905,0
I09_11_05.png,/kaggle/working/MDFS/data/KADID/extracted/kadid10k/images/I09_11_05.png,I09.png,9,11,5,2.1,0.651,24.335708618164062,0.03736682599992491,0
I09_12_02.png,/kaggle/working/MDFS/data/KADID/extracted/kadid10k/images/I09_12_02.png,I09.png,9,12,2,3.77,0.989,18.540653228759766,0.03735469200000807,0
I09_12_04.png,/kaggle/working/MDFS/data/KADID/extracted/kadid10k/images/I09_12_04.png,I09.png,9,12,4,2.7,0.737,21.926328659057617,0.037147008999454556,0
I09_13_01.png,/kaggle/working/MDFS/data/KADID/extracted/kadid10k/images/I09_13_01.png,I09.png,9,13,1,3.97,0.948,17.242734909057617,0.03862651300005382,0
I09_13_03.png,/kaggle/working/MDFS/data/KADID/extracted/kadid10k/images/I09_13_03.png,I09.png,9,13,3,2.83,0.687,18.65575408935547,0.038337128999955894,0
I09_13_05.png,/kaggle/working/MDFS/data/KADID/extracted/kadid10k/images/I09_13_05.png,I09.png,9,13,5,2.35,0.698,21.780841827392578,0.039130745999500505,0
I09_14_02.png,/kaggle/working/MDFS/data/KADID/extracted/kadid10k/images/I09_14_02.png,I09.png,9,14,2,3.1,0.87,18.791950225830078,0.03844974500043463,0
I09_14_04.png,/kaggle/working/MDFS/data/KADID/extracted/kadid10k/images/I09_14_04.png,I09.png,9,14,4,2.27,0.929,21.665658950805664,0.038806589000159875,0
I09_15_01.png,/kaggle/working/MDFS/data/KADID/extracted/kadid10k/images/I09_15_01.png,I09.png,9,15,1,3.37,1.016,18.644359588623047,0.04132421600024827,0
I09_15_03.png,/kaggle/working/MDFS/data/KADID/extracted/kadid10k/images/I09_15_03.png,I09.png,9,15,3,2.23,0.761,20.624858856201172,0.04027729500012356,0
I09_15_05.png,/kaggle/working/MDFS/data/KADID/extracted/kadid10k/images/I09_15_05.png,I09.png,9,15,5,1.5,0.619,24.457744598388672,0.03922852799951215,0
I09_16_02.png,/kaggle/working/MDFS/data/KADID/extracted/kadid10k/images/I09_16_02.png,I09.png,9,16,2,3.97,0.752,17.174070358276367,0.040334962000088126,0
I09_16_04.png,/kaggle/working/MDFS/data/KADID/extracted/kadid10k/images/I09_16_04.png,I09.png,9,16,4,2.33,0.978,19.006601333618164,0.039106010000068636,0
I09_17_01.png,/kaggle/working/MDFS/data/KADID/extracted/kadid10k/images/I09_17_01.png,I09.png,9,17,1,4.6,0.49,17.09908103942871,0.03917209300016111,0
I09_17_03.png,/kaggle/working/MDFS/data/KADID/extracted/kadid10k/images/I09_17_03.png,I09.png,9,17,3,4.13,0.67,17.090850830078125,0.03868378700008179,0
I09_17_05.png,/kaggle/working/MDFS/data/KADID/extracted/kadid10k/images/I09_17_05.png,I09.png,9,17,5,1.87,0.763,18.99551010131836,0.038257526999586844,0
I09_18_02.png,/kaggle/working/MDFS/data/KADID/extracted/kadid10k/images/I09_18_02.png,I09.png,9,18,2,4.53,0.67,17.20749282836914,0.03816077800001949,0
I09_18_04.png,/kaggle/working/MDFS/data/KADID/extracted/kadid10k/images/I09_18_04.png,I09.png,9,18,4,4.43,0.559,17.42613983154297,0.037568871999610565,0
I09_19_01.png,/kaggle/working/MDFS/data/KADID/extracted/kadid10k/images/I09_19_01.png,I09.png,9,19,1,4.17,0.687,16.954891204833984,0.03610861000015575,0
I09_19_03.png,/kaggle/working/MDFS/data/KADID/extracted/kadid10k/images/I09_19_03.png,I09.png,9,19,3,3.43,0.989,17.258167266845703,0.03636772800018662,0
I09_19_05.png,/kaggle/working/MDFS/data/KADID/extracted/kadid10k/images/I09_19_05.png,I09.png,9,19,5,1.27,0.512,22.431106567382812,0.038309083999592985,0
I09_20_02.png,/kaggle/working/MDFS/data/KADID/extracted/kadid10k/images/I09_20_02.png,I09.png,9,20,2,4.37,0.605,17.136043548583984,0.039016260999233054,0
I09_20_04.png,/kaggle/working/MDFS/data/KADID/extracted/kadid10k/images/I09_20_04.png,I09.png,9,20,4,3.73,1.236,17.084157943725586,0.03780184100014594,0
I09_21_01.png,/kaggle/working/MDFS/data/KADID/extracted/kadid10k/images/I09_21_01.png,I09.png,9,21,1,3.83,0.969,17.157548904418945,0.038137750999339914,0
I09_21_03.png,/kaggle/working/MDFS/data/KADID/extracted/kadid10k/images/I09_21_03.png,I09.png,9,21,3,3.07,1.153,17.531064987182617,0.03767821499968704,0
I09_21_05.png,/kaggle/working/MDFS/data/KADID/extracted/kadid10k/images/I09_21_05.png,I09.png,9,21,5,1.57,0.667,30.48566246032715,0.03381531399918458,0
I09_22_02.png,/kaggle/working/MDFS/data/KADID/extracted/kadid10k/images/I09_22_02.png,I09.png,9,22,2,4.33,0.65,17.45540428161621,0.03798531600023125,0
I09_22_04.png,/kaggle/working/MDFS/data/KADID/extracted/kadid10k/images/I09_22_04.png,I09.png,9,22,4,4.1,0.651,17.91961669921875,0.03848072399978264,0
I09_23_01.png,/kaggle/working/MDFS/data/KADID/extracted/kadid10k/images/I09_23_01.png,I09.png,9,23,1,2.39,0.973,17.140623092651367,0.038765655999668525,0
I09_23_03.png,/kaggle/working/MDFS/data/KADID/extracted/kadid10k/images/I09_23_03.png,I09.png,9,23,3,2.17,0.82,17.13198471069336,0.039156828000159294,0
I09_23_05.png,/kaggle/working/MDFS/data/KADID/extracted/kadid10k/images/I09_23_05.png,I09.png,9,23,5,1.83,0.86,17.1895694732666,0.03882950399929541,0
I09_24_02.png,/kaggle/working/MDFS/data/KADID/extracted/kadid10k/images/I09_24_02.png,I09.png,9,24,2,2.2,0.748,20.404970169067383,0.039331220000349276,0
I09_24_04.png,/kaggle/working/MDFS/data/KADID/extracted/kadid10k/images/I09_24_04.png,I09.png,9,24,4,1.23,0.423,24.426952362060547,0.036921812999935355,0
I09_25_01.png,/kaggle/working/MDFS/data/KADID/extracted/kadid10k/images/I09_25_01.png,I09.png,9,25,1,3.07,0.814,18.31808090209961,0.03739238799971645,0
I09_25_03.png,/kaggle/working/MDFS/data/KADID/extracted/kadid10k/images/I09_25_03.png,I09.png,9,25,3,4.23,0.667,17.323490142822266,0.03768747499998426,0
I09_25_05.png,/kaggle/working/MDFS/data/KADID/extracted/kadid10k/images/I09_25_05.png,I09.png,9,25,5,3.57,0.716,17.146879196166992,0.03764553099972545,0
I10_01_02.png,/kaggle/working/MDFS/data/KADID/extracted/kadid10k/images/I10_01_02.png,I10.png,10,1,2,4.53,0.499,16.45494842529297,0.04025196600014169,0
I10_01_04.png,/kaggle/working/MDFS/data/KADID/extracted/kadid10k/images/I10_01_04.png,I10.png,10,1,4,1.67,0.789,29.264541625976562,0.03885082099986903,0
I10_02_01.png,/kaggle/working/MDFS/data/KADID/extracted/kadid10k/images/I10_02_01.png,I10.png,10,2,1,3.9,0.746,17.430517196655273,0.04043349199946533,0
I10_02_03.png,/kaggle/working/MDFS/data/KADID/extracted/kadid10k/images/I10_02_03.png,I10.png,10,2,3,1.77,0.716,26.15195083618164,0.038962683999670844,0
I10_02_05.png,/kaggle/working/MDFS/data/KADID/extracted/kadid10k/images/I10_02_05.png,I10.png,10,2,5,1.33,0.471,32.75882339477539,0.03819671100063715,0
I10_03_02.png,/kaggle/working/MDFS/data/KADID/extracted/kadid10k/images/I10_03_02.png,I10.png,10,3,2,4.2,0.702,17.861913681030273,0.039973388999897,0
I10_03_04.png,/kaggle/working/MDFS/data/KADID/extracted/kadid10k/images/I10_03_04.png,I10.png,10,3,4,2.17,0.734,20.033052444458008,0.03949257900058001,0
I10_04_01.png,/kaggle/working/MDFS/data/KADID/extracted/kadid10k/images/I10_04_01.png,I10.png,10,4,1,4.63,0.482,17.20269203186035,0.03930395299994416,0
I10_04_03.png,/kaggle/working/MDFS/data/KADID/extracted/kadid10k/images/I10_04_03.png,I10.png,10,4,3,1.93,0.772,19.060514450073242,0.03824091000024055,0
I10_04_05.png,/kaggle/working/MDFS/data/KADID/extracted/kadid10k/images/I10_04_05.png,I10.png,10,4,5,1.27,0.442,20.404850006103516,0.03719618100058142,0
I10_05_02.png,/kaggle/working/MDFS/data/KADID/extracted/kadid10k/images/I10_05_02.png,I10.png,10,5,2,2.5,0.957,18.194175720214844,0.03894184500040865,0
I10_05_04.png,/kaggle/working/MDFS/data/KADID/extracted/kadid10k/images/I10_05_04.png,I10.png,10,5,4,1.63,0.706,17.957088470458984,0.039199348000693135,0
I10_06_01.png,/kaggle/working/MDFS/data/KADID/extracted/kadid10k/images/I10_06_01.png,I10.png,10,6,1,3.63,0.706,18.397253036499023,0.035286012000142364,0
I10_06_03.png,/kaggle/working/MDFS/data/KADID/extracted/kadid10k/images/I10_06_03.png,I10.png,10,6,3,3.8,0.833,19.24880599975586,0.03590486399934889,0
I10_06_05.png,/kaggle/working/MDFS/data/KADID/extracted/kadid10k/images/I10_06_05.png,I10.png,10,6,5,2.03,0.948,22.550617218017578,0.03607564899994031,0
I10_07_02.png,/kaggle/working/MDFS/data/KADID/extracted/kadid10k/images/I10_07_02.png,I10.png,10,7,2,2.27,0.892,18.085865020751953,0.03967684600047505,0
I10_07_04.png,/kaggle/working/MDFS/data/KADID/extracted/kadid10k/images/I10_07_04.png,I10.png,10,7,4,2.33,1.075,21.56993293762207,0.038180250000550586,0
I10_08_01.png,/kaggle/working/MDFS/data/KADID/extracted/kadid10k/images/I10_08_01.png,I10.png,10,8,1,4.73,0.442,17.016767501831055,0.039622614000109024,0
I10_08_03.png,/kaggle/working/MDFS/data/KADID/extracted/kadid10k/images/I10_08_03.png,I10.png,10,8,3,2.33,0.83,18.382017135620117,0.03924513299989485,0
I10_08_05.png,/kaggle/working/MDFS/data/KADID/extracted/kadid10k/images/I10_08_05.png,I10.png,10,8,5,1.27,0.629,21.665847778320312,0.03782049499932327,0
I10_09_02.png,/kaggle/working/MDFS/data/KADID/extracted/kadid10k/images/I10_09_02.png,I10.png,10,9,2,4.47,0.67,18.968721389770508,0.03860236899981828,0
I10_09_04.png,/kaggle/working/MDFS/data/KADID/extracted/kadid10k/images/I10_09_04.png,I10.png,10,9,4,1.97,0.547,26.949188232421875,0.03826273899994703,0
I10_10_01.png,/kaggle/working/MDFS/data/KADID/extracted/kadid10k/images/I10_10_01.png,I10.png,10,10,1,4.07,0.573,18.626996994018555,0.038244927000050666,0
I10_10_03.png,/kaggle/working/MDFS/data/KADID/extracted/kadid10k/images/I10_10_03.png,I10.png,10,10,3,3.4,0.8,20.190780639648438,0.038357587000064086,0
I10_10_05.png,/kaggle/working/MDFS/data/KADID/extracted/kadid10k/images/I10_10_05.png,I10.png,10,10,5,1.17,0.373,30.62398910522461,0.03731677299947478,0
I10_11_02.png,/kaggle/working/MDFS/data/KADID/extracted/kadid10k/images/I10_11_02.png,I10.png,10,11,2,2.9,0.597,19.65166664123535,0.03763242700006231,0
I10_11_04.png,/kaggle/working/MDFS/data/KADID/extracted/kadid10k/images/I10_11_04.png,I10.png,10,11,4,2.27,0.772,22.333723068237305,0.0375121710003441,0
I10_12_01.png,/kaggle/working/MDFS/data/KADID/extracted/kadid10k/images/I10_12_01.png,I10.png,10,12,1,4.03,0.605,17.780609130859375,0.04064555500008282,0
I10_12_03.png,/kaggle/working/MDFS/data/KADID/extracted/kadid10k/images/I10_12_03.png,I10.png,10,12,3,2.6,0.712,20.347196578979492,0.03680053100015357,0
I10_12_05.png,/kaggle/working/MDFS/data/KADID/extracted/kadid10k/images/I10_12_05.png,I10.png,10,12,5,2.1,0.7,24.017240524291992,0.03747261699936644,0
I10_13_02.png,/kaggle/working/MDFS/data/KADID/extracted/kadid10k/images/I10_13_02.png,I10.png,10,13,2,2.7,0.862,18.43989372253418,0.040215607000391174,0
I10_13_04.png,/kaggle/working/MDFS/data/KADID/extracted/kadid10k/images/I10_13_04.png,I10.png,10,13,4,2.17,0.637,22.209495544433594,0.04066122099993663,0
I10_14_01.png,/kaggle/working/MDFS/data/KADID/extracted/kadid10k/images/I10_14_01.png,I10.png,10,14,1,4.5,0.619,17.632091522216797,0.06562380500054132,0
I10_14_03.png,/kaggle/working/MDFS/data/KADID/extracted/kadid10k/images/I10_14_03.png,I10.png,10,14,3,2.47,0.763,20.108001708984375,0.04384678899987193,0
I10_14_05.png,/kaggle/working/MDFS/data/KADID/extracted/kadid10k/images/I10_14_05.png,I10.png,10,14,5,1.87,0.718,24.69997787475586,0.03708527399976447,0
I10_15_02.png,/kaggle/working/MDFS/data/KADID/extracted/kadid10k/images/I10_15_02.png,I10.png,10,15,2,2.3,0.781,21.230947494506836,0.03884208799991029,0
I10_15_04.png,/kaggle/working/MDFS/data/KADID/extracted/kadid10k/images/I10_15_04.png,I10.png,10,15,4,1.63,0.482,24.16214942932129,0.036845603000074334,0
I10_16_01.png,/kaggle/working/MDFS/data/KADID/extracted/kadid10k/images/I10_16_01.png,I10.png,10,16,1,4.43,0.716,17.002592086791992,0.038654549999591836,0
I10_16_03.png,/kaggle/working/MDFS/data/KADID/extracted/kadid10k/images/I10_16_03.png,I10.png,10,16,3,3.73,0.772,17.08071517944336,0.038765333999435825,0
I10_16_05.png,/kaggle/working/MDFS/data/KADID/extracted/kadid10k/images/I10_16_05.png,I10.png,10,16,5,1.73,0.617,21.302154541015625,0.038187998000466905,0
I10_17_02.png,/kaggle/working/MDFS/data/KADID/extracted/kadid10k/images/I10_17_02.png,I10.png,10,17,2,4.3,0.526,17.05767822265625,0.0399106019995088,0
I10_17_04.png,/kaggle/working/MDFS/data/KADID/extracted/kadid10k/images/I10_17_04.png,I10.png,10,17,4,3.41,0.785,17.156023025512695,0.039651949000472086,0
I10_18_01.png,/kaggle/working/MDFS/data/KADID/extracted/kadid10k/images/I10_18_01.png,I10.png,10,18,1,4.33,0.65,17.211488723754883,0.040427420000014536,0
I10_18_03.png,/kaggle/working/MDFS/data/KADID/extracted/kadid10k/images/I10_18_03.png,I10.png,10,18,3,4.73,0.442,17.016767501831055,0.040068045999760216,0
I10_18_05.png,/kaggle/working/MDFS/data/KADID/extracted/kadid10k/images/I10_18_05.png,I10.png,10,18,5,3.8,0.653,17.36430549621582,0.0400815330003752,0
I10_19_02.png,/kaggle/working/MDFS/data/KADID/extracted/kadid10k/images/I10_19_02.png,I10.png,10,19,2,4.23,0.716,16.4943790435791,0.03988997000033123,0
I10_19_04.png,/kaggle/working/MDFS/data/KADID/extracted/kadid10k/images/I10_19_04.png,I10.png,10,19,4,1.63,0.657,18.370113372802734,0.03841150900007051,0
I10_20_01.png,/kaggle/working/MDFS/data/KADID/extracted/kadid10k/images/I10_20_01.png,I10.png,10,20,1,4.57,0.559,16.992204666137695,0.03989141500005644,0
I10_20_03.png,/kaggle/working/MDFS/data/KADID/extracted/kadid10k/images/I10_20_03.png,I10.png,10,20,3,4.43,0.92,16.96776580810547,0.0400390860004336,0
I10_20_05.png,/kaggle/working/MDFS/data/KADID/extracted/kadid10k/images/I10_20_05.png,I10.png,10,20,5,3.97,1.016,16.907541275024414,0.041250522999689565,0
I10_21_02.png,/kaggle/working/MDFS/data/KADID/extracted/kadid10k/images/I10_21_02.png,I10.png,10,21,2,2.4,0.757,16.665836334228516,0.03909790299985616,0
I10_21_04.png,/kaggle/working/MDFS/data/KADID/extracted/kadid10k/images/I10_21_04.png,I10.png,10,21,4,2.27,0.998,17.512083053588867,0.0377802419998261,0
I10_22_01.png,/kaggle/working/MDFS/data/KADID/extracted/kadid10k/images/I10_22_01.png,I10.png,10,22,1,3.81,0.895,17.30522918701172,0.038844399000481644,0
I10_22_03.png,/kaggle/working/MDFS/data/KADID/extracted/kadid10k/images/I10_22_03.png,I10.png,10,22,3,2.97,0.948,17.485952377319336,0.0368515620002654,0
I10_22_05.png,/kaggle/working/MDFS/data/KADID/extracted/kadid10k/images/I10_22_05.png,I10.png,10,22,5,2.1,0.746,19.504962921142578,0.035359247000087635,0
I10_23_02.png,/kaggle/working/MDFS/data/KADID/extracted/kadid10k/images/I10_23_02.png,I10.png,10,23,2,2.03,0.933,16.925048828125,0.03800976900038222,0
I10_23_04.png,/kaggle/working/MDFS/data/KADID/extracted/kadid10k/images/I10_23_04.png,I10.png,10,23,4,1.97,0.983,16.945781707763672,0.03907203600010689,0
I10_24_01.png,/kaggle/working/MDFS/data/KADID/extracted/kadid10k/images/I10_24_01.png,I10.png,10,24,1,3.67,0.907,17.94940185546875,0.039362403999803064,0
I10_24_03.png,/kaggle/working/MDFS/data/KADID/extracted/kadid10k/images/I10_24_03.png,I10.png,10,24,3,2.17,0.687,20.544971466064453,0.03973319899978378,0
I10_24_05.png,/kaggle/working/MDFS/data/KADID/extracted/kadid10k/images/I10_24_05.png,I10.png,10,24,5,1.3,0.526,24.639997482299805,0.03986042699943937,0
I10_25_02.png,/kaggle/working/MDFS/data/KADID/extracted/kadid10k/images/I10_25_02.png,I10.png,10,25,2,3.6,0.879,17.29416275024414,0.040385739999692305,0
I10_25_04.png,/kaggle/working/MDFS/data/KADID/extracted/kadid10k/images/I10_25_04.png,I10.png,10,25,4,4.33,0.596,16.89742088317871,0.040372542000113754,0
I11_01_01.png,/kaggle/working/MDFS/data/KADID/extracted/kadid10k/images/I11_01_01.png,I11.png,11,1,1,4.6,0.49,16.45688247680664,0.039111198000682634,0
I11_01_03.png,/kaggle/working/MDFS/data/KADID/extracted/kadid10k/images/I11_01_03.png,I11.png,11,1,3,2.5,0.847,21.33409309387207,0.04034322500046983,0
I11_01_05.png,/kaggle/working/MDFS/data/KADID/extracted/kadid10k/images/I11_01_05.png,I11.png,11,1,5,1.35,0.542,39.384403228759766,0.03884649999963585,0
I11_02_02.png,/kaggle/working/MDFS/data/KADID/extracted/kadid10k/images/I11_02_02.png,I11.png,11,2,2,2.07,0.814,22.821256637573242,0.03975512100078049,0
I11_02_04.png,/kaggle/working/MDFS/data/KADID/extracted/kadid10k/images/I11_02_04.png,I11.png,11,2,4,1.4,0.554,29.874874114990234,0.03859046199977456,0
I11_03_01.png,/kaggle/working/MDFS/data/KADID/extracted/kadid10k/images/I11_03_01.png,I11.png,11,3,1,4.7,0.458,16.45688247680664,0.03861333100030606,0
I11_03_03.png,/kaggle/working/MDFS/data/KADID/extracted/kadid10k/images/I11_03_03.png,I11.png,11,3,3,2.47,0.67,21.241287231445312,0.03893789899939293,0
I11_03_05.png,/kaggle/working/MDFS/data/KADID/extracted/kadid10k/images/I11_03_05.png,I11.png,11,3,5,1.47,0.618,23.6407470703125,0.03971740100041643,0
I11_04_02.png,/kaggle/working/MDFS/data/KADID/extracted/kadid10k/images/I11_04_02.png,I11.png,11,4,2,2.83,1.186,18.07145881652832,0.03925319500012847,0
I11_04_04.png,/kaggle/working/MDFS/data/KADID/extracted/kadid10k/images/I11_04_04.png,I11.png,11,4,4,1.73,0.727,19.284805297851562,0.038183040999683726,0
I11_05_01.png,/kaggle/working/MDFS/data/KADID/extracted/kadid10k/images/I11_05_01.png,I11.png,11,5,1,4.5,0.563,16.99466896057129,0.03890426900034072,0
I11_05_03.png,/kaggle/working/MDFS/data/KADID/extracted/kadid10k/images/I11_05_03.png,I11.png,11,5,3,1.97,0.795,17.511104583740234,0.03866251799991005,0
I11_05_05.png,/kaggle/working/MDFS/data/KADID/extracted/kadid10k/images/I11_05_05.png,I11.png,11,5,5,1.6,0.663,17.313100814819336,0.038756935000492376,0
I11_06_02.png,/kaggle/working/MDFS/data/KADID/extracted/kadid10k/images/I11_06_02.png,I11.png,11,6,2,4.03,0.875,18.168033599853516,0.037348152000049595,0
I11_06_04.png,/kaggle/working/MDFS/data/KADID/extracted/kadid10k/images/I11_06_04.png,I11.png,11,6,4,3.0,0.803,20.416027069091797,0.0371886530001575,0
I11_07_01.png,/kaggle/working/MDFS/data/KADID/extracted/kadid10k/images/I11_07_01.png,I11.png,11,7,1,3.2,0.792,16.53110122680664,0.04068531300072209,0
I11_07_03.png,/kaggle/working/MDFS/data/KADID/extracted/kadid10k/images/I11_07_03.png,I11.png,11,7,3,2.5,0.922,18.13583755493164,0.039493806000791665,0
I11_07_05.png,/kaggle/working/MDFS/data/KADID/extracted/kadid10k/images/I11_07_05.png,I11.png,11,7,5,2.03,1.048,17.28595542907715,0.03938601700065192,0
I11_08_02.png,/kaggle/working/MDFS/data/KADID/extracted/kadid10k/images/I11_08_02.png,I11.png,11,8,2,3.43,0.883,17.560768127441406,0.03904661899923667,0
I11_08_04.png,/kaggle/working/MDFS/data/KADID/extracted/kadid10k/images/I11_08_04.png,I11.png,11,8,4,2.0,0.931,19.333898544311523,0.0388191869997172,0
I11_09_01.png,/kaggle/working/MDFS/data/KADID/extracted/kadid10k/images/I11_09_01.png,I11.png,11,9,1,4.63,0.482,17.003868103027344,0.03849696199995378,0
I11_09_03.png,/kaggle/working/MDFS/data/KADID/extracted/kadid10k/images/I11_09_03.png,I11.png,11,9,3,4.1,0.597,20.24248695373535,0.03958644500016817,0
I11_09_05.png,/kaggle/working/MDFS/data/KADID/extracted/kadid10k/images/I11_09_05.png,I11.png,11,9,5,1.4,0.49,33.94009017944336,0.03904516300008254,0
I11_10_02.png,/kaggle/working/MDFS/data/KADID/extracted/kadid10k/images/I11_10_02.png,I11.png,11,10,2,4.17,0.687,19.226083755493164,0.03893694899943512,0
I11_10_04.png,/kaggle/working/MDFS/data/KADID/extracted/kadid10k/images/I11_10_04.png,I11.png,11,10,4,1.63,0.657,30.436410903930664,0.03703573300026619,0
I11_11_01.png,/kaggle/working/MDFS/data/KADID/extracted/kadid10k/images/I11_11_01.png,I11.png,11,11,1,3.97,0.706,18.174663543701172,0.03711594799915474,0
I11_11_03.png,/kaggle/working/MDFS/data/KADID/extracted/kadid10k/images/I11_11_03.png,I11.png,11,11,3,2.8,0.748,20.225147247314453,0.038493353000376374,0
I11_11_05.png,/kaggle/working/MDFS/data/KADID/extracted/kadid10k/images/I11_11_05.png,I11.png,11,11,5,2.13,0.718,25.15777015686035,0.03912331300034566,0
I11_12_02.png,/kaggle/working/MDFS/data/KADID/extracted/kadid10k/images/I11_12_02.png,I11.png,11,12,2,3.2,0.748,18.535654067993164,0.03909642000053282,0
I11_12_04.png,/kaggle/working/MDFS/data/KADID/extracted/kadid10k/images/I11_12_04.png,I11.png,11,12,4,2.57,0.803,21.79888916015625,0.03859567800009245,0
I11_13_01.png,/kaggle/working/MDFS/data/KADID/extracted/kadid10k/images/I11_13_01.png,I11.png,11,13,1,3.57,1.023,16.713191986083984,0.03906706799989479,0
I11_13_03.png,/kaggle/working/MDFS/data/KADID/extracted/kadid10k/images/I11_13_03.png,I11.png,11,13,3,2.27,0.814,18.932649612426758,0.03807487900030537,0
I11_13_05.png,/kaggle/working/MDFS/data/KADID/extracted/kadid10k/images/I11_13_05.png,I11.png,11,13,5,1.93,0.727,23.758012771606445,0.03818943500027672,0
I11_14_02.png,/kaggle/working/MDFS/data/KADID/extracted/kadid10k/images/I11_14_02.png,I11.png,11,14,2,3.8,0.909,17.467533111572266,0.03757846200005588,0
I11_14_04.png,/kaggle/working/MDFS/data/KADID/extracted/kadid10k/images/I11_14_04.png,I11.png,11,14,4,2.63,0.836,18.99285125732422,0.037072779000482114,0
I11_15_01.png,/kaggle/working/MDFS/data/KADID/extracted/kadid10k/images/I11_15_01.png,I11.png,11,15,1,3.13,0.763,19.17734718322754,0.03969078900081513,0
I11_15_03.png,/kaggle/working/MDFS/data/KADID/extracted/kadid10k/images/I11_15_03.png,I11.png,11,15,3,1.73,0.892,23.09037971496582,0.03731788500044786,0
I11_15_05.png,/kaggle/working/MDFS/data/KADID/extracted/kadid10k/images/I11_15_05.png,I11.png,11,15,5,1.43,0.559,26.490270614624023,0.037435002000165696,0
I11_16_02.png,/kaggle/working/MDFS/data/KADID/extracted/kadid10k/images/I11_16_02.png,I11.png,11,16,2,4.07,0.629,16.355377197265625,0.039972098000362166,0
I11_16_04.png,/kaggle/working/MDFS/data/KADID/extracted/kadid10k/images/I11_16_04.png,I11.png,11,16,4,3.2,0.98,16.6192626953125,0.03884356700018543,0
I11_17_01.png,/kaggle/working/MDFS/data/KADID/extracted/kadid10k/images/I11_17_01.png,I11.png,11,17,1,4.7,0.458,16.480758666992188,0.04008785199948761,0
I11_17_03.png,/kaggle/working/MDFS/data/KADID/extracted/kadid10k/images/I11_17_03.png,I11.png,11,17,3,4.6,0.49,16.58257484436035,0.040207443999861425,0
I11_17_05.png,/kaggle/working/MDFS/data/KADID/extracted/kadid10k/images/I11_17_05.png,I11.png,11,17,5,1.37,0.547,20.874961853027344,0.038167587000316416,0
I11_18_02.png,/kaggle/working/MDFS/data/KADID/extracted/kadid10k/images/I11_18_02.png,I11.png,11,18,2,4.6,0.49,16.410104751586914,0.03956727100012358,0
I11_18_04.png,/kaggle/working/MDFS/data/KADID/extracted/kadid10k/images/I11_18_04.png,I11.png,11,18,4,4.27,0.772,16.536632537841797,0.03938904099959473,0
I11_19_01.png,/kaggle/working/MDFS/data/KADID/extracted/kadid10k/images/I11_19_01.png,I11.png,11,19,1,4.3,0.458,16.43890953063965,0.03869206400031544,0
I11_19_03.png,/kaggle/working/MDFS/data/KADID/extracted/kadid10k/images/I11_19_03.png,I11.png,11,19,3,3.13,0.751,16.70445442199707,0.038465223999992304,0
I11_19_05.png,/kaggle/working/MDFS/data/KADID/extracted/kadid10k/images/I11_19_05.png,I11.png,11,19,5,1.4,0.49,21.141145706176758,0.03651185499984422,0
I11_20_02.png,/kaggle/working/MDFS/data/KADID/extracted/kadid10k/images/I11_20_02.png,I11.png,11,20,2,4.67,0.471,16.365285873413086,0.038522965000083786,0
I11_20_04.png,/kaggle/working/MDFS/data/KADID/extracted/kadid10k/images/I11_20_04.png,I11.png,11,20,4,4.17,0.86,16.40748405456543,0.037769982000099844,0
I11_21_01.png,/kaggle/working/MDFS/data/KADID/extracted/kadid10k/images/I11_21_01.png,I11.png,11,21,1,4.5,0.619,16.38565444946289,0.03898225299963087,0
I11_21_03.png,/kaggle/working/MDFS/data/KADID/extracted/kadid10k/images/I11_21_03.png,I11.png,11,21,3,3.47,0.921,16.990022659301758,0.03803597799924319,0
I11_21_05.png,/kaggle/working/MDFS/data/KADID/extracted/kadid10k/images/I11_21_05.png,I11.png,11,21,5,1.47,0.562,25.742172241210938,0.03604370200082485,0
I11_22_02.png,/kaggle/working/MDFS/data/KADID/extracted/kadid10k/images/I11_22_02.png,I11.png,11,22,2,3.53,0.921,16.762741088867188,0.03709350000008271,0
I11_22_04.png,/kaggle/working/MDFS/data/KADID/extracted/kadid10k/images/I11_22_04.png,I11.png,11,22,4,2.5,0.847,17.25835609436035,0.03669298099976004,0
I11_23_01.png,/kaggle/working/MDFS/data/KADID/extracted/kadid10k/images/I11_23_01.png,I11.png,11,23,1,1.93,0.727,16.422006607055664,0.0384355449996292,0
I11_23_03.png,/kaggle/working/MDFS/data/KADID/extracted/kadid10k/images/I11_23_03.png,I11.png,11,23,3,2.5,0.764,16.454225540161133,0.038110892000077,0
I11_23_05.png,/kaggle/working/MDFS/data/KADID/extracted/kadid10k/images/I11_23_05.png,I11.png,11,23,5,1.6,0.49,16.46964454650879,0.0384264060003261,0
I11_24_02.png,/kaggle/working/MDFS/data/KADID/extracted/kadid10k/images/I11_24_02.png,I11.png,11,24,2,2.5,0.885,18.015439987182617,0.03927351199945406,0
I11_24_04.png,/kaggle/working/MDFS/data/KADID/extracted/kadid10k/images/I11_24_04.png,I11.png,11,24,4,1.6,0.757,23.09727668762207,0.039724681999359746,0
I11_25_01.png,/kaggle/working/MDFS/data/KADID/extracted/kadid10k/images/I11_25_01.png,I11.png,11,25,1,3.3,0.936,16.821088790893555,0.0416448539999692,0
I11_25_03.png,/kaggle/working/MDFS/data/KADID/extracted/kadid10k/images/I11_25_03.png,I11.png,11,25,3,4.3,0.862,16.371475219726562,0.039845264999712526,0
I11_25_05.png,/kaggle/working/MDFS/data/KADID/extracted/kadid10k/images/I11_25_05.png,I11.png,11,25,5,2.83,1.157,16.86286163330078,0.03910743799951888,0
I12_01_02.png,/kaggle/working/MDFS/data/KADID/extracted/kadid10k/images/I12_01_02.png,I12.png,12,1,2,3.87,0.718,17.44354820251465,0.04009880300054647,0
I12_01_04.png,/kaggle/working/MDFS/data/KADID/extracted/kadid10k/images/I12_01_04.png,I12.png,12,1,4,1.67,0.745,30.78880500793457,0.039905406999423576,0
I12_02_01.png,/kaggle/working/MDFS/data/KADID/extracted/kadid10k/images/I12_02_01.png,I12.png,12,2,1,3.13,0.957,18.697282791137695,0.04046591200039984,0
I12_02_03.png,/kaggle/working/MDFS/data/KADID/extracted/kadid10k/images/I12_02_03.png,I12.png,12,2,3,1.23,0.423,26.17221450805664,0.03944395899998199,0
I12_02_05.png,/kaggle/working/MDFS/data/KADID/extracted/kadid10k/images/I12_02_05.png,I12.png,12,2,5,1.2,0.4,29.896343231201172,0.03972347099988838,0
I12_03_02.png,/kaggle/working/MDFS/data/KADID/extracted/kadid10k/images/I12_03_02.png,I12.png,12,3,2,3.7,0.936,20.101795196533203,0.039752007000060985,0
I12_03_04.png,/kaggle/working/MDFS/data/KADID/extracted/kadid10k/images/I12_03_04.png,I12.png,12,3,4,1.6,0.554,24.63144874572754,0.04006043400022463,0
I12_04_01.png,/kaggle/working/MDFS/data/KADID/extracted/kadid10k/images/I12_04_01.png,I12.png,12,4,1,4.5,0.719,19.008211135864258,0.03962922700065974,0
I12_04_03.png,/kaggle/working/MDFS/data/KADID/extracted/kadid10k/images/I12_04_03.png,I12.png,12,4,3,1.73,0.727,20.126605987548828,0.038978923999820836,0
I12_04_05.png,/kaggle/working/MDFS/data/KADID/extracted/kadid10k/images/I12_04_05.png,I12.png,12,4,5,1.3,0.586,24.166683197021484,0.03809369600003265,0
I12_05_02.png,/kaggle/working/MDFS/data/KADID/extracted/kadid10k/images/I12_05_02.png,I12.png,12,5,2,2.17,0.687,20.36528778076172,0.039559574000122666,0
I12_05_04.png,/kaggle/working/MDFS/data/KADID/extracted/kadid10k/images/I12_05_04.png,I12.png,12,5,4,1.17,0.373,19.4152889251709,0.03834515200014721,0
I12_06_01.png,/kaggle/working/MDFS/data/KADID/extracted/kadid10k/images/I12_06_01.png,I12.png,12,6,1,4.45,0.664,18.85218620300293,0.03729416899932403,0
I12_06_03.png,/kaggle/working/MDFS/data/KADID/extracted/kadid10k/images/I12_06_03.png,I12.png,12,6,3,4.0,0.931,19.774417877197266,0.03717612400032522,0
I12_06_05.png,/kaggle/working/MDFS/data/KADID/extracted/kadid10k/images/I12_06_05.png,I12.png,12,6,5,2.36,1.123,23.673479080200195,0.03579907200037269,0
I12_07_02.png,/kaggle/working/MDFS/data/KADID/extracted/kadid10k/images/I12_07_02.png,I12.png,12,7,2,1.87,0.921,19.091819763183594,0.03871526900002209,0
I12_07_04.png,/kaggle/working/MDFS/data/KADID/extracted/kadid10k/images/I12_07_04.png,I12.png,12,7,4,2.37,1.197,22.95258331298828,0.03857370399964566,0
I12_08_01.png,/kaggle/working/MDFS/data/KADID/extracted/kadid10k/images/I12_08_01.png,I12.png,12,8,1,4.47,0.846,17.764551162719727,0.038431485999353754,0
I12_08_03.png,/kaggle/working/MDFS/data/KADID/extracted/kadid10k/images/I12_08_03.png,I12.png,12,8,3,3.13,0.921,18.92348861694336,0.03826343499986251,0
I12_08_05.png,/kaggle/working/MDFS/data/KADID/extracted/kadid10k/images/I12_08_05.png,I12.png,12,8,5,1.6,0.712,21.280445098876953,0.03819698699953733,0
I12_09_02.png,/kaggle/working/MDFS/data/KADID/extracted/kadid10k/images/I12_09_02.png,I12.png,12,9,2,3.07,0.998,22.866487503051758,0.038278658999843174,0
I12_09_04.png,/kaggle/working/MDFS/data/KADID/extracted/kadid10k/images/I12_09_04.png,I12.png,12,9,4,1.43,0.559,30.61988639831543,0.03842345300017769,0
I12_10_01.png,/kaggle/working/MDFS/data/KADID/extracted/kadid10k/images/I12_10_01.png,I12.png,12,10,1,4.5,0.719,19.060503005981445,0.03829872400001477,0
I12_10_03.png,/kaggle/working/MDFS/data/KADID/extracted/kadid10k/images/I12_10_03.png,I12.png,12,10,3,4.0,0.73,19.777055740356445,0.038606401999459194,0
I12_10_05.png,/kaggle/working/MDFS/data/KADID/extracted/kadid10k/images/I12_10_05.png,I12.png,12,10,5,1.93,0.629,31.71723747253418,0.03701966399967205,0
I12_11_02.png,/kaggle/working/MDFS/data/KADID/extracted/kadid10k/images/I12_11_02.png,I12.png,12,11,2,4.0,0.856,19.2158260345459,0.0389016189992617,0
I12_11_04.png,/kaggle/working/MDFS/data/KADID/extracted/kadid10k/images/I12_11_04.png,I12.png,12,11,4,3.07,0.772,20.919607162475586,0.03867873299986968,0
I12_12_01.png,/kaggle/working/MDFS/data/KADID/extracted/kadid10k/images/I12_12_01.png,I12.png,12,12,1,4.63,0.547,18.031465530395508,0.03932173800058081,0
I12_12_03.png,/kaggle/working/MDFS/data/KADID/extracted/kadid10k/images/I12_12_03.png,I12.png,12,12,3,3.93,0.68,19.619304656982422,0.03873627199936891,0
I12_12_05.png,/kaggle/working/MDFS/data/KADID/extracted/kadid10k/images/I12_12_05.png,I12.png,12,12,5,2.97,0.875,22.218387603759766,0.03750935200059757,0
I12_13_02.png,/kaggle/working/MDFS/data/KADID/extracted/kadid10k/images/I12_13_02.png,I12.png,12,13,2,3.83,0.82,18.113128662109375,0.03862630399999034,0
I12_13_04.png,/kaggle/working/MDFS/data/KADID/extracted/kadid10k/images/I12_13_04.png,I12.png,12,13,4,2.73,0.772,20.2777042388916,0.03806831399924704,0
I12_14_01.png,/kaggle/working/MDFS/data/KADID/extracted/kadid10k/images/I12_14_01.png,I12.png,12,14,1,4.4,0.554,17.875768661499023,0.03820391400040535,0
I12_14_03.png,/kaggle/working/MDFS/data/KADID/extracted/kadid10k/images/I12_14_03.png,I12.png,12,14,3,3.5,0.764,19.240055084228516,0.037167842999224376,0
I12_14_05.png,/kaggle/working/MDFS/data/KADID/extracted/kadid10k/images/I12_14_05.png,I12.png,12,14,5,2.47,0.718,22.409116744995117,0.03627646099994308,0
I12_15_02.png,/kaggle/working/MDFS/data/KADID/extracted/kadid10k/images/I12_15_02.png,I12.png,12,15,2,2.57,0.803,20.484525680541992,0.04082724500040058,0
I12_15_04.png,/kaggle/working/MDFS/data/KADID/extracted/kadid10k/images/I12_15_04.png,I12.png,12,15,4,1.87,0.618,22.754579544067383,0.04105193600025814,0
I12_16_01.png,/kaggle/working/MDFS/data/KADID/extracted/kadid10k/images/I12_16_01.png,I12.png,12,16,1,4.3,0.781,17.89546775817871,0.03954070399959164,0
I12_16_03.png,/kaggle/working/MDFS/data/KADID/extracted/kadid10k/images/I12_16_03.png,I12.png,12,16,3,3.3,0.9,18.457324981689453,0.04034688899992034,0
I12_16_05.png,/kaggle/working/MDFS/data/KADID/extracted/kadid10k/images/I12_16_05.png,I12.png,12,16,5,1.57,0.559,22.33695411682129,0.03942825099966285,0
I12_17_02.png,/kaggle/working/MDFS/data/KADID/extracted/kadid10k/images/I12_17_02.png,I12.png,12,17,2,4.6,0.554,17.67291831970215,0.03937090999988868,0
I12_17_04.png,/kaggle/working/MDFS/data/KADID/extracted/kadid10k/images/I12_17_04.png,I12.png,12,17,4,3.9,0.7,17.626117706298828,0.039274969999496534,0
I12_18_01.png,/kaggle/working/MDFS/data/KADID/extracted/kadid10k/images/I12_18_01.png,I12.png,12,18,1,4.43,0.559,18.71809959411621,0.03901164899980358,0
I12_18_03.png,/kaggle/working/MDFS/data/KADID/extracted/kadid10k/images/I12_18_03.png,I12.png,12,18,3,4.41,0.744,17.764551162719727,0.039030777999869315,0
I12_18_05.png,/kaggle/working/MDFS/data/KADID/extracted/kadid10k/images/I12_18_05.png,I12.png,12,18,5,3.87,0.499,18.10590171813965,0.038887245999831066,0
I12_19_02.png,/kaggle/working/MDFS/data/KADID/extracted/kadid10k/images/I12_19_02.png,I12.png,12,19,2,4.13,0.562,17.400245666503906,0.03845376499975828,0
I12_19_04.png,/kaggle/working/MDFS/data/KADID/extracted/kadid10k/images/I12_19_04.png,I12.png,12,19,4,1.47,0.499,20.867650985717773,0.037903021000602166,0
I12_20_01.png,/kaggle/working/MDFS/data/KADID/extracted/kadid10k/images/I12_20_01.png,I12.png,12,20,1,4.37,0.875,17.74796485900879,0.04010739399927843,0
I12_20_03.png,/kaggle/working/MDFS/data/KADID/extracted/kadid10k/images/I12_20_03.png,I12.png,12,20,3,4.17,0.86,17.761411666870117,0.039416556999640306,0
I12_20_05.png,/kaggle/working/MDFS/data/KADID/extracted/kadid10k/images/I12_20_05.png,I12.png,12,20,5,2.93,1.365,17.860769271850586,0.038394716999391676,0
I12_21_02.png,/kaggle/working/MDFS/data/KADID/extracted/kadid10k/images/I12_21_02.png,I12.png,12,21,2,2.17,0.86,18.462230682373047,0.03846801899999264,0
I12_21_04.png,/kaggle/working/MDFS/data/KADID/extracted/kadid10k/images/I12_21_04.png,I12.png,12,21,4,2.17,0.734,19.88865852355957,0.03634153500024695,0
I12_22_01.png,/kaggle/working/MDFS/data/KADID/extracted/kadid10k/images/I12_22_01.png,I12.png,12,22,1,4.53,0.499,18.073875427246094,0.03932735100079299,0
I12_22_03.png,/kaggle/working/MDFS/data/KADID/extracted/kadid10k/images/I12_22_03.png,I12.png,12,22,3,4.27,0.727,18.43832778930664,0.039134300999648985,0
I12_22_05.png,/kaggle/working/MDFS/data/KADID/extracted/kadid10k/images/I12_22_05.png,I12.png,12,22,5,4.1,0.831,19.24696922302246,0.03918343300028937,0
I12_23_02.png,/kaggle/working/MDFS/data/KADID/extracted/kadid10k/images/I12_23_02.png,I12.png,12,23,2,2.17,0.934,17.6155948638916,0.03953239299971756,0
I12_23_04.png,/kaggle/working/MDFS/data/KADID/extracted/kadid10k/images/I12_23_04.png,I12.png,12,23,4,2.27,0.814,17.581106185913086,0.03972566599986749,0
I12_24_01.png,/kaggle/working/MDFS/data/KADID/extracted/kadid10k/images/I12_24_01.png,I12.png,12,24,1,3.03,0.983,21.0618896484375,0.03890691800006607,0
I12_24_03.png,/kaggle/working/MDFS/data/KADID/extracted/kadid10k/images/I12_24_03.png,I12.png,12,24,3,2.03,1.016,25.473169326782227,0.03812536099940189,0
I12_24_05.png,/kaggle/working/MDFS/data/KADID/extracted/kadid10k/images/I12_24_05.png,I12.png,12,24,5,1.23,0.496,33.41933059692383,0.03539573400030349,0
I12_25_02.png,/kaggle/working/MDFS/data/KADID/extracted/kadid10k/images/I12_25_02.png,I12.png,12,25,2,3.87,0.718,18.622041702270508,0.038133832000312395,0
I12_25_04.png,/kaggle/working/MDFS/data/KADID/extracted/kadid10k/images/I12_25_04.png,I12.png,12,25,4,4.33,0.596,17.636032104492188,0.03772013900015736,0
I13_01_01.png,/kaggle/working/MDFS/data/KADID/extracted/kadid10k/images/I13_01_01.png,I13.png,13,1,1,4.74,0.506,18.737882614135742,0.03886148800029332,0
I13_01_03.png,/kaggle/working/MDFS/data/KADID/extracted/kadid10k/images/I13_01_03.png,I13.png,13,1,3,3.33,0.83,21.375442504882812,0.038854296999488724,0
I13_01_05.png,/kaggle/working/MDFS/data/KADID/extracted/kadid10k/images/I13_01_05.png,I13.png,13,1,5,1.5,0.5,37.739341735839844,0.03886459899968031,0
I13_02_02.png,/kaggle/working/MDFS/data/KADID/extracted/kadid10k/images/I13_02_02.png,I13.png,13,2,2,2.63,0.875,22.953872680664062,0.0396288399997502,0
I13_02_04.png,/kaggle/working/MDFS/data/KADID/extracted/kadid10k/images/I13_02_04.png,I13.png,13,2,4,1.5,0.563,29.957651138305664,0.038896478000424395,0
I13_03_01.png,/kaggle/working/MDFS/data/KADID/extracted/kadid10k/images/I13_03_01.png,I13.png,13,3,1,4.4,0.8,18.737882614135742,0.03874870599975111,0
I13_03_03.png,/kaggle/working/MDFS/data/KADID/extracted/kadid10k/images/I13_03_03.png,I13.png,13,3,3,3.43,0.761,19.63345718383789,0.038622980000582174,0
I13_03_05.png,/kaggle/working/MDFS/data/KADID/extracted/kadid10k/images/I13_03_05.png,I13.png,13,3,5,1.47,0.562,21.849210739135742,0.03778180700010125,0
I13_04_02.png,/kaggle/working/MDFS/data/KADID/extracted/kadid10k/images/I13_04_02.png,I13.png,13,4,2,2.97,1.08,20.10036849975586,0.037027684999884514,0
I13_04_04.png,/kaggle/working/MDFS/data/KADID/extracted/kadid10k/images/I13_04_04.png,I13.png,13,4,4,2.03,0.912,21.904855728149414,0.03651425099997141,0
I13_05_01.png,/kaggle/working/MDFS/data/KADID/extracted/kadid10k/images/I13_05_01.png,I13.png,13,5,1,4.0,0.775,19.34893226623535,0.038363520000530116,0
I13_05_03.png,/kaggle/working/MDFS/data/KADID/extracted/kadid10k/images/I13_05_03.png,I13.png,13,5,3,2.2,0.945,19.803720474243164,0.03944344999945315,0
I13_05_05.png,/kaggle/working/MDFS/data/KADID/extracted/kadid10k/images/I13_05_05.png,I13.png,13,5,5,2.07,0.854,19.919509887695312,0.038643651999336726,0
I13_06_02.png,/kaggle/working/MDFS/data/KADID/extracted/kadid10k/images/I13_06_02.png,I13.png,13,6,2,3.5,0.992,22.074434280395508,0.03726636699957453,0
I13_06_04.png,/kaggle/working/MDFS/data/KADID/extracted/kadid10k/images/I13_06_04.png,I13.png,13,6,4,3.13,0.921,22.754779815673828,0.036368189999848255,0
I13_07_01.png,/kaggle/working/MDFS/data/KADID/extracted/kadid10k/images/I13_07_01.png,I13.png,13,7,1,3.03,0.74,18.88460350036621,0.038411055999858945,0
I13_07_03.png,/kaggle/working/MDFS/data/KADID/extracted/kadid10k/images/I13_07_03.png,I13.png,13,7,3,2.5,1.025,19.788434982299805,0.03714689800017368,0
I13_07_05.png,/kaggle/working/MDFS/data/KADID/extracted/kadid10k/images/I13_07_05.png,I13.png,13,7,5,2.1,0.978,19.34073257446289,0.037476645999959146,0
I13_08_02.png,/kaggle/working/MDFS/data/KADID/extracted/kadid10k/images/I13_08_02.png,I13.png,13,8,2,3.73,0.814,19.74542236328125,0.03684788299960928,0
I13_08_04.png,/kaggle/working/MDFS/data/KADID/extracted/kadid10k/images/I13_08_04.png,I13.png,13,8,4,2.17,1.098,21.354278564453125,0.03731429300023592,0
I13_09_01.png,/kaggle/working/MDFS/data/KADID/extracted/kadid10k/images/I13_09_01.png,I13.png,13,9,1,4.53,0.67,18.38119125366211,0.03966869699979725,0
I13_09_03.png,/kaggle/working/MDFS/data/KADID/extracted/kadid10k/images/I13_09_03.png,I13.png,13,9,3,4.48,0.561,19.727947235107422,0.04020907199992507,0
I13_09_05.png,/kaggle/working/MDFS/data/KADID/extracted/kadid10k/images/I13_09_05.png,I13.png,13,9,5,1.73,0.573,31.7827091217041,0.03996990299947356,0
I13_10_02.png,/kaggle/working/MDFS/data/KADID/extracted/kadid10k/images/I13_10_02.png,I13.png,13,10,2,4.53,0.618,19.477073669433594,0.03960345799987408,0
I13_10_04.png,/kaggle/working/MDFS/data/KADID/extracted/kadid10k/images/I13_10_04.png,I13.png,13,10,4,2.03,0.836,25.459793090820312,0.03750354600015271,0
I13_11_01.png,/kaggle/working/MDFS/data/KADID/extracted/kadid10k/images/I13_11_01.png,I13.png,13,11,1,3.83,0.898,20.905027389526367,0.03771720099939557,0
I13_11_03.png,/kaggle/working/MDFS/data/KADID/extracted/kadid10k/images/I13_11_03.png,I13.png,13,11,3,3.1,0.79,22.578338623046875,0.03728203999980906,0
I13_11_05.png,/kaggle/working/MDFS/data/KADID/extracted/kadid10k/images/I13_11_05.png,I13.png,13,11,5,2.13,0.67,25.691425323486328,0.03783662900059426,0
I13_12_02.png,/kaggle/working/MDFS/data/KADID/extracted/kadid10k/images/I13_12_02.png,I13.png,13,12,2,3.67,0.869,21.05437660217285,0.03717795800002932,0
I13_12_04.png,/kaggle/working/MDFS/data/KADID/extracted/kadid10k/images/I13_12_04.png,I13.png,13,12,4,2.43,0.716,23.562509536743164,0.037178847000177484,0
I13_13_01.png,/kaggle/working/MDFS/data/KADID/extracted/kadid10k/images/I13_13_01.png,I13.png,13,13,1,3.33,0.978,18.802587509155273,0.03921567799989134,0
I13_13_03.png,/kaggle/working/MDFS/data/KADID/extracted/kadid10k/images/I13_13_03.png,I13.png,13,13,3,2.77,0.761,20.898906707763672,0.03926482800034137,0
I13_13_05.png,/kaggle/working/MDFS/data/KADID/extracted/kadid10k/images/I13_13_05.png,I13.png,13,13,5,2.1,0.597,24.396944046020508,0.038893384000402875,0
I13_14_02.png,/kaggle/working/MDFS/data/KADID/extracted/kadid10k/images/I13_14_02.png,I13.png,13,14,2,3.9,1.012,20.56833839416504,0.0384292259996073,0
I13_14_04.png,/kaggle/working/MDFS/data/KADID/extracted/kadid10k/images/I13_14_04.png,I13.png,13,14,4,2.8,0.98,22.135677337646484,0.038011892000213265,0
I13_15_01.png,/kaggle/working/MDFS/data/KADID/extracted/kadid10k/images/I13_15_01.png,I13.png,13,15,1,4.1,0.651,19.429275512695312,0.039324404000581126,0
I13_15_03.png,/kaggle/working/MDFS/data/KADID/extracted/kadid10k/images/I13_15_03.png,I13.png,13,15,3,2.57,0.667,21.57669448852539,0.03815820999989228,0
I13_15_05.png,/kaggle/working/MDFS/data/KADID/extracted/kadid10k/images/I13_15_05.png,I13.png,13,15,5,1.9,0.651,23.61002540588379,0.037730736000412435,0
I13_16_02.png,/kaggle/working/MDFS/data/KADID/extracted/kadid10k/images/I13_16_02.png,I13.png,13,16,2,4.47,0.499,19.002948760986328,0.03969023399986327,0
I13_16_04.png,/kaggle/working/MDFS/data/KADID/extracted/kadid10k/images/I13_16_04.png,I13.png,13,16,4,2.93,0.854,19.813554763793945,0.03989423499933764,0
I13_17_01.png,/kaggle/working/MDFS/data/KADID/extracted/kadid10k/images/I13_17_01.png,I13.png,13,17,1,4.77,0.423,18.699743270874023,0.03900073600016185,0
I13_17_03.png,/kaggle/working/MDFS/data/KADID/extracted/kadid10k/images/I13_17_03.png,I13.png,13,17,3,4.37,0.657,18.683300018310547,0.03992703099993378,0
I13_17_05.png,/kaggle/working/MDFS/data/KADID/extracted/kadid10k/images/I13_17_05.png,I13.png,13,17,5,2.57,0.844,21.236818313598633,0.0360219269996378,0
I13_18_02.png,/kaggle/working/MDFS/data/KADID/extracted/kadid10k/images/I13_18_02.png,I13.png,13,18,2,4.43,0.559,19.067829132080078,0.039927630999955,0
I13_18_04.png,/kaggle/working/MDFS/data/KADID/extracted/kadid10k/images/I13_18_04.png,I13.png,13,18,4,4.63,0.482,19.17194366455078,0.0397768000002543,0
I13_19_01.png,/kaggle/working/MDFS/data/KADID/extracted/kadid10k/images/I13_19_01.png,I13.png,13,19,1,4.3,0.69,18.34856414794922,0.04213189699930808,0
I13_19_03.png,/kaggle/working/MDFS/data/KADID/extracted/kadid10k/images/I13_19_03.png,I13.png,13,19,3,3.17,0.687,18.197429656982422,0.03901937199952954,0
I13_19_05.png,/kaggle/working/MDFS/data/KADID/extracted/kadid10k/images/I13_19_05.png,I13.png,13,19,5,1.47,0.618,22.770092010498047,0.03877264000038849,0
I13_20_02.png,/kaggle/working/MDFS/data/KADID/extracted/kadid10k/images/I13_20_02.png,I13.png,13,20,2,4.1,1.117,18.59716033935547,0.040408894999927725,0
I13_20_04.png,/kaggle/working/MDFS/data/KADID/extracted/kadid10k/images/I13_20_04.png,I13.png,13,20,4,3.57,0.883,18.381128311157227,0.04055098899971199,0
I13_21_01.png,/kaggle/working/MDFS/data/KADID/extracted/kadid10k/images/I13_21_01.png,I13.png,13,21,1,4.23,0.761,18.595975875854492,0.03963023600044835,0
I13_21_03.png,/kaggle/working/MDFS/data/KADID/extracted/kadid10k/images/I13_21_03.png,I13.png,13,21,3,3.2,1.046,19.07478141784668,0.039127129999542376,0
I13_21_05.png,/kaggle/working/MDFS/data/KADID/extracted/kadid10k/images/I13_21_05.png,I13.png,13,21,5,1.93,0.772,26.84932518005371,0.03707887600012327,0
I13_22_02.png,/kaggle/working/MDFS/data/KADID/extracted/kadid10k/images/I13_22_02.png,I13.png,13,22,2,3.9,0.943,19.296606063842773,0.038255510000453796,0
I13_22_04.png,/kaggle/working/MDFS/data/KADID/extracted/kadid10k/images/I13_22_04.png,I13.png,13,22,4,2.77,0.989,20.479862213134766,0.037094037999850116,0
I13_23_01.png,/kaggle/working/MDFS/data/KADID/extracted/kadid10k/images/I13_23_01.png,I13.png,13,23,1,2.97,1.08,18.627952575683594,0.03990121800052293,0
I13_23_03.png,/kaggle/working/MDFS/data/KADID/extracted/kadid10k/images/I13_23_03.png,I13.png,13,23,3,2.33,1.011,18.527618408203125,0.03995392799970432,0
I13_23_05.png,/kaggle/working/MDFS/data/KADID/extracted/kadid10k/images/I13_23_05.png,I13.png,13,23,5,1.8,0.6,18.594892501831055,0.03942397500031802,0
I13_24_02.png,/kaggle/working/MDFS/data/KADID/extracted/kadid10k/images/I13_24_02.png,I13.png,13,24,2,3.0,1.033,20.98114776611328,0.03923646400016878,0
I13_24_04.png,/kaggle/working/MDFS/data/KADID/extracted/kadid10k/images/I13_24_04.png,I13.png,13,24,4,1.93,0.573,22.951467514038086,0.03872232100002293,0
I13_25_01.png,/kaggle/working/MDFS/data/KADID/extracted/kadid10k/images/I13_25_01.png,I13.png,13,25,1,3.97,0.875,20.256494522094727,0.03850175000025047,0
I13_25_03.png,/kaggle/working/MDFS/data/KADID/extracted/kadid10k/images/I13_25_03.png,I13.png,13,25,3,4.63,0.547,19.207748413085938,0.03830338199986727,0
I13_25_05.png,/kaggle/working/MDFS/data/KADID/extracted/kadid10k/images/I13_25_05.png,I13.png,13,25,5,3.4,0.8,18.416067123413086,0.038907023000319896,0
I14_01_02.png,/kaggle/working/MDFS/data/KADID/extracted/kadid10k/images/I14_01_02.png,I14.png,14,1,2,4.1,0.79,17.45825958251953,0.03852953599925968,0
I14_01_04.png,/kaggle/working/MDFS/data/KADID/extracted/kadid10k/images/I14_01_04.png,I14.png,14,1,4,1.68,0.59,29.043781280517578,0.03941826299978857,0
I14_02_01.png,/kaggle/working/MDFS/data/KADID/extracted/kadid10k/images/I14_02_01.png,I14.png,14,2,1,3.77,0.716,18.808326721191406,0.040361202999520174,0
I14_02_03.png,/kaggle/working/MDFS/data/KADID/extracted/kadid10k/images/I14_02_03.png,I14.png,14,2,3,1.63,0.657,25.00048065185547,0.0385534880006162,0
I14_02_05.png,/kaggle/working/MDFS/data/KADID/extracted/kadid10k/images/I14_02_05.png,I14.png,14,2,5,1.27,0.512,29.31742286682129,0.03912001000026066,0
I14_03_02.png,/kaggle/working/MDFS/data/KADID/extracted/kadid10k/images/I14_03_02.png,I14.png,14,3,2,3.55,0.836,19.569936752319336,0.0389884570004142,0
I14_03_04.png,/kaggle/working/MDFS/data/KADID/extracted/kadid10k/images/I14_03_04.png,I14.png,14,3,4,1.9,0.597,21.803573608398438,0.03851641199980804,0
I14_04_01.png,/kaggle/working/MDFS/data/KADID/extracted/kadid10k/images/I14_04_01.png,I14.png,14,4,1,4.53,0.67,18.079370498657227,0.03792682200037234,0
I14_04_03.png,/kaggle/working/MDFS/data/KADID/extracted/kadid10k/images/I14_04_03.png,I14.png,14,4,3,2.27,0.854,18.895050048828125,0.03847084500011988,0
I14_04_05.png,/kaggle/working/MDFS/data/KADID/extracted/kadid10k/images/I14_04_05.png,I14.png,14,4,5,1.9,0.831,19.268585205078125,0.03700105600000825,0
I14_05_02.png,/kaggle/working/MDFS/data/KADID/extracted/kadid10k/images/I14_05_02.png,I14.png,14,5,2,2.33,0.699,20.018617630004883,0.03660416399998212,0
I14_05_04.png,/kaggle/working/MDFS/data/KADID/extracted/kadid10k/images/I14_05_04.png,I14.png,14,5,4,1.53,0.499,19.296388626098633,0.038277058999483415,0
I14_06_01.png,/kaggle/working/MDFS/data/KADID/extracted/kadid10k/images/I14_06_01.png,I14.png,14,6,1,4.23,0.667,18.811595916748047,0.03769348300011188,0
I14_06_03.png,/kaggle/working/MDFS/data/KADID/extracted/kadid10k/images/I14_06_03.png,I14.png,14,6,3,3.9,0.79,19.58108901977539,0.03685541300001205,0
I14_06_05.png,/kaggle/working/MDFS/data/KADID/extracted/kadid10k/images/I14_06_05.png,I14.png,14,6,5,2.37,0.795,21.3752384185791,0.036017643000377575,0
I14_07_02.png,/kaggle/working/MDFS/data/KADID/extracted/kadid10k/images/I14_07_02.png,I14.png,14,7,2,1.93,0.854,19.27771759033203,0.037132056000700686,0
I14_07_04.png,/kaggle/working/MDFS/data/KADID/extracted/kadid10k/images/I14_07_04.png,I14.png,14,7,4,1.97,0.912,21.953433990478516,0.03634683000018413,0
I14_08_01.png,/kaggle/working/MDFS/data/KADID/extracted/kadid10k/images/I14_08_01.png,I14.png,14,8,1,4.43,0.496,17.942007064819336,0.037772744999529095,0
I14_08_03.png,/kaggle/working/MDFS/data/KADID/extracted/kadid10k/images/I14_08_03.png,I14.png,14,8,3,2.83,0.934,19.039154052734375,0.03919994899933954,0
I14_08_05.png,/kaggle/working/MDFS/data/KADID/extracted/kadid10k/images/I14_08_05.png,I14.png,14,8,5,1.67,0.83,22.124605178833008,0.0393782219998684,0
I14_09_02.png,/kaggle/working/MDFS/data/KADID/extracted/kadid10k/images/I14_09_02.png,I14.png,14,9,2,4.1,0.978,21.588937759399414,0.03980813999987731,0
I14_09_04.png,/kaggle/working/MDFS/data/KADID/extracted/kadid10k/images/I14_09_04.png,I14.png,14,9,4,2.37,0.706,29.846763610839844,0.040549528999690665,0
I14_10_01.png,/kaggle/working/MDFS/data/KADID/extracted/kadid10k/images/I14_10_01.png,I14.png,14,10,1,4.3,0.781,19.706743240356445,0.03932481900028506,0
I14_10_03.png,/kaggle/working/MDFS/data/KADID/extracted/kadid10k/images/I14_10_03.png,I14.png,14,10,3,3.73,0.964,20.908056259155273,0.03928733199973067,0
I14_10_05.png,/kaggle/working/MDFS/data/KADID/extracted/kadid10k/images/I14_10_05.png,I14.png,14,10,5,1.37,0.706,31.862834930419922,0.03699313200013421,0
I14_11_02.png,/kaggle/working/MDFS/data/KADID/extracted/kadid10k/images/I14_11_02.png,I14.png,14,11,2,3.03,0.657,21.80233383178711,0.03779791200031468,0
I14_11_04.png,/kaggle/working/MDFS/data/KADID/extracted/kadid10k/images/I14_11_04.png,I14.png,14,11,4,2.43,0.716,24.374433517456055,0.03721474800022406,0
I14_12_01.png,/kaggle/working/MDFS/data/KADID/extracted/kadid10k/images/I14_12_01.png,I14.png,14,12,1,4.3,0.823,19.71108627319336,0.03753285999937361,0
I14_12_03.png,/kaggle/working/MDFS/data/KADID/extracted/kadid10k/images/I14_12_03.png,I14.png,14,12,3,3.07,0.772,22.348268508911133,0.0371152110001276,0
I14_12_05.png,/kaggle/working/MDFS/data/KADID/extracted/kadid10k/images/I14_12_05.png,I14.png,14,12,5,2.43,0.844,26.34031867980957,0.03789992000019993,0
I14_13_02.png,/kaggle/working/MDFS/data/KADID/extracted/kadid10k/images/I14_13_02.png,I14.png,14,13,2,2.83,0.898,19.042325973510742,0.0387628919997951,0
I14_13_04.png,/kaggle/working/MDFS/data/KADID/extracted/kadid10k/images/I14_13_04.png,I14.png,14,13,4,2.27,0.892,22.945573806762695,0.03932553899994673,0
I14_14_01.png,/kaggle/working/MDFS/data/KADID/extracted/kadid10k/images/I14_14_01.png,I14.png,14,14,1,3.93,1.062,19.061750411987305,0.03988860699973884,0
I14_14_03.png,/kaggle/working/MDFS/data/KADID/extracted/kadid10k/images/I14_14_03.png,I14.png,14,14,3,2.63,0.752,22.851428985595703,0.038297956999485905,0
I14_14_05.png,/kaggle/working/MDFS/data/KADID/extracted/kadid10k/images/I14_14_05.png,I14.png,14,14,5,2.13,0.806,24.879079818725586,0.04014664200076368,0
I14_15_02.png,/kaggle/working/MDFS/data/KADID/extracted/kadid10k/images/I14_15_02.png,I14.png,14,15,2,3.03,0.983,21.953054428100586,0.03917437400014023,0
I14_15_04.png,/kaggle/working/MDFS/data/KADID/extracted/kadid10k/images/I14_15_04.png,I14.png,14,15,4,1.83,0.734,25.80719566345215,0.03852749799989397,0
I14_16_01.png,/kaggle/working/MDFS/data/KADID/extracted/kadid10k/images/I14_16_01.png,I14.png,14,16,1,4.47,0.499,17.975557327270508,0.0404446979991917,0
I14_16_03.png,/kaggle/working/MDFS/data/KADID/extracted/kadid10k/images/I14_16_03.png,I14.png,14,16,3,3.33,0.745,18.244159698486328,0.053515982999670086,0
I14_16_05.png,/kaggle/working/MDFS/data/KADID/extracted/kadid10k/images/I14_16_05.png,I14.png,14,16,5,1.97,0.795,21.111248016357422,0.04778893800084916,0
I14_17_02.png,/kaggle/working/MDFS/data/KADID/extracted/kadid10k/images/I14_17_02.png,I14.png,14,17,2,4.37,0.605,17.86572265625,0.03593056699992303,0
I14_17_04.png,/kaggle/working/MDFS/data/KADID/extracted/kadid10k/images/I14_17_04.png,I14.png,14,17,4,3.27,0.892,17.768714904785156,0.037776914999994915,0
I14_18_01.png,/kaggle/working/MDFS/data/KADID/extracted/kadid10k/images/I14_18_01.png,I14.png,14,18,1,3.6,0.841,18.21236228942871,0.0373501430003671,0
I14_18_03.png,/kaggle/working/MDFS/data/KADID/extracted/kadid10k/images/I14_18_03.png,I14.png,14,18,3,4.67,0.471,17.942007064819336,0.036498467000456,0
I14_18_05.png,/kaggle/working/MDFS/data/KADID/extracted/kadid10k/images/I14_18_05.png,I14.png,14,18,5,4.0,0.632,18.75582504272461,0.037883015999796044,0
I14_19_02.png,/kaggle/working/MDFS/data/KADID/extracted/kadid10k/images/I14_19_02.png,I14.png,14,19,2,4.07,0.772,17.80133056640625,0.038365596999938134,0
I14_19_04.png,/kaggle/working/MDFS/data/KADID/extracted/kadid10k/images/I14_19_04.png,I14.png,14,19,4,2.07,0.727,19.055131912231445,0.03772449600000982,0
I14_20_01.png,/kaggle/working/MDFS/data/KADID/extracted/kadid10k/images/I14_20_01.png,I14.png,14,20,1,4.4,0.712,17.900644302368164,0.037457655000253,0
I14_20_03.png,/kaggle/working/MDFS/data/KADID/extracted/kadid10k/images/I14_20_03.png,I14.png,14,20,3,4.37,0.795,17.821046829223633,0.03684602800058201,0
I14_20_05.png,/kaggle/working/MDFS/data/KADID/extracted/kadid10k/images/I14_20_05.png,I14.png,14,20,5,4.1,1.012,17.88091468811035,0.03708037899923511,0
I14_21_02.png,/kaggle/working/MDFS/data/KADID/extracted/kadid10k/images/I14_21_02.png,I14.png,14,21,2,3.47,1.118,17.84420394897461,0.037991007999153226,0
I14_21_04.png,/kaggle/working/MDFS/data/KADID/extracted/kadid10k/images/I14_21_04.png,I14.png,14,21,4,3.0,0.894,18.742746353149414,0.037299599000107264,0
I14_22_01.png,/kaggle/working/MDFS/data/KADID/extracted/kadid10k/images/I14_22_01.png,I14.png,14,22,1,4.07,0.998,18.671428680419922,0.03791986000032921,0
I14_22_03.png,/kaggle/working/MDFS/data/KADID/extracted/kadid10k/images/I14_22_03.png,I14.png,14,22,3,3.7,0.971,18.617374420166016,0.03743675399982749,0
I14_22_05.png,/kaggle/working/MDFS/data/KADID/extracted/kadid10k/images/I14_22_05.png,I14.png,14,22,5,2.67,1.106,20.1755428314209,0.03667241200037097,0
I14_23_02.png,/kaggle/working/MDFS/data/KADID/extracted/kadid10k/images/I14_23_02.png,I14.png,14,23,2,2.07,0.964,17.865842819213867,0.037255489000017405,0
I14_23_04.png,/kaggle/working/MDFS/data/KADID/extracted/kadid10k/images/I14_23_04.png,I14.png,14,23,4,1.83,0.778,17.74952507019043,0.0370043450002413,0
I14_24_01.png,/kaggle/working/MDFS/data/KADID/extracted/kadid10k/images/I14_24_01.png,I14.png,14,24,1,3.27,1.153,20.06440544128418,0.03841940199981764,0
I14_24_03.png,/kaggle/working/MDFS/data/KADID/extracted/kadid10k/images/I14_24_03.png,I14.png,14,24,3,1.7,0.69,23.765756607055664,0.038062689999605936,0
I14_24_05.png,/kaggle/working/MDFS/data/KADID/extracted/kadid10k/images/I14_24_05.png,I14.png,14,24,5,1.4,0.663,28.139493942260742,0.0411660670006313,0
I14_25_02.png,/kaggle/working/MDFS/data/KADID/extracted/kadid10k/images/I14_25_02.png,I14.png,14,25,2,3.63,0.875,18.250696182250977,0.042771234000611,0
I14_25_04.png,/kaggle/working/MDFS/data/KADID/extracted/kadid10k/images/I14_25_04.png,I14.png,14,25,4,4.03,0.706,18.09172248840332,0.03606512999976985,0
I15_01_01.png,/kaggle/working/MDFS/data/KADID/extracted/kadid10k/images/I15_01_01.png,I15.png,15,1,1,4.63,0.482,17.687185287475586,0.03849096700014343,0
I15_01_03.png,/kaggle/working/MDFS/data/KADID/extracted/kadid10k/images/I15_01_03.png,I15.png,15,1,3,2.43,0.761,20.5467472076416,0.040321358000255714,0
I15_01_05.png,/kaggle/working/MDFS/data/KADID/extracted/kadid10k/images/I15_01_05.png,I15.png,15,1,5,1.23,0.423,38.164466857910156,0.038971635999587306,0
I15_02_02.png,/kaggle/working/MDFS/data/KADID/extracted/kadid10k/images/I15_02_02.png,I15.png,15,2,2,2.1,0.7,22.226503372192383,0.03890718599996035,0
I15_02_04.png,/kaggle/working/MDFS/data/KADID/extracted/kadid10k/images/I15_02_04.png,I15.png,15,2,4,1.33,0.471,25.34265899658203,0.03828272500049934,0
I15_03_01.png,/kaggle/working/MDFS/data/KADID/extracted/kadid10k/images/I15_03_01.png,I15.png,15,3,1,4.6,0.712,17.687185287475586,0.03900900099961291,0
I15_03_03.png,/kaggle/working/MDFS/data/KADID/extracted/kadid10k/images/I15_03_03.png,I15.png,15,3,3,2.0,0.632,20.666915893554688,0.0382465909997336,0
I15_03_05.png,/kaggle/working/MDFS/data/KADID/extracted/kadid10k/images/I15_03_05.png,I15.png,15,3,5,1.33,0.537,22.76182746887207,0.038300746000459185,0
I15_04_02.png,/kaggle/working/MDFS/data/KADID/extracted/kadid10k/images/I15_04_02.png,I15.png,15,4,2,2.4,1.083,18.554344177246094,0.03721010500066768,0
I15_04_04.png,/kaggle/working/MDFS/data/KADID/extracted/kadid10k/images/I15_04_04.png,I15.png,15,4,4,1.9,0.734,19.530717849731445,0.036912683999617,0
I15_05_01.png,/kaggle/working/MDFS/data/KADID/extracted/kadid10k/images/I15_05_01.png,I15.png,15,5,1,4.2,0.872,19.22313690185547,0.03865093300009903,0
I15_05_03.png,/kaggle/working/MDFS/data/KADID/extracted/kadid10k/images/I15_05_03.png,I15.png,15,5,3,1.63,0.605,20.565887451171875,0.03877103200011334,0
I15_05_05.png,/kaggle/working/MDFS/data/KADID/extracted/kadid10k/images/I15_05_05.png,I15.png,15,5,5,1.3,0.64,20.215906143188477,0.03945173700049054,0
I15_06_02.png,/kaggle/working/MDFS/data/KADID/extracted/kadid10k/images/I15_06_02.png,I15.png,15,6,2,3.97,0.795,18.391069412231445,0.037851971999771195,0
I15_06_04.png,/kaggle/working/MDFS/data/KADID/extracted/kadid10k/images/I15_06_04.png,I15.png,15,6,4,3.67,0.907,19.3879451751709,0.03613300600045477,0
I15_07_01.png,/kaggle/working/MDFS/data/KADID/extracted/kadid10k/images/I15_07_01.png,I15.png,15,7,1,3.06,1.014,18.242902755737305,0.038493243999255355,0
I15_07_03.png,/kaggle/working/MDFS/data/KADID/extracted/kadid10k/images/I15_07_03.png,I15.png,15,7,3,2.63,1.048,19.632892608642578,0.03892955900028028,0
I15_07_05.png,/kaggle/working/MDFS/data/KADID/extracted/kadid10k/images/I15_07_05.png,I15.png,15,7,5,2.63,1.08,17.757179260253906,0.03907015400000091,0
I15_08_02.png,/kaggle/working/MDFS/data/KADID/extracted/kadid10k/images/I15_08_02.png,I15.png,15,8,2,3.27,0.892,17.69442367553711,0.038309212999593,0
I15_08_04.png,/kaggle/working/MDFS/data/KADID/extracted/kadid10k/images/I15_08_04.png,I15.png,15,8,4,1.67,0.83,19.13053321838379,0.03851404099987121,0
I15_09_01.png,/kaggle/working/MDFS/data/KADID/extracted/kadid10k/images/I15_09_01.png,I15.png,15,9,1,4.23,0.844,18.725788116455078,0.03801502599981177,0
I15_09_03.png,/kaggle/working/MDFS/data/KADID/extracted/kadid10k/images/I15_09_03.png,I15.png,15,9,3,3.43,0.955,23.320802688598633,0.03839364899977227,0
I15_09_05.png,/kaggle/working/MDFS/data/KADID/extracted/kadid10k/images/I15_09_05.png,I15.png,15,9,5,1.23,0.423,34.8134765625,0.03823678199933056,0
I15_10_02.png,/kaggle/working/MDFS/data/KADID/extracted/kadid10k/images/I15_10_02.png,I15.png,15,10,2,4.2,0.702,19.817962646484375,0.038711145999513974,0
I15_10_04.png,/kaggle/working/MDFS/data/KADID/extracted/kadid10k/images/I15_10_04.png,I15.png,15,10,4,1.77,0.803,26.973726272583008,0.03703973199935717,0
I15_11_01.png,/kaggle/working/MDFS/data/KADID/extracted/kadid10k/images/I15_11_01.png,I15.png,15,11,1,3.83,1.098,18.573001861572266,0.03795975799948792,0
I15_11_03.png,/kaggle/working/MDFS/data/KADID/extracted/kadid10k/images/I15_11_03.png,I15.png,15,11,3,2.8,0.872,20.654525756835938,0.03660665900042659,0
I15_11_05.png,/kaggle/working/MDFS/data/KADID/extracted/kadid10k/images/I15_11_05.png,I15.png,15,11,5,2.3,0.69,24.909212112426758,0.03677729199989699,0
I15_12_02.png,/kaggle/working/MDFS/data/KADID/extracted/kadid10k/images/I15_12_02.png,I15.png,15,12,2,3.8,0.833,19.128480911254883,0.03692722899995715,0
I15_12_04.png,/kaggle/working/MDFS/data/KADID/extracted/kadid10k/images/I15_12_04.png,I15.png,15,12,4,2.63,0.795,22.56927490234375,0.03798112000004039,0
I15_13_01.png,/kaggle/working/MDFS/data/KADID/extracted/kadid10k/images/I15_13_01.png,I15.png,15,13,1,3.9,0.87,18.267717361450195,0.03921752099995501,0
I15_13_03.png,/kaggle/working/MDFS/data/KADID/extracted/kadid10k/images/I15_13_03.png,I15.png,15,13,3,2.4,0.8,19.682437896728516,0.03861928100013756,0
I15_13_05.png,/kaggle/working/MDFS/data/KADID/extracted/kadid10k/images/I15_13_05.png,I15.png,15,13,5,1.7,0.526,24.60258674621582,0.03888105599980918,0
I15_14_02.png,/kaggle/working/MDFS/data/KADID/extracted/kadid10k/images/I15_14_02.png,I15.png,15,14,2,3.27,1.153,19.279542922973633,0.03787739800009149,0
I15_14_04.png,/kaggle/working/MDFS/data/KADID/extracted/kadid10k/images/I15_14_04.png,I15.png,15,14,4,2.63,0.948,22.616392135620117,0.037242580000565795,0
I15_15_01.png,/kaggle/working/MDFS/data/KADID/extracted/kadid10k/images/I15_15_01.png,I15.png,15,15,1,3.53,0.718,19.73858642578125,0.0403162570000859,0
I15_15_03.png,/kaggle/working/MDFS/data/KADID/extracted/kadid10k/images/I15_15_03.png,I15.png,15,15,3,1.93,0.727,23.350526809692383,0.038413514999774634,0
I15_15_05.png,/kaggle/working/MDFS/data/KADID/extracted/kadid10k/images/I15_15_05.png,I15.png,15,15,5,1.4,0.49,26.644943237304688,0.036686306999399676,0
I15_16_02.png,/kaggle/working/MDFS/data/KADID/extracted/kadid10k/images/I15_16_02.png,I15.png,15,16,2,3.77,0.559,17.7938289642334,0.0392478880003182,0
I15_16_04.png,/kaggle/working/MDFS/data/KADID/extracted/kadid10k/images/I15_16_04.png,I15.png,15,16,4,1.73,0.727,20.363380432128906,0.03735011199933069,0
I15_17_01.png,/kaggle/working/MDFS/data/KADID/extracted/kadid10k/images/I15_17_01.png,I15.png,15,17,1,4.43,0.761,17.635940551757812,0.039198786999804724,0
I15_17_03.png,/kaggle/working/MDFS/data/KADID/extracted/kadid10k/images/I15_17_03.png,I15.png,15,17,3,4.1,0.79,17.54427719116211,0.03958662599961826,0
I15_17_05.png,/kaggle/working/MDFS/data/KADID/extracted/kadid10k/images/I15_17_05.png,I15.png,15,17,5,1.97,0.836,19.2131404876709,0.038768297000387975,0
I15_18_02.png,/kaggle/working/MDFS/data/KADID/extracted/kadid10k/images/I15_18_02.png,I15.png,15,18,2,3.87,0.884,17.806076049804688,0.03909590599960211,0
I15_18_04.png,/kaggle/working/MDFS/data/KADID/extracted/kadid10k/images/I15_18_04.png,I15.png,15,18,4,4.37,0.605,17.874719619750977,0.03943851700023515,0
I15_19_01.png,/kaggle/working/MDFS/data/KADID/extracted/kadid10k/images/I15_19_01.png,I15.png,15,19,1,3.93,0.772,17.60234260559082,0.039053640000020096,0
I15_19_03.png,/kaggle/working/MDFS/data/KADID/extracted/kadid10k/images/I15_19_03.png,I15.png,15,19,3,3.03,0.706,18.27998924255371,0.03760901199984801,0
I15_19_05.png,/kaggle/working/MDFS/data/KADID/extracted/kadid10k/images/I15_19_05.png,I15.png,15,19,5,1.27,0.442,23.062793731689453,0.03747128099985275,0
I15_20_02.png,/kaggle/working/MDFS/data/KADID/extracted/kadid10k/images/I15_20_02.png,I15.png,15,20,2,4.2,0.702,17.625638961791992,0.039103647000047204,0
I15_20_04.png,/kaggle/working/MDFS/data/KADID/extracted/kadid10k/images/I15_20_04.png,I15.png,15,20,4,3.9,1.136,17.581178665161133,0.038511819000632386,0
I15_21_01.png,/kaggle/working/MDFS/data/KADID/extracted/kadid10k/images/I15_21_01.png,I15.png,15,21,1,3.43,1.023,17.44996452331543,0.03774788700047793,0
I15_21_03.png,/kaggle/working/MDFS/data/KADID/extracted/kadid10k/images/I15_21_03.png,I15.png,15,21,3,2.57,1.086,18.285720825195312,0.03812875699986762,0
I15_21_05.png,/kaggle/working/MDFS/data/KADID/extracted/kadid10k/images/I15_21_05.png,I15.png,15,21,5,1.17,0.373,28.713451385498047,0.03637407099995471,0
I15_22_02.png,/kaggle/working/MDFS/data/KADID/extracted/kadid10k/images/I15_22_02.png,I15.png,15,22,2,3.57,0.883,17.9606876373291,0.038180794999789214,0
I15_22_04.png,/kaggle/working/MDFS/data/KADID/extracted/kadid10k/images/I15_22_04.png,I15.png,15,22,4,3.7,0.9,18.35535430908203,0.03748381400055223,0
I15_23_01.png,/kaggle/working/MDFS/data/KADID/extracted/kadid10k/images/I15_23_01.png,I15.png,15,23,1,2.5,0.847,17.576557159423828,0.03800017499997921,0
I15_23_03.png,/kaggle/working/MDFS/data/KADID/extracted/kadid10k/images/I15_23_03.png,I15.png,15,23,3,2.27,0.854,17.49028778076172,0.0381795859993872,0
I15_23_05.png,/kaggle/working/MDFS/data/KADID/extracted/kadid10k/images/I15_23_05.png,I15.png,15,23,5,1.93,0.772,17.466432571411133,0.03829030999986571,0
I15_24_02.png,/kaggle/working/MDFS/data/KADID/extracted/kadid10k/images/I15_24_02.png,I15.png,15,24,2,2.1,0.79,21.10479164123535,0.03861403100017924,0
I15_24_04.png,/kaggle/working/MDFS/data/KADID/extracted/kadid10k/images/I15_24_04.png,I15.png,15,24,4,1.57,0.844,24.93712615966797,0.036539600999276445,0
I15_25_01.png,/kaggle/working/MDFS/data/KADID/extracted/kadid10k/images/I15_25_01.png,I15.png,15,25,1,2.97,0.795,19.515626907348633,0.03932320500007336,0
I15_25_03.png,/kaggle/working/MDFS/data/KADID/extracted/kadid10k/images/I15_25_03.png,I15.png,15,25,3,3.63,0.912,17.73914337158203,0.03943718299979082,0
I15_25_05.png,/kaggle/working/MDFS/data/KADID/extracted/kadid10k/images/I15_25_05.png,I15.png,15,25,5,3.2,0.909,17.55347442626953,0.03927767999994103,0
I16_01_02.png,/kaggle/working/MDFS/data/KADID/extracted/kadid10k/images/I16_01_02.png,I16.png,16,1,2,4.3,0.737,17.527990341186523,0.04040975299994898,0
I16_01_04.png,/kaggle/working/MDFS/data/KADID/extracted/kadid10k/images/I16_01_04.png,I16.png,16,1,4,1.4,0.49,31.57628059387207,0.03840534299979481,0
I16_02_01.png,/kaggle/working/MDFS/data/KADID/extracted/kadid10k/images/I16_02_01.png,I16.png,16,2,1,3.4,0.841,18.9329776763916,0.03914608899958694,0
I16_02_03.png,/kaggle/working/MDFS/data/KADID/extracted/kadid10k/images/I16_02_03.png,I16.png,16,2,3,1.33,0.537,27.37528419494629,0.03851056300027267,0
I16_02_05.png,/kaggle/working/MDFS/data/KADID/extracted/kadid10k/images/I16_02_05.png,I16.png,16,2,5,1.33,0.471,32.471343994140625,0.03734880499996507,0
I16_03_02.png,/kaggle/working/MDFS/data/KADID/extracted/kadid10k/images/I16_03_02.png,I16.png,16,3,2,3.47,0.846,18.787403106689453,0.037742845000138914,0
I16_03_04.png,/kaggle/working/MDFS/data/KADID/extracted/kadid10k/images/I16_03_04.png,I16.png,16,3,4,1.63,0.547,23.661293029785156,0.03743903400027193,0
I16_04_01.png,/kaggle/working/MDFS/data/KADID/extracted/kadid10k/images/I16_04_01.png,I16.png,16,4,1,4.4,0.841,18.513595581054688,0.037118617000487575,0
I16_04_03.png,/kaggle/working/MDFS/data/KADID/extracted/kadid10k/images/I16_04_03.png,I16.png,16,4,3,1.2,0.476,22.930267333984375,0.03696215299987671,0
I16_04_05.png,/kaggle/working/MDFS/data/KADID/extracted/kadid10k/images/I16_04_05.png,I16.png,16,4,5,1.07,0.249,27.757173538208008,0.037101728999914485,0
I16_05_02.png,/kaggle/working/MDFS/data/KADID/extracted/kadid10k/images/I16_05_02.png,I16.png,16,5,2,1.58,0.794,19.422319412231445,0.038372377999621676,0
I16_05_04.png,/kaggle/working/MDFS/data/KADID/extracted/kadid10k/images/I16_05_04.png,I16.png,16,5,4,1.17,0.373,18.68808364868164,0.03826126499916427,0
I16_06_01.png,/kaggle/working/MDFS/data/KADID/extracted/kadid10k/images/I16_06_01.png,I16.png,16,6,1,4.0,1.065,18.559436798095703,0.03525081400039198,0
I16_06_03.png,/kaggle/working/MDFS/data/KADID/extracted/kadid10k/images/I16_06_03.png,I16.png,16,6,3,3.97,0.875,19.266231536865234,0.03499240499968437,0
I16_06_05.png,/kaggle/working/MDFS/data/KADID/extracted/kadid10k/images/I16_06_05.png,I16.png,16,6,5,2.16,0.627,21.91126251220703,0.03526341399992816,0
I16_07_02.png,/kaggle/working/MDFS/data/KADID/extracted/kadid10k/images/I16_07_02.png,I16.png,16,7,2,2.13,1.056,17.8416805267334,0.03946507799992105,0
I16_07_04.png,/kaggle/working/MDFS/data/KADID/extracted/kadid10k/images/I16_07_04.png,I16.png,16,7,4,2.07,1.062,22.414127349853516,0.037029074000201945,0
I16_08_01.png,/kaggle/working/MDFS/data/KADID/extracted/kadid10k/images/I16_08_01.png,I16.png,16,8,1,4.7,0.586,17.553997039794922,0.03811086699988664,0
I16_08_03.png,/kaggle/working/MDFS/data/KADID/extracted/kadid10k/images/I16_08_03.png,I16.png,16,8,3,2.07,0.998,20.540937423706055,0.037099094999575755,0
I16_08_05.png,/kaggle/working/MDFS/data/KADID/extracted/kadid10k/images/I16_08_05.png,I16.png,16,8,5,1.07,0.249,24.746706008911133,0.03671898400079954,0
I16_09_02.png,/kaggle/working/MDFS/data/KADID/extracted/kadid10k/images/I16_09_02.png,I16.png,16,9,2,4.23,0.716,20.96172523498535,0.037782293999953254,0
I16_09_04.png,/kaggle/working/MDFS/data/KADID/extracted/kadid10k/images/I16_09_04.png,I16.png,16,9,4,1.61,0.6,27.94279670715332,0.03885301500031346,0
I16_10_01.png,/kaggle/working/MDFS/data/KADID/extracted/kadid10k/images/I16_10_01.png,I16.png,16,10,1,4.0,0.816,19.60746192932129,0.03851674100042146,0
I16_10_03.png,/kaggle/working/MDFS/data/KADID/extracted/kadid10k/images/I16_10_03.png,I16.png,16,10,3,3.9,0.651,21.551815032958984,0.03842517500015674,0
I16_10_05.png,/kaggle/working/MDFS/data/KADID/extracted/kadid10k/images/I16_10_05.png,I16.png,16,10,5,1.4,0.611,29.838958740234375,0.036921794000591035,0
I16_11_02.png,/kaggle/working/MDFS/data/KADID/extracted/kadid10k/images/I16_11_02.png,I16.png,16,11,2,3.17,0.82,19.574920654296875,0.03779540100003942,0
I16_11_04.png,/kaggle/working/MDFS/data/KADID/extracted/kadid10k/images/I16_11_04.png,I16.png,16,11,4,2.19,0.534,21.380544662475586,0.037049497999760206,0
I16_12_01.png,/kaggle/working/MDFS/data/KADID/extracted/kadid10k/images/I16_12_01.png,I16.png,16,12,1,4.5,0.671,18.010143280029297,0.03791837100015982,0
I16_12_03.png,/kaggle/working/MDFS/data/KADID/extracted/kadid10k/images/I16_12_03.png,I16.png,16,12,3,3.13,0.751,19.97480583190918,0.03695695199985494,0
I16_12_05.png,/kaggle/working/MDFS/data/KADID/extracted/kadid10k/images/I16_12_05.png,I16.png,16,12,5,2.47,0.806,22.994617462158203,0.03872744199998124,0
I16_13_02.png,/kaggle/working/MDFS/data/KADID/extracted/kadid10k/images/I16_13_02.png,I16.png,16,13,2,2.73,0.68,18.74297332763672,0.03942079299940815,0
I16_13_04.png,/kaggle/working/MDFS/data/KADID/extracted/kadid10k/images/I16_13_04.png,I16.png,16,13,4,2.07,0.772,22.053394317626953,0.03935661700052151,0
I16_14_01.png,/kaggle/working/MDFS/data/KADID/extracted/kadid10k/images/I16_14_01.png,I16.png,16,14,1,4.2,0.653,17.652563095092773,0.03950273000009474,0
I16_14_03.png,/kaggle/working/MDFS/data/KADID/extracted/kadid10k/images/I16_14_03.png,I16.png,16,14,3,3.23,0.803,18.195470809936523,0.038803788000222994,0
I16_14_05.png,/kaggle/working/MDFS/data/KADID/extracted/kadid10k/images/I16_14_05.png,I16.png,16,14,5,1.9,0.79,20.21617889404297,0.03730735299996013,0
I16_15_02.png,/kaggle/working/MDFS/data/KADID/extracted/kadid10k/images/I16_15_02.png,I16.png,16,15,2,2.4,0.712,21.12825584411621,0.03880677300003299,0
I16_15_04.png,/kaggle/working/MDFS/data/KADID/extracted/kadid10k/images/I16_15_04.png,I16.png,16,15,4,1.23,0.496,24.0770206451416,0.03765238399955706,0
I16_16_01.png,/kaggle/working/MDFS/data/KADID/extracted/kadid10k/images/I16_16_01.png,I16.png,16,16,1,4.37,0.706,17.604156494140625,0.03876981299981708,0
I16_16_03.png,/kaggle/working/MDFS/data/KADID/extracted/kadid10k/images/I16_16_03.png,I16.png,16,16,3,3.87,0.907,17.79209327697754,0.03942713300057221,0
I16_16_05.png,/kaggle/working/MDFS/data/KADID/extracted/kadid10k/images/I16_16_05.png,I16.png,16,16,5,2.0,0.816,19.12013816833496,0.03788237099979597,0
I16_17_02.png,/kaggle/working/MDFS/data/KADID/extracted/kadid10k/images/I16_17_02.png,I16.png,16,17,2,4.57,0.496,17.53757095336914,0.03774685699954716,0
I16_17_04.png,/kaggle/working/MDFS/data/KADID/extracted/kadid10k/images/I16_17_04.png,I16.png,16,17,4,3.67,0.869,18.07406997680664,0.03817914100000053,0
I16_18_01.png,/kaggle/working/MDFS/data/KADID/extracted/kadid10k/images/I16_18_01.png,I16.png,16,18,1,4.47,0.67,18.01474952697754,0.03916413999922952,0
I16_18_03.png,/kaggle/working/MDFS/data/KADID/extracted/kadid10k/images/I16_18_03.png,I16.png,16,18,3,4.43,0.667,17.553997039794922,0.03947206700013339,0
I16_18_05.png,/kaggle/working/MDFS/data/KADID/extracted/kadid10k/images/I16_18_05.png,I16.png,16,18,5,3.93,0.727,18.849637985229492,0.03816795500006265,0
I16_19_02.png,/kaggle/working/MDFS/data/KADID/extracted/kadid10k/images/I16_19_02.png,I16.png,16,19,2,3.6,0.841,17.04943084716797,0.03822295000009035,0
I16_19_04.png,/kaggle/working/MDFS/data/KADID/extracted/kadid10k/images/I16_19_04.png,I16.png,16,19,4,1.57,0.616,19.185129165649414,0.03735804799998732,0
I16_20_01.png,/kaggle/working/MDFS/data/KADID/extracted/kadid10k/images/I16_20_01.png,I16.png,16,20,1,4.39,0.704,17.566650390625,0.03820954599996185,0
I16_20_03.png,/kaggle/working/MDFS/data/KADID/extracted/kadid10k/images/I16_20_03.png,I16.png,16,20,3,4.43,0.667,17.48859405517578,0.03749414100002468,0
I16_20_05.png,/kaggle/working/MDFS/data/KADID/extracted/kadid10k/images/I16_20_05.png,I16.png,16,20,5,3.7,0.971,17.714405059814453,0.03830504100005783,0
I16_21_02.png,/kaggle/working/MDFS/data/KADID/extracted/kadid10k/images/I16_21_02.png,I16.png,16,21,2,3.3,0.9,18.02717399597168,0.03717061399947852,0
I16_21_04.png,/kaggle/working/MDFS/data/KADID/extracted/kadid10k/images/I16_21_04.png,I16.png,16,21,4,3.53,1.231,19.310956954956055,0.0374440859995957,0
I16_22_01.png,/kaggle/working/MDFS/data/KADID/extracted/kadid10k/images/I16_22_01.png,I16.png,16,22,1,4.03,0.875,18.13962173461914,0.038672833000418905,0
I16_22_03.png,/kaggle/working/MDFS/data/KADID/extracted/kadid10k/images/I16_22_03.png,I16.png,16,22,3,2.9,1.012,18.432743072509766,0.03733255299994198,0
I16_22_05.png,/kaggle/working/MDFS/data/KADID/extracted/kadid10k/images/I16_22_05.png,I16.png,16,22,5,2.53,0.921,19.719722747802734,0.03642091200072173,0
I16_23_02.png,/kaggle/working/MDFS/data/KADID/extracted/kadid10k/images/I16_23_02.png,I16.png,16,23,2,2.47,0.884,17.436594009399414,0.038931498999772884,0
I16_23_04.png,/kaggle/working/MDFS/data/KADID/extracted/kadid10k/images/I16_23_04.png,I16.png,16,23,4,1.87,0.806,17.52638816833496,0.038046533999477106,0
I16_24_01.png,/kaggle/working/MDFS/data/KADID/extracted/kadid10k/images/I16_24_01.png,I16.png,16,24,1,3.43,0.989,19.348791122436523,0.038525367000147526,0
I16_24_03.png,/kaggle/working/MDFS/data/KADID/extracted/kadid10k/images/I16_24_03.png,I16.png,16,24,3,1.93,0.629,21.891124725341797,0.03861723000045458,0
I16_24_05.png,/kaggle/working/MDFS/data/KADID/extracted/kadid10k/images/I16_24_05.png,I16.png,16,24,5,1.2,0.4,26.58315658569336,0.03692773800048599,0
I16_25_02.png,/kaggle/working/MDFS/data/KADID/extracted/kadid10k/images/I16_25_02.png,I16.png,16,25,2,3.5,0.806,18.68144416809082,0.039241391999894404,0
I16_25_04.png,/kaggle/working/MDFS/data/KADID/extracted/kadid10k/images/I16_25_04.png,I16.png,16,25,4,4.17,0.969,17.419557571411133,0.03980117900027835,0
I17_01_01.png,/kaggle/working/MDFS/data/KADID/extracted/kadid10k/images/I17_01_01.png,I17.png,17,1,1,4.73,0.442,17.72684097290039,0.04120433200023399,0
I17_01_03.png,/kaggle/working/MDFS/data/KADID/extracted/kadid10k/images/I17_01_03.png,I17.png,17,1,3,2.73,0.772,20.469091415405273,0.03892980899945542,0
I17_01_05.png,/kaggle/working/MDFS/data/KADID/extracted/kadid10k/images/I17_01_05.png,I17.png,17,1,5,1.07,0.249,39.66825485229492,0.03831095599980472,0
I17_02_02.png,/kaggle/working/MDFS/data/KADID/extracted/kadid10k/images/I17_02_02.png,I17.png,17,2,2,2.07,0.772,21.762754440307617,0.038270302999990236,0
I17_02_04.png,/kaggle/working/MDFS/data/KADID/extracted/kadid10k/images/I17_02_04.png,I17.png,17,2,4,1.2,0.476,26.69087791442871,0.037975825000103214,0
I17_03_01.png,/kaggle/working/MDFS/data/KADID/extracted/kadid10k/images/I17_03_01.png,I17.png,17,3,1,4.61,0.487,17.72684097290039,0.039122227000007115,0
I17_03_03.png,/kaggle/working/MDFS/data/KADID/extracted/kadid10k/images/I17_03_03.png,I17.png,17,3,3,2.27,0.772,22.01613426208496,0.038991622000139614,0
I17_03_05.png,/kaggle/working/MDFS/data/KADID/extracted/kadid10k/images/I17_03_05.png,I17.png,17,3,5,1.47,0.499,23.431921005249023,0.03850686499936273,0
I17_04_02.png,/kaggle/working/MDFS/data/KADID/extracted/kadid10k/images/I17_04_02.png,I17.png,17,4,2,2.47,1.087,20.117067337036133,0.039848338999945554,0
I17_04_04.png,/kaggle/working/MDFS/data/KADID/extracted/kadid10k/images/I17_04_04.png,I17.png,17,4,4,1.57,0.716,22.52128791809082,0.03837166299945238,0
I17_05_01.png,/kaggle/working/MDFS/data/KADID/extracted/kadid10k/images/I17_05_01.png,I17.png,17,5,1,3.2,0.702,19.29743766784668,0.039547430999846256,0
I17_05_03.png,/kaggle/working/MDFS/data/KADID/extracted/kadid10k/images/I17_05_03.png,I17.png,17,5,3,1.5,0.563,19.80336570739746,0.03983548399992287,0
I17_05_05.png,/kaggle/working/MDFS/data/KADID/extracted/kadid10k/images/I17_05_05.png,I17.png,17,5,5,1.6,0.712,19.174623489379883,0.04055677300038951,0
I17_06_02.png,/kaggle/working/MDFS/data/KADID/extracted/kadid10k/images/I17_06_02.png,I17.png,17,6,2,4.8,0.4,18.407981872558594,0.03871680900010688,0
I17_06_04.png,/kaggle/working/MDFS/data/KADID/extracted/kadid10k/images/I17_06_04.png,I17.png,17,6,4,4.17,0.778,19.366798400878906,0.038020130000404606,0
I17_07_01.png,/kaggle/working/MDFS/data/KADID/extracted/kadid10k/images/I17_07_01.png,I17.png,17,7,1,2.5,0.957,18.461042404174805,0.04118421499970282,0
I17_07_03.png,/kaggle/working/MDFS/data/KADID/extracted/kadid10k/images/I17_07_03.png,I17.png,17,7,3,2.33,1.043,19.911251068115234,0.03990938499919139,0
I17_07_05.png,/kaggle/working/MDFS/data/KADID/extracted/kadid10k/images/I17_07_05.png,I17.png,17,7,5,1.83,0.898,20.697921752929688,0.040005904999816266,0
I17_08_02.png,/kaggle/working/MDFS/data/KADID/extracted/kadid10k/images/I17_08_02.png,I17.png,17,8,2,2.9,0.978,18.788421630859375,0.04081112200037751,0
I17_08_04.png,/kaggle/working/MDFS/data/KADID/extracted/kadid10k/images/I17_08_04.png,I17.png,17,8,4,1.43,0.667,21.562326431274414,0.04062817100020766,0
I17_09_01.png,/kaggle/working/MDFS/data/KADID/extracted/kadid10k/images/I17_09_01.png,I17.png,17,9,1,4.67,0.471,18.94477081298828,0.04063507299997582,0
I17_09_03.png,/kaggle/working/MDFS/data/KADID/extracted/kadid10k/images/I17_09_03.png,I17.png,17,9,3,2.63,1.048,24.491697311401367,0.04024216100060585,0
I17_09_05.png,/kaggle/working/MDFS/data/KADID/extracted/kadid10k/images/I17_09_05.png,I17.png,17,9,5,1.13,0.34,37.61555862426758,0.03915738599971519,0
I17_10_02.png,/kaggle/working/MDFS/data/KADID/extracted/kadid10k/images/I17_10_02.png,I17.png,17,10,2,4.43,0.667,19.183364868164062,0.03987052499996935,0
I17_10_04.png,/kaggle/working/MDFS/data/KADID/extracted/kadid10k/images/I17_10_04.png,I17.png,17,10,4,2.47,0.957,26.075958251953125,0.039642572999582626,0
I17_11_01.png,/kaggle/working/MDFS/data/KADID/extracted/kadid10k/images/I17_11_01.png,I17.png,17,11,1,4.5,0.563,18.351299285888672,0.039836801999626914,0
I17_11_03.png,/kaggle/working/MDFS/data/KADID/extracted/kadid10k/images/I17_11_03.png,I17.png,17,11,3,4.2,0.833,19.530649185180664,0.04012139099995693,0
I17_11_05.png,/kaggle/working/MDFS/data/KADID/extracted/kadid10k/images/I17_11_05.png,I17.png,17,11,5,2.87,0.957,22.456331253051758,0.03882547800003522,0
I17_12_02.png,/kaggle/working/MDFS/data/KADID/extracted/kadid10k/images/I17_12_02.png,I17.png,17,12,2,4.63,0.657,18.538318634033203,0.03918415699990874,0
I17_12_04.png,/kaggle/working/MDFS/data/KADID/extracted/kadid10k/images/I17_12_04.png,I17.png,17,12,4,3.7,0.69,20.669706344604492,0.03797258000031434,0
I17_13_01.png,/kaggle/working/MDFS/data/KADID/extracted/kadid10k/images/I17_13_01.png,I17.png,17,13,1,4.07,0.892,17.701587677001953,0.04020381899954373,0
I17_13_03.png,/kaggle/working/MDFS/data/KADID/extracted/kadid10k/images/I17_13_03.png,I17.png,17,13,3,2.93,0.892,18.69644546508789,0.039743799999996554,0
I17_13_05.png,/kaggle/working/MDFS/data/KADID/extracted/kadid10k/images/I17_13_05.png,I17.png,17,13,5,2.4,0.841,21.902782440185547,0.039470607999646745,0
I17_14_02.png,/kaggle/working/MDFS/data/KADID/extracted/kadid10k/images/I17_14_02.png,I17.png,17,14,2,4.7,0.458,18.101167678833008,0.04009112699986872,0
I17_14_04.png,/kaggle/working/MDFS/data/KADID/extracted/kadid10k/images/I17_14_04.png,I17.png,17,14,4,4.03,0.752,19.362987518310547,0.03831430500031274,0
I17_15_01.png,/kaggle/working/MDFS/data/KADID/extracted/kadid10k/images/I17_15_01.png,I17.png,17,15,1,3.67,0.789,18.890573501586914,0.04114990099969873,0
I17_15_03.png,/kaggle/working/MDFS/data/KADID/extracted/kadid10k/images/I17_15_03.png,I17.png,17,15,3,2.63,0.795,21.133657455444336,0.040731187000346836,0
I17_15_05.png,/kaggle/working/MDFS/data/KADID/extracted/kadid10k/images/I17_15_05.png,I17.png,17,15,5,1.5,0.563,24.333486557006836,0.037711068999669806,0
I17_16_02.png,/kaggle/working/MDFS/data/KADID/extracted/kadid10k/images/I17_16_02.png,I17.png,17,16,2,4.4,0.8,17.80568504333496,0.039666773000135436,0
I17_16_04.png,/kaggle/working/MDFS/data/KADID/extracted/kadid10k/images/I17_16_04.png,I17.png,17,16,4,2.47,0.846,19.048898696899414,0.03935016299965355,0
I17_17_01.png,/kaggle/working/MDFS/data/KADID/extracted/kadid10k/images/I17_17_01.png,I17.png,17,17,1,4.53,0.499,17.733646392822266,0.03897041500022169,0
I17_17_03.png,/kaggle/working/MDFS/data/KADID/extracted/kadid10k/images/I17_17_03.png,I17.png,17,17,3,4.33,0.537,17.8601016998291,0.03916941399984353,0
I17_17_05.png,/kaggle/working/MDFS/data/KADID/extracted/kadid10k/images/I17_17_05.png,I17.png,17,17,5,1.83,0.934,21.57019805908203,0.03863386699958937,0
I17_18_02.png,/kaggle/working/MDFS/data/KADID/extracted/kadid10k/images/I17_18_02.png,I17.png,17,18,2,4.43,0.803,17.919254302978516,0.040126840000084485,0
I17_18_04.png,/kaggle/working/MDFS/data/KADID/extracted/kadid10k/images/I17_18_04.png,I17.png,17,18,4,4.17,0.687,18.212556838989258,0.04156146599962085,0
I17_19_01.png,/kaggle/working/MDFS/data/KADID/extracted/kadid10k/images/I17_19_01.png,I17.png,17,19,1,4.1,0.473,17.494749069213867,0.04052339600002597,0
I17_19_03.png,/kaggle/working/MDFS/data/KADID/extracted/kadid10k/images/I17_19_03.png,I17.png,17,19,3,2.8,0.792,17.77558708190918,0.037601301999529824,0
I17_19_05.png,/kaggle/working/MDFS/data/KADID/extracted/kadid10k/images/I17_19_05.png,I17.png,17,19,5,1.23,0.496,24.920127868652344,0.03835532199991576,0
I17_20_02.png,/kaggle/working/MDFS/data/KADID/extracted/kadid10k/images/I17_20_02.png,I17.png,17,20,2,4.57,0.716,17.67047882080078,0.04020601799948054,0
I17_20_04.png,/kaggle/working/MDFS/data/KADID/extracted/kadid10k/images/I17_20_04.png,I17.png,17,20,4,4.6,0.554,17.631999969482422,0.040671933999874454,0
I17_21_01.png,/kaggle/working/MDFS/data/KADID/extracted/kadid10k/images/I17_21_01.png,I17.png,17,21,1,4.13,0.718,17.479036331176758,0.03984383599981811,0
I17_21_03.png,/kaggle/working/MDFS/data/KADID/extracted/kadid10k/images/I17_21_03.png,I17.png,17,21,3,2.8,1.013,18.520185470581055,0.039324992999354436,0
I17_21_05.png,/kaggle/working/MDFS/data/KADID/extracted/kadid10k/images/I17_21_05.png,I17.png,17,21,5,1.13,0.34,32.57651901245117,0.03697575699970912,0
I17_22_02.png,/kaggle/working/MDFS/data/KADID/extracted/kadid10k/images/I17_22_02.png,I17.png,17,22,2,4.57,0.559,18.01276397705078,0.0400281209995228,0
I17_22_04.png,/kaggle/working/MDFS/data/KADID/extracted/kadid10k/images/I17_22_04.png,I17.png,17,22,4,4.6,0.49,18.482019424438477,0.03997756900025706,0
I17_23_01.png,/kaggle/working/MDFS/data/KADID/extracted/kadid10k/images/I17_23_01.png,I17.png,17,23,1,2.93,0.964,17.746517181396484,0.04077879100077553,0
I17_23_03.png,/kaggle/working/MDFS/data/KADID/extracted/kadid10k/images/I17_23_03.png,I17.png,17,23,3,2.5,0.957,17.733686447143555,0.03951533500003279,0
I17_23_05.png,/kaggle/working/MDFS/data/KADID/extracted/kadid10k/images/I17_23_05.png,I17.png,17,23,5,2.32,0.857,17.671560287475586,0.039977160000489675,0
I17_24_02.png,/kaggle/working/MDFS/data/KADID/extracted/kadid10k/images/I17_24_02.png,I17.png,17,24,2,2.33,0.745,23.488037109375,0.03874026599987701,0
I17_24_04.png,/kaggle/working/MDFS/data/KADID/extracted/kadid10k/images/I17_24_04.png,I17.png,17,24,4,1.33,0.65,27.874927520751953,0.03542692600058217,0
I17_25_01.png,/kaggle/working/MDFS/data/KADID/extracted/kadid10k/images/I17_25_01.png,I17.png,17,25,1,3.4,0.917,19.6433048248291,0.03897631800009549,0
I17_25_03.png,/kaggle/working/MDFS/data/KADID/extracted/kadid10k/images/I17_25_03.png,I17.png,17,25,3,4.33,0.537,18.148906707763672,0.03864710699963325,0
I17_25_05.png,/kaggle/working/MDFS/data/KADID/extracted/kadid10k/images/I17_25_05.png,I17.png,17,25,5,3.4,0.987,17.581064224243164,0.038365629000509216,0
I18_01_02.png,/kaggle/working/MDFS/data/KADID/extracted/kadid10k/images/I18_01_02.png,I18.png,18,1,2,4.23,0.667,17.771331787109375,0.03616756100018392,0
I18_01_04.png,/kaggle/working/MDFS/data/KADID/extracted/kadid10k/images/I18_01_04.png,I18.png,18,1,4,1.77,0.496,29.59881019592285,0.03781759100002091,0
I18_02_01.png,/kaggle/working/MDFS/data/KADID/extracted/kadid10k/images/I18_02_01.png,I18.png,18,2,1,3.7,0.586,18.871219635009766,0.03788270299992291,0
I18_02_03.png,/kaggle/working/MDFS/data/KADID/extracted/kadid10k/images/I18_02_03.png,I18.png,18,2,3,1.53,0.562,26.336421966552734,0.03734659800011286,0
I18_02_05.png,/kaggle/working/MDFS/data/KADID/extracted/kadid10k/images/I18_02_05.png,I18.png,18,2,5,1.43,0.559,30.286392211914062,0.0365905250000651,0
I18_03_02.png,/kaggle/working/MDFS/data/KADID/extracted/kadid10k/images/I18_03_02.png,I18.png,18,3,2,3.97,0.795,19.10845184326172,0.03559816100005264,0
I18_03_04.png,/kaggle/working/MDFS/data/KADID/extracted/kadid10k/images/I18_03_04.png,I18.png,18,3,4,2.33,0.978,20.87928581237793,0.036096834000090894,0
I18_04_01.png,/kaggle/working/MDFS/data/KADID/extracted/kadid10k/images/I18_04_01.png,I18.png,18,4,1,4.4,0.554,18.070371627807617,0.03760738299934019,0
I18_04_03.png,/kaggle/working/MDFS/data/KADID/extracted/kadid10k/images/I18_04_03.png,I18.png,18,4,3,1.43,0.667,21.134742736816406,0.03595715600022231,0
I18_04_05.png,/kaggle/working/MDFS/data/KADID/extracted/kadid10k/images/I18_04_05.png,I18.png,18,4,5,1.43,0.716,22.988723754882812,0.034615512000527815,0
I18_05_02.png,/kaggle/working/MDFS/data/KADID/extracted/kadid10k/images/I18_05_02.png,I18.png,18,5,2,2.1,0.87,20.096393585205078,0.035495873000400024,0
I18_05_04.png,/kaggle/working/MDFS/data/KADID/extracted/kadid10k/images/I18_05_04.png,I18.png,18,5,4,1.57,0.616,19.152585983276367,0.036867765999886615,0
I18_06_01.png,/kaggle/working/MDFS/data/KADID/extracted/kadid10k/images/I18_06_01.png,I18.png,18,6,1,3.97,0.752,19.425363540649414,0.03731707299994014,0
I18_06_03.png,/kaggle/working/MDFS/data/KADID/extracted/kadid10k/images/I18_06_03.png,I18.png,18,6,3,3.1,1.012,19.943674087524414,0.03608657499989931,0
I18_06_05.png,/kaggle/working/MDFS/data/KADID/extracted/kadid10k/images/I18_06_05.png,I18.png,18,6,5,2.0,0.683,22.82513999938965,0.03426596600002085,0
I18_07_02.png,/kaggle/working/MDFS/data/KADID/extracted/kadid10k/images/I18_07_02.png,I18.png,18,7,2,2.13,0.884,18.362443923950195,0.03642207699977007,0
I18_07_04.png,/kaggle/working/MDFS/data/KADID/extracted/kadid10k/images/I18_07_04.png,I18.png,18,7,4,2.03,0.752,21.678653717041016,0.03627655899981619,0
I18_08_01.png,/kaggle/working/MDFS/data/KADID/extracted/kadid10k/images/I18_08_01.png,I18.png,18,8,1,4.3,0.64,17.913131713867188,0.03761342800044076,0
I18_08_03.png,/kaggle/working/MDFS/data/KADID/extracted/kadid10k/images/I18_08_03.png,I18.png,18,8,3,2.7,0.781,20.08310890197754,0.03713843600053224,0
I18_08_05.png,/kaggle/working/MDFS/data/KADID/extracted/kadid10k/images/I18_08_05.png,I18.png,18,8,5,1.37,0.482,23.006412506103516,0.03481630800069979,0
I18_09_02.png,/kaggle/working/MDFS/data/KADID/extracted/kadid10k/images/I18_09_02.png,I18.png,18,9,2,4.43,0.496,18.92787742614746,0.035212335999858624,0
I18_09_04.png,/kaggle/working/MDFS/data/KADID/extracted/kadid10k/images/I18_09_04.png,I18.png,18,9,4,2.97,0.983,24.002071380615234,0.03698961900045106,0
I18_10_01.png,/kaggle/working/MDFS/data/KADID/extracted/kadid10k/images/I18_10_01.png,I18.png,18,10,1,4.07,0.772,20.15091896057129,0.0371798320002199,0
I18_10_03.png,/kaggle/working/MDFS/data/KADID/extracted/kadid10k/images/I18_10_03.png,I18.png,18,10,3,3.1,0.79,22.24288558959961,0.03585791799923754,0
I18_10_05.png,/kaggle/working/MDFS/data/KADID/extracted/kadid10k/images/I18_10_05.png,I18.png,18,10,5,1.17,0.373,35.07403564453125,0.03452210500017827,0
I18_11_02.png,/kaggle/working/MDFS/data/KADID/extracted/kadid10k/images/I18_11_02.png,I18.png,18,11,2,3.17,0.86,22.30199432373047,0.036231854999641655,0
I18_11_04.png,/kaggle/working/MDFS/data/KADID/extracted/kadid10k/images/I18_11_04.png,I18.png,18,11,4,2.5,0.719,24.96449089050293,0.037259068999446754,0
I18_12_01.png,/kaggle/working/MDFS/data/KADID/extracted/kadid10k/images/I18_12_01.png,I18.png,18,12,1,3.97,0.795,19.302776336669922,0.037588185999993584,0
I18_12_03.png,/kaggle/working/MDFS/data/KADID/extracted/kadid10k/images/I18_12_03.png,I18.png,18,12,3,2.6,0.712,22.952621459960938,0.037116851000064344,0
I18_12_05.png,/kaggle/working/MDFS/data/KADID/extracted/kadid10k/images/I18_12_05.png,I18.png,18,12,5,2.03,0.795,26.477840423583984,0.03715616299996327,0
I18_13_02.png,/kaggle/working/MDFS/data/KADID/extracted/kadid10k/images/I18_13_02.png,I18.png,18,13,2,2.87,0.921,23.0246524810791,0.03614044499954616,0
I18_13_04.png,/kaggle/working/MDFS/data/KADID/extracted/kadid10k/images/I18_13_04.png,I18.png,18,13,4,2.07,0.772,24.01673698425293,0.03681930599941552,0
I18_14_01.png,/kaggle/working/MDFS/data/KADID/extracted/kadid10k/images/I18_14_01.png,I18.png,18,14,1,4.07,0.814,19.524198532104492,0.03746758600027533,0
I18_14_03.png,/kaggle/working/MDFS/data/KADID/extracted/kadid10k/images/I18_14_03.png,I18.png,18,14,3,2.67,0.869,22.530677795410156,0.03767897799934872,0
I18_14_05.png,/kaggle/working/MDFS/data/KADID/extracted/kadid10k/images/I18_14_05.png,I18.png,18,14,5,1.93,0.629,27.62835693359375,0.037791392999679374,0
I18_15_02.png,/kaggle/working/MDFS/data/KADID/extracted/kadid10k/images/I18_15_02.png,I18.png,18,15,2,2.47,0.67,22.70065689086914,0.03687955700024759,0
I18_15_04.png,/kaggle/working/MDFS/data/KADID/extracted/kadid10k/images/I18_15_04.png,I18.png,18,15,4,1.5,0.619,25.471681594848633,0.03605805999995937,0
I18_16_01.png,/kaggle/working/MDFS/data/KADID/extracted/kadid10k/images/I18_16_01.png,I18.png,18,16,1,4.43,0.716,17.92597198486328,0.03657835300055012,0
I18_16_03.png,/kaggle/working/MDFS/data/KADID/extracted/kadid10k/images/I18_16_03.png,I18.png,18,16,3,4.07,0.442,18.190921783447266,0.03694992700002331,0
I18_16_05.png,/kaggle/working/MDFS/data/KADID/extracted/kadid10k/images/I18_16_05.png,I18.png,18,16,5,2.17,0.82,23.4040470123291,0.03647822399943834,0
I18_17_02.png,/kaggle/working/MDFS/data/KADID/extracted/kadid10k/images/I18_17_02.png,I18.png,18,17,2,4.3,0.586,17.893518447875977,0.03764052899987291,0
I18_17_04.png,/kaggle/working/MDFS/data/KADID/extracted/kadid10k/images/I18_17_04.png,I18.png,18,17,4,3.7,0.737,17.986526489257812,0.039257908000763564,0
I18_18_01.png,/kaggle/working/MDFS/data/KADID/extracted/kadid10k/images/I18_18_01.png,I18.png,18,18,1,4.27,0.512,18.11663246154785,0.05294113099989772,0
I18_18_03.png,/kaggle/working/MDFS/data/KADID/extracted/kadid10k/images/I18_18_03.png,I18.png,18,18,3,4.45,0.614,17.913131713867188,0.03521414100032416,0
I18_18_05.png,/kaggle/working/MDFS/data/KADID/extracted/kadid10k/images/I18_18_05.png,I18.png,18,18,5,3.77,0.94,18.0078067779541,0.037097166999956244,0
I18_19_02.png,/kaggle/working/MDFS/data/KADID/extracted/kadid10k/images/I18_19_02.png,I18.png,18,19,2,4.27,0.68,17.729999542236328,0.03806787699977576,0
I18_19_04.png,/kaggle/working/MDFS/data/KADID/extracted/kadid10k/images/I18_19_04.png,I18.png,18,19,4,2.1,0.831,19.108230590820312,0.03767345100004604,0
I18_20_01.png,/kaggle/working/MDFS/data/KADID/extracted/kadid10k/images/I18_20_01.png,I18.png,18,20,1,4.33,0.699,17.841548919677734,0.04426437399979477,0
I18_20_03.png,/kaggle/working/MDFS/data/KADID/extracted/kadid10k/images/I18_20_03.png,I18.png,18,20,3,4.17,0.778,17.77007293701172,0.04923152999981539,0
I18_20_05.png,/kaggle/working/MDFS/data/KADID/extracted/kadid10k/images/I18_20_05.png,I18.png,18,20,5,4.1,0.907,17.696683883666992,0.040824882999913825,0
I18_21_02.png,/kaggle/working/MDFS/data/KADID/extracted/kadid10k/images/I18_21_02.png,I18.png,18,21,2,3.07,1.093,17.963130950927734,0.03533177799999976,0
I18_21_04.png,/kaggle/working/MDFS/data/KADID/extracted/kadid10k/images/I18_21_04.png,I18.png,18,21,4,2.9,1.075,18.531780242919922,0.03660704599951714,0
I18_22_01.png,/kaggle/working/MDFS/data/KADID/extracted/kadid10k/images/I18_22_01.png,I18.png,18,22,1,3.13,0.957,18.620012283325195,0.03815612400012469,0
I18_22_03.png,/kaggle/working/MDFS/data/KADID/extracted/kadid10k/images/I18_22_03.png,I18.png,18,22,3,2.83,0.734,18.735654830932617,0.0362334279998322,0
I18_22_05.png,/kaggle/working/MDFS/data/KADID/extracted/kadid10k/images/I18_22_05.png,I18.png,18,22,5,2.2,0.833,20.78999900817871,0.03523959400081367,0
I18_23_02.png,/kaggle/working/MDFS/data/KADID/extracted/kadid10k/images/I18_23_02.png,I18.png,18,23,2,2.0,0.816,17.88548469543457,0.0373039570004039,0
I18_23_04.png,/kaggle/working/MDFS/data/KADID/extracted/kadid10k/images/I18_23_04.png,I18.png,18,23,4,2.2,0.872,17.95749855041504,0.03714940999998362,0
I18_24_01.png,/kaggle/working/MDFS/data/KADID/extracted/kadid10k/images/I18_24_01.png,I18.png,18,24,1,4.1,0.597,18.54364013671875,0.03809706799984269,0
I18_24_03.png,/kaggle/working/MDFS/data/KADID/extracted/kadid10k/images/I18_24_03.png,I18.png,18,24,3,2.57,0.716,20.832996368408203,0.03894056800072576,0
I18_24_05.png,/kaggle/working/MDFS/data/KADID/extracted/kadid10k/images/I18_24_05.png,I18.png,18,24,5,1.34,0.537,25.183523178100586,0.038926077000724035,0
I18_25_02.png,/kaggle/working/MDFS/data/KADID/extracted/kadid10k/images/I18_25_02.png,I18.png,18,25,2,3.87,0.806,18.070646286010742,0.03821170900027937,0
I18_25_04.png,/kaggle/working/MDFS/data/KADID/extracted/kadid10k/images/I18_25_04.png,I18.png,18,25,4,4.03,0.752,17.9077205657959,0.03810668399910355,0
I19_01_01.png,/kaggle/working/MDFS/data/KADID/extracted/kadid10k/images/I19_01_01.png,I19.png,19,1,1,4.4,0.611,19.328937530517578,0.04044385700035491,0
I19_01_03.png,/kaggle/working/MDFS/data/KADID/extracted/kadid10k/images/I19_01_03.png,I19.png,19,1,3,2.77,0.716,23.573650360107422,0.03897458799929154,0
I19_01_05.png,/kaggle/working/MDFS/data/KADID/extracted/kadid10k/images/I19_01_05.png,I19.png,19,1,5,1.27,0.442,41.98774719238281,0.03788933400028327,0
I19_02_02.png,/kaggle/working/MDFS/data/KADID/extracted/kadid10k/images/I19_02_02.png,I19.png,19,2,2,2.5,0.719,25.417505264282227,0.03879735099963,0
I19_02_04.png,/kaggle/working/MDFS/data/KADID/extracted/kadid10k/images/I19_02_04.png,I19.png,19,2,4,1.5,0.5,36.323455810546875,0.03846317999978055,0
I19_03_01.png,/kaggle/working/MDFS/data/KADID/extracted/kadid10k/images/I19_03_01.png,I19.png,19,3,1,4.57,0.716,19.328937530517578,0.040944201000456815,0
I19_03_03.png,/kaggle/working/MDFS/data/KADID/extracted/kadid10k/images/I19_03_03.png,I19.png,19,3,3,3.03,0.948,21.943859100341797,0.039159116000519134,0
I19_03_05.png,/kaggle/working/MDFS/data/KADID/extracted/kadid10k/images/I19_03_05.png,I19.png,19,3,5,1.84,0.573,26.81417465209961,0.03767373699974996,0
I19_04_02.png,/kaggle/working/MDFS/data/KADID/extracted/kadid10k/images/I19_04_02.png,I19.png,19,4,2,2.8,0.833,20.157825469970703,0.03923562300042249,0
I19_04_04.png,/kaggle/working/MDFS/data/KADID/extracted/kadid10k/images/I19_04_04.png,I19.png,19,4,4,1.53,0.67,21.404245376586914,0.03887743700033752,0
I19_05_01.png,/kaggle/working/MDFS/data/KADID/extracted/kadid10k/images/I19_05_01.png,I19.png,19,5,1,4.3,0.64,19.546222686767578,0.0394193729998733,0
I19_05_03.png,/kaggle/working/MDFS/data/KADID/extracted/kadid10k/images/I19_05_03.png,I19.png,19,5,3,1.6,0.757,19.913162231445312,0.0397778329997891,0
I19_05_05.png,/kaggle/working/MDFS/data/KADID/extracted/kadid10k/images/I19_05_05.png,I19.png,19,5,5,1.8,0.833,19.92140769958496,0.039773282000169274,0
I19_06_02.png,/kaggle/working/MDFS/data/KADID/extracted/kadid10k/images/I19_06_02.png,I19.png,19,6,2,3.0,0.894,24.067907333374023,0.03630447300020023,0
I19_06_04.png,/kaggle/working/MDFS/data/KADID/extracted/kadid10k/images/I19_06_04.png,I19.png,19,6,4,2.8,0.98,26.072874069213867,0.03549180899972271,0
I19_07_01.png,/kaggle/working/MDFS/data/KADID/extracted/kadid10k/images/I19_07_01.png,I19.png,19,7,1,2.83,1.186,20.150278091430664,0.038983092999842484,0
I19_07_03.png,/kaggle/working/MDFS/data/KADID/extracted/kadid10k/images/I19_07_03.png,I19.png,19,7,3,2.37,1.169,20.882749557495117,0.037979982999786444,0
I19_07_05.png,/kaggle/working/MDFS/data/KADID/extracted/kadid10k/images/I19_07_05.png,I19.png,19,7,5,1.87,0.806,20.529287338256836,0.03883507099999406,0
I19_08_02.png,/kaggle/working/MDFS/data/KADID/extracted/kadid10k/images/I19_08_02.png,I19.png,19,8,2,3.4,0.841,20.225980758666992,0.03834231099972385,0
I19_08_04.png,/kaggle/working/MDFS/data/KADID/extracted/kadid10k/images/I19_08_04.png,I19.png,19,8,4,2.17,0.82,22.371183395385742,0.03828730399982305,0
I19_09_01.png,/kaggle/working/MDFS/data/KADID/extracted/kadid10k/images/I19_09_01.png,I19.png,19,9,1,4.63,0.547,19.438539505004883,0.03970182100056263,0
I19_09_03.png,/kaggle/working/MDFS/data/KADID/extracted/kadid10k/images/I19_09_03.png,I19.png,19,9,3,4.33,0.83,21.292016983032227,0.03986719199929212,0
I19_09_05.png,/kaggle/working/MDFS/data/KADID/extracted/kadid10k/images/I19_09_05.png,I19.png,19,9,5,1.73,0.629,33.00753402709961,0.039544686999761325,0
I19_10_02.png,/kaggle/working/MDFS/data/KADID/extracted/kadid10k/images/I19_10_02.png,I19.png,19,10,2,3.87,0.884,20.86619758605957,0.04028275000018766,0
I19_10_04.png,/kaggle/working/MDFS/data/KADID/extracted/kadid10k/images/I19_10_04.png,I19.png,19,10,4,2.03,0.706,31.243295669555664,0.03771059299924673,0
I19_11_01.png,/kaggle/working/MDFS/data/KADID/extracted/kadid10k/images/I19_11_01.png,I19.png,19,11,1,3.73,0.772,22.633264541625977,0.03747903699968447,0
I19_11_03.png,/kaggle/working/MDFS/data/KADID/extracted/kadid10k/images/I19_11_03.png,I19.png,19,11,3,2.7,0.862,24.84061050415039,0.03695064500061562,0
I19_11_05.png,/kaggle/working/MDFS/data/KADID/extracted/kadid10k/images/I19_11_05.png,I19.png,19,11,5,1.87,0.718,28.51555633544922,0.0360728100004053,0
I19_12_02.png,/kaggle/working/MDFS/data/KADID/extracted/kadid10k/images/I19_12_02.png,I19.png,19,12,2,3.33,1.106,22.969287872314453,0.03580034200058435,0
I19_12_04.png,/kaggle/working/MDFS/data/KADID/extracted/kadid10k/images/I19_12_04.png,I19.png,19,12,4,2.37,0.657,26.295948028564453,0.037612543999784975,0
I19_13_01.png,/kaggle/working/MDFS/data/KADID/extracted/kadid10k/images/I19_13_01.png,I19.png,19,13,1,2.93,0.892,19.86945343017578,0.04031759699955728,0
I19_13_03.png,/kaggle/working/MDFS/data/KADID/extracted/kadid10k/images/I19_13_03.png,I19.png,19,13,3,2.13,0.67,22.750091552734375,0.04072172300038801,0
I19_13_05.png,/kaggle/working/MDFS/data/KADID/extracted/kadid10k/images/I19_13_05.png,I19.png,19,13,5,1.9,0.597,28.103931427001953,0.03832563600008143,0
I19_14_02.png,/kaggle/working/MDFS/data/KADID/extracted/kadid10k/images/I19_14_02.png,I19.png,19,14,2,3.0,0.894,22.139400482177734,0.038331978999849525,0
I19_14_04.png,/kaggle/working/MDFS/data/KADID/extracted/kadid10k/images/I19_14_04.png,I19.png,19,14,4,2.47,0.618,25.001588821411133,0.03829210399999283,0
I19_15_01.png,/kaggle/working/MDFS/data/KADID/extracted/kadid10k/images/I19_15_01.png,I19.png,19,15,1,3.93,1.031,20.952991485595703,0.0411953299999368,0
I19_15_03.png,/kaggle/working/MDFS/data/KADID/extracted/kadid10k/images/I19_15_03.png,I19.png,19,15,3,2.87,0.957,22.497514724731445,0.038551272000404424,0
I19_15_05.png,/kaggle/working/MDFS/data/KADID/extracted/kadid10k/images/I19_15_05.png,I19.png,19,15,5,1.6,0.49,25.53297996520996,0.03706802100077766,0
I19_16_02.png,/kaggle/working/MDFS/data/KADID/extracted/kadid10k/images/I19_16_02.png,I19.png,19,16,2,4.57,0.496,19.555770874023438,0.03960370500044519,0
I19_16_04.png,/kaggle/working/MDFS/data/KADID/extracted/kadid10k/images/I19_16_04.png,I19.png,19,16,4,2.5,0.922,20.56167221069336,0.03941059599947039,0
I19_17_01.png,/kaggle/working/MDFS/data/KADID/extracted/kadid10k/images/I19_17_01.png,I19.png,19,17,1,4.5,0.563,19.274953842163086,0.040108311000039976,0
I19_17_03.png,/kaggle/working/MDFS/data/KADID/extracted/kadid10k/images/I19_17_03.png,I19.png,19,17,3,4.5,0.5,19.11924171447754,0.0391864009998244,0
I19_17_05.png,/kaggle/working/MDFS/data/KADID/extracted/kadid10k/images/I19_17_05.png,I19.png,19,17,5,2.47,0.991,21.500587463378906,0.036522784999760916,0
I19_18_02.png,/kaggle/working/MDFS/data/KADID/extracted/kadid10k/images/I19_18_02.png,I19.png,19,18,2,4.27,1.062,19.472259521484375,0.04040573799920821,0
I19_18_04.png,/kaggle/working/MDFS/data/KADID/extracted/kadid10k/images/I19_18_04.png,I19.png,19,18,4,4.27,0.998,19.510313034057617,0.039906711999719846,0
I19_19_01.png,/kaggle/working/MDFS/data/KADID/extracted/kadid10k/images/I19_19_01.png,I19.png,19,19,1,4.27,0.772,19.107868194580078,0.039597919999323494,0
I19_19_03.png,/kaggle/working/MDFS/data/KADID/extracted/kadid10k/images/I19_19_03.png,I19.png,19,19,3,2.67,0.789,19.703601837158203,0.037768420000247716,0
I19_19_05.png,/kaggle/working/MDFS/data/KADID/extracted/kadid10k/images/I19_19_05.png,I19.png,19,19,5,1.19,0.395,25.152122497558594,0.03739148800013936,0
I19_20_02.png,/kaggle/working/MDFS/data/KADID/extracted/kadid10k/images/I19_20_02.png,I19.png,19,20,2,3.93,0.998,19.189672470092773,0.04069312999945396,0
I19_20_04.png,/kaggle/working/MDFS/data/KADID/extracted/kadid10k/images/I19_20_04.png,I19.png,19,20,4,2.67,0.943,18.993310928344727,0.039938556999914,0
I19_21_01.png,/kaggle/working/MDFS/data/KADID/extracted/kadid10k/images/I19_21_01.png,I19.png,19,21,1,4.0,0.816,19.22240447998047,0.039442667000002984,0
I19_21_03.png,/kaggle/working/MDFS/data/KADID/extracted/kadid10k/images/I19_21_03.png,I19.png,19,21,3,2.8,1.137,20.165626525878906,0.0381633500001044,0
I19_21_05.png,/kaggle/working/MDFS/data/KADID/extracted/kadid10k/images/I19_21_05.png,I19.png,19,21,5,1.83,0.82,29.293460845947266,0.03560484799982078,0
I19_22_02.png,/kaggle/working/MDFS/data/KADID/extracted/kadid10k/images/I19_22_02.png,I19.png,19,22,2,4.1,1.012,20.181276321411133,0.03622996099966258,0
I19_22_04.png,/kaggle/working/MDFS/data/KADID/extracted/kadid10k/images/I19_22_04.png,I19.png,19,22,4,3.3,0.971,20.92059898376465,0.03447185200002423,0
I19_23_01.png,/kaggle/working/MDFS/data/KADID/extracted/kadid10k/images/I19_23_01.png,I19.png,19,23,1,2.9,1.136,19.242511749267578,0.03925536400038254,0
I19_23_03.png,/kaggle/working/MDFS/data/KADID/extracted/kadid10k/images/I19_23_03.png,I19.png,19,23,3,2.4,0.841,19.3112850189209,0.039601305999894976,0
I19_23_05.png,/kaggle/working/MDFS/data/KADID/extracted/kadid10k/images/I19_23_05.png,I19.png,19,23,5,1.9,0.831,19.196027755737305,0.04038772400053858,0
I19_24_02.png,/kaggle/working/MDFS/data/KADID/extracted/kadid10k/images/I19_24_02.png,I19.png,19,24,2,2.0,0.775,20.50436782836914,0.0398220630004289,0
I19_24_04.png,/kaggle/working/MDFS/data/KADID/extracted/kadid10k/images/I19_24_04.png,I19.png,19,24,4,1.43,0.496,21.68893814086914,0.03896625099969242,0
I19_25_01.png,/kaggle/working/MDFS/data/KADID/extracted/kadid10k/images/I19_25_01.png,I19.png,19,25,1,3.53,0.957,20.215866088867188,0.040201558000262594,0
I19_25_03.png,/kaggle/working/MDFS/data/KADID/extracted/kadid10k/images/I19_25_03.png,I19.png,19,25,3,4.45,0.614,19.29402732849121,0.0403423699999621,0
I19_25_05.png,/kaggle/working/MDFS/data/KADID/extracted/kadid10k/images/I19_25_05.png,I19.png,19,25,5,3.53,0.991,19.663455963134766,0.040055145000224,0
I20_01_02.png,/kaggle/working/MDFS/data/KADID/extracted/kadid10k/images/I20_01_02.png,I20.png,20,1,2,4.37,0.482,18.291358947753906,0.03973333599969919,0
I20_01_04.png,/kaggle/working/MDFS/data/KADID/extracted/kadid10k/images/I20_01_04.png,I20.png,20,1,4,1.97,0.605,29.70873260498047,0.03897218099973543,0
I20_02_01.png,/kaggle/working/MDFS/data/KADID/extracted/kadid10k/images/I20_02_01.png,I20.png,20,2,1,3.9,0.597,19.265193939208984,0.03906885400010651,0
I20_02_03.png,/kaggle/working/MDFS/data/KADID/extracted/kadid10k/images/I20_02_03.png,I20.png,20,2,3,1.63,0.605,27.97691535949707,0.038036336999539344,0
I20_02_05.png,/kaggle/working/MDFS/data/KADID/extracted/kadid10k/images/I20_02_05.png,I20.png,20,2,5,1.53,0.562,32.51253890991211,0.036733453999659105,0
I20_03_02.png,/kaggle/working/MDFS/data/KADID/extracted/kadid10k/images/I20_03_02.png,I20.png,20,3,2,4.03,0.657,19.802995681762695,0.0387666309998167,0
I20_03_04.png,/kaggle/working/MDFS/data/KADID/extracted/kadid10k/images/I20_03_04.png,I20.png,20,3,4,2.13,0.806,21.653467178344727,0.038178524999239016,0
I20_04_01.png,/kaggle/working/MDFS/data/KADID/extracted/kadid10k/images/I20_04_01.png,I20.png,20,4,1,4.19,0.591,18.831315994262695,0.038213625000025786,0
I20_04_03.png,/kaggle/working/MDFS/data/KADID/extracted/kadid10k/images/I20_04_03.png,I20.png,20,4,3,1.26,0.438,20.780921936035156,0.03816105599980801,0
I20_04_05.png,/kaggle/working/MDFS/data/KADID/extracted/kadid10k/images/I20_04_05.png,I20.png,20,4,5,1.17,0.373,24.383440017700195,0.03747127699989505,0
I20_05_02.png,/kaggle/working/MDFS/data/KADID/extracted/kadid10k/images/I20_05_02.png,I20.png,20,5,2,2.33,0.789,20.121599197387695,0.04037000199969043,0
I20_05_04.png,/kaggle/working/MDFS/data/KADID/extracted/kadid10k/images/I20_05_04.png,I20.png,20,5,4,1.87,0.718,19.581684112548828,0.04068667000046844,0
I20_06_01.png,/kaggle/working/MDFS/data/KADID/extracted/kadid10k/images/I20_06_01.png,I20.png,20,6,1,3.77,0.989,19.340370178222656,0.037058671000522736,0
I20_06_03.png,/kaggle/working/MDFS/data/KADID/extracted/kadid10k/images/I20_06_03.png,I20.png,20,6,3,3.7,0.69,20.461471557617188,0.03639873500014801,0
I20_06_05.png,/kaggle/working/MDFS/data/KADID/extracted/kadid10k/images/I20_06_05.png,I20.png,20,6,5,2.27,1.062,22.522655487060547,0.03481971000019257,0
I20_07_02.png,/kaggle/working/MDFS/data/KADID/extracted/kadid10k/images/I20_07_02.png,I20.png,20,7,2,2.3,0.9,19.100191116333008,0.03855550300067989,0
I20_07_04.png,/kaggle/working/MDFS/data/KADID/extracted/kadid10k/images/I20_07_04.png,I20.png,20,7,4,2.4,1.02,22.10964584350586,0.03714170799958083,0
I20_08_01.png,/kaggle/working/MDFS/data/KADID/extracted/kadid10k/images/I20_08_01.png,I20.png,20,8,1,4.53,0.499,18.31178092956543,0.0391817509998873,0
I20_08_03.png,/kaggle/working/MDFS/data/KADID/extracted/kadid10k/images/I20_08_03.png,I20.png,20,8,3,2.7,0.971,20.049827575683594,0.03946968300078879,0
I20_08_05.png,/kaggle/working/MDFS/data/KADID/extracted/kadid10k/images/I20_08_05.png,I20.png,20,8,5,1.37,0.482,22.77949333190918,0.0393439479994413,0
I20_09_02.png,/kaggle/working/MDFS/data/KADID/extracted/kadid10k/images/I20_09_02.png,I20.png,20,9,2,4.4,0.554,19.346881866455078,0.03980894799951784,0
I20_09_04.png,/kaggle/working/MDFS/data/KADID/extracted/kadid10k/images/I20_09_04.png,I20.png,20,9,4,2.3,0.64,27.993106842041016,0.03889640200031863,0
I20_10_01.png,/kaggle/working/MDFS/data/KADID/extracted/kadid10k/images/I20_10_01.png,I20.png,20,10,1,4.13,0.499,20.471288681030273,0.038361754000106885,0
I20_10_03.png,/kaggle/working/MDFS/data/KADID/extracted/kadid10k/images/I20_10_03.png,I20.png,20,10,3,3.53,0.921,22.833580017089844,0.0380759030003901,0
I20_10_05.png,/kaggle/working/MDFS/data/KADID/extracted/kadid10k/images/I20_10_05.png,I20.png,20,10,5,1.23,0.496,36.293182373046875,0.034877872999459214,0
I20_11_02.png,/kaggle/working/MDFS/data/KADID/extracted/kadid10k/images/I20_11_02.png,I20.png,20,11,2,3.2,0.909,22.311031341552734,0.035904518000279495,0
I20_11_04.png,/kaggle/working/MDFS/data/KADID/extracted/kadid10k/images/I20_11_04.png,I20.png,20,11,4,2.57,0.955,25.532426834106445,0.036453176000577514,0
I20_12_01.png,/kaggle/working/MDFS/data/KADID/extracted/kadid10k/images/I20_12_01.png,I20.png,20,12,1,4.33,0.537,19.213407516479492,0.03792738100037241,0
I20_12_03.png,/kaggle/working/MDFS/data/KADID/extracted/kadid10k/images/I20_12_03.png,I20.png,20,12,3,2.97,0.983,23.00273895263672,0.03741998700024851,0
I20_12_05.png,/kaggle/working/MDFS/data/KADID/extracted/kadid10k/images/I20_12_05.png,I20.png,20,12,5,2.33,0.745,27.50786590576172,0.0380441620000056,0
I20_13_02.png,/kaggle/working/MDFS/data/KADID/extracted/kadid10k/images/I20_13_02.png,I20.png,20,13,2,2.6,0.841,20.524784088134766,0.038791522999417793,0
I20_13_04.png,/kaggle/working/MDFS/data/KADID/extracted/kadid10k/images/I20_13_04.png,I20.png,20,13,4,2.27,0.629,24.28559684753418,0.03799546099980944,0
I20_14_01.png,/kaggle/working/MDFS/data/KADID/extracted/kadid10k/images/I20_14_01.png,I20.png,20,14,1,4.07,0.772,18.715314865112305,0.03862079100053961,0
I20_14_03.png,/kaggle/working/MDFS/data/KADID/extracted/kadid10k/images/I20_14_03.png,I20.png,20,14,3,3.17,0.637,20.259204864501953,0.03678403600042657,0
I20_14_05.png,/kaggle/working/MDFS/data/KADID/extracted/kadid10k/images/I20_14_05.png,I20.png,20,14,5,2.1,0.651,23.8708553314209,0.03823610000017652,0
I20_15_02.png,/kaggle/working/MDFS/data/KADID/extracted/kadid10k/images/I20_15_02.png,I20.png,20,15,2,2.33,0.596,24.20067596435547,0.03954372399948625,0
I20_15_04.png,/kaggle/working/MDFS/data/KADID/extracted/kadid10k/images/I20_15_04.png,I20.png,20,15,4,1.67,0.699,26.845821380615234,0.03779656000006071,0
I20_16_01.png,/kaggle/working/MDFS/data/KADID/extracted/kadid10k/images/I20_16_01.png,I20.png,20,16,1,4.5,0.5,18.205347061157227,0.04134899899963784,0
I20_16_03.png,/kaggle/working/MDFS/data/KADID/extracted/kadid10k/images/I20_16_03.png,I20.png,20,16,3,3.83,0.637,17.984312057495117,0.04136789099993621,0
I20_16_05.png,/kaggle/working/MDFS/data/KADID/extracted/kadid10k/images/I20_16_05.png,I20.png,20,16,5,1.93,0.772,18.252702713012695,0.04065761099991505,0
I20_17_02.png,/kaggle/working/MDFS/data/KADID/extracted/kadid10k/images/I20_17_02.png,I20.png,20,17,2,4.27,0.573,18.35370445251465,0.04017124100028013,0
I20_17_04.png,/kaggle/working/MDFS/data/KADID/extracted/kadid10k/images/I20_17_04.png,I20.png,20,17,4,3.07,1.031,18.67544937133789,0.039628340000490425,0
I20_18_01.png,/kaggle/working/MDFS/data/KADID/extracted/kadid10k/images/I20_18_01.png,I20.png,20,18,1,4.4,0.663,18.263771057128906,0.040346404999581864,0
I20_18_03.png,/kaggle/working/MDFS/data/KADID/extracted/kadid10k/images/I20_18_03.png,I20.png,20,18,3,4.5,0.671,18.31178092956543,0.03947916300057841,0
I20_18_05.png,/kaggle/working/MDFS/data/KADID/extracted/kadid10k/images/I20_18_05.png,I20.png,20,18,5,3.2,0.872,18.201587677001953,0.03992546900008165,0
I20_19_02.png,/kaggle/working/MDFS/data/KADID/extracted/kadid10k/images/I20_19_02.png,I20.png,20,19,2,4.23,0.616,18.36713981628418,0.04014284100048826,0
I20_19_04.png,/kaggle/working/MDFS/data/KADID/extracted/kadid10k/images/I20_19_04.png,I20.png,20,19,4,1.93,0.772,19.695878982543945,0.038317067999741994,0
I20_20_01.png,/kaggle/working/MDFS/data/KADID/extracted/kadid10k/images/I20_20_01.png,I20.png,20,20,1,4.3,0.737,18.192689895629883,0.03966011299962702,0
I20_20_03.png,/kaggle/working/MDFS/data/KADID/extracted/kadid10k/images/I20_20_03.png,I20.png,20,20,3,4.03,0.836,18.235687255859375,0.039081240000086837,0
I20_20_05.png,/kaggle/working/MDFS/data/KADID/extracted/kadid10k/images/I20_20_05.png,I20.png,20,20,5,3.3,1.069,18.118803024291992,0.04037674999926821,0
I20_21_02.png,/kaggle/working/MDFS/data/KADID/extracted/kadid10k/images/I20_21_02.png,I20.png,20,21,2,3.3,1.1,18.506223678588867,0.03784163299951615,0
I20_21_04.png,/kaggle/working/MDFS/data/KADID/extracted/kadid10k/images/I20_21_04.png,I20.png,20,21,4,3.2,0.98,19.271526336669922,0.03616960299950733,0
I20_22_01.png,/kaggle/working/MDFS/data/KADID/extracted/kadid10k/images/I20_22_01.png,I20.png,20,22,1,3.7,0.823,18.727609634399414,0.037570878000224184,0
I20_22_03.png,/kaggle/working/MDFS/data/KADID/extracted/kadid10k/images/I20_22_03.png,I20.png,20,22,3,3.3,1.038,18.73612403869629,0.036179916999572015,0
I20_22_05.png,/kaggle/working/MDFS/data/KADID/extracted/kadid10k/images/I20_22_05.png,I20.png,20,22,5,2.67,0.907,21.3587589263916,0.03627773700009129,0
I20_23_02.png,/kaggle/working/MDFS/data/KADID/extracted/kadid10k/images/I20_23_02.png,I20.png,20,23,2,2.03,0.983,17.972537994384766,0.039847835999353265,0
I20_23_04.png,/kaggle/working/MDFS/data/KADID/extracted/kadid10k/images/I20_23_04.png,I20.png,20,23,4,2.17,0.898,17.965173721313477,0.0397530000000188,0
I20_24_01.png,/kaggle/working/MDFS/data/KADID/extracted/kadid10k/images/I20_24_01.png,I20.png,20,24,1,3.69,0.95,18.505800247192383,0.0397836100000859,0
I20_24_03.png,/kaggle/working/MDFS/data/KADID/extracted/kadid10k/images/I20_24_03.png,I20.png,20,24,3,2.17,0.898,20.257122039794922,0.0400552000000971,0
I20_24_05.png,/kaggle/working/MDFS/data/KADID/extracted/kadid10k/images/I20_24_05.png,I20.png,20,24,5,1.37,0.482,26.643238067626953,0.03947041200081003,0
I20_25_02.png,/kaggle/working/MDFS/data/KADID/extracted/kadid10k/images/I20_25_02.png,I20.png,20,25,2,3.73,0.68,18.24127197265625,0.039742523999848345,0
I20_25_04.png,/kaggle/working/MDFS/data/KADID/extracted/kadid10k/images/I20_25_04.png,I20.png,20,25,4,4.03,0.547,18.36710548400879,0.03894823100017675,0
I21_01_01.png,/kaggle/working/MDFS/data/KADID/extracted/kadid10k/images/I21_01_01.png,I21.png,21,1,1,4.7,0.64,16.941600799560547,0.03681631200015545,0
I21_01_03.png,/kaggle/working/MDFS/data/KADID/extracted/kadid10k/images/I21_01_03.png,I21.png,21,1,3,2.5,0.764,20.223068237304688,0.037884692000261566,0
I21_01_05.png,/kaggle/working/MDFS/data/KADID/extracted/kadid10k/images/I21_01_05.png,I21.png,21,1,5,1.13,0.34,39.102901458740234,0.03639543799999956,0
I21_02_02.png,/kaggle/working/MDFS/data/KADID/extracted/kadid10k/images/I21_02_02.png,I21.png,21,2,2,2.4,0.663,21.52610206604004,0.03727756399985083,0
I21_02_04.png,/kaggle/working/MDFS/data/KADID/extracted/kadid10k/images/I21_02_04.png,I21.png,21,2,4,1.47,0.562,26.67506217956543,0.03781415699995705,0
I21_03_01.png,/kaggle/working/MDFS/data/KADID/extracted/kadid10k/images/I21_03_01.png,I21.png,21,3,1,4.7,0.458,16.941600799560547,0.038910545999897295,0
I21_03_03.png,/kaggle/working/MDFS/data/KADID/extracted/kadid10k/images/I21_03_03.png,I21.png,21,3,3,2.23,0.844,19.98821449279785,0.039222438000251714,0
I21_03_05.png,/kaggle/working/MDFS/data/KADID/extracted/kadid10k/images/I21_03_05.png,I21.png,21,3,5,1.53,0.562,21.995882034301758,0.03800882700033981,0
I21_04_02.png,/kaggle/working/MDFS/data/KADID/extracted/kadid10k/images/I21_04_02.png,I21.png,21,4,2,2.8,1.166,17.99917984008789,0.03787658500004909,0
I21_04_04.png,/kaggle/working/MDFS/data/KADID/extracted/kadid10k/images/I21_04_04.png,I21.png,21,4,4,1.67,0.978,18.928178787231445,0.037054045000331826,0
I21_05_01.png,/kaggle/working/MDFS/data/KADID/extracted/kadid10k/images/I21_05_01.png,I21.png,21,5,1,3.77,0.989,17.86372947692871,0.03741842599993106,0
I21_05_03.png,/kaggle/working/MDFS/data/KADID/extracted/kadid10k/images/I21_05_03.png,I21.png,21,5,3,1.93,0.814,18.200931549072266,0.03724798199982615,0
I21_05_05.png,/kaggle/working/MDFS/data/KADID/extracted/kadid10k/images/I21_05_05.png,I21.png,21,5,5,1.93,0.727,17.84203338623047,0.03725368899995374,0
I21_06_02.png,/kaggle/working/MDFS/data/KADID/extracted/kadid10k/images/I21_06_02.png,I21.png,21,6,2,4.23,0.667,18.222558975219727,0.03719691900005273,0
I21_06_04.png,/kaggle/working/MDFS/data/KADID/extracted/kadid10k/images/I21_06_04.png,I21.png,21,6,4,3.43,0.92,20.19713020324707,0.035649706999720365,0
I21_07_01.png,/kaggle/working/MDFS/data/KADID/extracted/kadid10k/images/I21_07_01.png,I21.png,21,7,1,2.7,1.13,17.331031799316406,0.036713976000100956,0
I21_07_03.png,/kaggle/working/MDFS/data/KADID/extracted/kadid10k/images/I21_07_03.png,I21.png,21,7,3,2.57,1.086,18.733951568603516,0.037008289999903354,0
I21_07_05.png,/kaggle/working/MDFS/data/KADID/extracted/kadid10k/images/I21_07_05.png,I21.png,21,7,5,2.07,0.998,17.823436737060547,0.03669532599997183,0
I21_08_02.png,/kaggle/working/MDFS/data/KADID/extracted/kadid10k/images/I21_08_02.png,I21.png,21,8,2,3.4,0.952,17.136240005493164,0.03767279099974985,0
I21_08_04.png,/kaggle/working/MDFS/data/KADID/extracted/kadid10k/images/I21_08_04.png,I21.png,21,8,4,2.2,1.013,18.333683013916016,0.038307924999571696,0
I21_09_01.png,/kaggle/working/MDFS/data/KADID/extracted/kadid10k/images/I21_09_01.png,I21.png,21,9,1,4.6,0.49,18.306596755981445,0.038159114999871235,0
I21_09_03.png,/kaggle/working/MDFS/data/KADID/extracted/kadid10k/images/I21_09_03.png,I21.png,21,9,3,2.17,0.82,23.831541061401367,0.037890180999966105,0
I21_09_05.png,/kaggle/working/MDFS/data/KADID/extracted/kadid10k/images/I21_09_05.png,I21.png,21,9,5,1.27,0.442,34.356483459472656,0.038042604999645846,0
I21_10_02.png,/kaggle/working/MDFS/data/KADID/extracted/kadid10k/images/I21_10_02.png,I21.png,21,10,2,3.9,0.87,19.290489196777344,0.03681238000081066,0
I21_10_04.png,/kaggle/working/MDFS/data/KADID/extracted/kadid10k/images/I21_10_04.png,I21.png,21,10,4,1.93,0.929,26.794700622558594,0.03587029399932362,0
I21_11_01.png,/kaggle/working/MDFS/data/KADID/extracted/kadid10k/images/I21_11_01.png,I21.png,21,11,1,3.53,0.618,18.750783920288086,0.03694351200010715,0
I21_11_03.png,/kaggle/working/MDFS/data/KADID/extracted/kadid10k/images/I21_11_03.png,I21.png,21,11,3,2.87,0.763,20.42743682861328,0.037666246000299,0
I21_11_05.png,/kaggle/working/MDFS/data/KADID/extracted/kadid10k/images/I21_11_05.png,I21.png,21,11,5,2.2,0.653,24.325288772583008,0.0378071879995332,0
I21_12_02.png,/kaggle/working/MDFS/data/KADID/extracted/kadid10k/images/I21_12_02.png,I21.png,21,12,2,3.47,0.921,19.111637115478516,0.03723844599971926,0
I21_12_04.png,/kaggle/working/MDFS/data/KADID/extracted/kadid10k/images/I21_12_04.png,I21.png,21,12,4,2.63,0.836,21.866107940673828,0.036896488999445864,0
I21_13_01.png,/kaggle/working/MDFS/data/KADID/extracted/kadid10k/images/I21_13_01.png,I21.png,21,13,1,3.03,0.912,17.207061767578125,0.03728713800046535,0
I21_13_03.png,/kaggle/working/MDFS/data/KADID/extracted/kadid10k/images/I21_13_03.png,I21.png,21,13,3,2.53,0.67,19.522315979003906,0.03648722599973553,0
I21_13_05.png,/kaggle/working/MDFS/data/KADID/extracted/kadid10k/images/I21_13_05.png,I21.png,21,13,5,1.87,0.763,24.149660110473633,0.037817473000359314,0
I21_14_02.png,/kaggle/working/MDFS/data/KADID/extracted/kadid10k/images/I21_14_02.png,I21.png,21,14,2,3.52,0.875,17.929893493652344,0.03803772199989908,0
I21_14_04.png,/kaggle/working/MDFS/data/KADID/extracted/kadid10k/images/I21_14_04.png,I21.png,21,14,4,2.73,0.727,19.448843002319336,0.03790172699973482,0
I21_15_01.png,/kaggle/working/MDFS/data/KADID/extracted/kadid10k/images/I21_15_01.png,I21.png,21,15,1,3.4,0.8,19.540393829345703,0.03909232200021506,0
I21_15_03.png,/kaggle/working/MDFS/data/KADID/extracted/kadid10k/images/I21_15_03.png,I21.png,21,15,3,1.87,0.562,22.899450302124023,0.03864582300047914,0
I21_15_05.png,/kaggle/working/MDFS/data/KADID/extracted/kadid10k/images/I21_15_05.png,I21.png,21,15,5,1.33,0.471,27.324520111083984,0.03668621799988614,0
I21_16_02.png,/kaggle/working/MDFS/data/KADID/extracted/kadid10k/images/I21_16_02.png,I21.png,21,16,2,4.3,0.737,16.90890121459961,0.037068519999593263,0
I21_16_04.png,/kaggle/working/MDFS/data/KADID/extracted/kadid10k/images/I21_16_04.png,I21.png,21,16,4,3.13,1.07,17.33574867248535,0.03990496499955043,0
I21_17_01.png,/kaggle/working/MDFS/data/KADID/extracted/kadid10k/images/I21_17_01.png,I21.png,21,17,1,4.6,0.49,16.939599990844727,0.0378326019999804,0
I21_17_03.png,/kaggle/working/MDFS/data/KADID/extracted/kadid10k/images/I21_17_03.png,I21.png,21,17,3,4.0,0.816,16.927045822143555,0.03764314099953481,0
I21_17_05.png,/kaggle/working/MDFS/data/KADID/extracted/kadid10k/images/I21_17_05.png,I21.png,21,17,5,1.63,0.795,20.524147033691406,0.03704858499986585,0
I21_18_02.png,/kaggle/working/MDFS/data/KADID/extracted/kadid10k/images/I21_18_02.png,I21.png,21,18,2,4.7,0.458,16.990814208984375,0.037623881000399706,0
I21_18_04.png,/kaggle/working/MDFS/data/KADID/extracted/kadid10k/images/I21_18_04.png,I21.png,21,18,4,4.03,0.782,17.205684661865234,0.036820573000113654,0
I21_19_01.png,/kaggle/working/MDFS/data/KADID/extracted/kadid10k/images/I21_19_01.png,I21.png,21,19,1,4.3,0.64,16.691211700439453,0.036765568999726383,0
I21_19_03.png,/kaggle/working/MDFS/data/KADID/extracted/kadid10k/images/I21_19_03.png,I21.png,21,19,3,2.77,0.803,17.16187858581543,0.035516095999810204,0
I21_19_05.png,/kaggle/working/MDFS/data/KADID/extracted/kadid10k/images/I21_19_05.png,I21.png,21,19,5,1.07,0.249,23.004671096801758,0.03642860399941128,0
I21_20_02.png,/kaggle/working/MDFS/data/KADID/extracted/kadid10k/images/I21_20_02.png,I21.png,21,20,2,4.07,0.727,16.969188690185547,0.037739529000646144,0
I21_20_04.png,/kaggle/working/MDFS/data/KADID/extracted/kadid10k/images/I21_20_04.png,I21.png,21,20,4,4.03,0.983,16.920759201049805,0.03743556099925627,0
I21_21_01.png,/kaggle/working/MDFS/data/KADID/extracted/kadid10k/images/I21_21_01.png,I21.png,21,21,1,3.77,1.023,16.901405334472656,0.036532508000163944,0
I21_21_03.png,/kaggle/working/MDFS/data/KADID/extracted/kadid10k/images/I21_21_03.png,I21.png,21,21,3,2.63,0.983,17.722206115722656,0.035223959000177274,0
I21_21_05.png,/kaggle/working/MDFS/data/KADID/extracted/kadid10k/images/I21_21_05.png,I21.png,21,21,5,1.33,0.537,27.72841453552246,0.03404725699965638,0
I21_22_02.png,/kaggle/working/MDFS/data/KADID/extracted/kadid10k/images/I21_22_02.png,I21.png,21,22,2,2.83,1.067,17.678646087646484,0.03764219000004232,0
I21_22_04.png,/kaggle/working/MDFS/data/KADID/extracted/kadid10k/images/I21_22_04.png,I21.png,21,22,4,2.53,1.118,18.245094299316406,0.03717007399973227,0
I21_23_01.png,/kaggle/working/MDFS/data/KADID/extracted/kadid10k/images/I21_23_01.png,I21.png,21,23,1,2.77,1.023,16.94292640686035,0.03698567500032368,0
I21_23_03.png,/kaggle/working/MDFS/data/KADID/extracted/kadid10k/images/I21_23_03.png,I21.png,21,23,3,2.13,0.763,17.065895080566406,0.036692635999315826,0
I21_23_05.png,/kaggle/working/MDFS/data/KADID/extracted/kadid10k/images/I21_23_05.png,I21.png,21,23,5,1.7,0.69,16.99567985534668,0.03663536700059922,0
I21_24_02.png,/kaggle/working/MDFS/data/KADID/extracted/kadid10k/images/I21_24_02.png,I21.png,21,24,2,2.33,0.596,20.841611862182617,0.03711856199970498,0
I21_24_04.png,/kaggle/working/MDFS/data/KADID/extracted/kadid10k/images/I21_24_04.png,I21.png,21,24,4,1.39,0.704,26.099834442138672,0.03762282400020922,0
I21_25_01.png,/kaggle/working/MDFS/data/KADID/extracted/kadid10k/images/I21_25_01.png,I21.png,21,25,1,3.5,0.885,17.63075828552246,0.037506132000089565,0
I21_25_03.png,/kaggle/working/MDFS/data/KADID/extracted/kadid10k/images/I21_25_03.png,I21.png,21,25,3,3.97,0.836,16.885217666625977,0.03717477899954247,0
I21_25_05.png,/kaggle/working/MDFS/data/KADID/extracted/kadid10k/images/I21_25_05.png,I21.png,21,25,5,3.2,0.98,17.143598556518555,0.036670743000286166,0
I22_01_02.png,/kaggle/working/MDFS/data/KADID/extracted/kadid10k/images/I22_01_02.png,I22.png,22,1,2,4.57,0.559,17.64128875732422,0.03676638399974763,0
I22_01_04.png,/kaggle/working/MDFS/data/KADID/extracted/kadid10k/images/I22_01_04.png,I22.png,22,1,4,2.3,0.64,30.32050323486328,0.03681440299988026,0
I22_02_01.png,/kaggle/working/MDFS/data/KADID/extracted/kadid10k/images/I22_02_01.png,I22.png,22,2,1,3.8,0.872,18.334636688232422,0.038288936999379075,0
I22_02_03.png,/kaggle/working/MDFS/data/KADID/extracted/kadid10k/images/I22_02_03.png,I22.png,22,2,3,2.17,0.637,28.788131713867188,0.04834665300040797,0
I22_02_05.png,/kaggle/working/MDFS/data/KADID/extracted/kadid10k/images/I22_02_05.png,I22.png,22,2,5,1.3,0.458,34.39980697631836,0.03775845499967545,0
I22_03_02.png,/kaggle/working/MDFS/data/KADID/extracted/kadid10k/images/I22_03_02.png,I22.png,22,3,2,4.33,0.789,18.43619728088379,0.0359195559994987,0
I22_03_04.png,/kaggle/working/MDFS/data/KADID/extracted/kadid10k/images/I22_03_04.png,I22.png,22,3,4,2.33,0.537,21.563552856445312,0.03695603899996058,0
I22_04_01.png,/kaggle/working/MDFS/data/KADID/extracted/kadid10k/images/I22_04_01.png,I22.png,22,4,1,4.5,0.563,17.9024715423584,0.03649397200024396,0
I22_04_03.png,/kaggle/working/MDFS/data/KADID/extracted/kadid10k/images/I22_04_03.png,I22.png,22,4,3,1.3,0.586,25.738588333129883,0.0349333240001215,0
I22_04_05.png,/kaggle/working/MDFS/data/KADID/extracted/kadid10k/images/I22_04_05.png,I22.png,22,4,5,1.07,0.249,32.13401794433594,0.033964739999646554,0
I22_05_02.png,/kaggle/working/MDFS/data/KADID/extracted/kadid10k/images/I22_05_02.png,I22.png,22,5,2,2.73,0.854,19.558692932128906,0.037274797999998555,0
I22_05_04.png,/kaggle/working/MDFS/data/KADID/extracted/kadid10k/images/I22_05_04.png,I22.png,22,5,4,1.93,0.629,18.83927345275879,0.037958057000651024,0
I22_06_01.png,/kaggle/working/MDFS/data/KADID/extracted/kadid10k/images/I22_06_01.png,I22.png,22,6,1,4.4,0.757,19.46637535095215,0.03539255199939362,0
I22_06_03.png,/kaggle/working/MDFS/data/KADID/extracted/kadid10k/images/I22_06_03.png,I22.png,22,6,3,4.27,0.814,20.50404167175293,0.03434123499937414,0
I22_06_05.png,/kaggle/working/MDFS/data/KADID/extracted/kadid10k/images/I22_06_05.png,I22.png,22,6,5,2.47,0.67,22.967369079589844,0.0338309519993345,0
I22_07_02.png,/kaggle/working/MDFS/data/KADID/extracted/kadid10k/images/I22_07_02.png,I22.png,22,7,2,2.57,0.955,19.181655883789062,0.037536744000135513,0
I22_07_04.png,/kaggle/working/MDFS/data/KADID/extracted/kadid10k/images/I22_07_04.png,I22.png,22,7,4,2.27,1.031,22.957651138305664,0.036680711999906634,0
I22_08_01.png,/kaggle/working/MDFS/data/KADID/extracted/kadid10k/images/I22_08_01.png,I22.png,22,8,1,4.68,0.467,17.908370971679688,0.0362062700005481,0
I22_08_03.png,/kaggle/working/MDFS/data/KADID/extracted/kadid10k/images/I22_08_03.png,I22.png,22,8,3,1.37,0.547,21.98760986328125,0.0346404359997905,0
I22_08_05.png,/kaggle/working/MDFS/data/KADID/extracted/kadid10k/images/I22_08_05.png,I22.png,22,8,5,1.1,0.396,30.007232666015625,0.03499064199968416,0
I22_09_02.png,/kaggle/working/MDFS/data/KADID/extracted/kadid10k/images/I22_09_02.png,I22.png,22,9,2,4.53,0.562,18.306594848632812,0.03845035599988478,0
I22_09_04.png,/kaggle/working/MDFS/data/KADID/extracted/kadid10k/images/I22_09_04.png,I22.png,22,9,4,2.97,0.948,26.4033145904541,0.03771796399996674,0
I22_10_01.png,/kaggle/working/MDFS/data/KADID/extracted/kadid10k/images/I22_10_01.png,I22.png,22,10,1,4.47,0.763,19.812002182006836,0.0364244479997069,0
I22_10_03.png,/kaggle/working/MDFS/data/KADID/extracted/kadid10k/images/I22_10_03.png,I22.png,22,10,3,4.03,0.875,21.916078567504883,0.035097227000733255,0
I22_10_05.png,/kaggle/working/MDFS/data/KADID/extracted/kadid10k/images/I22_10_05.png,I22.png,22,10,5,1.47,0.499,32.031593322753906,0.034465331000319566,0
I22_11_02.png,/kaggle/working/MDFS/data/KADID/extracted/kadid10k/images/I22_11_02.png,I22.png,22,11,2,2.97,0.795,22.778793334960938,0.03738122199956706,0
I22_11_04.png,/kaggle/working/MDFS/data/KADID/extracted/kadid10k/images/I22_11_04.png,I22.png,22,11,4,2.93,0.772,25.716230392456055,0.03737074299988308,0
I22_12_01.png,/kaggle/working/MDFS/data/KADID/extracted/kadid10k/images/I22_12_01.png,I22.png,22,12,1,4.73,0.442,19.280227661132812,0.036912472999574675,0
I22_12_03.png,/kaggle/working/MDFS/data/KADID/extracted/kadid10k/images/I22_12_03.png,I22.png,22,12,3,2.87,0.957,23.33767318725586,0.03606144700006553,0
I22_12_05.png,/kaggle/working/MDFS/data/KADID/extracted/kadid10k/images/I22_12_05.png,I22.png,22,12,5,2.5,0.719,27.69281768798828,0.03565323900056683,0
I22_13_02.png,/kaggle/working/MDFS/data/KADID/extracted/kadid10k/images/I22_13_02.png,I22.png,22,13,2,3.23,0.803,22.14188003540039,0.03655445299955318,0
I22_13_04.png,/kaggle/working/MDFS/data/KADID/extracted/kadid10k/images/I22_13_04.png,I22.png,22,13,4,2.3,0.69,23.663347244262695,0.037781885999720544,0
I22_14_01.png,/kaggle/working/MDFS/data/KADID/extracted/kadid10k/images/I22_14_01.png,I22.png,22,14,1,4.53,0.618,18.78955841064453,0.03706593100014288,0
I22_14_03.png,/kaggle/working/MDFS/data/KADID/extracted/kadid10k/images/I22_14_03.png,I22.png,22,14,3,3.0,0.856,20.999252319335938,0.036132817000179784,0
I22_14_05.png,/kaggle/working/MDFS/data/KADID/extracted/kadid10k/images/I22_14_05.png,I22.png,22,14,5,1.97,0.706,26.892475128173828,0.03617824800039671,0
I22_15_02.png,/kaggle/working/MDFS/data/KADID/extracted/kadid10k/images/I22_15_02.png,I22.png,22,15,2,2.53,0.67,22.48983383178711,0.03726925799946912,0
I22_15_04.png,/kaggle/working/MDFS/data/KADID/extracted/kadid10k/images/I22_15_04.png,I22.png,22,15,4,1.97,0.605,24.672252655029297,0.03697213599934912,0
I22_16_01.png,/kaggle/working/MDFS/data/KADID/extracted/kadid10k/images/I22_16_01.png,I22.png,22,16,1,4.53,0.499,17.898706436157227,0.03684712199992646,0
I22_16_03.png,/kaggle/working/MDFS/data/KADID/extracted/kadid10k/images/I22_16_03.png,I22.png,22,16,3,3.43,0.844,18.13884162902832,0.036370721000821504,0
I22_16_05.png,/kaggle/working/MDFS/data/KADID/extracted/kadid10k/images/I22_16_05.png,I22.png,22,16,5,1.26,0.438,21.397279739379883,0.03491583300001366,0
I22_17_02.png,/kaggle/working/MDFS/data/KADID/extracted/kadid10k/images/I22_17_02.png,I22.png,22,17,2,4.47,0.499,17.975095748901367,0.03608093299953907,0
I22_17_04.png,/kaggle/working/MDFS/data/KADID/extracted/kadid10k/images/I22_17_04.png,I22.png,22,17,4,3.6,0.917,18.593957901000977,0.03746588800004247,0
I22_18_01.png,/kaggle/working/MDFS/data/KADID/extracted/kadid10k/images/I22_18_01.png,I22.png,22,18,1,4.07,0.854,18.388460159301758,0.03761761900022975,0
I22_18_03.png,/kaggle/working/MDFS/data/KADID/extracted/kadid10k/images/I22_18_03.png,I22.png,22,18,3,4.7,0.526,17.908370971679688,0.037535208000008424,0
I22_18_05.png,/kaggle/working/MDFS/data/KADID/extracted/kadid10k/images/I22_18_05.png,I22.png,22,18,5,4.3,0.69,18.516433715820312,0.03668480400028784,0
I22_19_02.png,/kaggle/working/MDFS/data/KADID/extracted/kadid10k/images/I22_19_02.png,I22.png,22,19,2,4.23,0.496,17.329265594482422,0.036789443000088795,0
I22_19_04.png,/kaggle/working/MDFS/data/KADID/extracted/kadid10k/images/I22_19_04.png,I22.png,22,19,4,2.27,0.814,19.55929183959961,0.03548495700033527,0
I22_20_01.png,/kaggle/working/MDFS/data/KADID/extracted/kadid10k/images/I22_20_01.png,I22.png,22,20,1,4.7,0.458,17.858455657958984,0.037237981000544096,0
I22_20_03.png,/kaggle/working/MDFS/data/KADID/extracted/kadid10k/images/I22_20_03.png,I22.png,22,20,3,3.47,1.204,17.918241500854492,0.03753600199979701,0
I22_20_05.png,/kaggle/working/MDFS/data/KADID/extracted/kadid10k/images/I22_20_05.png,I22.png,22,20,5,2.37,1.08,17.74811553955078,0.03666355099994689,0
I22_21_02.png,/kaggle/working/MDFS/data/KADID/extracted/kadid10k/images/I22_21_02.png,I22.png,22,21,2,3.8,0.872,17.992717742919922,0.035834921000059694,0
I22_21_04.png,/kaggle/working/MDFS/data/KADID/extracted/kadid10k/images/I22_21_04.png,I22.png,22,21,4,3.77,1.023,18.815874099731445,0.03525970200007578,0
I22_22_01.png,/kaggle/working/MDFS/data/KADID/extracted/kadid10k/images/I22_22_01.png,I22.png,22,22,1,4.07,0.892,18.825435638427734,0.03597656599959009,0
I22_22_03.png,/kaggle/working/MDFS/data/KADID/extracted/kadid10k/images/I22_22_03.png,I22.png,22,22,3,3.7,0.971,19.053808212280273,0.04199261300072976,0
I22_22_05.png,/kaggle/working/MDFS/data/KADID/extracted/kadid10k/images/I22_22_05.png,I22.png,22,22,5,3.13,0.957,20.4256591796875,0.034695356999691285,0
I22_23_02.png,/kaggle/working/MDFS/data/KADID/extracted/kadid10k/images/I22_23_02.png,I22.png,22,23,2,2.73,0.998,17.802635192871094,0.03639883000050759,0
I22_23_04.png,/kaggle/working/MDFS/data/KADID/extracted/kadid10k/images/I22_23_04.png,I22.png,22,23,4,1.93,0.854,18.04309844970703,0.03569156999947154,0
I22_24_01.png,/kaggle/working/MDFS/data/KADID/extracted/kadid10k/images/I22_24_01.png,I22.png,22,24,1,3.83,0.778,18.523326873779297,0.03829010200024641,0
I22_24_03.png,/kaggle/working/MDFS/data/KADID/extracted/kadid10k/images/I22_24_03.png,I22.png,22,24,3,2.3,0.586,19.926603317260742,0.0443423549995714,0
I22_24_05.png,/kaggle/working/MDFS/data/KADID/extracted/kadid10k/images/I22_24_05.png,I22.png,22,24,5,1.5,0.671,23.312137603759766,0.05483908399946813,0
I22_25_02.png,/kaggle/working/MDFS/data/KADID/extracted/kadid10k/images/I22_25_02.png,I22.png,22,25,2,4.03,0.657,18.67620277404785,0.04897036100010155,0
I22_25_04.png,/kaggle/working/MDFS/data/KADID/extracted/kadid10k/images/I22_25_04.png,I22.png,22,25,4,4.03,0.482,17.84317398071289,0.036829680000664666,0
I23_01_01.png,/kaggle/working/MDFS/data/KADID/extracted/kadid10k/images/I23_01_01.png,I23.png,23,1,1,4.73,0.629,20.234758377075195,0.038720798999747785,0
I23_01_03.png,/kaggle/working/MDFS/data/KADID/extracted/kadid10k/images/I23_01_03.png,I23.png,23,1,3,3.03,0.752,22.868392944335938,0.0390538049996394,0
I23_01_05.png,/kaggle/working/MDFS/data/KADID/extracted/kadid10k/images/I23_01_05.png,I23.png,23,1,5,1.33,0.471,39.379703521728516,0.036942443999578245,0
I23_02_02.png,/kaggle/working/MDFS/data/KADID/extracted/kadid10k/images/I23_02_02.png,I23.png,23,2,2,2.97,0.795,24.04225730895996,0.03852664900023228,0
I23_02_04.png,/kaggle/working/MDFS/data/KADID/extracted/kadid10k/images/I23_02_04.png,I23.png,23,2,4,1.5,0.563,28.204050064086914,0.03876227199998539,0
I23_03_01.png,/kaggle/working/MDFS/data/KADID/extracted/kadid10k/images/I23_03_01.png,I23.png,23,3,1,4.93,0.249,20.234758377075195,0.04025868899952911,0
I23_03_03.png,/kaggle/working/MDFS/data/KADID/extracted/kadid10k/images/I23_03_03.png,I23.png,23,3,3,3.3,0.737,22.109895706176758,0.03921232499942562,0
I23_03_05.png,/kaggle/working/MDFS/data/KADID/extracted/kadid10k/images/I23_03_05.png,I23.png,23,3,5,2.07,0.629,23.7598819732666,0.038794473000052676,0
I23_04_02.png,/kaggle/working/MDFS/data/KADID/extracted/kadid10k/images/I23_04_02.png,I23.png,23,4,2,2.53,0.846,22.462364196777344,0.03876361899983749,0
I23_04_04.png,/kaggle/working/MDFS/data/KADID/extracted/kadid10k/images/I23_04_04.png,I23.png,23,4,4,1.17,0.373,24.76304054260254,0.03726122599982773,0
I23_05_01.png,/kaggle/working/MDFS/data/KADID/extracted/kadid10k/images/I23_05_01.png,I23.png,23,5,1,4.71,0.454,20.823762893676758,0.039432462000149826,0
I23_05_03.png,/kaggle/working/MDFS/data/KADID/extracted/kadid10k/images/I23_05_03.png,I23.png,23,5,3,2.06,0.878,21.412025451660156,0.03854071500063583,0
I23_05_05.png,/kaggle/working/MDFS/data/KADID/extracted/kadid10k/images/I23_05_05.png,I23.png,23,5,5,1.91,0.805,20.917558670043945,0.03885166500003834,0
I23_06_02.png,/kaggle/working/MDFS/data/KADID/extracted/kadid10k/images/I23_06_02.png,I23.png,23,6,2,3.8,1.166,21.834335327148438,0.03598522100037371,0
I23_06_04.png,/kaggle/working/MDFS/data/KADID/extracted/kadid10k/images/I23_06_04.png,I23.png,23,6,4,3.1,0.817,22.526906967163086,0.03462603499974648,0
I23_07_01.png,/kaggle/working/MDFS/data/KADID/extracted/kadid10k/images/I23_07_01.png,I23.png,23,7,1,2.97,0.983,20.099565505981445,0.03848427299999457,0
I23_07_03.png,/kaggle/working/MDFS/data/KADID/extracted/kadid10k/images/I23_07_03.png,I23.png,23,7,3,1.93,0.772,20.977012634277344,0.03805909299990162,0
I23_07_05.png,/kaggle/working/MDFS/data/KADID/extracted/kadid10k/images/I23_07_05.png,I23.png,23,7,5,1.7,0.781,20.5457820892334,0.03846661099942139,0
I23_08_02.png,/kaggle/working/MDFS/data/KADID/extracted/kadid10k/images/I23_08_02.png,I23.png,23,8,2,3.57,0.989,21.960012435913086,0.03926755199972831,0
I23_08_04.png,/kaggle/working/MDFS/data/KADID/extracted/kadid10k/images/I23_08_04.png,I23.png,23,8,4,2.2,1.046,25.663148880004883,0.03789892299937492,0
I23_09_01.png,/kaggle/working/MDFS/data/KADID/extracted/kadid10k/images/I23_09_01.png,I23.png,23,9,1,4.67,0.537,20.459861755371094,0.0387181710002551,0
I23_09_03.png,/kaggle/working/MDFS/data/KADID/extracted/kadid10k/images/I23_09_03.png,I23.png,23,9,3,3.13,0.806,24.424043655395508,0.03956984099932015,0
I23_09_05.png,/kaggle/working/MDFS/data/KADID/extracted/kadid10k/images/I23_09_05.png,I23.png,23,9,5,1.23,0.423,37.34436798095703,0.03784364400053164,0
I23_10_02.png,/kaggle/working/MDFS/data/KADID/extracted/kadid10k/images/I23_10_02.png,I23.png,23,10,2,4.4,0.663,20.97797393798828,0.03786066400061827,0
I23_10_04.png,/kaggle/working/MDFS/data/KADID/extracted/kadid10k/images/I23_10_04.png,I23.png,23,10,4,2.57,0.883,27.465351104736328,0.037321220000194444,0
I23_11_01.png,/kaggle/working/MDFS/data/KADID/extracted/kadid10k/images/I23_11_01.png,I23.png,23,11,1,4.17,0.86,20.97803497314453,0.0379609290002918,0
I23_11_03.png,/kaggle/working/MDFS/data/KADID/extracted/kadid10k/images/I23_11_03.png,I23.png,23,11,3,3.3,0.971,22.034090042114258,0.037351074000071094,0
I23_11_05.png,/kaggle/working/MDFS/data/KADID/extracted/kadid10k/images/I23_11_05.png,I23.png,23,11,5,2.63,0.752,24.871341705322266,0.03656087999934243,0
I23_12_02.png,/kaggle/working/MDFS/data/KADID/extracted/kadid10k/images/I23_12_02.png,I23.png,23,12,2,4.33,0.65,21.106098175048828,0.03653980000035517,0
I23_12_04.png,/kaggle/working/MDFS/data/KADID/extracted/kadid10k/images/I23_12_04.png,I23.png,23,12,4,3.1,0.87,22.987916946411133,0.03634686799978226,0
I23_13_01.png,/kaggle/working/MDFS/data/KADID/extracted/kadid10k/images/I23_13_01.png,I23.png,23,13,1,4.03,0.795,20.343830108642578,0.038231555000493245,0
I23_13_03.png,/kaggle/working/MDFS/data/KADID/extracted/kadid10k/images/I23_13_03.png,I23.png,23,13,3,2.83,0.82,21.653982162475586,0.03921915499995521,0
I23_13_05.png,/kaggle/working/MDFS/data/KADID/extracted/kadid10k/images/I23_13_05.png,I23.png,23,13,5,2.77,1.055,24.32633399963379,0.03993069399984961,0
I23_14_02.png,/kaggle/working/MDFS/data/KADID/extracted/kadid10k/images/I23_14_02.png,I23.png,23,14,2,3.47,0.921,20.6740665435791,0.038683409000441316,0
I23_14_04.png,/kaggle/working/MDFS/data/KADID/extracted/kadid10k/images/I23_14_04.png,I23.png,23,14,4,2.9,0.978,22.268579483032227,0.03805961899979593,0
I23_15_01.png,/kaggle/working/MDFS/data/KADID/extracted/kadid10k/images/I23_15_01.png,I23.png,23,15,1,3.97,0.795,20.483938217163086,0.04041173899986461,0
I23_15_03.png,/kaggle/working/MDFS/data/KADID/extracted/kadid10k/images/I23_15_03.png,I23.png,23,15,3,2.53,0.806,21.392627716064453,0.039663417999690864,0
I23_15_05.png,/kaggle/working/MDFS/data/KADID/extracted/kadid10k/images/I23_15_05.png,I23.png,23,15,5,1.67,0.596,22.948810577392578,0.037171029999626626,0
I23_16_02.png,/kaggle/working/MDFS/data/KADID/extracted/kadid10k/images/I23_16_02.png,I23.png,23,16,2,4.47,0.499,20.387048721313477,0.03886075299942604,0
I23_16_04.png,/kaggle/working/MDFS/data/KADID/extracted/kadid10k/images/I23_16_04.png,I23.png,23,16,4,3.2,0.748,21.032270431518555,0.038160682000125234,0
I23_17_01.png,/kaggle/working/MDFS/data/KADID/extracted/kadid10k/images/I23_17_01.png,I23.png,23,17,1,4.67,0.537,20.178659439086914,0.04039327500049694,0
I23_17_03.png,/kaggle/working/MDFS/data/KADID/extracted/kadid10k/images/I23_17_03.png,I23.png,23,17,3,4.53,0.562,20.09387969970703,0.03855125700010831,0
I23_17_05.png,/kaggle/working/MDFS/data/KADID/extracted/kadid10k/images/I23_17_05.png,I23.png,23,17,5,2.67,1.164,22.12464141845703,0.03625334800017299,0
I23_18_02.png,/kaggle/working/MDFS/data/KADID/extracted/kadid10k/images/I23_18_02.png,I23.png,23,18,2,4.6,0.49,20.51358985900879,0.0388274110000566,0
I23_18_04.png,/kaggle/working/MDFS/data/KADID/extracted/kadid10k/images/I23_18_04.png,I23.png,23,18,4,4.43,0.496,20.494413375854492,0.038995351000266965,0
I23_19_01.png,/kaggle/working/MDFS/data/KADID/extracted/kadid10k/images/I23_19_01.png,I23.png,23,19,1,4.6,0.49,19.959978103637695,0.03853683799934515,0
I23_19_03.png,/kaggle/working/MDFS/data/KADID/extracted/kadid10k/images/I23_19_03.png,I23.png,23,19,3,3.4,0.8,20.395591735839844,0.038316203000249516,0
I23_19_05.png,/kaggle/working/MDFS/data/KADID/extracted/kadid10k/images/I23_19_05.png,I23.png,23,19,5,1.23,0.423,25.62822151184082,0.03913479000038933,0
I23_20_02.png,/kaggle/working/MDFS/data/KADID/extracted/kadid10k/images/I23_20_02.png,I23.png,23,20,2,2.72,1.152,19.926767349243164,0.03905469900018943,0
I23_20_04.png,/kaggle/working/MDFS/data/KADID/extracted/kadid10k/images/I23_20_04.png,I23.png,23,20,4,2.3,0.971,19.960739135742188,0.039389307999954326,0
I23_21_01.png,/kaggle/working/MDFS/data/KADID/extracted/kadid10k/images/I23_21_01.png,I23.png,23,21,1,4.27,0.772,19.88295555114746,0.039136847000008856,0
I23_21_03.png,/kaggle/working/MDFS/data/KADID/extracted/kadid10k/images/I23_21_03.png,I23.png,23,21,3,2.97,0.836,20.764554977416992,0.03793079299975943,0
I23_21_05.png,/kaggle/working/MDFS/data/KADID/extracted/kadid10k/images/I23_21_05.png,I23.png,23,21,5,1.47,0.618,33.78604507446289,0.0341248220001944,0
I23_22_02.png,/kaggle/working/MDFS/data/KADID/extracted/kadid10k/images/I23_22_02.png,I23.png,23,22,2,4.77,0.496,20.852754592895508,0.03781103199980862,0
I23_22_04.png,/kaggle/working/MDFS/data/KADID/extracted/kadid10k/images/I23_22_04.png,I23.png,23,22,4,4.43,0.761,21.0054874420166,0.037939058000119985,0
I23_23_01.png,/kaggle/working/MDFS/data/KADID/extracted/kadid10k/images/I23_23_01.png,I23.png,23,23,1,2.57,0.883,20.03515625,0.039094503999876906,0
I23_23_03.png,/kaggle/working/MDFS/data/KADID/extracted/kadid10k/images/I23_23_03.png,I23.png,23,23,3,2.0,0.816,19.93505096435547,0.03978902700055187,0
I23_23_05.png,/kaggle/working/MDFS/data/KADID/extracted/kadid10k/images/I23_23_05.png,I23.png,23,23,5,2.47,1.087,19.904932022094727,0.039336398000159534,0
I23_24_02.png,/kaggle/working/MDFS/data/KADID/extracted/kadid10k/images/I23_24_02.png,I23.png,23,24,2,3.13,0.957,23.409229278564453,0.03990251599952899,0
I23_24_04.png,/kaggle/working/MDFS/data/KADID/extracted/kadid10k/images/I23_24_04.png,I23.png,23,24,4,1.83,0.734,26.996244430541992,0.0380533050001759,0
I23_25_01.png,/kaggle/working/MDFS/data/KADID/extracted/kadid10k/images/I23_25_01.png,I23.png,23,25,1,4.23,0.616,21.391944885253906,0.039176641999802087,0
I23_25_03.png,/kaggle/working/MDFS/data/KADID/extracted/kadid10k/images/I23_25_03.png,I23.png,23,25,3,4.37,0.547,20.53122329711914,0.03895132500019827,0
I23_25_05.png,/kaggle/working/MDFS/data/KADID/extracted/kadid10k/images/I23_25_05.png,I23.png,23,25,5,3.9,0.651,20.55893325805664,0.03810927599988645,0
I24_01_02.png,/kaggle/working/MDFS/data/KADID/extracted/kadid10k/images/I24_01_02.png,I24.png,24,1,2,4.03,0.912,18.50320053100586,0.03825516999950196,0
I24_01_04.png,/kaggle/working/MDFS/data/KADID/extracted/kadid10k/images/I24_01_04.png,I24.png,24,1,4,1.7,0.64,31.817981719970703,0.03754984599981981,0
I24_02_01.png,/kaggle/working/MDFS/data/KADID/extracted/kadid10k/images/I24_02_01.png,I24.png,24,2,1,3.57,0.883,20.070171356201172,0.037878004999583936,0
I24_02_03.png,/kaggle/working/MDFS/data/KADID/extracted/kadid10k/images/I24_02_03.png,I24.png,24,2,3,1.77,0.616,30.691770553588867,0.03751938999994309,0
I24_02_05.png,/kaggle/working/MDFS/data/KADID/extracted/kadid10k/images/I24_02_05.png,I24.png,24,2,5,1.33,0.537,33.51190185546875,0.038159470000209694,0
I24_03_02.png,/kaggle/working/MDFS/data/KADID/extracted/kadid10k/images/I24_03_02.png,I24.png,24,3,2,4.0,0.931,19.23607063293457,0.039425984999979846,0
I24_03_04.png,/kaggle/working/MDFS/data/KADID/extracted/kadid10k/images/I24_03_04.png,I24.png,24,3,4,2.4,0.8,23.153789520263672,0.03890722599953733,0
I24_04_01.png,/kaggle/working/MDFS/data/KADID/extracted/kadid10k/images/I24_04_01.png,I24.png,24,4,1,4.53,0.562,18.6434383392334,0.03798341600031563,0
I24_04_03.png,/kaggle/working/MDFS/data/KADID/extracted/kadid10k/images/I24_04_03.png,I24.png,24,4,3,2.03,0.795,22.554353713989258,0.03641545600021345,0
I24_04_05.png,/kaggle/working/MDFS/data/KADID/extracted/kadid10k/images/I24_04_05.png,I24.png,24,4,5,1.26,0.438,25.920757293701172,0.035608952999609755,0
I24_05_02.png,/kaggle/working/MDFS/data/KADID/extracted/kadid10k/images/I24_05_02.png,I24.png,24,5,2,2.47,0.718,19.05564308166504,0.03732611400027963,0
I24_05_04.png,/kaggle/working/MDFS/data/KADID/extracted/kadid10k/images/I24_05_04.png,I24.png,24,5,4,2.0,0.931,18.686370849609375,0.03850587699980679,0
I24_06_01.png,/kaggle/working/MDFS/data/KADID/extracted/kadid10k/images/I24_06_01.png,I24.png,24,6,1,4.27,0.772,20.456958770751953,0.03654863700012356,0
I24_06_03.png,/kaggle/working/MDFS/data/KADID/extracted/kadid10k/images/I24_06_03.png,I24.png,24,6,3,3.8,0.945,21.164257049560547,0.03594638499998837,0
I24_06_05.png,/kaggle/working/MDFS/data/KADID/extracted/kadid10k/images/I24_06_05.png,I24.png,24,6,5,2.67,0.83,24.026025772094727,0.03318266800033598,0
I24_07_02.png,/kaggle/working/MDFS/data/KADID/extracted/kadid10k/images/I24_07_02.png,I24.png,24,7,2,2.43,1.086,18.885910034179688,0.03792732000056276,0
I24_07_04.png,/kaggle/working/MDFS/data/KADID/extracted/kadid10k/images/I24_07_04.png,I24.png,24,7,4,2.23,1.023,24.04690170288086,0.03656531099932181,0
I24_08_01.png,/kaggle/working/MDFS/data/KADID/extracted/kadid10k/images/I24_08_01.png,I24.png,24,8,1,4.5,0.5,17.984155654907227,0.03902276000007987,0
I24_08_03.png,/kaggle/working/MDFS/data/KADID/extracted/kadid10k/images/I24_08_03.png,I24.png,24,8,3,2.83,0.898,20.704504013061523,0.037914621999334486,0
I24_08_05.png,/kaggle/working/MDFS/data/KADID/extracted/kadid10k/images/I24_08_05.png,I24.png,24,8,5,1.7,0.69,24.89731788635254,0.03703952800060506,0
I24_09_02.png,/kaggle/working/MDFS/data/KADID/extracted/kadid10k/images/I24_09_02.png,I24.png,24,9,2,4.19,0.591,20.33709716796875,0.037860991999878024,0
I24_09_04.png,/kaggle/working/MDFS/data/KADID/extracted/kadid10k/images/I24_09_04.png,I24.png,24,9,4,2.13,0.806,29.91129493713379,0.03793922200020461,0
I24_10_01.png,/kaggle/working/MDFS/data/KADID/extracted/kadid10k/images/I24_10_01.png,I24.png,24,10,1,4.47,0.763,19.596662521362305,0.03824777499994525,0
I24_10_03.png,/kaggle/working/MDFS/data/KADID/extracted/kadid10k/images/I24_10_03.png,I24.png,24,10,3,3.97,1.016,21.89357566833496,0.03751562500019645,0
I24_10_05.png,/kaggle/working/MDFS/data/KADID/extracted/kadid10k/images/I24_10_05.png,I24.png,24,10,5,1.57,0.559,34.718788146972656,0.03635795700029121,0
I24_11_02.png,/kaggle/working/MDFS/data/KADID/extracted/kadid10k/images/I24_11_02.png,I24.png,24,11,2,3.07,0.929,20.959854125976562,0.03742516300007992,0
I24_11_04.png,/kaggle/working/MDFS/data/KADID/extracted/kadid10k/images/I24_11_04.png,I24.png,24,11,4,2.53,0.957,23.355764389038086,0.03660413299985521,0
I24_12_01.png,/kaggle/working/MDFS/data/KADID/extracted/kadid10k/images/I24_12_01.png,I24.png,24,12,1,4.3,0.737,18.84527015686035,0.03617939800005843,0
I24_12_03.png,/kaggle/working/MDFS/data/KADID/extracted/kadid10k/images/I24_12_03.png,I24.png,24,12,3,2.33,0.65,21.388545989990234,0.03586426699985168,0
I24_12_05.png,/kaggle/working/MDFS/data/KADID/extracted/kadid10k/images/I24_12_05.png,I24.png,24,12,5,2.0,0.632,24.856908798217773,0.036950425999748404,0
I24_13_02.png,/kaggle/working/MDFS/data/KADID/extracted/kadid10k/images/I24_13_02.png,I24.png,24,13,2,3.0,0.856,18.879709243774414,0.03910991800057673,0
I24_13_04.png,/kaggle/working/MDFS/data/KADID/extracted/kadid10k/images/I24_13_04.png,I24.png,24,13,4,2.1,0.831,21.881078720092773,0.039062960000592284,0
I24_14_01.png,/kaggle/working/MDFS/data/KADID/extracted/kadid10k/images/I24_14_01.png,I24.png,24,14,1,4.3,0.64,18.601049423217773,0.03903822600022977,0
I24_14_03.png,/kaggle/working/MDFS/data/KADID/extracted/kadid10k/images/I24_14_03.png,I24.png,24,14,3,2.8,0.98,20.558856964111328,0.03740283499973884,0
I24_14_05.png,/kaggle/working/MDFS/data/KADID/extracted/kadid10k/images/I24_14_05.png,I24.png,24,14,5,1.93,0.629,24.8424129486084,0.03647488899969176,0
I24_15_02.png,/kaggle/working/MDFS/data/KADID/extracted/kadid10k/images/I24_15_02.png,I24.png,24,15,2,2.43,1.023,21.065793991088867,0.03818561099978979,0
I24_15_04.png,/kaggle/working/MDFS/data/KADID/extracted/kadid10k/images/I24_15_04.png,I24.png,24,15,4,1.53,0.618,23.957849502563477,0.03591923400017549,0
I24_16_01.png,/kaggle/working/MDFS/data/KADID/extracted/kadid10k/images/I24_16_01.png,I24.png,24,16,1,4.5,0.619,17.937477111816406,0.03796065999995335,0
I24_16_03.png,/kaggle/working/MDFS/data/KADID/extracted/kadid10k/images/I24_16_03.png,I24.png,24,16,3,3.94,0.669,18.19186019897461,0.03893874500045058,0
I24_16_05.png,/kaggle/working/MDFS/data/KADID/extracted/kadid10k/images/I24_16_05.png,I24.png,24,16,5,1.43,0.559,22.68477439880371,0.039602715999535576,0
I24_17_02.png,/kaggle/working/MDFS/data/KADID/extracted/kadid10k/images/I24_17_02.png,I24.png,24,17,2,4.37,0.875,17.994857788085938,0.038383142000384396,0
I24_17_04.png,/kaggle/working/MDFS/data/KADID/extracted/kadid10k/images/I24_17_04.png,I24.png,24,17,4,3.57,0.883,18.17914581298828,0.0381952640000236,0
I24_18_01.png,/kaggle/working/MDFS/data/KADID/extracted/kadid10k/images/I24_18_01.png,I24.png,24,18,1,4.0,0.816,18.65956687927246,0.03773486700083595,0
I24_18_03.png,/kaggle/working/MDFS/data/KADID/extracted/kadid10k/images/I24_18_03.png,I24.png,24,18,3,4.7,0.458,17.984155654907227,0.0376200599994263,0
I24_18_05.png,/kaggle/working/MDFS/data/KADID/extracted/kadid10k/images/I24_18_05.png,I24.png,24,18,5,4.27,0.512,18.488523483276367,0.037555900999905134,0
I24_19_02.png,/kaggle/working/MDFS/data/KADID/extracted/kadid10k/images/I24_19_02.png,I24.png,24,19,2,4.5,0.671,17.94969367980957,0.03749857200000406,0
I24_19_04.png,/kaggle/working/MDFS/data/KADID/extracted/kadid10k/images/I24_19_04.png,I24.png,24,19,4,2.67,0.869,20.94331169128418,0.03640762099985295,0
I24_20_01.png,/kaggle/working/MDFS/data/KADID/extracted/kadid10k/images/I24_20_01.png,I24.png,24,20,1,4.0,0.966,17.96299934387207,0.0389400009999008,0
I24_20_03.png,/kaggle/working/MDFS/data/KADID/extracted/kadid10k/images/I24_20_03.png,I24.png,24,20,3,3.73,1.123,17.8958797454834,0.03872710800078494,0
I24_20_05.png,/kaggle/working/MDFS/data/KADID/extracted/kadid10k/images/I24_20_05.png,I24.png,24,20,5,2.53,0.957,17.91790771484375,0.03870536999966134,0
I24_21_02.png,/kaggle/working/MDFS/data/KADID/extracted/kadid10k/images/I24_21_02.png,I24.png,24,21,2,3.53,1.147,18.819427490234375,0.038049788000535045,0
I24_21_04.png,/kaggle/working/MDFS/data/KADID/extracted/kadid10k/images/I24_21_04.png,I24.png,24,21,4,2.97,1.048,20.30314826965332,0.036346045999380294,0
I24_22_01.png,/kaggle/working/MDFS/data/KADID/extracted/kadid10k/images/I24_22_01.png,I24.png,24,22,1,4.07,0.892,18.50147247314453,0.036750281999957224,0
I24_22_03.png,/kaggle/working/MDFS/data/KADID/extracted/kadid10k/images/I24_22_03.png,I24.png,24,22,3,3.07,0.929,18.745149612426758,0.03630110399990372,0
I24_22_05.png,/kaggle/working/MDFS/data/KADID/extracted/kadid10k/images/I24_22_05.png,I24.png,24,22,5,2.9,0.831,19.873538970947266,0.03642696099996101,0
I24_23_02.png,/kaggle/working/MDFS/data/KADID/extracted/kadid10k/images/I24_23_02.png,I24.png,24,23,2,2.1,0.746,18.03365135192871,0.03822725800000626,0
I24_23_04.png,/kaggle/working/MDFS/data/KADID/extracted/kadid10k/images/I24_23_04.png,I24.png,24,23,4,1.57,0.559,18.24428367614746,0.037642508999852,0
I24_24_01.png,/kaggle/working/MDFS/data/KADID/extracted/kadid10k/images/I24_24_01.png,I24.png,24,24,1,3.73,0.929,18.69702911376953,0.03764427500027523,0
I24_24_03.png,/kaggle/working/MDFS/data/KADID/extracted/kadid10k/images/I24_24_03.png,I24.png,24,24,3,2.07,0.68,20.53357696533203,0.03962322799998219,0
I24_24_05.png,/kaggle/working/MDFS/data/KADID/extracted/kadid10k/images/I24_24_05.png,I24.png,24,24,5,1.16,0.368,25.22466278076172,0.03836467499968421,0
I24_25_02.png,/kaggle/working/MDFS/data/KADID/extracted/kadid10k/images/I24_25_02.png,I24.png,24,25,2,3.83,0.934,18.69878578186035,0.037327342000025965,0
I24_25_04.png,/kaggle/working/MDFS/data/KADID/extracted/kadid10k/images/I24_25_04.png,I24.png,24,25,4,3.83,0.969,18.1031436920166,0.03747599800044554,0
I25_01_01.png,/kaggle/working/MDFS/data/KADID/extracted/kadid10k/images/I25_01_01.png,I25.png,25,1,1,4.43,0.667,17.232351303100586,0.0372495550000167,0
I25_01_03.png,/kaggle/working/MDFS/data/KADID/extracted/kadid10k/images/I25_01_03.png,I25.png,25,1,3,3.2,0.945,21.80113410949707,0.039056298000105016,0
I25_01_05.png,/kaggle/working/MDFS/data/KADID/extracted/kadid10k/images/I25_01_05.png,I25.png,25,1,5,1.37,0.482,38.27102279663086,0.03732128400042711,0
I25_02_02.png,/kaggle/working/MDFS/data/KADID/extracted/kadid10k/images/I25_02_02.png,I25.png,25,2,2,2.87,1.056,23.60166358947754,0.0378166919999785,0
I25_02_04.png,/kaggle/working/MDFS/data/KADID/extracted/kadid10k/images/I25_02_04.png,I25.png,25,2,4,1.73,0.629,29.18058967590332,0.03680108700064011,0
I25_03_01.png,/kaggle/working/MDFS/data/KADID/extracted/kadid10k/images/I25_03_01.png,I25.png,25,3,1,4.77,0.423,17.232351303100586,0.036682074000054854,0
I25_03_03.png,/kaggle/working/MDFS/data/KADID/extracted/kadid10k/images/I25_03_03.png,I25.png,25,3,3,3.1,0.87,21.798982620239258,0.03805626099983783,0
I25_03_05.png,/kaggle/working/MDFS/data/KADID/extracted/kadid10k/images/I25_03_05.png,I25.png,25,3,5,1.73,0.629,22.26191520690918,0.03804359599962481,0
I25_04_02.png,/kaggle/working/MDFS/data/KADID/extracted/kadid10k/images/I25_04_02.png,I25.png,25,4,2,3.03,1.104,18.544780731201172,0.036795277999772225,0
I25_04_04.png,/kaggle/working/MDFS/data/KADID/extracted/kadid10k/images/I25_04_04.png,I25.png,25,4,4,2.07,0.998,19.706205368041992,0.03677023900036147,0
I25_05_01.png,/kaggle/working/MDFS/data/KADID/extracted/kadid10k/images/I25_05_01.png,I25.png,25,5,1,4.5,0.671,17.593664169311523,0.03731588600021496,0
I25_05_03.png,/kaggle/working/MDFS/data/KADID/extracted/kadid10k/images/I25_05_03.png,I25.png,25,5,3,2.23,0.844,17.916101455688477,0.03641787200012914,0
I25_05_05.png,/kaggle/working/MDFS/data/KADID/extracted/kadid10k/images/I25_05_05.png,I25.png,25,5,5,2.73,1.236,17.499937057495117,0.036072345999855315,0
I25_06_02.png,/kaggle/working/MDFS/data/KADID/extracted/kadid10k/images/I25_06_02.png,I25.png,25,6,2,4.07,0.772,19.79038429260254,0.03488262500013661,0
I25_06_04.png,/kaggle/working/MDFS/data/KADID/extracted/kadid10k/images/I25_06_04.png,I25.png,25,6,4,3.2,1.013,21.538761138916016,0.03460991900010413,0
I25_07_01.png,/kaggle/working/MDFS/data/KADID/extracted/kadid10k/images/I25_07_01.png,I25.png,25,7,1,2.5,1.025,17.878652572631836,0.03816258999995625,0
I25_07_03.png,/kaggle/working/MDFS/data/KADID/extracted/kadid10k/images/I25_07_03.png,I25.png,25,7,3,2.43,1.116,18.94863510131836,0.03813728600016475,0
I25_07_05.png,/kaggle/working/MDFS/data/KADID/extracted/kadid10k/images/I25_07_05.png,I25.png,25,7,5,1.97,0.795,18.49099349975586,0.0373179580001306,0
I25_08_02.png,/kaggle/working/MDFS/data/KADID/extracted/kadid10k/images/I25_08_02.png,I25.png,25,8,2,3.13,0.957,17.892127990722656,0.03808613100045477,0
I25_08_04.png,/kaggle/working/MDFS/data/KADID/extracted/kadid10k/images/I25_08_04.png,I25.png,25,8,4,1.7,0.737,19.132978439331055,0.03755844999977853,0
I25_09_01.png,/kaggle/working/MDFS/data/KADID/extracted/kadid10k/images/I25_09_01.png,I25.png,25,9,1,4.7,0.458,17.949739456176758,0.03776337700037402,0
I25_09_03.png,/kaggle/working/MDFS/data/KADID/extracted/kadid10k/images/I25_09_03.png,I25.png,25,9,3,4.2,0.653,21.61690902709961,0.03784343299957982,0
I25_09_05.png,/kaggle/working/MDFS/data/KADID/extracted/kadid10k/images/I25_09_05.png,I25.png,25,9,5,1.53,0.763,34.43272018432617,0.03666275500017946,0
I25_10_02.png,/kaggle/working/MDFS/data/KADID/extracted/kadid10k/images/I25_10_02.png,I25.png,25,10,2,4.63,0.547,20.56810760498047,0.036489991000053124,0
I25_10_04.png,/kaggle/working/MDFS/data/KADID/extracted/kadid10k/images/I25_10_04.png,I25.png,25,10,4,1.6,0.611,29.5384464263916,0.03503131500019663,0
I25_11_01.png,/kaggle/working/MDFS/data/KADID/extracted/kadid10k/images/I25_11_01.png,I25.png,25,11,1,4.1,0.79,20.088733673095703,0.03646923500036792,0
I25_11_03.png,/kaggle/working/MDFS/data/KADID/extracted/kadid10k/images/I25_11_03.png,I25.png,25,11,3,2.9,0.831,22.488718032836914,0.03743967200080078,0
I25_11_05.png,/kaggle/working/MDFS/data/KADID/extracted/kadid10k/images/I25_11_05.png,I25.png,25,11,5,2.37,0.912,27.911237716674805,0.03741840200018487,0
I25_12_02.png,/kaggle/working/MDFS/data/KADID/extracted/kadid10k/images/I25_12_02.png,I25.png,25,12,2,3.53,0.991,20.603681564331055,0.036643307999838726,0
I25_12_04.png,/kaggle/working/MDFS/data/KADID/extracted/kadid10k/images/I25_12_04.png,I25.png,25,12,4,2.43,0.761,24.849437713623047,0.036747963999914646,0
I25_13_01.png,/kaggle/working/MDFS/data/KADID/extracted/kadid10k/images/I25_13_01.png,I25.png,25,13,1,3.47,0.562,17.571651458740234,0.037888086000748444,0
I25_13_03.png,/kaggle/working/MDFS/data/KADID/extracted/kadid10k/images/I25_13_03.png,I25.png,25,13,3,2.3,0.737,20.5516414642334,0.036760577000677586,0
I25_13_05.png,/kaggle/working/MDFS/data/KADID/extracted/kadid10k/images/I25_13_05.png,I25.png,25,13,5,1.94,0.878,27.18855094909668,0.0382829780000975,0
I25_14_02.png,/kaggle/working/MDFS/data/KADID/extracted/kadid10k/images/I25_14_02.png,I25.png,25,14,2,4.03,0.752,18.79616928100586,0.03787762100000691,0
I25_14_04.png,/kaggle/working/MDFS/data/KADID/extracted/kadid10k/images/I25_14_04.png,I25.png,25,14,4,2.27,0.629,20.181970596313477,0.036991860000853194,0
I25_15_01.png,/kaggle/working/MDFS/data/KADID/extracted/kadid10k/images/I25_15_01.png,I25.png,25,15,1,3.63,0.948,19.975868225097656,0.03804317300000548,0
I25_15_03.png,/kaggle/working/MDFS/data/KADID/extracted/kadid10k/images/I25_15_03.png,I25.png,25,15,3,1.97,0.795,24.135316848754883,0.03643140599979233,0
I25_15_05.png,/kaggle/working/MDFS/data/KADID/extracted/kadid10k/images/I25_15_05.png,I25.png,25,15,5,1.3,0.458,26.6043701171875,0.0356054439998843,0
I25_16_02.png,/kaggle/working/MDFS/data/KADID/extracted/kadid10k/images/I25_16_02.png,I25.png,25,16,2,4.27,0.629,17.076372146606445,0.037792225999510265,0
I25_16_04.png,/kaggle/working/MDFS/data/KADID/extracted/kadid10k/images/I25_16_04.png,I25.png,25,16,4,3.43,0.883,17.987180709838867,0.03844421199937642,0
I25_17_01.png,/kaggle/working/MDFS/data/KADID/extracted/kadid10k/images/I25_17_01.png,I25.png,25,17,1,4.73,0.442,17.265886306762695,0.038753920999624825,0
I25_17_03.png,/kaggle/working/MDFS/data/KADID/extracted/kadid10k/images/I25_17_03.png,I25.png,25,17,3,4.5,0.719,17.47540855407715,0.038516059999892605,0
I25_17_05.png,/kaggle/working/MDFS/data/KADID/extracted/kadid10k/images/I25_17_05.png,I25.png,25,17,5,1.8,0.792,22.48261833190918,0.035236836999501975,0
I25_18_02.png,/kaggle/working/MDFS/data/KADID/extracted/kadid10k/images/I25_18_02.png,I25.png,25,18,2,4.73,0.442,17.204872131347656,0.03856812300000456,0
I25_18_04.png,/kaggle/working/MDFS/data/KADID/extracted/kadid10k/images/I25_18_04.png,I25.png,25,18,4,4.47,0.618,17.99146270751953,0.03651315200022509,0
I25_19_01.png,/kaggle/working/MDFS/data/KADID/extracted/kadid10k/images/I25_19_01.png,I25.png,25,19,1,4.77,0.423,16.97764015197754,0.03766683199955878,0
I25_19_03.png,/kaggle/working/MDFS/data/KADID/extracted/kadid10k/images/I25_19_03.png,I25.png,25,19,3,4.3,0.781,17.368160247802734,0.03684886499922868,0
I25_19_05.png,/kaggle/working/MDFS/data/KADID/extracted/kadid10k/images/I25_19_05.png,I25.png,25,19,5,1.73,0.68,22.074615478515625,0.037656128999515204,0
I25_20_02.png,/kaggle/working/MDFS/data/KADID/extracted/kadid10k/images/I25_20_02.png,I25.png,25,20,2,3.93,0.854,17.137916564941406,0.03790782199939713,0
I25_20_04.png,/kaggle/working/MDFS/data/KADID/extracted/kadid10k/images/I25_20_04.png,I25.png,25,20,4,3.53,1.147,17.136661529541016,0.03839218200027972,0
I25_21_01.png,/kaggle/working/MDFS/data/KADID/extracted/kadid10k/images/I25_21_01.png,I25.png,25,21,1,4.63,0.547,17.09161376953125,0.03823683600057848,0
I25_21_03.png,/kaggle/working/MDFS/data/KADID/extracted/kadid10k/images/I25_21_03.png,I25.png,25,21,3,3.57,1.23,17.630504608154297,0.03687343899946427,0
I25_21_05.png,/kaggle/working/MDFS/data/KADID/extracted/kadid10k/images/I25_21_05.png,I25.png,25,21,5,2.57,0.883,25.506887435913086,0.03335231699929864,0
I25_22_02.png,/kaggle/working/MDFS/data/KADID/extracted/kadid10k/images/I25_22_02.png,I25.png,25,22,2,4.33,0.65,18.22675323486328,0.03613137999946048,0
I25_22_04.png,/kaggle/working/MDFS/data/KADID/extracted/kadid10k/images/I25_22_04.png,I25.png,25,22,4,3.87,1.087,19.53420639038086,0.03507576300034998,0
I25_23_01.png,/kaggle/working/MDFS/data/KADID/extracted/kadid10k/images/I25_23_01.png,I25.png,25,23,1,2.43,0.883,17.286170959472656,0.037575530000140134,0
I25_23_03.png,/kaggle/working/MDFS/data/KADID/extracted/kadid10k/images/I25_23_03.png,I25.png,25,23,3,2.23,0.989,17.151460647583008,0.03788827699918329,0
I25_23_05.png,/kaggle/working/MDFS/data/KADID/extracted/kadid10k/images/I25_23_05.png,I25.png,25,23,5,2.0,0.856,17.267353057861328,0.03721738900003402,0
I25_24_02.png,/kaggle/working/MDFS/data/KADID/extracted/kadid10k/images/I25_24_02.png,I25.png,25,24,2,2.63,0.948,18.785022735595703,0.03697619300055521,0
I25_24_04.png,/kaggle/working/MDFS/data/KADID/extracted/kadid10k/images/I25_24_04.png,I25.png,25,24,4,1.57,0.761,22.913238525390625,0.03747068499978923,0
I25_25_01.png,/kaggle/working/MDFS/data/KADID/extracted/kadid10k/images/I25_25_01.png,I25.png,25,25,1,3.53,0.884,18.883895874023438,0.037898746000792016,0
I25_25_03.png,/kaggle/working/MDFS/data/KADID/extracted/kadid10k/images/I25_25_03.png,I25.png,25,25,3,4.5,0.5,17.47208023071289,0.03764236999995774,0
I25_25_05.png,/kaggle/working/MDFS/data/KADID/extracted/kadid10k/images/I25_25_05.png,I25.png,25,25,5,3.53,1.056,17.207050323486328,0.036985777000154485,0
I26_01_02.png,/kaggle/working/MDFS/data/KADID/extracted/kadid10k/images/I26_01_02.png,I26.png,26,1,2,4.43,0.616,17.37685775756836,0.038330074999976205,0
I26_01_04.png,/kaggle/working/MDFS/data/KADID/extracted/kadid10k/images/I26_01_04.png,I26.png,26,1,4,1.8,0.6,30.289798736572266,0.03738064499975735,0
I26_02_01.png,/kaggle/working/MDFS/data/KADID/extracted/kadid10k/images/I26_02_01.png,I26.png,26,2,1,4.1,0.746,18.3457088470459,0.038380837000659085,0
I26_02_03.png,/kaggle/working/MDFS/data/KADID/extracted/kadid10k/images/I26_02_03.png,I26.png,26,2,3,2.0,0.683,26.637935638427734,0.03800075900016964,0
I26_02_05.png,/kaggle/working/MDFS/data/KADID/extracted/kadid10k/images/I26_02_05.png,I26.png,26,2,5,1.27,0.442,34.48502731323242,0.037730317999375984,0
I26_03_02.png,/kaggle/working/MDFS/data/KADID/extracted/kadid10k/images/I26_03_02.png,I26.png,26,3,2,4.33,0.699,18.029441833496094,0.03902997500063066,0
I26_03_04.png,/kaggle/working/MDFS/data/KADID/extracted/kadid10k/images/I26_03_04.png,I26.png,26,3,4,2.37,0.706,20.51651954650879,0.03838060599991877,0
I26_04_01.png,/kaggle/working/MDFS/data/KADID/extracted/kadid10k/images/I26_04_01.png,I26.png,26,4,1,4.8,0.6,17.839115142822266,0.03905752899936488,0
I26_04_03.png,/kaggle/working/MDFS/data/KADID/extracted/kadid10k/images/I26_04_03.png,I26.png,26,4,3,2.9,1.106,18.653844833374023,0.03734724100013409,0
I26_04_05.png,/kaggle/working/MDFS/data/KADID/extracted/kadid10k/images/I26_04_05.png,I26.png,26,4,5,2.07,1.093,19.224760055541992,0.036115498000071966,0
I26_05_02.png,/kaggle/working/MDFS/data/KADID/extracted/kadid10k/images/I26_05_02.png,I26.png,26,5,2,2.64,1.096,19.177490234375,0.03732085699994059,0
I26_05_04.png,/kaggle/working/MDFS/data/KADID/extracted/kadid10k/images/I26_05_04.png,I26.png,26,5,4,1.77,0.667,18.719205856323242,0.03802157399968564,0
I26_06_01.png,/kaggle/working/MDFS/data/KADID/extracted/kadid10k/images/I26_06_01.png,I26.png,26,6,1,4.57,0.496,19.420076370239258,0.03599190800014185,0
I26_06_03.png,/kaggle/working/MDFS/data/KADID/extracted/kadid10k/images/I26_06_03.png,I26.png,26,6,3,4.0,0.816,20.218456268310547,0.03612539000005199,0
I26_06_05.png,/kaggle/working/MDFS/data/KADID/extracted/kadid10k/images/I26_06_05.png,I26.png,26,6,5,2.6,1.083,23.319622039794922,0.034334339999986696,0
I26_07_02.png,/kaggle/working/MDFS/data/KADID/extracted/kadid10k/images/I26_07_02.png,I26.png,26,7,2,2.3,1.005,19.478206634521484,0.03711287900023308,0
I26_07_04.png,/kaggle/working/MDFS/data/KADID/extracted/kadid10k/images/I26_07_04.png,I26.png,26,7,4,2.47,1.087,22.93817710876465,0.03627797800072585,0
I26_08_01.png,/kaggle/working/MDFS/data/KADID/extracted/kadid10k/images/I26_08_01.png,I26.png,26,8,1,4.67,0.471,17.883251190185547,0.03802421799991862,0
I26_08_03.png,/kaggle/working/MDFS/data/KADID/extracted/kadid10k/images/I26_08_03.png,I26.png,26,8,3,3.53,0.957,18.945005416870117,0.03823319000002812,0
I26_08_05.png,/kaggle/working/MDFS/data/KADID/extracted/kadid10k/images/I26_08_05.png,I26.png,26,8,5,1.77,0.844,20.715087890625,0.038524926999343734,0
I26_09_02.png,/kaggle/working/MDFS/data/KADID/extracted/kadid10k/images/I26_09_02.png,I26.png,26,9,2,4.63,0.482,19.02459716796875,0.0373306120000052,0
I26_09_04.png,/kaggle/working/MDFS/data/KADID/extracted/kadid10k/images/I26_09_04.png,I26.png,26,9,4,2.67,0.869,26.90851593017578,0.037330956000005244,0
I26_10_01.png,/kaggle/working/MDFS/data/KADID/extracted/kadid10k/images/I26_10_01.png,I26.png,26,10,1,4.6,0.611,18.74583625793457,0.03772431899960793,0
I26_10_03.png,/kaggle/working/MDFS/data/KADID/extracted/kadid10k/images/I26_10_03.png,I26.png,26,10,3,3.93,0.814,20.043495178222656,0.03671662400029163,0
I26_10_05.png,/kaggle/working/MDFS/data/KADID/extracted/kadid10k/images/I26_10_05.png,I26.png,26,10,5,1.5,0.719,30.646133422851562,0.03479809199961892,0
I26_11_02.png,/kaggle/working/MDFS/data/KADID/extracted/kadid10k/images/I26_11_02.png,I26.png,26,11,2,3.3,0.936,21.014875411987305,0.03712033000010706,0
I26_11_04.png,/kaggle/working/MDFS/data/KADID/extracted/kadid10k/images/I26_11_04.png,I26.png,26,11,4,2.8,0.833,24.17157745361328,0.03628896200007148,0
I26_12_01.png,/kaggle/working/MDFS/data/KADID/extracted/kadid10k/images/I26_12_01.png,I26.png,26,12,1,4.53,0.562,18.587806701660156,0.035991189000014856,0
I26_12_03.png,/kaggle/working/MDFS/data/KADID/extracted/kadid10k/images/I26_12_03.png,I26.png,26,12,3,2.9,0.87,21.59979820251465,0.03550908899978822,0
I26_12_05.png,/kaggle/working/MDFS/data/KADID/extracted/kadid10k/images/I26_12_05.png,I26.png,26,12,5,2.3,0.737,25.640697479248047,0.036728222999954596,0
I26_13_02.png,/kaggle/working/MDFS/data/KADID/extracted/kadid10k/images/I26_13_02.png,I26.png,26,13,2,2.9,0.831,19.248504638671875,0.03845752200049901,0
I26_13_04.png,/kaggle/working/MDFS/data/KADID/extracted/kadid10k/images/I26_13_04.png,I26.png,26,13,4,2.29,0.77,24.282197952270508,0.03728220399989368,0
I26_14_01.png,/kaggle/working/MDFS/data/KADID/extracted/kadid10k/images/I26_14_01.png,I26.png,26,14,1,4.67,0.471,18.245756149291992,0.036475857000368705,0
I26_14_03.png,/kaggle/working/MDFS/data/KADID/extracted/kadid10k/images/I26_14_03.png,I26.png,26,14,3,3.03,0.836,20.08403778076172,0.035801822999928845,0
I26_14_05.png,/kaggle/working/MDFS/data/KADID/extracted/kadid10k/images/I26_14_05.png,I26.png,26,14,5,2.23,0.761,24.45870590209961,0.035647707999487466,0
I26_15_02.png,/kaggle/working/MDFS/data/KADID/extracted/kadid10k/images/I26_15_02.png,I26.png,26,15,2,3.43,0.883,20.87371253967285,0.038006226000106835,0
I26_15_04.png,/kaggle/working/MDFS/data/KADID/extracted/kadid10k/images/I26_15_04.png,I26.png,26,15,4,2.07,0.814,22.983722686767578,0.03758169399952749,0
I26_16_01.png,/kaggle/working/MDFS/data/KADID/extracted/kadid10k/images/I26_16_01.png,I26.png,26,16,1,4.83,0.373,17.943822860717773,0.03781452099974558,0
I26_16_03.png,/kaggle/working/MDFS/data/KADID/extracted/kadid10k/images/I26_16_03.png,I26.png,26,16,3,3.57,0.955,18.169702529907227,0.037365703000432404,0
I26_16_05.png,/kaggle/working/MDFS/data/KADID/extracted/kadid10k/images/I26_16_05.png,I26.png,26,16,5,1.97,0.795,20.065628051757812,0.037264086000504903,0
I26_17_02.png,/kaggle/working/MDFS/data/KADID/extracted/kadid10k/images/I26_17_02.png,I26.png,26,17,2,4.37,0.605,17.866209030151367,0.03726698300033604,0
I26_17_04.png,/kaggle/working/MDFS/data/KADID/extracted/kadid10k/images/I26_17_04.png,I26.png,26,17,4,3.37,0.795,18.0832576751709,0.03767059300025721,0
I26_18_01.png,/kaggle/working/MDFS/data/KADID/extracted/kadid10k/images/I26_18_01.png,I26.png,26,18,1,4.5,0.5,18.04086685180664,0.0379416889991262,0
I26_18_03.png,/kaggle/working/MDFS/data/KADID/extracted/kadid10k/images/I26_18_03.png,I26.png,26,18,3,4.74,0.438,17.883251190185547,0.03873859499981336,0
I26_18_05.png,/kaggle/working/MDFS/data/KADID/extracted/kadid10k/images/I26_18_05.png,I26.png,26,18,5,3.87,0.553,18.361513137817383,0.03877804600051604,0
I26_19_02.png,/kaggle/working/MDFS/data/KADID/extracted/kadid10k/images/I26_19_02.png,I26.png,26,19,2,3.6,0.8,17.77069854736328,0.03812681799990969,0
I26_19_04.png,/kaggle/working/MDFS/data/KADID/extracted/kadid10k/images/I26_19_04.png,I26.png,26,19,4,1.77,0.616,20.356712341308594,0.036128871999608236,0
I26_20_01.png,/kaggle/working/MDFS/data/KADID/extracted/kadid10k/images/I26_20_01.png,I26.png,26,20,1,4.23,0.761,17.85855484008789,0.03728111100008391,0
I26_20_03.png,/kaggle/working/MDFS/data/KADID/extracted/kadid10k/images/I26_20_03.png,I26.png,26,20,3,4.2,1.046,17.817018508911133,0.036548585000673484,0
I26_20_05.png,/kaggle/working/MDFS/data/KADID/extracted/kadid10k/images/I26_20_05.png,I26.png,26,20,5,3.57,1.116,17.7700252532959,0.03741927000010037,0
I26_21_02.png,/kaggle/working/MDFS/data/KADID/extracted/kadid10k/images/I26_21_02.png,I26.png,26,21,2,2.57,0.761,18.219383239746094,0.03838402800010954,0
I26_21_04.png,/kaggle/working/MDFS/data/KADID/extracted/kadid10k/images/I26_21_04.png,I26.png,26,21,4,2.57,0.92,19.39593505859375,0.03728130599938595,0
I26_22_01.png,/kaggle/working/MDFS/data/KADID/extracted/kadid10k/images/I26_22_01.png,I26.png,26,22,1,4.35,0.785,18.19930648803711,0.03688807599974098,0
I26_22_03.png,/kaggle/working/MDFS/data/KADID/extracted/kadid10k/images/I26_22_03.png,I26.png,26,22,3,4.0,0.775,18.57174301147461,0.03631555100037076,0
I26_22_05.png,/kaggle/working/MDFS/data/KADID/extracted/kadid10k/images/I26_22_05.png,I26.png,26,22,5,2.5,1.088,19.87122344970703,0.03464241799974843,0
I26_23_02.png,/kaggle/working/MDFS/data/KADID/extracted/kadid10k/images/I26_23_02.png,I26.png,26,23,2,2.2,0.909,17.803335189819336,0.038839654000184964,0
I26_23_04.png,/kaggle/working/MDFS/data/KADID/extracted/kadid10k/images/I26_23_04.png,I26.png,26,23,4,2.53,0.921,17.896146774291992,0.03920254000058776,0
I26_24_01.png,/kaggle/working/MDFS/data/KADID/extracted/kadid10k/images/I26_24_01.png,I26.png,26,24,1,3.6,0.757,18.859542846679688,0.0401700799993705,0
I26_24_03.png,/kaggle/working/MDFS/data/KADID/extracted/kadid10k/images/I26_24_03.png,I26.png,26,24,3,2.2,0.833,20.956331253051758,0.03949431799992453,0
I26_24_05.png,/kaggle/working/MDFS/data/KADID/extracted/kadid10k/images/I26_24_05.png,I26.png,26,24,5,1.43,0.559,24.7410831451416,0.038641330000245944,0
I26_25_02.png,/kaggle/working/MDFS/data/KADID/extracted/kadid10k/images/I26_25_02.png,I26.png,26,25,2,3.7,0.781,18.269821166992188,0.03882374500062724,0
I26_25_04.png,/kaggle/working/MDFS/data/KADID/extracted/kadid10k/images/I26_25_04.png,I26.png,26,25,4,4.0,0.931,17.80000877380371,0.03805500199996459,0
I27_01_01.png,/kaggle/working/MDFS/data/KADID/extracted/kadid10k/images/I27_01_01.png,I27.png,27,1,1,4.53,0.499,18.192184448242188,0.03693701600059285,0
I27_01_03.png,/kaggle/working/MDFS/data/KADID/extracted/kadid10k/images/I27_01_03.png,I27.png,27,1,3,2.4,0.841,21.208648681640625,0.03636561200073629,0
I27_01_05.png,/kaggle/working/MDFS/data/KADID/extracted/kadid10k/images/I27_01_05.png,I27.png,27,1,5,1.2,0.4,37.37632751464844,0.03538676799962559,0
I27_02_02.png,/kaggle/working/MDFS/data/KADID/extracted/kadid10k/images/I27_02_02.png,I27.png,27,2,2,2.1,0.539,22.96478843688965,0.03735307500028284,0
I27_02_04.png,/kaggle/working/MDFS/data/KADID/extracted/kadid10k/images/I27_02_04.png,I27.png,27,2,4,1.33,0.471,29.473196029663086,0.0383326750006745,0
I27_03_01.png,/kaggle/working/MDFS/data/KADID/extracted/kadid10k/images/I27_03_01.png,I27.png,27,3,1,4.4,0.611,18.192184448242188,0.039062008999280806,0
I27_03_03.png,/kaggle/working/MDFS/data/KADID/extracted/kadid10k/images/I27_03_03.png,I27.png,27,3,3,2.5,0.719,21.180803298950195,0.03806503000032535,0
I27_03_05.png,/kaggle/working/MDFS/data/KADID/extracted/kadid10k/images/I27_03_05.png,I27.png,27,3,5,1.67,0.596,21.871442794799805,0.037347976000091876,0
I27_04_02.png,/kaggle/working/MDFS/data/KADID/extracted/kadid10k/images/I27_04_02.png,I27.png,27,4,2,2.27,0.814,19.017730712890625,0.036868106999463635,0
I27_04_04.png,/kaggle/working/MDFS/data/KADID/extracted/kadid10k/images/I27_04_04.png,I27.png,27,4,4,1.17,0.373,19.847949981689453,0.03668354300043575,0
I27_05_01.png,/kaggle/working/MDFS/data/KADID/extracted/kadid10k/images/I27_05_01.png,I27.png,27,5,1,4.0,0.856,19.19860076904297,0.0587281449998045,0
I27_05_03.png,/kaggle/working/MDFS/data/KADID/extracted/kadid10k/images/I27_05_03.png,I27.png,27,5,3,1.57,0.559,19.848108291625977,0.06301202699978603,0
I27_05_05.png,/kaggle/working/MDFS/data/KADID/extracted/kadid10k/images/I27_05_05.png,I27.png,27,5,5,1.37,0.482,19.313629150390625,0.04718194900033268,0
I27_06_02.png,/kaggle/working/MDFS/data/KADID/extracted/kadid10k/images/I27_06_02.png,I27.png,27,6,2,4.1,0.831,18.774703979492188,0.03313578300003428,0
I27_06_04.png,/kaggle/working/MDFS/data/KADID/extracted/kadid10k/images/I27_06_04.png,I27.png,27,6,4,3.17,1.067,19.981870651245117,0.03384883800026728,0
I27_07_01.png,/kaggle/working/MDFS/data/KADID/extracted/kadid10k/images/I27_07_01.png,I27.png,27,7,1,2.4,1.02,19.236907958984375,0.03821393599992007,0
I27_07_03.png,/kaggle/working/MDFS/data/KADID/extracted/kadid10k/images/I27_07_03.png,I27.png,27,7,3,1.67,0.869,19.727556228637695,0.036839729999883275,0
I27_07_05.png,/kaggle/working/MDFS/data/KADID/extracted/kadid10k/images/I27_07_05.png,I27.png,27,7,5,1.7,0.586,19.406715393066406,0.037101498000083666,0
I27_08_02.png,/kaggle/working/MDFS/data/KADID/extracted/kadid10k/images/I27_08_02.png,I27.png,27,8,2,3.13,1.147,18.513343811035156,0.03690565599936235,0
I27_08_04.png,/kaggle/working/MDFS/data/KADID/extracted/kadid10k/images/I27_08_04.png,I27.png,27,8,4,1.5,0.619,20.003089904785156,0.03697003999968729,0
I27_09_01.png,/kaggle/working/MDFS/data/KADID/extracted/kadid10k/images/I27_09_01.png,I27.png,27,9,1,4.47,0.718,18.173364639282227,0.03699988900007156,0
I27_09_03.png,/kaggle/working/MDFS/data/KADID/extracted/kadid10k/images/I27_09_03.png,I27.png,27,9,3,4.27,0.629,20.288103103637695,0.03811375399982353,0
I27_09_05.png,/kaggle/working/MDFS/data/KADID/extracted/kadid10k/images/I27_09_05.png,I27.png,27,9,5,1.17,0.373,32.65630340576172,0.037880181999753404,0
I27_10_02.png,/kaggle/working/MDFS/data/KADID/extracted/kadid10k/images/I27_10_02.png,I27.png,27,10,2,3.9,0.597,19.84966278076172,0.03674927199972444,0
I27_10_04.png,/kaggle/working/MDFS/data/KADID/extracted/kadid10k/images/I27_10_04.png,I27.png,27,10,4,1.67,0.65,26.515544891357422,0.03454941199925088,0
I27_11_01.png,/kaggle/working/MDFS/data/KADID/extracted/kadid10k/images/I27_11_01.png,I27.png,27,11,1,3.23,0.844,19.22206687927246,0.03525377300047694,0
I27_11_03.png,/kaggle/working/MDFS/data/KADID/extracted/kadid10k/images/I27_11_03.png,I27.png,27,11,3,2.63,0.706,20.914934158325195,0.03691495900056907,0
I27_11_05.png,/kaggle/working/MDFS/data/KADID/extracted/kadid10k/images/I27_11_05.png,I27.png,27,11,5,1.87,0.618,25.05776596069336,0.037332136999793875,0
I27_12_02.png,/kaggle/working/MDFS/data/KADID/extracted/kadid10k/images/I27_12_02.png,I27.png,27,12,2,3.2,0.653,19.388538360595703,0.036629211000217765,0
I27_12_04.png,/kaggle/working/MDFS/data/KADID/extracted/kadid10k/images/I27_12_04.png,I27.png,27,12,4,2.3,0.586,22.63783836364746,0.036715689000629936,0
I27_13_01.png,/kaggle/working/MDFS/data/KADID/extracted/kadid10k/images/I27_13_01.png,I27.png,27,13,1,3.73,0.929,18.45501708984375,0.03811474299982365,0
I27_13_03.png,/kaggle/working/MDFS/data/KADID/extracted/kadid10k/images/I27_13_03.png,I27.png,27,13,3,2.63,0.657,20.415706634521484,0.03648087500005204,0
I27_13_05.png,/kaggle/working/MDFS/data/KADID/extracted/kadid10k/images/I27_13_05.png,I27.png,27,13,5,2.1,0.79,24.577606201171875,0.03738977099965268,0
I27_14_02.png,/kaggle/working/MDFS/data/KADID/extracted/kadid10k/images/I27_14_02.png,I27.png,27,14,2,2.97,0.875,20.288068771362305,0.03779557800044131,0
I27_14_04.png,/kaggle/working/MDFS/data/KADID/extracted/kadid10k/images/I27_14_04.png,I27.png,27,14,4,2.1,0.746,23.632814407348633,0.037234305999845674,0
I27_15_01.png,/kaggle/working/MDFS/data/KADID/extracted/kadid10k/images/I27_15_01.png,I27.png,27,15,1,3.77,0.989,18.789783477783203,0.03886278399932053,0
I27_15_03.png,/kaggle/working/MDFS/data/KADID/extracted/kadid10k/images/I27_15_03.png,I27.png,27,15,3,2.13,0.763,21.665319442749023,0.03859997499966994,0
I27_15_05.png,/kaggle/working/MDFS/data/KADID/extracted/kadid10k/images/I27_15_05.png,I27.png,27,15,5,1.52,0.561,25.447071075439453,0.03466008299983514,0
I27_16_02.png,/kaggle/working/MDFS/data/KADID/extracted/kadid10k/images/I27_16_02.png,I27.png,27,16,2,3.7,0.64,18.220773696899414,0.036960911999813106,0
I27_16_04.png,/kaggle/working/MDFS/data/KADID/extracted/kadid10k/images/I27_16_04.png,I27.png,27,16,4,1.8,0.748,23.66801643371582,0.036995137999838335,0
I27_17_01.png,/kaggle/working/MDFS/data/KADID/extracted/kadid10k/images/I27_17_01.png,I27.png,27,17,1,4.57,0.616,18.1547908782959,0.038951944000473304,0
I27_17_03.png,/kaggle/working/MDFS/data/KADID/extracted/kadid10k/images/I27_17_03.png,I27.png,27,17,3,3.97,0.752,18.167699813842773,0.03859131199988042,0
I27_17_05.png,/kaggle/working/MDFS/data/KADID/extracted/kadid10k/images/I27_17_05.png,I27.png,27,17,5,3.23,1.086,19.142974853515625,0.0380882429999474,0
I27_18_02.png,/kaggle/working/MDFS/data/KADID/extracted/kadid10k/images/I27_18_02.png,I27.png,27,18,2,4.03,0.547,18.352941513061523,0.037776722000671725,0
I27_18_04.png,/kaggle/working/MDFS/data/KADID/extracted/kadid10k/images/I27_18_04.png,I27.png,27,18,4,4.53,0.562,18.280935287475586,0.037316709000151604,0
I27_19_01.png,/kaggle/working/MDFS/data/KADID/extracted/kadid10k/images/I27_19_01.png,I27.png,27,19,1,4.03,0.875,18.043174743652344,0.03805696499966871,0
I27_19_03.png,/kaggle/working/MDFS/data/KADID/extracted/kadid10k/images/I27_19_03.png,I27.png,27,19,3,2.5,0.719,17.661970138549805,0.037011000999882526,0
I27_19_05.png,/kaggle/working/MDFS/data/KADID/extracted/kadid10k/images/I27_19_05.png,I27.png,27,19,5,1.1,0.3,21.44178581237793,0.03634979399976146,0
I27_20_02.png,/kaggle/working/MDFS/data/KADID/extracted/kadid10k/images/I27_20_02.png,I27.png,27,20,2,2.77,1.257,18.105703353881836,0.038583108999773685,0
I27_20_04.png,/kaggle/working/MDFS/data/KADID/extracted/kadid10k/images/I27_20_04.png,I27.png,27,20,4,2.23,1.086,18.02824592590332,0.037290802999450534,0
I27_21_01.png,/kaggle/working/MDFS/data/KADID/extracted/kadid10k/images/I27_21_01.png,I27.png,27,21,1,3.47,0.884,17.68803596496582,0.03666279899971414,0
I27_21_03.png,/kaggle/working/MDFS/data/KADID/extracted/kadid10k/images/I27_21_03.png,I27.png,27,21,3,2.37,0.983,18.17131233215332,0.035888069000066025,0
I27_21_05.png,/kaggle/working/MDFS/data/KADID/extracted/kadid10k/images/I27_21_05.png,I27.png,27,21,5,1.17,0.373,25.583742141723633,0.03370428699963668,0
I27_22_02.png,/kaggle/working/MDFS/data/KADID/extracted/kadid10k/images/I27_22_02.png,I27.png,27,22,2,3.7,0.9,18.400070190429688,0.03684141599933355,0
I27_22_04.png,/kaggle/working/MDFS/data/KADID/extracted/kadid10k/images/I27_22_04.png,I27.png,27,22,4,2.2,0.702,20.503881454467773,0.03589651999936905,0
I27_23_01.png,/kaggle/working/MDFS/data/KADID/extracted/kadid10k/images/I27_23_01.png,I27.png,27,23,1,2.53,0.806,17.980274200439453,0.037235779000184266,0
I27_23_03.png,/kaggle/working/MDFS/data/KADID/extracted/kadid10k/images/I27_23_03.png,I27.png,27,23,3,2.47,0.991,18.06460189819336,0.050070592000338365,0
I27_23_05.png,/kaggle/working/MDFS/data/KADID/extracted/kadid10k/images/I27_23_05.png,I27.png,27,23,5,2.13,0.763,18.107067108154297,0.052571090000128606,0
I27_24_02.png,/kaggle/working/MDFS/data/KADID/extracted/kadid10k/images/I27_24_02.png,I27.png,27,24,2,2.1,0.831,20.966623306274414,0.05054979800024739,0
I27_24_04.png,/kaggle/working/MDFS/data/KADID/extracted/kadid10k/images/I27_24_04.png,I27.png,27,24,4,1.37,0.482,24.228973388671875,0.03634120599963353,0
I27_25_01.png,/kaggle/working/MDFS/data/KADID/extracted/kadid10k/images/I27_25_01.png,I27.png,27,25,1,3.23,1.007,19.562753677368164,0.03812872199978301,0
I27_25_03.png,/kaggle/working/MDFS/data/KADID/extracted/kadid10k/images/I27_25_03.png,I27.png,27,25,3,4.03,0.706,18.17643928527832,0.04049413499978982,0
I27_25_05.png,/kaggle/working/MDFS/data/KADID/extracted/kadid10k/images/I27_25_05.png,I27.png,27,25,5,3.07,1.123,18.27156639099121,0.0392220379999344,0
I28_01_02.png,/kaggle/working/MDFS/data/KADID/extracted/kadid10k/images/I28_01_02.png,I28.png,28,1,2,4.68,0.467,19.11155128479004,0.03666797200003202,0
I28_01_04.png,/kaggle/working/MDFS/data/KADID/extracted/kadid10k/images/I28_01_04.png,I28.png,28,1,4,2.19,0.82,29.785823822021484,0.03731638800036308,0
I28_02_01.png,/kaggle/working/MDFS/data/KADID/extracted/kadid10k/images/I28_02_01.png,I28.png,28,2,1,4.23,0.761,20.55286407470703,0.03679809200002637,0
I28_02_03.png,/kaggle/working/MDFS/data/KADID/extracted/kadid10k/images/I28_02_03.png,I28.png,28,2,3,1.93,0.629,28.45586585998535,0.03727855200031627,0
I28_02_05.png,/kaggle/working/MDFS/data/KADID/extracted/kadid10k/images/I28_02_05.png,I28.png,28,2,5,1.57,0.559,32.209102630615234,0.037736620999567094,0
I28_03_02.png,/kaggle/working/MDFS/data/KADID/extracted/kadid10k/images/I28_03_02.png,I28.png,28,3,2,4.43,0.844,19.977174758911133,0.038434968000728986,0
I28_03_04.png,/kaggle/working/MDFS/data/KADID/extracted/kadid10k/images/I28_03_04.png,I28.png,28,3,4,2.73,0.964,22.834197998046875,0.03817925800012745,0
I28_04_01.png,/kaggle/working/MDFS/data/KADID/extracted/kadid10k/images/I28_04_01.png,I28.png,28,4,1,4.17,0.82,18.568092346191406,0.03704266399927292,0
I28_04_03.png,/kaggle/working/MDFS/data/KADID/extracted/kadid10k/images/I28_04_03.png,I28.png,28,4,3,1.5,0.619,22.143037796020508,0.03537737900023785,0
I28_04_05.png,/kaggle/working/MDFS/data/KADID/extracted/kadid10k/images/I28_04_05.png,I28.png,28,4,5,1.07,0.249,24.271286010742188,0.035270503999527136,0
I28_05_02.png,/kaggle/working/MDFS/data/KADID/extracted/kadid10k/images/I28_05_02.png,I28.png,28,5,2,3.27,0.964,19.379745483398438,0.038389275000554335,0
I28_05_04.png,/kaggle/working/MDFS/data/KADID/extracted/kadid10k/images/I28_05_04.png,I28.png,28,5,4,3.1,1.075,18.96145248413086,0.03858934199979558,0
I28_06_01.png,/kaggle/working/MDFS/data/KADID/extracted/kadid10k/images/I28_06_01.png,I28.png,28,6,1,3.73,0.854,21.83436393737793,0.03558472900022025,0
I28_06_03.png,/kaggle/working/MDFS/data/KADID/extracted/kadid10k/images/I28_06_03.png,I28.png,28,6,3,3.55,0.874,22.182546615600586,0.034046912000121665,0
I28_06_05.png,/kaggle/working/MDFS/data/KADID/extracted/kadid10k/images/I28_06_05.png,I28.png,28,6,5,2.47,0.991,24.111766815185547,0.0332168159993671,0
I28_07_02.png,/kaggle/working/MDFS/data/KADID/extracted/kadid10k/images/I28_07_02.png,I28.png,28,7,2,2.4,1.143,18.506702423095703,0.03721919899999193,0
I28_07_04.png,/kaggle/working/MDFS/data/KADID/extracted/kadid10k/images/I28_07_04.png,I28.png,28,7,4,1.87,1.056,22.78711700439453,0.035672521000378765,0
I28_08_01.png,/kaggle/working/MDFS/data/KADID/extracted/kadid10k/images/I28_08_01.png,I28.png,28,8,1,4.73,0.509,18.665273666381836,0.03689697699974204,0
I28_08_03.png,/kaggle/working/MDFS/data/KADID/extracted/kadid10k/images/I28_08_03.png,I28.png,28,8,3,2.47,0.846,20.971778869628906,0.0354508860000351,0
I28_08_05.png,/kaggle/working/MDFS/data/KADID/extracted/kadid10k/images/I28_08_05.png,I28.png,28,8,5,1.4,0.49,24.170347213745117,0.0366382780002823,0
I28_09_02.png,/kaggle/working/MDFS/data/KADID/extracted/kadid10k/images/I28_09_02.png,I28.png,28,9,2,4.23,0.883,20.518821716308594,0.038044119000005594,0
I28_09_04.png,/kaggle/working/MDFS/data/KADID/extracted/kadid10k/images/I28_09_04.png,I28.png,28,9,4,3.0,0.966,26.579652786254883,0.037718853000114905,0
I28_10_01.png,/kaggle/working/MDFS/data/KADID/extracted/kadid10k/images/I28_10_01.png,I28.png,28,10,1,4.23,0.761,19.676239013671875,0.03719119499965018,0
I28_10_03.png,/kaggle/working/MDFS/data/KADID/extracted/kadid10k/images/I28_10_03.png,I28.png,28,10,3,3.8,0.833,21.316558837890625,0.03653540799950861,0
I28_10_05.png,/kaggle/working/MDFS/data/KADID/extracted/kadid10k/images/I28_10_05.png,I28.png,28,10,5,1.3,0.526,31.744115829467773,0.03389757400054805,0
I28_11_02.png,/kaggle/working/MDFS/data/KADID/extracted/kadid10k/images/I28_11_02.png,I28.png,28,11,2,3.47,0.884,21.770553588867188,0.03671445500003756,0
I28_11_04.png,/kaggle/working/MDFS/data/KADID/extracted/kadid10k/images/I28_11_04.png,I28.png,28,11,4,2.7,0.971,23.84713363647461,0.03801128699979017,0
I28_12_01.png,/kaggle/working/MDFS/data/KADID/extracted/kadid10k/images/I28_12_01.png,I28.png,28,12,1,4.47,0.718,19.871374130249023,0.036132639000243216,0
I28_12_03.png,/kaggle/working/MDFS/data/KADID/extracted/kadid10k/images/I28_12_03.png,I28.png,28,12,3,3.2,0.792,22.35873794555664,0.035260831999949005,0
I28_12_05.png,/kaggle/working/MDFS/data/KADID/extracted/kadid10k/images/I28_12_05.png,I28.png,28,12,5,2.5,0.885,24.930891036987305,0.03587097699983133,0
I28_13_02.png,/kaggle/working/MDFS/data/KADID/extracted/kadid10k/images/I28_13_02.png,I28.png,28,13,2,2.83,0.778,20.418893814086914,0.03795583800001623,0
I28_13_04.png,/kaggle/working/MDFS/data/KADID/extracted/kadid10k/images/I28_13_04.png,I28.png,28,13,4,1.97,0.657,22.988813400268555,0.037594976000036695,0
I28_14_01.png,/kaggle/working/MDFS/data/KADID/extracted/kadid10k/images/I28_14_01.png,I28.png,28,14,1,4.57,0.716,19.242660522460938,0.03732886200032226,0
I28_14_03.png,/kaggle/working/MDFS/data/KADID/extracted/kadid10k/images/I28_14_03.png,I28.png,28,14,3,3.37,0.795,20.482898712158203,0.03594423899994581,0
I28_14_05.png,/kaggle/working/MDFS/data/KADID/extracted/kadid10k/images/I28_14_05.png,I28.png,28,14,5,2.43,0.92,22.59345054626465,0.03544058799980121,0
I28_15_02.png,/kaggle/working/MDFS/data/KADID/extracted/kadid10k/images/I28_15_02.png,I28.png,28,15,2,3.13,0.957,21.47952651977539,0.03626082499977201,0
I28_15_04.png,/kaggle/working/MDFS/data/KADID/extracted/kadid10k/images/I28_15_04.png,I28.png,28,15,4,1.77,0.616,23.017507553100586,0.036734493999574624,0
I28_16_01.png,/kaggle/working/MDFS/data/KADID/extracted/kadid10k/images/I28_16_01.png,I28.png,28,16,1,4.63,0.482,18.603973388671875,0.03771112600043125,0
I28_16_03.png,/kaggle/working/MDFS/data/KADID/extracted/kadid10k/images/I28_16_03.png,I28.png,28,16,3,4.23,0.667,18.911731719970703,0.037866055000449705,0
I28_16_05.png,/kaggle/working/MDFS/data/KADID/extracted/kadid10k/images/I28_16_05.png,I28.png,28,16,5,2.3,0.971,20.33680534362793,0.03726666700003989,0
I28_17_02.png,/kaggle/working/MDFS/data/KADID/extracted/kadid10k/images/I28_17_02.png,I28.png,28,17,2,4.57,0.716,18.60917091369629,0.036488456000370206,0
I28_17_04.png,/kaggle/working/MDFS/data/KADID/extracted/kadid10k/images/I28_17_04.png,I28.png,28,17,4,3.53,0.957,19.11064910888672,0.036122374999649765,0
I28_18_01.png,/kaggle/working/MDFS/data/KADID/extracted/kadid10k/images/I28_18_01.png,I28.png,28,18,1,4.37,0.657,18.689891815185547,0.03782277900063491,0
I28_18_03.png,/kaggle/working/MDFS/data/KADID/extracted/kadid10k/images/I28_18_03.png,I28.png,28,18,3,4.23,0.92,18.665273666381836,0.038189722999959486,0
I28_18_05.png,/kaggle/working/MDFS/data/KADID/extracted/kadid10k/images/I28_18_05.png,I28.png,28,18,5,4.23,0.616,20.033082962036133,0.03626536399951874,0
I28_19_02.png,/kaggle/working/MDFS/data/KADID/extracted/kadid10k/images/I28_19_02.png,I28.png,28,19,2,4.43,0.616,18.82434844970703,0.03647881800043251,0
I28_19_04.png,/kaggle/working/MDFS/data/KADID/extracted/kadid10k/images/I28_19_04.png,I28.png,28,19,4,2.23,0.667,20.374589920043945,0.03496609899957548,0
I28_20_01.png,/kaggle/working/MDFS/data/KADID/extracted/kadid10k/images/I28_20_01.png,I28.png,28,20,1,4.23,0.761,18.411407470703125,0.037838488000488724,0
I28_20_03.png,/kaggle/working/MDFS/data/KADID/extracted/kadid10k/images/I28_20_03.png,I28.png,28,20,3,3.37,1.14,18.447973251342773,0.03795639799955097,0
I28_20_05.png,/kaggle/working/MDFS/data/KADID/extracted/kadid10k/images/I28_20_05.png,I28.png,28,20,5,2.93,1.093,18.474241256713867,0.03820118900057423,0
I28_21_02.png,/kaggle/working/MDFS/data/KADID/extracted/kadid10k/images/I28_21_02.png,I28.png,28,21,2,3.57,0.92,19.064533233642578,0.03740554400064866,0
I28_21_04.png,/kaggle/working/MDFS/data/KADID/extracted/kadid10k/images/I28_21_04.png,I28.png,28,21,4,3.07,1.263,19.68105697631836,0.0355054530000416,0
I28_22_01.png,/kaggle/working/MDFS/data/KADID/extracted/kadid10k/images/I28_22_01.png,I28.png,28,22,1,4.2,0.748,19.55251693725586,0.03440153300016391,0
I28_22_03.png,/kaggle/working/MDFS/data/KADID/extracted/kadid10k/images/I28_22_03.png,I28.png,28,22,3,3.67,0.869,20.001853942871094,0.03625395499966544,0
I28_22_05.png,/kaggle/working/MDFS/data/KADID/extracted/kadid10k/images/I28_22_05.png,I28.png,28,22,5,2.3,0.971,22.02511978149414,0.03532291899955453,0
I28_23_02.png,/kaggle/working/MDFS/data/KADID/extracted/kadid10k/images/I28_23_02.png,I28.png,28,23,2,2.03,0.706,18.58618927001953,0.03764297100042313,0
I28_23_04.png,/kaggle/working/MDFS/data/KADID/extracted/kadid10k/images/I28_23_04.png,I28.png,28,23,4,2.27,0.929,18.8729248046875,0.03716035199977341,0
I28_24_01.png,/kaggle/working/MDFS/data/KADID/extracted/kadid10k/images/I28_24_01.png,I28.png,28,24,1,4.2,0.748,18.744054794311523,0.03627567799958342,0
I28_24_03.png,/kaggle/working/MDFS/data/KADID/extracted/kadid10k/images/I28_24_03.png,I28.png,28,24,3,2.87,0.846,19.72391700744629,0.03674393700021028,0
I28_24_05.png,/kaggle/working/MDFS/data/KADID/extracted/kadid10k/images/I28_24_05.png,I28.png,28,24,5,1.6,0.611,22.888395309448242,0.03783809099968494,0
I28_25_02.png,/kaggle/working/MDFS/data/KADID/extracted/kadid10k/images/I28_25_02.png,I28.png,28,25,2,4.13,0.618,19.322967529296875,0.03741131100014172,0
I28_25_04.png,/kaggle/working/MDFS/data/KADID/extracted/kadid10k/images/I28_25_04.png,I28.png,28,25,4,4.4,0.663,18.545700073242188,0.037317016999622865,0
I29_01_01.png,/kaggle/working/MDFS/data/KADID/extracted/kadid10k/images/I29_01_01.png,I29.png,29,1,1,4.73,0.442,18.052873611450195,0.03417157399962889,0
I29_01_03.png,/kaggle/working/MDFS/data/KADID/extracted/kadid10k/images/I29_01_03.png,I29.png,29,1,3,3.47,0.763,21.545137405395508,0.03595198099992558,0
I29_01_05.png,/kaggle/working/MDFS/data/KADID/extracted/kadid10k/images/I29_01_05.png,I29.png,29,1,5,1.23,0.423,38.92925262451172,0.03612069300015719,0
I29_02_02.png,/kaggle/working/MDFS/data/KADID/extracted/kadid10k/images/I29_02_02.png,I29.png,29,2,2,3.13,0.884,23.253448486328125,0.03712454499964224,0
I29_02_04.png,/kaggle/working/MDFS/data/KADID/extracted/kadid10k/images/I29_02_04.png,I29.png,29,2,4,1.33,0.471,33.27016830444336,0.03626239699951839,0
I29_03_01.png,/kaggle/working/MDFS/data/KADID/extracted/kadid10k/images/I29_03_01.png,I29.png,29,3,1,4.77,0.423,18.052873611450195,0.034202742999696056,0
I29_03_03.png,/kaggle/working/MDFS/data/KADID/extracted/kadid10k/images/I29_03_03.png,I29.png,29,3,3,3.5,0.992,21.57744598388672,0.0350185560000682,0
I29_03_05.png,/kaggle/working/MDFS/data/KADID/extracted/kadid10k/images/I29_03_05.png,I29.png,29,3,5,2.03,0.657,23.34629249572754,0.03618959899995389,0
I29_04_02.png,/kaggle/working/MDFS/data/KADID/extracted/kadid10k/images/I29_04_02.png,I29.png,29,4,2,1.97,0.836,19.96788215637207,0.035577476999606006,0
I29_04_04.png,/kaggle/working/MDFS/data/KADID/extracted/kadid10k/images/I29_04_04.png,I29.png,29,4,4,1.17,0.373,24.40813636779785,0.034463388999938616,0
I29_05_01.png,/kaggle/working/MDFS/data/KADID/extracted/kadid10k/images/I29_05_01.png,I29.png,29,5,1,4.13,0.763,18.82123565673828,0.03462298500016914,0
I29_05_03.png,/kaggle/working/MDFS/data/KADID/extracted/kadid10k/images/I29_05_03.png,I29.png,29,5,3,1.73,0.68,19.123231887817383,0.035714740000003076,0
I29_05_05.png,/kaggle/working/MDFS/data/KADID/extracted/kadid10k/images/I29_05_05.png,I29.png,29,5,5,1.63,0.657,19.072744369506836,0.035374672999751056,0
I29_06_02.png,/kaggle/working/MDFS/data/KADID/extracted/kadid10k/images/I29_06_02.png,I29.png,29,6,2,3.47,0.806,19.610681533813477,0.033475118000751536,0
I29_06_04.png,/kaggle/working/MDFS/data/KADID/extracted/kadid10k/images/I29_06_04.png,I29.png,29,6,4,3.1,0.907,20.969085693359375,0.0344772769994961,0
I29_07_01.png,/kaggle/working/MDFS/data/KADID/extracted/kadid10k/images/I29_07_01.png,I29.png,29,7,1,2.6,1.114,18.84675407409668,0.03508519100068952,0
I29_07_03.png,/kaggle/working/MDFS/data/KADID/extracted/kadid10k/images/I29_07_03.png,I29.png,29,7,3,2.37,0.983,21.088523864746094,0.034026708000055805,0
I29_07_05.png,/kaggle/working/MDFS/data/KADID/extracted/kadid10k/images/I29_07_05.png,I29.png,29,7,5,1.93,0.772,21.176240921020508,0.03426879300059227,0
I29_08_02.png,/kaggle/working/MDFS/data/KADID/extracted/kadid10k/images/I29_08_02.png,I29.png,29,8,2,2.77,1.023,19.218454360961914,0.036642039000071236,0
I29_08_04.png,/kaggle/working/MDFS/data/KADID/extracted/kadid10k/images/I29_08_04.png,I29.png,29,8,4,1.3,0.458,23.281539916992188,0.03568252500008384,0
I29_09_01.png,/kaggle/working/MDFS/data/KADID/extracted/kadid10k/images/I29_09_01.png,I29.png,29,9,1,4.67,0.471,18.387788772583008,0.03501235600015207,0
I29_09_03.png,/kaggle/working/MDFS/data/KADID/extracted/kadid10k/images/I29_09_03.png,I29.png,29,9,3,4.57,0.496,18.93730354309082,0.03548425799999677,0
I29_09_05.png,/kaggle/working/MDFS/data/KADID/extracted/kadid10k/images/I29_09_05.png,I29.png,29,9,5,2.73,0.964,32.51100540161133,0.03665512800034776,0
I29_10_02.png,/kaggle/working/MDFS/data/KADID/extracted/kadid10k/images/I29_10_02.png,I29.png,29,10,2,4.33,0.699,21.574052810668945,0.03592262599977403,0
I29_10_04.png,/kaggle/working/MDFS/data/KADID/extracted/kadid10k/images/I29_10_04.png,I29.png,29,10,4,2.0,0.775,29.361040115356445,0.03448427500006801,0
I29_11_01.png,/kaggle/working/MDFS/data/KADID/extracted/kadid10k/images/I29_11_01.png,I29.png,29,11,1,3.8,0.748,20.8220157623291,0.03490268800032936,0
I29_11_03.png,/kaggle/working/MDFS/data/KADID/extracted/kadid10k/images/I29_11_03.png,I29.png,29,11,3,3.2,0.945,24.591110229492188,0.03556763000051433,0
I29_11_05.png,/kaggle/working/MDFS/data/KADID/extracted/kadid10k/images/I29_11_05.png,I29.png,29,11,5,2.37,0.706,30.737749099731445,0.036745073999554734,0
I29_12_02.png,/kaggle/working/MDFS/data/KADID/extracted/kadid10k/images/I29_12_02.png,I29.png,29,12,2,3.87,0.884,22.099227905273438,0.035537693000151194,0
I29_12_04.png,/kaggle/working/MDFS/data/KADID/extracted/kadid10k/images/I29_12_04.png,I29.png,29,12,4,2.67,0.699,27.446191787719727,0.035469124999508495,0
I29_13_01.png,/kaggle/working/MDFS/data/KADID/extracted/kadid10k/images/I29_13_01.png,I29.png,29,13,1,3.23,0.761,21.166824340820312,0.03468008900017594,0
I29_13_03.png,/kaggle/working/MDFS/data/KADID/extracted/kadid10k/images/I29_13_03.png,I29.png,29,13,3,2.63,0.795,29.244997024536133,0.03565347299991117,0
I29_13_05.png,/kaggle/working/MDFS/data/KADID/extracted/kadid10k/images/I29_13_05.png,I29.png,29,13,5,2.07,0.629,25.997406005859375,0.03505151500030479,0
I29_14_02.png,/kaggle/working/MDFS/data/KADID/extracted/kadid10k/images/I29_14_02.png,I29.png,29,14,2,4.43,0.716,18.961753845214844,0.034586885999488004,0
I29_14_04.png,/kaggle/working/MDFS/data/KADID/extracted/kadid10k/images/I29_14_04.png,I29.png,29,14,4,3.07,0.929,21.98622703552246,0.0357427569997526,0
I29_15_01.png,/kaggle/working/MDFS/data/KADID/extracted/kadid10k/images/I29_15_01.png,I29.png,29,15,1,3.87,0.763,21.693782806396484,0.03729559500061441,0
I29_15_03.png,/kaggle/working/MDFS/data/KADID/extracted/kadid10k/images/I29_15_03.png,I29.png,29,15,3,2.3,0.737,25.03270149230957,0.03577611499986233,0
I29_15_05.png,/kaggle/working/MDFS/data/KADID/extracted/kadid10k/images/I29_15_05.png,I29.png,29,15,5,1.58,0.61,27.0815486907959,0.03548435599986988,0
I29_16_02.png,/kaggle/working/MDFS/data/KADID/extracted/kadid10k/images/I29_16_02.png,I29.png,29,16,2,4.4,0.611,18.079500198364258,0.03397621199928835,0
I29_16_04.png,/kaggle/working/MDFS/data/KADID/extracted/kadid10k/images/I29_16_04.png,I29.png,29,16,4,2.97,0.875,18.99819564819336,0.036209631999554404,0
I29_17_01.png,/kaggle/working/MDFS/data/KADID/extracted/kadid10k/images/I29_17_01.png,I29.png,29,17,1,4.77,0.423,18.080364227294922,0.03503718799947819,0
I29_17_03.png,/kaggle/working/MDFS/data/KADID/extracted/kadid10k/images/I29_17_03.png,I29.png,29,17,3,4.3,0.458,18.2117977142334,0.03459070899953076,0
I29_17_05.png,/kaggle/working/MDFS/data/KADID/extracted/kadid10k/images/I29_17_05.png,I29.png,29,17,5,2.17,0.86,22.94976043701172,0.03327025699945807,0
I29_18_02.png,/kaggle/working/MDFS/data/KADID/extracted/kadid10k/images/I29_18_02.png,I29.png,29,18,2,4.53,0.562,18.072154998779297,0.036046569000063755,0
I29_18_04.png,/kaggle/working/MDFS/data/KADID/extracted/kadid10k/images/I29_18_04.png,I29.png,29,18,4,4.37,0.605,18.21229362487793,0.03486781400079053,0
I29_19_01.png,/kaggle/working/MDFS/data/KADID/extracted/kadid10k/images/I29_19_01.png,I29.png,29,19,1,4.71,0.454,17.961872100830078,0.03451763100019889,0
I29_19_03.png,/kaggle/working/MDFS/data/KADID/extracted/kadid10k/images/I29_19_03.png,I29.png,29,19,3,4.0,0.577,17.815950393676758,0.0355301600002349,0
I29_19_05.png,/kaggle/working/MDFS/data/KADID/extracted/kadid10k/images/I29_19_05.png,I29.png,29,19,5,1.27,0.442,22.993532180786133,0.03683147099945927,0
I29_20_02.png,/kaggle/working/MDFS/data/KADID/extracted/kadid10k/images/I29_20_02.png,I29.png,29,20,2,2.37,0.948,18.105836868286133,0.03534865300025558,0
I29_20_04.png,/kaggle/working/MDFS/data/KADID/extracted/kadid10k/images/I29_20_04.png,I29.png,29,20,4,2.3,1.295,17.91105079650879,0.03435028300009435,0
I29_21_01.png,/kaggle/working/MDFS/data/KADID/extracted/kadid10k/images/I29_21_01.png,I29.png,29,21,1,3.9,0.907,17.99163246154785,0.03614636500060442,0
I29_21_03.png,/kaggle/working/MDFS/data/KADID/extracted/kadid10k/images/I29_21_03.png,I29.png,29,21,3,3.0,0.894,18.491891860961914,0.037044053999125026,0
I29_21_05.png,/kaggle/working/MDFS/data/KADID/extracted/kadid10k/images/I29_21_05.png,I29.png,29,21,5,1.8,0.702,26.535167694091797,0.035054990999924485,0
I29_22_02.png,/kaggle/working/MDFS/data/KADID/extracted/kadid10k/images/I29_22_02.png,I29.png,29,22,2,2.73,1.062,19.88497543334961,0.03401190400018095,0
I29_22_04.png,/kaggle/working/MDFS/data/KADID/extracted/kadid10k/images/I29_22_04.png,I29.png,29,22,4,2.47,0.846,22.58685874938965,0.034690689000854036,0
I29_23_01.png,/kaggle/working/MDFS/data/KADID/extracted/kadid10k/images/I29_23_01.png,I29.png,29,23,1,2.67,0.907,18.081880569458008,0.036794616999941354,0
I29_23_03.png,/kaggle/working/MDFS/data/KADID/extracted/kadid10k/images/I29_23_03.png,I29.png,29,23,3,2.3,0.9,18.2315731048584,0.0355013999997027,0
I29_23_05.png,/kaggle/working/MDFS/data/KADID/extracted/kadid10k/images/I29_23_05.png,I29.png,29,23,5,2.33,0.699,18.391813278198242,0.035310197999933735,0
I29_24_02.png,/kaggle/working/MDFS/data/KADID/extracted/kadid10k/images/I29_24_02.png,I29.png,29,24,2,2.77,0.761,19.421855926513672,0.03552421200038225,0
I29_24_04.png,/kaggle/working/MDFS/data/KADID/extracted/kadid10k/images/I29_24_04.png,I29.png,29,24,4,1.53,0.67,23.085956573486328,0.037527006000345864,0
I29_25_01.png,/kaggle/working/MDFS/data/KADID/extracted/kadid10k/images/I29_25_01.png,I29.png,29,25,1,3.2,0.792,19.431278228759766,0.035998607999317755,0
I29_25_03.png,/kaggle/working/MDFS/data/KADID/extracted/kadid10k/images/I29_25_03.png,I29.png,29,25,3,4.17,0.687,18.2907657623291,0.0355692610000915,0
I29_25_05.png,/kaggle/working/MDFS/data/KADID/extracted/kadid10k/images/I29_25_05.png,I29.png,29,25,5,2.63,0.912,18.282085418701172,0.03472265999971569,0
I30_01_02.png,/kaggle/working/MDFS/data/KADID/extracted/kadid10k/images/I30_01_02.png,I30.png,30,1,2,4.6,0.663,22.355310440063477,0.037812524999935704,0
I30_01_04.png,/kaggle/working/MDFS/data/KADID/extracted/kadid10k/images/I30_01_04.png,I30.png,30,1,4,2.63,0.795,32.418540954589844,0.03697844500038627,0
I30_02_01.png,/kaggle/working/MDFS/data/KADID/extracted/kadid10k/images/I30_02_01.png,I30.png,30,2,1,4.67,0.537,23.5251522064209,0.03833618699991348,0
I30_02_03.png,/kaggle/working/MDFS/data/KADID/extracted/kadid10k/images/I30_02_03.png,I30.png,30,2,3,2.2,0.542,32.1985969543457,0.03682385600041016,0
I30_02_05.png,/kaggle/working/MDFS/data/KADID/extracted/kadid10k/images/I30_02_05.png,I30.png,30,2,5,1.5,0.563,36.08757400512695,0.035906023000279674,0
I30_03_02.png,/kaggle/working/MDFS/data/KADID/extracted/kadid10k/images/I30_03_02.png,I30.png,30,3,2,4.7,0.458,22.86117172241211,0.037355178000325395,0
I30_03_04.png,/kaggle/working/MDFS/data/KADID/extracted/kadid10k/images/I30_03_04.png,I30.png,30,3,4,3.0,0.856,27.256235122680664,0.037433936000525136,0
I30_04_01.png,/kaggle/working/MDFS/data/KADID/extracted/kadid10k/images/I30_04_01.png,I30.png,30,4,1,4.63,0.482,21.948110580444336,0.03838893800002552,0
I30_04_03.png,/kaggle/working/MDFS/data/KADID/extracted/kadid10k/images/I30_04_03.png,I30.png,30,4,3,1.9,0.7,31.917320251464844,0.03719215399996756,0
I30_04_05.png,/kaggle/working/MDFS/data/KADID/extracted/kadid10k/images/I30_04_05.png,I30.png,30,4,5,1.07,0.249,47.22455978393555,0.03389789599987125,0
I30_05_02.png,/kaggle/working/MDFS/data/KADID/extracted/kadid10k/images/I30_05_02.png,I30.png,30,5,2,3.83,1.003,23.14016342163086,0.03782718900038162,0
I30_05_04.png,/kaggle/working/MDFS/data/KADID/extracted/kadid10k/images/I30_05_04.png,I30.png,30,5,4,2.8,1.046,22.791290283203125,0.03755358099988371,0
I30_06_01.png,/kaggle/working/MDFS/data/KADID/extracted/kadid10k/images/I30_06_01.png,I30.png,30,6,1,4.4,0.611,23.0672607421875,0.03466724899953988,0
I30_06_03.png,/kaggle/working/MDFS/data/KADID/extracted/kadid10k/images/I30_06_03.png,I30.png,30,6,3,3.87,0.921,23.88981056213379,0.0350829809995048,0
I30_06_05.png,/kaggle/working/MDFS/data/KADID/extracted/kadid10k/images/I30_06_05.png,I30.png,30,6,5,3.13,1.147,26.357675552368164,0.0338395409999066,0
I30_07_02.png,/kaggle/working/MDFS/data/KADID/extracted/kadid10k/images/I30_07_02.png,I30.png,30,7,2,2.07,0.892,20.76453399658203,0.03657538600054977,0
I30_07_04.png,/kaggle/working/MDFS/data/KADID/extracted/kadid10k/images/I30_07_04.png,I30.png,30,7,4,2.19,1.044,23.655357360839844,0.03506909600037034,0
I30_08_01.png,/kaggle/working/MDFS/data/KADID/extracted/kadid10k/images/I30_08_01.png,I30.png,30,8,1,4.67,0.471,21.8093318939209,0.037946835000184365,0
I30_08_03.png,/kaggle/working/MDFS/data/KADID/extracted/kadid10k/images/I30_08_03.png,I30.png,30,8,3,3.33,0.943,29.226530075073242,0.035929779000070994,0
I30_08_05.png,/kaggle/working/MDFS/data/KADID/extracted/kadid10k/images/I30_08_05.png,I30.png,30,8,5,1.43,0.559,36.77598190307617,0.0333163200002673,0
I30_09_02.png,/kaggle/working/MDFS/data/KADID/extracted/kadid10k/images/I30_09_02.png,I30.png,30,9,2,4.6,0.49,22.536745071411133,0.03645980100009183,0
I30_09_04.png,/kaggle/working/MDFS/data/KADID/extracted/kadid10k/images/I30_09_04.png,I30.png,30,9,4,3.7,1.038,26.08710289001465,0.03736407999986113,0
I30_10_01.png,/kaggle/working/MDFS/data/KADID/extracted/kadid10k/images/I30_10_01.png,I30.png,30,10,1,4.53,0.562,23.031232833862305,0.03681573199992272,0
I30_10_03.png,/kaggle/working/MDFS/data/KADID/extracted/kadid10k/images/I30_10_03.png,I30.png,30,10,3,4.37,0.605,24.095548629760742,0.03601022200018633,0
I30_10_05.png,/kaggle/working/MDFS/data/KADID/extracted/kadid10k/images/I30_10_05.png,I30.png,30,10,5,1.23,0.423,36.3465576171875,0.034317575999921246,0
I30_11_02.png,/kaggle/working/MDFS/data/KADID/extracted/kadid10k/images/I30_11_02.png,I30.png,30,11,2,3.2,0.872,26.532798767089844,0.03687622899997223,0
I30_11_04.png,/kaggle/working/MDFS/data/KADID/extracted/kadid10k/images/I30_11_04.png,I30.png,30,11,4,2.73,0.629,29.377548217773438,0.0376388210006553,0
I30_12_01.png,/kaggle/working/MDFS/data/KADID/extracted/kadid10k/images/I30_12_01.png,I30.png,30,12,1,4.43,0.559,23.0761661529541,0.036981299000217405,0
I30_12_03.png,/kaggle/working/MDFS/data/KADID/extracted/kadid10k/images/I30_12_03.png,I30.png,30,12,3,3.03,0.836,26.691783905029297,0.03663282900015474,0
I30_12_05.png,/kaggle/working/MDFS/data/KADID/extracted/kadid10k/images/I30_12_05.png,I30.png,30,12,5,2.23,0.616,30.777694702148438,0.03621580300023197,0
I30_13_02.png,/kaggle/working/MDFS/data/KADID/extracted/kadid10k/images/I30_13_02.png,I30.png,30,13,2,2.97,0.875,23.59536361694336,0.035569805000704946,0
I30_13_04.png,/kaggle/working/MDFS/data/KADID/extracted/kadid10k/images/I30_13_04.png,I30.png,30,13,4,2.63,0.706,26.550920486450195,0.03575213099975372,0
I30_14_01.png,/kaggle/working/MDFS/data/KADID/extracted/kadid10k/images/I30_14_01.png,I30.png,30,14,1,4.4,0.841,23.467531204223633,0.03712576700036152,0
I30_14_03.png,/kaggle/working/MDFS/data/KADID/extracted/kadid10k/images/I30_14_03.png,I30.png,30,14,3,2.83,0.687,27.9874324798584,0.03666491599960864,0
I30_14_05.png,/kaggle/working/MDFS/data/KADID/extracted/kadid10k/images/I30_14_05.png,I30.png,30,14,5,2.1,0.746,34.11624526977539,0.03613109100024303,0
I30_15_02.png,/kaggle/working/MDFS/data/KADID/extracted/kadid10k/images/I30_15_02.png,I30.png,30,15,2,2.6,0.757,26.068641662597656,0.0362070359997233,0
I30_15_04.png,/kaggle/working/MDFS/data/KADID/extracted/kadid10k/images/I30_15_04.png,I30.png,30,15,4,1.33,0.537,27.487062454223633,0.03561871300007624,0
I30_16_01.png,/kaggle/working/MDFS/data/KADID/extracted/kadid10k/images/I30_16_01.png,I30.png,30,16,1,4.63,0.482,21.8975887298584,0.03824018299928866,0
I30_16_03.png,/kaggle/working/MDFS/data/KADID/extracted/kadid10k/images/I30_16_03.png,I30.png,30,16,3,3.6,0.917,22.753082275390625,0.038045438999688486,0
I30_16_05.png,/kaggle/working/MDFS/data/KADID/extracted/kadid10k/images/I30_16_05.png,I30.png,30,16,5,1.48,0.5,28.75545310974121,0.037518297000133316,0
I30_17_02.png,/kaggle/working/MDFS/data/KADID/extracted/kadid10k/images/I30_17_02.png,I30.png,30,17,2,4.5,0.5,21.704490661621094,0.036892528999487695,0
I30_17_04.png,/kaggle/working/MDFS/data/KADID/extracted/kadid10k/images/I30_17_04.png,I30.png,30,17,4,3.67,0.789,22.190811157226562,0.036203161000230466,0
I30_18_01.png,/kaggle/working/MDFS/data/KADID/extracted/kadid10k/images/I30_18_01.png,I30.png,30,18,1,4.0,0.931,23.28769302368164,0.03687887399973988,0
I30_18_03.png,/kaggle/working/MDFS/data/KADID/extracted/kadid10k/images/I30_18_03.png,I30.png,30,18,3,4.83,0.373,21.8093318939209,0.0379799180000191,0
I30_18_05.png,/kaggle/working/MDFS/data/KADID/extracted/kadid10k/images/I30_18_05.png,I30.png,30,18,5,4.3,0.823,23.125244140625,0.03775277600016125,0
I30_19_02.png,/kaggle/working/MDFS/data/KADID/extracted/kadid10k/images/I30_19_02.png,I30.png,30,19,2,4.6,0.49,21.8060302734375,0.03732310599934863,0
I30_19_04.png,/kaggle/working/MDFS/data/KADID/extracted/kadid10k/images/I30_19_04.png,I30.png,30,19,4,2.53,1.024,22.800912857055664,0.035265161999632255,0
I30_20_01.png,/kaggle/working/MDFS/data/KADID/extracted/kadid10k/images/I30_20_01.png,I30.png,30,20,1,4.33,0.869,21.529212951660156,0.03688686199984659,0
I30_20_03.png,/kaggle/working/MDFS/data/KADID/extracted/kadid10k/images/I30_20_03.png,I30.png,30,20,3,3.8,1.013,21.488473892211914,0.03782417999991594,0
I30_20_05.png,/kaggle/working/MDFS/data/KADID/extracted/kadid10k/images/I30_20_05.png,I30.png,30,20,5,3.03,1.08,21.50278091430664,0.03843968599994696,0
I30_21_02.png,/kaggle/working/MDFS/data/KADID/extracted/kadid10k/images/I30_21_02.png,I30.png,30,21,2,3.73,0.964,21.922433853149414,0.03821789199992054,0
I30_21_04.png,/kaggle/working/MDFS/data/KADID/extracted/kadid10k/images/I30_21_04.png,I30.png,30,21,4,3.73,0.964,22.466243743896484,0.036406545999852824,0
I30_22_01.png,/kaggle/working/MDFS/data/KADID/extracted/kadid10k/images/I30_22_01.png,I30.png,30,22,1,4.3,0.781,21.95101547241211,0.03457701800016366,0
I30_22_03.png,/kaggle/working/MDFS/data/KADID/extracted/kadid10k/images/I30_22_03.png,I30.png,30,22,3,3.27,1.062,22.35873031616211,0.03359091299989814,0
I30_22_05.png,/kaggle/working/MDFS/data/KADID/extracted/kadid10k/images/I30_22_05.png,I30.png,30,22,5,2.57,0.883,24.331533432006836,0.03495106199989095,0
I30_23_02.png,/kaggle/working/MDFS/data/KADID/extracted/kadid10k/images/I30_23_02.png,I30.png,30,23,2,2.13,0.846,21.509262084960938,0.03803951400004735,0
I30_23_04.png,/kaggle/working/MDFS/data/KADID/extracted/kadid10k/images/I30_23_04.png,I30.png,30,23,4,2.13,0.806,21.198123931884766,0.03693397099959839,0
I30_24_01.png,/kaggle/working/MDFS/data/KADID/extracted/kadid10k/images/I30_24_01.png,I30.png,30,24,1,4.33,0.869,22.13749122619629,0.036993131999224715,0
I30_24_03.png,/kaggle/working/MDFS/data/KADID/extracted/kadid10k/images/I30_24_03.png,I30.png,30,24,3,3.07,0.892,23.554489135742188,0.03701080000064394,0
I30_24_05.png,/kaggle/working/MDFS/data/KADID/extracted/kadid10k/images/I30_24_05.png,I30.png,30,24,5,1.57,0.559,26.044540405273438,0.03780129999995552,0
I30_25_02.png,/kaggle/working/MDFS/data/KADID/extracted/kadid10k/images/I30_25_02.png,I30.png,30,25,2,4.4,0.554,23.977664947509766,0.037712337999437295,0
I30_25_04.png,/kaggle/working/MDFS/data/KADID/extracted/kadid10k/images/I30_25_04.png,I30.png,30,25,4,4.4,0.611,21.16675567626953,0.03860174000055849,0
I31_01_01.png,/kaggle/working/MDFS/data/KADID/extracted/kadid10k/images/I31_01_01.png,I31.png,31,1,1,4.83,0.373,17.694292068481445,0.037930264999886276,0
I31_01_03.png,/kaggle/working/MDFS/data/KADID/extracted/kadid10k/images/I31_01_03.png,I31.png,31,1,3,3.03,0.836,19.81801986694336,0.0376518009998108,0
I31_01_05.png,/kaggle/working/MDFS/data/KADID/extracted/kadid10k/images/I31_01_05.png,I31.png,31,1,5,1.27,0.442,37.47483444213867,0.03653551499974128,0
I31_02_02.png,/kaggle/working/MDFS/data/KADID/extracted/kadid10k/images/I31_02_02.png,I31.png,31,2,2,3.23,0.844,21.25106430053711,0.0373977899998863,0
I31_02_04.png,/kaggle/working/MDFS/data/KADID/extracted/kadid10k/images/I31_02_04.png,I31.png,31,2,4,1.5,0.5,26.908239364624023,0.038395736999518704,0
I31_03_01.png,/kaggle/working/MDFS/data/KADID/extracted/kadid10k/images/I31_03_01.png,I31.png,31,3,1,4.63,0.482,17.694292068481445,0.03850820099978591,0
I31_03_03.png,/kaggle/working/MDFS/data/KADID/extracted/kadid10k/images/I31_03_03.png,I31.png,31,3,3,3.13,0.921,18.923282623291016,0.03753531600068527,0
I31_03_05.png,/kaggle/working/MDFS/data/KADID/extracted/kadid10k/images/I31_03_05.png,I31.png,31,3,5,1.57,0.559,20.663606643676758,0.039164480000181356,0
I31_04_02.png,/kaggle/working/MDFS/data/KADID/extracted/kadid10k/images/I31_04_02.png,I31.png,31,4,2,2.97,1.169,18.91383934020996,0.03763720199913223,0
I31_04_04.png,/kaggle/working/MDFS/data/KADID/extracted/kadid10k/images/I31_04_04.png,I31.png,31,4,4,1.8,0.748,19.978900909423828,0.03659875399989687,0
I31_05_01.png,/kaggle/working/MDFS/data/KADID/extracted/kadid10k/images/I31_05_01.png,I31.png,31,5,1,4.67,0.471,18.08165740966797,0.03784371900019323,0
I31_05_03.png,/kaggle/working/MDFS/data/KADID/extracted/kadid10k/images/I31_05_03.png,I31.png,31,5,3,2.2,0.909,18.35666847229004,0.037211395000667835,0
I31_05_05.png,/kaggle/working/MDFS/data/KADID/extracted/kadid10k/images/I31_05_05.png,I31.png,31,5,5,1.7,0.862,18.225582122802734,0.03745563600023161,0
I31_06_02.png,/kaggle/working/MDFS/data/KADID/extracted/kadid10k/images/I31_06_02.png,I31.png,31,6,2,4.1,0.7,20.240150451660156,0.03662200800044957,0
I31_06_04.png,/kaggle/working/MDFS/data/KADID/extracted/kadid10k/images/I31_06_04.png,I31.png,31,6,4,3.4,0.8,22.28195571899414,0.03621475699947041,0
I31_07_01.png,/kaggle/working/MDFS/data/KADID/extracted/kadid10k/images/I31_07_01.png,I31.png,31,7,1,2.4,0.917,18.387523651123047,0.03813717100001668,0
I31_07_03.png,/kaggle/working/MDFS/data/KADID/extracted/kadid10k/images/I31_07_03.png,I31.png,31,7,3,2.4,1.143,19.90489959716797,0.03662755500045023,0
I31_07_05.png,/kaggle/working/MDFS/data/KADID/extracted/kadid10k/images/I31_07_05.png,I31.png,31,7,5,2.33,1.135,19.87073516845703,0.03674528699957591,0
I31_08_02.png,/kaggle/working/MDFS/data/KADID/extracted/kadid10k/images/I31_08_02.png,I31.png,31,8,2,3.63,0.875,18.601903915405273,0.03673486099978618,0
I31_08_04.png,/kaggle/working/MDFS/data/KADID/extracted/kadid10k/images/I31_08_04.png,I31.png,31,8,4,2.03,1.048,20.470457077026367,0.03741733500010014,0
I31_09_01.png,/kaggle/working/MDFS/data/KADID/extracted/kadid10k/images/I31_09_01.png,I31.png,31,9,1,4.47,0.562,18.045612335205078,0.0381210049999936,0
I31_09_03.png,/kaggle/working/MDFS/data/KADID/extracted/kadid10k/images/I31_09_03.png,I31.png,31,9,3,3.97,0.795,21.07944107055664,0.03788667099979648,0
I31_09_05.png,/kaggle/working/MDFS/data/KADID/extracted/kadid10k/images/I31_09_05.png,I31.png,31,9,5,1.5,0.563,34.7427864074707,0.03651217700007692,0
I31_10_02.png,/kaggle/working/MDFS/data/KADID/extracted/kadid10k/images/I31_10_02.png,I31.png,31,10,2,4.63,0.482,19.075963973999023,0.03858083599970996,0
I31_10_04.png,/kaggle/working/MDFS/data/KADID/extracted/kadid10k/images/I31_10_04.png,I31.png,31,10,4,2.03,0.795,25.531728744506836,0.03664737100007187,0
I31_11_01.png,/kaggle/working/MDFS/data/KADID/extracted/kadid10k/images/I31_11_01.png,I31.png,31,11,1,3.87,0.87,19.50811767578125,0.03633938199982367,0
I31_11_03.png,/kaggle/working/MDFS/data/KADID/extracted/kadid10k/images/I31_11_03.png,I31.png,31,11,3,3.13,0.991,21.395397186279297,0.03671861299972079,0
I31_11_05.png,/kaggle/working/MDFS/data/KADID/extracted/kadid10k/images/I31_11_05.png,I31.png,31,11,5,2.43,0.716,25.212373733520508,0.03719868500047596,0
I31_12_02.png,/kaggle/working/MDFS/data/KADID/extracted/kadid10k/images/I31_12_02.png,I31.png,31,12,2,3.9,0.79,19.7147159576416,0.037359543000093254,0
I31_12_04.png,/kaggle/working/MDFS/data/KADID/extracted/kadid10k/images/I31_12_04.png,I31.png,31,12,4,2.87,0.763,22.649307250976562,0.05236904599951231,0
I31_13_01.png,/kaggle/working/MDFS/data/KADID/extracted/kadid10k/images/I31_13_01.png,I31.png,31,13,1,3.77,0.883,17.81790542602539,0.052756004000002577,0
I31_13_03.png,/kaggle/working/MDFS/data/KADID/extracted/kadid10k/images/I31_13_03.png,I31.png,31,13,3,2.77,0.716,19.637683868408203,0.038797805000285734,0
I31_13_05.png,/kaggle/working/MDFS/data/KADID/extracted/kadid10k/images/I31_13_05.png,I31.png,31,13,5,2.03,0.706,23.185529708862305,0.0384494360005192,0
I31_14_02.png,/kaggle/working/MDFS/data/KADID/extracted/kadid10k/images/I31_14_02.png,I31.png,31,14,2,3.93,0.929,19.368453979492188,0.037264446999870415,0
I31_14_04.png,/kaggle/working/MDFS/data/KADID/extracted/kadid10k/images/I31_14_04.png,I31.png,31,14,4,2.77,0.844,21.855567932128906,0.036620017000132066,0
I31_15_01.png,/kaggle/working/MDFS/data/KADID/extracted/kadid10k/images/I31_15_01.png,I31.png,31,15,1,4.07,0.772,19.14747428894043,0.03886697699999786,0
I31_15_03.png,/kaggle/working/MDFS/data/KADID/extracted/kadid10k/images/I31_15_03.png,I31.png,31,15,3,3.17,0.86,21.45024299621582,0.038022706000447215,0
I31_15_05.png,/kaggle/working/MDFS/data/KADID/extracted/kadid10k/images/I31_15_05.png,I31.png,31,15,5,1.87,0.609,24.568553924560547,0.03765631299938832,0
I31_16_02.png,/kaggle/working/MDFS/data/KADID/extracted/kadid10k/images/I31_16_02.png,I31.png,31,16,2,4.43,0.716,17.83909034729004,0.03983589200015558,0
I31_16_04.png,/kaggle/working/MDFS/data/KADID/extracted/kadid10k/images/I31_16_04.png,I31.png,31,16,4,3.0,0.775,18.3129825592041,0.03976214199974493,0
I31_17_01.png,/kaggle/working/MDFS/data/KADID/extracted/kadid10k/images/I31_17_01.png,I31.png,31,17,1,4.67,0.471,17.665088653564453,0.03989152099984494,0
I31_17_03.png,/kaggle/working/MDFS/data/KADID/extracted/kadid10k/images/I31_17_03.png,I31.png,31,17,3,4.43,0.716,17.620513916015625,0.03970368200043595,0
I31_17_05.png,/kaggle/working/MDFS/data/KADID/extracted/kadid10k/images/I31_17_05.png,I31.png,31,17,5,2.27,0.772,21.374378204345703,0.0375169270000697,0
I31_18_02.png,/kaggle/working/MDFS/data/KADID/extracted/kadid10k/images/I31_18_02.png,I31.png,31,18,2,4.73,0.442,17.732711791992188,0.03912981600024068,0
I31_18_04.png,/kaggle/working/MDFS/data/KADID/extracted/kadid10k/images/I31_18_04.png,I31.png,31,18,4,4.33,0.65,17.890533447265625,0.0380443269996249,0
I31_19_01.png,/kaggle/working/MDFS/data/KADID/extracted/kadid10k/images/I31_19_01.png,I31.png,31,19,1,4.23,0.667,17.577299118041992,0.03767249900010938,0
I31_19_03.png,/kaggle/working/MDFS/data/KADID/extracted/kadid10k/images/I31_19_03.png,I31.png,31,19,3,3.48,0.666,17.89271354675293,0.036789847999898484,0
I31_19_05.png,/kaggle/working/MDFS/data/KADID/extracted/kadid10k/images/I31_19_05.png,I31.png,31,19,5,1.4,0.611,23.26995277404785,0.03747806999945169,0
I31_20_02.png,/kaggle/working/MDFS/data/KADID/extracted/kadid10k/images/I31_20_02.png,I31.png,31,20,2,3.9,0.831,17.6658878326416,0.03937329600012163,0
I31_20_04.png,/kaggle/working/MDFS/data/KADID/extracted/kadid10k/images/I31_20_04.png,I31.png,31,20,4,3.67,1.193,17.720905303955078,0.03908025100008672,0
I31_21_01.png,/kaggle/working/MDFS/data/KADID/extracted/kadid10k/images/I31_21_01.png,I31.png,31,21,1,4.5,0.619,17.74114227294922,0.040014577999500034,0
I31_21_03.png,/kaggle/working/MDFS/data/KADID/extracted/kadid10k/images/I31_21_03.png,I31.png,31,21,3,3.17,1.067,18.29017448425293,0.03775051899992832,0
I31_21_05.png,/kaggle/working/MDFS/data/KADID/extracted/kadid10k/images/I31_21_05.png,I31.png,31,21,5,1.6,0.663,30.503782272338867,0.03452139900036855,0
I31_22_02.png,/kaggle/working/MDFS/data/KADID/extracted/kadid10k/images/I31_22_02.png,I31.png,31,22,2,3.5,0.957,18.293249130249023,0.03822242099977302,0
I31_22_04.png,/kaggle/working/MDFS/data/KADID/extracted/kadid10k/images/I31_22_04.png,I31.png,31,22,4,3.03,1.251,18.652616500854492,0.03624810700057424,0
I31_23_01.png,/kaggle/working/MDFS/data/KADID/extracted/kadid10k/images/I31_23_01.png,I31.png,31,23,1,2.5,0.806,17.63434600830078,0.037711575000685116,0
I31_23_03.png,/kaggle/working/MDFS/data/KADID/extracted/kadid10k/images/I31_23_03.png,I31.png,31,23,3,2.4,0.8,17.558700561523438,0.038929248000385996,0
I31_23_05.png,/kaggle/working/MDFS/data/KADID/extracted/kadid10k/images/I31_23_05.png,I31.png,31,23,5,1.77,0.667,17.7227725982666,0.03892073899987736,0
I31_24_02.png,/kaggle/working/MDFS/data/KADID/extracted/kadid10k/images/I31_24_02.png,I31.png,31,24,2,3.07,0.892,20.794580459594727,0.038987242999610316,0
I31_24_04.png,/kaggle/working/MDFS/data/KADID/extracted/kadid10k/images/I31_24_04.png,I31.png,31,24,4,2.03,0.706,24.467506408691406,0.03875862499990035,0
I31_25_01.png,/kaggle/working/MDFS/data/KADID/extracted/kadid10k/images/I31_25_01.png,I31.png,31,25,1,3.6,0.987,18.540510177612305,0.039353096000013466,0
I31_25_03.png,/kaggle/working/MDFS/data/KADID/extracted/kadid10k/images/I31_25_03.png,I31.png,31,25,3,4.4,0.712,17.69906997680664,0.03909814300004655,0
I31_25_05.png,/kaggle/working/MDFS/data/KADID/extracted/kadid10k/images/I31_25_05.png,I31.png,31,25,5,3.27,0.892,17.78176498413086,0.03895642099996621,0
I32_01_02.png,/kaggle/working/MDFS/data/KADID/extracted/kadid10k/images/I32_01_02.png,I32.png,32,1,2,4.39,0.704,17.912179946899414,0.03726464300052612,0
I32_01_04.png,/kaggle/working/MDFS/data/KADID/extracted/kadid10k/images/I32_01_04.png,I32.png,32,1,4,1.6,0.611,31.04094886779785,0.035780284999418654,0
I32_02_01.png,/kaggle/working/MDFS/data/KADID/extracted/kadid10k/images/I32_02_01.png,I32.png,32,2,1,3.7,0.737,19.069353103637695,0.037883619999774965,0
I32_02_03.png,/kaggle/working/MDFS/data/KADID/extracted/kadid10k/images/I32_02_03.png,I32.png,32,2,3,1.73,0.629,28.56520652770996,0.03769865799949912,0
I32_02_05.png,/kaggle/working/MDFS/data/KADID/extracted/kadid10k/images/I32_02_05.png,I32.png,32,2,5,1.27,0.442,34.32448196411133,0.03916163400026562,0
I32_03_02.png,/kaggle/working/MDFS/data/KADID/extracted/kadid10k/images/I32_03_02.png,I32.png,32,3,2,3.73,0.892,19.061792373657227,0.039407201999893005,0
I32_03_04.png,/kaggle/working/MDFS/data/KADID/extracted/kadid10k/images/I32_03_04.png,I32.png,32,3,4,1.93,0.727,22.639720916748047,0.03847898399999394,0
I32_04_01.png,/kaggle/working/MDFS/data/KADID/extracted/kadid10k/images/I32_04_01.png,I32.png,32,4,1,4.53,0.67,18.356109619140625,0.03801199999998062,0
I32_04_03.png,/kaggle/working/MDFS/data/KADID/extracted/kadid10k/images/I32_04_03.png,I32.png,32,4,3,1.57,0.803,21.448562622070312,0.037386703999800375,0
I32_04_05.png,/kaggle/working/MDFS/data/KADID/extracted/kadid10k/images/I32_04_05.png,I32.png,32,4,5,1.17,0.373,23.204748153686523,0.03859678300068481,0
I32_05_02.png,/kaggle/working/MDFS/data/KADID/extracted/kadid10k/images/I32_05_02.png,I32.png,32,5,2,2.6,0.757,19.507638931274414,0.036600441999325994,0
I32_05_04.png,/kaggle/working/MDFS/data/KADID/extracted/kadid10k/images/I32_05_04.png,I32.png,32,5,4,1.8,0.702,19.232805252075195,0.036198727999362745,0
I32_06_01.png,/kaggle/working/MDFS/data/KADID/extracted/kadid10k/images/I32_06_01.png,I32.png,32,6,1,4.0,0.632,18.7098331451416,0.03663359500023944,0
I32_06_03.png,/kaggle/working/MDFS/data/KADID/extracted/kadid10k/images/I32_06_03.png,I32.png,32,6,3,3.43,0.955,19.551563262939453,0.03676604300017061,0
I32_06_05.png,/kaggle/working/MDFS/data/KADID/extracted/kadid10k/images/I32_06_05.png,I32.png,32,6,5,2.33,0.65,21.665700912475586,0.033656920000794344,0
I32_07_02.png,/kaggle/working/MDFS/data/KADID/extracted/kadid10k/images/I32_07_02.png,I32.png,32,7,2,2.57,1.116,20.152320861816406,0.0360240830004841,0
I32_07_04.png,/kaggle/working/MDFS/data/KADID/extracted/kadid10k/images/I32_07_04.png,I32.png,32,7,4,2.23,0.92,21.982952117919922,0.035749224000028335,0
I32_08_01.png,/kaggle/working/MDFS/data/KADID/extracted/kadid10k/images/I32_08_01.png,I32.png,32,8,1,4.23,0.844,17.604839324951172,0.038275629999589,0
I32_08_03.png,/kaggle/working/MDFS/data/KADID/extracted/kadid10k/images/I32_08_03.png,I32.png,32,8,3,2.33,1.075,19.973596572875977,0.03757669100014027,0
I32_08_05.png,/kaggle/working/MDFS/data/KADID/extracted/kadid10k/images/I32_08_05.png,I32.png,32,8,5,1.5,0.719,22.989784240722656,0.03608322399941244,0
I32_09_02.png,/kaggle/working/MDFS/data/KADID/extracted/kadid10k/images/I32_09_02.png,I32.png,32,9,2,4.27,0.854,19.362926483154297,0.03812425200067082,0
I32_09_04.png,/kaggle/working/MDFS/data/KADID/extracted/kadid10k/images/I32_09_04.png,I32.png,32,9,4,2.1,0.746,26.79799461364746,0.03796506600065186,0
I32_10_01.png,/kaggle/working/MDFS/data/KADID/extracted/kadid10k/images/I32_10_01.png,I32.png,32,10,1,4.03,0.605,19.902793884277344,0.036616436000258545,0
I32_10_03.png,/kaggle/working/MDFS/data/KADID/extracted/kadid10k/images/I32_10_03.png,I32.png,32,10,3,3.27,0.998,22.407068252563477,0.03737865099992632,0
I32_10_05.png,/kaggle/working/MDFS/data/KADID/extracted/kadid10k/images/I32_10_05.png,I32.png,32,10,5,1.23,0.423,35.392539978027344,0.03550474199983,0
I32_11_02.png,/kaggle/working/MDFS/data/KADID/extracted/kadid10k/images/I32_11_02.png,I32.png,32,11,2,2.73,0.814,25.10800552368164,0.03676390900000115,0
I32_11_04.png,/kaggle/working/MDFS/data/KADID/extracted/kadid10k/images/I32_11_04.png,I32.png,32,11,4,2.3,0.781,30.34527587890625,0.03670586899988848,0
I32_12_01.png,/kaggle/working/MDFS/data/KADID/extracted/kadid10k/images/I32_12_01.png,I32.png,32,12,1,3.97,0.752,19.19292640686035,0.03633250899929408,0
I32_12_03.png,/kaggle/working/MDFS/data/KADID/extracted/kadid10k/images/I32_12_03.png,I32.png,32,12,3,2.47,0.806,26.569154739379883,0.03693771999951423,0
I32_12_05.png,/kaggle/working/MDFS/data/KADID/extracted/kadid10k/images/I32_12_05.png,I32.png,32,12,5,2.1,0.597,31.706703186035156,0.03816155899949081,0
I32_13_02.png,/kaggle/working/MDFS/data/KADID/extracted/kadid10k/images/I32_13_02.png,I32.png,32,13,2,2.8,0.833,24.96310043334961,0.03757392599982268,0
I32_13_04.png,/kaggle/working/MDFS/data/KADID/extracted/kadid10k/images/I32_13_04.png,I32.png,32,13,4,2.33,0.869,25.265169143676758,0.03674550400046428,0
I32_14_01.png,/kaggle/working/MDFS/data/KADID/extracted/kadid10k/images/I32_14_01.png,I32.png,32,14,1,3.8,0.748,19.51457405090332,0.03660396400027821,0
I32_14_03.png,/kaggle/working/MDFS/data/KADID/extracted/kadid10k/images/I32_14_03.png,I32.png,32,14,3,2.27,0.854,28.946903228759766,0.03653783000027033,0
I32_14_05.png,/kaggle/working/MDFS/data/KADID/extracted/kadid10k/images/I32_14_05.png,I32.png,32,14,5,1.5,0.5,39.43828582763672,0.03708866400029365,0
I32_15_02.png,/kaggle/working/MDFS/data/KADID/extracted/kadid10k/images/I32_15_02.png,I32.png,32,15,2,1.83,0.687,24.78881072998047,0.03881547899982252,0
I32_15_04.png,/kaggle/working/MDFS/data/KADID/extracted/kadid10k/images/I32_15_04.png,I32.png,32,15,4,1.07,0.249,27.214513778686523,0.037454051000167965,0
I32_16_01.png,/kaggle/working/MDFS/data/KADID/extracted/kadid10k/images/I32_16_01.png,I32.png,32,16,1,4.2,0.833,17.707448959350586,0.03781749200061313,0
I32_16_03.png,/kaggle/working/MDFS/data/KADID/extracted/kadid10k/images/I32_16_03.png,I32.png,32,16,3,3.1,0.907,18.156137466430664,0.03755727800034947,0
I32_16_05.png,/kaggle/working/MDFS/data/KADID/extracted/kadid10k/images/I32_16_05.png,I32.png,32,16,5,1.03,0.177,31.957706451416016,0.035483548999764025,0
I32_17_02.png,/kaggle/working/MDFS/data/KADID/extracted/kadid10k/images/I32_17_02.png,I32.png,32,17,2,4.33,0.596,17.550434112548828,0.03667567200045596,0
I32_17_04.png,/kaggle/working/MDFS/data/KADID/extracted/kadid10k/images/I32_17_04.png,I32.png,32,17,4,3.63,0.657,17.619171142578125,0.03785115400023642,0
I32_18_01.png,/kaggle/working/MDFS/data/KADID/extracted/kadid10k/images/I32_18_01.png,I32.png,32,18,1,3.5,1.057,17.701181411743164,0.038003980999747,0
I32_18_03.png,/kaggle/working/MDFS/data/KADID/extracted/kadid10k/images/I32_18_03.png,I32.png,32,18,3,4.73,0.442,17.604839324951172,0.03858914800002822,0
I32_18_05.png,/kaggle/working/MDFS/data/KADID/extracted/kadid10k/images/I32_18_05.png,I32.png,32,18,5,3.8,0.702,17.731813430786133,0.0382625399997778,0
I32_19_02.png,/kaggle/working/MDFS/data/KADID/extracted/kadid10k/images/I32_19_02.png,I32.png,32,19,2,4.1,0.79,17.644859313964844,0.03753319099996588,0
I32_19_04.png,/kaggle/working/MDFS/data/KADID/extracted/kadid10k/images/I32_19_04.png,I32.png,32,19,4,2.0,0.816,20.412647247314453,0.03560585200011701,0
I32_20_01.png,/kaggle/working/MDFS/data/KADID/extracted/kadid10k/images/I32_20_01.png,I32.png,32,20,1,3.2,1.108,17.624418258666992,0.03713573700042616,0
I32_20_03.png,/kaggle/working/MDFS/data/KADID/extracted/kadid10k/images/I32_20_03.png,I32.png,32,20,3,4.1,0.79,17.659168243408203,0.037436034999700496,0
I32_20_05.png,/kaggle/working/MDFS/data/KADID/extracted/kadid10k/images/I32_20_05.png,I32.png,32,20,5,3.63,1.08,17.742603302001953,0.03801169799953641,0
I32_21_02.png,/kaggle/working/MDFS/data/KADID/extracted/kadid10k/images/I32_21_02.png,I32.png,32,21,2,2.71,1.083,18.114707946777344,0.03758643699984532,0
I32_21_04.png,/kaggle/working/MDFS/data/KADID/extracted/kadid10k/images/I32_21_04.png,I32.png,32,21,4,2.42,0.872,19.219207763671875,0.03538704099992174,0
I32_22_01.png,/kaggle/working/MDFS/data/KADID/extracted/kadid10k/images/I32_22_01.png,I32.png,32,22,1,4.3,0.64,18.346952438354492,0.0366334550008105,0
I32_22_03.png,/kaggle/working/MDFS/data/KADID/extracted/kadid10k/images/I32_22_03.png,I32.png,32,22,3,3.7,0.823,18.736896514892578,0.0346039779997227,0
I32_22_05.png,/kaggle/working/MDFS/data/KADID/extracted/kadid10k/images/I32_22_05.png,I32.png,32,22,5,1.7,0.586,19.917768478393555,0.03545248799946421,0
I32_23_02.png,/kaggle/working/MDFS/data/KADID/extracted/kadid10k/images/I32_23_02.png,I32.png,32,23,2,2.17,0.86,17.73307991027832,0.0381745350005076,0
I32_23_04.png,/kaggle/working/MDFS/data/KADID/extracted/kadid10k/images/I32_23_04.png,I32.png,32,23,4,2.33,0.907,17.905799865722656,0.03834547299993574,0
I32_24_01.png,/kaggle/working/MDFS/data/KADID/extracted/kadid10k/images/I32_24_01.png,I32.png,32,24,1,3.83,0.82,18.519941329956055,0.03765844399913476,0
I32_24_03.png,/kaggle/working/MDFS/data/KADID/extracted/kadid10k/images/I32_24_03.png,I32.png,32,24,3,2.6,1.02,21.27664566040039,0.03714544900049077,0
I32_24_05.png,/kaggle/working/MDFS/data/KADID/extracted/kadid10k/images/I32_24_05.png,I32.png,32,24,5,1.43,0.496,25.811595916748047,0.03676273500059324,0
I32_25_02.png,/kaggle/working/MDFS/data/KADID/extracted/kadid10k/images/I32_25_02.png,I32.png,32,25,2,3.47,0.884,18.00591278076172,0.037782011000672355,0
I32_25_04.png,/kaggle/working/MDFS/data/KADID/extracted/kadid10k/images/I32_25_04.png,I32.png,32,25,4,3.2,0.872,17.809518814086914,0.03803814000002603,0
I33_01_01.png,/kaggle/working/MDFS/data/KADID/extracted/kadid10k/images/I33_01_01.png,I33.png,33,1,1,4.4,0.712,17.309242248535156,0.03906657199968322,0
I33_01_03.png,/kaggle/working/MDFS/data/KADID/extracted/kadid10k/images/I33_01_03.png,I33.png,33,1,3,2.33,0.745,20.991199493408203,0.03941776499959815,0
I33_01_05.png,/kaggle/working/MDFS/data/KADID/extracted/kadid10k/images/I33_01_05.png,I33.png,33,1,5,1.3,0.458,39.042362213134766,0.03693559200019081,0
I33_02_02.png,/kaggle/working/MDFS/data/KADID/extracted/kadid10k/images/I33_02_02.png,I33.png,33,2,2,2.47,1.024,22.87744903564453,0.037788020000334654,0
I33_02_04.png,/kaggle/working/MDFS/data/KADID/extracted/kadid10k/images/I33_02_04.png,I33.png,33,2,4,1.33,0.471,27.87487030029297,0.03668920300060563,0
I33_03_01.png,/kaggle/working/MDFS/data/KADID/extracted/kadid10k/images/I33_03_01.png,I33.png,33,3,1,4.57,0.616,17.309242248535156,0.03763094199985062,0
I33_03_03.png,/kaggle/working/MDFS/data/KADID/extracted/kadid10k/images/I33_03_03.png,I33.png,33,3,3,2.33,0.65,19.874116897583008,0.037453031999575614,0
I33_03_05.png,/kaggle/working/MDFS/data/KADID/extracted/kadid10k/images/I33_03_05.png,I33.png,33,3,5,1.6,0.49,22.07781410217285,0.03767842299930635,0
I33_04_02.png,/kaggle/working/MDFS/data/KADID/extracted/kadid10k/images/I33_04_02.png,I33.png,33,4,2,2.7,0.823,19.383329391479492,0.03733038500013208,0
I33_04_04.png,/kaggle/working/MDFS/data/KADID/extracted/kadid10k/images/I33_04_04.png,I33.png,33,4,4,1.47,0.562,20.874303817749023,0.03804153300006874,0
I33_05_01.png,/kaggle/working/MDFS/data/KADID/extracted/kadid10k/images/I33_05_01.png,I33.png,33,5,1,4.07,0.727,18.423486709594727,0.03856083299979218,0
I33_05_03.png,/kaggle/working/MDFS/data/KADID/extracted/kadid10k/images/I33_05_03.png,I33.png,33,5,3,1.73,0.629,20.03931427001953,0.03831318900029146,0
I33_05_05.png,/kaggle/working/MDFS/data/KADID/extracted/kadid10k/images/I33_05_05.png,I33.png,33,5,5,1.37,0.795,19.425764083862305,0.03785508700002538,0
I33_06_02.png,/kaggle/working/MDFS/data/KADID/extracted/kadid10k/images/I33_06_02.png,I33.png,33,6,2,4.03,0.752,17.972763061523438,0.03389310500006104,0
I33_06_04.png,/kaggle/working/MDFS/data/KADID/extracted/kadid10k/images/I33_06_04.png,I33.png,33,6,4,3.1,0.79,19.566020965576172,0.035414469999523135,0
I33_07_01.png,/kaggle/working/MDFS/data/KADID/extracted/kadid10k/images/I33_07_01.png,I33.png,33,7,1,2.77,0.883,17.755449295043945,0.039465906000259565,0
I33_07_03.png,/kaggle/working/MDFS/data/KADID/extracted/kadid10k/images/I33_07_03.png,I33.png,33,7,3,2.67,1.043,18.91631317138672,0.038101701999949,0
I33_07_05.png,/kaggle/working/MDFS/data/KADID/extracted/kadid10k/images/I33_07_05.png,I33.png,33,7,5,1.9,0.831,19.64345932006836,0.03889448500012804,0
I33_08_02.png,/kaggle/working/MDFS/data/KADID/extracted/kadid10k/images/I33_08_02.png,I33.png,33,8,2,3.37,0.706,18.567373275756836,0.03777601399997366,0
I33_08_04.png,/kaggle/working/MDFS/data/KADID/extracted/kadid10k/images/I33_08_04.png,I33.png,33,8,4,2.13,0.921,20.905916213989258,0.03717456999947899,0
I33_09_01.png,/kaggle/working/MDFS/data/KADID/extracted/kadid10k/images/I33_09_01.png,I33.png,33,9,1,4.5,0.563,17.327974319458008,0.03744698399987101,0
I33_09_03.png,/kaggle/working/MDFS/data/KADID/extracted/kadid10k/images/I33_09_03.png,I33.png,33,9,3,3.87,0.942,20.2884578704834,0.03672483199989074,0
I33_09_05.png,/kaggle/working/MDFS/data/KADID/extracted/kadid10k/images/I33_09_05.png,I33.png,33,9,5,1.33,0.471,33.938377380371094,0.038749362000089604,0
I33_10_02.png,/kaggle/working/MDFS/data/KADID/extracted/kadid10k/images/I33_10_02.png,I33.png,33,10,2,4.1,0.87,19.05488395690918,0.03790626699992572,0
I33_10_04.png,/kaggle/working/MDFS/data/KADID/extracted/kadid10k/images/I33_10_04.png,I33.png,33,10,4,1.47,0.562,26.27277374267578,0.03695359199991799,0
I33_11_01.png,/kaggle/working/MDFS/data/KADID/extracted/kadid10k/images/I33_11_01.png,I33.png,33,11,1,3.47,0.806,18.003467559814453,0.037250807999953395,0
I33_11_03.png,/kaggle/working/MDFS/data/KADID/extracted/kadid10k/images/I33_11_03.png,I33.png,33,11,3,2.87,0.884,19.44131088256836,0.03681157299979532,0
I33_11_05.png,/kaggle/working/MDFS/data/KADID/extracted/kadid10k/images/I33_11_05.png,I33.png,33,11,5,2.2,0.748,23.438610076904297,0.03552207400025509,0
I33_12_02.png,/kaggle/working/MDFS/data/KADID/extracted/kadid10k/images/I33_12_02.png,I33.png,33,12,2,3.07,0.892,18.243600845336914,0.03651945799992973,0
I33_12_04.png,/kaggle/working/MDFS/data/KADID/extracted/kadid10k/images/I33_12_04.png,I33.png,33,12,4,2.63,0.657,20.91469955444336,0.03732305900030042,0
I33_13_01.png,/kaggle/working/MDFS/data/KADID/extracted/kadid10k/images/I33_13_01.png,I33.png,33,13,1,3.57,0.559,17.863229751586914,0.03885394500048278,0
I33_13_03.png,/kaggle/working/MDFS/data/KADID/extracted/kadid10k/images/I33_13_03.png,I33.png,33,13,3,2.3,0.823,19.394643783569336,0.03903024000010191,0
I33_13_05.png,/kaggle/working/MDFS/data/KADID/extracted/kadid10k/images/I33_13_05.png,I33.png,33,13,5,1.93,0.512,23.343833923339844,0.03732663000027969,0
I33_14_02.png,/kaggle/working/MDFS/data/KADID/extracted/kadid10k/images/I33_14_02.png,I33.png,33,14,2,3.17,0.82,18.661029815673828,0.03690565899978537,0
I33_14_04.png,/kaggle/working/MDFS/data/KADID/extracted/kadid10k/images/I33_14_04.png,I33.png,33,14,4,2.03,0.836,21.808195114135742,0.037428792000355315,0
I33_15_01.png,/kaggle/working/MDFS/data/KADID/extracted/kadid10k/images/I33_15_01.png,I33.png,33,15,1,3.5,0.806,18.019805908203125,0.04037189500013483,0
I33_15_03.png,/kaggle/working/MDFS/data/KADID/extracted/kadid10k/images/I33_15_03.png,I33.png,33,15,3,1.93,0.68,21.465713500976562,0.03872229599983257,0
I33_15_05.png,/kaggle/working/MDFS/data/KADID/extracted/kadid10k/images/I33_15_05.png,I33.png,33,15,5,1.33,0.471,24.71390151977539,0.03750170999956026,0
I33_16_02.png,/kaggle/working/MDFS/data/KADID/extracted/kadid10k/images/I33_16_02.png,I33.png,33,16,2,3.83,0.898,17.445098876953125,0.03901712600054452,0
I33_16_04.png,/kaggle/working/MDFS/data/KADID/extracted/kadid10k/images/I33_16_04.png,I33.png,33,16,4,2.33,1.011,20.435558319091797,0.037346095999964746,0
I33_17_01.png,/kaggle/working/MDFS/data/KADID/extracted/kadid10k/images/I33_17_01.png,I33.png,33,17,1,4.37,0.482,17.313928604125977,0.039246396000635286,0
I33_17_03.png,/kaggle/working/MDFS/data/KADID/extracted/kadid10k/images/I33_17_03.png,I33.png,33,17,3,4.23,0.716,17.34071922302246,0.03912106200004928,0
I33_17_05.png,/kaggle/working/MDFS/data/KADID/extracted/kadid10k/images/I33_17_05.png,I33.png,33,17,5,2.23,0.883,19.046052932739258,0.037915723999503825,0
I33_18_02.png,/kaggle/working/MDFS/data/KADID/extracted/kadid10k/images/I33_18_02.png,I33.png,33,18,2,4.23,0.803,17.776790618896484,0.038142566000715306,0
I33_18_04.png,/kaggle/working/MDFS/data/KADID/extracted/kadid10k/images/I33_18_04.png,I33.png,33,18,4,4.23,0.667,17.62843894958496,0.03827135099982115,0
I33_19_01.png,/kaggle/working/MDFS/data/KADID/extracted/kadid10k/images/I33_19_01.png,I33.png,33,19,1,4.3,0.69,17.024778366088867,0.03836094599955686,0
I33_19_03.png,/kaggle/working/MDFS/data/KADID/extracted/kadid10k/images/I33_19_03.png,I33.png,33,19,3,3.0,0.73,16.867115020751953,0.03791791900039243,0
I33_19_05.png,/kaggle/working/MDFS/data/KADID/extracted/kadid10k/images/I33_19_05.png,I33.png,33,19,5,1.13,0.34,19.78154945373535,0.03641113600042445,0
I33_20_02.png,/kaggle/working/MDFS/data/KADID/extracted/kadid10k/images/I33_20_02.png,I33.png,33,20,2,4.33,0.537,17.289461135864258,0.03894250200028182,0
I33_20_04.png,/kaggle/working/MDFS/data/KADID/extracted/kadid10k/images/I33_20_04.png,I33.png,33,20,4,3.3,1.187,17.315061569213867,0.03945979299987812,0
I33_21_01.png,/kaggle/working/MDFS/data/KADID/extracted/kadid10k/images/I33_21_01.png,I33.png,33,21,1,4.27,0.772,16.9412899017334,0.03858263199981593,0
I33_21_03.png,/kaggle/working/MDFS/data/KADID/extracted/kadid10k/images/I33_21_03.png,I33.png,33,21,3,3.07,1.289,17.39011573791504,0.036948093000319204,0
I33_21_05.png,/kaggle/working/MDFS/data/KADID/extracted/kadid10k/images/I33_21_05.png,I33.png,33,21,5,1.33,0.699,25.81239128112793,0.03422666599999502,0
I33_22_02.png,/kaggle/working/MDFS/data/KADID/extracted/kadid10k/images/I33_22_02.png,I33.png,33,22,2,3.17,0.898,17.873258590698242,0.035583884999141446,0
I33_22_04.png,/kaggle/working/MDFS/data/KADID/extracted/kadid10k/images/I33_22_04.png,I33.png,33,22,4,3.23,0.989,18.2654972076416,0.03633436099971732,0
I33_23_01.png,/kaggle/working/MDFS/data/KADID/extracted/kadid10k/images/I33_23_01.png,I33.png,33,23,1,2.9,0.831,17.165435791015625,0.03873860200019408,0
I33_23_03.png,/kaggle/working/MDFS/data/KADID/extracted/kadid10k/images/I33_23_03.png,I33.png,33,23,3,2.53,0.991,17.295255661010742,0.0387394650006172,0
I33_23_05.png,/kaggle/working/MDFS/data/KADID/extracted/kadid10k/images/I33_23_05.png,I33.png,33,23,5,2.37,0.795,17.325979232788086,0.03996644200014998,0
I33_24_02.png,/kaggle/working/MDFS/data/KADID/extracted/kadid10k/images/I33_24_02.png,I33.png,33,24,2,2.42,1.009,21.844839096069336,0.038733040000806795,0
I33_24_04.png,/kaggle/working/MDFS/data/KADID/extracted/kadid10k/images/I33_24_04.png,I33.png,33,24,4,1.47,0.562,25.609039306640625,0.03765074500006449,0
I33_25_01.png,/kaggle/working/MDFS/data/KADID/extracted/kadid10k/images/I33_25_01.png,I33.png,33,25,1,3.2,1.046,19.099891662597656,0.03808572599973559,0
I33_25_03.png,/kaggle/working/MDFS/data/KADID/extracted/kadid10k/images/I33_25_03.png,I33.png,33,25,3,4.37,0.482,17.570026397705078,0.03815647000010358,0
I33_25_05.png,/kaggle/working/MDFS/data/KADID/extracted/kadid10k/images/I33_25_05.png,I33.png,33,25,5,3.3,0.823,17.28097152709961,0.03827278100015974,0
I34_01_02.png,/kaggle/working/MDFS/data/KADID/extracted/kadid10k/images/I34_01_02.png,I34.png,34,1,2,4.37,0.547,16.508806228637695,0.03738109100049769,0
I34_01_04.png,/kaggle/working/MDFS/data/KADID/extracted/kadid10k/images/I34_01_04.png,I34.png,34,1,4,1.7,0.69,29.546146392822266,0.037980907000019215,0
I34_02_01.png,/kaggle/working/MDFS/data/KADID/extracted/kadid10k/images/I34_02_01.png,I34.png,34,2,1,3.83,0.82,17.40843963623047,0.03923349500018958,0
I34_02_03.png,/kaggle/working/MDFS/data/KADID/extracted/kadid10k/images/I34_02_03.png,I34.png,34,2,3,1.8,0.6,25.675451278686523,0.037434015999679104,0
I34_02_05.png,/kaggle/working/MDFS/data/KADID/extracted/kadid10k/images/I34_02_05.png,I34.png,34,2,5,1.33,0.537,33.60354232788086,0.03690236900001764,0
I34_03_02.png,/kaggle/working/MDFS/data/KADID/extracted/kadid10k/images/I34_03_02.png,I34.png,34,3,2,4.03,0.795,17.033166885375977,0.03766940700006671,0
I34_03_04.png,/kaggle/working/MDFS/data/KADID/extracted/kadid10k/images/I34_03_04.png,I34.png,34,3,4,2.17,0.778,21.569700241088867,0.0374197910005023,0
I34_04_01.png,/kaggle/working/MDFS/data/KADID/extracted/kadid10k/images/I34_04_01.png,I34.png,34,4,1,4.6,0.554,16.909421920776367,0.03660135499922035,0
I34_04_03.png,/kaggle/working/MDFS/data/KADID/extracted/kadid10k/images/I34_04_03.png,I34.png,34,4,3,1.83,0.778,19.79378890991211,0.03707816099995398,0
I34_04_05.png,/kaggle/working/MDFS/data/KADID/extracted/kadid10k/images/I34_04_05.png,I34.png,34,4,5,1.23,0.423,21.237340927124023,0.037249279000207025,0
I34_05_02.png,/kaggle/working/MDFS/data/KADID/extracted/kadid10k/images/I34_05_02.png,I34.png,34,5,2,2.93,0.892,18.612571716308594,0.0379732020001029,0
I34_05_04.png,/kaggle/working/MDFS/data/KADID/extracted/kadid10k/images/I34_05_04.png,I34.png,34,5,4,1.63,0.605,18.300460815429688,0.037629718000061985,0
I34_06_01.png,/kaggle/working/MDFS/data/KADID/extracted/kadid10k/images/I34_06_01.png,I34.png,34,6,1,4.23,0.607,17.903257369995117,0.035472070999276184,0
I34_06_03.png,/kaggle/working/MDFS/data/KADID/extracted/kadid10k/images/I34_06_03.png,I34.png,34,6,3,3.97,0.875,18.819578170776367,0.03570288100036123,0
I34_06_05.png,/kaggle/working/MDFS/data/KADID/extracted/kadid10k/images/I34_06_05.png,I34.png,34,6,5,2.4,0.8,21.113811492919922,0.03529299199999514,0
I34_07_02.png,/kaggle/working/MDFS/data/KADID/extracted/kadid10k/images/I34_07_02.png,I34.png,34,7,2,2.57,1.116,18.32371711730957,0.03828294199956872,0
I34_07_04.png,/kaggle/working/MDFS/data/KADID/extracted/kadid10k/images/I34_07_04.png,I34.png,34,7,4,2.17,0.969,22.128658294677734,0.036173362000226916,0
I34_08_01.png,/kaggle/working/MDFS/data/KADID/extracted/kadid10k/images/I34_08_01.png,I34.png,34,8,1,4.67,0.471,16.716270446777344,0.03692064799997752,0
I34_08_03.png,/kaggle/working/MDFS/data/KADID/extracted/kadid10k/images/I34_08_03.png,I34.png,34,8,3,2.6,1.114,19.154132843017578,0.037431342000672885,0
I34_08_05.png,/kaggle/working/MDFS/data/KADID/extracted/kadid10k/images/I34_08_05.png,I34.png,34,8,5,1.37,0.605,22.15819549560547,0.0365455760002078,0
I34_09_02.png,/kaggle/working/MDFS/data/KADID/extracted/kadid10k/images/I34_09_02.png,I34.png,34,9,2,4.23,0.616,19.219987869262695,0.03961147199970583,0
I34_09_04.png,/kaggle/working/MDFS/data/KADID/extracted/kadid10k/images/I34_09_04.png,I34.png,34,9,4,2.58,0.834,26.509891510009766,0.03792263200011803,0
I34_10_01.png,/kaggle/working/MDFS/data/KADID/extracted/kadid10k/images/I34_10_01.png,I34.png,34,10,1,4.5,0.806,18.764080047607422,0.03789845499977673,0
I34_10_03.png,/kaggle/working/MDFS/data/KADID/extracted/kadid10k/images/I34_10_03.png,I34.png,34,10,3,3.8,0.792,20.678085327148438,0.03778650000003836,0
I34_10_05.png,/kaggle/working/MDFS/data/KADID/extracted/kadid10k/images/I34_10_05.png,I34.png,34,10,5,1.17,0.373,33.98567581176758,0.034507553999901575,0
I34_11_02.png,/kaggle/working/MDFS/data/KADID/extracted/kadid10k/images/I34_11_02.png,I34.png,34,11,2,3.17,0.778,20.111934661865234,0.0350302360002388,0
I34_11_04.png,/kaggle/working/MDFS/data/KADID/extracted/kadid10k/images/I34_11_04.png,I34.png,34,11,4,2.53,0.763,24.39044952392578,0.036188539000249875,0
I34_12_01.png,/kaggle/working/MDFS/data/KADID/extracted/kadid10k/images/I34_12_01.png,I34.png,34,12,1,4.43,0.559,17.51641082763672,0.03635754399965663,0
I34_12_03.png,/kaggle/working/MDFS/data/KADID/extracted/kadid10k/images/I34_12_03.png,I34.png,34,12,3,2.97,0.752,20.96288299560547,0.03811589299948537,0
I34_12_05.png,/kaggle/working/MDFS/data/KADID/extracted/kadid10k/images/I34_12_05.png,I34.png,34,12,5,2.33,0.596,25.706607818603516,0.037131004000002577,0
I34_13_02.png,/kaggle/working/MDFS/data/KADID/extracted/kadid10k/images/I34_13_02.png,I34.png,34,13,2,2.57,0.761,18.216062545776367,0.03669624199937971,0
I34_13_04.png,/kaggle/working/MDFS/data/KADID/extracted/kadid10k/images/I34_13_04.png,I34.png,34,13,4,2.07,0.68,20.95053482055664,0.03646136800034583,0
I34_14_01.png,/kaggle/working/MDFS/data/KADID/extracted/kadid10k/images/I34_14_01.png,I34.png,34,14,1,4.2,0.792,17.3281307220459,0.03673747999982879,0
I34_14_03.png,/kaggle/working/MDFS/data/KADID/extracted/kadid10k/images/I34_14_03.png,I34.png,34,14,3,2.7,0.823,22.568206787109375,0.037312479999854986,0
I34_14_05.png,/kaggle/working/MDFS/data/KADID/extracted/kadid10k/images/I34_14_05.png,I34.png,34,14,5,2.23,0.761,25.864187240600586,0.0375280690004729,0
I34_15_02.png,/kaggle/working/MDFS/data/KADID/extracted/kadid10k/images/I34_15_02.png,I34.png,34,15,2,2.47,0.884,22.53101348876953,0.037633178999385564,0
I34_15_04.png,/kaggle/working/MDFS/data/KADID/extracted/kadid10k/images/I34_15_04.png,I34.png,34,15,4,1.6,0.663,25.058717727661133,0.03537675000006857,0
I34_16_01.png,/kaggle/working/MDFS/data/KADID/extracted/kadid10k/images/I34_16_01.png,I34.png,34,16,1,4.47,0.499,16.7471866607666,0.0367039399998248,0
I34_16_03.png,/kaggle/working/MDFS/data/KADID/extracted/kadid10k/images/I34_16_03.png,I34.png,34,16,3,3.1,0.79,17.122243881225586,0.03804277500057651,0
I34_16_05.png,/kaggle/working/MDFS/data/KADID/extracted/kadid10k/images/I34_16_05.png,I34.png,34,16,5,1.57,0.716,20.71165657043457,0.038660807000269415,0
I34_17_02.png,/kaggle/working/MDFS/data/KADID/extracted/kadid10k/images/I34_17_02.png,I34.png,34,17,2,4.6,0.49,16.6949462890625,0.038644934999865654,0
I34_17_04.png,/kaggle/working/MDFS/data/KADID/extracted/kadid10k/images/I34_17_04.png,I34.png,34,17,4,3.43,0.803,16.660259246826172,0.038527236999470915,0
I34_18_01.png,/kaggle/working/MDFS/data/KADID/extracted/kadid10k/images/I34_18_01.png,I34.png,34,18,1,3.83,0.86,17.240558624267578,0.037479392000022926,0
I34_18_03.png,/kaggle/working/MDFS/data/KADID/extracted/kadid10k/images/I34_18_03.png,I34.png,34,18,3,4.66,0.475,16.716270446777344,0.03747431600004347,0
I34_18_05.png,/kaggle/working/MDFS/data/KADID/extracted/kadid10k/images/I34_18_05.png,I34.png,34,18,5,3.67,0.83,16.85734748840332,0.03739234299973759,0
I34_19_02.png,/kaggle/working/MDFS/data/KADID/extracted/kadid10k/images/I34_19_02.png,I34.png,34,19,2,4.2,0.542,16.588573455810547,0.03684371100007411,0
I34_19_04.png,/kaggle/working/MDFS/data/KADID/extracted/kadid10k/images/I34_19_04.png,I34.png,34,19,4,1.77,0.559,18.877965927124023,0.037219947000266984,0
I34_20_01.png,/kaggle/working/MDFS/data/KADID/extracted/kadid10k/images/I34_20_01.png,I34.png,34,20,1,4.5,0.619,16.64158058166504,0.03902116199969896,0
I34_20_03.png,/kaggle/working/MDFS/data/KADID/extracted/kadid10k/images/I34_20_03.png,I34.png,34,20,3,4.07,0.814,16.739477157592773,0.03840813100032392,0
I34_20_05.png,/kaggle/working/MDFS/data/KADID/extracted/kadid10k/images/I34_20_05.png,I34.png,34,20,5,3.4,1.227,16.6157283782959,0.03738444100054039,0
I34_21_02.png,/kaggle/working/MDFS/data/KADID/extracted/kadid10k/images/I34_21_02.png,I34.png,34,21,2,3.4,0.952,17.05592155456543,0.03767966699979297,0
I34_21_04.png,/kaggle/working/MDFS/data/KADID/extracted/kadid10k/images/I34_21_04.png,I34.png,34,21,4,2.67,0.83,18.32090187072754,0.03482726099991851,0
I34_22_01.png,/kaggle/working/MDFS/data/KADID/extracted/kadid10k/images/I34_22_01.png,I34.png,34,22,1,4.37,0.657,16.96333885192871,0.03652472799967654,0
I34_22_03.png,/kaggle/working/MDFS/data/KADID/extracted/kadid10k/images/I34_22_03.png,I34.png,34,22,3,3.87,1.056,17.292449951171875,0.03723631699995167,0
I34_22_05.png,/kaggle/working/MDFS/data/KADID/extracted/kadid10k/images/I34_22_05.png,I34.png,34,22,5,2.23,0.844,19.26195526123047,0.03648962099941855,0
I34_23_02.png,/kaggle/working/MDFS/data/KADID/extracted/kadid10k/images/I34_23_02.png,I34.png,34,23,2,2.33,0.596,16.704492568969727,0.03937495700029103,0
I34_23_04.png,/kaggle/working/MDFS/data/KADID/extracted/kadid10k/images/I34_23_04.png,I34.png,34,23,4,2.07,0.814,16.741004943847656,0.037940186000014364,0
I34_24_01.png,/kaggle/working/MDFS/data/KADID/extracted/kadid10k/images/I34_24_01.png,I34.png,34,24,1,3.7,0.69,18.054025650024414,0.0372121860000334,0
I34_24_03.png,/kaggle/working/MDFS/data/KADID/extracted/kadid10k/images/I34_24_03.png,I34.png,34,24,3,2.43,0.92,21.673973083496094,0.03740559600009874,0
I34_24_05.png,/kaggle/working/MDFS/data/KADID/extracted/kadid10k/images/I34_24_05.png,I34.png,34,24,5,1.27,0.629,27.029375076293945,0.03592070800004876,0
I34_25_02.png,/kaggle/working/MDFS/data/KADID/extracted/kadid10k/images/I34_25_02.png,I34.png,34,25,2,3.43,0.883,17.10854721069336,0.03772780300005252,0
I34_25_04.png,/kaggle/working/MDFS/data/KADID/extracted/kadid10k/images/I34_25_04.png,I34.png,34,25,4,4.0,0.816,16.77074432373047,0.038469090999569744,0
I35_01_01.png,/kaggle/working/MDFS/data/KADID/extracted/kadid10k/images/I35_01_01.png,I35.png,35,1,1,4.53,0.499,17.44312286376953,0.03947976800009201,0
I35_01_03.png,/kaggle/working/MDFS/data/KADID/extracted/kadid10k/images/I35_01_03.png,I35.png,35,1,3,3.2,0.98,20.749650955200195,0.03941557199959789,0
I35_01_05.png,/kaggle/working/MDFS/data/KADID/extracted/kadid10k/images/I35_01_05.png,I35.png,35,1,5,1.33,0.471,37.53794479370117,0.03863624499990692,0
I35_02_02.png,/kaggle/working/MDFS/data/KADID/extracted/kadid10k/images/I35_02_02.png,I35.png,35,2,2,3.03,0.836,22.322710037231445,0.038831080000818474,0
I35_02_04.png,/kaggle/working/MDFS/data/KADID/extracted/kadid10k/images/I35_02_04.png,I35.png,35,2,4,1.37,0.605,26.81671714782715,0.038011073999768996,0
I35_03_01.png,/kaggle/working/MDFS/data/KADID/extracted/kadid10k/images/I35_03_01.png,I35.png,35,3,1,4.7,0.458,17.44312286376953,0.038978436999968835,0
I35_03_03.png,/kaggle/working/MDFS/data/KADID/extracted/kadid10k/images/I35_03_03.png,I35.png,35,3,3,2.97,0.912,20.0666446685791,0.0383492880000631,0
I35_03_05.png,/kaggle/working/MDFS/data/KADID/extracted/kadid10k/images/I35_03_05.png,I35.png,35,3,5,1.9,0.539,21.666969299316406,0.03752235199954157,0
I35_04_02.png,/kaggle/working/MDFS/data/KADID/extracted/kadid10k/images/I35_04_02.png,I35.png,35,4,2,2.43,0.92,18.655805587768555,0.038259236000158126,0
I35_04_04.png,/kaggle/working/MDFS/data/KADID/extracted/kadid10k/images/I35_04_04.png,I35.png,35,4,4,1.97,0.836,20.80864906311035,0.03818375500031834,0
I35_05_01.png,/kaggle/working/MDFS/data/KADID/extracted/kadid10k/images/I35_05_01.png,I35.png,35,5,1,4.23,0.761,17.459096908569336,0.03934227199988527,0
I35_05_03.png,/kaggle/working/MDFS/data/KADID/extracted/kadid10k/images/I35_05_03.png,I35.png,35,5,3,2.3,0.823,17.868030548095703,0.039871898000455985,0
I35_05_05.png,/kaggle/working/MDFS/data/KADID/extracted/kadid10k/images/I35_05_05.png,I35.png,35,5,5,2.8,1.222,17.723834991455078,0.038879124999766645,0
I35_06_02.png,/kaggle/working/MDFS/data/KADID/extracted/kadid10k/images/I35_06_02.png,I35.png,35,6,2,3.93,0.892,20.020586013793945,0.03588102799949411,0
I35_06_04.png,/kaggle/working/MDFS/data/KADID/extracted/kadid10k/images/I35_06_04.png,I35.png,35,6,4,2.97,0.912,21.43743896484375,0.034431658999892534,0
I35_07_01.png,/kaggle/working/MDFS/data/KADID/extracted/kadid10k/images/I35_07_01.png,I35.png,35,7,1,2.93,0.892,17.824399948120117,0.0378078319999986,0
I35_07_03.png,/kaggle/working/MDFS/data/KADID/extracted/kadid10k/images/I35_07_03.png,I35.png,35,7,3,2.07,0.814,19.11313247680664,0.03798374799953308,0
I35_07_05.png,/kaggle/working/MDFS/data/KADID/extracted/kadid10k/images/I35_07_05.png,I35.png,35,7,5,2.47,0.957,17.992942810058594,0.03939958600039972,0
I35_08_02.png,/kaggle/working/MDFS/data/KADID/extracted/kadid10k/images/I35_08_02.png,I35.png,35,8,2,3.83,0.82,18.13706398010254,0.039782615000149235,0
I35_08_04.png,/kaggle/working/MDFS/data/KADID/extracted/kadid10k/images/I35_08_04.png,I35.png,35,8,4,2.43,1.174,21.410064697265625,0.03991675799989025,0
I35_09_01.png,/kaggle/working/MDFS/data/KADID/extracted/kadid10k/images/I35_09_01.png,I35.png,35,9,1,4.77,0.496,17.95848846435547,0.04043970399925456,0
I35_09_03.png,/kaggle/working/MDFS/data/KADID/extracted/kadid10k/images/I35_09_03.png,I35.png,35,9,3,4.0,0.816,21.40670394897461,0.03964518399970984,0
I35_09_05.png,/kaggle/working/MDFS/data/KADID/extracted/kadid10k/images/I35_09_05.png,I35.png,35,9,5,1.3,0.458,33.111778259277344,0.03894065100030275,0
I35_10_02.png,/kaggle/working/MDFS/data/KADID/extracted/kadid10k/images/I35_10_02.png,I35.png,35,10,2,4.43,0.496,19.382780075073242,0.03837747699981264,0
I35_10_04.png,/kaggle/working/MDFS/data/KADID/extracted/kadid10k/images/I35_10_04.png,I35.png,35,10,4,1.8,0.792,25.188608169555664,0.03634740300003614,0
I35_11_01.png,/kaggle/working/MDFS/data/KADID/extracted/kadid10k/images/I35_11_01.png,I35.png,35,11,1,3.8,0.833,19.848068237304688,0.036413090000678494,0
I35_11_03.png,/kaggle/working/MDFS/data/KADID/extracted/kadid10k/images/I35_11_03.png,I35.png,35,11,3,3.2,1.046,21.369083404541016,0.03667555399988487,0
I35_11_05.png,/kaggle/working/MDFS/data/KADID/extracted/kadid10k/images/I35_11_05.png,I35.png,35,11,5,2.4,0.917,24.477956771850586,0.03779781000048388,0
I35_12_02.png,/kaggle/working/MDFS/data/KADID/extracted/kadid10k/images/I35_12_02.png,I35.png,35,12,2,3.63,0.706,19.984939575195312,0.038574438999603444,0
I35_12_04.png,/kaggle/working/MDFS/data/KADID/extracted/kadid10k/images/I35_12_04.png,I35.png,35,12,4,2.6,0.712,22.31243133544922,0.03901807900001586,0
I35_13_01.png,/kaggle/working/MDFS/data/KADID/extracted/kadid10k/images/I35_13_01.png,I35.png,35,13,1,3.53,0.991,17.64044952392578,0.03990242599957128,0
I35_13_03.png,/kaggle/working/MDFS/data/KADID/extracted/kadid10k/images/I35_13_03.png,I35.png,35,13,3,2.73,0.772,20.115612030029297,0.03894061400023929,0
I35_13_05.png,/kaggle/working/MDFS/data/KADID/extracted/kadid10k/images/I35_13_05.png,I35.png,35,13,5,2.3,0.69,23.599905014038086,0.03868792599951121,0
I35_14_02.png,/kaggle/working/MDFS/data/KADID/extracted/kadid10k/images/I35_14_02.png,I35.png,35,14,2,3.23,1.023,20.366294860839844,0.03713486400010879,0
I35_14_04.png,/kaggle/working/MDFS/data/KADID/extracted/kadid10k/images/I35_14_04.png,I35.png,35,14,4,2.6,0.712,22.408161163330078,0.037088673000653216,0
I35_15_01.png,/kaggle/working/MDFS/data/KADID/extracted/kadid10k/images/I35_15_01.png,I35.png,35,15,1,4.27,0.512,19.049942016601562,0.03948177799975383,0
I35_15_03.png,/kaggle/working/MDFS/data/KADID/extracted/kadid10k/images/I35_15_03.png,I35.png,35,15,3,2.53,0.884,21.261512756347656,0.04686748800031637,0
I35_15_05.png,/kaggle/working/MDFS/data/KADID/extracted/kadid10k/images/I35_15_05.png,I35.png,35,15,5,1.63,0.605,23.632871627807617,0.03675590900002135,0
I35_16_02.png,/kaggle/working/MDFS/data/KADID/extracted/kadid10k/images/I35_16_02.png,I35.png,35,16,2,4.7,0.458,17.512746810913086,0.03806527699998696,0
I35_16_04.png,/kaggle/working/MDFS/data/KADID/extracted/kadid10k/images/I35_16_04.png,I35.png,35,16,4,2.57,0.844,20.975032806396484,0.037579711999569554,0
I35_17_01.png,/kaggle/working/MDFS/data/KADID/extracted/kadid10k/images/I35_17_01.png,I35.png,35,17,1,4.8,0.4,17.39532470703125,0.038825663000352506,0
I35_17_03.png,/kaggle/working/MDFS/data/KADID/extracted/kadid10k/images/I35_17_03.png,I35.png,35,17,3,4.63,0.547,17.47209358215332,0.057197443999939424,0
I35_17_05.png,/kaggle/working/MDFS/data/KADID/extracted/kadid10k/images/I35_17_05.png,I35.png,35,17,5,2.57,0.955,18.391191482543945,0.0486482940004862,0
I35_18_02.png,/kaggle/working/MDFS/data/KADID/extracted/kadid10k/images/I35_18_02.png,I35.png,35,18,2,4.7,0.526,17.82052993774414,0.0364311439998346,0
I35_18_04.png,/kaggle/working/MDFS/data/KADID/extracted/kadid10k/images/I35_18_04.png,I35.png,35,18,4,4.6,0.554,17.54651641845703,0.038343049000104656,0
I35_19_01.png,/kaggle/working/MDFS/data/KADID/extracted/kadid10k/images/I35_19_01.png,I35.png,35,19,1,4.67,0.471,17.206979751586914,0.03927461300008872,0
I35_19_03.png,/kaggle/working/MDFS/data/KADID/extracted/kadid10k/images/I35_19_03.png,I35.png,35,19,3,3.47,0.957,17.603008270263672,0.03816661699966062,0
I35_19_05.png,/kaggle/working/MDFS/data/KADID/extracted/kadid10k/images/I35_19_05.png,I35.png,35,19,5,1.53,0.499,20.573659896850586,0.037431476000165276,0
I35_20_02.png,/kaggle/working/MDFS/data/KADID/extracted/kadid10k/images/I35_20_02.png,I35.png,35,20,2,3.87,0.975,17.240507125854492,0.039220019000822504,0
I35_20_04.png,/kaggle/working/MDFS/data/KADID/extracted/kadid10k/images/I35_20_04.png,I35.png,35,20,4,3.67,1.043,17.250356674194336,0.03908116399998107,0
I35_21_01.png,/kaggle/working/MDFS/data/KADID/extracted/kadid10k/images/I35_21_01.png,I35.png,35,21,1,4.37,0.983,17.17232894897461,0.03862837799988483,0
I35_21_03.png,/kaggle/working/MDFS/data/KADID/extracted/kadid10k/images/I35_21_03.png,I35.png,35,21,3,3.43,0.955,17.45043182373047,0.03673749700010376,0
I35_21_05.png,/kaggle/working/MDFS/data/KADID/extracted/kadid10k/images/I35_21_05.png,I35.png,35,21,5,1.55,0.755,24.809274673461914,0.03381822000028478,0
I35_22_02.png,/kaggle/working/MDFS/data/KADID/extracted/kadid10k/images/I35_22_02.png,I35.png,35,22,2,3.93,0.929,18.03449821472168,0.03727729699949123,0
I35_22_04.png,/kaggle/working/MDFS/data/KADID/extracted/kadid10k/images/I35_22_04.png,I35.png,35,22,4,3.0,1.125,19.267173767089844,0.03761106500041933,0
I35_23_01.png,/kaggle/working/MDFS/data/KADID/extracted/kadid10k/images/I35_23_01.png,I35.png,35,23,1,2.6,1.02,17.32004165649414,0.03974019599991152,0
I35_23_03.png,/kaggle/working/MDFS/data/KADID/extracted/kadid10k/images/I35_23_03.png,I35.png,35,23,3,2.63,0.912,17.26390838623047,0.039410321000104886,0
I35_23_05.png,/kaggle/working/MDFS/data/KADID/extracted/kadid10k/images/I35_23_05.png,I35.png,35,23,5,2.3,0.781,17.187868118286133,0.03920283200022823,0
I35_24_02.png,/kaggle/working/MDFS/data/KADID/extracted/kadid10k/images/I35_24_02.png,I35.png,35,24,2,3.03,0.836,19.370492935180664,0.03881336199992802,0
I35_24_04.png,/kaggle/working/MDFS/data/KADID/extracted/kadid10k/images/I35_24_04.png,I35.png,35,24,4,1.67,0.699,22.653018951416016,0.03772264199960773,0
I35_25_01.png,/kaggle/working/MDFS/data/KADID/extracted/kadid10k/images/I35_25_01.png,I35.png,35,25,1,3.53,1.024,18.70905876159668,0.038733107999178173,0
I35_25_03.png,/kaggle/working/MDFS/data/KADID/extracted/kadid10k/images/I35_25_03.png,I35.png,35,25,3,4.6,0.49,17.535606384277344,0.038017642999875534,0
I35_25_05.png,/kaggle/working/MDFS/data/KADID/extracted/kadid10k/images/I35_25_05.png,I35.png,35,25,5,3.8,0.872,17.374204635620117,0.03888163700048608,0
I36_01_02.png,/kaggle/working/MDFS/data/KADID/extracted/kadid10k/images/I36_01_02.png,I36.png,36,1,2,4.53,0.499,18.03835105895996,0.03873165000004519,0
I36_01_04.png,/kaggle/working/MDFS/data/KADID/extracted/kadid10k/images/I36_01_04.png,I36.png,36,1,4,2.1,0.597,28.90790557861328,0.037187506999543984,0
I36_02_01.png,/kaggle/working/MDFS/data/KADID/extracted/kadid10k/images/I36_02_01.png,I36.png,36,2,1,4.23,0.559,19.113176345825195,0.03914364400043269,0
I36_02_03.png,/kaggle/working/MDFS/data/KADID/extracted/kadid10k/images/I36_02_03.png,I36.png,36,2,3,2.07,0.573,26.204669952392578,0.039836054000261356,0
I36_02_05.png,/kaggle/working/MDFS/data/KADID/extracted/kadid10k/images/I36_02_05.png,I36.png,36,2,5,1.26,0.438,30.36184310913086,0.038988734000668046,0
I36_03_02.png,/kaggle/working/MDFS/data/KADID/extracted/kadid10k/images/I36_03_02.png,I36.png,36,3,2,4.5,0.5,19.175155639648438,0.03992367099999683,0
I36_03_04.png,/kaggle/working/MDFS/data/KADID/extracted/kadid10k/images/I36_03_04.png,I36.png,36,3,4,2.07,0.727,21.697208404541016,0.03981356299937033,0
I36_04_01.png,/kaggle/working/MDFS/data/KADID/extracted/kadid10k/images/I36_04_01.png,I36.png,36,4,1,4.53,0.67,18.666425704956055,0.0389386580000064,0
I36_04_03.png,/kaggle/working/MDFS/data/KADID/extracted/kadid10k/images/I36_04_03.png,I36.png,36,4,3,1.29,0.454,21.024736404418945,0.03668045099948358,0
I36_04_05.png,/kaggle/working/MDFS/data/KADID/extracted/kadid10k/images/I36_04_05.png,I36.png,36,4,5,1.2,0.4,22.567108154296875,0.03479395999966073,0
I36_05_02.png,/kaggle/working/MDFS/data/KADID/extracted/kadid10k/images/I36_05_02.png,I36.png,36,5,2,3.87,0.957,18.833599090576172,0.0382745890001388,0
I36_05_04.png,/kaggle/working/MDFS/data/KADID/extracted/kadid10k/images/I36_05_04.png,I36.png,36,5,4,2.87,1.07,18.41978645324707,0.03775051100001292,0
I36_06_01.png,/kaggle/working/MDFS/data/KADID/extracted/kadid10k/images/I36_06_01.png,I36.png,36,6,1,4.2,0.653,19.730199813842773,0.03539078899939341,0
I36_06_03.png,/kaggle/working/MDFS/data/KADID/extracted/kadid10k/images/I36_06_03.png,I36.png,36,6,3,4.03,0.875,20.414113998413086,0.035790865999842936,0
I36_06_05.png,/kaggle/working/MDFS/data/KADID/extracted/kadid10k/images/I36_06_05.png,I36.png,36,6,5,2.87,0.991,23.179656982421875,0.03321841100023448,0
I36_07_02.png,/kaggle/working/MDFS/data/KADID/extracted/kadid10k/images/I36_07_02.png,I36.png,36,7,2,1.93,1.031,18.80267906188965,0.037943463999909,0
I36_07_04.png,/kaggle/working/MDFS/data/KADID/extracted/kadid10k/images/I36_07_04.png,I36.png,36,7,4,2.4,0.987,22.003734588623047,0.03697682299934968,0
I36_08_01.png,/kaggle/working/MDFS/data/KADID/extracted/kadid10k/images/I36_08_01.png,I36.png,36,8,1,4.73,0.573,17.89495849609375,0.039440620000277704,0
I36_08_03.png,/kaggle/working/MDFS/data/KADID/extracted/kadid10k/images/I36_08_03.png,I36.png,36,8,3,2.3,0.862,19.422040939331055,0.0383564200001274,0
I36_08_05.png,/kaggle/working/MDFS/data/KADID/extracted/kadid10k/images/I36_08_05.png,I36.png,36,8,5,1.73,0.727,21.688804626464844,0.03762003100018774,0
I36_09_02.png,/kaggle/working/MDFS/data/KADID/extracted/kadid10k/images/I36_09_02.png,I36.png,36,9,2,4.27,0.814,20.439828872680664,0.0393910920001872,0
I36_09_04.png,/kaggle/working/MDFS/data/KADID/extracted/kadid10k/images/I36_09_04.png,I36.png,36,9,4,1.97,0.836,27.927963256835938,0.038283641000816715,0
I36_10_01.png,/kaggle/working/MDFS/data/KADID/extracted/kadid10k/images/I36_10_01.png,I36.png,36,10,1,4.33,0.699,18.704862594604492,0.03781030699974508,0
I36_10_03.png,/kaggle/working/MDFS/data/KADID/extracted/kadid10k/images/I36_10_03.png,I36.png,36,10,3,4.17,0.898,19.581674575805664,0.037738449000244145,0
I36_10_05.png,/kaggle/working/MDFS/data/KADID/extracted/kadid10k/images/I36_10_05.png,I36.png,36,10,5,1.43,0.559,28.72262954711914,0.035039901999880385,0
I36_11_02.png,/kaggle/working/MDFS/data/KADID/extracted/kadid10k/images/I36_11_02.png,I36.png,36,11,2,3.43,0.989,20.940811157226562,0.038377734999812674,0
I36_11_04.png,/kaggle/working/MDFS/data/KADID/extracted/kadid10k/images/I36_11_04.png,I36.png,36,11,4,3.1,0.978,22.85602569580078,0.038580051000280946,0
I36_12_01.png,/kaggle/working/MDFS/data/KADID/extracted/kadid10k/images/I36_12_01.png,I36.png,36,12,1,4.73,0.512,18.9306697845459,0.03855765800017252,0
I36_12_03.png,/kaggle/working/MDFS/data/KADID/extracted/kadid10k/images/I36_12_03.png,I36.png,36,12,3,3.4,0.841,21.535070419311523,0.037062344000332814,0
I36_12_05.png,/kaggle/working/MDFS/data/KADID/extracted/kadid10k/images/I36_12_05.png,I36.png,36,12,5,2.53,1.056,24.326602935791016,0.03666723800051841,0
I36_13_02.png,/kaggle/working/MDFS/data/KADID/extracted/kadid10k/images/I36_13_02.png,I36.png,36,13,2,2.67,0.943,18.810916900634766,0.03823811799975374,0
I36_13_04.png,/kaggle/working/MDFS/data/KADID/extracted/kadid10k/images/I36_13_04.png,I36.png,36,13,4,2.23,0.667,22.565515518188477,0.038053239999499056,0
I36_14_01.png,/kaggle/working/MDFS/data/KADID/extracted/kadid10k/images/I36_14_01.png,I36.png,36,14,1,4.73,0.442,18.034093856811523,0.03814999799942598,0
I36_14_03.png,/kaggle/working/MDFS/data/KADID/extracted/kadid10k/images/I36_14_03.png,I36.png,36,14,3,3.33,0.978,18.641948699951172,0.03849365800033411,0
I36_14_05.png,/kaggle/working/MDFS/data/KADID/extracted/kadid10k/images/I36_14_05.png,I36.png,36,14,5,2.2,0.702,20.19269371032715,0.03933782199965208,0
I36_15_02.png,/kaggle/working/MDFS/data/KADID/extracted/kadid10k/images/I36_15_02.png,I36.png,36,15,2,3.23,1.086,20.971656799316406,0.03983730999971158,0
I36_15_04.png,/kaggle/working/MDFS/data/KADID/extracted/kadid10k/images/I36_15_04.png,I36.png,36,15,4,1.43,0.496,23.271434783935547,0.03811695799959125,0
I36_16_01.png,/kaggle/working/MDFS/data/KADID/extracted/kadid10k/images/I36_16_01.png,I36.png,36,16,1,4.77,0.423,17.767208099365234,0.03881643600016105,0
I36_16_03.png,/kaggle/working/MDFS/data/KADID/extracted/kadid10k/images/I36_16_03.png,I36.png,36,16,3,4.17,0.453,17.748302459716797,0.039012984000692086,0
I36_16_05.png,/kaggle/working/MDFS/data/KADID/extracted/kadid10k/images/I36_16_05.png,I36.png,36,16,5,2.5,0.922,19.115938186645508,0.03991757499989035,0
I36_17_02.png,/kaggle/working/MDFS/data/KADID/extracted/kadid10k/images/I36_17_02.png,I36.png,36,17,2,4.63,0.482,17.870912551879883,0.0385937670007479,0
I36_17_04.png,/kaggle/working/MDFS/data/KADID/extracted/kadid10k/images/I36_17_04.png,I36.png,36,17,4,3.5,0.885,18.225839614868164,0.03776678200028982,0
I36_18_01.png,/kaggle/working/MDFS/data/KADID/extracted/kadid10k/images/I36_18_01.png,I36.png,36,18,1,4.57,0.803,18.216909408569336,0.038328431000081764,0
I36_18_03.png,/kaggle/working/MDFS/data/KADID/extracted/kadid10k/images/I36_18_03.png,I36.png,36,18,3,4.67,0.596,17.89495849609375,0.038506540000526,0
I36_18_05.png,/kaggle/working/MDFS/data/KADID/extracted/kadid10k/images/I36_18_05.png,I36.png,36,18,5,4.27,0.629,19.070646286010742,0.03665837199969246,0
I36_19_02.png,/kaggle/working/MDFS/data/KADID/extracted/kadid10k/images/I36_19_02.png,I36.png,36,19,2,3.8,0.833,17.67043685913086,0.038977223000074446,0
I36_19_04.png,/kaggle/working/MDFS/data/KADID/extracted/kadid10k/images/I36_19_04.png,I36.png,36,19,4,1.7,0.737,20.685014724731445,0.03817386899936537,0
I36_20_01.png,/kaggle/working/MDFS/data/KADID/extracted/kadid10k/images/I36_20_01.png,I36.png,36,20,1,4.67,0.65,17.810054779052734,0.04001667800002906,0
I36_20_03.png,/kaggle/working/MDFS/data/KADID/extracted/kadid10k/images/I36_20_03.png,I36.png,36,20,3,4.6,0.712,17.74829864501953,0.039076566000403545,0
I36_20_05.png,/kaggle/working/MDFS/data/KADID/extracted/kadid10k/images/I36_20_05.png,I36.png,36,20,5,3.63,1.224,17.775693893432617,0.039184955000564514,0
I36_21_02.png,/kaggle/working/MDFS/data/KADID/extracted/kadid10k/images/I36_21_02.png,I36.png,36,21,2,3.67,1.106,18.146484375,0.039057808000507066,0
I36_21_04.png,/kaggle/working/MDFS/data/KADID/extracted/kadid10k/images/I36_21_04.png,I36.png,36,21,4,3.07,0.998,19.034664154052734,0.037379766999947606,0
I36_22_01.png,/kaggle/working/MDFS/data/KADID/extracted/kadid10k/images/I36_22_01.png,I36.png,36,22,1,4.6,0.554,18.315948486328125,0.03754355000000942,0
I36_22_03.png,/kaggle/working/MDFS/data/KADID/extracted/kadid10k/images/I36_22_03.png,I36.png,36,22,3,4.67,0.537,18.64958381652832,0.03643278700019437,0
I36_22_05.png,/kaggle/working/MDFS/data/KADID/extracted/kadid10k/images/I36_22_05.png,I36.png,36,22,5,3.5,0.922,19.217622756958008,0.036538741999720514,0
I36_23_02.png,/kaggle/working/MDFS/data/KADID/extracted/kadid10k/images/I36_23_02.png,I36.png,36,23,2,2.37,0.948,17.807720184326172,0.04021782299969345,0
I36_23_04.png,/kaggle/working/MDFS/data/KADID/extracted/kadid10k/images/I36_23_04.png,I36.png,36,23,4,1.83,0.86,17.7298583984375,0.03965108299962594,0
I36_24_01.png,/kaggle/working/MDFS/data/KADID/extracted/kadid10k/images/I36_24_01.png,I36.png,36,24,1,3.9,0.943,19.668537139892578,0.03952720599954773,0
I36_24_03.png,/kaggle/working/MDFS/data/KADID/extracted/kadid10k/images/I36_24_03.png,I36.png,36,24,3,2.47,0.846,22.3579044342041,0.0394223970006351,0
I36_24_05.png,/kaggle/working/MDFS/data/KADID/extracted/kadid10k/images/I36_24_05.png,I36.png,36,24,5,1.33,0.471,26.379718780517578,0.03858877099992242,0
I36_25_02.png,/kaggle/working/MDFS/data/KADID/extracted/kadid10k/images/I36_25_02.png,I36.png,36,25,2,4.2,0.748,18.935449600219727,0.03894192500047211,0
I36_25_04.png,/kaggle/working/MDFS/data/KADID/extracted/kadid10k/images/I36_25_04.png,I36.png,36,25,4,4.4,0.712,17.84684181213379,0.03841191700030322,0
I37_01_01.png,/kaggle/working/MDFS/data/KADID/extracted/kadid10k/images/I37_01_01.png,I37.png,37,1,1,4.77,0.423,18.314550399780273,0.03752165000059904,0
I37_01_03.png,/kaggle/working/MDFS/data/KADID/extracted/kadid10k/images/I37_01_03.png,I37.png,37,1,3,2.87,0.763,22.087574005126953,0.037488564000341285,0
I37_01_05.png,/kaggle/working/MDFS/data/KADID/extracted/kadid10k/images/I37_01_05.png,I37.png,37,1,5,1.33,0.471,39.93992614746094,0.03677242699995986,0
I37_02_02.png,/kaggle/working/MDFS/data/KADID/extracted/kadid10k/images/I37_02_02.png,I37.png,37,2,2,2.03,0.752,23.418399810791016,0.03847535800014157,0
I37_02_04.png,/kaggle/working/MDFS/data/KADID/extracted/kadid10k/images/I37_02_04.png,I37.png,37,2,4,1.23,0.423,28.807449340820312,0.038212702000237186,0
I37_03_01.png,/kaggle/working/MDFS/data/KADID/extracted/kadid10k/images/I37_03_01.png,I37.png,37,3,1,4.57,0.667,18.314550399780273,0.03911622099985834,0
I37_03_03.png,/kaggle/working/MDFS/data/KADID/extracted/kadid10k/images/I37_03_03.png,I37.png,37,3,3,2.9,0.746,20.234676361083984,0.03987061800035008,0
I37_03_05.png,/kaggle/working/MDFS/data/KADID/extracted/kadid10k/images/I37_03_05.png,I37.png,37,3,5,1.6,0.554,23.407262802124023,0.03947934999996505,0
I37_04_02.png,/kaggle/working/MDFS/data/KADID/extracted/kadid10k/images/I37_04_02.png,I37.png,37,4,2,2.87,0.846,19.699071884155273,0.0387814529995012,0
I37_04_04.png,/kaggle/working/MDFS/data/KADID/extracted/kadid10k/images/I37_04_04.png,I37.png,37,4,4,1.83,0.82,20.594343185424805,0.037656988999515306,0
I37_05_01.png,/kaggle/working/MDFS/data/KADID/extracted/kadid10k/images/I37_05_01.png,I37.png,37,5,1,4.3,0.823,18.961606979370117,0.03842707900003006,0
I37_05_03.png,/kaggle/working/MDFS/data/KADID/extracted/kadid10k/images/I37_05_03.png,I37.png,37,5,3,1.63,0.605,19.40420913696289,0.03884552199997415,0
I37_05_05.png,/kaggle/working/MDFS/data/KADID/extracted/kadid10k/images/I37_05_05.png,I37.png,37,5,5,1.83,0.734,19.05388832092285,0.03779708699948969,0
I37_06_02.png,/kaggle/working/MDFS/data/KADID/extracted/kadid10k/images/I37_06_02.png,I37.png,37,6,2,3.97,0.657,20.007858276367188,0.03474560599988763,0
I37_06_04.png,/kaggle/working/MDFS/data/KADID/extracted/kadid10k/images/I37_06_04.png,I37.png,37,6,4,3.23,0.883,22.00531768798828,0.03578986699994857,0
I37_07_01.png,/kaggle/working/MDFS/data/KADID/extracted/kadid10k/images/I37_07_01.png,I37.png,37,7,1,3.07,0.892,18.403993606567383,0.03900376799992955,0
I37_07_03.png,/kaggle/working/MDFS/data/KADID/extracted/kadid10k/images/I37_07_03.png,I37.png,37,7,3,2.13,0.806,19.247133255004883,0.037526951000472764,0
I37_07_05.png,/kaggle/working/MDFS/data/KADID/extracted/kadid10k/images/I37_07_05.png,I37.png,37,7,5,1.83,0.82,18.778188705444336,0.03776643699984561,0
I37_08_02.png,/kaggle/working/MDFS/data/KADID/extracted/kadid10k/images/I37_08_02.png,I37.png,37,8,2,3.58,0.943,18.68317222595215,0.03795396200075629,0
I37_08_04.png,/kaggle/working/MDFS/data/KADID/extracted/kadid10k/images/I37_08_04.png,I37.png,37,8,4,1.93,0.772,20.311420440673828,0.03768120499989891,0
I37_09_01.png,/kaggle/working/MDFS/data/KADID/extracted/kadid10k/images/I37_09_01.png,I37.png,37,9,1,4.47,0.618,18.948392868041992,0.037380217999270826,0
I37_09_03.png,/kaggle/working/MDFS/data/KADID/extracted/kadid10k/images/I37_09_03.png,I37.png,37,9,3,3.3,1.1,21.841922760009766,0.03778313499969954,0
I37_09_05.png,/kaggle/working/MDFS/data/KADID/extracted/kadid10k/images/I37_09_05.png,I37.png,37,9,5,1.17,0.373,35.3152961730957,0.037820724999619415,0
I37_10_02.png,/kaggle/working/MDFS/data/KADID/extracted/kadid10k/images/I37_10_02.png,I37.png,37,10,2,3.9,0.651,20.874835968017578,0.039432606999980635,0
I37_10_04.png,/kaggle/working/MDFS/data/KADID/extracted/kadid10k/images/I37_10_04.png,I37.png,37,10,4,1.77,0.92,30.14372444152832,0.03733959200053505,0
I37_11_01.png,/kaggle/working/MDFS/data/KADID/extracted/kadid10k/images/I37_11_01.png,I37.png,37,11,1,3.07,0.892,20.491525650024414,0.037076334000630595,0
I37_11_03.png,/kaggle/working/MDFS/data/KADID/extracted/kadid10k/images/I37_11_03.png,I37.png,37,11,3,2.83,0.734,23.211448669433594,0.03663510199930897,0
I37_11_05.png,/kaggle/working/MDFS/data/KADID/extracted/kadid10k/images/I37_11_05.png,I37.png,37,11,5,1.83,0.637,26.511497497558594,0.036097930000323686,0
I37_12_02.png,/kaggle/working/MDFS/data/KADID/extracted/kadid10k/images/I37_12_02.png,I37.png,37,12,2,3.27,0.573,20.77764129638672,0.03703971399954753,0
I37_12_04.png,/kaggle/working/MDFS/data/KADID/extracted/kadid10k/images/I37_12_04.png,I37.png,37,12,4,2.3,0.586,24.291601181030273,0.03789775799941708,0
I37_13_01.png,/kaggle/working/MDFS/data/KADID/extracted/kadid10k/images/I37_13_01.png,I37.png,37,13,1,3.47,0.884,18.729093551635742,0.03985398999975587,0
I37_13_03.png,/kaggle/working/MDFS/data/KADID/extracted/kadid10k/images/I37_13_03.png,I37.png,37,13,3,2.3,0.862,21.43168067932129,0.03943104600057268,0
I37_13_05.png,/kaggle/working/MDFS/data/KADID/extracted/kadid10k/images/I37_13_05.png,I37.png,37,13,5,2.1,0.7,25.41335678100586,0.03797240600033547,0
I37_14_02.png,/kaggle/working/MDFS/data/KADID/extracted/kadid10k/images/I37_14_02.png,I37.png,37,14,2,2.67,0.83,22.156265258789062,0.03819623599974875,0
I37_14_04.png,/kaggle/working/MDFS/data/KADID/extracted/kadid10k/images/I37_14_04.png,I37.png,37,14,4,2.03,0.836,24.526262283325195,0.03703493899956811,0
I37_15_01.png,/kaggle/working/MDFS/data/KADID/extracted/kadid10k/images/I37_15_01.png,I37.png,37,15,1,3.9,0.7,20.477582931518555,0.04032746299981227,0
I37_15_03.png,/kaggle/working/MDFS/data/KADID/extracted/kadid10k/images/I37_15_03.png,I37.png,37,15,3,1.87,0.618,22.759355545043945,0.03804073099945526,0
I37_15_05.png,/kaggle/working/MDFS/data/KADID/extracted/kadid10k/images/I37_15_05.png,I37.png,37,15,5,1.23,0.423,25.91973114013672,0.03641604000040388,0
I37_16_02.png,/kaggle/working/MDFS/data/KADID/extracted/kadid10k/images/I37_16_02.png,I37.png,37,16,2,4.27,0.512,18.32737922668457,0.038718662000064796,0
I37_16_04.png,/kaggle/working/MDFS/data/KADID/extracted/kadid10k/images/I37_16_04.png,I37.png,37,16,4,2.43,0.989,22.452850341796875,0.03696528699947521,0
I37_17_01.png,/kaggle/working/MDFS/data/KADID/extracted/kadid10k/images/I37_17_01.png,I37.png,37,17,1,4.67,0.537,18.324989318847656,0.038933580000048096,0
I37_17_03.png,/kaggle/working/MDFS/data/KADID/extracted/kadid10k/images/I37_17_03.png,I37.png,37,17,3,4.2,0.833,18.393329620361328,0.03951660799975798,0
I37_17_05.png,/kaggle/working/MDFS/data/KADID/extracted/kadid10k/images/I37_17_05.png,I37.png,37,17,5,2.63,1.016,19.13408660888672,0.03908526499981235,0
I37_18_02.png,/kaggle/working/MDFS/data/KADID/extracted/kadid10k/images/I37_18_02.png,I37.png,37,18,2,4.53,0.67,18.42116355895996,0.038874932999533485,0
I37_18_04.png,/kaggle/working/MDFS/data/KADID/extracted/kadid10k/images/I37_18_04.png,I37.png,37,18,4,4.6,0.663,18.30353355407715,0.03868692500054749,0
I37_19_01.png,/kaggle/working/MDFS/data/KADID/extracted/kadid10k/images/I37_19_01.png,I37.png,37,19,1,4.5,0.671,18.25189781188965,0.03850223400058894,0
I37_19_03.png,/kaggle/working/MDFS/data/KADID/extracted/kadid10k/images/I37_19_03.png,I37.png,37,19,3,3.17,0.86,18.628128051757812,0.037823759999810136,0
I37_19_05.png,/kaggle/working/MDFS/data/KADID/extracted/kadid10k/images/I37_19_05.png,I37.png,37,19,5,1.2,0.4,22.064130783081055,0.03603719300008379,0
I37_20_02.png,/kaggle/working/MDFS/data/KADID/extracted/kadid10k/images/I37_20_02.png,I37.png,37,20,2,3.97,0.912,18.28598976135254,0.03759142399940174,0
I37_20_04.png,/kaggle/working/MDFS/data/KADID/extracted/kadid10k/images/I37_20_04.png,I37.png,37,20,4,4.1,0.87,18.17334747314453,0.03990306099967711,0
I37_21_01.png,/kaggle/working/MDFS/data/KADID/extracted/kadid10k/images/I37_21_01.png,I37.png,37,21,1,3.27,0.892,18.16652488708496,0.03903361999982735,0
I37_21_03.png,/kaggle/working/MDFS/data/KADID/extracted/kadid10k/images/I37_21_03.png,I37.png,37,21,3,2.33,0.907,18.79783058166504,0.038526374999491964,0
I37_21_05.png,/kaggle/working/MDFS/data/KADID/extracted/kadid10k/images/I37_21_05.png,I37.png,37,21,5,1.33,0.596,27.60523796081543,0.03483899000002566,0
I37_22_02.png,/kaggle/working/MDFS/data/KADID/extracted/kadid10k/images/I37_22_02.png,I37.png,37,22,2,3.07,0.998,18.7316837310791,0.036299557000347704,0
I37_22_04.png,/kaggle/working/MDFS/data/KADID/extracted/kadid10k/images/I37_22_04.png,I37.png,37,22,4,2.53,0.957,19.361316680908203,0.03615429499950551,0
I37_23_01.png,/kaggle/working/MDFS/data/KADID/extracted/kadid10k/images/I37_23_01.png,I37.png,37,23,1,2.73,1.031,18.096250534057617,0.0380277650001517,0
I37_23_03.png,/kaggle/working/MDFS/data/KADID/extracted/kadid10k/images/I37_23_03.png,I37.png,37,23,3,2.2,0.909,18.003713607788086,0.03907115700076247,0
I37_23_05.png,/kaggle/working/MDFS/data/KADID/extracted/kadid10k/images/I37_23_05.png,I37.png,37,23,5,2.1,1.044,18.069095611572266,0.03875817600055598,0
I37_24_02.png,/kaggle/working/MDFS/data/KADID/extracted/kadid10k/images/I37_24_02.png,I37.png,37,24,2,3.03,0.795,20.2376651763916,0.03964011700008996,0
I37_24_04.png,/kaggle/working/MDFS/data/KADID/extracted/kadid10k/images/I37_24_04.png,I37.png,37,24,4,2.0,0.683,22.832502365112305,0.0409830119997423,0
I37_25_01.png,/kaggle/working/MDFS/data/KADID/extracted/kadid10k/images/I37_25_01.png,I37.png,37,25,1,3.9,0.7,19.00444984436035,0.04032431100040412,0
I37_25_03.png,/kaggle/working/MDFS/data/KADID/extracted/kadid10k/images/I37_25_03.png,I37.png,37,25,3,4.63,0.547,18.26683235168457,0.04040635599994857,0
I37_25_05.png,/kaggle/working/MDFS/data/KADID/extracted/kadid10k/images/I37_25_05.png,I37.png,37,25,5,2.97,1.048,18.493282318115234,0.039569577000293066,0
I38_01_02.png,/kaggle/working/MDFS/data/KADID/extracted/kadid10k/images/I38_01_02.png,I38.png,38,1,2,4.63,0.484,19.06720542907715,0.03812394899978244,0
I38_01_04.png,/kaggle/working/MDFS/data/KADID/extracted/kadid10k/images/I38_01_04.png,I38.png,38,1,4,1.87,0.751,31.92131996154785,0.03754862599998887,0
I38_02_01.png,/kaggle/working/MDFS/data/KADID/extracted/kadid10k/images/I38_02_01.png,I38.png,38,2,1,3.93,0.727,20.077335357666016,0.03767558499930601,0
I38_02_03.png,/kaggle/working/MDFS/data/KADID/extracted/kadid10k/images/I38_02_03.png,I38.png,38,2,3,1.93,0.727,29.92107582092285,0.03665524400003051,0
I38_02_05.png,/kaggle/working/MDFS/data/KADID/extracted/kadid10k/images/I38_02_05.png,I38.png,38,2,5,1.27,0.442,35.27745056152344,0.03674316100023134,0
I38_03_02.png,/kaggle/working/MDFS/data/KADID/extracted/kadid10k/images/I38_03_02.png,I38.png,38,3,2,4.2,0.702,19.51593017578125,0.0366502329998184,0
I38_03_04.png,/kaggle/working/MDFS/data/KADID/extracted/kadid10k/images/I38_03_04.png,I38.png,38,3,4,2.3,0.64,22.28508949279785,0.03755484299927048,0
I38_04_01.png,/kaggle/working/MDFS/data/KADID/extracted/kadid10k/images/I38_04_01.png,I38.png,38,4,1,4.57,0.559,19.195592880249023,0.03798628899949108,0
I38_04_03.png,/kaggle/working/MDFS/data/KADID/extracted/kadid10k/images/I38_04_03.png,I38.png,38,4,3,1.87,0.806,21.587909698486328,0.037669265000658925,0
I38_04_05.png,/kaggle/working/MDFS/data/KADID/extracted/kadid10k/images/I38_04_05.png,I38.png,38,4,5,1.53,0.718,23.385639190673828,0.03652764799971919,0
I38_05_02.png,/kaggle/working/MDFS/data/KADID/extracted/kadid10k/images/I38_05_02.png,I38.png,38,5,2,1.93,0.68,19.763282775878906,0.036242328000298585,0
I38_05_04.png,/kaggle/working/MDFS/data/KADID/extracted/kadid10k/images/I38_05_04.png,I38.png,38,5,4,1.57,0.559,19.689252853393555,0.034892322999439784,0
I38_06_01.png,/kaggle/working/MDFS/data/KADID/extracted/kadid10k/images/I38_06_01.png,I38.png,38,6,1,4.5,0.563,21.475587844848633,0.03522261000034632,0
I38_06_03.png,/kaggle/working/MDFS/data/KADID/extracted/kadid10k/images/I38_06_03.png,I38.png,38,6,3,4.0,0.73,21.907779693603516,0.035161735000656336,0
I38_06_05.png,/kaggle/working/MDFS/data/KADID/extracted/kadid10k/images/I38_06_05.png,I38.png,38,6,5,2.37,0.875,23.848602294921875,0.033482075999927474,0
I38_07_02.png,/kaggle/working/MDFS/data/KADID/extracted/kadid10k/images/I38_07_02.png,I38.png,38,7,2,2.35,0.969,21.196025848388672,0.03537062799932755,0
I38_07_04.png,/kaggle/working/MDFS/data/KADID/extracted/kadid10k/images/I38_07_04.png,I38.png,38,7,4,2.8,1.046,22.725067138671875,0.0369833100003234,0
I38_08_01.png,/kaggle/working/MDFS/data/KADID/extracted/kadid10k/images/I38_08_01.png,I38.png,38,8,1,4.67,0.537,19.184494018554688,0.036954993000108516,0
I38_08_03.png,/kaggle/working/MDFS/data/KADID/extracted/kadid10k/images/I38_08_03.png,I38.png,38,8,3,2.77,0.955,20.865705490112305,0.03711351000038121,0
I38_08_05.png,/kaggle/working/MDFS/data/KADID/extracted/kadid10k/images/I38_08_05.png,I38.png,38,8,5,1.43,0.559,23.15862274169922,0.035249380999630375,0
I38_09_02.png,/kaggle/working/MDFS/data/KADID/extracted/kadid10k/images/I38_09_02.png,I38.png,38,9,2,4.77,0.423,19.45024871826172,0.03629164799986029,0
I38_09_04.png,/kaggle/working/MDFS/data/KADID/extracted/kadid10k/images/I38_09_04.png,I38.png,38,9,4,3.7,1.069,23.98993682861328,0.038217665999582096,0
I38_10_01.png,/kaggle/working/MDFS/data/KADID/extracted/kadid10k/images/I38_10_01.png,I38.png,38,10,1,4.2,0.748,21.021276473999023,0.037295510999683756,0
I38_10_03.png,/kaggle/working/MDFS/data/KADID/extracted/kadid10k/images/I38_10_03.png,I38.png,38,10,3,3.2,0.909,22.369333267211914,0.03709554900069634,0
I38_10_05.png,/kaggle/working/MDFS/data/KADID/extracted/kadid10k/images/I38_10_05.png,I38.png,38,10,5,1.17,0.373,33.67285919189453,0.035081928000181506,0
I38_11_02.png,/kaggle/working/MDFS/data/KADID/extracted/kadid10k/images/I38_11_02.png,I38.png,38,11,2,2.97,0.706,25.586536407470703,0.03639234000002034,0
I38_11_04.png,/kaggle/working/MDFS/data/KADID/extracted/kadid10k/images/I38_11_04.png,I38.png,38,11,4,2.5,0.619,29.116413116455078,0.03616809699997248,0
I38_12_01.png,/kaggle/working/MDFS/data/KADID/extracted/kadid10k/images/I38_12_01.png,I38.png,38,12,1,4.3,0.862,21.22661781311035,0.03749492699989787,0
I38_12_03.png,/kaggle/working/MDFS/data/KADID/extracted/kadid10k/images/I38_12_03.png,I38.png,38,12,3,2.6,0.712,26.54305648803711,0.0375691729996106,0
I38_12_05.png,/kaggle/working/MDFS/data/KADID/extracted/kadid10k/images/I38_12_05.png,I38.png,38,12,5,2.2,0.702,31.015687942504883,0.03744200700020883,0
I38_13_02.png,/kaggle/working/MDFS/data/KADID/extracted/kadid10k/images/I38_13_02.png,I38.png,38,13,2,2.67,0.789,27.56084442138672,0.034894835999693896,0
I38_13_04.png,/kaggle/working/MDFS/data/KADID/extracted/kadid10k/images/I38_13_04.png,I38.png,38,13,4,2.23,0.667,28.17304039001465,0.035097359999781474,0
I38_14_01.png,/kaggle/working/MDFS/data/KADID/extracted/kadid10k/images/I38_14_01.png,I38.png,38,14,1,4.37,0.605,22.144760131835938,0.037602430999868375,0
I38_14_03.png,/kaggle/working/MDFS/data/KADID/extracted/kadid10k/images/I38_14_03.png,I38.png,38,14,3,2.9,0.7,25.407413482666016,0.037475718999303353,0
I38_14_05.png,/kaggle/working/MDFS/data/KADID/extracted/kadid10k/images/I38_14_05.png,I38.png,38,14,5,1.73,0.727,29.8244571685791,0.03706763900026999,0
I38_15_02.png,/kaggle/working/MDFS/data/KADID/extracted/kadid10k/images/I38_15_02.png,I38.png,38,15,2,2.0,0.632,25.115283966064453,0.036519355000564246,0
I38_15_04.png,/kaggle/working/MDFS/data/KADID/extracted/kadid10k/images/I38_15_04.png,I38.png,38,15,4,1.35,0.542,27.523847579956055,0.03647327199996653,0
I38_16_01.png,/kaggle/working/MDFS/data/KADID/extracted/kadid10k/images/I38_16_01.png,I38.png,38,16,1,4.55,0.711,19.050460815429688,0.03643355900021561,0
I38_16_03.png,/kaggle/working/MDFS/data/KADID/extracted/kadid10k/images/I38_16_03.png,I38.png,38,16,3,3.53,0.884,19.107585906982422,0.03710406000027433,0
I38_16_05.png,/kaggle/working/MDFS/data/KADID/extracted/kadid10k/images/I38_16_05.png,I38.png,38,16,5,2.0,0.856,22.836807250976562,0.037301517999367206,0
I38_17_02.png,/kaggle/working/MDFS/data/KADID/extracted/kadid10k/images/I38_17_02.png,I38.png,38,17,2,4.47,0.562,19.33344268798828,0.036689354999907664,0
I38_17_04.png,/kaggle/working/MDFS/data/KADID/extracted/kadid10k/images/I38_17_04.png,I38.png,38,17,4,2.93,0.892,20.331918716430664,0.0357778560000952,0
I38_18_01.png,/kaggle/working/MDFS/data/KADID/extracted/kadid10k/images/I38_18_01.png,I38.png,38,18,1,4.07,0.727,18.897729873657227,0.03495352699974319,0
I38_18_03.png,/kaggle/working/MDFS/data/KADID/extracted/kadid10k/images/I38_18_03.png,I38.png,38,18,3,4.73,0.442,19.184494018554688,0.035839704999489186,0
I38_18_05.png,/kaggle/working/MDFS/data/KADID/extracted/kadid10k/images/I38_18_05.png,I38.png,38,18,5,4.1,0.473,19.42504119873047,0.036644464999881166,0
I38_19_02.png,/kaggle/working/MDFS/data/KADID/extracted/kadid10k/images/I38_19_02.png,I38.png,38,19,2,4.23,0.667,18.996427536010742,0.036693666000246594,0
I38_19_04.png,/kaggle/working/MDFS/data/KADID/extracted/kadid10k/images/I38_19_04.png,I38.png,38,19,4,1.67,0.65,21.102087020874023,0.035204564000196115,0
I38_20_01.png,/kaggle/working/MDFS/data/KADID/extracted/kadid10k/images/I38_20_01.png,I38.png,38,20,1,4.53,0.562,19.17595672607422,0.035071947999313124,0
I38_20_03.png,/kaggle/working/MDFS/data/KADID/extracted/kadid10k/images/I38_20_03.png,I38.png,38,20,3,4.27,0.68,18.87287712097168,0.037268968000716995,0
I38_20_05.png,/kaggle/working/MDFS/data/KADID/extracted/kadid10k/images/I38_20_05.png,I38.png,38,20,5,3.4,1.2,18.953264236450195,0.037136611999812885,0
I38_21_02.png,/kaggle/working/MDFS/data/KADID/extracted/kadid10k/images/I38_21_02.png,I38.png,38,21,2,2.27,1.031,19.17744255065918,0.03625383899998269,0
I38_21_04.png,/kaggle/working/MDFS/data/KADID/extracted/kadid10k/images/I38_21_04.png,I38.png,38,21,4,2.73,0.892,20.41016960144043,0.03526098400016053,0
I38_22_01.png,/kaggle/working/MDFS/data/KADID/extracted/kadid10k/images/I38_22_01.png,I38.png,38,22,1,4.0,0.816,19.861286163330078,0.035265690999949584,0
I38_22_03.png,/kaggle/working/MDFS/data/KADID/extracted/kadid10k/images/I38_22_03.png,I38.png,38,22,3,3.1,1.012,20.317535400390625,0.03619376899951021,0
I38_22_05.png,/kaggle/working/MDFS/data/KADID/extracted/kadid10k/images/I38_22_05.png,I38.png,38,22,5,2.2,0.748,26.2706241607666,0.03560712800026522,0
I38_23_02.png,/kaggle/working/MDFS/data/KADID/extracted/kadid10k/images/I38_23_02.png,I38.png,38,23,2,2.47,1.024,18.868043899536133,0.036528269999507756,0
I38_23_04.png,/kaggle/working/MDFS/data/KADID/extracted/kadid10k/images/I38_23_04.png,I38.png,38,23,4,2.07,0.727,18.91179656982422,0.036557966000145825,0
I38_24_01.png,/kaggle/working/MDFS/data/KADID/extracted/kadid10k/images/I38_24_01.png,I38.png,38,24,1,3.7,0.862,19.82249641418457,0.0360677830003624,0
I38_24_03.png,/kaggle/working/MDFS/data/KADID/extracted/kadid10k/images/I38_24_03.png,I38.png,38,24,3,1.87,0.806,21.89063835144043,0.037074789999678615,0
I38_24_05.png,/kaggle/working/MDFS/data/KADID/extracted/kadid10k/images/I38_24_05.png,I38.png,38,24,5,1.27,0.573,25.3817138671875,0.039055369999914546,0
I38_25_02.png,/kaggle/working/MDFS/data/KADID/extracted/kadid10k/images/I38_25_02.png,I38.png,38,25,2,3.73,0.892,19.216968536376953,0.037120752000191715,0
I38_25_04.png,/kaggle/working/MDFS/data/KADID/extracted/kadid10k/images/I38_25_04.png,I38.png,38,25,4,3.97,0.706,19.452207565307617,0.037029251000603836,0
I39_01_01.png,/kaggle/working/MDFS/data/KADID/extracted/kadid10k/images/I39_01_01.png,I39.png,39,1,1,4.73,0.442,18.042055130004883,0.03916475900041405,0
I39_01_03.png,/kaggle/working/MDFS/data/KADID/extracted/kadid10k/images/I39_01_03.png,I39.png,39,1,3,2.97,0.752,20.95291519165039,0.03840481899987935,0
I39_01_05.png,/kaggle/working/MDFS/data/KADID/extracted/kadid10k/images/I39_01_05.png,I39.png,39,1,5,1.32,0.467,37.2519416809082,0.03714832700006809,0
I39_02_02.png,/kaggle/working/MDFS/data/KADID/extracted/kadid10k/images/I39_02_02.png,I39.png,39,2,2,2.4,0.8,22.420372009277344,0.03794173400001455,0
I39_02_04.png,/kaggle/working/MDFS/data/KADID/extracted/kadid10k/images/I39_02_04.png,I39.png,39,2,4,1.37,0.547,30.175750732421875,0.038670089000333974,0
I39_03_01.png,/kaggle/working/MDFS/data/KADID/extracted/kadid10k/images/I39_03_01.png,I39.png,39,3,1,4.77,0.423,18.042055130004883,0.03979257099945244,0
I39_03_03.png,/kaggle/working/MDFS/data/KADID/extracted/kadid10k/images/I39_03_03.png,I39.png,39,3,3,2.77,0.844,21.2784366607666,0.04011627299951215,0
I39_03_05.png,/kaggle/working/MDFS/data/KADID/extracted/kadid10k/images/I39_03_05.png,I39.png,39,3,5,1.47,0.562,23.654422760009766,0.0397341799998685,0
I39_04_02.png,/kaggle/working/MDFS/data/KADID/extracted/kadid10k/images/I39_04_02.png,I39.png,39,4,2,1.67,0.699,19.99998664855957,0.03965341500042996,0
I39_04_04.png,/kaggle/working/MDFS/data/KADID/extracted/kadid10k/images/I39_04_04.png,I39.png,39,4,4,1.2,0.4,22.272336959838867,0.03778826000052504,0
I39_05_01.png,/kaggle/working/MDFS/data/KADID/extracted/kadid10k/images/I39_05_01.png,I39.png,39,5,1,4.23,0.92,18.882431030273438,0.04023300700009713,0
I39_05_03.png,/kaggle/working/MDFS/data/KADID/extracted/kadid10k/images/I39_05_03.png,I39.png,39,5,3,1.53,0.718,18.84046173095703,0.03983919399979641,0
I39_05_05.png,/kaggle/working/MDFS/data/KADID/extracted/kadid10k/images/I39_05_05.png,I39.png,39,5,5,1.5,0.671,18.522945404052734,0.04004053000062413,0
I39_06_02.png,/kaggle/working/MDFS/data/KADID/extracted/kadid10k/images/I39_06_02.png,I39.png,39,6,2,4.33,0.65,20.2663631439209,0.03752392400019744,0
I39_06_04.png,/kaggle/working/MDFS/data/KADID/extracted/kadid10k/images/I39_06_04.png,I39.png,39,6,4,3.53,1.024,21.466148376464844,0.03530792499987001,0
I39_07_01.png,/kaggle/working/MDFS/data/KADID/extracted/kadid10k/images/I39_07_01.png,I39.png,39,7,1,2.39,1.098,19.21815299987793,0.03872621899972728,0
I39_07_03.png,/kaggle/working/MDFS/data/KADID/extracted/kadid10k/images/I39_07_03.png,I39.png,39,7,3,1.7,0.781,21.0408992767334,0.03825433499969222,0
I39_07_05.png,/kaggle/working/MDFS/data/KADID/extracted/kadid10k/images/I39_07_05.png,I39.png,39,7,5,1.9,0.746,21.024877548217773,0.038403139999900304,0
I39_08_02.png,/kaggle/working/MDFS/data/KADID/extracted/kadid10k/images/I39_08_02.png,I39.png,39,8,2,2.83,1.067,18.90597915649414,0.03931145699971239,0
I39_08_04.png,/kaggle/working/MDFS/data/KADID/extracted/kadid10k/images/I39_08_04.png,I39.png,39,8,4,1.33,0.471,22.4442138671875,0.038554781999664556,0
I39_09_01.png,/kaggle/working/MDFS/data/KADID/extracted/kadid10k/images/I39_09_01.png,I39.png,39,9,1,4.74,0.438,18.782236099243164,0.03955806300018594,0
I39_09_03.png,/kaggle/working/MDFS/data/KADID/extracted/kadid10k/images/I39_09_03.png,I39.png,39,9,3,4.0,0.966,22.720382690429688,0.03984392999973352,0
I39_09_05.png,/kaggle/working/MDFS/data/KADID/extracted/kadid10k/images/I39_09_05.png,I39.png,39,9,5,1.27,0.442,33.50809097290039,0.03854616900025576,0
I39_10_02.png,/kaggle/working/MDFS/data/KADID/extracted/kadid10k/images/I39_10_02.png,I39.png,39,10,2,4.53,0.562,19.48923683166504,0.037796601000081864,0
I39_10_04.png,/kaggle/working/MDFS/data/KADID/extracted/kadid10k/images/I39_10_04.png,I39.png,39,10,4,2.13,0.718,26.227481842041016,0.03569972100012819,0
I39_11_01.png,/kaggle/working/MDFS/data/KADID/extracted/kadid10k/images/I39_11_01.png,I39.png,39,11,1,4.53,0.67,19.688491821289062,0.03612242100007279,0
I39_11_03.png,/kaggle/working/MDFS/data/KADID/extracted/kadid10k/images/I39_11_03.png,I39.png,39,11,3,3.73,0.68,21.283178329467773,0.03573649099962495,0
I39_11_05.png,/kaggle/working/MDFS/data/KADID/extracted/kadid10k/images/I39_11_05.png,I39.png,39,11,5,2.47,0.846,25.273090362548828,0.03814013600003818,0
I39_12_02.png,/kaggle/working/MDFS/data/KADID/extracted/kadid10k/images/I39_12_02.png,I39.png,39,12,2,4.33,0.65,20.072641372680664,0.03904003800016653,0
I39_12_04.png,/kaggle/working/MDFS/data/KADID/extracted/kadid10k/images/I39_12_04.png,I39.png,39,12,4,3.27,0.772,23.168333053588867,0.03773750399977871,0
I39_13_01.png,/kaggle/working/MDFS/data/KADID/extracted/kadid10k/images/I39_13_01.png,I39.png,39,13,1,3.23,0.955,18.126447677612305,0.03968590400018002,0
I39_13_03.png,/kaggle/working/MDFS/data/KADID/extracted/kadid10k/images/I39_13_03.png,I39.png,39,13,3,2.77,0.667,19.75433921813965,0.03930580700034625,0
I39_13_05.png,/kaggle/working/MDFS/data/KADID/extracted/kadid10k/images/I39_13_05.png,I39.png,39,13,5,2.07,0.727,23.881675720214844,0.03778130799946666,0
I39_14_02.png,/kaggle/working/MDFS/data/KADID/extracted/kadid10k/images/I39_14_02.png,I39.png,39,14,2,4.52,0.666,18.30160903930664,0.03716726200036646,0
I39_14_04.png,/kaggle/working/MDFS/data/KADID/extracted/kadid10k/images/I39_14_04.png,I39.png,39,14,4,3.07,1.031,19.912263870239258,0.03650924500016117,0
I39_15_01.png,/kaggle/working/MDFS/data/KADID/extracted/kadid10k/images/I39_15_01.png,I39.png,39,15,1,4.13,0.618,19.52550506591797,0.039531024000098114,0
I39_15_03.png,/kaggle/working/MDFS/data/KADID/extracted/kadid10k/images/I39_15_03.png,I39.png,39,15,3,2.57,0.761,22.185640335083008,0.039230231999681564,0
I39_15_05.png,/kaggle/working/MDFS/data/KADID/extracted/kadid10k/images/I39_15_05.png,I39.png,39,15,5,1.47,0.618,24.697792053222656,0.03868544499982818,0
I39_16_02.png,/kaggle/working/MDFS/data/KADID/extracted/kadid10k/images/I39_16_02.png,I39.png,39,16,2,4.53,0.67,18.094268798828125,0.04009654099991167,0
I39_16_04.png,/kaggle/working/MDFS/data/KADID/extracted/kadid10k/images/I39_16_04.png,I39.png,39,16,4,3.1,0.943,19.16706657409668,0.039324403000136954,0
I39_17_01.png,/kaggle/working/MDFS/data/KADID/extracted/kadid10k/images/I39_17_01.png,I39.png,39,17,1,4.63,0.482,18.0347900390625,0.03951965299984295,0
I39_17_03.png,/kaggle/working/MDFS/data/KADID/extracted/kadid10k/images/I39_17_03.png,I39.png,39,17,3,4.6,0.49,17.99274253845215,0.039274712999940675,0
I39_17_05.png,/kaggle/working/MDFS/data/KADID/extracted/kadid10k/images/I39_17_05.png,I39.png,39,17,5,2.1,0.943,21.611452102661133,0.036764067000149225,0
I39_18_02.png,/kaggle/working/MDFS/data/KADID/extracted/kadid10k/images/I39_18_02.png,I39.png,39,18,2,4.57,0.496,18.175506591796875,0.03845118499975797,0
I39_18_04.png,/kaggle/working/MDFS/data/KADID/extracted/kadid10k/images/I39_18_04.png,I39.png,39,18,4,4.47,0.618,18.473575592041016,0.03793994600073347,0
I39_19_01.png,/kaggle/working/MDFS/data/KADID/extracted/kadid10k/images/I39_19_01.png,I39.png,39,19,1,4.43,0.496,17.80173683166504,0.03908585099998163,0
I39_19_03.png,/kaggle/working/MDFS/data/KADID/extracted/kadid10k/images/I39_19_03.png,I39.png,39,19,3,2.43,0.616,18.6892032623291,0.03671361099986825,0
I39_19_05.png,/kaggle/working/MDFS/data/KADID/extracted/kadid10k/images/I39_19_05.png,I39.png,39,19,5,1.07,0.249,25.558115005493164,0.03707275800024945,0
I39_20_02.png,/kaggle/working/MDFS/data/KADID/extracted/kadid10k/images/I39_20_02.png,I39.png,39,20,2,4.23,1.055,17.957021713256836,0.04012889100067696,0
I39_20_04.png,/kaggle/working/MDFS/data/KADID/extracted/kadid10k/images/I39_20_04.png,I39.png,39,20,4,3.23,1.499,17.997833251953125,0.03870006600027409,0
I39_21_01.png,/kaggle/working/MDFS/data/KADID/extracted/kadid10k/images/I39_21_01.png,I39.png,39,21,1,4.0,0.856,18.221826553344727,0.03881000900037179,0
I39_21_03.png,/kaggle/working/MDFS/data/KADID/extracted/kadid10k/images/I39_21_03.png,I39.png,39,21,3,2.17,0.934,18.965763092041016,0.03767033399981301,0
I39_21_05.png,/kaggle/working/MDFS/data/KADID/extracted/kadid10k/images/I39_21_05.png,I39.png,39,21,5,1.1,0.3,29.032573699951172,0.03496737000023131,0
I39_22_02.png,/kaggle/working/MDFS/data/KADID/extracted/kadid10k/images/I39_22_02.png,I39.png,39,22,2,4.63,0.482,18.461952209472656,0.04845233400010329,0
I39_22_04.png,/kaggle/working/MDFS/data/KADID/extracted/kadid10k/images/I39_22_04.png,I39.png,39,22,4,4.57,0.616,18.622356414794922,0.05724512799952208,0
I39_23_01.png,/kaggle/working/MDFS/data/KADID/extracted/kadid10k/images/I39_23_01.png,I39.png,39,23,1,2.5,1.088,17.934635162353516,0.0376859770003648,0
I39_23_03.png,/kaggle/working/MDFS/data/KADID/extracted/kadid10k/images/I39_23_03.png,I39.png,39,23,3,2.33,0.745,17.879329681396484,0.038572082000428054,0
I39_23_05.png,/kaggle/working/MDFS/data/KADID/extracted/kadid10k/images/I39_23_05.png,I39.png,39,23,5,1.97,0.795,17.929170608520508,0.03887513500012574,0
I39_24_02.png,/kaggle/working/MDFS/data/KADID/extracted/kadid10k/images/I39_24_02.png,I39.png,39,24,2,2.7,0.9,20.901174545288086,0.037882501000240154,0
I39_24_04.png,/kaggle/working/MDFS/data/KADID/extracted/kadid10k/images/I39_24_04.png,I39.png,39,24,4,1.2,0.4,24.840124130249023,0.037269009999363334,0
I39_25_01.png,/kaggle/working/MDFS/data/KADID/extracted/kadid10k/images/I39_25_01.png,I39.png,39,25,1,3.77,0.761,19.45798683166504,0.037527376000070944,0
I39_25_03.png,/kaggle/working/MDFS/data/KADID/extracted/kadid10k/images/I39_25_03.png,I39.png,39,25,3,4.67,0.471,18.23341178894043,0.038544350999472954,0
I39_25_05.png,/kaggle/working/MDFS/data/KADID/extracted/kadid10k/images/I39_25_05.png,I39.png,39,25,5,3.77,0.803,18.57205581665039,0.038775711999733176,0
I40_01_02.png,/kaggle/working/MDFS/data/KADID/extracted/kadid10k/images/I40_01_02.png,I40.png,40,1,2,3.83,0.82,18.845674514770508,0.03881527399971674,0
I40_01_04.png,/kaggle/working/MDFS/data/KADID/extracted/kadid10k/images/I40_01_04.png,I40.png,40,1,4,1.57,0.559,34.30122756958008,0.03903177399934066,0
I40_02_01.png,/kaggle/working/MDFS/data/KADID/extracted/kadid10k/images/I40_02_01.png,I40.png,40,2,1,2.83,0.934,20.721569061279297,0.03910805099985737,0
I40_02_03.png,/kaggle/working/MDFS/data/KADID/extracted/kadid10k/images/I40_02_03.png,I40.png,40,2,3,1.5,0.563,28.83085823059082,0.03821956299998419,0
I40_02_05.png,/kaggle/working/MDFS/data/KADID/extracted/kadid10k/images/I40_02_05.png,I40.png,40,2,5,1.1,0.3,32.28926086425781,0.039515274000223144,0
I40_03_02.png,/kaggle/working/MDFS/data/KADID/extracted/kadid10k/images/I40_03_02.png,I40.png,40,3,2,3.27,0.892,19.932323455810547,0.03769195099994249,0
I40_03_04.png,/kaggle/working/MDFS/data/KADID/extracted/kadid10k/images/I40_03_04.png,I40.png,40,3,4,1.37,0.482,26.438846588134766,0.036881035000078555,0
I40_04_01.png,/kaggle/working/MDFS/data/KADID/extracted/kadid10k/images/I40_04_01.png,I40.png,40,4,1,4.13,0.718,20.752290725708008,0.03600159800043912,0
I40_04_03.png,/kaggle/working/MDFS/data/KADID/extracted/kadid10k/images/I40_04_03.png,I40.png,40,4,3,1.73,0.68,22.492870330810547,0.03680857000017568,0
I40_04_05.png,/kaggle/working/MDFS/data/KADID/extracted/kadid10k/images/I40_04_05.png,I40.png,40,4,5,1.43,0.616,25.140159606933594,0.037504713000089396,0
I40_05_02.png,/kaggle/working/MDFS/data/KADID/extracted/kadid10k/images/I40_05_02.png,I40.png,40,5,2,1.73,0.772,21.70833969116211,0.03759704700041766,0
I40_05_04.png,/kaggle/working/MDFS/data/KADID/extracted/kadid10k/images/I40_05_04.png,I40.png,40,5,4,1.33,0.471,21.273983001708984,0.03773140700013755,0
I40_06_01.png,/kaggle/working/MDFS/data/KADID/extracted/kadid10k/images/I40_06_01.png,I40.png,40,6,1,4.13,0.832,19.296810150146484,0.03588971399949514,0
I40_06_03.png,/kaggle/working/MDFS/data/KADID/extracted/kadid10k/images/I40_06_03.png,I40.png,40,6,3,3.77,0.883,20.530929565429688,0.03508592199978011,0
I40_06_05.png,/kaggle/working/MDFS/data/KADID/extracted/kadid10k/images/I40_06_05.png,I40.png,40,6,5,2.68,1.118,22.522626876831055,0.035782773999926576,0
I40_07_02.png,/kaggle/working/MDFS/data/KADID/extracted/kadid10k/images/I40_07_02.png,I40.png,40,7,2,2.23,0.955,20.105518341064453,0.03892322800038528,0
I40_07_04.png,/kaggle/working/MDFS/data/KADID/extracted/kadid10k/images/I40_07_04.png,I40.png,40,7,4,2.0,0.894,24.420190811157227,0.0366699759997573,0
I40_08_01.png,/kaggle/working/MDFS/data/KADID/extracted/kadid10k/images/I40_08_01.png,I40.png,40,8,1,4.47,0.763,18.75773048400879,0.03848227400067117,0
I40_08_03.png,/kaggle/working/MDFS/data/KADID/extracted/kadid10k/images/I40_08_03.png,I40.png,40,8,3,2.27,0.964,20.84047508239746,0.0379463899998882,0
I40_08_05.png,/kaggle/working/MDFS/data/KADID/extracted/kadid10k/images/I40_08_05.png,I40.png,40,8,5,1.37,0.605,24.320167541503906,0.03819335699972726,0
I40_09_02.png,/kaggle/working/MDFS/data/KADID/extracted/kadid10k/images/I40_09_02.png,I40.png,40,9,2,3.33,1.075,23.328369140625,0.039160545999948226,0
I40_09_04.png,/kaggle/working/MDFS/data/KADID/extracted/kadid10k/images/I40_09_04.png,I40.png,40,9,4,1.5,0.671,32.203609466552734,0.03877633699994476,0
I40_10_01.png,/kaggle/working/MDFS/data/KADID/extracted/kadid10k/images/I40_10_01.png,I40.png,40,10,1,4.2,0.792,20.74744987487793,0.038503574000060325,0
I40_10_03.png,/kaggle/working/MDFS/data/KADID/extracted/kadid10k/images/I40_10_03.png,I40.png,40,10,3,3.97,0.795,21.777372360229492,0.03917433799961145,0
I40_10_05.png,/kaggle/working/MDFS/data/KADID/extracted/kadid10k/images/I40_10_05.png,I40.png,40,10,5,1.57,0.559,36.99400329589844,0.03743451900027139,0
I40_11_02.png,/kaggle/working/MDFS/data/KADID/extracted/kadid10k/images/I40_11_02.png,I40.png,40,11,2,4.43,0.667,19.760257720947266,0.03881033400011802,0
I40_11_04.png,/kaggle/working/MDFS/data/KADID/extracted/kadid10k/images/I40_11_04.png,I40.png,40,11,4,3.77,0.989,21.551549911499023,0.037497641000300064,0
I40_12_01.png,/kaggle/working/MDFS/data/KADID/extracted/kadid10k/images/I40_12_01.png,I40.png,40,12,1,4.57,0.496,18.774822235107422,0.03801363399998081,0
I40_12_03.png,/kaggle/working/MDFS/data/KADID/extracted/kadid10k/images/I40_12_03.png,I40.png,40,12,3,3.77,0.844,20.1685848236084,0.03733099100008985,0
I40_12_05.png,/kaggle/working/MDFS/data/KADID/extracted/kadid10k/images/I40_12_05.png,I40.png,40,12,5,3.43,0.883,23.228500366210938,0.03647336800077028,0
I40_13_02.png,/kaggle/working/MDFS/data/KADID/extracted/kadid10k/images/I40_13_02.png,I40.png,40,13,2,3.27,1.153,19.10165023803711,0.03690749799989135,0
I40_13_04.png,/kaggle/working/MDFS/data/KADID/extracted/kadid10k/images/I40_13_04.png,I40.png,40,13,4,2.6,1.172,21.53525161743164,0.03807334900011483,0
I40_14_01.png,/kaggle/working/MDFS/data/KADID/extracted/kadid10k/images/I40_14_01.png,I40.png,40,14,1,4.33,0.83,18.713642120361328,0.03864276200056338,0
I40_14_03.png,/kaggle/working/MDFS/data/KADID/extracted/kadid10k/images/I40_14_03.png,I40.png,40,14,3,4.33,0.789,19.34176254272461,0.038924569000300835,0
I40_14_05.png,/kaggle/working/MDFS/data/KADID/extracted/kadid10k/images/I40_14_05.png,I40.png,40,14,5,3.07,1.062,23.46703338623047,0.03828651200001332,0
I40_15_02.png,/kaggle/working/MDFS/data/KADID/extracted/kadid10k/images/I40_15_02.png,I40.png,40,15,2,2.23,0.92,21.384521484375,0.03984718299943779,0
I40_15_04.png,/kaggle/working/MDFS/data/KADID/extracted/kadid10k/images/I40_15_04.png,I40.png,40,15,4,1.7,0.64,23.770423889160156,0.03929599499952019,0
I40_16_01.png,/kaggle/working/MDFS/data/KADID/extracted/kadid10k/images/I40_16_01.png,I40.png,40,16,1,4.26,0.802,18.765274047851562,0.03765635700074199,0
I40_16_03.png,/kaggle/working/MDFS/data/KADID/extracted/kadid10k/images/I40_16_03.png,I40.png,40,16,3,3.2,0.98,19.02841567993164,0.03774912700009736,0
I40_16_05.png,/kaggle/working/MDFS/data/KADID/extracted/kadid10k/images/I40_16_05.png,I40.png,40,16,5,1.53,0.661,21.631696701049805,0.03644141599943396,0
I40_17_02.png,/kaggle/working/MDFS/data/KADID/extracted/kadid10k/images/I40_17_02.png,I40.png,40,17,2,4.47,0.562,18.75591278076172,0.0361512909994417,0
I40_17_04.png,/kaggle/working/MDFS/data/KADID/extracted/kadid10k/images/I40_17_04.png,I40.png,40,17,4,3.13,0.921,18.961122512817383,0.03728246499940724,0
I40_18_01.png,/kaggle/working/MDFS/data/KADID/extracted/kadid10k/images/I40_18_01.png,I40.png,40,18,1,4.13,0.618,19.403728485107422,0.037958281000101124,0
I40_18_03.png,/kaggle/working/MDFS/data/KADID/extracted/kadid10k/images/I40_18_03.png,I40.png,40,18,3,4.6,0.611,18.75773048400879,0.0380168980000235,0
I40_18_05.png,/kaggle/working/MDFS/data/KADID/extracted/kadid10k/images/I40_18_05.png,I40.png,40,18,5,3.83,0.734,19.33362579345703,0.03767983999932767,0
I40_19_02.png,/kaggle/working/MDFS/data/KADID/extracted/kadid10k/images/I40_19_02.png,I40.png,40,19,2,3.9,0.651,18.52564239501953,0.037026676000095904,0
I40_19_04.png,/kaggle/working/MDFS/data/KADID/extracted/kadid10k/images/I40_19_04.png,I40.png,40,19,4,1.6,0.663,22.06886100769043,0.03615858200009825,0
I40_20_01.png,/kaggle/working/MDFS/data/KADID/extracted/kadid10k/images/I40_20_01.png,I40.png,40,20,1,4.47,0.67,18.664201736450195,0.0368420069999047,0
I40_20_03.png,/kaggle/working/MDFS/data/KADID/extracted/kadid10k/images/I40_20_03.png,I40.png,40,20,3,3.23,1.174,18.616878509521484,0.03820078900025692,0
I40_20_05.png,/kaggle/working/MDFS/data/KADID/extracted/kadid10k/images/I40_20_05.png,I40.png,40,20,5,3.64,1.039,18.78959846496582,0.03823578900028224,0
I40_21_02.png,/kaggle/working/MDFS/data/KADID/extracted/kadid10k/images/I40_21_02.png,I40.png,40,21,2,3.03,1.11,19.965818405151367,0.03890764199968544,0
I40_21_04.png,/kaggle/working/MDFS/data/KADID/extracted/kadid10k/images/I40_21_04.png,I40.png,40,21,4,3.0,1.095,22.14805793762207,0.036538294000820315,0
I40_22_01.png,/kaggle/working/MDFS/data/KADID/extracted/kadid10k/images/I40_22_01.png,I40.png,40,22,1,4.53,0.499,18.80095672607422,0.03781976299978851,0
I40_22_03.png,/kaggle/working/MDFS/data/KADID/extracted/kadid10k/images/I40_22_03.png,I40.png,40,22,3,4.07,0.727,18.88275146484375,0.0378970149995439,0
I40_22_05.png,/kaggle/working/MDFS/data/KADID/extracted/kadid10k/images/I40_22_05.png,I40.png,40,22,5,3.97,0.836,19.416656494140625,0.03774301100020239,0
I40_23_02.png,/kaggle/working/MDFS/data/KADID/extracted/kadid10k/images/I40_23_02.png,I40.png,40,23,2,2.4,0.554,18.562904357910156,0.03798343000016757,0
I40_23_04.png,/kaggle/working/MDFS/data/KADID/extracted/kadid10k/images/I40_23_04.png,I40.png,40,23,4,2.43,0.92,18.60749626159668,0.038087404999714636,0
I40_24_01.png,/kaggle/working/MDFS/data/KADID/extracted/kadid10k/images/I40_24_01.png,I40.png,40,24,1,3.23,0.989,21.794641494750977,0.03933244699965144,0
I40_24_03.png,/kaggle/working/MDFS/data/KADID/extracted/kadid10k/images/I40_24_03.png,I40.png,40,24,3,1.8,0.748,26.31867218017578,0.0381084569999075,0
I40_24_05.png,/kaggle/working/MDFS/data/KADID/extracted/kadid10k/images/I40_24_05.png,I40.png,40,24,5,1.17,0.453,35.220394134521484,0.03592315300011251,0
I40_25_02.png,/kaggle/working/MDFS/data/KADID/extracted/kadid10k/images/I40_25_02.png,I40.png,40,25,2,3.47,0.763,19.602481842041016,0.037670272000468685,0
I40_25_04.png,/kaggle/working/MDFS/data/KADID/extracted/kadid10k/images/I40_25_04.png,I40.png,40,25,4,3.87,0.763,18.55830192565918,0.037285509999492206,0
I41_01_01.png,/kaggle/working/MDFS/data/KADID/extracted/kadid10k/images/I41_01_01.png,I41.png,41,1,1,4.57,0.496,18.133190155029297,0.039294510999752674,0
I41_01_03.png,/kaggle/working/MDFS/data/KADID/extracted/kadid10k/images/I41_01_03.png,I41.png,41,1,3,3.17,0.778,21.993379592895508,0.038907483000002685,0
I41_01_05.png,/kaggle/working/MDFS/data/KADID/extracted/kadid10k/images/I41_01_05.png,I41.png,41,1,5,1.4,0.554,37.638282775878906,0.037839074000658,0
I41_02_02.png,/kaggle/working/MDFS/data/KADID/extracted/kadid10k/images/I41_02_02.png,I41.png,41,2,2,2.81,0.82,23.451200485229492,0.03816088599978684,0
I41_02_04.png,/kaggle/working/MDFS/data/KADID/extracted/kadid10k/images/I41_02_04.png,I41.png,41,2,4,1.47,0.499,29.344837188720703,0.03913850499975524,0
I41_03_01.png,/kaggle/working/MDFS/data/KADID/extracted/kadid10k/images/I41_03_01.png,I41.png,41,3,1,4.57,0.496,18.133190155029297,0.03967096699943795,0
I41_03_03.png,/kaggle/working/MDFS/data/KADID/extracted/kadid10k/images/I41_03_03.png,I41.png,41,3,3,3.47,0.884,20.818832397460938,0.03968626000005315,0
I41_03_05.png,/kaggle/working/MDFS/data/KADID/extracted/kadid10k/images/I41_03_05.png,I41.png,41,3,5,1.77,0.559,22.288726806640625,0.0390511499999775,0
I41_04_02.png,/kaggle/working/MDFS/data/KADID/extracted/kadid10k/images/I41_04_02.png,I41.png,41,4,2,2.63,0.875,19.119813919067383,0.03832258100010222,0
I41_04_04.png,/kaggle/working/MDFS/data/KADID/extracted/kadid10k/images/I41_04_04.png,I41.png,41,4,4,1.37,0.547,19.7719783782959,0.03771669399975508,0
I41_05_01.png,/kaggle/working/MDFS/data/KADID/extracted/kadid10k/images/I41_05_01.png,I41.png,41,5,1,4.8,0.4,18.61321449279785,0.039009339000585896,0
I41_05_03.png,/kaggle/working/MDFS/data/KADID/extracted/kadid10k/images/I41_05_03.png,I41.png,41,5,3,2.8,1.046,19.105663299560547,0.037412566999591945,0
I41_05_05.png,/kaggle/working/MDFS/data/KADID/extracted/kadid10k/images/I41_05_05.png,I41.png,41,5,5,2.5,1.025,18.72163963317871,0.037106617000063125,0
I41_06_02.png,/kaggle/working/MDFS/data/KADID/extracted/kadid10k/images/I41_06_02.png,I41.png,41,6,2,3.87,0.884,20.180843353271484,0.03485131800061936,0
I41_06_04.png,/kaggle/working/MDFS/data/KADID/extracted/kadid10k/images/I41_06_04.png,I41.png,41,6,4,2.81,0.93,21.281204223632812,0.03651291099959053,0
I41_07_01.png,/kaggle/working/MDFS/data/KADID/extracted/kadid10k/images/I41_07_01.png,I41.png,41,7,1,3.13,0.921,17.90046501159668,0.03878135100057989,0
I41_07_03.png,/kaggle/working/MDFS/data/KADID/extracted/kadid10k/images/I41_07_03.png,I41.png,41,7,3,1.93,1.062,18.901777267456055,0.03682784900047409,0
I41_07_05.png,/kaggle/working/MDFS/data/KADID/extracted/kadid10k/images/I41_07_05.png,I41.png,41,7,5,1.7,0.823,18.479515075683594,0.037146999000469805,0
I41_08_02.png,/kaggle/working/MDFS/data/KADID/extracted/kadid10k/images/I41_08_02.png,I41.png,41,8,2,3.77,1.086,18.57395362854004,0.0381398330000593,0
I41_08_04.png,/kaggle/working/MDFS/data/KADID/extracted/kadid10k/images/I41_08_04.png,I41.png,41,8,4,2.27,1.031,20.9045467376709,0.03691050700035703,0
I41_09_01.png,/kaggle/working/MDFS/data/KADID/extracted/kadid10k/images/I41_09_01.png,I41.png,41,9,1,4.67,0.471,18.937891006469727,0.03799981700012722,0
I41_09_03.png,/kaggle/working/MDFS/data/KADID/extracted/kadid10k/images/I41_09_03.png,I41.png,41,9,3,3.97,1.016,23.667673110961914,0.03891245999966486,0
I41_09_05.png,/kaggle/working/MDFS/data/KADID/extracted/kadid10k/images/I41_09_05.png,I41.png,41,9,5,1.4,0.554,35.43437957763672,0.03828451200024574,0
I41_10_02.png,/kaggle/working/MDFS/data/KADID/extracted/kadid10k/images/I41_10_02.png,I41.png,41,10,2,4.17,0.687,20.469879150390625,0.03821875700032251,0
I41_10_04.png,/kaggle/working/MDFS/data/KADID/extracted/kadid10k/images/I41_10_04.png,I41.png,41,10,4,1.77,0.667,30.030576705932617,0.03626374800023768,0
I41_11_01.png,/kaggle/working/MDFS/data/KADID/extracted/kadid10k/images/I41_11_01.png,I41.png,41,11,1,4.27,0.772,20.048837661743164,0.03520998500061978,0
I41_11_03.png,/kaggle/working/MDFS/data/KADID/extracted/kadid10k/images/I41_11_03.png,I41.png,41,11,3,3.07,0.814,22.690763473510742,0.035655191999467206,0
I41_11_05.png,/kaggle/working/MDFS/data/KADID/extracted/kadid10k/images/I41_11_05.png,I41.png,41,11,5,2.4,0.554,27.44124984741211,0.037262521000229754,0
I41_12_02.png,/kaggle/working/MDFS/data/KADID/extracted/kadid10k/images/I41_12_02.png,I41.png,41,12,2,3.97,0.836,20.39165687561035,0.03735185799996543,0
I41_12_04.png,/kaggle/working/MDFS/data/KADID/extracted/kadid10k/images/I41_12_04.png,I41.png,41,12,4,2.73,0.727,24.274450302124023,0.03695718099970691,0
I41_13_01.png,/kaggle/working/MDFS/data/KADID/extracted/kadid10k/images/I41_13_01.png,I41.png,41,13,1,4.2,0.872,18.414112091064453,0.03815429699989181,0
I41_13_03.png,/kaggle/working/MDFS/data/KADID/extracted/kadid10k/images/I41_13_03.png,I41.png,41,13,3,2.9,1.106,21.258289337158203,0.03696957300053327,0
I41_13_05.png,/kaggle/working/MDFS/data/KADID/extracted/kadid10k/images/I41_13_05.png,I41.png,41,13,5,2.43,0.667,25.27591323852539,0.035784740000053716,0
I41_14_02.png,/kaggle/working/MDFS/data/KADID/extracted/kadid10k/images/I41_14_02.png,I41.png,41,14,2,3.83,0.82,21.157636642456055,0.03663506199973199,0
I41_14_04.png,/kaggle/working/MDFS/data/KADID/extracted/kadid10k/images/I41_14_04.png,I41.png,41,14,4,2.43,0.955,26.067657470703125,0.03783460599970567,0
I41_15_01.png,/kaggle/working/MDFS/data/KADID/extracted/kadid10k/images/I41_15_01.png,I41.png,41,15,1,3.32,1.059,20.60820770263672,0.0394155320000209,0
I41_15_03.png,/kaggle/working/MDFS/data/KADID/extracted/kadid10k/images/I41_15_03.png,I41.png,41,15,3,2.17,0.898,22.990394592285156,0.03750242400019488,0
I41_15_05.png,/kaggle/working/MDFS/data/KADID/extracted/kadid10k/images/I41_15_05.png,I41.png,41,15,5,1.43,0.496,26.31085777282715,0.036271111000132805,0
I41_16_02.png,/kaggle/working/MDFS/data/KADID/extracted/kadid10k/images/I41_16_02.png,I41.png,41,16,2,4.53,0.499,18.351179122924805,0.03840082500028075,0
I41_16_04.png,/kaggle/working/MDFS/data/KADID/extracted/kadid10k/images/I41_16_04.png,I41.png,41,16,4,2.3,0.823,21.05666160583496,0.036970228999962274,0
I41_17_01.png,/kaggle/working/MDFS/data/KADID/extracted/kadid10k/images/I41_17_01.png,I41.png,41,17,1,4.5,0.5,18.089250564575195,0.037914220999482495,0
I41_17_03.png,/kaggle/working/MDFS/data/KADID/extracted/kadid10k/images/I41_17_03.png,I41.png,41,17,3,4.27,0.772,17.967605590820312,0.03939085000001796,0
I41_17_05.png,/kaggle/working/MDFS/data/KADID/extracted/kadid10k/images/I41_17_05.png,I41.png,41,17,5,2.87,1.024,18.322998046875,0.03920724199997494,0
I41_18_02.png,/kaggle/working/MDFS/data/KADID/extracted/kadid10k/images/I41_18_02.png,I41.png,41,18,2,4.63,0.482,18.16097068786621,0.03982912199990096,0
I41_18_04.png,/kaggle/working/MDFS/data/KADID/extracted/kadid10k/images/I41_18_04.png,I41.png,41,18,4,4.6,0.663,18.10053825378418,0.0392894750002597,0
I41_19_01.png,/kaggle/working/MDFS/data/KADID/extracted/kadid10k/images/I41_19_01.png,I41.png,41,19,1,4.53,0.562,18.144420623779297,0.039888194000013755,0
I41_19_03.png,/kaggle/working/MDFS/data/KADID/extracted/kadid10k/images/I41_19_03.png,I41.png,41,19,3,3.97,0.706,18.747406005859375,0.03805031299998518,0
I41_19_05.png,/kaggle/working/MDFS/data/KADID/extracted/kadid10k/images/I41_19_05.png,I41.png,41,19,5,1.4,0.554,25.206762313842773,0.037330218999159115,0
I41_20_02.png,/kaggle/working/MDFS/data/KADID/extracted/kadid10k/images/I41_20_02.png,I41.png,41,20,2,4.4,0.879,18.018903732299805,0.038401266000619216,0
I41_20_04.png,/kaggle/working/MDFS/data/KADID/extracted/kadid10k/images/I41_20_04.png,I41.png,41,20,4,3.03,1.224,18.008665084838867,0.038459100000181934,0
I41_21_01.png,/kaggle/working/MDFS/data/KADID/extracted/kadid10k/images/I41_21_01.png,I41.png,41,21,1,4.27,0.772,17.972190856933594,0.03791671999988466,0
I41_21_03.png,/kaggle/working/MDFS/data/KADID/extracted/kadid10k/images/I41_21_03.png,I41.png,41,21,3,3.03,0.948,18.73794937133789,0.03732215899981384,0
I41_21_05.png,/kaggle/working/MDFS/data/KADID/extracted/kadid10k/images/I41_21_05.png,I41.png,41,21,5,1.47,0.618,28.729095458984375,0.034916802999759966,0
I41_22_02.png,/kaggle/working/MDFS/data/KADID/extracted/kadid10k/images/I41_22_02.png,I41.png,41,22,2,4.67,0.471,18.28074073791504,0.038934127999709744,0
I41_22_04.png,/kaggle/working/MDFS/data/KADID/extracted/kadid10k/images/I41_22_04.png,I41.png,41,22,4,4.07,0.892,18.794841766357422,0.03791865000039252,0
I41_23_01.png,/kaggle/working/MDFS/data/KADID/extracted/kadid10k/images/I41_23_01.png,I41.png,41,23,1,2.93,1.123,18.06626319885254,0.03910612899926491,0
I41_23_03.png,/kaggle/working/MDFS/data/KADID/extracted/kadid10k/images/I41_23_03.png,I41.png,41,23,3,2.33,0.943,17.973417282104492,0.03837263300010818,0
I41_23_05.png,/kaggle/working/MDFS/data/KADID/extracted/kadid10k/images/I41_23_05.png,I41.png,41,23,5,2.17,0.82,17.906787872314453,0.03819106599985389,0
I41_24_02.png,/kaggle/working/MDFS/data/KADID/extracted/kadid10k/images/I41_24_02.png,I41.png,41,24,2,3.23,0.989,19.395719528198242,0.03859096399992268,0
I41_24_04.png,/kaggle/working/MDFS/data/KADID/extracted/kadid10k/images/I41_24_04.png,I41.png,41,24,4,1.87,0.763,22.903118133544922,0.03872090700042463,0
I41_25_01.png,/kaggle/working/MDFS/data/KADID/extracted/kadid10k/images/I41_25_01.png,I41.png,41,25,1,3.73,0.854,18.249881744384766,0.039138954999543785,0
I41_25_03.png,/kaggle/working/MDFS/data/KADID/extracted/kadid10k/images/I41_25_03.png,I41.png,41,25,3,4.53,0.618,18.126296997070312,0.03781288199934352,0
I41_25_05.png,/kaggle/working/MDFS/data/KADID/extracted/kadid10k/images/I41_25_05.png,I41.png,41,25,5,3.97,0.684,18.42162322998047,0.03966378600034659,0
I42_01_02.png,/kaggle/working/MDFS/data/KADID/extracted/kadid10k/images/I42_01_02.png,I42.png,42,1,2,4.63,0.547,18.503299713134766,0.03992109800037724,0
I42_01_04.png,/kaggle/working/MDFS/data/KADID/extracted/kadid10k/images/I42_01_04.png,I42.png,42,1,4,2.07,0.629,30.64558219909668,0.038970808000158286,0
I42_02_01.png,/kaggle/working/MDFS/data/KADID/extracted/kadid10k/images/I42_02_01.png,I42.png,42,2,1,4.07,0.727,19.64995765686035,0.04014002199983224,0
I42_02_03.png,/kaggle/working/MDFS/data/KADID/extracted/kadid10k/images/I42_02_03.png,I42.png,42,2,3,1.63,0.706,28.506149291992188,0.03903011400052492,0
I42_02_05.png,/kaggle/working/MDFS/data/KADID/extracted/kadid10k/images/I42_02_05.png,I42.png,42,2,5,1.33,0.471,33.20465850830078,0.03904717499972321,0
I42_03_02.png,/kaggle/working/MDFS/data/KADID/extracted/kadid10k/images/I42_03_02.png,I42.png,42,3,2,4.43,0.667,19.737459182739258,0.039850911000030464,0
I42_03_04.png,/kaggle/working/MDFS/data/KADID/extracted/kadid10k/images/I42_03_04.png,I42.png,42,3,4,2.33,0.83,23.372207641601562,0.03991314799986867,0
I42_04_01.png,/kaggle/working/MDFS/data/KADID/extracted/kadid10k/images/I42_04_01.png,I42.png,42,4,1,4.73,0.442,18.621131896972656,0.03908512700036226,0
I42_04_03.png,/kaggle/working/MDFS/data/KADID/extracted/kadid10k/images/I42_04_03.png,I42.png,42,4,3,1.37,0.482,21.92352294921875,0.038029339999411604,0
I42_04_05.png,/kaggle/working/MDFS/data/KADID/extracted/kadid10k/images/I42_04_05.png,I42.png,42,4,5,1.2,0.4,23.861209869384766,0.03740117000052123,0
I42_05_02.png,/kaggle/working/MDFS/data/KADID/extracted/kadid10k/images/I42_05_02.png,I42.png,42,5,2,3.1,0.907,19.579864501953125,0.03924262300006376,0
I42_05_04.png,/kaggle/working/MDFS/data/KADID/extracted/kadid10k/images/I42_05_04.png,I42.png,42,5,4,2.03,1.031,19.037670135498047,0.03931343500062212,0
I42_06_01.png,/kaggle/working/MDFS/data/KADID/extracted/kadid10k/images/I42_06_01.png,I42.png,42,6,1,3.83,0.934,19.41757583618164,0.03629594700032612,0
I42_06_03.png,/kaggle/working/MDFS/data/KADID/extracted/kadid10k/images/I42_06_03.png,I42.png,42,6,3,2.87,0.884,20.915119171142578,0.03556050600036542,0
I42_06_05.png,/kaggle/working/MDFS/data/KADID/extracted/kadid10k/images/I42_06_05.png,I42.png,42,6,5,2.13,0.718,23.644113540649414,0.036128976000327384,0
I42_07_02.png,/kaggle/working/MDFS/data/KADID/extracted/kadid10k/images/I42_07_02.png,I42.png,42,7,2,2.4,0.952,19.813739776611328,0.03959151599974575,0
I42_07_04.png,/kaggle/working/MDFS/data/KADID/extracted/kadid10k/images/I42_07_04.png,I42.png,42,7,4,2.13,0.991,22.868736267089844,0.03751233100047102,0
I42_08_01.png,/kaggle/working/MDFS/data/KADID/extracted/kadid10k/images/I42_08_01.png,I42.png,42,8,1,4.7,0.458,18.271930694580078,0.03937455600043904,0
I42_08_03.png,/kaggle/working/MDFS/data/KADID/extracted/kadid10k/images/I42_08_03.png,I42.png,42,8,3,2.63,0.912,19.845678329467773,0.03889203499966243,0
I42_08_05.png,/kaggle/working/MDFS/data/KADID/extracted/kadid10k/images/I42_08_05.png,I42.png,42,8,5,1.47,0.562,23.87113380432129,0.03760713399969973,0
I42_09_02.png,/kaggle/working/MDFS/data/KADID/extracted/kadid10k/images/I42_09_02.png,I42.png,42,9,2,4.23,0.761,21.351415634155273,0.03834897100023227,0
I42_09_04.png,/kaggle/working/MDFS/data/KADID/extracted/kadid10k/images/I42_09_04.png,I42.png,42,9,4,2.39,0.79,30.187116622924805,0.03771741100081272,0
I42_10_01.png,/kaggle/working/MDFS/data/KADID/extracted/kadid10k/images/I42_10_01.png,I42.png,42,10,1,4.3,0.586,19.2778377532959,0.03910688099949766,0
I42_10_03.png,/kaggle/working/MDFS/data/KADID/extracted/kadid10k/images/I42_10_03.png,I42.png,42,10,3,3.8,0.792,20.649919509887695,0.03891256800034171,0
I42_10_05.png,/kaggle/working/MDFS/data/KADID/extracted/kadid10k/images/I42_10_05.png,I42.png,42,10,5,1.43,0.496,33.39094161987305,0.03680065400021704,0
I42_11_02.png,/kaggle/working/MDFS/data/KADID/extracted/kadid10k/images/I42_11_02.png,I42.png,42,11,2,3.6,0.757,20.2012939453125,0.03701761100001022,0
I42_11_04.png,/kaggle/working/MDFS/data/KADID/extracted/kadid10k/images/I42_11_04.png,I42.png,42,11,4,3.0,0.816,22.690481185913086,0.036919701999977406,0
I42_12_01.png,/kaggle/working/MDFS/data/KADID/extracted/kadid10k/images/I42_12_01.png,I42.png,42,12,1,4.73,0.512,18.36534309387207,0.03762833199925808,0
I42_12_03.png,/kaggle/working/MDFS/data/KADID/extracted/kadid10k/images/I42_12_03.png,I42.png,42,12,3,3.37,0.912,20.65912628173828,0.03637821299980715,0
I42_12_05.png,/kaggle/working/MDFS/data/KADID/extracted/kadid10k/images/I42_12_05.png,I42.png,42,12,5,2.7,0.823,23.78773307800293,0.03686477600058424,0
I42_13_02.png,/kaggle/working/MDFS/data/KADID/extracted/kadid10k/images/I42_13_02.png,I42.png,42,13,2,3.17,0.86,18.96164894104004,0.039738706999742135,0
I42_13_04.png,/kaggle/working/MDFS/data/KADID/extracted/kadid10k/images/I42_13_04.png,I42.png,42,13,4,2.43,0.667,21.712360382080078,0.03920288199969946,0
I42_14_01.png,/kaggle/working/MDFS/data/KADID/extracted/kadid10k/images/I42_14_01.png,I42.png,42,14,1,4.37,0.706,18.096233367919922,0.03915848999986338,0
I42_14_03.png,/kaggle/working/MDFS/data/KADID/extracted/kadid10k/images/I42_14_03.png,I42.png,42,14,3,3.23,0.761,19.854475021362305,0.037404024000352365,0
I42_14_05.png,/kaggle/working/MDFS/data/KADID/extracted/kadid10k/images/I42_14_05.png,I42.png,42,14,5,2.33,0.65,23.407365798950195,0.03731702499953826,0
I42_15_02.png,/kaggle/working/MDFS/data/KADID/extracted/kadid10k/images/I42_15_02.png,I42.png,42,15,2,3.23,0.803,20.094491958618164,0.03923045299961814,0
I42_15_04.png,/kaggle/working/MDFS/data/KADID/extracted/kadid10k/images/I42_15_04.png,I42.png,42,15,4,2.0,0.816,23.006425857543945,0.036934132000169484,0
I42_16_01.png,/kaggle/working/MDFS/data/KADID/extracted/kadid10k/images/I42_16_01.png,I42.png,42,16,1,4.53,0.67,18.27000617980957,0.03925706599966361,0
I42_16_03.png,/kaggle/working/MDFS/data/KADID/extracted/kadid10k/images/I42_16_03.png,I42.png,42,16,3,3.7,0.69,18.38408088684082,0.03992068299976381,0
I42_16_05.png,/kaggle/working/MDFS/data/KADID/extracted/kadid10k/images/I42_16_05.png,I42.png,42,16,5,1.9,0.7,21.656675338745117,0.03912843400030397,0
I42_17_02.png,/kaggle/working/MDFS/data/KADID/extracted/kadid10k/images/I42_17_02.png,I42.png,42,17,2,4.53,0.562,18.214265823364258,0.03958569499991427,0
I42_17_04.png,/kaggle/working/MDFS/data/KADID/extracted/kadid10k/images/I42_17_04.png,I42.png,42,17,4,3.66,0.643,18.070316314697266,0.03918810499999381,0
I42_18_01.png,/kaggle/working/MDFS/data/KADID/extracted/kadid10k/images/I42_18_01.png,I42.png,42,18,1,4.5,0.5,18.448335647583008,0.038739016000363335,0
I42_18_03.png,/kaggle/working/MDFS/data/KADID/extracted/kadid10k/images/I42_18_03.png,I42.png,42,18,3,4.77,0.423,18.271930694580078,0.039726451000206,0
I42_18_05.png,/kaggle/working/MDFS/data/KADID/extracted/kadid10k/images/I42_18_05.png,I42.png,42,18,5,3.93,0.772,18.53921127319336,0.0396826290007084,0
I42_19_02.png,/kaggle/working/MDFS/data/KADID/extracted/kadid10k/images/I42_19_02.png,I42.png,42,19,2,4.5,0.619,18.2112979888916,0.03983800900005008,0
I42_19_04.png,/kaggle/working/MDFS/data/KADID/extracted/kadid10k/images/I42_19_04.png,I42.png,42,19,4,1.97,0.752,20.7703800201416,0.038173929999175016,0
I42_20_01.png,/kaggle/working/MDFS/data/KADID/extracted/kadid10k/images/I42_20_01.png,I42.png,42,20,1,4.37,0.795,18.23859214782715,0.039544090000163123,0
I42_20_03.png,/kaggle/working/MDFS/data/KADID/extracted/kadid10k/images/I42_20_03.png,I42.png,42,20,3,3.3,1.269,18.093843460083008,0.03899190899937821,0
I42_20_05.png,/kaggle/working/MDFS/data/KADID/extracted/kadid10k/images/I42_20_05.png,I42.png,42,20,5,2.5,1.176,18.01267433166504,0.03906094600006327,0
I42_21_02.png,/kaggle/working/MDFS/data/KADID/extracted/kadid10k/images/I42_21_02.png,I42.png,42,21,2,3.06,0.966,18.57240867614746,0.03856808499949693,0
I42_21_04.png,/kaggle/working/MDFS/data/KADID/extracted/kadid10k/images/I42_21_04.png,I42.png,42,21,4,2.67,0.745,19.478771209716797,0.036246727000616374,0
I42_22_01.png,/kaggle/working/MDFS/data/KADID/extracted/kadid10k/images/I42_22_01.png,I42.png,42,22,1,4.7,0.64,18.184669494628906,0.03770233100021869,0
I42_22_03.png,/kaggle/working/MDFS/data/KADID/extracted/kadid10k/images/I42_22_03.png,I42.png,42,22,3,4.61,0.704,18.160120010375977,0.03698466200057737,0
I42_22_05.png,/kaggle/working/MDFS/data/KADID/extracted/kadid10k/images/I42_22_05.png,I42.png,42,22,5,4.0,0.916,18.891944885253906,0.036528949000057764,0
I42_23_02.png,/kaggle/working/MDFS/data/KADID/extracted/kadid10k/images/I42_23_02.png,I42.png,42,23,2,2.37,0.795,18.130950927734375,0.03942334900057176,0
I42_23_04.png,/kaggle/working/MDFS/data/KADID/extracted/kadid10k/images/I42_23_04.png,I42.png,42,23,4,2.55,1.102,18.1478328704834,0.03937386200050241,0
I42_24_01.png,/kaggle/working/MDFS/data/KADID/extracted/kadid10k/images/I42_24_01.png,I42.png,42,24,1,3.23,1.116,19.403732299804688,0.03917644200009818,0
I42_24_03.png,/kaggle/working/MDFS/data/KADID/extracted/kadid10k/images/I42_24_03.png,I42.png,42,24,3,2.3,0.781,22.117530822753906,0.039103705000343325,0
I42_24_05.png,/kaggle/working/MDFS/data/KADID/extracted/kadid10k/images/I42_24_05.png,I42.png,42,24,5,1.47,0.562,26.926015853881836,0.03728386700004194,0
I42_25_02.png,/kaggle/working/MDFS/data/KADID/extracted/kadid10k/images/I42_25_02.png,I42.png,42,25,2,3.87,0.846,18.564741134643555,0.03935528300007718,0
I42_25_04.png,/kaggle/working/MDFS/data/KADID/extracted/kadid10k/images/I42_25_04.png,I42.png,42,25,4,4.3,0.586,18.372194290161133,0.03909990100055438,0
I43_01_01.png,/kaggle/working/MDFS/data/KADID/extracted/kadid10k/images/I43_01_01.png,I43.png,43,1,1,4.8,0.4,20.4339599609375,0.03602268800023012,0
I43_01_03.png,/kaggle/working/MDFS/data/KADID/extracted/kadid10k/images/I43_01_03.png,I43.png,43,1,3,3.67,0.745,23.916772842407227,0.03739532999952644,0
I43_01_05.png,/kaggle/working/MDFS/data/KADID/extracted/kadid10k/images/I43_01_05.png,I43.png,43,1,5,1.6,0.49,38.467899322509766,0.037231887000416464,0
I43_02_02.png,/kaggle/working/MDFS/data/KADID/extracted/kadid10k/images/I43_02_02.png,I43.png,43,2,2,3.2,0.792,25.001874923706055,0.0386615420002272,0
I43_02_04.png,/kaggle/working/MDFS/data/KADID/extracted/kadid10k/images/I43_02_04.png,I43.png,43,2,4,1.9,0.746,29.57941246032715,0.03828060300020297,0
I43_03_01.png,/kaggle/working/MDFS/data/KADID/extracted/kadid10k/images/I43_03_01.png,I43.png,43,3,1,4.7,0.458,20.4339599609375,0.03653875100008008,0
I43_03_03.png,/kaggle/working/MDFS/data/KADID/extracted/kadid10k/images/I43_03_03.png,I43.png,43,3,3,3.53,0.846,23.520668029785156,0.03801081000074191,0
I43_03_05.png,/kaggle/working/MDFS/data/KADID/extracted/kadid10k/images/I43_03_05.png,I43.png,43,3,5,2.3,0.862,24.780834197998047,0.03671822300020722,0
I43_04_02.png,/kaggle/working/MDFS/data/KADID/extracted/kadid10k/images/I43_04_02.png,I43.png,43,4,2,2.83,1.098,26.279390335083008,0.034972821999872394,0
I43_04_04.png,/kaggle/working/MDFS/data/KADID/extracted/kadid10k/images/I43_04_04.png,I43.png,43,4,4,2.97,1.048,29.23542594909668,0.036381226999765204,0
I43_05_01.png,/kaggle/working/MDFS/data/KADID/extracted/kadid10k/images/I43_05_01.png,I43.png,43,5,1,4.33,0.596,21.05118751525879,0.03876922599920363,0
I43_05_03.png,/kaggle/working/MDFS/data/KADID/extracted/kadid10k/images/I43_05_03.png,I43.png,43,5,3,1.97,0.547,20.765026092529297,0.03784987400013051,0
I43_05_05.png,/kaggle/working/MDFS/data/KADID/extracted/kadid10k/images/I43_05_05.png,I43.png,43,5,5,1.84,0.954,20.811321258544922,0.03722067600028822,0
I43_06_02.png,/kaggle/working/MDFS/data/KADID/extracted/kadid10k/images/I43_06_02.png,I43.png,43,6,2,4.61,0.605,22.80127716064453,0.03557664300024044,0
I43_06_04.png,/kaggle/working/MDFS/data/KADID/extracted/kadid10k/images/I43_06_04.png,I43.png,43,6,4,3.93,1.062,24.100170135498047,0.03476801200031332,0
I43_07_01.png,/kaggle/working/MDFS/data/KADID/extracted/kadid10k/images/I43_07_01.png,I43.png,43,7,1,3.1,0.746,20.270736694335938,0.03734271200028161,0
I43_07_03.png,/kaggle/working/MDFS/data/KADID/extracted/kadid10k/images/I43_07_03.png,I43.png,43,7,3,2.1,1.193,21.22420883178711,0.03796187599982659,0
I43_07_05.png,/kaggle/working/MDFS/data/KADID/extracted/kadid10k/images/I43_07_05.png,I43.png,43,7,5,1.87,0.846,21.34638214111328,0.03742463799972029,0
I43_08_02.png,/kaggle/working/MDFS/data/KADID/extracted/kadid10k/images/I43_08_02.png,I43.png,43,8,2,3.7,0.586,22.815717697143555,0.03793918900009885,0
I43_08_04.png,/kaggle/working/MDFS/data/KADID/extracted/kadid10k/images/I43_08_04.png,I43.png,43,8,4,2.7,1.005,28.158798217773438,0.0346015980003358,0
I43_09_01.png,/kaggle/working/MDFS/data/KADID/extracted/kadid10k/images/I43_09_01.png,I43.png,43,9,1,4.87,0.34,21.01177406311035,0.03680526799962536,0
I43_09_03.png,/kaggle/working/MDFS/data/KADID/extracted/kadid10k/images/I43_09_03.png,I43.png,43,9,3,4.37,0.605,23.49835205078125,0.03819901400038361,0
I43_09_05.png,/kaggle/working/MDFS/data/KADID/extracted/kadid10k/images/I43_09_05.png,I43.png,43,9,5,1.53,0.562,35.39409637451172,0.03923222799949144,0
I43_10_02.png,/kaggle/working/MDFS/data/KADID/extracted/kadid10k/images/I43_10_02.png,I43.png,43,10,2,4.6,0.49,22.82028579711914,0.038637218000076246,0
I43_10_04.png,/kaggle/working/MDFS/data/KADID/extracted/kadid10k/images/I43_10_04.png,I43.png,43,10,4,2.07,0.854,30.971439361572266,0.03724876199976279,0
I43_11_01.png,/kaggle/working/MDFS/data/KADID/extracted/kadid10k/images/I43_11_01.png,I43.png,43,11,1,3.87,0.884,22.763267517089844,0.03688661999967735,0
I43_11_03.png,/kaggle/working/MDFS/data/KADID/extracted/kadid10k/images/I43_11_03.png,I43.png,43,11,3,3.53,0.921,24.80055809020996,0.03736216899960709,0
I43_11_05.png,/kaggle/working/MDFS/data/KADID/extracted/kadid10k/images/I43_11_05.png,I43.png,43,11,5,2.7,0.971,28.62603759765625,0.03730334800002311,0
I43_12_02.png,/kaggle/working/MDFS/data/KADID/extracted/kadid10k/images/I43_12_02.png,I43.png,43,12,2,3.73,0.727,22.943309783935547,0.036372391000440984,0
I43_12_04.png,/kaggle/working/MDFS/data/KADID/extracted/kadid10k/images/I43_12_04.png,I43.png,43,12,4,2.9,0.79,25.97639274597168,0.037435926999933145,0
I43_13_01.png,/kaggle/working/MDFS/data/KADID/extracted/kadid10k/images/I43_13_01.png,I43.png,43,13,1,3.4,1.052,20.919004440307617,0.03794450399982452,0
I43_13_03.png,/kaggle/working/MDFS/data/KADID/extracted/kadid10k/images/I43_13_03.png,I43.png,43,13,3,2.6,0.879,26.80108070373535,0.03764516499995807,0
I43_13_05.png,/kaggle/working/MDFS/data/KADID/extracted/kadid10k/images/I43_13_05.png,I43.png,43,13,5,2.3,0.526,27.31285285949707,0.036923089000083564,0
I43_14_02.png,/kaggle/working/MDFS/data/KADID/extracted/kadid10k/images/I43_14_02.png,I43.png,43,14,2,4.5,0.619,22.297069549560547,0.036703044999740086,0
I43_14_04.png,/kaggle/working/MDFS/data/KADID/extracted/kadid10k/images/I43_14_04.png,I43.png,43,14,4,3.03,0.983,24.264766693115234,0.03678736000074423,0
I43_15_01.png,/kaggle/working/MDFS/data/KADID/extracted/kadid10k/images/I43_15_01.png,I43.png,43,15,1,3.63,0.875,22.34915542602539,0.03687956000067061,0
I43_15_03.png,/kaggle/working/MDFS/data/KADID/extracted/kadid10k/images/I43_15_03.png,I43.png,43,15,3,2.13,0.67,24.845359802246094,0.03718539100009366,0
I43_15_05.png,/kaggle/working/MDFS/data/KADID/extracted/kadid10k/images/I43_15_05.png,I43.png,43,15,5,1.7,0.586,26.621854782104492,0.03674681000029523,0
I43_16_02.png,/kaggle/working/MDFS/data/KADID/extracted/kadid10k/images/I43_16_02.png,I43.png,43,16,2,3.97,0.752,20.731754302978516,0.0371455029999197,0
I43_16_04.png,/kaggle/working/MDFS/data/KADID/extracted/kadid10k/images/I43_16_04.png,I43.png,43,16,4,2.3,0.9,22.05528450012207,0.03680445400004828,0
I43_17_01.png,/kaggle/working/MDFS/data/KADID/extracted/kadid10k/images/I43_17_01.png,I43.png,43,17,1,4.47,0.67,20.381065368652344,0.03567290400042111,0
I43_17_03.png,/kaggle/working/MDFS/data/KADID/extracted/kadid10k/images/I43_17_03.png,I43.png,43,17,3,4.4,0.554,20.287639617919922,0.03723451800033217,0
I43_17_05.png,/kaggle/working/MDFS/data/KADID/extracted/kadid10k/images/I43_17_05.png,I43.png,43,17,5,3.2,1.013,22.800140380859375,0.03620066399980715,0
I43_18_02.png,/kaggle/working/MDFS/data/KADID/extracted/kadid10k/images/I43_18_02.png,I43.png,43,18,2,4.6,0.49,20.670351028442383,0.03827528199963126,0
I43_18_04.png,/kaggle/working/MDFS/data/KADID/extracted/kadid10k/images/I43_18_04.png,I43.png,43,18,4,4.5,0.563,20.46434211730957,0.03682064799977525,0
I43_19_01.png,/kaggle/working/MDFS/data/KADID/extracted/kadid10k/images/I43_19_01.png,I43.png,43,19,1,4.67,0.471,20.134897232055664,0.03676072300004307,0
I43_19_03.png,/kaggle/working/MDFS/data/KADID/extracted/kadid10k/images/I43_19_03.png,I43.png,43,19,3,3.97,0.706,20.297836303710938,0.036137164000138,0
I43_19_05.png,/kaggle/working/MDFS/data/KADID/extracted/kadid10k/images/I43_19_05.png,I43.png,43,19,5,1.9,0.746,23.106035232543945,0.03765299600036087,0
I43_20_02.png,/kaggle/working/MDFS/data/KADID/extracted/kadid10k/images/I43_20_02.png,I43.png,43,20,2,4.53,0.763,20.447463989257812,0.03854181000042445,0
I43_20_04.png,/kaggle/working/MDFS/data/KADID/extracted/kadid10k/images/I43_20_04.png,I43.png,43,20,4,4.07,1.062,20.232450485229492,0.03838970300057554,0
I43_21_01.png,/kaggle/working/MDFS/data/KADID/extracted/kadid10k/images/I43_21_01.png,I43.png,43,21,1,4.57,0.667,20.452484130859375,0.038273133999609854,0
I43_21_03.png,/kaggle/working/MDFS/data/KADID/extracted/kadid10k/images/I43_21_03.png,I43.png,43,21,3,4.03,0.983,20.79960060119629,0.037388333000308194,0
I43_21_05.png,/kaggle/working/MDFS/data/KADID/extracted/kadid10k/images/I43_21_05.png,I43.png,43,21,5,2.13,1.087,27.917308807373047,0.034077348000209895,0
I43_22_02.png,/kaggle/working/MDFS/data/KADID/extracted/kadid10k/images/I43_22_02.png,I43.png,43,22,2,3.47,0.846,21.480302810668945,0.035755730000346375,0
I43_22_04.png,/kaggle/working/MDFS/data/KADID/extracted/kadid10k/images/I43_22_04.png,I43.png,43,22,4,3.07,1.209,22.61933135986328,0.03611908400034736,0
I43_23_01.png,/kaggle/working/MDFS/data/KADID/extracted/kadid10k/images/I43_23_01.png,I43.png,43,23,1,2.43,0.92,20.18930435180664,0.03719140199973481,0
I43_23_03.png,/kaggle/working/MDFS/data/KADID/extracted/kadid10k/images/I43_23_03.png,I43.png,43,23,3,2.53,0.884,20.18951416015625,0.03677426000012929,0
I43_23_05.png,/kaggle/working/MDFS/data/KADID/extracted/kadid10k/images/I43_23_05.png,I43.png,43,23,5,2.33,1.075,20.123689651489258,0.03590930100017431,0
I43_24_02.png,/kaggle/working/MDFS/data/KADID/extracted/kadid10k/images/I43_24_02.png,I43.png,43,24,2,3.73,1.062,21.87164306640625,0.03653523899993161,0
I43_24_04.png,/kaggle/working/MDFS/data/KADID/extracted/kadid10k/images/I43_24_04.png,I43.png,43,24,4,2.23,0.761,24.496456146240234,0.040335214999686286,0
I43_25_01.png,/kaggle/working/MDFS/data/KADID/extracted/kadid10k/images/I43_25_01.png,I43.png,43,25,1,3.8,0.872,21.076141357421875,0.04197540800032584,0
I43_25_03.png,/kaggle/working/MDFS/data/KADID/extracted/kadid10k/images/I43_25_03.png,I43.png,43,25,3,4.53,0.562,20.619606018066406,0.036400932999640645,0
I43_25_05.png,/kaggle/working/MDFS/data/KADID/extracted/kadid10k/images/I43_25_05.png,I43.png,43,25,5,3.1,0.943,20.95879554748535,0.037883392999901844,0
I44_01_02.png,/kaggle/working/MDFS/data/KADID/extracted/kadid10k/images/I44_01_02.png,I44.png,44,1,2,4.07,0.814,19.16412353515625,0.04502597299961053,0
I44_01_04.png,/kaggle/working/MDFS/data/KADID/extracted/kadid10k/images/I44_01_04.png,I44.png,44,1,4,1.87,0.618,32.766021728515625,0.045231465000142634,0
I44_02_01.png,/kaggle/working/MDFS/data/KADID/extracted/kadid10k/images/I44_02_01.png,I44.png,44,2,1,4.33,0.65,20.23921012878418,0.05263718200058065,0
I44_02_03.png,/kaggle/working/MDFS/data/KADID/extracted/kadid10k/images/I44_02_03.png,I44.png,44,2,3,1.67,0.65,31.730363845825195,0.04858804100058478,0
I44_02_05.png,/kaggle/working/MDFS/data/KADID/extracted/kadid10k/images/I44_02_05.png,I44.png,44,2,5,1.13,0.34,37.09151840209961,0.035849163999955636,0
I44_03_02.png,/kaggle/working/MDFS/data/KADID/extracted/kadid10k/images/I44_03_02.png,I44.png,44,3,2,4.47,0.558,20.305036544799805,0.04014882699993905,0
I44_03_04.png,/kaggle/working/MDFS/data/KADID/extracted/kadid10k/images/I44_03_04.png,I44.png,44,3,4,2.0,0.577,23.209688186645508,0.039081315999283106,0
I44_04_01.png,/kaggle/working/MDFS/data/KADID/extracted/kadid10k/images/I44_04_01.png,I44.png,44,4,1,4.57,0.559,18.52848243713379,0.039272166999580804,0
I44_04_03.png,/kaggle/working/MDFS/data/KADID/extracted/kadid10k/images/I44_04_03.png,I44.png,44,4,3,1.43,0.559,19.99630355834961,0.0385964260003675,0
I44_04_05.png,/kaggle/working/MDFS/data/KADID/extracted/kadid10k/images/I44_04_05.png,I44.png,44,4,5,1.17,0.453,22.298725128173828,0.0389134560000457,0
I44_05_02.png,/kaggle/working/MDFS/data/KADID/extracted/kadid10k/images/I44_05_02.png,I44.png,44,5,2,2.52,1.012,20.198226928710938,0.04033100000015111,0
I44_05_04.png,/kaggle/working/MDFS/data/KADID/extracted/kadid10k/images/I44_05_04.png,I44.png,44,5,4,1.53,0.67,19.757431030273438,0.03913941600058024,0
I44_06_01.png,/kaggle/working/MDFS/data/KADID/extracted/kadid10k/images/I44_06_01.png,I44.png,44,6,1,4.23,0.92,20.295080184936523,0.03729598299923964,0
I44_06_03.png,/kaggle/working/MDFS/data/KADID/extracted/kadid10k/images/I44_06_03.png,I44.png,44,6,3,3.9,0.87,21.269132614135742,0.03684390099988377,0
I44_06_05.png,/kaggle/working/MDFS/data/KADID/extracted/kadid10k/images/I44_06_05.png,I44.png,44,6,5,2.93,0.998,24.914846420288086,0.03416007299983903,0
I44_07_02.png,/kaggle/working/MDFS/data/KADID/extracted/kadid10k/images/I44_07_02.png,I44.png,44,7,2,1.9,0.831,21.007701873779297,0.03881236799952603,0
I44_07_04.png,/kaggle/working/MDFS/data/KADID/extracted/kadid10k/images/I44_07_04.png,I44.png,44,7,4,2.13,0.884,23.643169403076172,0.037423646000206645,0
I44_08_01.png,/kaggle/working/MDFS/data/KADID/extracted/kadid10k/images/I44_08_01.png,I44.png,44,8,1,4.6,0.554,18.64607810974121,0.03938750499946764,0
I44_08_03.png,/kaggle/working/MDFS/data/KADID/extracted/kadid10k/images/I44_08_03.png,I44.png,44,8,3,2.2,0.872,19.611915588378906,0.03985394000028464,0
I44_08_05.png,/kaggle/working/MDFS/data/KADID/extracted/kadid10k/images/I44_08_05.png,I44.png,44,8,5,1.27,0.512,22.56496810913086,0.03890720700019301,0
I44_09_02.png,/kaggle/working/MDFS/data/KADID/extracted/kadid10k/images/I44_09_02.png,I44.png,44,9,2,4.57,0.616,19.573204040527344,0.039476281000133895,0
I44_09_04.png,/kaggle/working/MDFS/data/KADID/extracted/kadid10k/images/I44_09_04.png,I44.png,44,9,4,3.1,0.907,27.790884017944336,0.03978199100038182,0
I44_10_01.png,/kaggle/working/MDFS/data/KADID/extracted/kadid10k/images/I44_10_01.png,I44.png,44,10,1,4.53,0.499,19.226470947265625,0.03979024099953676,0
I44_10_03.png,/kaggle/working/MDFS/data/KADID/extracted/kadid10k/images/I44_10_03.png,I44.png,44,10,3,3.87,0.846,20.94365692138672,0.03930574800051545,0
I44_10_05.png,/kaggle/working/MDFS/data/KADID/extracted/kadid10k/images/I44_10_05.png,I44.png,44,10,5,1.37,0.547,34.60462951660156,0.03586418700069771,0
I44_11_02.png,/kaggle/working/MDFS/data/KADID/extracted/kadid10k/images/I44_11_02.png,I44.png,44,11,2,3.57,0.803,22.152450561523438,0.03641261400025542,0
I44_11_04.png,/kaggle/working/MDFS/data/KADID/extracted/kadid10k/images/I44_11_04.png,I44.png,44,11,4,2.77,0.989,25.030580520629883,0.03555602600044949,0
I44_12_01.png,/kaggle/working/MDFS/data/KADID/extracted/kadid10k/images/I44_12_01.png,I44.png,44,12,1,4.37,0.605,19.243614196777344,0.03607086800002435,0
I44_12_03.png,/kaggle/working/MDFS/data/KADID/extracted/kadid10k/images/I44_12_03.png,I44.png,44,12,3,3.27,0.929,22.59315299987793,0.03768363600011071,0
I44_12_05.png,/kaggle/working/MDFS/data/KADID/extracted/kadid10k/images/I44_12_05.png,I44.png,44,12,5,2.23,0.761,26.60222816467285,0.037665247000404634,0
I44_13_02.png,/kaggle/working/MDFS/data/KADID/extracted/kadid10k/images/I44_13_02.png,I44.png,44,13,2,3.0,0.816,20.545860290527344,0.03846847700060607,0
I44_13_04.png,/kaggle/working/MDFS/data/KADID/extracted/kadid10k/images/I44_13_04.png,I44.png,44,13,4,2.47,0.67,23.207212448120117,0.036243785999431566,0
I44_14_01.png,/kaggle/working/MDFS/data/KADID/extracted/kadid10k/images/I44_14_01.png,I44.png,44,14,1,4.4,0.554,18.867650985717773,0.03524931900028605,0
I44_14_03.png,/kaggle/working/MDFS/data/KADID/extracted/kadid10k/images/I44_14_03.png,I44.png,44,14,3,3.07,0.772,21.455204010009766,0.036398569000084535,0
I44_14_05.png,/kaggle/working/MDFS/data/KADID/extracted/kadid10k/images/I44_14_05.png,I44.png,44,14,5,2.27,0.772,26.594741821289062,0.03787134499998501,0
I44_15_02.png,/kaggle/working/MDFS/data/KADID/extracted/kadid10k/images/I44_15_02.png,I44.png,44,15,2,2.97,0.875,21.999340057373047,0.039153959000032046,0
I44_15_04.png,/kaggle/working/MDFS/data/KADID/extracted/kadid10k/images/I44_15_04.png,I44.png,44,15,4,1.63,0.547,24.369522094726562,0.03655601999980718,0
I44_16_01.png,/kaggle/working/MDFS/data/KADID/extracted/kadid10k/images/I44_16_01.png,I44.png,44,16,1,4.23,0.496,18.539743423461914,0.03872284099998069,0
I44_16_03.png,/kaggle/working/MDFS/data/KADID/extracted/kadid10k/images/I44_16_03.png,I44.png,44,16,3,3.47,0.884,18.533069610595703,0.03877380500034633,0
I44_16_05.png,/kaggle/working/MDFS/data/KADID/extracted/kadid10k/images/I44_16_05.png,I44.png,44,16,5,1.47,0.618,21.540937423706055,0.037969775999954436,0
I44_17_02.png,/kaggle/working/MDFS/data/KADID/extracted/kadid10k/images/I44_17_02.png,I44.png,44,17,2,4.5,0.5,18.733983993530273,0.04020790200047486,0
I44_17_04.png,/kaggle/working/MDFS/data/KADID/extracted/kadid10k/images/I44_17_04.png,I44.png,44,17,4,3.57,0.92,18.82530403137207,0.03885607600022922,0
I44_18_01.png,/kaggle/working/MDFS/data/KADID/extracted/kadid10k/images/I44_18_01.png,I44.png,44,18,1,4.03,0.547,18.777868270874023,0.03841583199937304,0
I44_18_03.png,/kaggle/working/MDFS/data/KADID/extracted/kadid10k/images/I44_18_03.png,I44.png,44,18,3,4.4,0.712,18.64607810974121,0.03853477700067742,0
I44_18_05.png,/kaggle/working/MDFS/data/KADID/extracted/kadid10k/images/I44_18_05.png,I44.png,44,18,5,3.67,0.699,18.739154815673828,0.03833005299929937,0
I44_19_02.png,/kaggle/working/MDFS/data/KADID/extracted/kadid10k/images/I44_19_02.png,I44.png,44,19,2,4.23,0.559,18.766525268554688,0.039387420999446476,0
I44_19_04.png,/kaggle/working/MDFS/data/KADID/extracted/kadid10k/images/I44_19_04.png,I44.png,44,19,4,2.2,0.792,20.268722534179688,0.037619277999510814,0
I44_20_01.png,/kaggle/working/MDFS/data/KADID/extracted/kadid10k/images/I44_20_01.png,I44.png,44,20,1,4.23,0.803,18.39139747619629,0.03915550199963036,0
I44_20_03.png,/kaggle/working/MDFS/data/KADID/extracted/kadid10k/images/I44_20_03.png,I44.png,44,20,3,4.2,0.872,18.250322341918945,0.039226403000611754,0
I44_20_05.png,/kaggle/working/MDFS/data/KADID/extracted/kadid10k/images/I44_20_05.png,I44.png,44,20,5,3.27,1.263,18.20477294921875,0.0391372929998397,0
I44_21_02.png,/kaggle/working/MDFS/data/KADID/extracted/kadid10k/images/I44_21_02.png,I44.png,44,21,2,3.13,0.991,18.344085693359375,0.03750536000006832,0
I44_21_04.png,/kaggle/working/MDFS/data/KADID/extracted/kadid10k/images/I44_21_04.png,I44.png,44,21,4,3.52,0.946,19.197885513305664,0.03637458399953175,0
I44_22_01.png,/kaggle/working/MDFS/data/KADID/extracted/kadid10k/images/I44_22_01.png,I44.png,44,22,1,4.53,0.618,18.310598373413086,0.03725431299972115,0
I44_22_03.png,/kaggle/working/MDFS/data/KADID/extracted/kadid10k/images/I44_22_03.png,I44.png,44,22,3,4.2,0.6,18.55111312866211,0.03730057400025544,0
I44_22_05.png,/kaggle/working/MDFS/data/KADID/extracted/kadid10k/images/I44_22_05.png,I44.png,44,22,5,2.33,0.943,19.623952865600586,0.0363709099992775,0
I44_23_02.png,/kaggle/working/MDFS/data/KADID/extracted/kadid10k/images/I44_23_02.png,I44.png,44,23,2,2.57,1.116,18.512331008911133,0.039291279000281065,0
I44_23_04.png,/kaggle/working/MDFS/data/KADID/extracted/kadid10k/images/I44_23_04.png,I44.png,44,23,4,1.97,0.912,18.642658233642578,0.039520240999991074,0
I44_24_01.png,/kaggle/working/MDFS/data/KADID/extracted/kadid10k/images/I44_24_01.png,I44.png,44,24,1,3.6,0.879,19.48521614074707,0.03909564599962323,0
I44_24_03.png,/kaggle/working/MDFS/data/KADID/extracted/kadid10k/images/I44_24_03.png,I44.png,44,24,3,2.0,0.816,21.964435577392578,0.0393942889995742,0
I44_24_05.png,/kaggle/working/MDFS/data/KADID/extracted/kadid10k/images/I44_24_05.png,I44.png,44,24,5,1.2,0.476,25.819355010986328,0.03973840499929793,0
I44_25_02.png,/kaggle/working/MDFS/data/KADID/extracted/kadid10k/images/I44_25_02.png,I44.png,44,25,2,3.57,0.803,18.806991577148438,0.0390886680006588,0
I44_25_04.png,/kaggle/working/MDFS/data/KADID/extracted/kadid10k/images/I44_25_04.png,I44.png,44,25,4,3.4,0.841,18.60544776916504,0.03900302400052169,0
I45_01_01.png,/kaggle/working/MDFS/data/KADID/extracted/kadid10k/images/I45_01_01.png,I45.png,45,1,1,4.57,0.496,17.059587478637695,0.0395817349999561,0
I45_01_03.png,/kaggle/working/MDFS/data/KADID/extracted/kadid10k/images/I45_01_03.png,I45.png,45,1,3,2.63,0.795,21.025875091552734,0.03894116899937217,0
I45_01_05.png,/kaggle/working/MDFS/data/KADID/extracted/kadid10k/images/I45_01_05.png,I45.png,45,1,5,1.23,0.423,39.85588073730469,0.03786068499994144,0
I45_02_02.png,/kaggle/working/MDFS/data/KADID/extracted/kadid10k/images/I45_02_02.png,I45.png,45,2,2,2.13,0.696,22.805551528930664,0.03938594800001738,0
I45_02_04.png,/kaggle/working/MDFS/data/KADID/extracted/kadid10k/images/I45_02_04.png,I45.png,45,2,4,1.4,0.49,30.96143913269043,0.03746128500006307,0
I45_03_01.png,/kaggle/working/MDFS/data/KADID/extracted/kadid10k/images/I45_03_01.png,I45.png,45,3,1,4.6,0.49,17.059587478637695,0.03906708599970443,0
I45_03_03.png,/kaggle/working/MDFS/data/KADID/extracted/kadid10k/images/I45_03_03.png,I45.png,45,3,3,2.53,0.884,19.584924697875977,0.03924642799938738,0
I45_03_05.png,/kaggle/working/MDFS/data/KADID/extracted/kadid10k/images/I45_03_05.png,I45.png,45,3,5,1.6,0.611,24.007801055908203,0.039115108999794757,0
I45_04_02.png,/kaggle/working/MDFS/data/KADID/extracted/kadid10k/images/I45_04_02.png,I45.png,45,4,2,2.8,1.013,18.789350509643555,0.04000836300019728,0
I45_04_04.png,/kaggle/working/MDFS/data/KADID/extracted/kadid10k/images/I45_04_04.png,I45.png,45,4,4,1.6,0.712,20.339162826538086,0.039328996000222105,0
I45_05_01.png,/kaggle/working/MDFS/data/KADID/extracted/kadid10k/images/I45_05_01.png,I45.png,45,5,1,3.8,0.792,17.54942512512207,0.04005318199961039,0
I45_05_03.png,/kaggle/working/MDFS/data/KADID/extracted/kadid10k/images/I45_05_03.png,I45.png,45,5,3,1.63,0.547,17.482995986938477,0.04014173699943058,0
I45_05_05.png,/kaggle/working/MDFS/data/KADID/extracted/kadid10k/images/I45_05_05.png,I45.png,45,5,5,1.63,0.706,17.4010066986084,0.040546057999563345,0
I45_06_02.png,/kaggle/working/MDFS/data/KADID/extracted/kadid10k/images/I45_06_02.png,I45.png,45,6,2,3.0,1.155,19.699390411376953,0.03648028699990391,0
I45_06_04.png,/kaggle/working/MDFS/data/KADID/extracted/kadid10k/images/I45_06_04.png,I45.png,45,6,4,2.47,0.991,21.84133529663086,0.035510555000655586,0
I45_07_01.png,/kaggle/working/MDFS/data/KADID/extracted/kadid10k/images/I45_07_01.png,I45.png,45,7,1,2.93,0.998,18.02101707458496,0.038753312999688205,0
I45_07_03.png,/kaggle/working/MDFS/data/KADID/extracted/kadid10k/images/I45_07_03.png,I45.png,45,7,3,2.3,1.069,18.999425888061523,0.03763681100008398,0
I45_07_05.png,/kaggle/working/MDFS/data/KADID/extracted/kadid10k/images/I45_07_05.png,I45.png,45,7,5,1.93,0.892,19.14168357849121,0.03874188600002526,0
I45_08_02.png,/kaggle/working/MDFS/data/KADID/extracted/kadid10k/images/I45_08_02.png,I45.png,45,8,2,3.4,0.952,17.63968276977539,0.03931239099983941,0
I45_08_04.png,/kaggle/working/MDFS/data/KADID/extracted/kadid10k/images/I45_08_04.png,I45.png,45,8,4,1.37,0.547,20.455318450927734,0.03844788399965182,0
I45_09_01.png,/kaggle/working/MDFS/data/KADID/extracted/kadid10k/images/I45_09_01.png,I45.png,45,9,1,4.5,0.5,17.419431686401367,0.03916121199927147,0
I45_09_03.png,/kaggle/working/MDFS/data/KADID/extracted/kadid10k/images/I45_09_03.png,I45.png,45,9,3,3.23,0.989,21.565343856811523,0.040130706999661925,0
I45_09_05.png,/kaggle/working/MDFS/data/KADID/extracted/kadid10k/images/I45_09_05.png,I45.png,45,9,5,1.13,0.34,34.27562713623047,0.039223783999659645,0
I45_10_02.png,/kaggle/working/MDFS/data/KADID/extracted/kadid10k/images/I45_10_02.png,I45.png,45,10,2,4.06,0.759,18.63778305053711,0.03967381599977671,0
I45_10_04.png,/kaggle/working/MDFS/data/KADID/extracted/kadid10k/images/I45_10_04.png,I45.png,45,10,4,1.53,0.562,29.23271369934082,0.037510838999878615,0
I45_11_01.png,/kaggle/working/MDFS/data/KADID/extracted/kadid10k/images/I45_11_01.png,I45.png,45,11,1,3.97,0.657,18.545969009399414,0.03752888800045184,0
I45_11_03.png,/kaggle/working/MDFS/data/KADID/extracted/kadid10k/images/I45_11_03.png,I45.png,45,11,3,2.67,0.978,20.323638916015625,0.036741966000590764,0
I45_11_05.png,/kaggle/working/MDFS/data/KADID/extracted/kadid10k/images/I45_11_05.png,I45.png,45,11,5,2.33,0.699,25.108991622924805,0.03628771500007133,0
I45_12_02.png,/kaggle/working/MDFS/data/KADID/extracted/kadid10k/images/I45_12_02.png,I45.png,45,12,2,3.43,0.883,18.786222457885742,0.03625010699943232,0
I45_12_04.png,/kaggle/working/MDFS/data/KADID/extracted/kadid10k/images/I45_12_04.png,I45.png,45,12,4,2.27,0.629,22.078096389770508,0.037964838999869244,0
I45_13_01.png,/kaggle/working/MDFS/data/KADID/extracted/kadid10k/images/I45_13_01.png,I45.png,45,13,1,3.37,0.836,17.192853927612305,0.04001595299996552,0
I45_13_03.png,/kaggle/working/MDFS/data/KADID/extracted/kadid10k/images/I45_13_03.png,I45.png,45,13,3,2.71,0.727,18.762418746948242,0.03961394099951576,0
I45_13_05.png,/kaggle/working/MDFS/data/KADID/extracted/kadid10k/images/I45_13_05.png,I45.png,45,13,5,2.03,0.605,23.442768096923828,0.03779953299999761,0
I45_14_02.png,/kaggle/working/MDFS/data/KADID/extracted/kadid10k/images/I45_14_02.png,I45.png,45,14,2,3.23,0.883,18.336875915527344,0.036585480000212556,0
I45_14_04.png,/kaggle/working/MDFS/data/KADID/extracted/kadid10k/images/I45_14_04.png,I45.png,45,14,4,2.3,0.64,20.52383041381836,0.036849789999905624,0
I45_15_01.png,/kaggle/working/MDFS/data/KADID/extracted/kadid10k/images/I45_15_01.png,I45.png,45,15,1,3.6,0.757,18.732563018798828,0.039488266999796906,0
I45_15_03.png,/kaggle/working/MDFS/data/KADID/extracted/kadid10k/images/I45_15_03.png,I45.png,45,15,3,1.63,0.605,21.251983642578125,0.0374671789995773,0
I45_15_05.png,/kaggle/working/MDFS/data/KADID/extracted/kadid10k/images/I45_15_05.png,I45.png,45,15,5,1.3,0.458,25.480213165283203,0.036078703999919526,0
I45_16_02.png,/kaggle/working/MDFS/data/KADID/extracted/kadid10k/images/I45_16_02.png,I45.png,45,16,2,4.4,0.611,17.100984573364258,0.040611817999888444,0
I45_16_04.png,/kaggle/working/MDFS/data/KADID/extracted/kadid10k/images/I45_16_04.png,I45.png,45,16,4,2.3,0.64,18.074079513549805,0.03942444600033923,0
I45_17_01.png,/kaggle/working/MDFS/data/KADID/extracted/kadid10k/images/I45_17_01.png,I45.png,45,17,1,4.67,0.537,17.047069549560547,0.039758885000082955,0
I45_17_03.png,/kaggle/working/MDFS/data/KADID/extracted/kadid10k/images/I45_17_03.png,I45.png,45,17,3,4.17,0.778,17.025775909423828,0.03988156700052059,0
I45_17_05.png,/kaggle/working/MDFS/data/KADID/extracted/kadid10k/images/I45_17_05.png,I45.png,45,17,5,2.87,0.884,18.283935546875,0.039340432999779296,0
I45_18_02.png,/kaggle/working/MDFS/data/KADID/extracted/kadid10k/images/I45_18_02.png,I45.png,45,18,2,4.43,0.883,17.074094772338867,0.03974765800012392,0
I45_18_04.png,/kaggle/working/MDFS/data/KADID/extracted/kadid10k/images/I45_18_04.png,I45.png,45,18,4,4.43,0.559,17.110260009765625,0.040226950999567634,0
I45_19_01.png,/kaggle/working/MDFS/data/KADID/extracted/kadid10k/images/I45_19_01.png,I45.png,45,19,1,4.4,0.757,17.013273239135742,0.04022248799992667,0
I45_19_03.png,/kaggle/working/MDFS/data/KADID/extracted/kadid10k/images/I45_19_03.png,I45.png,45,19,3,2.9,0.943,17.333410263061523,0.0387444489997506,0
I45_19_05.png,/kaggle/working/MDFS/data/KADID/extracted/kadid10k/images/I45_19_05.png,I45.png,45,19,5,1.4,0.49,23.033737182617188,0.0389261099999203,0
I45_20_02.png,/kaggle/working/MDFS/data/KADID/extracted/kadid10k/images/I45_20_02.png,I45.png,45,20,2,3.27,1.289,16.9658260345459,0.04019160100051522,0
I45_20_04.png,/kaggle/working/MDFS/data/KADID/extracted/kadid10k/images/I45_20_04.png,I45.png,45,20,4,3.13,1.147,16.943614959716797,0.040204093999818724,0
I45_21_01.png,/kaggle/working/MDFS/data/KADID/extracted/kadid10k/images/I45_21_01.png,I45.png,45,21,1,3.77,1.116,16.978458404541016,0.039275891999750456,0
I45_21_03.png,/kaggle/working/MDFS/data/KADID/extracted/kadid10k/images/I45_21_03.png,I45.png,45,21,3,2.6,0.987,17.59896469116211,0.037988266999491316,0
I45_21_05.png,/kaggle/working/MDFS/data/KADID/extracted/kadid10k/images/I45_21_05.png,I45.png,45,21,5,1.23,0.423,28.14744758605957,0.03485130700028094,0
I45_22_02.png,/kaggle/working/MDFS/data/KADID/extracted/kadid10k/images/I45_22_02.png,I45.png,45,22,2,4.1,0.831,17.053058624267578,0.03866102300071361,0
I45_22_04.png,/kaggle/working/MDFS/data/KADID/extracted/kadid10k/images/I45_22_04.png,I45.png,45,22,4,3.3,0.971,17.287212371826172,0.03675110699987272,0
I45_23_01.png,/kaggle/working/MDFS/data/KADID/extracted/kadid10k/images/I45_23_01.png,I45.png,45,23,1,4.03,0.875,17.089111328125,0.04052210699956049,0
I45_23_03.png,/kaggle/working/MDFS/data/KADID/extracted/kadid10k/images/I45_23_03.png,I45.png,45,23,3,2.4,1.02,16.94754409790039,0.03924537299917574,0
I45_23_05.png,/kaggle/working/MDFS/data/KADID/extracted/kadid10k/images/I45_23_05.png,I45.png,45,23,5,1.97,0.836,17.091402053833008,0.0401215689998935,0
I45_24_02.png,/kaggle/working/MDFS/data/KADID/extracted/kadid10k/images/I45_24_02.png,I45.png,45,24,2,2.53,0.806,19.22152328491211,0.04003048999948078,0
I45_24_04.png,/kaggle/working/MDFS/data/KADID/extracted/kadid10k/images/I45_24_04.png,I45.png,45,24,4,1.53,0.562,23.214824676513672,0.03945229700002528,0
I45_25_01.png,/kaggle/working/MDFS/data/KADID/extracted/kadid10k/images/I45_25_01.png,I45.png,45,25,1,3.4,0.841,17.31754493713379,0.03987866799980111,0
I45_25_03.png,/kaggle/working/MDFS/data/KADID/extracted/kadid10k/images/I45_25_03.png,I45.png,45,25,3,4.27,0.68,17.077350616455078,0.03990757500014297,0
I45_25_05.png,/kaggle/working/MDFS/data/KADID/extracted/kadid10k/images/I45_25_05.png,I45.png,45,25,5,3.2,0.872,17.23390769958496,0.03919140099969809,0
I46_01_02.png,/kaggle/working/MDFS/data/KADID/extracted/kadid10k/images/I46_01_02.png,I46.png,46,1,2,4.33,0.537,18.530029296875,0.040068173000690877,0
I46_01_04.png,/kaggle/working/MDFS/data/KADID/extracted/kadid10k/images/I46_01_04.png,I46.png,46,1,4,1.63,0.706,30.040109634399414,0.03880906199992751,0
I46_02_01.png,/kaggle/working/MDFS/data/KADID/extracted/kadid10k/images/I46_02_01.png,I46.png,46,2,1,4.03,0.706,19.197473526000977,0.039221132999955444,0
I46_02_03.png,/kaggle/working/MDFS/data/KADID/extracted/kadid10k/images/I46_02_03.png,I46.png,46,2,3,1.73,0.68,26.887954711914062,0.037944370999866806,0
I46_02_05.png,/kaggle/working/MDFS/data/KADID/extracted/kadid10k/images/I46_02_05.png,I46.png,46,2,5,1.2,0.4,33.86741638183594,0.037898542000220914,0
I46_03_02.png,/kaggle/working/MDFS/data/KADID/extracted/kadid10k/images/I46_03_02.png,I46.png,46,3,2,4.1,0.651,18.78554344177246,0.039112346000365505,0
I46_03_04.png,/kaggle/working/MDFS/data/KADID/extracted/kadid10k/images/I46_03_04.png,I46.png,46,3,4,2.0,0.683,21.663393020629883,0.03880718199980038,0
I46_04_01.png,/kaggle/working/MDFS/data/KADID/extracted/kadid10k/images/I46_04_01.png,I46.png,46,4,1,4.53,0.67,19.05786895751953,0.03824017399983859,0
I46_04_03.png,/kaggle/working/MDFS/data/KADID/extracted/kadid10k/images/I46_04_03.png,I46.png,46,4,3,1.73,0.854,22.656496047973633,0.03742885399969964,0
I46_04_05.png,/kaggle/working/MDFS/data/KADID/extracted/kadid10k/images/I46_04_05.png,I46.png,46,4,5,1.5,0.719,23.99226188659668,0.0389105809999819,0
I46_05_02.png,/kaggle/working/MDFS/data/KADID/extracted/kadid10k/images/I46_05_02.png,I46.png,46,5,2,2.8,0.909,19.66600227355957,0.039337996999165625,0
I46_05_04.png,/kaggle/working/MDFS/data/KADID/extracted/kadid10k/images/I46_05_04.png,I46.png,46,5,4,2.43,1.055,19.24673843383789,0.04227237899976899,0
I46_06_01.png,/kaggle/working/MDFS/data/KADID/extracted/kadid10k/images/I46_06_01.png,I46.png,46,6,1,4.07,0.854,21.380943298339844,0.04917454099995666,0
I46_06_03.png,/kaggle/working/MDFS/data/KADID/extracted/kadid10k/images/I46_06_03.png,I46.png,46,6,3,3.67,0.745,22.89129638671875,0.03383844600011798,0
I46_06_05.png,/kaggle/working/MDFS/data/KADID/extracted/kadid10k/images/I46_06_05.png,I46.png,46,6,5,2.37,0.657,25.42981719970703,0.033822831000179576,0
I46_07_02.png,/kaggle/working/MDFS/data/KADID/extracted/kadid10k/images/I46_07_02.png,I46.png,46,7,2,2.57,1.055,19.557947158813477,0.03978867200021341,0
I46_07_04.png,/kaggle/working/MDFS/data/KADID/extracted/kadid10k/images/I46_07_04.png,I46.png,46,7,4,1.7,0.823,23.16546058654785,0.037924512999779836,0
I46_08_01.png,/kaggle/working/MDFS/data/KADID/extracted/kadid10k/images/I46_08_01.png,I46.png,46,8,1,4.6,0.712,19.116933822631836,0.0397644639997452,0
I46_08_03.png,/kaggle/working/MDFS/data/KADID/extracted/kadid10k/images/I46_08_03.png,I46.png,46,8,3,2.47,0.991,21.942243576049805,0.03806486200028303,0
I46_08_05.png,/kaggle/working/MDFS/data/KADID/extracted/kadid10k/images/I46_08_05.png,I46.png,46,8,5,1.3,0.458,27.045940399169922,0.036868262000098184,0
I46_09_02.png,/kaggle/working/MDFS/data/KADID/extracted/kadid10k/images/I46_09_02.png,I46.png,46,9,2,4.1,0.79,20.828571319580078,0.03881827100030932,0
I46_09_04.png,/kaggle/working/MDFS/data/KADID/extracted/kadid10k/images/I46_09_04.png,I46.png,46,9,4,1.97,0.657,28.978572845458984,0.03838216199983435,0
I46_10_01.png,/kaggle/working/MDFS/data/KADID/extracted/kadid10k/images/I46_10_01.png,I46.png,46,10,1,4.67,0.537,19.399513244628906,0.039128933000029065,0
I46_10_03.png,/kaggle/working/MDFS/data/KADID/extracted/kadid10k/images/I46_10_03.png,I46.png,46,10,3,4.13,1.024,20.18375587463379,0.03920892000041931,0
I46_10_05.png,/kaggle/working/MDFS/data/KADID/extracted/kadid10k/images/I46_10_05.png,I46.png,46,10,5,1.4,0.49,31.215402603149414,0.03691704799985018,0
I46_11_02.png,/kaggle/working/MDFS/data/KADID/extracted/kadid10k/images/I46_11_02.png,I46.png,46,11,2,3.8,0.748,20.83618927001953,0.03844424099952448,0
I46_11_04.png,/kaggle/working/MDFS/data/KADID/extracted/kadid10k/images/I46_11_04.png,I46.png,46,11,4,3.03,0.795,22.84200668334961,0.03842621600051643,0
I46_12_01.png,/kaggle/working/MDFS/data/KADID/extracted/kadid10k/images/I46_12_01.png,I46.png,46,12,1,4.63,0.547,19.72942543029785,0.03757818100075383,0
I46_12_03.png,/kaggle/working/MDFS/data/KADID/extracted/kadid10k/images/I46_12_03.png,I46.png,46,12,3,3.7,0.64,21.030073165893555,0.036751167999682366,0
I46_12_05.png,/kaggle/working/MDFS/data/KADID/extracted/kadid10k/images/I46_12_05.png,I46.png,46,12,5,2.77,0.883,23.972797393798828,0.03642513399972813,0
I46_13_02.png,/kaggle/working/MDFS/data/KADID/extracted/kadid10k/images/I46_13_02.png,I46.png,46,13,2,3.6,1.143,19.65411376953125,0.03875540900025953,0
I46_13_04.png,/kaggle/working/MDFS/data/KADID/extracted/kadid10k/images/I46_13_04.png,I46.png,46,13,4,2.73,0.629,21.534547805786133,0.038788993000707706,0
I46_14_01.png,/kaggle/working/MDFS/data/KADID/extracted/kadid10k/images/I46_14_01.png,I46.png,46,14,1,4.53,0.67,19.610458374023438,0.03692333700018935,0
I46_14_03.png,/kaggle/working/MDFS/data/KADID/extracted/kadid10k/images/I46_14_03.png,I46.png,46,14,3,3.07,0.998,21.183469772338867,0.03754074900007254,0
I46_14_05.png,/kaggle/working/MDFS/data/KADID/extracted/kadid10k/images/I46_14_05.png,I46.png,46,14,5,1.87,0.806,24.638450622558594,0.037747123000372085,0
I46_15_02.png,/kaggle/working/MDFS/data/KADID/extracted/kadid10k/images/I46_15_02.png,I46.png,46,15,2,3.3,0.737,20.72327995300293,0.039137561999268655,0
I46_15_04.png,/kaggle/working/MDFS/data/KADID/extracted/kadid10k/images/I46_15_04.png,I46.png,46,15,4,1.72,0.514,22.54718017578125,0.036704174999613315,0
I46_16_01.png,/kaggle/working/MDFS/data/KADID/extracted/kadid10k/images/I46_16_01.png,I46.png,46,16,1,4.63,0.482,19.14203643798828,0.038141257999996014,0
I46_16_03.png,/kaggle/working/MDFS/data/KADID/extracted/kadid10k/images/I46_16_03.png,I46.png,46,16,3,3.67,0.978,19.36472511291504,0.03843444100039051,0
I46_16_05.png,/kaggle/working/MDFS/data/KADID/extracted/kadid10k/images/I46_16_05.png,I46.png,46,16,5,1.67,0.745,21.90703773498535,0.03863999599980161,0
I46_17_02.png,/kaggle/working/MDFS/data/KADID/extracted/kadid10k/images/I46_17_02.png,I46.png,46,17,2,4.63,0.482,19.079452514648438,0.03833030800069537,0
I46_17_04.png,/kaggle/working/MDFS/data/KADID/extracted/kadid10k/images/I46_17_04.png,I46.png,46,17,4,3.6,0.879,18.941242218017578,0.03828577999956906,0
I46_18_01.png,/kaggle/working/MDFS/data/KADID/extracted/kadid10k/images/I46_18_01.png,I46.png,46,18,1,3.97,0.752,19.457843780517578,0.039637734000280034,0
I46_18_03.png,/kaggle/working/MDFS/data/KADID/extracted/kadid10k/images/I46_18_03.png,I46.png,46,18,3,4.73,0.573,19.116933822631836,0.039808247999644664,0
I46_18_05.png,/kaggle/working/MDFS/data/KADID/extracted/kadid10k/images/I46_18_05.png,I46.png,46,18,5,3.97,0.912,19.450605392456055,0.03957948600054806,0
I46_19_02.png,/kaggle/working/MDFS/data/KADID/extracted/kadid10k/images/I46_19_02.png,I46.png,46,19,2,4.1,0.7,18.74247169494629,0.03978369200012821,0
I46_19_04.png,/kaggle/working/MDFS/data/KADID/extracted/kadid10k/images/I46_19_04.png,I46.png,46,19,4,1.87,0.618,21.685239791870117,0.03810713900020346,0
I46_20_01.png,/kaggle/working/MDFS/data/KADID/extracted/kadid10k/images/I46_20_01.png,I46.png,46,20,1,4.6,0.663,19.114974975585938,0.039349231000414875,0
I46_20_03.png,/kaggle/working/MDFS/data/KADID/extracted/kadid10k/images/I46_20_03.png,I46.png,46,20,3,4.43,0.92,18.934144973754883,0.03896756399990409,0
I46_20_05.png,/kaggle/working/MDFS/data/KADID/extracted/kadid10k/images/I46_20_05.png,I46.png,46,20,5,4.37,0.795,18.887914657592773,0.038364101000297524,0
I46_21_02.png,/kaggle/working/MDFS/data/KADID/extracted/kadid10k/images/I46_21_02.png,I46.png,46,21,2,2.9,0.978,19.297151565551758,0.03820485500000359,0
I46_21_04.png,/kaggle/working/MDFS/data/KADID/extracted/kadid10k/images/I46_21_04.png,I46.png,46,21,4,2.47,0.846,20.454965591430664,0.03617748200031201,0
I46_22_01.png,/kaggle/working/MDFS/data/KADID/extracted/kadid10k/images/I46_22_01.png,I46.png,46,22,1,4.57,0.496,19.459280014038086,0.03716633400017599,0
I46_22_03.png,/kaggle/working/MDFS/data/KADID/extracted/kadid10k/images/I46_22_03.png,I46.png,46,22,3,4.43,0.616,19.455556869506836,0.03685111800041341,0
I46_22_05.png,/kaggle/working/MDFS/data/KADID/extracted/kadid10k/images/I46_22_05.png,I46.png,46,22,5,3.93,1.093,20.15762710571289,0.037755123999886564,0
I46_23_02.png,/kaggle/working/MDFS/data/KADID/extracted/kadid10k/images/I46_23_02.png,I46.png,46,23,2,2.57,1.202,19.002704620361328,0.038921708000088984,0
I46_23_04.png,/kaggle/working/MDFS/data/KADID/extracted/kadid10k/images/I46_23_04.png,I46.png,46,23,4,2.17,0.86,18.951507568359375,0.03852713800006313,0
I46_24_01.png,/kaggle/working/MDFS/data/KADID/extracted/kadid10k/images/I46_24_01.png,I46.png,46,24,1,3.1,1.012,19.61400604248047,0.03834269600065454,0
I46_24_03.png,/kaggle/working/MDFS/data/KADID/extracted/kadid10k/images/I46_24_03.png,I46.png,46,24,3,1.9,0.87,21.227184295654297,0.038653261000035855,0
I46_24_05.png,/kaggle/working/MDFS/data/KADID/extracted/kadid10k/images/I46_24_05.png,I46.png,46,24,5,1.3,0.526,26.438140869140625,0.03794456600007834,0
I46_25_02.png,/kaggle/working/MDFS/data/KADID/extracted/kadid10k/images/I46_25_02.png,I46.png,46,25,2,4.23,0.559,19.61159896850586,0.03765961399949447,0
I46_25_04.png,/kaggle/working/MDFS/data/KADID/extracted/kadid10k/images/I46_25_04.png,I46.png,46,25,4,4.33,0.789,18.937210083007812,0.03941923799993674,0
I47_01_01.png,/kaggle/working/MDFS/data/KADID/extracted/kadid10k/images/I47_01_01.png,I47.png,47,1,1,4.5,0.847,17.609819412231445,0.03816486100004113,0
I47_01_03.png,/kaggle/working/MDFS/data/KADID/extracted/kadid10k/images/I47_01_03.png,I47.png,47,1,3,3.13,0.806,21.709505081176758,0.038393423999877996,0
I47_01_05.png,/kaggle/working/MDFS/data/KADID/extracted/kadid10k/images/I47_01_05.png,I47.png,47,1,5,1.47,0.499,36.84925079345703,0.038352794000275026,0
I47_02_02.png,/kaggle/working/MDFS/data/KADID/extracted/kadid10k/images/I47_02_02.png,I47.png,47,2,2,3.13,0.921,23.140132904052734,0.039164264999271836,0
I47_02_04.png,/kaggle/working/MDFS/data/KADID/extracted/kadid10k/images/I47_02_04.png,I47.png,47,2,4,1.5,0.619,32.12038040161133,0.0382997990000149,0
I47_03_01.png,/kaggle/working/MDFS/data/KADID/extracted/kadid10k/images/I47_03_01.png,I47.png,47,3,1,4.63,0.547,17.609819412231445,0.03927724099958141,0
I47_03_03.png,/kaggle/working/MDFS/data/KADID/extracted/kadid10k/images/I47_03_03.png,I47.png,47,3,3,3.17,0.898,20.749326705932617,0.03868922499987093,0
I47_03_05.png,/kaggle/working/MDFS/data/KADID/extracted/kadid10k/images/I47_03_05.png,I47.png,47,3,5,1.7,0.586,23.425643920898438,0.03937098500045977,0
I47_04_02.png,/kaggle/working/MDFS/data/KADID/extracted/kadid10k/images/I47_04_02.png,I47.png,47,4,2,2.57,0.989,19.325647354125977,0.03892504400027974,0
I47_04_04.png,/kaggle/working/MDFS/data/KADID/extracted/kadid10k/images/I47_04_04.png,I47.png,47,4,4,1.23,0.496,21.43720245361328,0.0374820950000867,0
I47_05_01.png,/kaggle/working/MDFS/data/KADID/extracted/kadid10k/images/I47_05_01.png,I47.png,47,5,1,4.47,0.718,18.206071853637695,0.038771210000049905,0
I47_05_03.png,/kaggle/working/MDFS/data/KADID/extracted/kadid10k/images/I47_05_03.png,I47.png,47,5,3,1.93,0.892,18.59819984436035,0.03955066699927556,0
I47_05_05.png,/kaggle/working/MDFS/data/KADID/extracted/kadid10k/images/I47_05_05.png,I47.png,47,5,5,1.63,0.795,18.47406768798828,0.03968143299971416,0
I47_06_02.png,/kaggle/working/MDFS/data/KADID/extracted/kadid10k/images/I47_06_02.png,I47.png,47,6,2,3.4,1.172,21.018070220947266,0.03552353899976879,0
I47_06_04.png,/kaggle/working/MDFS/data/KADID/extracted/kadid10k/images/I47_06_04.png,I47.png,47,6,4,3.0,1.033,23.209186553955078,0.03631397499975719,0
I47_07_01.png,/kaggle/working/MDFS/data/KADID/extracted/kadid10k/images/I47_07_01.png,I47.png,47,7,1,2.47,1.056,17.545944213867188,0.03961726399938925,0
I47_07_03.png,/kaggle/working/MDFS/data/KADID/extracted/kadid10k/images/I47_07_03.png,I47.png,47,7,3,1.93,1.031,18.947265625,0.039251066999895556,0
I47_07_05.png,/kaggle/working/MDFS/data/KADID/extracted/kadid10k/images/I47_07_05.png,I47.png,47,7,5,1.73,0.892,19.826019287109375,0.040147417999833124,0
I47_08_02.png,/kaggle/working/MDFS/data/KADID/extracted/kadid10k/images/I47_08_02.png,I47.png,47,8,2,3.23,0.844,18.992389678955078,0.04006926599959115,0
I47_08_04.png,/kaggle/working/MDFS/data/KADID/extracted/kadid10k/images/I47_08_04.png,I47.png,47,8,4,1.23,0.423,22.119531631469727,0.03875942499962548,0
I47_09_01.png,/kaggle/working/MDFS/data/KADID/extracted/kadid10k/images/I47_09_01.png,I47.png,47,9,1,4.67,0.537,17.908336639404297,0.038863409999976284,0
I47_09_03.png,/kaggle/working/MDFS/data/KADID/extracted/kadid10k/images/I47_09_03.png,I47.png,47,9,3,4.4,0.757,20.557798385620117,0.03877917199952208,0
I47_09_05.png,/kaggle/working/MDFS/data/KADID/extracted/kadid10k/images/I47_09_05.png,I47.png,47,9,5,1.47,0.499,34.026729583740234,0.03746591599974636,0
I47_10_02.png,/kaggle/working/MDFS/data/KADID/extracted/kadid10k/images/I47_10_02.png,I47.png,47,10,2,4.3,0.862,19.817340850830078,0.038538306999726046,0
I47_10_04.png,/kaggle/working/MDFS/data/KADID/extracted/kadid10k/images/I47_10_04.png,I47.png,47,10,4,1.93,0.68,28.512596130371094,0.03616253200016217,0
I47_11_01.png,/kaggle/working/MDFS/data/KADID/extracted/kadid10k/images/I47_11_01.png,I47.png,47,11,1,3.9,0.907,20.16672706604004,0.037178746999416035,0
I47_11_03.png,/kaggle/working/MDFS/data/KADID/extracted/kadid10k/images/I47_11_03.png,I47.png,47,11,3,3.17,1.128,22.490291595458984,0.038134518999868305,0
I47_11_05.png,/kaggle/working/MDFS/data/KADID/extracted/kadid10k/images/I47_11_05.png,I47.png,47,11,5,2.1,0.597,27.654369354248047,0.0376829490005548,0
I47_12_02.png,/kaggle/working/MDFS/data/KADID/extracted/kadid10k/images/I47_12_02.png,I47.png,47,12,2,3.73,0.929,20.50226402282715,0.03713454299941077,0
I47_12_04.png,/kaggle/working/MDFS/data/KADID/extracted/kadid10k/images/I47_12_04.png,I47.png,47,12,4,2.67,0.745,24.49903678894043,0.03622823499972583,0
I47_13_01.png,/kaggle/working/MDFS/data/KADID/extracted/kadid10k/images/I47_13_01.png,I47.png,47,13,1,3.67,1.011,17.937284469604492,0.037667863000024226,0
I47_13_03.png,/kaggle/working/MDFS/data/KADID/extracted/kadid10k/images/I47_13_03.png,I47.png,47,13,3,2.47,0.846,22.374065399169922,0.037390487999800825,0
I47_13_05.png,/kaggle/working/MDFS/data/KADID/extracted/kadid10k/images/I47_13_05.png,I47.png,47,13,5,1.83,0.582,24.868127822875977,0.03704898799969669,0
I47_14_02.png,/kaggle/working/MDFS/data/KADID/extracted/kadid10k/images/I47_14_02.png,I47.png,47,14,2,3.73,0.998,19.542015075683594,0.0375613730002442,0
I47_14_04.png,/kaggle/working/MDFS/data/KADID/extracted/kadid10k/images/I47_14_04.png,I47.png,47,14,4,2.7,0.862,23.532142639160156,0.03734569999960513,0
I47_15_01.png,/kaggle/working/MDFS/data/KADID/extracted/kadid10k/images/I47_15_01.png,I47.png,47,15,1,3.73,0.854,20.88045883178711,0.03829762900022615,0
I47_15_03.png,/kaggle/working/MDFS/data/KADID/extracted/kadid10k/images/I47_15_03.png,I47.png,47,15,3,2.13,0.921,23.66768455505371,0.03674446300010459,0
I47_15_05.png,/kaggle/working/MDFS/data/KADID/extracted/kadid10k/images/I47_15_05.png,I47.png,47,15,5,1.23,0.423,25.61345100402832,0.03540530200007197,0
I47_16_02.png,/kaggle/working/MDFS/data/KADID/extracted/kadid10k/images/I47_16_02.png,I47.png,47,16,2,4.53,0.718,17.857318878173828,0.03862896700047713,0
I47_16_04.png,/kaggle/working/MDFS/data/KADID/extracted/kadid10k/images/I47_16_04.png,I47.png,47,16,4,2.17,0.898,19.05133056640625,0.03844806599954609,0
I47_17_01.png,/kaggle/working/MDFS/data/KADID/extracted/kadid10k/images/I47_17_01.png,I47.png,47,17,1,4.67,0.471,17.54840087890625,0.03891395100072259,0
I47_17_03.png,/kaggle/working/MDFS/data/KADID/extracted/kadid10k/images/I47_17_03.png,I47.png,47,17,3,4.3,0.69,17.45744514465332,0.03921850699953211,0
I47_17_05.png,/kaggle/working/MDFS/data/KADID/extracted/kadid10k/images/I47_17_05.png,I47.png,47,17,5,2.57,0.883,19.122068405151367,0.03821160699953907,0
I47_18_02.png,/kaggle/working/MDFS/data/KADID/extracted/kadid10k/images/I47_18_02.png,I47.png,47,18,2,4.53,0.806,17.777610778808594,0.03856056800032093,0
I47_18_04.png,/kaggle/working/MDFS/data/KADID/extracted/kadid10k/images/I47_18_04.png,I47.png,47,18,4,4.5,0.671,17.801372528076172,0.03782112499993673,0
I47_19_01.png,/kaggle/working/MDFS/data/KADID/extracted/kadid10k/images/I47_19_01.png,I47.png,47,19,1,4.53,0.562,17.621274948120117,0.038031136999961745,0
I47_19_03.png,/kaggle/working/MDFS/data/KADID/extracted/kadid10k/images/I47_19_03.png,I47.png,47,19,3,3.2,0.872,18.376407623291016,0.03606697899977007,0
I47_19_05.png,/kaggle/working/MDFS/data/KADID/extracted/kadid10k/images/I47_19_05.png,I47.png,47,19,5,1.27,0.512,25.208139419555664,0.036022533000505064,0
I47_20_02.png,/kaggle/working/MDFS/data/KADID/extracted/kadid10k/images/I47_20_02.png,I47.png,47,20,2,3.81,0.997,17.59136962890625,0.038738007000574726,0
I47_20_04.png,/kaggle/working/MDFS/data/KADID/extracted/kadid10k/images/I47_20_04.png,I47.png,47,20,4,3.57,1.116,17.64301109313965,0.03847132699957001,0
I47_21_01.png,/kaggle/working/MDFS/data/KADID/extracted/kadid10k/images/I47_21_01.png,I47.png,47,21,1,3.8,1.013,17.79192352294922,0.038524777999555226,0
I47_21_03.png,/kaggle/working/MDFS/data/KADID/extracted/kadid10k/images/I47_21_03.png,I47.png,47,21,3,3.53,1.118,18.625791549682617,0.03723407899997255,0
I47_21_05.png,/kaggle/working/MDFS/data/KADID/extracted/kadid10k/images/I47_21_05.png,I47.png,47,21,5,1.83,0.734,27.754039764404297,0.03496240500044223,0
I47_22_02.png,/kaggle/working/MDFS/data/KADID/extracted/kadid10k/images/I47_22_02.png,I47.png,47,22,2,4.39,0.868,18.19965362548828,0.03707705299984809,0
I47_22_04.png,/kaggle/working/MDFS/data/KADID/extracted/kadid10k/images/I47_22_04.png,I47.png,47,22,4,3.43,1.283,18.891958236694336,0.035953214000073785,0
I47_23_01.png,/kaggle/working/MDFS/data/KADID/extracted/kadid10k/images/I47_23_01.png,I47.png,47,23,1,2.47,0.991,17.604930877685547,0.03929837499981659,0
I47_23_03.png,/kaggle/working/MDFS/data/KADID/extracted/kadid10k/images/I47_23_03.png,I47.png,47,23,3,2.47,0.957,17.683979034423828,0.040249960999972245,0
I47_23_05.png,/kaggle/working/MDFS/data/KADID/extracted/kadid10k/images/I47_23_05.png,I47.png,47,23,5,1.8,0.702,17.71735382080078,0.039370698999846354,0
I47_24_02.png,/kaggle/working/MDFS/data/KADID/extracted/kadid10k/images/I47_24_02.png,I47.png,47,24,2,2.83,1.003,19.03969955444336,0.039806312000109756,0
I47_24_04.png,/kaggle/working/MDFS/data/KADID/extracted/kadid10k/images/I47_24_04.png,I47.png,47,24,4,1.5,0.671,21.831363677978516,0.0394533449998562,0
I47_25_01.png,/kaggle/working/MDFS/data/KADID/extracted/kadid10k/images/I47_25_01.png,I47.png,47,25,1,3.63,0.836,18.717426300048828,0.038305601000502065,0
I47_25_03.png,/kaggle/working/MDFS/data/KADID/extracted/kadid10k/images/I47_25_03.png,I47.png,47,25,3,4.6,0.49,17.86194610595703,0.03931779599952279,0
I47_25_05.png,/kaggle/working/MDFS/data/KADID/extracted/kadid10k/images/I47_25_05.png,I47.png,47,25,5,2.97,0.983,17.803855895996094,0.038196606000383326,0
I48_01_02.png,/kaggle/working/MDFS/data/KADID/extracted/kadid10k/images/I48_01_02.png,I48.png,48,1,2,4.75,0.433,17.53857421875,0.03750288600076601,0
I48_01_04.png,/kaggle/working/MDFS/data/KADID/extracted/kadid10k/images/I48_01_04.png,I48.png,48,1,4,2.2,0.702,29.877817153930664,0.037262396999722114,0
I48_02_01.png,/kaggle/working/MDFS/data/KADID/extracted/kadid10k/images/I48_02_01.png,I48.png,48,2,1,4.13,0.67,18.559049606323242,0.03787048300000606,0
I48_02_03.png,/kaggle/working/MDFS/data/KADID/extracted/kadid10k/images/I48_02_03.png,I48.png,48,2,3,1.87,0.562,26.38794708251953,0.037215518000266457,0
I48_02_05.png,/kaggle/working/MDFS/data/KADID/extracted/kadid10k/images/I48_02_05.png,I48.png,48,2,5,1.23,0.423,33.8194465637207,0.04154636600014783,0
I48_03_02.png,/kaggle/working/MDFS/data/KADID/extracted/kadid10k/images/I48_03_02.png,I48.png,48,3,2,4.27,0.512,18.926050186157227,0.03906322300008469,0
I48_03_04.png,/kaggle/working/MDFS/data/KADID/extracted/kadid10k/images/I48_03_04.png,I48.png,48,3,4,2.48,0.744,22.221284866333008,0.038198402000489295,0
I48_04_01.png,/kaggle/working/MDFS/data/KADID/extracted/kadid10k/images/I48_04_01.png,I48.png,48,4,1,4.63,0.547,17.68977928161621,0.03852773700054968,0
I48_04_03.png,/kaggle/working/MDFS/data/KADID/extracted/kadid10k/images/I48_04_03.png,I48.png,48,4,3,1.57,0.955,22.186492919921875,0.03738522599996941,0
I48_04_05.png,/kaggle/working/MDFS/data/KADID/extracted/kadid10k/images/I48_04_05.png,I48.png,48,4,5,1.5,0.922,26.112382888793945,0.04101460699985182,0
I48_05_02.png,/kaggle/working/MDFS/data/KADID/extracted/kadid10k/images/I48_05_02.png,I48.png,48,5,2,2.7,1.13,19.35712242126465,0.045398146000479755,0
I48_05_04.png,/kaggle/working/MDFS/data/KADID/extracted/kadid10k/images/I48_05_04.png,I48.png,48,5,4,1.77,0.803,18.526905059814453,0.041420266999921296,0
I48_06_01.png,/kaggle/working/MDFS/data/KADID/extracted/kadid10k/images/I48_06_01.png,I48.png,48,6,1,4.07,1.062,20.381580352783203,0.035835009000038553,0
I48_06_03.png,/kaggle/working/MDFS/data/KADID/extracted/kadid10k/images/I48_06_03.png,I48.png,48,6,3,3.57,0.989,20.964244842529297,0.03642990800017287,0
I48_06_05.png,/kaggle/working/MDFS/data/KADID/extracted/kadid10k/images/I48_06_05.png,I48.png,48,6,5,2.07,0.772,23.990467071533203,0.03453001999969274,0
I48_07_02.png,/kaggle/working/MDFS/data/KADID/extracted/kadid10k/images/I48_07_02.png,I48.png,48,7,2,2.6,1.114,18.70429039001465,0.035882362999473116,0
I48_07_04.png,/kaggle/working/MDFS/data/KADID/extracted/kadid10k/images/I48_07_04.png,I48.png,48,7,4,2.27,0.964,22.1031551361084,0.035831707999932405,0
I48_08_01.png,/kaggle/working/MDFS/data/KADID/extracted/kadid10k/images/I48_08_01.png,I48.png,48,8,1,4.47,0.846,17.51941680908203,0.03781052100021043,0
I48_08_03.png,/kaggle/working/MDFS/data/KADID/extracted/kadid10k/images/I48_08_03.png,I48.png,48,8,3,2.63,1.016,19.864145278930664,0.037386797000181105,0
I48_08_05.png,/kaggle/working/MDFS/data/KADID/extracted/kadid10k/images/I48_08_05.png,I48.png,48,8,5,1.2,0.4,24.54912567138672,0.03675373300029605,0
I48_09_02.png,/kaggle/working/MDFS/data/KADID/extracted/kadid10k/images/I48_09_02.png,I48.png,48,9,2,4.57,0.496,18.6724796295166,0.03610057200057781,0
I48_09_04.png,/kaggle/working/MDFS/data/KADID/extracted/kadid10k/images/I48_09_04.png,I48.png,48,9,4,3.55,0.945,24.50554656982422,0.03732522699920082,0
I48_10_01.png,/kaggle/working/MDFS/data/KADID/extracted/kadid10k/images/I48_10_01.png,I48.png,48,10,1,4.7,0.458,19.64435577392578,0.0370733609997842,0
I48_10_03.png,/kaggle/working/MDFS/data/KADID/extracted/kadid10k/images/I48_10_03.png,I48.png,48,10,3,4.17,0.82,22.1572322845459,0.0379479530001845,0
I48_10_05.png,/kaggle/working/MDFS/data/KADID/extracted/kadid10k/images/I48_10_05.png,I48.png,48,10,5,1.17,0.373,33.1342887878418,0.03506947099958779,0
I48_11_02.png,/kaggle/working/MDFS/data/KADID/extracted/kadid10k/images/I48_11_02.png,I48.png,48,11,2,3.07,0.892,21.52423095703125,0.03651292599988665,0
I48_11_04.png,/kaggle/working/MDFS/data/KADID/extracted/kadid10k/images/I48_11_04.png,I48.png,48,11,4,2.67,0.789,24.4613094329834,0.03689807600039785,0
I48_12_01.png,/kaggle/working/MDFS/data/KADID/extracted/kadid10k/images/I48_12_01.png,I48.png,48,12,1,4.5,0.619,19.02834129333496,0.03598374600005627,0
I48_12_03.png,/kaggle/working/MDFS/data/KADID/extracted/kadid10k/images/I48_12_03.png,I48.png,48,12,3,2.93,0.727,22.051877975463867,0.03751647300032346,0
I48_12_05.png,/kaggle/working/MDFS/data/KADID/extracted/kadid10k/images/I48_12_05.png,I48.png,48,12,5,2.27,0.629,26.722332000732422,0.038625336999757565,0
I48_13_02.png,/kaggle/working/MDFS/data/KADID/extracted/kadid10k/images/I48_13_02.png,I48.png,48,13,2,2.8,0.792,21.72601890563965,0.038628989000244474,0
I48_13_04.png,/kaggle/working/MDFS/data/KADID/extracted/kadid10k/images/I48_13_04.png,I48.png,48,13,4,2.06,0.619,23.375505447387695,0.0382966689994646,0
I48_14_01.png,/kaggle/working/MDFS/data/KADID/extracted/kadid10k/images/I48_14_01.png,I48.png,48,14,1,4.5,0.619,18.538124084472656,0.03726552999978594,0
I48_14_03.png,/kaggle/working/MDFS/data/KADID/extracted/kadid10k/images/I48_14_03.png,I48.png,48,14,3,2.9,0.907,20.57404136657715,0.03643655099949683,0
I48_14_05.png,/kaggle/working/MDFS/data/KADID/extracted/kadid10k/images/I48_14_05.png,I48.png,48,14,5,2.06,0.716,23.873342514038086,0.036472776999289636,0
I48_15_02.png,/kaggle/working/MDFS/data/KADID/extracted/kadid10k/images/I48_15_02.png,I48.png,48,15,2,2.63,0.836,23.346940994262695,0.03765480399943044,0
I48_15_04.png,/kaggle/working/MDFS/data/KADID/extracted/kadid10k/images/I48_15_04.png,I48.png,48,15,4,1.63,0.795,26.425662994384766,0.03798506599923712,0
I48_16_01.png,/kaggle/working/MDFS/data/KADID/extracted/kadid10k/images/I48_16_01.png,I48.png,48,16,1,4.43,0.559,17.552291870117188,0.03810789700037276,0
I48_16_03.png,/kaggle/working/MDFS/data/KADID/extracted/kadid10k/images/I48_16_03.png,I48.png,48,16,3,3.9,0.831,17.643320083618164,0.037972899000124016,0
I48_16_05.png,/kaggle/working/MDFS/data/KADID/extracted/kadid10k/images/I48_16_05.png,I48.png,48,16,5,1.7,0.737,18.954986572265625,0.03710339400004159,0
I48_17_02.png,/kaggle/working/MDFS/data/KADID/extracted/kadid10k/images/I48_17_02.png,I48.png,48,17,2,4.77,0.418,17.55057716369629,0.038165595000464236,0
I48_17_04.png,/kaggle/working/MDFS/data/KADID/extracted/kadid10k/images/I48_17_04.png,I48.png,48,17,4,3.37,0.795,17.625925064086914,0.037022976000116614,0
I48_18_01.png,/kaggle/working/MDFS/data/KADID/extracted/kadid10k/images/I48_18_01.png,I48.png,48,18,1,4.53,0.618,17.74205780029297,0.03680563799935044,0
I48_18_03.png,/kaggle/working/MDFS/data/KADID/extracted/kadid10k/images/I48_18_03.png,I48.png,48,18,3,4.53,0.718,17.51941680908203,0.03742074500041781,0
I48_18_05.png,/kaggle/working/MDFS/data/KADID/extracted/kadid10k/images/I48_18_05.png,I48.png,48,18,5,3.87,0.763,17.93446922302246,0.03952130700054113,0
I48_19_02.png,/kaggle/working/MDFS/data/KADID/extracted/kadid10k/images/I48_19_02.png,I48.png,48,19,2,4.5,0.563,17.565053939819336,0.038427129999945464,0
I48_19_04.png,/kaggle/working/MDFS/data/KADID/extracted/kadid10k/images/I48_19_04.png,I48.png,48,19,4,2.3,0.69,19.412385940551758,0.036557217000336095,0
I48_20_01.png,/kaggle/working/MDFS/data/KADID/extracted/kadid10k/images/I48_20_01.png,I48.png,48,20,1,4.33,0.745,17.53775978088379,0.03742508100003761,0
I48_20_03.png,/kaggle/working/MDFS/data/KADID/extracted/kadid10k/images/I48_20_03.png,I48.png,48,20,3,2.73,1.263,17.642730712890625,0.037022829000306956,0
I48_20_05.png,/kaggle/working/MDFS/data/KADID/extracted/kadid10k/images/I48_20_05.png,I48.png,48,20,5,2.67,0.978,17.666242599487305,0.0383420930002103,0
I48_21_02.png,/kaggle/working/MDFS/data/KADID/extracted/kadid10k/images/I48_21_02.png,I48.png,48,21,2,3.5,1.057,17.979413986206055,0.03681277199939359,0
I48_21_04.png,/kaggle/working/MDFS/data/KADID/extracted/kadid10k/images/I48_21_04.png,I48.png,48,21,4,3.44,1.059,18.880605697631836,0.036223061999407946,0
I48_22_01.png,/kaggle/working/MDFS/data/KADID/extracted/kadid10k/images/I48_22_01.png,I48.png,48,22,1,3.23,0.955,18.589174270629883,0.036397421000401664,0
I48_22_03.png,/kaggle/working/MDFS/data/KADID/extracted/kadid10k/images/I48_22_03.png,I48.png,48,22,3,2.7,0.971,19.274822235107422,0.03534718300034001,0
I48_22_05.png,/kaggle/working/MDFS/data/KADID/extracted/kadid10k/images/I48_22_05.png,I48.png,48,22,5,1.97,0.836,21.78643798828125,0.0344214059996375,0
I48_23_02.png,/kaggle/working/MDFS/data/KADID/extracted/kadid10k/images/I48_23_02.png,I48.png,48,23,2,2.47,0.884,17.565406799316406,0.03836106399921846,0
I48_23_04.png,/kaggle/working/MDFS/data/KADID/extracted/kadid10k/images/I48_23_04.png,I48.png,48,23,4,2.1,0.79,17.73079490661621,0.038675824999700126,0
I48_24_01.png,/kaggle/working/MDFS/data/KADID/extracted/kadid10k/images/I48_24_01.png,I48.png,48,24,1,3.57,0.955,18.46734046936035,0.03897216400036996,0
I48_24_03.png,/kaggle/working/MDFS/data/KADID/extracted/kadid10k/images/I48_24_03.png,I48.png,48,24,3,2.37,0.836,20.501935958862305,0.03897122499984107,0
I48_24_05.png,/kaggle/working/MDFS/data/KADID/extracted/kadid10k/images/I48_24_05.png,I48.png,48,24,5,1.5,0.719,23.93771743774414,0.03813194500071404,0
I48_25_02.png,/kaggle/working/MDFS/data/KADID/extracted/kadid10k/images/I48_25_02.png,I48.png,48,25,2,3.67,0.943,17.748666763305664,0.03779086699978507,0
I48_25_04.png,/kaggle/working/MDFS/data/KADID/extracted/kadid10k/images/I48_25_04.png,I48.png,48,25,4,4.5,0.719,17.629531860351562,0.03762209099932079,0
I49_01_01.png,/kaggle/working/MDFS/data/KADID/extracted/kadid10k/images/I49_01_01.png,I49.png,49,1,1,4.63,0.482,18.7351016998291,0.03708220699991216,0
I49_01_03.png,/kaggle/working/MDFS/data/KADID/extracted/kadid10k/images/I49_01_03.png,I49.png,49,1,3,3.3,0.823,22.510066986083984,0.03745088899995608,0
I49_01_05.png,/kaggle/working/MDFS/data/KADID/extracted/kadid10k/images/I49_01_05.png,I49.png,49,1,5,1.37,0.547,36.41496658325195,0.03685846300049889,0
I49_02_02.png,/kaggle/working/MDFS/data/KADID/extracted/kadid10k/images/I49_02_02.png,I49.png,49,2,2,3.27,0.854,23.54751968383789,0.038369723999494454,0
I49_02_04.png,/kaggle/working/MDFS/data/KADID/extracted/kadid10k/images/I49_02_04.png,I49.png,49,2,4,1.6,0.611,31.208255767822266,0.03860665100000915,0
I49_03_01.png,/kaggle/working/MDFS/data/KADID/extracted/kadid10k/images/I49_03_01.png,I49.png,49,3,1,4.73,0.442,18.7351016998291,0.03802207399985491,0
I49_03_03.png,/kaggle/working/MDFS/data/KADID/extracted/kadid10k/images/I49_03_03.png,I49.png,49,3,3,3.0,0.931,21.340818405151367,0.03709104799963825,0
I49_03_05.png,/kaggle/working/MDFS/data/KADID/extracted/kadid10k/images/I49_03_05.png,I49.png,49,3,5,1.8,0.792,22.441150665283203,0.03758023200043681,0
I49_04_02.png,/kaggle/working/MDFS/data/KADID/extracted/kadid10k/images/I49_04_02.png,I49.png,49,4,2,3.13,0.846,18.565181732177734,0.03673452900056873,0
I49_04_04.png,/kaggle/working/MDFS/data/KADID/extracted/kadid10k/images/I49_04_04.png,I49.png,49,4,4,2.23,0.883,19.45979118347168,0.036726006000208145,0
I49_05_01.png,/kaggle/working/MDFS/data/KADID/extracted/kadid10k/images/I49_05_01.png,I49.png,49,5,1,4.5,0.719,19.113378524780273,0.0383400820001043,0
I49_05_03.png,/kaggle/working/MDFS/data/KADID/extracted/kadid10k/images/I49_05_03.png,I49.png,49,5,3,2.43,1.23,19.095308303833008,0.03827738000018144,0
I49_05_05.png,/kaggle/working/MDFS/data/KADID/extracted/kadid10k/images/I49_05_05.png,I49.png,49,5,5,2.63,0.948,18.97142791748047,0.038190418999874964,0
I49_06_02.png,/kaggle/working/MDFS/data/KADID/extracted/kadid10k/images/I49_06_02.png,I49.png,49,6,2,4.6,0.611,20.188188552856445,0.036019075999320194,0
I49_06_04.png,/kaggle/working/MDFS/data/KADID/extracted/kadid10k/images/I49_06_04.png,I49.png,49,6,4,3.9,0.978,21.53340721130371,0.03373061699949176,0
I49_07_01.png,/kaggle/working/MDFS/data/KADID/extracted/kadid10k/images/I49_07_01.png,I49.png,49,7,1,3.27,1.123,19.386734008789062,0.036669727000116836,0
I49_07_03.png,/kaggle/working/MDFS/data/KADID/extracted/kadid10k/images/I49_07_03.png,I49.png,49,7,3,3.23,0.92,20.518144607543945,0.03686894200018287,0
I49_07_05.png,/kaggle/working/MDFS/data/KADID/extracted/kadid10k/images/I49_07_05.png,I49.png,49,7,5,2.83,0.969,19.70218276977539,0.03730787099993904,0
I49_08_02.png,/kaggle/working/MDFS/data/KADID/extracted/kadid10k/images/I49_08_02.png,I49.png,49,8,2,3.83,0.86,18.602949142456055,0.037053670000204875,0
I49_08_04.png,/kaggle/working/MDFS/data/KADID/extracted/kadid10k/images/I49_08_04.png,I49.png,49,8,4,2.5,0.957,19.460193634033203,0.0364917080005398,0
I49_09_01.png,/kaggle/working/MDFS/data/KADID/extracted/kadid10k/images/I49_09_01.png,I49.png,49,9,1,4.7,0.458,19.030315399169922,0.035654541999974754,0
I49_09_03.png,/kaggle/working/MDFS/data/KADID/extracted/kadid10k/images/I49_09_03.png,I49.png,49,9,3,4.52,0.615,21.20351791381836,0.03623707099995954,0
I49_09_05.png,/kaggle/working/MDFS/data/KADID/extracted/kadid10k/images/I49_09_05.png,I49.png,49,9,5,1.67,0.65,31.98056411743164,0.03879746599977807,0
I49_10_02.png,/kaggle/working/MDFS/data/KADID/extracted/kadid10k/images/I49_10_02.png,I49.png,49,10,2,4.47,0.562,21.93510627746582,0.03841999100040994,0
I49_10_04.png,/kaggle/working/MDFS/data/KADID/extracted/kadid10k/images/I49_10_04.png,I49.png,49,10,4,1.8,0.702,28.983688354492188,0.036007353000059084,0
I49_11_01.png,/kaggle/working/MDFS/data/KADID/extracted/kadid10k/images/I49_11_01.png,I49.png,49,11,1,3.8,0.702,21.743579864501953,0.03681460700045136,0
I49_11_03.png,/kaggle/working/MDFS/data/KADID/extracted/kadid10k/images/I49_11_03.png,I49.png,49,11,3,3.0,1.033,24.723751068115234,0.036418914000023506,0
I49_11_05.png,/kaggle/working/MDFS/data/KADID/extracted/kadid10k/images/I49_11_05.png,I49.png,49,11,5,2.63,0.706,30.519758224487305,0.03617384500012122,0
I49_12_02.png,/kaggle/working/MDFS/data/KADID/extracted/kadid10k/images/I49_12_02.png,I49.png,49,12,2,3.9,0.943,22.35336685180664,0.037338813000133086,0
I49_12_04.png,/kaggle/working/MDFS/data/KADID/extracted/kadid10k/images/I49_12_04.png,I49.png,49,12,4,2.73,0.814,26.811981201171875,0.03776025299976027,0
I49_13_01.png,/kaggle/working/MDFS/data/KADID/extracted/kadid10k/images/I49_13_01.png,I49.png,49,13,1,2.97,0.836,19.415021896362305,0.03756263699960982,0
I49_13_03.png,/kaggle/working/MDFS/data/KADID/extracted/kadid10k/images/I49_13_03.png,I49.png,49,13,3,2.37,0.605,23.05011749267578,0.037502150000364054,0
I49_13_05.png,/kaggle/working/MDFS/data/KADID/extracted/kadid10k/images/I49_13_05.png,I49.png,49,13,5,1.97,0.706,29.059276580810547,0.03591332500036515,0
I49_14_02.png,/kaggle/working/MDFS/data/KADID/extracted/kadid10k/images/I49_14_02.png,I49.png,49,14,2,4.47,0.562,19.116741180419922,0.036481203000221285,0
I49_14_04.png,/kaggle/working/MDFS/data/KADID/extracted/kadid10k/images/I49_14_04.png,I49.png,49,14,4,3.77,0.761,19.829689025878906,0.03648489199986216,0
I49_15_01.png,/kaggle/working/MDFS/data/KADID/extracted/kadid10k/images/I49_15_01.png,I49.png,49,15,1,3.5,0.885,22.015195846557617,0.038108403000478575,0
I49_15_03.png,/kaggle/working/MDFS/data/KADID/extracted/kadid10k/images/I49_15_03.png,I49.png,49,15,3,1.8,0.653,24.988754272460938,0.036765249999916705,0
I49_15_05.png,/kaggle/working/MDFS/data/KADID/extracted/kadid10k/images/I49_15_05.png,I49.png,49,15,5,1.37,0.547,27.7891788482666,0.03609033999964595,0
I49_16_02.png,/kaggle/working/MDFS/data/KADID/extracted/kadid10k/images/I49_16_02.png,I49.png,49,16,2,4.7,0.586,18.629526138305664,0.03621583699987241,0
I49_16_04.png,/kaggle/working/MDFS/data/KADID/extracted/kadid10k/images/I49_16_04.png,I49.png,49,16,4,3.5,0.671,18.505868911743164,0.036588898000445624,0
I49_17_01.png,/kaggle/working/MDFS/data/KADID/extracted/kadid10k/images/I49_17_01.png,I49.png,49,17,1,4.63,0.547,18.79770278930664,0.03835563499978889,0
I49_17_03.png,/kaggle/working/MDFS/data/KADID/extracted/kadid10k/images/I49_17_03.png,I49.png,49,17,3,4.47,0.562,19.131000518798828,0.03866432700033329,0
I49_17_05.png,/kaggle/working/MDFS/data/KADID/extracted/kadid10k/images/I49_17_05.png,I49.png,49,17,5,1.63,0.706,30.486650466918945,0.0346271339994928,0
I49_18_02.png,/kaggle/working/MDFS/data/KADID/extracted/kadid10k/images/I49_18_02.png,I49.png,49,18,2,4.63,0.482,18.64681053161621,0.03753426500043133,0
I49_18_04.png,/kaggle/working/MDFS/data/KADID/extracted/kadid10k/images/I49_18_04.png,I49.png,49,18,4,4.1,0.651,20.163644790649414,0.035878331000276376,0
I49_19_01.png,/kaggle/working/MDFS/data/KADID/extracted/kadid10k/images/I49_19_01.png,I49.png,49,19,1,4.57,0.559,18.863508224487305,0.037354746000346495,0
I49_19_03.png,/kaggle/working/MDFS/data/KADID/extracted/kadid10k/images/I49_19_03.png,I49.png,49,19,3,3.7,0.862,19.62005615234375,0.037372716999925615,0
I49_19_05.png,/kaggle/working/MDFS/data/KADID/extracted/kadid10k/images/I49_19_05.png,I49.png,49,19,5,1.3,0.458,23.689701080322266,0.03783483100050944,0
I49_20_02.png,/kaggle/working/MDFS/data/KADID/extracted/kadid10k/images/I49_20_02.png,I49.png,49,20,2,3.8,1.046,18.560890197753906,0.03773068699956639,0
I49_20_04.png,/kaggle/working/MDFS/data/KADID/extracted/kadid10k/images/I49_20_04.png,I49.png,49,20,4,3.57,1.283,18.41927719116211,0.03841336200002843,0
I49_21_01.png,/kaggle/working/MDFS/data/KADID/extracted/kadid10k/images/I49_21_01.png,I49.png,49,21,1,4.13,0.957,18.354225158691406,0.0366973730006066,0
I49_21_03.png,/kaggle/working/MDFS/data/KADID/extracted/kadid10k/images/I49_21_03.png,I49.png,49,21,3,3.07,0.68,19.089828491210938,0.03556079900045006,0
I49_21_05.png,/kaggle/working/MDFS/data/KADID/extracted/kadid10k/images/I49_21_05.png,I49.png,49,21,5,1.43,0.667,25.105892181396484,0.03516335799940862,0
I49_22_02.png,/kaggle/working/MDFS/data/KADID/extracted/kadid10k/images/I49_22_02.png,I49.png,49,22,2,3.57,0.803,20.39618682861328,0.036337331000140694,0
I49_22_04.png,/kaggle/working/MDFS/data/KADID/extracted/kadid10k/images/I49_22_04.png,I49.png,49,22,4,2.83,0.969,22.770339965820312,0.03579316700052004,0
I49_23_01.png,/kaggle/working/MDFS/data/KADID/extracted/kadid10k/images/I49_23_01.png,I49.png,49,23,1,3.33,1.106,18.482032775878906,0.03677755300032004,0
I49_23_03.png,/kaggle/working/MDFS/data/KADID/extracted/kadid10k/images/I49_23_03.png,I49.png,49,23,3,2.4,0.987,18.317054748535156,0.03627602199958346,0
I49_23_05.png,/kaggle/working/MDFS/data/KADID/extracted/kadid10k/images/I49_23_05.png,I49.png,49,23,5,2.07,1.031,18.05211067199707,0.03716170699954091,0
I49_24_02.png,/kaggle/working/MDFS/data/KADID/extracted/kadid10k/images/I49_24_02.png,I49.png,49,24,2,3.5,0.922,20.3286190032959,0.0388581229999545,0
I49_24_04.png,/kaggle/working/MDFS/data/KADID/extracted/kadid10k/images/I49_24_04.png,I49.png,49,24,4,2.07,0.772,23.239776611328125,0.03888275999997859,0
I49_25_01.png,/kaggle/working/MDFS/data/KADID/extracted/kadid10k/images/I49_25_01.png,I49.png,49,25,1,3.63,0.927,21.61254119873047,0.03736774500066531,0
I49_25_03.png,/kaggle/working/MDFS/data/KADID/extracted/kadid10k/images/I49_25_03.png,I49.png,49,25,3,4.47,0.499,19.1212215423584,0.03773221600022225,0
I49_25_05.png,/kaggle/working/MDFS/data/KADID/extracted/kadid10k/images/I49_25_05.png,I49.png,49,25,5,3.97,0.752,18.634239196777344,0.03763984599936521,0
I50_01_02.png,/kaggle/working/MDFS/data/KADID/extracted/kadid10k/images/I50_01_02.png,I50.png,50,1,2,4.13,0.921,17.185457229614258,0.038189126000361284,0
I50_01_04.png,/kaggle/working/MDFS/data/KADID/extracted/kadid10k/images/I50_01_04.png,I50.png,50,1,4,1.83,0.522,29.760251998901367,0.03784302599979128,0
I50_02_01.png,/kaggle/working/MDFS/data/KADID/extracted/kadid10k/images/I50_02_01.png,I50.png,50,2,1,3.9,0.79,18.477373123168945,0.038521233999745164,0
I50_02_03.png,/kaggle/working/MDFS/data/KADID/extracted/kadid10k/images/I50_02_03.png,I50.png,50,2,3,1.8,0.6,26.586578369140625,0.03831483399972058,0
I50_02_05.png,/kaggle/working/MDFS/data/KADID/extracted/kadid10k/images/I50_02_05.png,I50.png,50,2,5,1.17,0.373,33.2924919128418,0.038548753000213765,0
I50_03_02.png,/kaggle/working/MDFS/data/KADID/extracted/kadid10k/images/I50_03_02.png,I50.png,50,3,2,3.8,0.792,17.918792724609375,0.039901067000755575,0
I50_03_04.png,/kaggle/working/MDFS/data/KADID/extracted/kadid10k/images/I50_03_04.png,I50.png,50,3,4,2.2,0.748,22.198139190673828,0.03840899500028172,0
I50_04_01.png,/kaggle/working/MDFS/data/KADID/extracted/kadid10k/images/I50_04_01.png,I50.png,50,4,1,4.52,0.615,17.885774612426758,0.03749849399991945,0
I50_04_03.png,/kaggle/working/MDFS/data/KADID/extracted/kadid10k/images/I50_04_03.png,I50.png,50,4,3,1.93,0.892,19.90801239013672,0.03730676199938898,0
I50_04_05.png,/kaggle/working/MDFS/data/KADID/extracted/kadid10k/images/I50_04_05.png,I50.png,50,4,5,1.47,0.718,21.332664489746094,0.036518367000098806,0
I50_05_02.png,/kaggle/working/MDFS/data/KADID/extracted/kadid10k/images/I50_05_02.png,I50.png,50,5,2,2.1,0.79,17.940340042114258,0.03693023300002096,0
I50_05_04.png,/kaggle/working/MDFS/data/KADID/extracted/kadid10k/images/I50_05_04.png,I50.png,50,5,4,1.47,0.499,17.716964721679688,0.03734933899977477,0
I50_06_01.png,/kaggle/working/MDFS/data/KADID/extracted/kadid10k/images/I50_06_01.png,I50.png,50,6,1,3.7,0.737,19.746089935302734,0.03655523599991284,0
I50_06_03.png,/kaggle/working/MDFS/data/KADID/extracted/kadid10k/images/I50_06_03.png,I50.png,50,6,3,3.43,0.989,20.80348777770996,0.035759649999818066,0
I50_06_05.png,/kaggle/working/MDFS/data/KADID/extracted/kadid10k/images/I50_06_05.png,I50.png,50,6,5,2.67,1.164,22.411794662475586,0.03353558799972234,0
I50_07_02.png,/kaggle/working/MDFS/data/KADID/extracted/kadid10k/images/I50_07_02.png,I50.png,50,7,2,2.27,0.892,18.296781539916992,0.0366170309998779,0
I50_07_04.png,/kaggle/working/MDFS/data/KADID/extracted/kadid10k/images/I50_07_04.png,I50.png,50,7,4,2.2,0.98,22.200700759887695,0.036035368000739254,0
I50_08_01.png,/kaggle/working/MDFS/data/KADID/extracted/kadid10k/images/I50_08_01.png,I50.png,50,8,1,4.47,0.67,17.196271896362305,0.038618002000475826,0
I50_08_03.png,/kaggle/working/MDFS/data/KADID/extracted/kadid10k/images/I50_08_03.png,I50.png,50,8,3,2.63,1.08,18.958980560302734,0.03738482100015972,0
I50_08_05.png,/kaggle/working/MDFS/data/KADID/extracted/kadid10k/images/I50_08_05.png,I50.png,50,8,5,1.27,0.442,23.279273986816406,0.03692476800006261,0
I50_09_02.png,/kaggle/working/MDFS/data/KADID/extracted/kadid10k/images/I50_09_02.png,I50.png,50,9,2,4.3,0.737,20.02634048461914,0.03790231799939647,0
I50_09_04.png,/kaggle/working/MDFS/data/KADID/extracted/kadid10k/images/I50_09_04.png,I50.png,50,9,4,2.63,0.983,27.3420467376709,0.037676588999602245,0
I50_10_01.png,/kaggle/working/MDFS/data/KADID/extracted/kadid10k/images/I50_10_01.png,I50.png,50,10,1,4.17,0.582,18.788021087646484,0.037686727999243885,0
I50_10_03.png,/kaggle/working/MDFS/data/KADID/extracted/kadid10k/images/I50_10_03.png,I50.png,50,10,3,4.03,0.795,20.33449935913086,0.037630865999744856,0
I50_10_05.png,/kaggle/working/MDFS/data/KADID/extracted/kadid10k/images/I50_10_05.png,I50.png,50,10,5,1.1,0.3,32.46481704711914,0.03620452599989221,0
I50_11_02.png,/kaggle/working/MDFS/data/KADID/extracted/kadid10k/images/I50_11_02.png,I50.png,50,11,2,3.43,0.883,20.619571685791016,0.03787881600055698,0
I50_11_04.png,/kaggle/working/MDFS/data/KADID/extracted/kadid10k/images/I50_11_04.png,I50.png,50,11,4,2.53,0.806,23.42649269104004,0.03718272500009334,0
I50_12_01.png,/kaggle/working/MDFS/data/KADID/extracted/kadid10k/images/I50_12_01.png,I50.png,50,12,1,4.4,0.712,18.080068588256836,0.036338793999675545,0
I50_12_03.png,/kaggle/working/MDFS/data/KADID/extracted/kadid10k/images/I50_12_03.png,I50.png,50,12,3,3.27,0.929,21.109174728393555,0.03608646199973009,0
I50_12_05.png,/kaggle/working/MDFS/data/KADID/extracted/kadid10k/images/I50_12_05.png,I50.png,50,12,5,2.2,0.792,25.280731201171875,0.03804363099970942,0
I50_13_02.png,/kaggle/working/MDFS/data/KADID/extracted/kadid10k/images/I50_13_02.png,I50.png,50,13,2,2.93,1.031,18.52461051940918,0.03847130800022569,0
I50_13_04.png,/kaggle/working/MDFS/data/KADID/extracted/kadid10k/images/I50_13_04.png,I50.png,50,13,4,2.07,0.68,21.709863662719727,0.03904323200004001,0
I50_14_01.png,/kaggle/working/MDFS/data/KADID/extracted/kadid10k/images/I50_14_01.png,I50.png,50,14,1,4.07,0.854,18.01750946044922,0.037860899999941466,0
I50_14_03.png,/kaggle/working/MDFS/data/KADID/extracted/kadid10k/images/I50_14_03.png,I50.png,50,14,3,2.67,0.699,21.08062171936035,0.03642135599966423,0
I50_14_05.png,/kaggle/working/MDFS/data/KADID/extracted/kadid10k/images/I50_14_05.png,I50.png,50,14,5,1.9,0.651,25.46756362915039,0.03671179499997379,0
I50_15_02.png,/kaggle/working/MDFS/data/KADID/extracted/kadid10k/images/I50_15_02.png,I50.png,50,15,2,2.77,0.989,20.980209350585938,0.038246291000177735,0
I50_15_04.png,/kaggle/working/MDFS/data/KADID/extracted/kadid10k/images/I50_15_04.png,I50.png,50,15,4,1.8,0.833,23.198753356933594,0.03651824000007764,0
I50_16_01.png,/kaggle/working/MDFS/data/KADID/extracted/kadid10k/images/I50_16_01.png,I50.png,50,16,1,4.47,0.806,17.170719146728516,0.037338404999900376,0
I50_16_03.png,/kaggle/working/MDFS/data/KADID/extracted/kadid10k/images/I50_16_03.png,I50.png,50,16,3,3.3,0.936,17.338045120239258,0.0379962950000845,0
I50_16_05.png,/kaggle/working/MDFS/data/KADID/extracted/kadid10k/images/I50_16_05.png,I50.png,50,16,5,1.5,0.619,21.071247100830078,0.03717435700036731,0
I50_17_02.png,/kaggle/working/MDFS/data/KADID/extracted/kadid10k/images/I50_17_02.png,I50.png,50,17,2,4.2,0.542,17.206287384033203,0.037284973000168975,0
I50_17_04.png,/kaggle/working/MDFS/data/KADID/extracted/kadid10k/images/I50_17_04.png,I50.png,50,17,4,3.63,0.836,17.276180267333984,0.03681307599981665,0
I50_18_01.png,/kaggle/working/MDFS/data/KADID/extracted/kadid10k/images/I50_18_01.png,I50.png,50,18,1,4.27,0.573,17.480581283569336,0.036538940999889746,0
I50_18_03.png,/kaggle/working/MDFS/data/KADID/extracted/kadid10k/images/I50_18_03.png,I50.png,50,18,3,4.57,0.716,17.196271896362305,0.03703147800024453,0
I50_18_05.png,/kaggle/working/MDFS/data/KADID/extracted/kadid10k/images/I50_18_05.png,I50.png,50,18,5,3.67,0.978,17.75684356689453,0.03779964699970151,0
I50_19_02.png,/kaggle/working/MDFS/data/KADID/extracted/kadid10k/images/I50_19_02.png,I50.png,50,19,2,4.37,0.706,17.042146682739258,0.037981423000019277,0
I50_19_04.png,/kaggle/working/MDFS/data/KADID/extracted/kadid10k/images/I50_19_04.png,I50.png,50,19,4,2.27,0.772,19.001846313476562,0.03648511299979873,0
I50_20_01.png,/kaggle/working/MDFS/data/KADID/extracted/kadid10k/images/I50_20_01.png,I50.png,50,20,1,3.87,0.763,17.25810432434082,0.0364806250008769,0
I50_20_03.png,/kaggle/working/MDFS/data/KADID/extracted/kadid10k/images/I50_20_03.png,I50.png,50,20,3,3.33,1.164,17.106182098388672,0.03571636699962255,0
I50_20_05.png,/kaggle/working/MDFS/data/KADID/extracted/kadid10k/images/I50_20_05.png,I50.png,50,20,5,2.17,1.157,17.269262313842773,0.03705727300075523,0
I50_21_02.png,/kaggle/working/MDFS/data/KADID/extracted/kadid10k/images/I50_21_02.png,I50.png,50,21,2,3.47,1.231,17.105449676513672,0.03722458199990797,0
I50_21_04.png,/kaggle/working/MDFS/data/KADID/extracted/kadid10k/images/I50_21_04.png,I50.png,50,21,4,3.03,0.983,17.99633026123047,0.03589177300000301,0
I50_22_01.png,/kaggle/working/MDFS/data/KADID/extracted/kadid10k/images/I50_22_01.png,I50.png,50,22,1,3.87,1.056,17.474870681762695,0.03617454999948677,0
I50_22_03.png,/kaggle/working/MDFS/data/KADID/extracted/kadid10k/images/I50_22_03.png,I50.png,50,22,3,3.83,0.778,17.715333938598633,0.03536320999955933,0
I50_22_05.png,/kaggle/working/MDFS/data/KADID/extracted/kadid10k/images/I50_22_05.png,I50.png,50,22,5,2.73,1.123,18.35326385498047,0.034995922000234714,0
I50_23_02.png,/kaggle/working/MDFS/data/KADID/extracted/kadid10k/images/I50_23_02.png,I50.png,50,23,2,2.23,0.667,17.24505043029785,0.03798607099997753,0
I50_23_04.png,/kaggle/working/MDFS/data/KADID/extracted/kadid10k/images/I50_23_04.png,I50.png,50,23,4,1.53,0.806,17.284730911254883,0.03738362500007497,0
I50_24_01.png,/kaggle/working/MDFS/data/KADID/extracted/kadid10k/images/I50_24_01.png,I50.png,50,24,1,3.33,0.83,18.4362850189209,0.037107596000168996,0
I50_24_03.png,/kaggle/working/MDFS/data/KADID/extracted/kadid10k/images/I50_24_03.png,I50.png,50,24,3,2.16,0.677,20.859329223632812,0.03741793700010021,0
I50_24_05.png,/kaggle/working/MDFS/data/KADID/extracted/kadid10k/images/I50_24_05.png,I50.png,50,24,5,1.23,0.423,25.4179630279541,0.03515349099961895,0
I50_25_02.png,/kaggle/working/MDFS/data/KADID/extracted/kadid10k/images/I50_25_02.png,I50.png,50,25,2,3.6,0.712,17.828758239746094,0.03722242000003462,0
I50_25_04.png,/kaggle/working/MDFS/data/KADID/extracted/kadid10k/images/I50_25_04.png,I50.png,50,25,4,4.33,0.699,17.054128646850586,0.03797629800010327,0
I51_01_01.png,/kaggle/working/MDFS/data/KADID/extracted/kadid10k/images/I51_01_01.png,I51.png,51,1,1,4.53,0.499,17.384719848632812,0.03853616299966234,0
I51_01_03.png,/kaggle/working/MDFS/data/KADID/extracted/kadid10k/images/I51_01_03.png,I51.png,51,1,3,2.5,0.806,20.06644058227539,0.0378482249998342,0
I51_01_05.png,/kaggle/working/MDFS/data/KADID/extracted/kadid10k/images/I51_01_05.png,I51.png,51,1,5,1.33,0.537,37.49911880493164,0.03655106499991234,0
I51_02_02.png,/kaggle/working/MDFS/data/KADID/extracted/kadid10k/images/I51_02_02.png,I51.png,51,2,2,2.48,0.713,21.43088722229004,0.03733647300032317,0
I51_02_04.png,/kaggle/working/MDFS/data/KADID/extracted/kadid10k/images/I51_02_04.png,I51.png,51,2,4,1.37,0.657,27.66167449951172,0.037266153000018676,0
I51_03_01.png,/kaggle/working/MDFS/data/KADID/extracted/kadid10k/images/I51_03_01.png,I51.png,51,3,1,4.77,0.423,17.384719848632812,0.037614625999594864,0
I51_03_03.png,/kaggle/working/MDFS/data/KADID/extracted/kadid10k/images/I51_03_03.png,I51.png,51,3,3,1.93,0.629,19.763031005859375,0.038156738999532536,0
I51_03_05.png,/kaggle/working/MDFS/data/KADID/extracted/kadid10k/images/I51_03_05.png,I51.png,51,3,5,1.23,0.418,21.842727661132812,0.03849500399974204,0
I51_04_02.png,/kaggle/working/MDFS/data/KADID/extracted/kadid10k/images/I51_04_02.png,I51.png,51,4,2,2.97,1.11,18.831092834472656,0.0378694130004078,0
I51_04_04.png,/kaggle/working/MDFS/data/KADID/extracted/kadid10k/images/I51_04_04.png,I51.png,51,4,4,1.4,0.554,19.878639221191406,0.03739868699994986,0
I51_05_01.png,/kaggle/working/MDFS/data/KADID/extracted/kadid10k/images/I51_05_01.png,I51.png,51,5,1,3.87,0.562,17.960851669311523,0.03831945700039796,0
I51_05_03.png,/kaggle/working/MDFS/data/KADID/extracted/kadid10k/images/I51_05_03.png,I51.png,51,5,3,1.53,0.562,18.106857299804688,0.03794293600003584,0
I51_05_05.png,/kaggle/working/MDFS/data/KADID/extracted/kadid10k/images/I51_05_05.png,I51.png,51,5,5,1.77,0.667,17.81858253479004,0.03806288400028279,0
I51_06_02.png,/kaggle/working/MDFS/data/KADID/extracted/kadid10k/images/I51_06_02.png,I51.png,51,6,2,3.9,0.79,19.230850219726562,0.036171171000205504,0
I51_06_04.png,/kaggle/working/MDFS/data/KADID/extracted/kadid10k/images/I51_06_04.png,I51.png,51,6,4,3.3,0.862,21.307861328125,0.03629033100060042,0
I51_07_01.png,/kaggle/working/MDFS/data/KADID/extracted/kadid10k/images/I51_07_01.png,I51.png,51,7,1,2.87,0.846,19.062314987182617,0.03901905600014288,0
I51_07_03.png,/kaggle/working/MDFS/data/KADID/extracted/kadid10k/images/I51_07_03.png,I51.png,51,7,3,2.3,1.038,19.487810134887695,0.03784770699985529,0
I51_07_05.png,/kaggle/working/MDFS/data/KADID/extracted/kadid10k/images/I51_07_05.png,I51.png,51,7,5,2.03,0.948,19.372480392456055,0.038456675000816176,0
I51_08_02.png,/kaggle/working/MDFS/data/KADID/extracted/kadid10k/images/I51_08_02.png,I51.png,51,8,2,3.3,0.936,18.0264949798584,0.0382468580000932,0
I51_08_04.png,/kaggle/working/MDFS/data/KADID/extracted/kadid10k/images/I51_08_04.png,I51.png,51,8,4,2.07,0.854,19.315608978271484,0.037283317999936116,0
I51_09_01.png,/kaggle/working/MDFS/data/KADID/extracted/kadid10k/images/I51_09_01.png,I51.png,51,9,1,4.8,0.4,17.57252311706543,0.03810516099929373,0
I51_09_03.png,/kaggle/working/MDFS/data/KADID/extracted/kadid10k/images/I51_09_03.png,I51.png,51,9,3,3.77,0.883,21.10088539123535,0.03878437000003032,0
I51_09_05.png,/kaggle/working/MDFS/data/KADID/extracted/kadid10k/images/I51_09_05.png,I51.png,51,9,5,1.37,0.482,34.740386962890625,0.03889450300084718,0
I51_10_02.png,/kaggle/working/MDFS/data/KADID/extracted/kadid10k/images/I51_10_02.png,I51.png,51,10,2,4.13,0.67,18.758365631103516,0.03837695400034136,0
I51_10_04.png,/kaggle/working/MDFS/data/KADID/extracted/kadid10k/images/I51_10_04.png,I51.png,51,10,4,1.7,0.69,25.343549728393555,0.037938587999633455,0
I51_11_01.png,/kaggle/working/MDFS/data/KADID/extracted/kadid10k/images/I51_11_01.png,I51.png,51,11,1,3.6,0.879,19.41237449645996,0.038238938999711536,0
I51_11_03.png,/kaggle/working/MDFS/data/KADID/extracted/kadid10k/images/I51_11_03.png,I51.png,51,11,3,3.03,0.875,21.493505477905273,0.03722689299956983,0
I51_11_05.png,/kaggle/working/MDFS/data/KADID/extracted/kadid10k/images/I51_11_05.png,I51.png,51,11,5,2.23,0.667,25.494565963745117,0.03715661000023829,0
I51_12_02.png,/kaggle/working/MDFS/data/KADID/extracted/kadid10k/images/I51_12_02.png,I51.png,51,12,2,3.3,0.781,19.70737648010254,0.03659431600044627,0
I51_12_04.png,/kaggle/working/MDFS/data/KADID/extracted/kadid10k/images/I51_12_04.png,I51.png,51,12,4,2.4,0.611,23.205854415893555,0.03632517900041421,0
I51_13_01.png,/kaggle/working/MDFS/data/KADID/extracted/kadid10k/images/I51_13_01.png,I51.png,51,13,1,3.73,0.964,17.309263229370117,0.038095185999736714,0
I51_13_03.png,/kaggle/working/MDFS/data/KADID/extracted/kadid10k/images/I51_13_03.png,I51.png,51,13,3,2.3,0.64,19.45170021057129,0.03872421799951553,0
I51_13_05.png,/kaggle/working/MDFS/data/KADID/extracted/kadid10k/images/I51_13_05.png,I51.png,51,13,5,2.2,0.702,24.357206344604492,0.0384442910008147,0
I51_14_02.png,/kaggle/working/MDFS/data/KADID/extracted/kadid10k/images/I51_14_02.png,I51.png,51,14,2,3.0,0.894,18.642364501953125,0.03692714099997829,0
I51_14_04.png,/kaggle/working/MDFS/data/KADID/extracted/kadid10k/images/I51_14_04.png,I51.png,51,14,4,2.63,0.657,20.810134887695312,0.03614701700007572,0
I51_15_01.png,/kaggle/working/MDFS/data/KADID/extracted/kadid10k/images/I51_15_01.png,I51.png,51,15,1,3.97,0.657,19.023387908935547,0.03917100800026674,0
I51_15_03.png,/kaggle/working/MDFS/data/KADID/extracted/kadid10k/images/I51_15_03.png,I51.png,51,15,3,2.2,0.542,21.80098533630371,0.0383298279994051,0
I51_15_05.png,/kaggle/working/MDFS/data/KADID/extracted/kadid10k/images/I51_15_05.png,I51.png,51,15,5,1.33,0.537,24.993783950805664,0.03653308499997365,0
I51_16_02.png,/kaggle/working/MDFS/data/KADID/extracted/kadid10k/images/I51_16_02.png,I51.png,51,16,2,4.27,0.854,17.357280731201172,0.03848675499921228,0
I51_16_04.png,/kaggle/working/MDFS/data/KADID/extracted/kadid10k/images/I51_16_04.png,I51.png,51,16,4,2.73,0.892,18.671585083007812,0.038716959999874234,0
I51_17_01.png,/kaggle/working/MDFS/data/KADID/extracted/kadid10k/images/I51_17_01.png,I51.png,51,17,1,4.63,0.482,17.394346237182617,0.03902452900001663,0
I51_17_03.png,/kaggle/working/MDFS/data/KADID/extracted/kadid10k/images/I51_17_03.png,I51.png,51,17,3,4.37,0.482,17.434982299804688,0.03930778399990231,0
I51_17_05.png,/kaggle/working/MDFS/data/KADID/extracted/kadid10k/images/I51_17_05.png,I51.png,51,17,5,2.07,0.892,19.168296813964844,0.03858661899994331,0
I51_18_02.png,/kaggle/working/MDFS/data/KADID/extracted/kadid10k/images/I51_18_02.png,I51.png,51,18,2,4.45,0.664,17.499000549316406,0.03870228699997824,0
I51_18_04.png,/kaggle/working/MDFS/data/KADID/extracted/kadid10k/images/I51_18_04.png,I51.png,51,18,4,4.48,0.561,17.489154815673828,0.03883775099984632,0
I51_19_01.png,/kaggle/working/MDFS/data/KADID/extracted/kadid10k/images/I51_19_01.png,I51.png,51,19,1,4.43,0.559,17.121990203857422,0.03808970599948225,0
I51_19_03.png,/kaggle/working/MDFS/data/KADID/extracted/kadid10k/images/I51_19_03.png,I51.png,51,19,3,2.93,0.854,17.495203018188477,0.03664561299956404,0
I51_19_05.png,/kaggle/working/MDFS/data/KADID/extracted/kadid10k/images/I51_19_05.png,I51.png,51,19,5,1.37,0.482,21.70880126953125,0.03570757500074251,0
I51_20_02.png,/kaggle/working/MDFS/data/KADID/extracted/kadid10k/images/I51_20_02.png,I51.png,51,20,2,3.83,1.157,17.29440689086914,0.03867912300029275,0
I51_20_04.png,/kaggle/working/MDFS/data/KADID/extracted/kadid10k/images/I51_20_04.png,I51.png,51,20,4,3.67,1.075,17.186161041259766,0.039256418999684684,0
I51_21_01.png,/kaggle/working/MDFS/data/KADID/extracted/kadid10k/images/I51_21_01.png,I51.png,51,21,1,4.0,1.095,16.950105667114258,0.04014636100055213,0
I51_21_03.png,/kaggle/working/MDFS/data/KADID/extracted/kadid10k/images/I51_21_03.png,I51.png,51,21,3,2.47,0.67,17.28064727783203,0.03828604000045743,0
I51_21_05.png,/kaggle/working/MDFS/data/KADID/extracted/kadid10k/images/I51_21_05.png,I51.png,51,21,5,1.23,0.423,25.70461654663086,0.0348506370000905,0
I51_22_02.png,/kaggle/working/MDFS/data/KADID/extracted/kadid10k/images/I51_22_02.png,I51.png,51,22,2,3.53,0.921,17.753589630126953,0.03738785499990627,0
I51_22_04.png,/kaggle/working/MDFS/data/KADID/extracted/kadid10k/images/I51_22_04.png,I51.png,51,22,4,3.03,1.048,18.114036560058594,0.03747285100052977,0
I51_23_01.png,/kaggle/working/MDFS/data/KADID/extracted/kadid10k/images/I51_23_01.png,I51.png,51,23,1,2.53,0.921,17.353500366210938,0.03822232200036524,0
I51_23_03.png,/kaggle/working/MDFS/data/KADID/extracted/kadid10k/images/I51_23_03.png,I51.png,51,23,3,2.53,0.921,17.40573501586914,0.03728721700008464,0
I51_23_05.png,/kaggle/working/MDFS/data/KADID/extracted/kadid10k/images/I51_23_05.png,I51.png,51,23,5,2.07,0.892,17.284259796142578,0.03844185099933384,0
I51_24_02.png,/kaggle/working/MDFS/data/KADID/extracted/kadid10k/images/I51_24_02.png,I51.png,51,24,2,2.17,0.82,19.90506362915039,0.03935537200050021,0
I51_24_04.png,/kaggle/working/MDFS/data/KADID/extracted/kadid10k/images/I51_24_04.png,I51.png,51,24,4,1.43,0.761,23.20487403869629,0.038771021000684414,0
I51_25_01.png,/kaggle/working/MDFS/data/KADID/extracted/kadid10k/images/I51_25_01.png,I51.png,51,25,1,3.67,0.869,18.286407470703125,0.0393535189996328,0
I51_25_03.png,/kaggle/working/MDFS/data/KADID/extracted/kadid10k/images/I51_25_03.png,I51.png,51,25,3,4.5,0.5,17.510643005371094,0.03840291000051366,0
I51_25_05.png,/kaggle/working/MDFS/data/KADID/extracted/kadid10k/images/I51_25_05.png,I51.png,51,25,5,3.57,0.803,17.11465835571289,0.038078536999819335,0
I52_01_02.png,/kaggle/working/MDFS/data/KADID/extracted/kadid10k/images/I52_01_02.png,I52.png,52,1,2,4.47,0.67,18.685863494873047,0.037770984999951907,0
I52_01_04.png,/kaggle/working/MDFS/data/KADID/extracted/kadid10k/images/I52_01_04.png,I52.png,52,1,4,1.87,0.618,27.143800735473633,0.03814603399951011,0
I52_02_01.png,/kaggle/working/MDFS/data/KADID/extracted/kadid10k/images/I52_02_01.png,I52.png,52,2,1,4.07,0.68,19.265071868896484,0.03757270400001289,0
I52_02_03.png,/kaggle/working/MDFS/data/KADID/extracted/kadid10k/images/I52_02_03.png,I52.png,52,2,3,1.8,0.6,24.248456954956055,0.03682527700038918,0
I52_02_05.png,/kaggle/working/MDFS/data/KADID/extracted/kadid10k/images/I52_02_05.png,I52.png,52,2,5,1.26,0.438,30.721710205078125,0.03820668500065949,0
I52_03_02.png,/kaggle/working/MDFS/data/KADID/extracted/kadid10k/images/I52_03_02.png,I52.png,52,3,2,4.2,0.748,19.892662048339844,0.03913993000060145,0
I52_03_04.png,/kaggle/working/MDFS/data/KADID/extracted/kadid10k/images/I52_03_04.png,I52.png,52,3,4,1.77,0.667,20.99631118774414,0.038747183999475965,0
I52_04_01.png,/kaggle/working/MDFS/data/KADID/extracted/kadid10k/images/I52_04_01.png,I52.png,52,4,1,4.33,0.65,19.291275024414062,0.03879715000039141,0
I52_04_03.png,/kaggle/working/MDFS/data/KADID/extracted/kadid10k/images/I52_04_03.png,I52.png,52,4,3,1.93,0.814,21.414684295654297,0.038240817999394494,0
I52_04_05.png,/kaggle/working/MDFS/data/KADID/extracted/kadid10k/images/I52_04_05.png,I52.png,52,4,5,1.37,0.547,22.7027587890625,0.036519584999950894,0
I52_05_02.png,/kaggle/working/MDFS/data/KADID/extracted/kadid10k/images/I52_05_02.png,I52.png,52,5,2,2.83,0.934,20.240982055664062,0.03902201300024899,0
I52_05_04.png,/kaggle/working/MDFS/data/KADID/extracted/kadid10k/images/I52_05_04.png,I52.png,52,5,4,2.53,0.884,19.556066513061523,0.03871833500033972,0
I52_06_01.png,/kaggle/working/MDFS/data/KADID/extracted/kadid10k/images/I52_06_01.png,I52.png,52,6,1,4.23,0.667,20.62384796142578,0.0349134399994,0
I52_06_03.png,/kaggle/working/MDFS/data/KADID/extracted/kadid10k/images/I52_06_03.png,I52.png,52,6,3,3.9,0.907,21.037654876708984,0.03533997999966232,0
I52_06_05.png,/kaggle/working/MDFS/data/KADID/extracted/kadid10k/images/I52_06_05.png,I52.png,52,6,5,2.53,0.763,23.621936798095703,0.03408038299949112,0
I52_07_02.png,/kaggle/working/MDFS/data/KADID/extracted/kadid10k/images/I52_07_02.png,I52.png,52,7,2,2.2,1.046,21.0786075592041,0.03696821399989858,0
I52_07_04.png,/kaggle/working/MDFS/data/KADID/extracted/kadid10k/images/I52_07_04.png,I52.png,52,7,4,2.0,1.033,23.617223739624023,0.03547238900046068,0
I52_08_01.png,/kaggle/working/MDFS/data/KADID/extracted/kadid10k/images/I52_08_01.png,I52.png,52,8,1,4.7,0.458,19.405616760253906,0.038063907999458024,0
I52_08_03.png,/kaggle/working/MDFS/data/KADID/extracted/kadid10k/images/I52_08_03.png,I52.png,52,8,3,3.73,0.892,21.61956024169922,0.037815406999470724,0
I52_08_05.png,/kaggle/working/MDFS/data/KADID/extracted/kadid10k/images/I52_08_05.png,I52.png,52,8,5,1.9,0.907,25.186708450317383,0.03903764999995474,0
I52_09_02.png,/kaggle/working/MDFS/data/KADID/extracted/kadid10k/images/I52_09_02.png,I52.png,52,9,2,3.5,0.885,21.839529037475586,0.040215160999650834,0
I52_09_04.png,/kaggle/working/MDFS/data/KADID/extracted/kadid10k/images/I52_09_04.png,I52.png,52,9,4,1.5,0.563,28.605745315551758,0.03761253999982728,0
I52_10_01.png,/kaggle/working/MDFS/data/KADID/extracted/kadid10k/images/I52_10_01.png,I52.png,52,10,1,3.93,0.629,20.283872604370117,0.037198232999799075,0
I52_10_03.png,/kaggle/working/MDFS/data/KADID/extracted/kadid10k/images/I52_10_03.png,I52.png,52,10,3,3.37,0.836,21.0920352935791,0.03762045100029354,0
I52_10_05.png,/kaggle/working/MDFS/data/KADID/extracted/kadid10k/images/I52_10_05.png,I52.png,52,10,5,1.2,0.4,29.064674377441406,0.03543501900003321,0
I52_11_02.png,/kaggle/working/MDFS/data/KADID/extracted/kadid10k/images/I52_11_02.png,I52.png,52,11,2,3.1,0.831,21.533918380737305,0.05116274899955897,0
I52_11_04.png,/kaggle/working/MDFS/data/KADID/extracted/kadid10k/images/I52_11_04.png,I52.png,52,11,4,2.43,0.616,23.47037696838379,0.048115171999597806,0
I52_12_01.png,/kaggle/working/MDFS/data/KADID/extracted/kadid10k/images/I52_12_01.png,I52.png,52,12,1,4.5,0.563,20.195295333862305,0.03561478899973736,0
I52_12_03.png,/kaggle/working/MDFS/data/KADID/extracted/kadid10k/images/I52_12_03.png,I52.png,52,12,3,2.8,0.653,21.800682067871094,0.03653913200014358,0
I52_12_05.png,/kaggle/working/MDFS/data/KADID/extracted/kadid10k/images/I52_12_05.png,I52.png,52,12,5,2.42,0.661,24.438039779663086,0.036546196999552194,0
I52_13_02.png,/kaggle/working/MDFS/data/KADID/extracted/kadid10k/images/I52_13_02.png,I52.png,52,13,2,2.77,0.803,22.151657104492188,0.037612203000207955,0
I52_13_04.png,/kaggle/working/MDFS/data/KADID/extracted/kadid10k/images/I52_13_04.png,I52.png,52,13,4,2.17,0.637,22.371196746826172,0.035781882999799564,0
I52_14_01.png,/kaggle/working/MDFS/data/KADID/extracted/kadid10k/images/I52_14_01.png,I52.png,52,14,1,4.33,0.537,20.18893814086914,0.03789101300026232,0
I52_14_03.png,/kaggle/working/MDFS/data/KADID/extracted/kadid10k/images/I52_14_03.png,I52.png,52,14,3,2.8,0.702,21.107229232788086,0.03749338699981308,0
I52_14_05.png,/kaggle/working/MDFS/data/KADID/extracted/kadid10k/images/I52_14_05.png,I52.png,52,14,5,2.27,0.772,23.872928619384766,0.03746328899978835,0
I52_15_02.png,/kaggle/working/MDFS/data/KADID/extracted/kadid10k/images/I52_15_02.png,I52.png,52,15,2,2.67,0.943,21.616561889648438,0.039855883000200265,0
I52_15_04.png,/kaggle/working/MDFS/data/KADID/extracted/kadid10k/images/I52_15_04.png,I52.png,52,15,4,1.4,0.611,23.59676742553711,0.03734134400019684,0
I52_16_01.png,/kaggle/working/MDFS/data/KADID/extracted/kadid10k/images/I52_16_01.png,I52.png,52,16,1,4.67,0.471,19.453716278076172,0.03877482099960616,0
I52_16_03.png,/kaggle/working/MDFS/data/KADID/extracted/kadid10k/images/I52_16_03.png,I52.png,52,16,3,3.87,0.618,19.581695556640625,0.038287266999759595,0
I52_16_05.png,/kaggle/working/MDFS/data/KADID/extracted/kadid10k/images/I52_16_05.png,I52.png,52,16,5,1.7,0.781,22.11104965209961,0.03696168399983435,0
I52_17_02.png,/kaggle/working/MDFS/data/KADID/extracted/kadid10k/images/I52_17_02.png,I52.png,52,17,2,4.7,0.458,19.383438110351562,0.037579185999675246,0
I52_17_04.png,/kaggle/working/MDFS/data/KADID/extracted/kadid10k/images/I52_17_04.png,I52.png,52,17,4,3.57,0.803,19.455310821533203,0.03887266099991393,0
I52_18_01.png,/kaggle/working/MDFS/data/KADID/extracted/kadid10k/images/I52_18_01.png,I52.png,52,18,1,4.63,0.482,19.709095001220703,0.04000348899990058,0
I52_18_03.png,/kaggle/working/MDFS/data/KADID/extracted/kadid10k/images/I52_18_03.png,I52.png,52,18,3,4.6,0.49,19.405616760253906,0.039896588999909,0
I52_18_05.png,/kaggle/working/MDFS/data/KADID/extracted/kadid10k/images/I52_18_05.png,I52.png,52,18,5,4.23,0.716,19.94820785522461,0.039791988000615675,0
I52_19_02.png,/kaggle/working/MDFS/data/KADID/extracted/kadid10k/images/I52_19_02.png,I52.png,52,19,2,4.33,0.699,19.066686630249023,0.039834086000155366,0
I52_19_04.png,/kaggle/working/MDFS/data/KADID/extracted/kadid10k/images/I52_19_04.png,I52.png,52,19,4,1.53,0.618,20.88414764404297,0.03812996899978316,0
I52_20_01.png,/kaggle/working/MDFS/data/KADID/extracted/kadid10k/images/I52_20_01.png,I52.png,52,20,1,4.53,0.499,19.297243118286133,0.03859366399956343,0
I52_20_03.png,/kaggle/working/MDFS/data/KADID/extracted/kadid10k/images/I52_20_03.png,I52.png,52,20,3,3.43,1.383,19.22003936767578,0.038235566000366816,0
I52_20_05.png,/kaggle/working/MDFS/data/KADID/extracted/kadid10k/images/I52_20_05.png,I52.png,52,20,5,2.9,1.593,19.188491821289062,0.038279762000456685,0
I52_21_02.png,/kaggle/working/MDFS/data/KADID/extracted/kadid10k/images/I52_21_02.png,I52.png,52,21,2,2.93,0.964,19.111892700195312,0.037939842999549,0
I52_21_04.png,/kaggle/working/MDFS/data/KADID/extracted/kadid10k/images/I52_21_04.png,I52.png,52,21,4,2.3,0.526,20.271242141723633,0.03593923299922608,0
I52_22_01.png,/kaggle/working/MDFS/data/KADID/extracted/kadid10k/images/I52_22_01.png,I52.png,52,22,1,4.23,0.803,19.505884170532227,0.03729571199983184,0
I52_22_03.png,/kaggle/working/MDFS/data/KADID/extracted/kadid10k/images/I52_22_03.png,I52.png,52,22,3,3.23,0.844,19.38857650756836,0.0375498109997352,0
I52_22_05.png,/kaggle/working/MDFS/data/KADID/extracted/kadid10k/images/I52_22_05.png,I52.png,52,22,5,2.67,0.699,20.422809600830078,0.03704211800049961,0
I52_23_02.png,/kaggle/working/MDFS/data/KADID/extracted/kadid10k/images/I52_23_02.png,I52.png,52,23,2,2.53,1.231,19.308500289916992,0.039382669000588066,0
I52_23_04.png,/kaggle/working/MDFS/data/KADID/extracted/kadid10k/images/I52_23_04.png,I52.png,52,23,4,1.93,0.964,19.383188247680664,0.03859819500030426,0
I52_24_01.png,/kaggle/working/MDFS/data/KADID/extracted/kadid10k/images/I52_24_01.png,I52.png,52,24,1,3.83,0.687,20.290822982788086,0.039434975999938615,0
I52_24_03.png,/kaggle/working/MDFS/data/KADID/extracted/kadid10k/images/I52_24_03.png,I52.png,52,24,3,2.1,0.651,22.493257522583008,0.03833368999949016,0
I52_24_05.png,/kaggle/working/MDFS/data/KADID/extracted/kadid10k/images/I52_24_05.png,I52.png,52,24,5,1.47,0.562,25.434431076049805,0.03706607599997369,0
I52_25_02.png,/kaggle/working/MDFS/data/KADID/extracted/kadid10k/images/I52_25_02.png,I52.png,52,25,2,4.3,0.862,19.97266960144043,0.03750035800021578,0
I52_25_04.png,/kaggle/working/MDFS/data/KADID/extracted/kadid10k/images/I52_25_04.png,I52.png,52,25,4,4.4,0.611,19.201093673706055,0.03809875800016016,0
I53_01_01.png,/kaggle/working/MDFS/data/KADID/extracted/kadid10k/images/I53_01_01.png,I53.png,53,1,1,4.7,0.458,17.78055191040039,0.03751278700019611,0
I53_01_03.png,/kaggle/working/MDFS/data/KADID/extracted/kadid10k/images/I53_01_03.png,I53.png,53,1,3,3.3,0.69,21.073436737060547,0.03815384600056859,0
I53_01_05.png,/kaggle/working/MDFS/data/KADID/extracted/kadid10k/images/I53_01_05.png,I53.png,53,1,5,1.27,0.442,38.06878662109375,0.037234450000141806,0
I53_02_02.png,/kaggle/working/MDFS/data/KADID/extracted/kadid10k/images/I53_02_02.png,I53.png,53,2,2,2.73,0.854,22.822874069213867,0.03685091100032878,0
I53_02_04.png,/kaggle/working/MDFS/data/KADID/extracted/kadid10k/images/I53_02_04.png,I53.png,53,2,4,1.47,0.67,31.37026023864746,0.03583406600046146,0
I53_03_01.png,/kaggle/working/MDFS/data/KADID/extracted/kadid10k/images/I53_03_01.png,I53.png,53,3,1,4.73,0.442,17.78055191040039,0.03586473100040166,0
I53_03_03.png,/kaggle/working/MDFS/data/KADID/extracted/kadid10k/images/I53_03_03.png,I53.png,53,3,3,3.4,0.879,20.40402603149414,0.03686934400047903,0
I53_03_05.png,/kaggle/working/MDFS/data/KADID/extracted/kadid10k/images/I53_03_05.png,I53.png,53,3,5,1.77,0.607,21.546676635742188,0.037637082999935956,0
I53_04_02.png,/kaggle/working/MDFS/data/KADID/extracted/kadid10k/images/I53_04_02.png,I53.png,53,4,2,2.3,1.038,18.879871368408203,0.03674651199980872,0
I53_04_04.png,/kaggle/working/MDFS/data/KADID/extracted/kadid10k/images/I53_04_04.png,I53.png,53,4,4,1.32,0.467,21.19525146484375,0.03539498299960542,0
I53_05_01.png,/kaggle/working/MDFS/data/KADID/extracted/kadid10k/images/I53_05_01.png,I53.png,53,5,1,4.13,0.846,18.387537002563477,0.036664322999968135,0
I53_05_03.png,/kaggle/working/MDFS/data/KADID/extracted/kadid10k/images/I53_05_03.png,I53.png,53,5,3,1.57,0.496,18.660017013549805,0.03727692000029492,0
I53_05_05.png,/kaggle/working/MDFS/data/KADID/extracted/kadid10k/images/I53_05_05.png,I53.png,53,5,5,1.5,0.5,18.397319793701172,0.03747479999947245,0
I53_06_02.png,/kaggle/working/MDFS/data/KADID/extracted/kadid10k/images/I53_06_02.png,I53.png,53,6,2,3.67,1.043,20.618131637573242,0.036067209000066214,0
I53_06_04.png,/kaggle/working/MDFS/data/KADID/extracted/kadid10k/images/I53_06_04.png,I53.png,53,6,4,2.87,0.718,22.618370056152344,0.034644240000488935,0
I53_07_01.png,/kaggle/working/MDFS/data/KADID/extracted/kadid10k/images/I53_07_01.png,I53.png,53,7,1,2.33,0.907,18.748077392578125,0.03654619200005982,0
I53_07_03.png,/kaggle/working/MDFS/data/KADID/extracted/kadid10k/images/I53_07_03.png,I53.png,53,7,3,2.57,1.257,19.794410705566406,0.03612698899996758,0
I53_07_05.png,/kaggle/working/MDFS/data/KADID/extracted/kadid10k/images/I53_07_05.png,I53.png,53,7,5,1.67,0.789,19.90036392211914,0.03757234900058393,0
I53_08_02.png,/kaggle/working/MDFS/data/KADID/extracted/kadid10k/images/I53_08_02.png,I53.png,53,8,2,3.43,0.92,18.728803634643555,0.037929939999230555,0
I53_08_04.png,/kaggle/working/MDFS/data/KADID/extracted/kadid10k/images/I53_08_04.png,I53.png,53,8,4,1.33,0.596,21.42643928527832,0.0367691579995153,0
I53_09_01.png,/kaggle/working/MDFS/data/KADID/extracted/kadid10k/images/I53_09_01.png,I53.png,53,9,1,4.53,0.562,17.952775955200195,0.036630414999308414,0
I53_09_03.png,/kaggle/working/MDFS/data/KADID/extracted/kadid10k/images/I53_09_03.png,I53.png,53,9,3,4.6,0.49,18.583078384399414,0.03590918200006854,0
I53_09_05.png,/kaggle/working/MDFS/data/KADID/extracted/kadid10k/images/I53_09_05.png,I53.png,53,9,5,1.73,0.629,30.699562072753906,0.03673491299923626,0
I53_10_02.png,/kaggle/working/MDFS/data/KADID/extracted/kadid10k/images/I53_10_02.png,I53.png,53,10,2,4.53,0.718,19.271406173706055,0.036667711000518466,0
I53_10_04.png,/kaggle/working/MDFS/data/KADID/extracted/kadid10k/images/I53_10_04.png,I53.png,53,10,4,1.83,0.778,25.684715270996094,0.03515421599968249,0
I53_11_01.png,/kaggle/working/MDFS/data/KADID/extracted/kadid10k/images/I53_11_01.png,I53.png,53,11,1,3.4,0.8,21.000185012817383,0.03542341699994722,0
I53_11_03.png,/kaggle/working/MDFS/data/KADID/extracted/kadid10k/images/I53_11_03.png,I53.png,53,11,3,2.9,0.651,23.856117248535156,0.035263232000033895,0
I53_11_05.png,/kaggle/working/MDFS/data/KADID/extracted/kadid10k/images/I53_11_05.png,I53.png,53,11,5,2.03,0.547,28.44434356689453,0.03637707799953205,0
I53_12_02.png,/kaggle/working/MDFS/data/KADID/extracted/kadid10k/images/I53_12_02.png,I53.png,53,12,2,3.27,0.964,21.37080955505371,0.03715352499966684,0
I53_12_04.png,/kaggle/working/MDFS/data/KADID/extracted/kadid10k/images/I53_12_04.png,I53.png,53,12,4,2.3,0.69,25.353296279907227,0.036593052000171156,0
I53_13_01.png,/kaggle/working/MDFS/data/KADID/extracted/kadid10k/images/I53_13_01.png,I53.png,53,13,1,3.43,0.989,18.486248016357422,0.035983895000754273,0
I53_13_03.png,/kaggle/working/MDFS/data/KADID/extracted/kadid10k/images/I53_13_03.png,I53.png,53,13,3,2.53,0.763,23.618427276611328,0.03498758300065674,0
I53_13_05.png,/kaggle/working/MDFS/data/KADID/extracted/kadid10k/images/I53_13_05.png,I53.png,53,13,5,2.07,0.629,25.869705200195312,0.03587443299966253,0
I53_14_02.png,/kaggle/working/MDFS/data/KADID/extracted/kadid10k/images/I53_14_02.png,I53.png,53,14,2,3.23,0.761,21.34251594543457,0.036823260000346636,0
I53_14_04.png,/kaggle/working/MDFS/data/KADID/extracted/kadid10k/images/I53_14_04.png,I53.png,53,14,4,2.67,0.537,24.991783142089844,0.03621694000048592,0
I53_15_01.png,/kaggle/working/MDFS/data/KADID/extracted/kadid10k/images/I53_15_01.png,I53.png,53,15,1,3.7,1.005,19.83203125,0.03738056899965159,0
I53_15_03.png,/kaggle/working/MDFS/data/KADID/extracted/kadid10k/images/I53_15_03.png,I53.png,53,15,3,1.93,0.68,23.250505447387695,0.0353425609991973,0
I53_15_05.png,/kaggle/working/MDFS/data/KADID/extracted/kadid10k/images/I53_15_05.png,I53.png,53,15,5,1.57,0.559,26.43555450439453,0.03670591000081913,0
I53_16_02.png,/kaggle/working/MDFS/data/KADID/extracted/kadid10k/images/I53_16_02.png,I53.png,53,16,2,4.37,0.547,17.804588317871094,0.0381951109993679,0
I53_16_04.png,/kaggle/working/MDFS/data/KADID/extracted/kadid10k/images/I53_16_04.png,I53.png,53,16,4,2.63,0.912,18.681032180786133,0.037437539000166,0
I53_17_01.png,/kaggle/working/MDFS/data/KADID/extracted/kadid10k/images/I53_17_01.png,I53.png,53,17,1,4.83,0.373,17.752777099609375,0.03700310700060072,0
I53_17_03.png,/kaggle/working/MDFS/data/KADID/extracted/kadid10k/images/I53_17_03.png,I53.png,53,17,3,4.53,0.67,17.724407196044922,0.03597332200024539,0
I53_17_05.png,/kaggle/working/MDFS/data/KADID/extracted/kadid10k/images/I53_17_05.png,I53.png,53,17,5,2.4,0.987,19.42278480529785,0.03484961399954045,0
I53_18_02.png,/kaggle/working/MDFS/data/KADID/extracted/kadid10k/images/I53_18_02.png,I53.png,53,18,2,4.67,0.471,17.850337982177734,0.037612832999911916,0
I53_18_04.png,/kaggle/working/MDFS/data/KADID/extracted/kadid10k/images/I53_18_04.png,I53.png,53,18,4,4.57,0.496,17.89346694946289,0.0377660209996975,0
I53_19_01.png,/kaggle/working/MDFS/data/KADID/extracted/kadid10k/images/I53_19_01.png,I53.png,53,19,1,4.59,0.551,17.626441955566406,0.037138955000045826,0
I53_19_03.png,/kaggle/working/MDFS/data/KADID/extracted/kadid10k/images/I53_19_03.png,I53.png,53,19,3,3.33,0.789,17.851591110229492,0.037029451000307745,0
I53_19_05.png,/kaggle/working/MDFS/data/KADID/extracted/kadid10k/images/I53_19_05.png,I53.png,53,19,5,1.33,0.471,21.734333038330078,0.03603765699972428,0
I53_20_02.png,/kaggle/working/MDFS/data/KADID/extracted/kadid10k/images/I53_20_02.png,I53.png,53,20,2,4.13,0.921,17.728479385375977,0.0375985339996987,0
I53_20_04.png,/kaggle/working/MDFS/data/KADID/extracted/kadid10k/images/I53_20_04.png,I53.png,53,20,4,2.8,1.222,17.675113677978516,0.038049198999942746,0
I53_21_01.png,/kaggle/working/MDFS/data/KADID/extracted/kadid10k/images/I53_21_01.png,I53.png,53,21,1,3.37,1.016,17.584674835205078,0.03830698999991,0
I53_21_03.png,/kaggle/working/MDFS/data/KADID/extracted/kadid10k/images/I53_21_03.png,I53.png,53,21,3,2.93,0.892,17.920629501342773,0.037054415000056906,0
I53_21_05.png,/kaggle/working/MDFS/data/KADID/extracted/kadid10k/images/I53_21_05.png,I53.png,53,21,5,1.47,0.562,24.98198890686035,0.03453471600005287,0
I53_22_02.png,/kaggle/working/MDFS/data/KADID/extracted/kadid10k/images/I53_22_02.png,I53.png,53,22,2,3.27,1.123,18.461143493652344,0.03506390900020051,0
I53_22_04.png,/kaggle/working/MDFS/data/KADID/extracted/kadid10k/images/I53_22_04.png,I53.png,53,22,4,2.83,1.067,19.042869567871094,0.03548098800001753,0
I53_23_01.png,/kaggle/working/MDFS/data/KADID/extracted/kadid10k/images/I53_23_01.png,I53.png,53,23,1,3.33,1.193,17.62049102783203,0.03809768300016003,0
I53_23_03.png,/kaggle/working/MDFS/data/KADID/extracted/kadid10k/images/I53_23_03.png,I53.png,53,23,3,2.57,0.989,17.610191345214844,0.03744756800006144,0
I53_23_05.png,/kaggle/working/MDFS/data/KADID/extracted/kadid10k/images/I53_23_05.png,I53.png,53,23,5,1.9,0.746,17.621923446655273,0.03681029800009128,0
I53_24_02.png,/kaggle/working/MDFS/data/KADID/extracted/kadid10k/images/I53_24_02.png,I53.png,53,24,2,2.6,0.841,19.918148040771484,0.036926166999364796,0
I53_24_04.png,/kaggle/working/MDFS/data/KADID/extracted/kadid10k/images/I53_24_04.png,I53.png,53,24,4,1.43,0.559,23.435312271118164,0.03710798500014789,0
I53_25_01.png,/kaggle/working/MDFS/data/KADID/extracted/kadid10k/images/I53_25_01.png,I53.png,53,25,1,3.83,0.898,18.37134552001953,0.037671226000384195,0
I53_25_03.png,/kaggle/working/MDFS/data/KADID/extracted/kadid10k/images/I53_25_03.png,I53.png,53,25,3,4.43,0.616,17.951139450073242,0.03805988499971136,0
I53_25_05.png,/kaggle/working/MDFS/data/KADID/extracted/kadid10k/images/I53_25_05.png,I53.png,53,25,5,3.47,0.718,17.761615753173828,0.03830716399988887,0
I54_01_02.png,/kaggle/working/MDFS/data/KADID/extracted/kadid10k/images/I54_01_02.png,I54.png,54,1,2,4.48,0.615,16.67554473876953,0.03770889499992336,0
I54_01_04.png,/kaggle/working/MDFS/data/KADID/extracted/kadid10k/images/I54_01_04.png,I54.png,54,1,4,1.67,0.537,30.170976638793945,0.037418765000438725,0
I54_02_01.png,/kaggle/working/MDFS/data/KADID/extracted/kadid10k/images/I54_02_01.png,I54.png,54,2,1,3.61,0.83,17.75463104248047,0.03733644899966748,0
I54_02_03.png,/kaggle/working/MDFS/data/KADID/extracted/kadid10k/images/I54_02_03.png,I54.png,54,2,3,1.7,0.586,24.01860809326172,0.035951300999840896,0
I54_02_05.png,/kaggle/working/MDFS/data/KADID/extracted/kadid10k/images/I54_02_05.png,I54.png,54,2,5,1.2,0.4,27.123586654663086,0.03606226800002332,0
I54_03_02.png,/kaggle/working/MDFS/data/KADID/extracted/kadid10k/images/I54_03_02.png,I54.png,54,3,2,3.6,0.952,17.730552673339844,0.03810786300073232,0
I54_03_04.png,/kaggle/working/MDFS/data/KADID/extracted/kadid10k/images/I54_03_04.png,I54.png,54,3,4,1.6,0.554,22.711523056030273,0.03842980199988233,0
I54_04_01.png,/kaggle/working/MDFS/data/KADID/extracted/kadid10k/images/I54_04_01.png,I54.png,54,4,1,4.65,0.478,17.560714721679688,0.03735001699988061,0
I54_04_03.png,/kaggle/working/MDFS/data/KADID/extracted/kadid10k/images/I54_04_03.png,I54.png,54,4,3,1.53,0.618,20.945093154907227,0.03525503099990601,0
I54_04_05.png,/kaggle/working/MDFS/data/KADID/extracted/kadid10k/images/I54_04_05.png,I54.png,54,4,5,1.33,0.471,25.93123435974121,0.035264782999547606,0
I54_05_02.png,/kaggle/working/MDFS/data/KADID/extracted/kadid10k/images/I54_05_02.png,I54.png,54,5,2,1.67,0.596,19.339618682861328,0.0377140930004316,0
I54_05_04.png,/kaggle/working/MDFS/data/KADID/extracted/kadid10k/images/I54_05_04.png,I54.png,54,5,4,1.42,0.493,18.521610260009766,0.03795499799980462,0
I54_06_01.png,/kaggle/working/MDFS/data/KADID/extracted/kadid10k/images/I54_06_01.png,I54.png,54,6,1,4.27,0.892,18.176971435546875,0.03676407700004347,0
I54_06_03.png,/kaggle/working/MDFS/data/KADID/extracted/kadid10k/images/I54_06_03.png,I54.png,54,6,3,4.07,0.68,18.96744728088379,0.03704890399967553,0
I54_06_05.png,/kaggle/working/MDFS/data/KADID/extracted/kadid10k/images/I54_06_05.png,I54.png,54,6,5,2.4,0.879,21.58136558532715,0.03353254299963737,0
I54_07_02.png,/kaggle/working/MDFS/data/KADID/extracted/kadid10k/images/I54_07_02.png,I54.png,54,7,2,2.13,0.991,17.96942710876465,0.03754172400022071,0
I54_07_04.png,/kaggle/working/MDFS/data/KADID/extracted/kadid10k/images/I54_07_04.png,I54.png,54,7,4,2.23,0.883,22.49420928955078,0.036937749000571785,0
I54_08_01.png,/kaggle/working/MDFS/data/KADID/extracted/kadid10k/images/I54_08_01.png,I54.png,54,8,1,4.77,0.423,16.964345932006836,0.03889552900000126,0
I54_08_03.png,/kaggle/working/MDFS/data/KADID/extracted/kadid10k/images/I54_08_03.png,I54.png,54,8,3,2.83,0.969,18.057817459106445,0.03761721299997589,0
I54_08_05.png,/kaggle/working/MDFS/data/KADID/extracted/kadid10k/images/I54_08_05.png,I54.png,54,8,5,1.3,0.526,22.994264602661133,0.03693116500016913,0
I54_09_02.png,/kaggle/working/MDFS/data/KADID/extracted/kadid10k/images/I54_09_02.png,I54.png,54,9,2,4.03,0.836,19.33730125427246,0.03747746999943047,0
I54_09_04.png,/kaggle/working/MDFS/data/KADID/extracted/kadid10k/images/I54_09_04.png,I54.png,54,9,4,2.6,1.052,27.491666793823242,0.037596414999825356,0
I54_10_01.png,/kaggle/working/MDFS/data/KADID/extracted/kadid10k/images/I54_10_01.png,I54.png,54,10,1,4.23,0.667,18.332637786865234,0.035692407000169624,0
I54_10_03.png,/kaggle/working/MDFS/data/KADID/extracted/kadid10k/images/I54_10_03.png,I54.png,54,10,3,3.6,0.917,20.005290985107422,0.03704515500066918,0
I54_10_05.png,/kaggle/working/MDFS/data/KADID/extracted/kadid10k/images/I54_10_05.png,I54.png,54,10,5,1.27,0.512,30.452463150024414,0.03642540300006658,0
I54_11_02.png,/kaggle/working/MDFS/data/KADID/extracted/kadid10k/images/I54_11_02.png,I54.png,54,11,2,2.73,0.929,19.850053787231445,0.03724529999999504,0
I54_11_04.png,/kaggle/working/MDFS/data/KADID/extracted/kadid10k/images/I54_11_04.png,I54.png,54,11,4,2.43,0.716,21.86974334716797,0.036776834999727726,0
I54_12_01.png,/kaggle/working/MDFS/data/KADID/extracted/kadid10k/images/I54_12_01.png,I54.png,54,12,1,4.38,0.74,17.90706443786621,0.03650308299984317,0
I54_12_03.png,/kaggle/working/MDFS/data/KADID/extracted/kadid10k/images/I54_12_03.png,I54.png,54,12,3,2.8,0.792,20.453657150268555,0.03763015999993513,0
I54_12_05.png,/kaggle/working/MDFS/data/KADID/extracted/kadid10k/images/I54_12_05.png,I54.png,54,12,5,2.1,0.651,23.797531127929688,0.037509277999561164,0
I54_13_02.png,/kaggle/working/MDFS/data/KADID/extracted/kadid10k/images/I54_13_02.png,I54.png,54,13,2,2.8,1.013,18.66865348815918,0.03700061899962748,0
I54_13_04.png,/kaggle/working/MDFS/data/KADID/extracted/kadid10k/images/I54_13_04.png,I54.png,54,13,4,2.43,0.92,22.095165252685547,0.03746996399968339,0
I54_14_01.png,/kaggle/working/MDFS/data/KADID/extracted/kadid10k/images/I54_14_01.png,I54.png,54,14,1,4.63,0.547,17.458120346069336,0.036959782999474555,0
I54_14_03.png,/kaggle/working/MDFS/data/KADID/extracted/kadid10k/images/I54_14_03.png,I54.png,54,14,3,3.17,0.82,19.31195831298828,0.03626540999994177,0
I54_14_05.png,/kaggle/working/MDFS/data/KADID/extracted/kadid10k/images/I54_14_05.png,I54.png,54,14,5,2.17,0.637,22.779621124267578,0.03670304400020541,0
I54_15_02.png,/kaggle/working/MDFS/data/KADID/extracted/kadid10k/images/I54_15_02.png,I54.png,54,15,2,2.63,0.912,21.67325782775879,0.03805173099954118,0
I54_15_04.png,/kaggle/working/MDFS/data/KADID/extracted/kadid10k/images/I54_15_04.png,I54.png,54,15,4,1.6,0.49,24.41079330444336,0.038485881999804405,0
I54_16_01.png,/kaggle/working/MDFS/data/KADID/extracted/kadid10k/images/I54_16_01.png,I54.png,54,16,1,4.47,0.718,16.961362838745117,0.038166758000443224,0
I54_16_03.png,/kaggle/working/MDFS/data/KADID/extracted/kadid10k/images/I54_16_03.png,I54.png,54,16,3,3.8,0.748,17.35454559326172,0.03728414800025348,0
I54_16_05.png,/kaggle/working/MDFS/data/KADID/extracted/kadid10k/images/I54_16_05.png,I54.png,54,16,5,1.63,0.795,19.756166458129883,0.036420862000341,0
I54_17_02.png,/kaggle/working/MDFS/data/KADID/extracted/kadid10k/images/I54_17_02.png,I54.png,54,17,2,4.6,0.49,17.010713577270508,0.03760844700082089,0
I54_17_04.png,/kaggle/working/MDFS/data/KADID/extracted/kadid10k/images/I54_17_04.png,I54.png,54,17,4,3.27,0.929,17.4692440032959,0.03765521900004387,0
I54_18_01.png,/kaggle/working/MDFS/data/KADID/extracted/kadid10k/images/I54_18_01.png,I54.png,54,18,1,4.27,0.573,17.458572387695312,0.03811937600039528,0
I54_18_03.png,/kaggle/working/MDFS/data/KADID/extracted/kadid10k/images/I54_18_03.png,I54.png,54,18,3,4.5,0.806,16.964345932006836,0.03870589500002097,0
I54_18_05.png,/kaggle/working/MDFS/data/KADID/extracted/kadid10k/images/I54_18_05.png,I54.png,54,18,5,3.53,0.763,18.04520034790039,0.038916715999221196,0
I54_19_02.png,/kaggle/working/MDFS/data/KADID/extracted/kadid10k/images/I54_19_02.png,I54.png,54,19,2,4.1,0.473,16.650667190551758,0.03925824999987526,0
I54_19_04.png,/kaggle/working/MDFS/data/KADID/extracted/kadid10k/images/I54_19_04.png,I54.png,54,19,4,1.73,0.892,18.717073440551758,0.03832013599912898,0
I54_20_01.png,/kaggle/working/MDFS/data/KADID/extracted/kadid10k/images/I54_20_01.png,I54.png,54,20,1,4.4,0.8,17.001840591430664,0.03794874899995193,0
I54_20_03.png,/kaggle/working/MDFS/data/KADID/extracted/kadid10k/images/I54_20_03.png,I54.png,54,20,3,3.97,0.752,16.980710983276367,0.037528032999944116,0
I54_20_05.png,/kaggle/working/MDFS/data/KADID/extracted/kadid10k/images/I54_20_05.png,I54.png,54,20,5,3.37,0.983,17.068960189819336,0.03741369899944402,0
I54_21_02.png,/kaggle/working/MDFS/data/KADID/extracted/kadid10k/images/I54_21_02.png,I54.png,54,21,2,3.9,1.012,17.320114135742188,0.03557458200066321,0
I54_21_04.png,/kaggle/working/MDFS/data/KADID/extracted/kadid10k/images/I54_21_04.png,I54.png,54,21,4,2.93,1.153,18.680856704711914,0.03659256900027685,0
I54_22_01.png,/kaggle/working/MDFS/data/KADID/extracted/kadid10k/images/I54_22_01.png,I54.png,54,22,1,3.13,1.024,17.898975372314453,0.037430500000482425,0
I54_22_03.png,/kaggle/working/MDFS/data/KADID/extracted/kadid10k/images/I54_22_03.png,I54.png,54,22,3,3.07,0.964,17.843706130981445,0.035819798999909835,0
I54_22_05.png,/kaggle/working/MDFS/data/KADID/extracted/kadid10k/images/I54_22_05.png,I54.png,54,22,5,2.6,1.356,18.360177993774414,0.0351076959996135,0
I54_23_02.png,/kaggle/working/MDFS/data/KADID/extracted/kadid10k/images/I54_23_02.png,I54.png,54,23,2,2.0,0.775,17.036657333374023,0.0368682300004366,0
I54_23_04.png,/kaggle/working/MDFS/data/KADID/extracted/kadid10k/images/I54_23_04.png,I54.png,54,23,4,1.67,0.83,17.15426254272461,0.03693065500010562,0
I54_24_01.png,/kaggle/working/MDFS/data/KADID/extracted/kadid10k/images/I54_24_01.png,I54.png,54,24,1,3.1,1.136,19.232637405395508,0.038239241000155744,0
I54_24_03.png,/kaggle/working/MDFS/data/KADID/extracted/kadid10k/images/I54_24_03.png,I54.png,54,24,3,1.9,0.831,23.150407791137695,0.03742096099995251,0
I54_24_05.png,/kaggle/working/MDFS/data/KADID/extracted/kadid10k/images/I54_24_05.png,I54.png,54,24,5,1.37,0.706,30.077953338623047,0.036181333999593335,0
I54_25_02.png,/kaggle/working/MDFS/data/KADID/extracted/kadid10k/images/I54_25_02.png,I54.png,54,25,2,4.2,0.653,17.76136589050293,0.03658336700027576,0
I54_25_04.png,/kaggle/working/MDFS/data/KADID/extracted/kadid10k/images/I54_25_04.png,I54.png,54,25,4,4.0,0.683,16.758325576782227,0.036646169999585254,0
I55_01_01.png,/kaggle/working/MDFS/data/KADID/extracted/kadid10k/images/I55_01_01.png,I55.png,55,1,1,4.47,0.67,17.75115203857422,0.03752660999998625,0
I55_01_03.png,/kaggle/working/MDFS/data/KADID/extracted/kadid10k/images/I55_01_03.png,I55.png,55,1,3,2.87,0.763,20.770769119262695,0.03929558299932978,0
I55_01_05.png,/kaggle/working/MDFS/data/KADID/extracted/kadid10k/images/I55_01_05.png,I55.png,55,1,5,1.23,0.423,40.141746520996094,0.038152765000631916,0
I55_02_02.png,/kaggle/working/MDFS/data/KADID/extracted/kadid10k/images/I55_02_02.png,I55.png,55,2,2,2.43,0.761,22.38885498046875,0.03934247600045637,0
I55_02_04.png,/kaggle/working/MDFS/data/KADID/extracted/kadid10k/images/I55_02_04.png,I55.png,55,2,4,1.42,0.61,27.887741088867188,0.03852822299995751,0
I55_03_01.png,/kaggle/working/MDFS/data/KADID/extracted/kadid10k/images/I55_03_01.png,I55.png,55,3,1,4.63,0.547,17.75115203857422,0.0370577260000573,0
I55_03_03.png,/kaggle/working/MDFS/data/KADID/extracted/kadid10k/images/I55_03_03.png,I55.png,55,3,3,2.4,0.712,20.54900360107422,0.037961115000143764,0
I55_03_05.png,/kaggle/working/MDFS/data/KADID/extracted/kadid10k/images/I55_03_05.png,I55.png,55,3,5,1.57,0.616,25.00673484802246,0.035492156999680446,0
I55_04_02.png,/kaggle/working/MDFS/data/KADID/extracted/kadid10k/images/I55_04_02.png,I55.png,55,4,2,2.52,0.911,18.72281265258789,0.03628292700068414,0
I55_04_04.png,/kaggle/working/MDFS/data/KADID/extracted/kadid10k/images/I55_04_04.png,I55.png,55,4,4,1.93,0.772,18.991186141967773,0.03754917199967167,0
I55_05_01.png,/kaggle/working/MDFS/data/KADID/extracted/kadid10k/images/I55_05_01.png,I55.png,55,5,1,4.5,0.806,18.66975212097168,0.037518117999752576,0
I55_05_03.png,/kaggle/working/MDFS/data/KADID/extracted/kadid10k/images/I55_05_03.png,I55.png,55,5,3,1.6,0.554,19.820329666137695,0.03668777700022474,0
I55_05_05.png,/kaggle/working/MDFS/data/KADID/extracted/kadid10k/images/I55_05_05.png,I55.png,55,5,5,1.6,0.663,19.31081771850586,0.03633331999935763,0
I55_06_02.png,/kaggle/working/MDFS/data/KADID/extracted/kadid10k/images/I55_06_02.png,I55.png,55,6,2,4.23,0.844,18.801429748535156,0.035295709999445535,0
I55_06_04.png,/kaggle/working/MDFS/data/KADID/extracted/kadid10k/images/I55_06_04.png,I55.png,55,6,4,3.33,0.943,20.130891799926758,0.035988788999929966,0
I55_07_01.png,/kaggle/working/MDFS/data/KADID/extracted/kadid10k/images/I55_07_01.png,I55.png,55,7,1,3.17,1.003,18.376909255981445,0.03791687700049806,0
I55_07_03.png,/kaggle/working/MDFS/data/KADID/extracted/kadid10k/images/I55_07_03.png,I55.png,55,7,3,2.27,1.093,20.017578125,0.03776537600060692,0
I55_07_05.png,/kaggle/working/MDFS/data/KADID/extracted/kadid10k/images/I55_07_05.png,I55.png,55,7,5,2.07,0.929,19.139789581298828,0.03779454599953169,0
I55_08_02.png,/kaggle/working/MDFS/data/KADID/extracted/kadid10k/images/I55_08_02.png,I55.png,55,8,2,3.37,0.948,18.048664093017578,0.03704006099997059,0
I55_08_04.png,/kaggle/working/MDFS/data/KADID/extracted/kadid10k/images/I55_08_04.png,I55.png,55,8,4,1.73,0.814,19.50340461730957,0.03779817099984939,0
I55_09_01.png,/kaggle/working/MDFS/data/KADID/extracted/kadid10k/images/I55_09_01.png,I55.png,55,9,1,4.43,0.716,18.49053955078125,0.03766395500042563,0
I55_09_03.png,/kaggle/working/MDFS/data/KADID/extracted/kadid10k/images/I55_09_03.png,I55.png,55,9,3,3.6,0.917,23.49427032470703,0.03839757299920166,0
I55_09_05.png,/kaggle/working/MDFS/data/KADID/extracted/kadid10k/images/I55_09_05.png,I55.png,55,9,5,1.23,0.496,36.73687744140625,0.038676928999848315,0
I55_10_02.png,/kaggle/working/MDFS/data/KADID/extracted/kadid10k/images/I55_10_02.png,I55.png,55,10,2,4.37,0.795,19.6554012298584,0.03941974899953493,0
I55_10_04.png,/kaggle/working/MDFS/data/KADID/extracted/kadid10k/images/I55_10_04.png,I55.png,55,10,4,1.87,0.67,28.821117401123047,0.0370408500002668,0
I55_11_01.png,/kaggle/working/MDFS/data/KADID/extracted/kadid10k/images/I55_11_01.png,I55.png,55,11,1,4.6,0.611,19.023170471191406,0.03747120299976814,0
I55_11_03.png,/kaggle/working/MDFS/data/KADID/extracted/kadid10k/images/I55_11_03.png,I55.png,55,11,3,3.87,0.806,20.902658462524414,0.03676934300074208,0
I55_11_05.png,/kaggle/working/MDFS/data/KADID/extracted/kadid10k/images/I55_11_05.png,I55.png,55,11,5,2.83,0.86,24.96556854248047,0.03574963099981687,0
I55_12_02.png,/kaggle/working/MDFS/data/KADID/extracted/kadid10k/images/I55_12_02.png,I55.png,55,12,2,4.53,0.499,19.48332405090332,0.03656616300031601,0
I55_12_04.png,/kaggle/working/MDFS/data/KADID/extracted/kadid10k/images/I55_12_04.png,I55.png,55,12,4,3.17,0.734,22.36676788330078,0.03751599499992153,0
I55_13_01.png,/kaggle/working/MDFS/data/KADID/extracted/kadid10k/images/I55_13_01.png,I55.png,55,13,1,3.6,0.917,17.924636840820312,0.03789849799977674,0
I55_13_03.png,/kaggle/working/MDFS/data/KADID/extracted/kadid10k/images/I55_13_03.png,I55.png,55,13,3,2.77,0.761,19.41483497619629,0.03707941500033485,0
I55_13_05.png,/kaggle/working/MDFS/data/KADID/extracted/kadid10k/images/I55_13_05.png,I55.png,55,13,5,2.17,0.898,23.368398666381836,0.037185549000241735,0
I55_14_02.png,/kaggle/working/MDFS/data/KADID/extracted/kadid10k/images/I55_14_02.png,I55.png,55,14,2,4.1,0.7,18.9248046875,0.035840468000060355,0
I55_14_04.png,/kaggle/working/MDFS/data/KADID/extracted/kadid10k/images/I55_14_04.png,I55.png,55,14,4,3.2,0.872,20.436742782592773,0.03804794300049252,0
I55_15_01.png,/kaggle/working/MDFS/data/KADID/extracted/kadid10k/images/I55_15_01.png,I55.png,55,15,1,3.83,0.637,19.781797409057617,0.03874787600034324,0
I55_15_03.png,/kaggle/working/MDFS/data/KADID/extracted/kadid10k/images/I55_15_03.png,I55.png,55,15,3,2.23,0.667,22.5262393951416,0.038565973000004306,0
I55_15_05.png,/kaggle/working/MDFS/data/KADID/extracted/kadid10k/images/I55_15_05.png,I55.png,55,15,5,1.67,0.471,25.574769973754883,0.03761285400014458,0
I55_16_02.png,/kaggle/working/MDFS/data/KADID/extracted/kadid10k/images/I55_16_02.png,I55.png,55,16,2,4.5,0.5,17.82171058654785,0.037686857000153395,0
I55_16_04.png,/kaggle/working/MDFS/data/KADID/extracted/kadid10k/images/I55_16_04.png,I55.png,55,16,4,2.97,1.11,19.094493865966797,0.03767056800006685,0
I55_17_01.png,/kaggle/working/MDFS/data/KADID/extracted/kadid10k/images/I55_17_01.png,I55.png,55,17,1,4.53,0.499,17.748001098632812,0.03650694400039356,0
I55_17_03.png,/kaggle/working/MDFS/data/KADID/extracted/kadid10k/images/I55_17_03.png,I55.png,55,17,3,4.13,0.763,17.76673698425293,0.03606062400012888,0
I55_17_05.png,/kaggle/working/MDFS/data/KADID/extracted/kadid10k/images/I55_17_05.png,I55.png,55,17,5,1.6,0.757,19.583099365234375,0.036173528999825066,0
I55_18_02.png,/kaggle/working/MDFS/data/KADID/extracted/kadid10k/images/I55_18_02.png,I55.png,55,18,2,4.5,0.619,17.807588577270508,0.037716974999966624,0
I55_18_04.png,/kaggle/working/MDFS/data/KADID/extracted/kadid10k/images/I55_18_04.png,I55.png,55,18,4,4.5,0.5,18.041276931762695,0.03917578200071148,0
I55_19_01.png,/kaggle/working/MDFS/data/KADID/extracted/kadid10k/images/I55_19_01.png,I55.png,55,19,1,4.19,0.644,17.583110809326172,0.03859235399977479,0
I55_19_03.png,/kaggle/working/MDFS/data/KADID/extracted/kadid10k/images/I55_19_03.png,I55.png,55,19,3,3.13,0.907,17.68173599243164,0.03769450500021776,0
I55_19_05.png,/kaggle/working/MDFS/data/KADID/extracted/kadid10k/images/I55_19_05.png,I55.png,55,19,5,1.16,0.368,23.463804244995117,0.03760889400018641,0
I55_20_02.png,/kaggle/working/MDFS/data/KADID/extracted/kadid10k/images/I55_20_02.png,I55.png,55,20,2,4.23,0.844,17.625591278076172,0.03755288199954521,0
I55_20_04.png,/kaggle/working/MDFS/data/KADID/extracted/kadid10k/images/I55_20_04.png,I55.png,55,20,4,4.13,1.147,17.631433486938477,0.036664983999799006,0
I55_21_01.png,/kaggle/working/MDFS/data/KADID/extracted/kadid10k/images/I55_21_01.png,I55.png,55,21,1,3.83,0.934,17.689441680908203,0.03700896099962847,0
I55_21_03.png,/kaggle/working/MDFS/data/KADID/extracted/kadid10k/images/I55_21_03.png,I55.png,55,21,3,2.37,0.836,18.339723587036133,0.03759028300009959,0
I55_21_05.png,/kaggle/working/MDFS/data/KADID/extracted/kadid10k/images/I55_21_05.png,I55.png,55,21,5,1.4,0.611,29.417579650878906,0.03491297099935764,0
I55_22_02.png,/kaggle/working/MDFS/data/KADID/extracted/kadid10k/images/I55_22_02.png,I55.png,55,22,2,4.77,0.496,18.121129989624023,0.0371578310005134,0
I55_22_04.png,/kaggle/working/MDFS/data/KADID/extracted/kadid10k/images/I55_22_04.png,I55.png,55,22,4,3.93,0.727,18.59984016418457,0.0364231399998971,0
I55_23_01.png,/kaggle/working/MDFS/data/KADID/extracted/kadid10k/images/I55_23_01.png,I55.png,55,23,1,2.27,0.929,17.73659324645996,0.03640722399995866,0
I55_23_03.png,/kaggle/working/MDFS/data/KADID/extracted/kadid10k/images/I55_23_03.png,I55.png,55,23,3,2.27,0.929,17.730093002319336,0.03688141599923256,0
I55_23_05.png,/kaggle/working/MDFS/data/KADID/extracted/kadid10k/images/I55_23_05.png,I55.png,55,23,5,2.53,1.056,17.658639907836914,0.03771235800013528,0
I55_24_02.png,/kaggle/working/MDFS/data/KADID/extracted/kadid10k/images/I55_24_02.png,I55.png,55,24,2,2.1,0.7,21.458606719970703,0.037821182999323355,0
I55_24_04.png,/kaggle/working/MDFS/data/KADID/extracted/kadid10k/images/I55_24_04.png,I55.png,55,24,4,1.53,0.67,26.42190170288086,0.03527786199992988,0
I55_25_01.png,/kaggle/working/MDFS/data/KADID/extracted/kadid10k/images/I55_25_01.png,I55.png,55,25,1,2.8,0.872,18.742916107177734,0.03587888299989572,0
I55_25_03.png,/kaggle/working/MDFS/data/KADID/extracted/kadid10k/images/I55_25_03.png,I55.png,55,25,3,4.0,0.577,17.854185104370117,0.03693118499995762,0
I55_25_05.png,/kaggle/working/MDFS/data/KADID/extracted/kadid10k/images/I55_25_05.png,I55.png,55,25,5,3.47,0.806,17.797170639038086,0.037252191999868955,0
I56_01_02.png,/kaggle/working/MDFS/data/KADID/extracted/kadid10k/images/I56_01_02.png,I56.png,56,1,2,4.63,0.482,19.437795639038086,0.03862957599994843,0
I56_01_04.png,/kaggle/working/MDFS/data/KADID/extracted/kadid10k/images/I56_01_04.png,I56.png,56,1,4,1.87,0.618,32.34825897216797,0.0379146920004132,0
I56_02_01.png,/kaggle/working/MDFS/data/KADID/extracted/kadid10k/images/I56_02_01.png,I56.png,56,2,1,3.5,0.922,20.049728393554688,0.0385469960001501,0
I56_02_03.png,/kaggle/working/MDFS/data/KADID/extracted/kadid10k/images/I56_02_03.png,I56.png,56,2,3,1.9,0.651,29.46245574951172,0.0378601919992434,0
I56_02_05.png,/kaggle/working/MDFS/data/KADID/extracted/kadid10k/images/I56_02_05.png,I56.png,56,2,5,1.23,0.496,35.829994201660156,0.03685107700039225,0
I56_03_02.png,/kaggle/working/MDFS/data/KADID/extracted/kadid10k/images/I56_03_02.png,I56.png,56,3,2,4.27,0.629,19.745464324951172,0.03785900200000469,0
I56_03_04.png,/kaggle/working/MDFS/data/KADID/extracted/kadid10k/images/I56_03_04.png,I56.png,56,3,4,1.97,0.706,23.252429962158203,0.03896914400047535,0
I56_04_01.png,/kaggle/working/MDFS/data/KADID/extracted/kadid10k/images/I56_04_01.png,I56.png,56,4,1,4.63,0.547,19.789148330688477,0.037820243000169285,0
I56_04_03.png,/kaggle/working/MDFS/data/KADID/extracted/kadid10k/images/I56_04_03.png,I56.png,56,4,3,1.83,0.82,23.756242752075195,0.03778661700016528,0
I56_04_05.png,/kaggle/working/MDFS/data/KADID/extracted/kadid10k/images/I56_04_05.png,I56.png,56,4,5,1.43,0.667,25.750879287719727,0.038984187000096426,0
I56_05_02.png,/kaggle/working/MDFS/data/KADID/extracted/kadid10k/images/I56_05_02.png,I56.png,56,5,2,2.87,0.884,21.062744140625,0.03973150900037581,0
I56_05_04.png,/kaggle/working/MDFS/data/KADID/extracted/kadid10k/images/I56_05_04.png,I56.png,56,5,4,1.87,0.884,20.741046905517578,0.03854703400065773,0
I56_06_01.png,/kaggle/working/MDFS/data/KADID/extracted/kadid10k/images/I56_06_01.png,I56.png,56,6,1,4.0,0.73,22.22878074645996,0.03503495200038742,0
I56_06_03.png,/kaggle/working/MDFS/data/KADID/extracted/kadid10k/images/I56_06_03.png,I56.png,56,6,3,3.17,0.934,22.974773406982422,0.03434170200034714,0
I56_06_05.png,/kaggle/working/MDFS/data/KADID/extracted/kadid10k/images/I56_06_05.png,I56.png,56,6,5,2.0,0.577,26.972440719604492,0.03376645299977099,0
I56_07_02.png,/kaggle/working/MDFS/data/KADID/extracted/kadid10k/images/I56_07_02.png,I56.png,56,7,2,1.8,0.872,20.328981399536133,0.03806493499996577,0
I56_07_04.png,/kaggle/working/MDFS/data/KADID/extracted/kadid10k/images/I56_07_04.png,I56.png,56,7,4,2.5,1.057,23.546751022338867,0.036965289000363555,0
I56_08_01.png,/kaggle/working/MDFS/data/KADID/extracted/kadid10k/images/I56_08_01.png,I56.png,56,8,1,4.73,0.442,19.81084442138672,0.037166754999816476,0
I56_08_03.png,/kaggle/working/MDFS/data/KADID/extracted/kadid10k/images/I56_08_03.png,I56.png,56,8,3,2.33,0.978,22.059520721435547,0.03585452800052735,0
I56_08_05.png,/kaggle/working/MDFS/data/KADID/extracted/kadid10k/images/I56_08_05.png,I56.png,56,8,5,1.87,0.846,24.72598648071289,0.03727121799965971,0
I56_09_02.png,/kaggle/working/MDFS/data/KADID/extracted/kadid10k/images/I56_09_02.png,I56.png,56,9,2,4.67,0.471,19.885799407958984,0.03879486599998927,0
I56_09_04.png,/kaggle/working/MDFS/data/KADID/extracted/kadid10k/images/I56_09_04.png,I56.png,56,9,4,3.07,0.929,25.37833595275879,0.03924530800031789,0
I56_10_01.png,/kaggle/working/MDFS/data/KADID/extracted/kadid10k/images/I56_10_01.png,I56.png,56,10,1,4.55,0.498,21.250118255615234,0.03769427499992162,0
I56_10_03.png,/kaggle/working/MDFS/data/KADID/extracted/kadid10k/images/I56_10_03.png,I56.png,56,10,3,3.83,0.934,22.947237014770508,0.03688427100041736,0
I56_10_05.png,/kaggle/working/MDFS/data/KADID/extracted/kadid10k/images/I56_10_05.png,I56.png,56,10,5,1.2,0.4,37.20348358154297,0.0346085809997021,0
I56_11_02.png,/kaggle/working/MDFS/data/KADID/extracted/kadid10k/images/I56_11_02.png,I56.png,56,11,2,3.4,0.841,22.346609115600586,0.03628321100040921,0
I56_11_04.png,/kaggle/working/MDFS/data/KADID/extracted/kadid10k/images/I56_11_04.png,I56.png,56,11,4,2.43,0.761,24.299806594848633,0.0377246420002848,0
I56_12_01.png,/kaggle/working/MDFS/data/KADID/extracted/kadid10k/images/I56_12_01.png,I56.png,56,12,1,4.63,0.657,20.82798194885254,0.03769940900019719,0
I56_12_03.png,/kaggle/working/MDFS/data/KADID/extracted/kadid10k/images/I56_12_03.png,I56.png,56,12,3,2.9,0.907,22.547338485717773,0.03684047799924883,0
I56_12_05.png,/kaggle/working/MDFS/data/KADID/extracted/kadid10k/images/I56_12_05.png,I56.png,56,12,5,2.13,0.67,25.52663230895996,0.036265767000259075,0
I56_13_02.png,/kaggle/working/MDFS/data/KADID/extracted/kadid10k/images/I56_13_02.png,I56.png,56,13,2,2.33,0.65,20.784719467163086,0.03701283900045382,0
I56_13_04.png,/kaggle/working/MDFS/data/KADID/extracted/kadid10k/images/I56_13_04.png,I56.png,56,13,4,2.03,0.482,25.623289108276367,0.03594302799956495,0
I56_14_01.png,/kaggle/working/MDFS/data/KADID/extracted/kadid10k/images/I56_14_01.png,I56.png,56,14,1,4.47,0.718,20.59261131286621,0.036004309999952966,0
I56_14_03.png,/kaggle/working/MDFS/data/KADID/extracted/kadid10k/images/I56_14_03.png,I56.png,56,14,3,2.9,1.012,22.092422485351562,0.037345927000387746,0
I56_14_05.png,/kaggle/working/MDFS/data/KADID/extracted/kadid10k/images/I56_14_05.png,I56.png,56,14,5,2.0,0.577,26.054689407348633,0.036647500000071886,0
I56_15_02.png,/kaggle/working/MDFS/data/KADID/extracted/kadid10k/images/I56_15_02.png,I56.png,56,15,2,2.63,0.912,22.366233825683594,0.039645787999688764,0
I56_15_04.png,/kaggle/working/MDFS/data/KADID/extracted/kadid10k/images/I56_15_04.png,I56.png,56,15,4,1.5,0.619,25.32769012451172,0.03725217800001701,0
I56_16_01.png,/kaggle/working/MDFS/data/KADID/extracted/kadid10k/images/I56_16_01.png,I56.png,56,16,1,4.53,0.562,19.949440002441406,0.037651384999662696,0
I56_16_03.png,/kaggle/working/MDFS/data/KADID/extracted/kadid10k/images/I56_16_03.png,I56.png,56,16,3,3.5,0.806,20.089635848999023,0.03755923599965172,0
I56_16_05.png,/kaggle/working/MDFS/data/KADID/extracted/kadid10k/images/I56_16_05.png,I56.png,56,16,5,1.97,0.983,21.029356002807617,0.03837319699960062,0
I56_17_02.png,/kaggle/working/MDFS/data/KADID/extracted/kadid10k/images/I56_17_02.png,I56.png,56,17,2,4.3,0.737,19.70076560974121,0.03947298299954127,0
I56_17_04.png,/kaggle/working/MDFS/data/KADID/extracted/kadid10k/images/I56_17_04.png,I56.png,56,17,4,3.13,0.884,19.497655868530273,0.05864585899962549,0
I56_18_01.png,/kaggle/working/MDFS/data/KADID/extracted/kadid10k/images/I56_18_01.png,I56.png,56,18,1,4.37,0.547,20.126941680908203,0.053745121999781986,0
I56_18_03.png,/kaggle/working/MDFS/data/KADID/extracted/kadid10k/images/I56_18_03.png,I56.png,56,18,3,4.2,0.833,19.81084442138672,0.037684425999941595,0
I56_18_05.png,/kaggle/working/MDFS/data/KADID/extracted/kadid10k/images/I56_18_05.png,I56.png,56,18,5,3.57,0.616,19.925905227661133,0.037541439999586146,0
I56_19_02.png,/kaggle/working/MDFS/data/KADID/extracted/kadid10k/images/I56_19_02.png,I56.png,56,19,2,4.07,0.573,19.512277603149414,0.03763432799951261,0
I56_19_04.png,/kaggle/working/MDFS/data/KADID/extracted/kadid10k/images/I56_19_04.png,I56.png,56,19,4,1.77,0.559,20.968412399291992,0.03651708600045822,0
I56_20_01.png,/kaggle/working/MDFS/data/KADID/extracted/kadid10k/images/I56_20_01.png,I56.png,56,20,1,4.37,0.752,19.72134780883789,0.03877075699983834,0
I56_20_03.png,/kaggle/working/MDFS/data/KADID/extracted/kadid10k/images/I56_20_03.png,I56.png,56,20,3,3.93,0.929,19.64385414123535,0.03961146999972698,0
I56_20_05.png,/kaggle/working/MDFS/data/KADID/extracted/kadid10k/images/I56_20_05.png,I56.png,56,20,5,2.6,0.917,19.73505210876465,0.04006416099946364,0
I56_21_02.png,/kaggle/working/MDFS/data/KADID/extracted/kadid10k/images/I56_21_02.png,I56.png,56,21,2,3.43,0.955,19.957223892211914,0.03886740599955374,0
I56_21_04.png,/kaggle/working/MDFS/data/KADID/extracted/kadid10k/images/I56_21_04.png,I56.png,56,21,4,3.07,0.892,20.534399032592773,0.036474502000601206,0
I56_22_01.png,/kaggle/working/MDFS/data/KADID/extracted/kadid10k/images/I56_22_01.png,I56.png,56,22,1,4.2,0.702,20.009674072265625,0.035571363000599376,0
I56_22_03.png,/kaggle/working/MDFS/data/KADID/extracted/kadid10k/images/I56_22_03.png,I56.png,56,22,3,2.8,0.872,20.313793182373047,0.03582892400027049,0
I56_22_05.png,/kaggle/working/MDFS/data/KADID/extracted/kadid10k/images/I56_22_05.png,I56.png,56,22,5,1.9,0.907,21.446035385131836,0.03581703500003641,0
I56_23_02.png,/kaggle/working/MDFS/data/KADID/extracted/kadid10k/images/I56_23_02.png,I56.png,56,23,2,2.07,0.814,19.44781494140625,0.03893479899943486,0
I56_23_04.png,/kaggle/working/MDFS/data/KADID/extracted/kadid10k/images/I56_23_04.png,I56.png,56,23,4,2.33,0.943,19.36359214782715,0.03861539400077163,0
I56_24_01.png,/kaggle/working/MDFS/data/KADID/extracted/kadid10k/images/I56_24_01.png,I56.png,56,24,1,3.23,0.844,20.137834548950195,0.038027698999940185,0
I56_24_03.png,/kaggle/working/MDFS/data/KADID/extracted/kadid10k/images/I56_24_03.png,I56.png,56,24,3,1.87,0.763,21.83710479736328,0.03922305600008258,0
I56_24_05.png,/kaggle/working/MDFS/data/KADID/extracted/kadid10k/images/I56_24_05.png,I56.png,56,24,5,1.27,0.442,24.7359561920166,0.03910660200017446,0
I56_25_02.png,/kaggle/working/MDFS/data/KADID/extracted/kadid10k/images/I56_25_02.png,I56.png,56,25,2,3.47,0.846,20.190502166748047,0.03871760599940899,0
I56_25_04.png,/kaggle/working/MDFS/data/KADID/extracted/kadid10k/images/I56_25_04.png,I56.png,56,25,4,3.7,0.781,19.527626037597656,0.039070028999958595,0
I57_01_01.png,/kaggle/working/MDFS/data/KADID/extracted/kadid10k/images/I57_01_01.png,I57.png,57,1,1,4.43,0.559,17.744226455688477,0.03871399599938741,0
I57_01_03.png,/kaggle/working/MDFS/data/KADID/extracted/kadid10k/images/I57_01_03.png,I57.png,57,1,3,2.23,0.716,22.778291702270508,0.03935736099992937,0
I57_01_05.png,/kaggle/working/MDFS/data/KADID/extracted/kadid10k/images/I57_01_05.png,I57.png,57,1,5,1.07,0.249,39.4378662109375,0.036728521000441106,0
I57_02_02.png,/kaggle/working/MDFS/data/KADID/extracted/kadid10k/images/I57_02_02.png,I57.png,57,2,2,2.13,0.763,24.67574119567871,0.03925104100017052,0
I57_02_04.png,/kaggle/working/MDFS/data/KADID/extracted/kadid10k/images/I57_02_04.png,I57.png,57,2,4,1.2,0.4,28.100271224975586,0.03847177600073337,0
I57_03_01.png,/kaggle/working/MDFS/data/KADID/extracted/kadid10k/images/I57_03_01.png,I57.png,57,3,1,4.6,0.554,17.744226455688477,0.03925616499964235,0
I57_03_03.png,/kaggle/working/MDFS/data/KADID/extracted/kadid10k/images/I57_03_03.png,I57.png,57,3,3,2.37,0.752,22.792226791381836,0.04026081200026965,0
I57_03_05.png,/kaggle/working/MDFS/data/KADID/extracted/kadid10k/images/I57_03_05.png,I57.png,57,3,5,1.4,0.554,26.550058364868164,0.03861932900053944,0
I57_04_02.png,/kaggle/working/MDFS/data/KADID/extracted/kadid10k/images/I57_04_02.png,I57.png,57,4,2,2.57,0.844,20.103487014770508,0.038995578000140085,0
I57_04_04.png,/kaggle/working/MDFS/data/KADID/extracted/kadid10k/images/I57_04_04.png,I57.png,57,4,4,1.7,0.823,20.452280044555664,0.03803951500049152,0
I57_05_01.png,/kaggle/working/MDFS/data/KADID/extracted/kadid10k/images/I57_05_01.png,I57.png,57,5,1,3.1,0.943,18.587427139282227,0.03960960599943064,0
I57_05_03.png,/kaggle/working/MDFS/data/KADID/extracted/kadid10k/images/I57_05_03.png,I57.png,57,5,3,1.63,0.605,19.465709686279297,0.03795239300052344,0
I57_05_05.png,/kaggle/working/MDFS/data/KADID/extracted/kadid10k/images/I57_05_05.png,I57.png,57,5,5,1.23,0.423,18.88296890258789,0.03813854000054562,0
I57_06_02.png,/kaggle/working/MDFS/data/KADID/extracted/kadid10k/images/I57_06_02.png,I57.png,57,6,2,3.73,1.031,18.374177932739258,0.035840839999764285,0
I57_06_04.png,/kaggle/working/MDFS/data/KADID/extracted/kadid10k/images/I57_06_04.png,I57.png,57,6,4,2.47,0.957,19.62299919128418,0.036138829000265105,0
I57_07_01.png,/kaggle/working/MDFS/data/KADID/extracted/kadid10k/images/I57_07_01.png,I57.png,57,7,1,2.5,0.922,17.869882583618164,0.03938996000033512,0
I57_07_03.png,/kaggle/working/MDFS/data/KADID/extracted/kadid10k/images/I57_07_03.png,I57.png,57,7,3,2.2,0.945,19.744733810424805,0.039851030000136234,0
I57_07_05.png,/kaggle/working/MDFS/data/KADID/extracted/kadid10k/images/I57_07_05.png,I57.png,57,7,5,2.03,0.967,20.830244064331055,0.04051501699996152,0
I57_08_02.png,/kaggle/working/MDFS/data/KADID/extracted/kadid10k/images/I57_08_02.png,I57.png,57,8,2,3.17,1.035,18.33544158935547,0.04079656999965664,0
I57_08_04.png,/kaggle/working/MDFS/data/KADID/extracted/kadid10k/images/I57_08_04.png,I57.png,57,8,4,1.4,0.663,20.16843032836914,0.05063505999987683,0
I57_09_01.png,/kaggle/working/MDFS/data/KADID/extracted/kadid10k/images/I57_09_01.png,I57.png,57,9,1,4.58,0.493,19.067670822143555,0.03822076599954016,0
I57_09_03.png,/kaggle/working/MDFS/data/KADID/extracted/kadid10k/images/I57_09_03.png,I57.png,57,9,3,3.3,0.936,24.94278907775879,0.03830719399957161,0
I57_09_05.png,/kaggle/working/MDFS/data/KADID/extracted/kadid10k/images/I57_09_05.png,I57.png,57,9,5,1.23,0.423,36.28400802612305,0.037210740999398695,0
I57_10_02.png,/kaggle/working/MDFS/data/KADID/extracted/kadid10k/images/I57_10_02.png,I57.png,57,10,2,4.23,0.803,19.997678756713867,0.03860673599956499,0
I57_10_04.png,/kaggle/working/MDFS/data/KADID/extracted/kadid10k/images/I57_10_04.png,I57.png,57,10,4,2.23,1.116,29.603511810302734,0.03741247400012071,0
I57_11_01.png,/kaggle/working/MDFS/data/KADID/extracted/kadid10k/images/I57_11_01.png,I57.png,57,11,1,4.1,0.79,18.051734924316406,0.037633654000273964,0
I57_11_03.png,/kaggle/working/MDFS/data/KADID/extracted/kadid10k/images/I57_11_03.png,I57.png,57,11,3,3.43,0.955,19.708669662475586,0.0361430590000964,0
I57_11_05.png,/kaggle/working/MDFS/data/KADID/extracted/kadid10k/images/I57_11_05.png,I57.png,57,11,5,2.23,0.803,23.57973289489746,0.03548409399991215,0
I57_12_02.png,/kaggle/working/MDFS/data/KADID/extracted/kadid10k/images/I57_12_02.png,I57.png,57,12,2,4.27,0.727,18.213266372680664,0.036155071000393946,0
I57_12_04.png,/kaggle/working/MDFS/data/KADID/extracted/kadid10k/images/I57_12_04.png,I57.png,57,12,4,2.8,0.833,21.082157135009766,0.03754644700075005,0
I57_13_01.png,/kaggle/working/MDFS/data/KADID/extracted/kadid10k/images/I57_13_01.png,I57.png,57,13,1,4.0,0.856,17.794185638427734,0.03935176300001331,0
I57_13_03.png,/kaggle/working/MDFS/data/KADID/extracted/kadid10k/images/I57_13_03.png,I57.png,57,13,3,3.1,1.075,18.954893112182617,0.03867997399993328,0
I57_13_05.png,/kaggle/working/MDFS/data/KADID/extracted/kadid10k/images/I57_13_05.png,I57.png,57,13,5,2.3,0.781,23.225666046142578,0.03934539800047787,0
I57_14_02.png,/kaggle/working/MDFS/data/KADID/extracted/kadid10k/images/I57_14_02.png,I57.png,57,14,2,4.13,0.957,18.477115631103516,0.03674831100033771,0
I57_14_04.png,/kaggle/working/MDFS/data/KADID/extracted/kadid10k/images/I57_14_04.png,I57.png,57,14,4,2.73,0.929,20.63140106201172,0.03643049699985568,0
I57_15_01.png,/kaggle/working/MDFS/data/KADID/extracted/kadid10k/images/I57_15_01.png,I57.png,57,15,1,3.8,0.945,19.214099884033203,0.03974798200033547,0
I57_15_03.png,/kaggle/working/MDFS/data/KADID/extracted/kadid10k/images/I57_15_03.png,I57.png,57,15,3,2.3,0.823,21.430173873901367,0.038207904000046256,0
I57_15_05.png,/kaggle/working/MDFS/data/KADID/extracted/kadid10k/images/I57_15_05.png,I57.png,57,15,5,1.4,0.712,24.303495407104492,0.03565323700058798,0
I57_16_02.png,/kaggle/working/MDFS/data/KADID/extracted/kadid10k/images/I57_16_02.png,I57.png,57,16,2,4.4,0.554,17.89552116394043,0.03893118100040738,0
I57_16_04.png,/kaggle/working/MDFS/data/KADID/extracted/kadid10k/images/I57_16_04.png,I57.png,57,16,4,1.8,0.748,19.34838104248047,0.03962530099943251,0
I57_17_01.png,/kaggle/working/MDFS/data/KADID/extracted/kadid10k/images/I57_17_01.png,I57.png,57,17,1,4.27,0.772,17.70888900756836,0.03881634299978032,0
I57_17_03.png,/kaggle/working/MDFS/data/KADID/extracted/kadid10k/images/I57_17_03.png,I57.png,57,17,3,4.0,0.632,17.5953311920166,0.03861137500007317,0
I57_17_05.png,/kaggle/working/MDFS/data/KADID/extracted/kadid10k/images/I57_17_05.png,I57.png,57,17,5,2.2,0.792,18.78017234802246,0.0381147289999717,0
I57_18_02.png,/kaggle/working/MDFS/data/KADID/extracted/kadid10k/images/I57_18_02.png,I57.png,57,18,2,4.3,0.64,17.898412704467773,0.038813547999779985,0
I57_18_04.png,/kaggle/working/MDFS/data/KADID/extracted/kadid10k/images/I57_18_04.png,I57.png,57,18,4,4.3,0.458,17.836868286132812,0.03816255900073884,0
I57_19_01.png,/kaggle/working/MDFS/data/KADID/extracted/kadid10k/images/I57_19_01.png,I57.png,57,19,1,4.23,0.716,17.648120880126953,0.03768761399987852,0
I57_19_03.png,/kaggle/working/MDFS/data/KADID/extracted/kadid10k/images/I57_19_03.png,I57.png,57,19,3,2.47,0.846,17.93277931213379,0.03552298700014944,0
I57_19_05.png,/kaggle/working/MDFS/data/KADID/extracted/kadid10k/images/I57_19_05.png,I57.png,57,19,5,1.37,0.547,23.76340103149414,0.037070891999974265,0
I57_20_02.png,/kaggle/working/MDFS/data/KADID/extracted/kadid10k/images/I57_20_02.png,I57.png,57,20,2,4.13,1.024,17.689123153686523,0.03900533399973938,0
I57_20_04.png,/kaggle/working/MDFS/data/KADID/extracted/kadid10k/images/I57_20_04.png,I57.png,57,20,4,3.97,0.875,17.64902114868164,0.03877833499973349,0
I57_21_01.png,/kaggle/working/MDFS/data/KADID/extracted/kadid10k/images/I57_21_01.png,I57.png,57,21,1,3.5,1.057,17.67195701599121,0.038368489000276895,0
I57_21_03.png,/kaggle/working/MDFS/data/KADID/extracted/kadid10k/images/I57_21_03.png,I57.png,57,21,3,2.5,1.088,18.271310806274414,0.0374764080006571,0
I57_21_05.png,/kaggle/working/MDFS/data/KADID/extracted/kadid10k/images/I57_21_05.png,I57.png,57,21,5,1.4,0.49,31.00634765625,0.03340010500050994,0
I57_22_02.png,/kaggle/working/MDFS/data/KADID/extracted/kadid10k/images/I57_22_02.png,I57.png,57,22,2,4.43,0.496,17.857194900512695,0.038365999999768974,0
I57_22_04.png,/kaggle/working/MDFS/data/KADID/extracted/kadid10k/images/I57_22_04.png,I57.png,57,22,4,4.13,0.718,18.257230758666992,0.03797921600016707,0
I57_23_01.png,/kaggle/working/MDFS/data/KADID/extracted/kadid10k/images/I57_23_01.png,I57.png,57,23,1,2.5,0.847,17.700353622436523,0.03927999700044893,0
I57_23_03.png,/kaggle/working/MDFS/data/KADID/extracted/kadid10k/images/I57_23_03.png,I57.png,57,23,3,2.03,0.912,17.628448486328125,0.03994249700008368,0
I57_23_05.png,/kaggle/working/MDFS/data/KADID/extracted/kadid10k/images/I57_23_05.png,I57.png,57,23,5,1.8,0.872,17.754976272583008,0.03949959700003092,0
I57_24_02.png,/kaggle/working/MDFS/data/KADID/extracted/kadid10k/images/I57_24_02.png,I57.png,57,24,2,1.7,0.69,21.718889236450195,0.03950658500070858,0
I57_24_04.png,/kaggle/working/MDFS/data/KADID/extracted/kadid10k/images/I57_24_04.png,I57.png,57,24,4,1.27,0.442,27.002647399902344,0.03726428100071644,0
I57_25_01.png,/kaggle/working/MDFS/data/KADID/extracted/kadid10k/images/I57_25_01.png,I57.png,57,25,1,2.97,0.912,18.303606033325195,0.0395943339999576,0
I57_25_03.png,/kaggle/working/MDFS/data/KADID/extracted/kadid10k/images/I57_25_03.png,I57.png,57,25,3,3.57,1.146,17.83528709411621,0.038285968999844044,0
I57_25_05.png,/kaggle/working/MDFS/data/KADID/extracted/kadid10k/images/I57_25_05.png,I57.png,57,25,5,3.07,0.814,17.647388458251953,0.03817225199964014,0
I58_01_02.png,/kaggle/working/MDFS/data/KADID/extracted/kadid10k/images/I58_01_02.png,I58.png,58,1,2,4.43,0.559,20.411516189575195,0.035808481000458414,0
I58_01_04.png,/kaggle/working/MDFS/data/KADID/extracted/kadid10k/images/I58_01_04.png,I58.png,58,1,4,2.6,0.917,30.408702850341797,0.035878855000191834,0
I58_02_01.png,/kaggle/working/MDFS/data/KADID/extracted/kadid10k/images/I58_02_01.png,I58.png,58,2,1,4.27,0.727,21.875654220581055,0.037329914000110875,0
I58_02_03.png,/kaggle/working/MDFS/data/KADID/extracted/kadid10k/images/I58_02_03.png,I58.png,58,2,3,2.47,0.806,29.946025848388672,0.03767218099983438,0
I58_02_05.png,/kaggle/working/MDFS/data/KADID/extracted/kadid10k/images/I58_02_05.png,I58.png,58,2,5,1.6,0.663,32.855892181396484,0.03689668700008042,0
I58_03_02.png,/kaggle/working/MDFS/data/KADID/extracted/kadid10k/images/I58_03_02.png,I58.png,58,3,2,4.47,0.499,20.927629470825195,0.03701696899952367,0
I58_03_04.png,/kaggle/working/MDFS/data/KADID/extracted/kadid10k/images/I58_03_04.png,I58.png,58,3,4,2.93,0.929,24.91512680053711,0.03669391299990821,0
I58_04_01.png,/kaggle/working/MDFS/data/KADID/extracted/kadid10k/images/I58_04_01.png,I58.png,58,4,1,4.17,0.453,20.06165313720703,0.03647177000038937,0
I58_04_03.png,/kaggle/working/MDFS/data/KADID/extracted/kadid10k/images/I58_04_03.png,I58.png,58,4,3,1.43,0.616,26.116167068481445,0.03552495100029773,0
I58_04_05.png,/kaggle/working/MDFS/data/KADID/extracted/kadid10k/images/I58_04_05.png,I58.png,58,4,5,1.0,0.0,28.38759422302246,0.03489433499998995,0
I58_05_02.png,/kaggle/working/MDFS/data/KADID/extracted/kadid10k/images/I58_05_02.png,I58.png,58,5,2,3.97,0.948,20.27876091003418,0.03648999800043384,0
I58_05_04.png,/kaggle/working/MDFS/data/KADID/extracted/kadid10k/images/I58_05_04.png,I58.png,58,5,4,2.47,0.806,20.21088981628418,0.0353105450003568,0
I58_06_01.png,/kaggle/working/MDFS/data/KADID/extracted/kadid10k/images/I58_06_01.png,I58.png,58,6,1,4.35,0.9,21.435163497924805,0.035323578999850724,0
I58_06_03.png,/kaggle/working/MDFS/data/KADID/extracted/kadid10k/images/I58_06_03.png,I58.png,58,6,3,3.3,1.038,21.669361114501953,0.0353280769995763,0
I58_06_05.png,/kaggle/working/MDFS/data/KADID/extracted/kadid10k/images/I58_06_05.png,I58.png,58,6,5,2.3,0.64,23.836145401000977,0.03351358999952936,0
I58_07_02.png,/kaggle/working/MDFS/data/KADID/extracted/kadid10k/images/I58_07_02.png,I58.png,58,7,2,2.13,0.991,20.018600463867188,0.03580887099997199,0
I58_07_04.png,/kaggle/working/MDFS/data/KADID/extracted/kadid10k/images/I58_07_04.png,I58.png,58,7,4,2.2,0.945,21.941692352294922,0.035682081999766524,0
I58_08_01.png,/kaggle/working/MDFS/data/KADID/extracted/kadid10k/images/I58_08_01.png,I58.png,58,8,1,4.73,0.512,19.77967071533203,0.03726114300025074,0
I58_08_03.png,/kaggle/working/MDFS/data/KADID/extracted/kadid10k/images/I58_08_03.png,I58.png,58,8,3,3.35,0.969,22.56313705444336,0.035171766000530624,0
I58_08_05.png,/kaggle/working/MDFS/data/KADID/extracted/kadid10k/images/I58_08_05.png,I58.png,58,8,5,1.3,0.586,24.53660774230957,0.03407732599953306,0
I58_09_02.png,/kaggle/working/MDFS/data/KADID/extracted/kadid10k/images/I58_09_02.png,I58.png,58,9,2,4.5,0.671,20.54160499572754,0.037075135999657505,0
I58_09_04.png,/kaggle/working/MDFS/data/KADID/extracted/kadid10k/images/I58_09_04.png,I58.png,58,9,4,3.52,0.798,24.90114402770996,0.03741250300026877,0
I58_10_01.png,/kaggle/working/MDFS/data/KADID/extracted/kadid10k/images/I58_10_01.png,I58.png,58,10,1,4.03,0.795,20.87137222290039,0.035936913000114146,0
I58_10_03.png,/kaggle/working/MDFS/data/KADID/extracted/kadid10k/images/I58_10_03.png,I58.png,58,10,3,3.3,0.936,21.970108032226562,0.03574754200053576,0
I58_10_05.png,/kaggle/working/MDFS/data/KADID/extracted/kadid10k/images/I58_10_05.png,I58.png,58,10,5,1.53,0.806,30.786094665527344,0.03377683899998374,0
I58_11_02.png,/kaggle/working/MDFS/data/KADID/extracted/kadid10k/images/I58_11_02.png,I58.png,58,11,2,3.2,0.748,23.336502075195312,0.03676275599991641,0
I58_11_04.png,/kaggle/working/MDFS/data/KADID/extracted/kadid10k/images/I58_11_04.png,I58.png,58,11,4,2.9,0.87,25.64818000793457,0.03660695599955943,0
I58_12_01.png,/kaggle/working/MDFS/data/KADID/extracted/kadid10k/images/I58_12_01.png,I58.png,58,12,1,4.37,0.706,21.194072723388672,0.03574817800017627,0
I58_12_03.png,/kaggle/working/MDFS/data/KADID/extracted/kadid10k/images/I58_12_03.png,I58.png,58,12,3,2.93,0.772,23.49356460571289,0.03480629899968335,0
I58_12_05.png,/kaggle/working/MDFS/data/KADID/extracted/kadid10k/images/I58_12_05.png,I58.png,58,12,5,2.17,0.687,26.32783317565918,0.03630970900030661,0
I58_13_02.png,/kaggle/working/MDFS/data/KADID/extracted/kadid10k/images/I58_13_02.png,I58.png,58,13,2,2.33,0.65,26.404966354370117,0.03759870799967757,0
I58_13_04.png,/kaggle/working/MDFS/data/KADID/extracted/kadid10k/images/I58_13_04.png,I58.png,58,13,4,2.13,1.056,25.434701919555664,0.03637064200029272,0
I58_14_01.png,/kaggle/working/MDFS/data/KADID/extracted/kadid10k/images/I58_14_01.png,I58.png,58,14,1,4.37,0.657,20.85552406311035,0.03604384099980962,0
I58_14_03.png,/kaggle/working/MDFS/data/KADID/extracted/kadid10k/images/I58_14_03.png,I58.png,58,14,3,3.37,0.752,22.08494758605957,0.03525919299954694,0
I58_14_05.png,/kaggle/working/MDFS/data/KADID/extracted/kadid10k/images/I58_14_05.png,I58.png,58,14,5,2.27,0.68,24.982633590698242,0.03600021999955061,0
I58_15_02.png,/kaggle/working/MDFS/data/KADID/extracted/kadid10k/images/I58_15_02.png,I58.png,58,15,2,2.77,1.023,22.674610137939453,0.0374794950002979,0
I58_15_04.png,/kaggle/working/MDFS/data/KADID/extracted/kadid10k/images/I58_15_04.png,I58.png,58,15,4,1.77,0.716,23.882089614868164,0.03671801700056676,0
I58_16_01.png,/kaggle/working/MDFS/data/KADID/extracted/kadid10k/images/I58_16_01.png,I58.png,58,16,1,4.83,0.373,19.40331268310547,0.03610095000021829,0
I58_16_03.png,/kaggle/working/MDFS/data/KADID/extracted/kadid10k/images/I58_16_03.png,I58.png,58,16,3,4.17,0.687,19.925817489624023,0.03537376199983555,0
I58_16_05.png,/kaggle/working/MDFS/data/KADID/extracted/kadid10k/images/I58_16_05.png,I58.png,58,16,5,2.33,0.699,22.632125854492188,0.03623455000069953,0
I58_17_02.png,/kaggle/working/MDFS/data/KADID/extracted/kadid10k/images/I58_17_02.png,I58.png,58,17,2,4.57,0.559,19.944589614868164,0.0373062859998754,0
I58_17_04.png,/kaggle/working/MDFS/data/KADID/extracted/kadid10k/images/I58_17_04.png,I58.png,58,17,4,3.5,0.671,20.630556106567383,0.03600026500043896,0
I58_18_01.png,/kaggle/working/MDFS/data/KADID/extracted/kadid10k/images/I58_18_01.png,I58.png,58,18,1,4.37,0.547,20.259031295776367,0.03627929699996457,0
I58_18_03.png,/kaggle/working/MDFS/data/KADID/extracted/kadid10k/images/I58_18_03.png,I58.png,58,18,3,4.83,0.373,19.77967071533203,0.03533436099951359,0
I58_18_05.png,/kaggle/working/MDFS/data/KADID/extracted/kadid10k/images/I58_18_05.png,I58.png,58,18,5,3.73,0.814,21.232616424560547,0.035171088999959466,0
I58_19_02.png,/kaggle/working/MDFS/data/KADID/extracted/kadid10k/images/I58_19_02.png,I58.png,58,19,2,4.3,0.526,19.413204193115234,0.036608280999644194,0
I58_19_04.png,/kaggle/working/MDFS/data/KADID/extracted/kadid10k/images/I58_19_04.png,I58.png,58,19,4,1.97,0.875,20.3623046875,0.03524761700009549,0
I58_20_01.png,/kaggle/working/MDFS/data/KADID/extracted/kadid10k/images/I58_20_01.png,I58.png,58,20,1,4.07,0.772,19.615985870361328,0.035790126000392775,0
I58_20_03.png,/kaggle/working/MDFS/data/KADID/extracted/kadid10k/images/I58_20_03.png,I58.png,58,20,3,3.07,1.181,19.639081954956055,0.035999488000015845,0
I58_20_05.png,/kaggle/working/MDFS/data/KADID/extracted/kadid10k/images/I58_20_05.png,I58.png,58,20,5,3.03,1.379,19.558624267578125,0.03731883199998265,0
I58_21_02.png,/kaggle/working/MDFS/data/KADID/extracted/kadid10k/images/I58_21_02.png,I58.png,58,21,2,3.5,0.885,20.266828536987305,0.0360312229995543,0
I58_21_04.png,/kaggle/working/MDFS/data/KADID/extracted/kadid10k/images/I58_21_04.png,I58.png,58,21,4,3.29,0.923,20.87767219543457,0.03443396799957554,0
I58_22_01.png,/kaggle/working/MDFS/data/KADID/extracted/kadid10k/images/I58_22_01.png,I58.png,58,22,1,2.9,1.221,21.2903995513916,0.04239761000008002,0
I58_22_03.png,/kaggle/working/MDFS/data/KADID/extracted/kadid10k/images/I58_22_03.png,I58.png,58,22,3,2.3,0.823,22.186193466186523,0.04387496599974838,0
I58_22_05.png,/kaggle/working/MDFS/data/KADID/extracted/kadid10k/images/I58_22_05.png,I58.png,58,22,5,2.0,0.816,24.566591262817383,0.03238108200002898,0
I58_23_02.png,/kaggle/working/MDFS/data/KADID/extracted/kadid10k/images/I58_23_02.png,I58.png,58,23,2,2.4,0.712,19.64781951904297,0.03629428400017787,0
I58_23_04.png,/kaggle/working/MDFS/data/KADID/extracted/kadid10k/images/I58_23_04.png,I58.png,58,23,4,2.33,0.943,19.59933090209961,0.03751288200055569,0
I58_24_01.png,/kaggle/working/MDFS/data/KADID/extracted/kadid10k/images/I58_24_01.png,I58.png,58,24,1,4.3,0.526,20.483163833618164,0.03796480500022881,0
I58_24_03.png,/kaggle/working/MDFS/data/KADID/extracted/kadid10k/images/I58_24_03.png,I58.png,58,24,3,3.13,1.07,22.575672149658203,0.03745750800044334,0
I58_24_05.png,/kaggle/working/MDFS/data/KADID/extracted/kadid10k/images/I58_24_05.png,I58.png,58,24,5,1.7,0.64,25.062942504882812,0.03745470400008344,0
I58_25_02.png,/kaggle/working/MDFS/data/KADID/extracted/kadid10k/images/I58_25_02.png,I58.png,58,25,2,4.07,0.68,20.920373916625977,0.03470297700005176,0
I58_25_04.png,/kaggle/working/MDFS/data/KADID/extracted/kadid10k/images/I58_25_04.png,I58.png,58,25,4,4.1,0.943,19.639114379882812,0.03670111100018403,0
I59_01_01.png,/kaggle/working/MDFS/data/KADID/extracted/kadid10k/images/I59_01_01.png,I59.png,59,1,1,4.8,0.4,17.225276947021484,0.03809467000064615,0
I59_01_03.png,/kaggle/working/MDFS/data/KADID/extracted/kadid10k/images/I59_01_03.png,I59.png,59,1,3,3.2,0.653,21.471731185913086,0.03837084899987531,0
I59_01_05.png,/kaggle/working/MDFS/data/KADID/extracted/kadid10k/images/I59_01_05.png,I59.png,59,1,5,1.37,0.605,37.369380950927734,0.03780187499978638,0
I59_02_02.png,/kaggle/working/MDFS/data/KADID/extracted/kadid10k/images/I59_02_02.png,I59.png,59,2,2,3.03,0.836,23.17938804626465,0.03810485700068966,0
I59_02_04.png,/kaggle/working/MDFS/data/KADID/extracted/kadid10k/images/I59_02_04.png,I59.png,59,2,4,1.47,0.499,28.84231948852539,0.03722022999954788,0
I59_03_01.png,/kaggle/working/MDFS/data/KADID/extracted/kadid10k/images/I59_03_01.png,I59.png,59,3,1,4.83,0.373,17.225276947021484,0.03629180299958534,0
I59_03_03.png,/kaggle/working/MDFS/data/KADID/extracted/kadid10k/images/I59_03_03.png,I59.png,59,3,3,3.43,0.803,19.434221267700195,0.037491219000003184,0
I59_03_05.png,/kaggle/working/MDFS/data/KADID/extracted/kadid10k/images/I59_03_05.png,I59.png,59,3,5,1.47,0.499,22.948486328125,0.037006367999310896,0
I59_04_02.png,/kaggle/working/MDFS/data/KADID/extracted/kadid10k/images/I59_04_02.png,I59.png,59,4,2,3.17,0.898,18.396724700927734,0.038203506999707315,0
I59_04_04.png,/kaggle/working/MDFS/data/KADID/extracted/kadid10k/images/I59_04_04.png,I59.png,59,4,4,2.43,0.844,18.846912384033203,0.0365564510002514,0
I59_05_01.png,/kaggle/working/MDFS/data/KADID/extracted/kadid10k/images/I59_05_01.png,I59.png,59,5,1,4.67,0.471,18.372173309326172,0.036648543999945105,0
I59_05_03.png,/kaggle/working/MDFS/data/KADID/extracted/kadid10k/images/I59_05_03.png,I59.png,59,5,3,1.9,0.597,19.343137741088867,0.03612727200015797,0
I59_05_05.png,/kaggle/working/MDFS/data/KADID/extracted/kadid10k/images/I59_05_05.png,I59.png,59,5,5,1.4,0.554,19.132301330566406,0.03667404799944052,0
I59_06_02.png,/kaggle/working/MDFS/data/KADID/extracted/kadid10k/images/I59_06_02.png,I59.png,59,6,2,3.97,0.795,18.840227127075195,0.03648961699946085,0
I59_06_04.png,/kaggle/working/MDFS/data/KADID/extracted/kadid10k/images/I59_06_04.png,I59.png,59,6,4,3.37,1.016,20.140029907226562,0.035928193000472675,0
I59_07_01.png,/kaggle/working/MDFS/data/KADID/extracted/kadid10k/images/I59_07_01.png,I59.png,59,7,1,3.13,0.921,17.30257225036621,0.03691280400016694,0
I59_07_03.png,/kaggle/working/MDFS/data/KADID/extracted/kadid10k/images/I59_07_03.png,I59.png,59,7,3,2.8,1.222,18.770702362060547,0.03588854099962191,0
I59_07_05.png,/kaggle/working/MDFS/data/KADID/extracted/kadid10k/images/I59_07_05.png,I59.png,59,7,5,2.19,0.737,18.649566650390625,0.0358215440001004,0
I59_08_02.png,/kaggle/working/MDFS/data/KADID/extracted/kadid10k/images/I59_08_02.png,I59.png,59,8,2,3.27,0.929,17.873104095458984,0.03740887000003568,0
I59_08_04.png,/kaggle/working/MDFS/data/KADID/extracted/kadid10k/images/I59_08_04.png,I59.png,59,8,4,2.4,1.083,19.421733856201172,0.03693314699921757,0
I59_09_01.png,/kaggle/working/MDFS/data/KADID/extracted/kadid10k/images/I59_09_01.png,I59.png,59,9,1,4.63,0.482,18.215547561645508,0.03680676200019661,0
I59_09_03.png,/kaggle/working/MDFS/data/KADID/extracted/kadid10k/images/I59_09_03.png,I59.png,59,9,3,4.4,0.663,21.696640014648438,0.03778450299978431,0
I59_09_05.png,/kaggle/working/MDFS/data/KADID/extracted/kadid10k/images/I59_09_05.png,I59.png,59,9,5,1.3,0.458,34.28429412841797,0.03676095399987389,0
I59_10_02.png,/kaggle/working/MDFS/data/KADID/extracted/kadid10k/images/I59_10_02.png,I59.png,59,10,2,4.77,0.423,19.30491065979004,0.03678968099939084,0
I59_10_04.png,/kaggle/working/MDFS/data/KADID/extracted/kadid10k/images/I59_10_04.png,I59.png,59,10,4,2.5,1.025,27.203222274780273,0.037393349999547354,0
I59_11_01.png,/kaggle/working/MDFS/data/KADID/extracted/kadid10k/images/I59_11_01.png,I59.png,59,11,1,4.29,0.77,18.655902862548828,0.03659789100038324,0
I59_11_03.png,/kaggle/working/MDFS/data/KADID/extracted/kadid10k/images/I59_11_03.png,I59.png,59,11,3,3.43,0.955,20.970054626464844,0.03580915000020468,0
I59_11_05.png,/kaggle/working/MDFS/data/KADID/extracted/kadid10k/images/I59_11_05.png,I59.png,59,11,5,2.3,0.69,26.06227684020996,0.03580279600009817,0
I59_12_02.png,/kaggle/working/MDFS/data/KADID/extracted/kadid10k/images/I59_12_02.png,I59.png,59,12,2,4.03,0.752,19.059717178344727,0.03673522699955356,0
I59_12_04.png,/kaggle/working/MDFS/data/KADID/extracted/kadid10k/images/I59_12_04.png,I59.png,59,12,4,2.97,0.752,22.71721839904785,0.0378349269994942,0
I59_13_01.png,/kaggle/working/MDFS/data/KADID/extracted/kadid10k/images/I59_13_01.png,I59.png,59,13,1,4.27,0.814,17.37759780883789,0.038303020000057586,0
I59_13_03.png,/kaggle/working/MDFS/data/KADID/extracted/kadid10k/images/I59_13_03.png,I59.png,59,13,3,2.77,0.844,19.515460968017578,0.03818810200027656,0
I59_13_05.png,/kaggle/working/MDFS/data/KADID/extracted/kadid10k/images/I59_13_05.png,I59.png,59,13,5,2.3,0.64,23.692081451416016,0.037952034000227286,0
I59_14_02.png,/kaggle/working/MDFS/data/KADID/extracted/kadid10k/images/I59_14_02.png,I59.png,59,14,2,4.13,0.884,19.475820541381836,0.037069769000481756,0
I59_14_04.png,/kaggle/working/MDFS/data/KADID/extracted/kadid10k/images/I59_14_04.png,I59.png,59,14,4,2.77,0.883,23.319761276245117,0.03726127299978543,0
I59_15_01.png,/kaggle/working/MDFS/data/KADID/extracted/kadid10k/images/I59_15_01.png,I59.png,59,15,1,4.13,0.618,19.28065299987793,0.03781352500027424,0
I59_15_03.png,/kaggle/working/MDFS/data/KADID/extracted/kadid10k/images/I59_15_03.png,I59.png,59,15,3,2.53,0.957,22.124149322509766,0.0371575640001538,0
I59_15_05.png,/kaggle/working/MDFS/data/KADID/extracted/kadid10k/images/I59_15_05.png,I59.png,59,15,5,1.5,0.5,25.787700653076172,0.03776942000058625,0
I59_16_02.png,/kaggle/working/MDFS/data/KADID/extracted/kadid10k/images/I59_16_02.png,I59.png,59,16,2,4.47,0.618,17.405391693115234,0.03832352599965816,0
I59_16_04.png,/kaggle/working/MDFS/data/KADID/extracted/kadid10k/images/I59_16_04.png,I59.png,59,16,4,2.9,0.907,18.63724708557129,0.036875798999972176,0
I59_17_01.png,/kaggle/working/MDFS/data/KADID/extracted/kadid10k/images/I59_17_01.png,I59.png,59,17,1,4.83,0.373,17.193092346191406,0.03659417500057316,0
I59_17_03.png,/kaggle/working/MDFS/data/KADID/extracted/kadid10k/images/I59_17_03.png,I59.png,59,17,3,4.3,0.586,17.159210205078125,0.03645622400017601,0
I59_17_05.png,/kaggle/working/MDFS/data/KADID/extracted/kadid10k/images/I59_17_05.png,I59.png,59,17,5,2.37,1.08,19.551998138427734,0.036085300000195275,0
I59_18_02.png,/kaggle/working/MDFS/data/KADID/extracted/kadid10k/images/I59_18_02.png,I59.png,59,18,2,4.7,0.458,17.34998893737793,0.03787252100028127,0
I59_18_04.png,/kaggle/working/MDFS/data/KADID/extracted/kadid10k/images/I59_18_04.png,I59.png,59,18,4,4.43,0.559,17.342288970947266,0.03817445599997882,0
I59_19_01.png,/kaggle/working/MDFS/data/KADID/extracted/kadid10k/images/I59_19_01.png,I59.png,59,19,1,4.53,0.562,17.21737289428711,0.0375267809995421,0
I59_19_03.png,/kaggle/working/MDFS/data/KADID/extracted/kadid10k/images/I59_19_03.png,I59.png,59,19,3,3.7,0.862,17.79872703552246,0.03638100299940561,0
I59_19_05.png,/kaggle/working/MDFS/data/KADID/extracted/kadid10k/images/I59_19_05.png,I59.png,59,19,5,1.13,0.34,24.200828552246094,0.03630127099950187,0
I59_20_02.png,/kaggle/working/MDFS/data/KADID/extracted/kadid10k/images/I59_20_02.png,I59.png,59,20,2,4.57,0.616,17.167146682739258,0.03674145600052725,0
I59_20_04.png,/kaggle/working/MDFS/data/KADID/extracted/kadid10k/images/I59_20_04.png,I59.png,59,20,4,4.23,0.92,17.14830207824707,0.03716200100006972,0
I59_21_01.png,/kaggle/working/MDFS/data/KADID/extracted/kadid10k/images/I59_21_01.png,I59.png,59,21,1,4.5,0.719,17.427946090698242,0.03790475999994669,0
I59_21_03.png,/kaggle/working/MDFS/data/KADID/extracted/kadid10k/images/I59_21_03.png,I59.png,59,21,3,3.8,0.98,18.062137603759766,0.03743627799940441,0
I59_21_05.png,/kaggle/working/MDFS/data/KADID/extracted/kadid10k/images/I59_21_05.png,I59.png,59,21,5,1.53,0.562,29.056842803955078,0.034127517999877455,0
I59_22_02.png,/kaggle/working/MDFS/data/KADID/extracted/kadid10k/images/I59_22_02.png,I59.png,59,22,2,4.48,0.757,17.404151916503906,0.03610971299985977,0
I59_22_04.png,/kaggle/working/MDFS/data/KADID/extracted/kadid10k/images/I59_22_04.png,I59.png,59,22,4,3.73,0.964,17.710189819335938,0.03713932299979206,0
I59_23_01.png,/kaggle/working/MDFS/data/KADID/extracted/kadid10k/images/I59_23_01.png,I59.png,59,23,1,2.87,0.846,17.198246002197266,0.03821199599951797,0
I59_23_03.png,/kaggle/working/MDFS/data/KADID/extracted/kadid10k/images/I59_23_03.png,I59.png,59,23,3,2.5,0.806,17.261760711669922,0.03756510499988508,0
I59_23_05.png,/kaggle/working/MDFS/data/KADID/extracted/kadid10k/images/I59_23_05.png,I59.png,59,23,5,2.3,0.936,17.371219635009766,0.037280812000062724,0
I59_24_02.png,/kaggle/working/MDFS/data/KADID/extracted/kadid10k/images/I59_24_02.png,I59.png,59,24,2,2.93,0.929,20.2951602935791,0.036590478000107396,0
I59_24_04.png,/kaggle/working/MDFS/data/KADID/extracted/kadid10k/images/I59_24_04.png,I59.png,59,24,4,1.8,0.748,24.730871200561523,0.035189669999454054,0
I59_25_01.png,/kaggle/working/MDFS/data/KADID/extracted/kadid10k/images/I59_25_01.png,I59.png,59,25,1,4.0,0.568,17.891569137573242,0.03754316499998822,0
I59_25_03.png,/kaggle/working/MDFS/data/KADID/extracted/kadid10k/images/I59_25_03.png,I59.png,59,25,3,4.39,0.487,17.275609970092773,0.0383284179997645,0
I59_25_05.png,/kaggle/working/MDFS/data/KADID/extracted/kadid10k/images/I59_25_05.png,I59.png,59,25,5,2.93,1.093,17.628154754638672,0.038833017999422736,0
I60_01_02.png,/kaggle/working/MDFS/data/KADID/extracted/kadid10k/images/I60_01_02.png,I60.png,60,1,2,4.6,0.554,18.765892028808594,0.039672805999543925,0
I60_01_04.png,/kaggle/working/MDFS/data/KADID/extracted/kadid10k/images/I60_01_04.png,I60.png,60,1,4,1.97,0.605,30.123586654663086,0.03734644100040896,0
I60_02_01.png,/kaggle/working/MDFS/data/KADID/extracted/kadid10k/images/I60_02_01.png,I60.png,60,2,1,4.16,0.677,20.22173500061035,0.03745922699999937,0
I60_02_03.png,/kaggle/working/MDFS/data/KADID/extracted/kadid10k/images/I60_02_03.png,I60.png,60,2,3,1.8,0.702,29.1937255859375,0.036482296000031056,0
I60_02_05.png,/kaggle/working/MDFS/data/KADID/extracted/kadid10k/images/I60_02_05.png,I60.png,60,2,5,1.2,0.4,32.914981842041016,0.03661285399994085,0
I60_03_02.png,/kaggle/working/MDFS/data/KADID/extracted/kadid10k/images/I60_03_02.png,I60.png,60,3,2,4.7,0.458,19.92635726928711,0.03855300399936823,0
I60_03_04.png,/kaggle/working/MDFS/data/KADID/extracted/kadid10k/images/I60_03_04.png,I60.png,60,3,4,2.77,0.761,22.614389419555664,0.038612192000073264,0
I60_04_01.png,/kaggle/working/MDFS/data/KADID/extracted/kadid10k/images/I60_04_01.png,I60.png,60,4,1,4.57,0.559,18.776580810546875,0.040514669999538455,0
I60_04_03.png,/kaggle/working/MDFS/data/KADID/extracted/kadid10k/images/I60_04_03.png,I60.png,60,4,3,1.33,0.471,23.085283279418945,0.037599313000100665,0
I60_04_05.png,/kaggle/working/MDFS/data/KADID/extracted/kadid10k/images/I60_04_05.png,I60.png,60,4,5,1.13,0.34,25.130573272705078,0.03680817599979491,0
I60_05_02.png,/kaggle/working/MDFS/data/KADID/extracted/kadid10k/images/I60_05_02.png,I60.png,60,5,2,2.87,1.258,19.427169799804688,0.03821724200042809,0
I60_05_04.png,/kaggle/working/MDFS/data/KADID/extracted/kadid10k/images/I60_05_04.png,I60.png,60,5,4,2.5,0.847,19.248971939086914,0.03826657100034936,0
I60_06_01.png,/kaggle/working/MDFS/data/KADID/extracted/kadid10k/images/I60_06_01.png,I60.png,60,6,1,4.03,0.795,22.5628719329834,0.034436048999850755,0
I60_06_03.png,/kaggle/working/MDFS/data/KADID/extracted/kadid10k/images/I60_06_03.png,I60.png,60,6,3,3.63,0.836,22.627628326416016,0.03583021800022834,0
I60_06_05.png,/kaggle/working/MDFS/data/KADID/extracted/kadid10k/images/I60_06_05.png,I60.png,60,6,5,2.53,0.921,23.780967712402344,0.035278514999845356,0
I60_07_02.png,/kaggle/working/MDFS/data/KADID/extracted/kadid10k/images/I60_07_02.png,I60.png,60,7,2,2.63,1.197,19.60639190673828,0.038398414999392116,0
I60_07_04.png,/kaggle/working/MDFS/data/KADID/extracted/kadid10k/images/I60_07_04.png,I60.png,60,7,4,1.8,0.833,22.477964401245117,0.03593716700015648,0
I60_08_01.png,/kaggle/working/MDFS/data/KADID/extracted/kadid10k/images/I60_08_01.png,I60.png,60,8,1,4.6,0.49,18.817819595336914,0.037579026000457816,0
I60_08_03.png,/kaggle/working/MDFS/data/KADID/extracted/kadid10k/images/I60_08_03.png,I60.png,60,8,3,1.87,0.921,23.200252532958984,0.03737159899992548,0
I60_08_05.png,/kaggle/working/MDFS/data/KADID/extracted/kadid10k/images/I60_08_05.png,I60.png,60,8,5,1.47,0.562,28.585437774658203,0.03709011699993425,0
I60_09_02.png,/kaggle/working/MDFS/data/KADID/extracted/kadid10k/images/I60_09_02.png,I60.png,60,9,2,4.13,0.846,20.90083885192871,0.03882878599961259,0
I60_09_04.png,/kaggle/working/MDFS/data/KADID/extracted/kadid10k/images/I60_09_04.png,I60.png,60,9,4,2.33,0.869,28.280363082885742,0.03899443199952657,0
I60_10_01.png,/kaggle/working/MDFS/data/KADID/extracted/kadid10k/images/I60_10_01.png,I60.png,60,10,1,4.57,0.667,20.27566146850586,0.037777604999973846,0
I60_10_03.png,/kaggle/working/MDFS/data/KADID/extracted/kadid10k/images/I60_10_03.png,I60.png,60,10,3,4.16,0.766,21.469274520874023,0.03715187899979355,0
I60_10_05.png,/kaggle/working/MDFS/data/KADID/extracted/kadid10k/images/I60_10_05.png,I60.png,60,10,5,1.47,0.618,30.718599319458008,0.035195796999687445,0
I60_11_02.png,/kaggle/working/MDFS/data/KADID/extracted/kadid10k/images/I60_11_02.png,I60.png,60,11,2,3.47,0.846,22.4165096282959,0.03607868100061751,0
I60_11_04.png,/kaggle/working/MDFS/data/KADID/extracted/kadid10k/images/I60_11_04.png,I60.png,60,11,4,2.7,0.781,24.41240882873535,0.03703732600024523,0
I60_12_01.png,/kaggle/working/MDFS/data/KADID/extracted/kadid10k/images/I60_12_01.png,I60.png,60,12,1,4.53,0.67,20.495752334594727,0.03725109999959386,0
I60_12_03.png,/kaggle/working/MDFS/data/KADID/extracted/kadid10k/images/I60_12_03.png,I60.png,60,12,3,3.57,0.803,22.937725067138672,0.036073880000003555,0
I60_12_05.png,/kaggle/working/MDFS/data/KADID/extracted/kadid10k/images/I60_12_05.png,I60.png,60,12,5,2.45,0.797,25.864299774169922,0.036042935000295984,0
I60_13_02.png,/kaggle/working/MDFS/data/KADID/extracted/kadid10k/images/I60_13_02.png,I60.png,60,13,2,2.93,0.929,19.82693862915039,0.0369016049999118,0
I60_13_04.png,/kaggle/working/MDFS/data/KADID/extracted/kadid10k/images/I60_13_04.png,I60.png,60,13,4,2.57,0.92,22.925342559814453,0.03686971800016181,0
I60_14_01.png,/kaggle/working/MDFS/data/KADID/extracted/kadid10k/images/I60_14_01.png,I60.png,60,14,1,4.47,0.562,20.669952392578125,0.03715514699979394,0
I60_14_03.png,/kaggle/working/MDFS/data/KADID/extracted/kadid10k/images/I60_14_03.png,I60.png,60,14,3,3.2,0.872,23.239011764526367,0.03662546499981545,0
I60_14_05.png,/kaggle/working/MDFS/data/KADID/extracted/kadid10k/images/I60_14_05.png,I60.png,60,14,5,1.97,0.706,27.229068756103516,0.0355546629998571,0
I60_15_02.png,/kaggle/working/MDFS/data/KADID/extracted/kadid10k/images/I60_15_02.png,I60.png,60,15,2,2.97,0.752,21.40436553955078,0.03712116800033982,0
I60_15_04.png,/kaggle/working/MDFS/data/KADID/extracted/kadid10k/images/I60_15_04.png,I60.png,60,15,4,1.87,0.718,23.409828186035156,0.03611540200017771,0
I60_16_01.png,/kaggle/working/MDFS/data/KADID/extracted/kadid10k/images/I60_16_01.png,I60.png,60,16,1,4.57,0.496,18.792478561401367,0.038719694999599596,0
I60_16_03.png,/kaggle/working/MDFS/data/KADID/extracted/kadid10k/images/I60_16_03.png,I60.png,60,16,3,3.43,0.883,18.78577423095703,0.03934528599984333,0
I60_16_05.png,/kaggle/working/MDFS/data/KADID/extracted/kadid10k/images/I60_16_05.png,I60.png,60,16,5,1.93,0.929,21.380754470825195,0.038974455999778,0
I60_17_02.png,/kaggle/working/MDFS/data/KADID/extracted/kadid10k/images/I60_17_02.png,I60.png,60,17,2,4.5,0.563,18.868764877319336,0.03912969700013491,0
I60_17_04.png,/kaggle/working/MDFS/data/KADID/extracted/kadid10k/images/I60_17_04.png,I60.png,60,17,4,3.47,0.921,19.07171630859375,0.039940765999745054,0
I60_18_01.png,/kaggle/working/MDFS/data/KADID/extracted/kadid10k/images/I60_18_01.png,I60.png,60,18,1,4.5,0.671,19.341777801513672,0.03853760099991632,0
I60_18_03.png,/kaggle/working/MDFS/data/KADID/extracted/kadid10k/images/I60_18_03.png,I60.png,60,18,3,4.65,0.478,18.817819595336914,0.037742900000012014,0
I60_18_05.png,/kaggle/working/MDFS/data/KADID/extracted/kadid10k/images/I60_18_05.png,I60.png,60,18,5,4.13,0.846,19.32767105102539,0.036973551000301086,0
I60_19_02.png,/kaggle/working/MDFS/data/KADID/extracted/kadid10k/images/I60_19_02.png,I60.png,60,19,2,3.73,0.814,18.233261108398438,0.037718010999924445,0
I60_19_04.png,/kaggle/working/MDFS/data/KADID/extracted/kadid10k/images/I60_19_04.png,I60.png,60,19,4,2.13,0.618,21.164993286132812,0.03602542099997663,0
I60_20_01.png,/kaggle/working/MDFS/data/KADID/extracted/kadid10k/images/I60_20_01.png,I60.png,60,20,1,4.27,0.964,18.804576873779297,0.03896977600015816,0
I60_20_03.png,/kaggle/working/MDFS/data/KADID/extracted/kadid10k/images/I60_20_03.png,I60.png,60,20,3,3.6,1.227,18.544343948364258,0.039180327000394755,0
I60_20_05.png,/kaggle/working/MDFS/data/KADID/extracted/kadid10k/images/I60_20_05.png,I60.png,60,20,5,3.33,1.193,18.496919631958008,0.039583019000019704,0
I60_21_02.png,/kaggle/working/MDFS/data/KADID/extracted/kadid10k/images/I60_21_02.png,I60.png,60,21,2,3.5,0.957,19.23811912536621,0.04322625300028449,0
I60_21_04.png,/kaggle/working/MDFS/data/KADID/extracted/kadid10k/images/I60_21_04.png,I60.png,60,21,4,3.13,1.056,20.40901756286621,0.03676136700050847,0
I60_22_01.png,/kaggle/working/MDFS/data/KADID/extracted/kadid10k/images/I60_22_01.png,I60.png,60,22,1,4.27,0.814,19.29404067993164,0.03760014700037573,0
I60_22_03.png,/kaggle/working/MDFS/data/KADID/extracted/kadid10k/images/I60_22_03.png,I60.png,60,22,3,3.83,0.934,19.281766891479492,0.036401203000423266,0
I60_22_05.png,/kaggle/working/MDFS/data/KADID/extracted/kadid10k/images/I60_22_05.png,I60.png,60,22,5,3.17,0.934,20.39415740966797,0.034141240999815636,0
I60_23_02.png,/kaggle/working/MDFS/data/KADID/extracted/kadid10k/images/I60_23_02.png,I60.png,60,23,2,2.81,1.33,18.66623878479004,0.043553866000365815,0
I60_23_04.png,/kaggle/working/MDFS/data/KADID/extracted/kadid10k/images/I60_23_04.png,I60.png,60,23,4,1.8,0.702,18.652612686157227,0.04789986800005863,0
I60_24_01.png,/kaggle/working/MDFS/data/KADID/extracted/kadid10k/images/I60_24_01.png,I60.png,60,24,1,3.6,1.052,19.665040969848633,0.045444985999893106,0
I60_24_03.png,/kaggle/working/MDFS/data/KADID/extracted/kadid10k/images/I60_24_03.png,I60.png,60,24,3,2.13,0.846,21.39534568786621,0.03834699199978786,0
I60_24_05.png,/kaggle/working/MDFS/data/KADID/extracted/kadid10k/images/I60_24_05.png,I60.png,60,24,5,1.57,0.616,24.93792724609375,0.03913298499992379,0
I60_25_02.png,/kaggle/working/MDFS/data/KADID/extracted/kadid10k/images/I60_25_02.png,I60.png,60,25,2,3.93,0.772,19.626846313476562,0.03894475500055705,0
I60_25_04.png,/kaggle/working/MDFS/data/KADID/extracted/kadid10k/images/I60_25_04.png,I60.png,60,25,4,4.1,0.943,18.364171981811523,0.03825779399994644,0
I61_01_01.png,/kaggle/working/MDFS/data/KADID/extracted/kadid10k/images/I61_01_01.png,I61.png,61,1,1,4.47,0.562,16.996829986572266,0.03802973099936935,0
I61_01_03.png,/kaggle/working/MDFS/data/KADID/extracted/kadid10k/images/I61_01_03.png,I61.png,61,1,3,2.73,0.854,20.058988571166992,0.038030238999454014,0
I61_01_05.png,/kaggle/working/MDFS/data/KADID/extracted/kadid10k/images/I61_01_05.png,I61.png,61,1,5,1.13,0.34,39.40426254272461,0.03686498300066887,0
I61_02_02.png,/kaggle/working/MDFS/data/KADID/extracted/kadid10k/images/I61_02_02.png,I61.png,61,2,2,2.87,0.846,21.70278549194336,0.037599129999762226,0
I61_02_04.png,/kaggle/working/MDFS/data/KADID/extracted/kadid10k/images/I61_02_04.png,I61.png,61,2,4,1.27,0.442,26.708295822143555,0.0375851220005643,0
I61_03_01.png,/kaggle/working/MDFS/data/KADID/extracted/kadid10k/images/I61_03_01.png,I61.png,61,3,1,4.43,0.716,16.996829986572266,0.039621683999939705,0
I61_03_03.png,/kaggle/working/MDFS/data/KADID/extracted/kadid10k/images/I61_03_03.png,I61.png,61,3,3,2.37,0.657,19.58878517150879,0.03901647700058675,0
I61_03_05.png,/kaggle/working/MDFS/data/KADID/extracted/kadid10k/images/I61_03_05.png,I61.png,61,3,5,1.45,0.559,21.942209243774414,0.03879127399977733,0
I61_04_02.png,/kaggle/working/MDFS/data/KADID/extracted/kadid10k/images/I61_04_02.png,I61.png,61,4,2,2.7,0.971,17.653837203979492,0.03942599699985294,0
I61_04_04.png,/kaggle/working/MDFS/data/KADID/extracted/kadid10k/images/I61_04_04.png,I61.png,61,4,4,1.5,0.719,18.293254852294922,0.03860247699958563,0
I61_05_01.png,/kaggle/working/MDFS/data/KADID/extracted/kadid10k/images/I61_05_01.png,I61.png,61,5,1,4.47,0.618,17.53448486328125,0.039009030999295646,0
I61_05_03.png,/kaggle/working/MDFS/data/KADID/extracted/kadid10k/images/I61_05_03.png,I61.png,61,5,3,1.77,0.559,18.449522018432617,0.038797039999735716,0
I61_05_05.png,/kaggle/working/MDFS/data/KADID/extracted/kadid10k/images/I61_05_05.png,I61.png,61,5,5,1.63,0.706,17.668624877929688,0.03846368000085931,0
I61_06_02.png,/kaggle/working/MDFS/data/KADID/extracted/kadid10k/images/I61_06_02.png,I61.png,61,6,2,4.17,0.778,18.20895004272461,0.0358769869999378,0
I61_06_04.png,/kaggle/working/MDFS/data/KADID/extracted/kadid10k/images/I61_06_04.png,I61.png,61,6,4,3.73,0.929,19.51211929321289,0.035813369000607054,0
I61_07_01.png,/kaggle/working/MDFS/data/KADID/extracted/kadid10k/images/I61_07_01.png,I61.png,61,7,1,2.9,1.106,17.82339096069336,0.040727542000240646,0
I61_07_03.png,/kaggle/working/MDFS/data/KADID/extracted/kadid10k/images/I61_07_03.png,I61.png,61,7,3,2.33,1.247,19.64706802368164,0.03992297500008135,0
I61_07_05.png,/kaggle/working/MDFS/data/KADID/extracted/kadid10k/images/I61_07_05.png,I61.png,61,7,5,1.87,0.763,17.947107315063477,0.03972601199984638,0
I61_08_02.png,/kaggle/working/MDFS/data/KADID/extracted/kadid10k/images/I61_08_02.png,I61.png,61,8,2,3.57,0.716,17.066375732421875,0.041738175000318734,0
I61_08_04.png,/kaggle/working/MDFS/data/KADID/extracted/kadid10k/images/I61_08_04.png,I61.png,61,8,4,2.1,0.943,18.05674934387207,0.041400511000574625,0
I61_09_01.png,/kaggle/working/MDFS/data/KADID/extracted/kadid10k/images/I61_09_01.png,I61.png,61,9,1,4.67,0.471,17.843721389770508,0.03946428499966714,0
I61_09_03.png,/kaggle/working/MDFS/data/KADID/extracted/kadid10k/images/I61_09_03.png,I61.png,61,9,3,3.4,1.083,22.811235427856445,0.03911719200004882,0
I61_09_05.png,/kaggle/working/MDFS/data/KADID/extracted/kadid10k/images/I61_09_05.png,I61.png,61,9,5,1.23,0.423,34.550350189208984,0.03729625400046643,0
I61_10_02.png,/kaggle/working/MDFS/data/KADID/extracted/kadid10k/images/I61_10_02.png,I61.png,61,10,2,4.1,0.746,18.451629638671875,0.03799246000016865,0
I61_10_04.png,/kaggle/working/MDFS/data/KADID/extracted/kadid10k/images/I61_10_04.png,I61.png,61,10,4,1.93,0.573,25.69167709350586,0.03626019800049107,0
I61_11_01.png,/kaggle/working/MDFS/data/KADID/extracted/kadid10k/images/I61_11_01.png,I61.png,61,11,1,4.17,0.687,18.7251033782959,0.03764325700012705,0
I61_11_03.png,/kaggle/working/MDFS/data/KADID/extracted/kadid10k/images/I61_11_03.png,I61.png,61,11,3,2.9,0.978,20.40782928466797,0.03771515200060094,0
I61_11_05.png,/kaggle/working/MDFS/data/KADID/extracted/kadid10k/images/I61_11_05.png,I61.png,61,11,5,2.37,0.836,23.680335998535156,0.03625427800034231,0
I61_12_02.png,/kaggle/working/MDFS/data/KADID/extracted/kadid10k/images/I61_12_02.png,I61.png,61,12,2,3.83,0.734,18.87297821044922,0.037965733999953954,0
I61_12_04.png,/kaggle/working/MDFS/data/KADID/extracted/kadid10k/images/I61_12_04.png,I61.png,61,12,4,2.8,0.909,21.526199340820312,0.037531250000029104,0
I61_13_01.png,/kaggle/working/MDFS/data/KADID/extracted/kadid10k/images/I61_13_01.png,I61.png,61,13,1,3.87,0.806,17.19841766357422,0.03806947300017782,0
I61_13_03.png,/kaggle/working/MDFS/data/KADID/extracted/kadid10k/images/I61_13_03.png,I61.png,61,13,3,2.73,0.854,19.759157180786133,0.03810996999982308,0
I61_13_05.png,/kaggle/working/MDFS/data/KADID/extracted/kadid10k/images/I61_13_05.png,I61.png,61,13,5,2.1,1.012,24.958799362182617,0.03841118099990126,0
I61_14_02.png,/kaggle/working/MDFS/data/KADID/extracted/kadid10k/images/I61_14_02.png,I61.png,61,14,2,3.32,0.736,17.743871688842773,0.03802908999932697,0
I61_14_04.png,/kaggle/working/MDFS/data/KADID/extracted/kadid10k/images/I61_14_04.png,I61.png,61,14,4,2.43,0.883,18.782947540283203,0.03767181199964398,0
I61_15_01.png,/kaggle/working/MDFS/data/KADID/extracted/kadid10k/images/I61_15_01.png,I61.png,61,15,1,3.6,0.879,18.990924835205078,0.039434247999452055,0
I61_15_03.png,/kaggle/working/MDFS/data/KADID/extracted/kadid10k/images/I61_15_03.png,I61.png,61,15,3,2.67,0.745,21.890886306762695,0.03787842699966859,0
I61_15_05.png,/kaggle/working/MDFS/data/KADID/extracted/kadid10k/images/I61_15_05.png,I61.png,61,15,5,1.53,0.499,24.282331466674805,0.0375343449995853,0
I61_16_02.png,/kaggle/working/MDFS/data/KADID/extracted/kadid10k/images/I61_16_02.png,I61.png,61,16,2,4.3,0.586,17.056272506713867,0.03980157699970732,0
I61_16_04.png,/kaggle/working/MDFS/data/KADID/extracted/kadid10k/images/I61_16_04.png,I61.png,61,16,4,3.0,0.966,17.85892677307129,0.03917718400043668,0
I61_17_01.png,/kaggle/working/MDFS/data/KADID/extracted/kadid10k/images/I61_17_01.png,I61.png,61,17,1,4.53,0.718,17.000141143798828,0.03995007400044415,0
I61_17_03.png,/kaggle/working/MDFS/data/KADID/extracted/kadid10k/images/I61_17_03.png,I61.png,61,17,3,4.1,0.651,17.09942626953125,0.0386819250006738,0
I61_17_05.png,/kaggle/working/MDFS/data/KADID/extracted/kadid10k/images/I61_17_05.png,I61.png,61,17,5,1.93,0.854,20.249616622924805,0.03624178700010816,0
I61_18_02.png,/kaggle/working/MDFS/data/KADID/extracted/kadid10k/images/I61_18_02.png,I61.png,61,18,2,4.43,0.496,17.12550926208496,0.03854590700029803,0
I61_18_04.png,/kaggle/working/MDFS/data/KADID/extracted/kadid10k/images/I61_18_04.png,I61.png,61,18,4,4.1,0.79,17.57063865661621,0.03819666100025643,0
I61_19_01.png,/kaggle/working/MDFS/data/KADID/extracted/kadid10k/images/I61_19_01.png,I61.png,61,19,1,4.48,0.5,16.838397979736328,0.037426489999234036,0
I61_19_03.png,/kaggle/working/MDFS/data/KADID/extracted/kadid10k/images/I61_19_03.png,I61.png,61,19,3,2.5,0.719,17.212406158447266,0.03692041099930066,0
I61_19_05.png,/kaggle/working/MDFS/data/KADID/extracted/kadid10k/images/I61_19_05.png,I61.png,61,19,5,1.03,0.18,22.523324966430664,0.03712411099968449,0
I61_20_02.png,/kaggle/working/MDFS/data/KADID/extracted/kadid10k/images/I61_20_02.png,I61.png,61,20,2,4.57,0.616,16.931764602661133,0.03927658500015241,0
I61_20_04.png,/kaggle/working/MDFS/data/KADID/extracted/kadid10k/images/I61_20_04.png,I61.png,61,20,4,4.03,0.836,17.001195907592773,0.03890882099949522,0
I61_21_01.png,/kaggle/working/MDFS/data/KADID/extracted/kadid10k/images/I61_21_01.png,I61.png,61,21,1,4.0,0.894,16.9356689453125,0.038011030000234314,0
I61_21_03.png,/kaggle/working/MDFS/data/KADID/extracted/kadid10k/images/I61_21_03.png,I61.png,61,21,3,2.63,0.875,17.2808780670166,0.036854183999821544,0
I61_21_05.png,/kaggle/working/MDFS/data/KADID/extracted/kadid10k/images/I61_21_05.png,I61.png,61,21,5,1.13,0.34,28.78970718383789,0.03314137000052142,0
I61_22_02.png,/kaggle/working/MDFS/data/KADID/extracted/kadid10k/images/I61_22_02.png,I61.png,61,22,2,4.23,0.803,17.54005241394043,0.03741359099967667,0
I61_22_04.png,/kaggle/working/MDFS/data/KADID/extracted/kadid10k/images/I61_22_04.png,I61.png,61,22,4,3.1,0.79,17.85564422607422,0.038286582000182534,0
I61_23_01.png,/kaggle/working/MDFS/data/KADID/extracted/kadid10k/images/I61_23_01.png,I61.png,61,23,1,2.9,1.136,17.056594848632812,0.03954662100022688,0
I61_23_03.png,/kaggle/working/MDFS/data/KADID/extracted/kadid10k/images/I61_23_03.png,I61.png,61,23,3,2.53,0.957,17.03435707092285,0.0396681450001779,0
I61_23_05.png,/kaggle/working/MDFS/data/KADID/extracted/kadid10k/images/I61_23_05.png,I61.png,61,23,5,2.23,0.989,16.99456024169922,0.03848777299936046,0
I61_24_02.png,/kaggle/working/MDFS/data/KADID/extracted/kadid10k/images/I61_24_02.png,I61.png,61,24,2,2.3,1.005,21.66506576538086,0.037906809000560315,0
I61_24_04.png,/kaggle/working/MDFS/data/KADID/extracted/kadid10k/images/I61_24_04.png,I61.png,61,24,4,1.53,0.846,25.475486755371094,0.036208790999808116,0
I61_25_01.png,/kaggle/working/MDFS/data/KADID/extracted/kadid10k/images/I61_25_01.png,I61.png,61,25,1,2.67,0.978,18.64169692993164,0.03761998600020888,0
I61_25_03.png,/kaggle/working/MDFS/data/KADID/extracted/kadid10k/images/I61_25_03.png,I61.png,61,25,3,4.17,0.778,17.26641845703125,0.03788543199971173,0
I61_25_05.png,/kaggle/working/MDFS/data/KADID/extracted/kadid10k/images/I61_25_05.png,I61.png,61,25,5,3.53,0.763,16.97135353088379,0.0380589249998593,0
I62_01_02.png,/kaggle/working/MDFS/data/KADID/extracted/kadid10k/images/I62_01_02.png,I62.png,62,1,2,4.03,0.605,16.863462448120117,0.03840507200038701,0
I62_01_04.png,/kaggle/working/MDFS/data/KADID/extracted/kadid10k/images/I62_01_04.png,I62.png,62,1,4,1.87,0.67,28.5435791015625,0.03888309899957676,0
I62_02_01.png,/kaggle/working/MDFS/data/KADID/extracted/kadid10k/images/I62_02_01.png,I62.png,62,2,1,3.8,0.748,17.819631576538086,0.039397438000378315,0
I62_02_03.png,/kaggle/working/MDFS/data/KADID/extracted/kadid10k/images/I62_02_03.png,I62.png,62,2,3,1.8,0.6,23.392671585083008,0.03863167200051976,0
I62_02_05.png,/kaggle/working/MDFS/data/KADID/extracted/kadid10k/images/I62_02_05.png,I62.png,62,2,5,1.47,0.499,28.15340232849121,0.037502985000173794,0
I62_03_02.png,/kaggle/working/MDFS/data/KADID/extracted/kadid10k/images/I62_03_02.png,I62.png,62,3,2,3.47,0.763,17.30250358581543,0.03829939499973989,0
I62_03_04.png,/kaggle/working/MDFS/data/KADID/extracted/kadid10k/images/I62_03_04.png,I62.png,62,3,4,1.8,0.6,21.809762954711914,0.03622544799964089,0
I62_04_01.png,/kaggle/working/MDFS/data/KADID/extracted/kadid10k/images/I62_04_01.png,I62.png,62,4,1,4.53,0.67,17.19770622253418,0.036178651000227546,0
I62_04_03.png,/kaggle/working/MDFS/data/KADID/extracted/kadid10k/images/I62_04_03.png,I62.png,62,4,3,2.3,0.781,18.678449630737305,0.03653421899980458,0
I62_04_05.png,/kaggle/working/MDFS/data/KADID/extracted/kadid10k/images/I62_04_05.png,I62.png,62,4,5,1.4,0.554,19.570743560791016,0.03737604999969335,0
I62_05_02.png,/kaggle/working/MDFS/data/KADID/extracted/kadid10k/images/I62_05_02.png,I62.png,62,5,2,2.03,0.836,19.053953170776367,0.03759309999986726,0
I62_05_04.png,/kaggle/working/MDFS/data/KADID/extracted/kadid10k/images/I62_05_04.png,I62.png,62,5,4,1.63,0.605,19.050756454467773,0.03653484799997386,0
I62_06_01.png,/kaggle/working/MDFS/data/KADID/extracted/kadid10k/images/I62_06_01.png,I62.png,62,6,1,4.17,0.86,17.96316909790039,0.03653035299976182,0
I62_06_03.png,/kaggle/working/MDFS/data/KADID/extracted/kadid10k/images/I62_06_03.png,I62.png,62,6,3,3.94,0.669,19.165199279785156,0.03576413000064349,0
I62_06_05.png,/kaggle/working/MDFS/data/KADID/extracted/kadid10k/images/I62_06_05.png,I62.png,62,6,5,2.4,0.879,21.410171508789062,0.03521568899941485,0
I62_07_02.png,/kaggle/working/MDFS/data/KADID/extracted/kadid10k/images/I62_07_02.png,I62.png,62,7,2,2.73,1.062,18.918100357055664,0.0381352379999953,0
I62_07_04.png,/kaggle/working/MDFS/data/KADID/extracted/kadid10k/images/I62_07_04.png,I62.png,62,7,4,2.6,0.917,22.066696166992188,0.03603938200012635,0
I62_08_01.png,/kaggle/working/MDFS/data/KADID/extracted/kadid10k/images/I62_08_01.png,I62.png,62,8,1,4.5,0.619,16.978776931762695,0.03663277099985862,0
I62_08_03.png,/kaggle/working/MDFS/data/KADID/extracted/kadid10k/images/I62_08_03.png,I62.png,62,8,3,2.8,0.872,17.92747688293457,0.03643560000000434,0
I62_08_05.png,/kaggle/working/MDFS/data/KADID/extracted/kadid10k/images/I62_08_05.png,I62.png,62,8,5,1.8,0.872,19.65555191040039,0.03704984199976025,0
I62_09_02.png,/kaggle/working/MDFS/data/KADID/extracted/kadid10k/images/I62_09_02.png,I62.png,62,9,2,3.9,0.978,21.61779022216797,0.03791230499973608,0
I62_09_04.png,/kaggle/working/MDFS/data/KADID/extracted/kadid10k/images/I62_09_04.png,I62.png,62,9,4,1.73,0.772,27.4456844329834,0.0383783779998339,0
I62_10_01.png,/kaggle/working/MDFS/data/KADID/extracted/kadid10k/images/I62_10_01.png,I62.png,62,10,1,4.23,0.803,18.95051383972168,0.03723738299959223,0
I62_10_03.png,/kaggle/working/MDFS/data/KADID/extracted/kadid10k/images/I62_10_03.png,I62.png,62,10,3,3.93,0.814,21.114452362060547,0.037239483000121254,0
I62_10_05.png,/kaggle/working/MDFS/data/KADID/extracted/kadid10k/images/I62_10_05.png,I62.png,62,10,5,1.47,0.718,31.047107696533203,0.03401398599999084,0
I62_11_02.png,/kaggle/working/MDFS/data/KADID/extracted/kadid10k/images/I62_11_02.png,I62.png,62,11,2,3.5,0.885,21.210407257080078,0.036692077000225254,0
I62_11_04.png,/kaggle/working/MDFS/data/KADID/extracted/kadid10k/images/I62_11_04.png,I62.png,62,11,4,2.68,0.778,24.11336898803711,0.03761481499986985,0
I62_12_01.png,/kaggle/working/MDFS/data/KADID/extracted/kadid10k/images/I62_12_01.png,I62.png,62,12,1,4.53,0.499,18.168745040893555,0.036797976000343624,0
I62_12_03.png,/kaggle/working/MDFS/data/KADID/extracted/kadid10k/images/I62_12_03.png,I62.png,62,12,3,3.03,0.752,22.356582641601562,0.036167720999401354,0
I62_12_05.png,/kaggle/working/MDFS/data/KADID/extracted/kadid10k/images/I62_12_05.png,I62.png,62,12,5,2.37,0.657,26.46343231201172,0.036201314000209095,0
I62_13_02.png,/kaggle/working/MDFS/data/KADID/extracted/kadid10k/images/I62_13_02.png,I62.png,62,13,2,2.67,0.83,18.5509090423584,0.037100024000210396,0
I62_13_04.png,/kaggle/working/MDFS/data/KADID/extracted/kadid10k/images/I62_13_04.png,I62.png,62,13,4,2.33,0.83,23.157289505004883,0.03817675600021175,0
I62_14_01.png,/kaggle/working/MDFS/data/KADID/extracted/kadid10k/images/I62_14_01.png,I62.png,62,14,1,4.37,0.547,18.054792404174805,0.03740580700014107,0
I62_14_03.png,/kaggle/working/MDFS/data/KADID/extracted/kadid10k/images/I62_14_03.png,I62.png,62,14,3,2.57,0.844,20.12276840209961,0.037954807999994955,0
I62_14_05.png,/kaggle/working/MDFS/data/KADID/extracted/kadid10k/images/I62_14_05.png,I62.png,62,14,5,2.2,0.6,22.94910430908203,0.03690291899965814,0
I62_15_02.png,/kaggle/working/MDFS/data/KADID/extracted/kadid10k/images/I62_15_02.png,I62.png,62,15,2,2.2,0.702,22.701087951660156,0.03672321399972134,0
I62_15_04.png,/kaggle/working/MDFS/data/KADID/extracted/kadid10k/images/I62_15_04.png,I62.png,62,15,4,1.63,0.547,26.112062454223633,0.03648102799979824,0
I62_16_01.png,/kaggle/working/MDFS/data/KADID/extracted/kadid10k/images/I62_16_01.png,I62.png,62,16,1,4.2,0.792,17.112537384033203,0.03779454400046234,0
I62_16_03.png,/kaggle/working/MDFS/data/KADID/extracted/kadid10k/images/I62_16_03.png,I62.png,62,16,3,3.83,0.734,17.230775833129883,0.03809305300001142,0
I62_16_05.png,/kaggle/working/MDFS/data/KADID/extracted/kadid10k/images/I62_16_05.png,I62.png,62,16,5,2.0,0.816,19.595735549926758,0.037707984000007855,0
I62_17_02.png,/kaggle/working/MDFS/data/KADID/extracted/kadid10k/images/I62_17_02.png,I62.png,62,17,2,4.3,0.586,16.846858978271484,0.03858674700040865,0
I62_17_04.png,/kaggle/working/MDFS/data/KADID/extracted/kadid10k/images/I62_17_04.png,I62.png,62,17,4,2.67,1.043,16.97543716430664,0.03737654900032794,0
I62_18_01.png,/kaggle/working/MDFS/data/KADID/extracted/kadid10k/images/I62_18_01.png,I62.png,62,18,1,4.38,0.484,17.309057235717773,0.03683368900055939,0
I62_18_03.png,/kaggle/working/MDFS/data/KADID/extracted/kadid10k/images/I62_18_03.png,I62.png,62,18,3,4.37,0.657,16.978776931762695,0.0375183919995834,0
I62_18_05.png,/kaggle/working/MDFS/data/KADID/extracted/kadid10k/images/I62_18_05.png,I62.png,62,18,5,3.07,1.093,17.981103897094727,0.03720301300018036,0
I62_19_02.png,/kaggle/working/MDFS/data/KADID/extracted/kadid10k/images/I62_19_02.png,I62.png,62,19,2,3.93,0.629,16.722881317138672,0.037792099000398593,0
I62_19_04.png,/kaggle/working/MDFS/data/KADID/extracted/kadid10k/images/I62_19_04.png,I62.png,62,19,4,1.83,0.86,19.088808059692383,0.0381031510005414,0
I62_20_01.png,/kaggle/working/MDFS/data/KADID/extracted/kadid10k/images/I62_20_01.png,I62.png,62,20,1,3.97,0.875,16.969207763671875,0.03798489199925825,0
I62_20_03.png,/kaggle/working/MDFS/data/KADID/extracted/kadid10k/images/I62_20_03.png,I62.png,62,20,3,4.27,0.814,17.01792335510254,0.03790071500043268,0
I62_20_05.png,/kaggle/working/MDFS/data/KADID/extracted/kadid10k/images/I62_20_05.png,I62.png,62,20,5,3.53,1.024,16.959617614746094,0.03720558199984225,0
I62_21_02.png,/kaggle/working/MDFS/data/KADID/extracted/kadid10k/images/I62_21_02.png,I62.png,62,21,2,3.37,1.08,17.58456039428711,0.03722881699923164,0
I62_21_04.png,/kaggle/working/MDFS/data/KADID/extracted/kadid10k/images/I62_21_04.png,I62.png,62,21,4,2.97,1.251,19.491052627563477,0.035850956999638584,0
I62_22_01.png,/kaggle/working/MDFS/data/KADID/extracted/kadid10k/images/I62_22_01.png,I62.png,62,22,1,4.4,0.49,17.50446891784668,0.037496384999940346,0
I62_22_03.png,/kaggle/working/MDFS/data/KADID/extracted/kadid10k/images/I62_22_03.png,I62.png,62,22,3,4.13,0.763,17.947269439697266,0.03691873399930046,0
I62_22_05.png,/kaggle/working/MDFS/data/KADID/extracted/kadid10k/images/I62_22_05.png,I62.png,62,22,5,2.8,0.945,19.361865997314453,0.03559816399956617,0
I62_23_02.png,/kaggle/working/MDFS/data/KADID/extracted/kadid10k/images/I62_23_02.png,I62.png,62,23,2,2.4,0.712,17.067834854125977,0.03546719900077733,0
I62_23_04.png,/kaggle/working/MDFS/data/KADID/extracted/kadid10k/images/I62_23_04.png,I62.png,62,23,4,2.17,0.734,17.303823471069336,0.035936788999606506,0
I62_24_01.png,/kaggle/working/MDFS/data/KADID/extracted/kadid10k/images/I62_24_01.png,I62.png,62,24,1,3.23,0.989,18.70436668395996,0.03737332699984108,0
I62_24_03.png,/kaggle/working/MDFS/data/KADID/extracted/kadid10k/images/I62_24_03.png,I62.png,62,24,3,2.07,0.772,21.178298950195312,0.03800087000036001,0
I62_24_05.png,/kaggle/working/MDFS/data/KADID/extracted/kadid10k/images/I62_24_05.png,I62.png,62,24,5,1.27,0.442,25.93555450439453,0.03611440399981802,0
I62_25_02.png,/kaggle/working/MDFS/data/KADID/extracted/kadid10k/images/I62_25_02.png,I62.png,62,25,2,3.13,1.024,17.34219741821289,0.036375915000462555,0
I62_25_04.png,/kaggle/working/MDFS/data/KADID/extracted/kadid10k/images/I62_25_04.png,I62.png,62,25,4,4.03,0.875,16.968746185302734,0.035459847999845806,0
I63_01_01.png,/kaggle/working/MDFS/data/KADID/extracted/kadid10k/images/I63_01_01.png,I63.png,63,1,1,4.67,0.471,17.616180419921875,0.03824914400047419,0
I63_01_03.png,/kaggle/working/MDFS/data/KADID/extracted/kadid10k/images/I63_01_03.png,I63.png,63,1,3,2.6,0.712,20.780956268310547,0.039194625000163796,0
I63_01_05.png,/kaggle/working/MDFS/data/KADID/extracted/kadid10k/images/I63_01_05.png,I63.png,63,1,5,1.3,0.458,39.43933868408203,0.03973307400065096,0
I63_02_02.png,/kaggle/working/MDFS/data/KADID/extracted/kadid10k/images/I63_02_02.png,I63.png,63,2,2,2.47,0.67,22.568262100219727,0.039852450000580575,0
I63_02_04.png,/kaggle/working/MDFS/data/KADID/extracted/kadid10k/images/I63_02_04.png,I63.png,63,2,4,1.27,0.442,28.102663040161133,0.039318372999332496,0
I63_03_01.png,/kaggle/working/MDFS/data/KADID/extracted/kadid10k/images/I63_03_01.png,I63.png,63,3,1,4.5,0.5,17.616180419921875,0.03958679700008361,0
I63_03_03.png,/kaggle/working/MDFS/data/KADID/extracted/kadid10k/images/I63_03_03.png,I63.png,63,3,3,2.77,0.667,20.87710952758789,0.0392498359997262,0
I63_03_05.png,/kaggle/working/MDFS/data/KADID/extracted/kadid10k/images/I63_03_05.png,I63.png,63,3,5,1.5,0.5,22.18034553527832,0.03847763799967652,0
I63_04_02.png,/kaggle/working/MDFS/data/KADID/extracted/kadid10k/images/I63_04_02.png,I63.png,63,4,2,2.8,0.945,18.921356201171875,0.038175807000698114,0
I63_04_04.png,/kaggle/working/MDFS/data/KADID/extracted/kadid10k/images/I63_04_04.png,I63.png,63,4,4,1.33,0.596,19.258012771606445,0.03765515299983235,0
I63_05_01.png,/kaggle/working/MDFS/data/KADID/extracted/kadid10k/images/I63_05_01.png,I63.png,63,5,1,3.77,0.92,18.61524772644043,0.03776325099988753,0
I63_05_03.png,/kaggle/working/MDFS/data/KADID/extracted/kadid10k/images/I63_05_03.png,I63.png,63,5,3,1.8,0.6,18.998350143432617,0.03829312800007756,0
I63_05_05.png,/kaggle/working/MDFS/data/KADID/extracted/kadid10k/images/I63_05_05.png,I63.png,63,5,5,1.53,0.562,18.782255172729492,0.039083343999664066,0
I63_06_02.png,/kaggle/working/MDFS/data/KADID/extracted/kadid10k/images/I63_06_02.png,I63.png,63,6,2,3.48,1.103,19.33860206604004,0.037192105000031006,0
I63_06_04.png,/kaggle/working/MDFS/data/KADID/extracted/kadid10k/images/I63_06_04.png,I63.png,63,6,4,2.83,0.86,21.02986717224121,0.036345195000649255,0
I63_07_01.png,/kaggle/working/MDFS/data/KADID/extracted/kadid10k/images/I63_07_01.png,I63.png,63,7,1,2.9,1.075,18.689367294311523,0.039406019000125525,0
I63_07_03.png,/kaggle/working/MDFS/data/KADID/extracted/kadid10k/images/I63_07_03.png,I63.png,63,7,3,2.57,0.989,19.46210289001465,0.037754801999653864,0
I63_07_05.png,/kaggle/working/MDFS/data/KADID/extracted/kadid10k/images/I63_07_05.png,I63.png,63,7,5,2.4,1.281,18.995723724365234,0.03754571900026349,0
I63_08_02.png,/kaggle/working/MDFS/data/KADID/extracted/kadid10k/images/I63_08_02.png,I63.png,63,8,2,3.7,0.823,18.090579986572266,0.03823814099996525,0
I63_08_04.png,/kaggle/working/MDFS/data/KADID/extracted/kadid10k/images/I63_08_04.png,I63.png,63,8,4,1.4,0.554,19.48589324951172,0.03803132400025788,0
I63_09_01.png,/kaggle/working/MDFS/data/KADID/extracted/kadid10k/images/I63_09_01.png,I63.png,63,9,1,4.57,0.559,18.559722900390625,0.03786031900017406,0
I63_09_03.png,/kaggle/working/MDFS/data/KADID/extracted/kadid10k/images/I63_09_03.png,I63.png,63,9,3,3.43,0.803,22.7508544921875,0.037820636999640556,0
I63_09_05.png,/kaggle/working/MDFS/data/KADID/extracted/kadid10k/images/I63_09_05.png,I63.png,63,9,5,1.2,0.748,33.79743957519531,0.037574855999991996,0
I63_10_02.png,/kaggle/working/MDFS/data/KADID/extracted/kadid10k/images/I63_10_02.png,I63.png,63,10,2,4.3,0.781,18.806509017944336,0.038823314999717695,0
I63_10_04.png,/kaggle/working/MDFS/data/KADID/extracted/kadid10k/images/I63_10_04.png,I63.png,63,10,4,2.33,0.699,27.864639282226562,0.037741195000307926,0
I63_11_01.png,/kaggle/working/MDFS/data/KADID/extracted/kadid10k/images/I63_11_01.png,I63.png,63,11,1,3.93,0.814,19.138858795166016,0.03757828200014046,0
I63_11_03.png,/kaggle/working/MDFS/data/KADID/extracted/kadid10k/images/I63_11_03.png,I63.png,63,11,3,3.3,0.781,20.61719512939453,0.03598427399992943,0
I63_11_05.png,/kaggle/working/MDFS/data/KADID/extracted/kadid10k/images/I63_11_05.png,I63.png,63,11,5,2.5,0.619,24.400774002075195,0.03608692199941288,0
I63_12_02.png,/kaggle/working/MDFS/data/KADID/extracted/kadid10k/images/I63_12_02.png,I63.png,63,12,2,3.77,0.559,19.36818504333496,0.03673763700044219,0
I63_12_04.png,/kaggle/working/MDFS/data/KADID/extracted/kadid10k/images/I63_12_04.png,I63.png,63,12,4,2.87,0.846,21.95213508605957,0.0375016849993699,0
I63_13_01.png,/kaggle/working/MDFS/data/KADID/extracted/kadid10k/images/I63_13_01.png,I63.png,63,13,1,3.97,1.048,17.623870849609375,0.03893946599964693,0
I63_13_03.png,/kaggle/working/MDFS/data/KADID/extracted/kadid10k/images/I63_13_03.png,I63.png,63,13,3,2.45,0.782,19.536714553833008,0.03851051699984964,0
I63_13_05.png,/kaggle/working/MDFS/data/KADID/extracted/kadid10k/images/I63_13_05.png,I63.png,63,13,5,2.4,0.841,24.71863555908203,0.0379973200006134,0
I63_14_02.png,/kaggle/working/MDFS/data/KADID/extracted/kadid10k/images/I63_14_02.png,I63.png,63,14,2,3.83,0.734,18.262107849121094,0.037149256000702735,0
I63_14_04.png,/kaggle/working/MDFS/data/KADID/extracted/kadid10k/images/I63_14_04.png,I63.png,63,14,4,2.83,0.734,19.285654067993164,0.03657974199995806,0
I63_15_01.png,/kaggle/working/MDFS/data/KADID/extracted/kadid10k/images/I63_15_01.png,I63.png,63,15,1,3.93,0.512,19.51388931274414,0.0388433560001431,0
I63_15_03.png,/kaggle/working/MDFS/data/KADID/extracted/kadid10k/images/I63_15_03.png,I63.png,63,15,3,2.63,0.875,22.604232788085938,0.03824184699988109,0
I63_15_05.png,/kaggle/working/MDFS/data/KADID/extracted/kadid10k/images/I63_15_05.png,I63.png,63,15,5,1.37,0.482,25.83088493347168,0.03715938700042898,0
I63_16_02.png,/kaggle/working/MDFS/data/KADID/extracted/kadid10k/images/I63_16_02.png,I63.png,63,16,2,4.2,0.6,17.701824188232422,0.03939192199959507,0
I63_16_04.png,/kaggle/working/MDFS/data/KADID/extracted/kadid10k/images/I63_16_04.png,I63.png,63,16,4,3.1,0.943,18.116731643676758,0.03992505299993354,0
I63_17_01.png,/kaggle/working/MDFS/data/KADID/extracted/kadid10k/images/I63_17_01.png,I63.png,63,17,1,4.6,0.49,17.607938766479492,0.039070085999810544,0
I63_17_03.png,/kaggle/working/MDFS/data/KADID/extracted/kadid10k/images/I63_17_03.png,I63.png,63,17,3,4.27,0.68,17.564468383789062,0.038817776000541926,0
I63_17_05.png,/kaggle/working/MDFS/data/KADID/extracted/kadid10k/images/I63_17_05.png,I63.png,63,17,5,1.83,0.82,20.875530242919922,0.036521087000437547,0
I63_18_02.png,/kaggle/working/MDFS/data/KADID/extracted/kadid10k/images/I63_18_02.png,I63.png,63,18,2,4.67,0.471,17.653818130493164,0.03801126399957866,0
I63_18_04.png,/kaggle/working/MDFS/data/KADID/extracted/kadid10k/images/I63_18_04.png,I63.png,63,18,4,4.4,0.554,17.715675354003906,0.03761262399984844,0
I63_19_01.png,/kaggle/working/MDFS/data/KADID/extracted/kadid10k/images/I63_19_01.png,I63.png,63,19,1,4.37,0.482,17.46323585510254,0.0378126860005068,0
I63_19_03.png,/kaggle/working/MDFS/data/KADID/extracted/kadid10k/images/I63_19_03.png,I63.png,63,19,3,2.77,0.844,18.3203067779541,0.03672009399997478,0
I63_19_05.png,/kaggle/working/MDFS/data/KADID/extracted/kadid10k/images/I63_19_05.png,I63.png,63,19,5,1.13,0.34,24.198999404907227,0.03702100300051825,0
I63_20_02.png,/kaggle/working/MDFS/data/KADID/extracted/kadid10k/images/I63_20_02.png,I63.png,63,20,2,4.47,0.846,17.525156021118164,0.03852627699961886,0
I63_20_04.png,/kaggle/working/MDFS/data/KADID/extracted/kadid10k/images/I63_20_04.png,I63.png,63,20,4,3.03,1.251,17.39914894104004,0.03855423300046823,0
I63_21_01.png,/kaggle/working/MDFS/data/KADID/extracted/kadid10k/images/I63_21_01.png,I63.png,63,21,1,3.93,0.573,17.41649627685547,0.03836850800053071,0
I63_21_03.png,/kaggle/working/MDFS/data/KADID/extracted/kadid10k/images/I63_21_03.png,I63.png,63,21,3,2.6,0.917,18.026107788085938,0.03733919699971011,0
I63_21_05.png,/kaggle/working/MDFS/data/KADID/extracted/kadid10k/images/I63_21_05.png,I63.png,63,21,5,1.3,0.458,27.95940399169922,0.03350924999995186,0
I63_22_02.png,/kaggle/working/MDFS/data/KADID/extracted/kadid10k/images/I63_22_02.png,I63.png,63,22,2,4.47,0.718,18.019792556762695,0.037916893000328855,0
I63_22_04.png,/kaggle/working/MDFS/data/KADID/extracted/kadid10k/images/I63_22_04.png,I63.png,63,22,4,3.83,0.637,18.159502029418945,0.037793162000525626,0
I63_23_01.png,/kaggle/working/MDFS/data/KADID/extracted/kadid10k/images/I63_23_01.png,I63.png,63,23,1,3.6,1.052,17.592491149902344,0.03916151799967338,0
I63_23_03.png,/kaggle/working/MDFS/data/KADID/extracted/kadid10k/images/I63_23_03.png,I63.png,63,23,3,2.1,0.87,17.623870849609375,0.03872939099983341,0
I63_23_05.png,/kaggle/working/MDFS/data/KADID/extracted/kadid10k/images/I63_23_05.png,I63.png,63,23,5,1.97,0.657,17.511943817138672,0.03770255699964764,0
I63_24_02.png,/kaggle/working/MDFS/data/KADID/extracted/kadid10k/images/I63_24_02.png,I63.png,63,24,2,2.67,0.978,21.203746795654297,0.038093517000561405,0
I63_24_04.png,/kaggle/working/MDFS/data/KADID/extracted/kadid10k/images/I63_24_04.png,I63.png,63,24,4,1.33,0.537,25.277381896972656,0.03628659400055767,0
I63_25_01.png,/kaggle/working/MDFS/data/KADID/extracted/kadid10k/images/I63_25_01.png,I63.png,63,25,1,3.3,0.9,18.45111656188965,0.03819826200015086,0
I63_25_03.png,/kaggle/working/MDFS/data/KADID/extracted/kadid10k/images/I63_25_03.png,I63.png,63,25,3,4.23,0.803,17.674625396728516,0.037947585000438266,0
I63_25_05.png,/kaggle/working/MDFS/data/KADID/extracted/kadid10k/images/I63_25_05.png,I63.png,63,25,5,3.59,0.744,17.851329803466797,0.038227913000810076,0
I64_01_02.png,/kaggle/working/MDFS/data/KADID/extracted/kadid10k/images/I64_01_02.png,I64.png,64,1,2,4.4,0.554,17.829423904418945,0.03879284699996788,0
I64_01_04.png,/kaggle/working/MDFS/data/KADID/extracted/kadid10k/images/I64_01_04.png,I64.png,64,1,4,1.83,0.637,30.4617977142334,0.03822817799937184,0
I64_02_01.png,/kaggle/working/MDFS/data/KADID/extracted/kadid10k/images/I64_02_01.png,I64.png,64,2,1,4.13,0.718,18.866741180419922,0.03944618500008801,0
I64_02_03.png,/kaggle/working/MDFS/data/KADID/extracted/kadid10k/images/I64_02_03.png,I64.png,64,2,3,1.55,0.614,27.784622192382812,0.038406957000006514,0
I64_02_05.png,/kaggle/working/MDFS/data/KADID/extracted/kadid10k/images/I64_02_05.png,I64.png,64,2,5,1.43,0.496,33.920204162597656,0.03780214399921533,0
I64_03_02.png,/kaggle/working/MDFS/data/KADID/extracted/kadid10k/images/I64_03_02.png,I64.png,64,3,2,4.07,0.442,19.0050106048584,0.03842816199994559,0
I64_03_04.png,/kaggle/working/MDFS/data/KADID/extracted/kadid10k/images/I64_03_04.png,I64.png,64,3,4,2.17,0.453,22.077274322509766,0.0380158219995792,0
I64_04_01.png,/kaggle/working/MDFS/data/KADID/extracted/kadid10k/images/I64_04_01.png,I64.png,64,4,1,4.32,0.642,18.720293045043945,0.03669802099921071,0
I64_04_03.png,/kaggle/working/MDFS/data/KADID/extracted/kadid10k/images/I64_04_03.png,I64.png,64,4,3,2.07,0.998,18.315317153930664,0.03787397399992187,0
I64_04_05.png,/kaggle/working/MDFS/data/KADID/extracted/kadid10k/images/I64_04_05.png,I64.png,64,4,5,1.4,0.49,18.89212989807129,0.03853304099993693,0
I64_05_02.png,/kaggle/working/MDFS/data/KADID/extracted/kadid10k/images/I64_05_02.png,I64.png,64,5,2,2.4,0.611,19.947921752929688,0.03897073499956605,0
I64_05_04.png,/kaggle/working/MDFS/data/KADID/extracted/kadid10k/images/I64_05_04.png,I64.png,64,5,4,1.6,0.49,19.74265480041504,0.03817421500025375,0
I64_06_01.png,/kaggle/working/MDFS/data/KADID/extracted/kadid10k/images/I64_06_01.png,I64.png,64,6,1,3.8,0.833,19.680675506591797,0.03598251800030994,0
I64_06_03.png,/kaggle/working/MDFS/data/KADID/extracted/kadid10k/images/I64_06_03.png,I64.png,64,6,3,3.65,0.935,21.029109954833984,0.0350376039996263,0
I64_06_05.png,/kaggle/working/MDFS/data/KADID/extracted/kadid10k/images/I64_06_05.png,I64.png,64,6,5,2.67,0.789,22.976884841918945,0.03410455500034004,0
I64_07_02.png,/kaggle/working/MDFS/data/KADID/extracted/kadid10k/images/I64_07_02.png,I64.png,64,7,2,2.53,0.884,20.658098220825195,0.038097990000096615,0
I64_07_04.png,/kaggle/working/MDFS/data/KADID/extracted/kadid10k/images/I64_07_04.png,I64.png,64,7,4,2.3,1.069,23.390886306762695,0.03655546600020898,0
I64_08_01.png,/kaggle/working/MDFS/data/KADID/extracted/kadid10k/images/I64_08_01.png,I64.png,64,8,1,4.4,0.554,18.487550735473633,0.03747088999989501,0
I64_08_03.png,/kaggle/working/MDFS/data/KADID/extracted/kadid10k/images/I64_08_03.png,I64.png,64,8,3,3.07,0.929,18.874977111816406,0.03774243799944088,0
I64_08_05.png,/kaggle/working/MDFS/data/KADID/extracted/kadid10k/images/I64_08_05.png,I64.png,64,8,5,1.73,0.772,20.972515106201172,0.0389845689996946,0
I64_09_02.png,/kaggle/working/MDFS/data/KADID/extracted/kadid10k/images/I64_09_02.png,I64.png,64,9,2,4.1,0.7,20.43108558654785,0.03751479999937146,0
I64_09_04.png,/kaggle/working/MDFS/data/KADID/extracted/kadid10k/images/I64_09_04.png,I64.png,64,9,4,2.1,0.7,27.632043838500977,0.038459246000456915,0
I64_10_01.png,/kaggle/working/MDFS/data/KADID/extracted/kadid10k/images/I64_10_01.png,I64.png,64,10,1,4.23,0.616,19.282262802124023,0.03848575699976209,0
I64_10_03.png,/kaggle/working/MDFS/data/KADID/extracted/kadid10k/images/I64_10_03.png,I64.png,64,10,3,3.97,0.657,20.595565795898438,0.038484069000332966,0
I64_10_05.png,/kaggle/working/MDFS/data/KADID/extracted/kadid10k/images/I64_10_05.png,I64.png,64,10,5,1.4,0.554,30.280868530273438,0.036453857000196876,0
I64_11_02.png,/kaggle/working/MDFS/data/KADID/extracted/kadid10k/images/I64_11_02.png,I64.png,64,11,2,3.37,0.605,22.134424209594727,0.03720602199973655,0
I64_11_04.png,/kaggle/working/MDFS/data/KADID/extracted/kadid10k/images/I64_11_04.png,I64.png,64,11,4,2.8,1.077,24.640243530273438,0.03659017800055153,0
I64_12_01.png,/kaggle/working/MDFS/data/KADID/extracted/kadid10k/images/I64_12_01.png,I64.png,64,12,1,4.47,0.67,19.68955421447754,0.037148572999285534,0
I64_12_03.png,/kaggle/working/MDFS/data/KADID/extracted/kadid10k/images/I64_12_03.png,I64.png,64,12,3,3.34,0.69,22.78148078918457,0.037213285999314394,0
I64_12_05.png,/kaggle/working/MDFS/data/KADID/extracted/kadid10k/images/I64_12_05.png,I64.png,64,12,5,2.6,0.663,26.434898376464844,0.03770030899977428,0
I64_13_02.png,/kaggle/working/MDFS/data/KADID/extracted/kadid10k/images/I64_13_02.png,I64.png,64,13,2,3.37,0.948,19.573684692382812,0.039055439000549086,0
I64_13_04.png,/kaggle/working/MDFS/data/KADID/extracted/kadid10k/images/I64_13_04.png,I64.png,64,13,4,2.53,0.957,22.941492080688477,0.03838659200027905,0
I64_14_01.png,/kaggle/working/MDFS/data/KADID/extracted/kadid10k/images/I64_14_01.png,I64.png,64,14,1,4.47,0.618,19.44369888305664,0.0378061979999984,0
I64_14_03.png,/kaggle/working/MDFS/data/KADID/extracted/kadid10k/images/I64_14_03.png,I64.png,64,14,3,3.33,0.869,21.59605598449707,0.036161453999739024,0
I64_14_05.png,/kaggle/working/MDFS/data/KADID/extracted/kadid10k/images/I64_14_05.png,I64.png,64,14,5,2.2,0.6,24.92051887512207,0.03713812499972846,0
I64_15_02.png,/kaggle/working/MDFS/data/KADID/extracted/kadid10k/images/I64_15_02.png,I64.png,64,15,2,3.13,0.884,20.996496200561523,0.038929398000618676,0
I64_15_04.png,/kaggle/working/MDFS/data/KADID/extracted/kadid10k/images/I64_15_04.png,I64.png,64,15,4,1.47,0.499,24.174564361572266,0.03731913700084988,0
I64_16_01.png,/kaggle/working/MDFS/data/KADID/extracted/kadid10k/images/I64_16_01.png,I64.png,64,16,1,4.43,0.761,18.595426559448242,0.03908497999964311,0
I64_16_03.png,/kaggle/working/MDFS/data/KADID/extracted/kadid10k/images/I64_16_03.png,I64.png,64,16,3,3.57,0.761,18.397722244262695,0.038853326000207744,0
I64_16_05.png,/kaggle/working/MDFS/data/KADID/extracted/kadid10k/images/I64_16_05.png,I64.png,64,16,5,1.53,0.618,21.580839157104492,0.038032845000088855,0
I64_17_02.png,/kaggle/working/MDFS/data/KADID/extracted/kadid10k/images/I64_17_02.png,I64.png,64,17,2,4.57,0.496,18.333393096923828,0.03860320599960687,0
I64_17_04.png,/kaggle/working/MDFS/data/KADID/extracted/kadid10k/images/I64_17_04.png,I64.png,64,17,4,3.8,0.6,18.156944274902344,0.0388269200002469,0
I64_18_01.png,/kaggle/working/MDFS/data/KADID/extracted/kadid10k/images/I64_18_01.png,I64.png,64,18,1,4.3,0.586,18.723079681396484,0.03731104399957985,0
I64_18_03.png,/kaggle/working/MDFS/data/KADID/extracted/kadid10k/images/I64_18_03.png,I64.png,64,18,3,4.67,0.471,18.487550735473633,0.03695766900000308,0
I64_18_05.png,/kaggle/working/MDFS/data/KADID/extracted/kadid10k/images/I64_18_05.png,I64.png,64,18,5,3.97,0.657,18.83350372314453,0.037429279000207316,0
I64_19_02.png,/kaggle/working/MDFS/data/KADID/extracted/kadid10k/images/I64_19_02.png,I64.png,64,19,2,3.8,0.702,17.572416305541992,0.03779261100044096,0
I64_19_04.png,/kaggle/working/MDFS/data/KADID/extracted/kadid10k/images/I64_19_04.png,I64.png,64,19,4,1.32,0.467,21.04578399658203,0.036935854999683215,0
I64_20_01.png,/kaggle/working/MDFS/data/KADID/extracted/kadid10k/images/I64_20_01.png,I64.png,64,20,1,4.33,0.83,18.451351165771484,0.03997701800017239,0
I64_20_03.png,/kaggle/working/MDFS/data/KADID/extracted/kadid10k/images/I64_20_03.png,I64.png,64,20,3,3.93,0.964,18.435672760009766,0.03924573499989492,0
I64_20_05.png,/kaggle/working/MDFS/data/KADID/extracted/kadid10k/images/I64_20_05.png,I64.png,64,20,5,3.53,1.056,18.338003158569336,0.038757907999752206,0
I64_21_02.png,/kaggle/working/MDFS/data/KADID/extracted/kadid10k/images/I64_21_02.png,I64.png,64,21,2,2.39,0.973,18.850749969482422,0.03822369099998468,0
I64_21_04.png,/kaggle/working/MDFS/data/KADID/extracted/kadid10k/images/I64_21_04.png,I64.png,64,21,4,2.07,0.772,20.391788482666016,0.03637469300065277,0
I64_22_01.png,/kaggle/working/MDFS/data/KADID/extracted/kadid10k/images/I64_22_01.png,I64.png,64,22,1,4.37,0.706,18.946149826049805,0.03632748500058369,0
I64_22_03.png,/kaggle/working/MDFS/data/KADID/extracted/kadid10k/images/I64_22_03.png,I64.png,64,22,3,4.07,0.68,19.447879791259766,0.03740624200054299,0
I64_22_05.png,/kaggle/working/MDFS/data/KADID/extracted/kadid10k/images/I64_22_05.png,I64.png,64,22,5,3.07,0.929,20.707578659057617,0.035883733999980905,0
I64_23_02.png,/kaggle/working/MDFS/data/KADID/extracted/kadid10k/images/I64_23_02.png,I64.png,64,23,2,2.37,0.948,18.342281341552734,0.03886875800071721,0
I64_23_04.png,/kaggle/working/MDFS/data/KADID/extracted/kadid10k/images/I64_23_04.png,I64.png,64,23,4,2.0,0.775,18.397541046142578,0.03886155299915117,0
I64_24_01.png,/kaggle/working/MDFS/data/KADID/extracted/kadid10k/images/I64_24_01.png,I64.png,64,24,1,3.63,0.948,20.06205177307129,0.03873623500021495,0
I64_24_03.png,/kaggle/working/MDFS/data/KADID/extracted/kadid10k/images/I64_24_03.png,I64.png,64,24,3,2.57,0.716,22.57209014892578,0.03873307100002421,0
I64_24_05.png,/kaggle/working/MDFS/data/KADID/extracted/kadid10k/images/I64_24_05.png,I64.png,64,24,5,1.33,0.699,27.4360294342041,0.03713087300002371,0
I64_25_02.png,/kaggle/working/MDFS/data/KADID/extracted/kadid10k/images/I64_25_02.png,I64.png,64,25,2,4.2,0.653,19.16694450378418,0.03925984000034077,0
I64_25_04.png,/kaggle/working/MDFS/data/KADID/extracted/kadid10k/images/I64_25_04.png,I64.png,64,25,4,4.23,0.716,18.282394409179688,0.03857552799945552,0
I65_01_01.png,/kaggle/working/MDFS/data/KADID/extracted/kadid10k/images/I65_01_01.png,I65.png,65,1,1,4.77,0.423,17.45772361755371,0.04571302300064417,0
I65_01_03.png,/kaggle/working/MDFS/data/KADID/extracted/kadid10k/images/I65_01_03.png,I65.png,65,1,3,2.6,0.952,20.93467903137207,0.037680035999983374,0
I65_01_05.png,/kaggle/working/MDFS/data/KADID/extracted/kadid10k/images/I65_01_05.png,I65.png,65,1,5,1.33,0.471,38.9600830078125,0.036591779999980645,0
I65_02_02.png,/kaggle/working/MDFS/data/KADID/extracted/kadid10k/images/I65_02_02.png,I65.png,65,2,2,2.17,0.734,22.062788009643555,0.03818019899972569,0
I65_02_04.png,/kaggle/working/MDFS/data/KADID/extracted/kadid10k/images/I65_02_04.png,I65.png,65,2,4,1.4,0.554,28.77334213256836,0.0370029979994797,0
I65_03_01.png,/kaggle/working/MDFS/data/KADID/extracted/kadid10k/images/I65_03_01.png,I65.png,65,3,1,4.7,0.526,17.45772361755371,0.046724840000024415,0
I65_03_03.png,/kaggle/working/MDFS/data/KADID/extracted/kadid10k/images/I65_03_03.png,I65.png,65,3,3,2.6,0.663,20.17397689819336,0.05440679999992426,0
I65_03_05.png,/kaggle/working/MDFS/data/KADID/extracted/kadid10k/images/I65_03_05.png,I65.png,65,3,5,1.5,0.5,21.474443435668945,0.03933201000018016,0
I65_04_02.png,/kaggle/working/MDFS/data/KADID/extracted/kadid10k/images/I65_04_02.png,I65.png,65,4,2,3.2,0.98,18.338279724121094,0.03743825699984882,0
I65_04_04.png,/kaggle/working/MDFS/data/KADID/extracted/kadid10k/images/I65_04_04.png,I65.png,65,4,4,2.5,1.232,19.505544662475586,0.03827501999967353,0
I65_05_01.png,/kaggle/working/MDFS/data/KADID/extracted/kadid10k/images/I65_05_01.png,I65.png,65,5,1,3.77,0.955,18.00824546813965,0.03807149800013576,0
I65_05_03.png,/kaggle/working/MDFS/data/KADID/extracted/kadid10k/images/I65_05_03.png,I65.png,65,5,3,1.97,0.657,18.231889724731445,0.03803109800082893,0
I65_05_05.png,/kaggle/working/MDFS/data/KADID/extracted/kadid10k/images/I65_05_05.png,I65.png,65,5,5,1.73,0.727,17.84201431274414,0.03751336799996352,0
I65_06_02.png,/kaggle/working/MDFS/data/KADID/extracted/kadid10k/images/I65_06_02.png,I65.png,65,6,2,4.0,0.894,19.971555709838867,0.03494083900022815,0
I65_06_04.png,/kaggle/working/MDFS/data/KADID/extracted/kadid10k/images/I65_06_04.png,I65.png,65,6,4,3.0,0.931,20.990995407104492,0.03470320500036905,0
I65_07_01.png,/kaggle/working/MDFS/data/KADID/extracted/kadid10k/images/I65_07_01.png,I65.png,65,7,1,3.33,0.943,18.600021362304688,0.038432158999967214,0
I65_07_03.png,/kaggle/working/MDFS/data/KADID/extracted/kadid10k/images/I65_07_03.png,I65.png,65,7,3,2.33,0.943,19.013660430908203,0.037089089999426506,0
I65_07_05.png,/kaggle/working/MDFS/data/KADID/extracted/kadid10k/images/I65_07_05.png,I65.png,65,7,5,2.13,0.921,18.962081909179688,0.03751648000070418,0
I65_08_02.png,/kaggle/working/MDFS/data/KADID/extracted/kadid10k/images/I65_08_02.png,I65.png,65,8,2,3.6,0.712,17.96778678894043,0.046524308999323694,0
I65_08_04.png,/kaggle/working/MDFS/data/KADID/extracted/kadid10k/images/I65_08_04.png,I65.png,65,8,4,2.17,1.157,19.882976531982422,0.03775853700062726,0
I65_09_01.png,/kaggle/working/MDFS/data/KADID/extracted/kadid10k/images/I65_09_01.png,I65.png,65,9,1,4.5,0.563,18.05694007873535,0.03807034700002987,0
I65_09_03.png,/kaggle/working/MDFS/data/KADID/extracted/kadid10k/images/I65_09_03.png,I65.png,65,9,3,3.4,0.879,21.847448348999023,0.03834834799999953,0
I65_09_05.png,/kaggle/working/MDFS/data/KADID/extracted/kadid10k/images/I65_09_05.png,I65.png,65,9,5,1.3,0.458,33.75941848754883,0.03718075199958548,0
I65_10_02.png,/kaggle/working/MDFS/data/KADID/extracted/kadid10k/images/I65_10_02.png,I65.png,65,10,2,4.4,0.554,19.12983512878418,0.03638851000050636,0
I65_10_04.png,/kaggle/working/MDFS/data/KADID/extracted/kadid10k/images/I65_10_04.png,I65.png,65,10,4,1.53,0.562,26.057186126708984,0.035476890999234456,0
I65_11_01.png,/kaggle/working/MDFS/data/KADID/extracted/kadid10k/images/I65_11_01.png,I65.png,65,11,1,3.5,0.619,20.33518409729004,0.037614052000208176,0
I65_11_03.png,/kaggle/working/MDFS/data/KADID/extracted/kadid10k/images/I65_11_03.png,I65.png,65,11,3,2.73,0.727,22.781152725219727,0.03781931000048644,0
I65_11_05.png,/kaggle/working/MDFS/data/KADID/extracted/kadid10k/images/I65_11_05.png,I65.png,65,11,5,2.3,0.737,26.695457458496094,0.03680056099983631,0
I65_12_02.png,/kaggle/working/MDFS/data/KADID/extracted/kadid10k/images/I65_12_02.png,I65.png,65,12,2,3.47,0.67,20.511892318725586,0.03643605299930641,0
I65_12_04.png,/kaggle/working/MDFS/data/KADID/extracted/kadid10k/images/I65_12_04.png,I65.png,65,12,4,2.5,0.922,23.999109268188477,0.03553123700021388,0
I65_13_01.png,/kaggle/working/MDFS/data/KADID/extracted/kadid10k/images/I65_13_01.png,I65.png,65,13,1,3.33,0.869,18.142858505249023,0.03750476200002595,0
I65_13_03.png,/kaggle/working/MDFS/data/KADID/extracted/kadid10k/images/I65_13_03.png,I65.png,65,13,3,2.43,0.803,22.558347702026367,0.03808320699954493,0
I65_13_05.png,/kaggle/working/MDFS/data/KADID/extracted/kadid10k/images/I65_13_05.png,I65.png,65,13,5,2.3,0.781,25.028600692749023,0.037545240000326885,0
I65_14_02.png,/kaggle/working/MDFS/data/KADID/extracted/kadid10k/images/I65_14_02.png,I65.png,65,14,2,3.07,0.814,20.877849578857422,0.03698905600049329,0
I65_14_04.png,/kaggle/working/MDFS/data/KADID/extracted/kadid10k/images/I65_14_04.png,I65.png,65,14,4,2.23,0.803,22.29127311706543,0.036112444000536925,0
I65_15_01.png,/kaggle/working/MDFS/data/KADID/extracted/kadid10k/images/I65_15_01.png,I65.png,65,15,1,3.63,0.875,20.636302947998047,0.0387324390003414,0
I65_15_03.png,/kaggle/working/MDFS/data/KADID/extracted/kadid10k/images/I65_15_03.png,I65.png,65,15,3,2.1,0.651,22.83669662475586,0.03808480000043346,0
I65_15_05.png,/kaggle/working/MDFS/data/KADID/extracted/kadid10k/images/I65_15_05.png,I65.png,65,15,5,1.47,0.562,26.05635643005371,0.03675263399964024,0
I65_16_02.png,/kaggle/working/MDFS/data/KADID/extracted/kadid10k/images/I65_16_02.png,I65.png,65,16,2,4.33,0.699,17.43250274658203,0.039195262999783154,0
I65_16_04.png,/kaggle/working/MDFS/data/KADID/extracted/kadid10k/images/I65_16_04.png,I65.png,65,16,4,3.0,0.856,18.270008087158203,0.03928533999987849,0
I65_17_01.png,/kaggle/working/MDFS/data/KADID/extracted/kadid10k/images/I65_17_01.png,I65.png,65,17,1,4.63,0.657,17.4654483795166,0.04065256000012596,0
I65_17_03.png,/kaggle/working/MDFS/data/KADID/extracted/kadid10k/images/I65_17_03.png,I65.png,65,17,3,4.67,0.471,17.465675354003906,0.03764790599961998,0
I65_17_05.png,/kaggle/working/MDFS/data/KADID/extracted/kadid10k/images/I65_17_05.png,I65.png,65,17,5,2.57,0.883,18.616971969604492,0.03632829700018192,0
I65_18_02.png,/kaggle/working/MDFS/data/KADID/extracted/kadid10k/images/I65_18_02.png,I65.png,65,18,2,4.7,0.458,17.579246520996094,0.037194659000306274,0
I65_18_04.png,/kaggle/working/MDFS/data/KADID/extracted/kadid10k/images/I65_18_04.png,I65.png,65,18,4,4.47,0.67,17.5907039642334,0.037212428000202635,0
I65_19_01.png,/kaggle/working/MDFS/data/KADID/extracted/kadid10k/images/I65_19_01.png,I65.png,65,19,1,4.57,0.496,17.318727493286133,0.0368165929994575,0
I65_19_03.png,/kaggle/working/MDFS/data/KADID/extracted/kadid10k/images/I65_19_03.png,I65.png,65,19,3,2.5,0.619,19.01667022705078,0.03661450900017371,0
I65_19_05.png,/kaggle/working/MDFS/data/KADID/extracted/kadid10k/images/I65_19_05.png,I65.png,65,19,5,1.27,0.442,23.531475067138672,0.03734030299983715,0
I65_20_02.png,/kaggle/working/MDFS/data/KADID/extracted/kadid10k/images/I65_20_02.png,I65.png,65,20,2,4.3,0.69,17.344703674316406,0.03819189499972708,0
I65_20_04.png,/kaggle/working/MDFS/data/KADID/extracted/kadid10k/images/I65_20_04.png,I65.png,65,20,4,4.3,1.005,17.26508331298828,0.03698558999985835,0
I65_21_01.png,/kaggle/working/MDFS/data/KADID/extracted/kadid10k/images/I65_21_01.png,I65.png,65,21,1,3.9,1.012,17.215734481811523,0.036377748999257165,0
I65_21_03.png,/kaggle/working/MDFS/data/KADID/extracted/kadid10k/images/I65_21_03.png,I65.png,65,21,3,2.77,0.883,17.5242977142334,0.03548949099968013,0
I65_21_05.png,/kaggle/working/MDFS/data/KADID/extracted/kadid10k/images/I65_21_05.png,I65.png,65,21,5,1.27,0.442,23.07862663269043,0.03435999300018011,0
I65_22_02.png,/kaggle/working/MDFS/data/KADID/extracted/kadid10k/images/I65_22_02.png,I65.png,65,22,2,3.53,0.957,18.234128952026367,0.037073564000820625,0
I65_22_04.png,/kaggle/working/MDFS/data/KADID/extracted/kadid10k/images/I65_22_04.png,I65.png,65,22,4,2.83,0.969,19.781494140625,0.03576090600017778,0
I65_23_01.png,/kaggle/working/MDFS/data/KADID/extracted/kadid10k/images/I65_23_01.png,I65.png,65,23,1,2.97,1.303,17.448593139648438,0.036974960999941686,0
I65_23_03.png,/kaggle/working/MDFS/data/KADID/extracted/kadid10k/images/I65_23_03.png,I65.png,65,23,3,3.03,1.197,17.365018844604492,0.036434903000554186,0
I65_23_05.png,/kaggle/working/MDFS/data/KADID/extracted/kadid10k/images/I65_23_05.png,I65.png,65,23,5,1.9,0.907,17.453676223754883,0.037544890999924974,0
I65_24_02.png,/kaggle/working/MDFS/data/KADID/extracted/kadid10k/images/I65_24_02.png,I65.png,65,24,2,2.97,1.048,19.665298461914062,0.0385156319998714,0
I65_24_04.png,/kaggle/working/MDFS/data/KADID/extracted/kadid10k/images/I65_24_04.png,I65.png,65,24,4,2.0,0.683,22.83379554748535,0.038097091999588883,0
I65_25_01.png,/kaggle/working/MDFS/data/KADID/extracted/kadid10k/images/I65_25_01.png,I65.png,65,25,1,3.87,0.67,18.066829681396484,0.03704863499933708,0
I65_25_03.png,/kaggle/working/MDFS/data/KADID/extracted/kadid10k/images/I65_25_03.png,I65.png,65,25,3,4.43,0.559,17.42178726196289,0.03734737299964763,0
I65_25_05.png,/kaggle/working/MDFS/data/KADID/extracted/kadid10k/images/I65_25_05.png,I65.png,65,25,5,3.57,0.92,17.742923736572266,0.0368722319999506,0
I66_01_02.png,/kaggle/working/MDFS/data/KADID/extracted/kadid10k/images/I66_01_02.png,I66.png,66,1,2,4.48,0.5,17.01146697998047,0.03643937000015285,0
I66_01_04.png,/kaggle/working/MDFS/data/KADID/extracted/kadid10k/images/I66_01_04.png,I66.png,66,1,4,1.73,0.512,28.111370086669922,0.03736266300074931,0
I66_02_01.png,/kaggle/working/MDFS/data/KADID/extracted/kadid10k/images/I66_02_01.png,I66.png,66,2,1,3.8,0.792,18.13373565673828,0.03907748100027675,0
I66_02_03.png,/kaggle/working/MDFS/data/KADID/extracted/kadid10k/images/I66_02_03.png,I66.png,66,2,3,1.8,0.653,24.919878005981445,0.0389156789997287,0
I66_02_05.png,/kaggle/working/MDFS/data/KADID/extracted/kadid10k/images/I66_02_05.png,I66.png,66,2,5,1.37,0.482,30.46916389465332,0.03815407799993409,0
I66_03_02.png,/kaggle/working/MDFS/data/KADID/extracted/kadid10k/images/I66_03_02.png,I66.png,66,3,2,4.1,0.651,17.964197158813477,0.03823038300015469,0
I66_03_04.png,/kaggle/working/MDFS/data/KADID/extracted/kadid10k/images/I66_03_04.png,I66.png,66,3,4,2.23,0.761,21.445287704467773,0.038330309000230045,0
I66_04_01.png,/kaggle/working/MDFS/data/KADID/extracted/kadid10k/images/I66_04_01.png,I66.png,66,4,1,4.4,0.554,17.48877716064453,0.03702172000066639,0
I66_04_03.png,/kaggle/working/MDFS/data/KADID/extracted/kadid10k/images/I66_04_03.png,I66.png,66,4,3,1.7,0.823,19.034996032714844,0.03642912199939019,0
I66_04_05.png,/kaggle/working/MDFS/data/KADID/extracted/kadid10k/images/I66_04_05.png,I66.png,66,4,5,1.47,0.618,19.478458404541016,0.0365292030001001,0
I66_05_02.png,/kaggle/working/MDFS/data/KADID/extracted/kadid10k/images/I66_05_02.png,I66.png,66,5,2,2.3,0.737,18.280385971069336,0.03802930800065951,0
I66_05_04.png,/kaggle/working/MDFS/data/KADID/extracted/kadid10k/images/I66_05_04.png,I66.png,66,5,4,1.8,0.702,17.68384552001953,0.03783970599943132,0
I66_06_01.png,/kaggle/working/MDFS/data/KADID/extracted/kadid10k/images/I66_06_01.png,I66.png,66,6,1,4.2,0.872,19.56041145324707,0.0355455789995176,0
I66_06_03.png,/kaggle/working/MDFS/data/KADID/extracted/kadid10k/images/I66_06_03.png,I66.png,66,6,3,3.77,0.844,20.417165756225586,0.034145696999985375,0
I66_06_05.png,/kaggle/working/MDFS/data/KADID/extracted/kadid10k/images/I66_06_05.png,I66.png,66,6,5,2.43,0.92,23.660518646240234,0.03404244400007883,0
I66_07_02.png,/kaggle/working/MDFS/data/KADID/extracted/kadid10k/images/I66_07_02.png,I66.png,66,7,2,2.2,0.909,18.465394973754883,0.03795650400024897,0
I66_07_04.png,/kaggle/working/MDFS/data/KADID/extracted/kadid10k/images/I66_07_04.png,I66.png,66,7,4,2.27,1.123,22.334932327270508,0.03618512599950918,0
I66_08_01.png,/kaggle/working/MDFS/data/KADID/extracted/kadid10k/images/I66_08_01.png,I66.png,66,8,1,4.5,0.563,17.145854949951172,0.0380383140000049,0
I66_08_03.png,/kaggle/working/MDFS/data/KADID/extracted/kadid10k/images/I66_08_03.png,I66.png,66,8,3,2.43,0.92,18.325462341308594,0.036939878999874054,0
I66_08_05.png,/kaggle/working/MDFS/data/KADID/extracted/kadid10k/images/I66_08_05.png,I66.png,66,8,5,1.73,0.68,19.89282989501953,0.03622648100008519,0
I66_09_02.png,/kaggle/working/MDFS/data/KADID/extracted/kadid10k/images/I66_09_02.png,I66.png,66,9,2,4.37,0.706,19.493574142456055,0.03781548799997836,0
I66_09_04.png,/kaggle/working/MDFS/data/KADID/extracted/kadid10k/images/I66_09_04.png,I66.png,66,9,4,2.23,0.803,27.217212677001953,0.03885984800035658,0
I66_10_01.png,/kaggle/working/MDFS/data/KADID/extracted/kadid10k/images/I66_10_01.png,I66.png,66,10,1,4.43,0.667,18.921022415161133,0.03847515699999349,0
I66_10_03.png,/kaggle/working/MDFS/data/KADID/extracted/kadid10k/images/I66_10_03.png,I66.png,66,10,3,3.97,0.752,20.46464729309082,0.037630049999279436,0
I66_10_05.png,/kaggle/working/MDFS/data/KADID/extracted/kadid10k/images/I66_10_05.png,I66.png,66,10,5,1.47,0.562,30.885133743286133,0.03435117900062323,0
I66_11_02.png,/kaggle/working/MDFS/data/KADID/extracted/kadid10k/images/I66_11_02.png,I66.png,66,11,2,3.03,0.836,19.74956703186035,0.03559980699992593,0
I66_11_04.png,/kaggle/working/MDFS/data/KADID/extracted/kadid10k/images/I66_11_04.png,I66.png,66,11,4,2.87,0.763,22.18008804321289,0.03608826599975146,0
I66_12_01.png,/kaggle/working/MDFS/data/KADID/extracted/kadid10k/images/I66_12_01.png,I66.png,66,12,1,4.47,0.67,17.912866592407227,0.03675582300002134,0
I66_12_03.png,/kaggle/working/MDFS/data/KADID/extracted/kadid10k/images/I66_12_03.png,I66.png,66,12,3,3.07,0.892,20.383529663085938,0.036108056000557553,0
I66_12_05.png,/kaggle/working/MDFS/data/KADID/extracted/kadid10k/images/I66_12_05.png,I66.png,66,12,5,2.4,0.757,24.24237632751465,0.035564509999858274,0
I66_13_02.png,/kaggle/working/MDFS/data/KADID/extracted/kadid10k/images/I66_13_02.png,I66.png,66,13,2,2.57,0.844,18.284751892089844,0.037346418000197446,0
I66_13_04.png,/kaggle/working/MDFS/data/KADID/extracted/kadid10k/images/I66_13_04.png,I66.png,66,13,4,2.2,0.748,20.721654891967773,0.036948164999557775,0
I66_14_01.png,/kaggle/working/MDFS/data/KADID/extracted/kadid10k/images/I66_14_01.png,I66.png,66,14,1,4.5,0.5,17.411001205444336,0.037670319999961066,0
I66_14_03.png,/kaggle/working/MDFS/data/KADID/extracted/kadid10k/images/I66_14_03.png,I66.png,66,14,3,3.77,0.803,18.404661178588867,0.03698408899981587,0
I66_14_05.png,/kaggle/working/MDFS/data/KADID/extracted/kadid10k/images/I66_14_05.png,I66.png,66,14,5,2.43,0.844,21.474525451660156,0.03639024899985088,0
I66_15_02.png,/kaggle/working/MDFS/data/KADID/extracted/kadid10k/images/I66_15_02.png,I66.png,66,15,2,3.2,0.909,20.68025016784668,0.036559088999638334,0
I66_15_04.png,/kaggle/working/MDFS/data/KADID/extracted/kadid10k/images/I66_15_04.png,I66.png,66,15,4,1.87,0.618,23.893003463745117,0.035841861000335484,0
I66_16_01.png,/kaggle/working/MDFS/data/KADID/extracted/kadid10k/images/I66_16_01.png,I66.png,66,16,1,4.57,0.496,17.084409713745117,0.038015233999431075,0
I66_16_03.png,/kaggle/working/MDFS/data/KADID/extracted/kadid10k/images/I66_16_03.png,I66.png,66,16,3,3.9,0.651,17.23537254333496,0.03835429499940801,0
I66_16_05.png,/kaggle/working/MDFS/data/KADID/extracted/kadid10k/images/I66_16_05.png,I66.png,66,16,5,2.27,0.814,18.39732551574707,0.03761499400025059,0
I66_17_02.png,/kaggle/working/MDFS/data/KADID/extracted/kadid10k/images/I66_17_02.png,I66.png,66,17,2,4.37,0.605,17.11012077331543,0.036872179999591026,0
I66_17_04.png,/kaggle/working/MDFS/data/KADID/extracted/kadid10k/images/I66_17_04.png,I66.png,66,17,4,3.43,0.803,17.53504180908203,0.03630251399954432,0
I66_18_01.png,/kaggle/working/MDFS/data/KADID/extracted/kadid10k/images/I66_18_01.png,I66.png,66,18,1,4.47,0.562,17.392169952392578,0.03689871300048253,0
I66_18_03.png,/kaggle/working/MDFS/data/KADID/extracted/kadid10k/images/I66_18_03.png,I66.png,66,18,3,4.57,0.667,17.145854949951172,0.03694779899979039,0
I66_18_05.png,/kaggle/working/MDFS/data/KADID/extracted/kadid10k/images/I66_18_05.png,I66.png,66,18,5,3.87,0.763,18.116134643554688,0.038127527000142436,0
I66_19_02.png,/kaggle/working/MDFS/data/KADID/extracted/kadid10k/images/I66_19_02.png,I66.png,66,19,2,3.87,0.806,16.817359924316406,0.037626089000696084,0
I66_19_04.png,/kaggle/working/MDFS/data/KADID/extracted/kadid10k/images/I66_19_04.png,I66.png,66,19,4,1.93,0.727,19.50275993347168,0.0361533329996746,0
I66_20_01.png,/kaggle/working/MDFS/data/KADID/extracted/kadid10k/images/I66_20_01.png,I66.png,66,20,1,4.52,0.561,17.234750747680664,0.03690899699995498,0
I66_20_03.png,/kaggle/working/MDFS/data/KADID/extracted/kadid10k/images/I66_20_03.png,I66.png,66,20,3,3.5,0.885,17.22115135192871,0.03676252800050861,0
I66_20_05.png,/kaggle/working/MDFS/data/KADID/extracted/kadid10k/images/I66_20_05.png,I66.png,66,20,5,3.8,0.98,17.345056533813477,0.037685878000047524,0
I66_21_02.png,/kaggle/working/MDFS/data/KADID/extracted/kadid10k/images/I66_21_02.png,I66.png,66,21,2,2.47,0.884,17.734542846679688,0.03773884500060376,0
I66_21_04.png,/kaggle/working/MDFS/data/KADID/extracted/kadid10k/images/I66_21_04.png,I66.png,66,21,4,3.27,1.263,18.64437484741211,0.03682518500045262,0
I66_22_01.png,/kaggle/working/MDFS/data/KADID/extracted/kadid10k/images/I66_22_01.png,I66.png,66,22,1,4.33,0.699,17.84063720703125,0.03644178400008968,0
I66_22_03.png,/kaggle/working/MDFS/data/KADID/extracted/kadid10k/images/I66_22_03.png,I66.png,66,22,3,3.0,1.078,18.497655868530273,0.03610591999949975,0
I66_22_05.png,/kaggle/working/MDFS/data/KADID/extracted/kadid10k/images/I66_22_05.png,I66.png,66,22,5,2.9,0.978,19.084983825683594,0.03443786900061241,0
I66_23_02.png,/kaggle/working/MDFS/data/KADID/extracted/kadid10k/images/I66_23_02.png,I66.png,66,23,2,2.61,0.868,17.185440063476562,0.03800737700021273,0
I66_23_04.png,/kaggle/working/MDFS/data/KADID/extracted/kadid10k/images/I66_23_04.png,I66.png,66,23,4,2.23,0.761,17.257802963256836,0.03842841099958605,0
I66_24_01.png,/kaggle/working/MDFS/data/KADID/extracted/kadid10k/images/I66_24_01.png,I66.png,66,24,1,3.37,1.016,18.31862449645996,0.03854971599957935,0
I66_24_03.png,/kaggle/working/MDFS/data/KADID/extracted/kadid10k/images/I66_24_03.png,I66.png,66,24,3,1.83,0.687,20.125722885131836,0.038256365999586706,0
I66_24_05.png,/kaggle/working/MDFS/data/KADID/extracted/kadid10k/images/I66_24_05.png,I66.png,66,24,5,1.2,0.4,23.039979934692383,0.03720685799999046,0
I66_25_02.png,/kaggle/working/MDFS/data/KADID/extracted/kadid10k/images/I66_25_02.png,I66.png,66,25,2,3.73,0.854,17.71478271484375,0.03754380700047477,0
I66_25_04.png,/kaggle/working/MDFS/data/KADID/extracted/kadid10k/images/I66_25_04.png,I66.png,66,25,4,4.23,0.559,17.103822708129883,0.037745409999843105,0
I67_01_01.png,/kaggle/working/MDFS/data/KADID/extracted/kadid10k/images/I67_01_01.png,I67.png,67,1,1,4.63,0.547,17.870864868164062,0.03873522100002447,0
I67_01_03.png,/kaggle/working/MDFS/data/KADID/extracted/kadid10k/images/I67_01_03.png,I67.png,67,1,3,3.1,0.907,22.45581817626953,0.03836453499934578,0
I67_01_05.png,/kaggle/working/MDFS/data/KADID/extracted/kadid10k/images/I67_01_05.png,I67.png,67,1,5,1.27,0.442,38.42424392700195,0.037678386000152386,0
I67_02_02.png,/kaggle/working/MDFS/data/KADID/extracted/kadid10k/images/I67_02_02.png,I67.png,67,2,2,2.8,0.872,24.45809555053711,0.03932742000051803,0
I67_02_04.png,/kaggle/working/MDFS/data/KADID/extracted/kadid10k/images/I67_02_04.png,I67.png,67,2,4,1.43,0.496,31.023330688476562,0.03868054799931997,0
I67_03_01.png,/kaggle/working/MDFS/data/KADID/extracted/kadid10k/images/I67_03_01.png,I67.png,67,3,1,4.5,0.806,17.870864868164062,0.03969159300049796,0
I67_03_03.png,/kaggle/working/MDFS/data/KADID/extracted/kadid10k/images/I67_03_03.png,I67.png,67,3,3,2.7,0.862,21.902751922607422,0.03889031500057172,0
I67_03_05.png,/kaggle/working/MDFS/data/KADID/extracted/kadid10k/images/I67_03_05.png,I67.png,67,3,5,1.63,0.706,24.717388153076172,0.038235134000387916,0
I67_04_02.png,/kaggle/working/MDFS/data/KADID/extracted/kadid10k/images/I67_04_02.png,I67.png,67,4,2,1.63,0.836,19.7474422454834,0.038582334000238916,0
I67_04_04.png,/kaggle/working/MDFS/data/KADID/extracted/kadid10k/images/I67_04_04.png,I67.png,67,4,4,1.16,0.368,23.278457641601562,0.03616602199963381,0
I67_05_01.png,/kaggle/working/MDFS/data/KADID/extracted/kadid10k/images/I67_05_01.png,I67.png,67,5,1,4.3,0.781,18.044639587402344,0.039021816999593284,0
I67_05_03.png,/kaggle/working/MDFS/data/KADID/extracted/kadid10k/images/I67_05_03.png,I67.png,67,5,3,2.07,0.772,18.331886291503906,0.0377545530000134,0
I67_05_05.png,/kaggle/working/MDFS/data/KADID/extracted/kadid10k/images/I67_05_05.png,I67.png,67,5,5,2.2,0.909,18.33724594116211,0.03835911500027578,0
I67_06_02.png,/kaggle/working/MDFS/data/KADID/extracted/kadid10k/images/I67_06_02.png,I67.png,67,6,2,3.4,0.8,20.42490577697754,0.03683824099971389,0
I67_06_04.png,/kaggle/working/MDFS/data/KADID/extracted/kadid10k/images/I67_06_04.png,I67.png,67,6,4,2.47,0.718,22.4636173248291,0.03574830599973211,0
I67_07_01.png,/kaggle/working/MDFS/data/KADID/extracted/kadid10k/images/I67_07_01.png,I67.png,67,7,1,2.6,0.879,18.091873168945312,0.03873447300065891,0
I67_07_03.png,/kaggle/working/MDFS/data/KADID/extracted/kadid10k/images/I67_07_03.png,I67.png,67,7,3,2.77,1.283,19.30160140991211,0.037886863000494486,0
I67_07_05.png,/kaggle/working/MDFS/data/KADID/extracted/kadid10k/images/I67_07_05.png,I67.png,67,7,5,2.0,1.033,19.961336135864258,0.038401867000175116,0
I67_08_02.png,/kaggle/working/MDFS/data/KADID/extracted/kadid10k/images/I67_08_02.png,I67.png,67,8,2,2.5,0.885,18.99900245666504,0.03781170199999906,0
I67_08_04.png,/kaggle/working/MDFS/data/KADID/extracted/kadid10k/images/I67_08_04.png,I67.png,67,8,4,1.37,0.482,23.13007354736328,0.0367222020004192,0
I67_09_01.png,/kaggle/working/MDFS/data/KADID/extracted/kadid10k/images/I67_09_01.png,I67.png,67,9,1,4.67,0.471,18.03044891357422,0.03831517500020709,0
I67_09_03.png,/kaggle/working/MDFS/data/KADID/extracted/kadid10k/images/I67_09_03.png,I67.png,67,9,3,3.6,1.052,21.994613647460938,0.03957629500018811,0
I67_09_05.png,/kaggle/working/MDFS/data/KADID/extracted/kadid10k/images/I67_09_05.png,I67.png,67,9,5,1.13,0.34,36.898338317871094,0.03884364000077767,0
I67_10_02.png,/kaggle/working/MDFS/data/KADID/extracted/kadid10k/images/I67_10_02.png,I67.png,67,10,2,4.3,0.64,18.7060604095459,0.03909664200000407,0
I67_10_04.png,/kaggle/working/MDFS/data/KADID/extracted/kadid10k/images/I67_10_04.png,I67.png,67,10,4,1.87,0.806,28.16895294189453,0.0374025420005637,0
I67_11_01.png,/kaggle/working/MDFS/data/KADID/extracted/kadid10k/images/I67_11_01.png,I67.png,67,11,1,3.87,0.921,18.670780181884766,0.03657185500014748,0
I67_11_03.png,/kaggle/working/MDFS/data/KADID/extracted/kadid10k/images/I67_11_03.png,I67.png,67,11,3,2.93,0.68,19.844520568847656,0.035691462999238865,0
I67_11_05.png,/kaggle/working/MDFS/data/KADID/extracted/kadid10k/images/I67_11_05.png,I67.png,67,11,5,2.3,0.737,22.828458786010742,0.03687439099940093,0
I67_12_02.png,/kaggle/working/MDFS/data/KADID/extracted/kadid10k/images/I67_12_02.png,I67.png,67,12,2,3.6,0.8,18.837814331054688,0.03731893999975,0
I67_12_04.png,/kaggle/working/MDFS/data/KADID/extracted/kadid10k/images/I67_12_04.png,I67.png,67,12,4,2.63,0.875,20.754127502441406,0.03837903700059542,0
I67_13_01.png,/kaggle/working/MDFS/data/KADID/extracted/kadid10k/images/I67_13_01.png,I67.png,67,13,1,3.3,0.936,17.893068313598633,0.03918171700024686,0
I67_13_03.png,/kaggle/working/MDFS/data/KADID/extracted/kadid10k/images/I67_13_03.png,I67.png,67,13,3,2.7,0.971,19.424760818481445,0.03922967200014682,0
I67_13_05.png,/kaggle/working/MDFS/data/KADID/extracted/kadid10k/images/I67_13_05.png,I67.png,67,13,5,2.07,0.772,22.88312339782715,0.038731003000066266,0
I67_14_02.png,/kaggle/working/MDFS/data/KADID/extracted/kadid10k/images/I67_14_02.png,I67.png,67,14,2,3.67,0.83,18.409265518188477,0.036728891000166186,0
I67_14_04.png,/kaggle/working/MDFS/data/KADID/extracted/kadid10k/images/I67_14_04.png,I67.png,67,14,4,2.53,0.718,20.07647132873535,0.03665178899973398,0
I67_15_01.png,/kaggle/working/MDFS/data/KADID/extracted/kadid10k/images/I67_15_01.png,I67.png,67,15,1,3.6,0.841,18.484004974365234,0.040855857999304135,0
I67_15_03.png,/kaggle/working/MDFS/data/KADID/extracted/kadid10k/images/I67_15_03.png,I67.png,67,15,3,2.0,0.775,20.40494155883789,0.038201201999982004,0
I67_15_05.png,/kaggle/working/MDFS/data/KADID/extracted/kadid10k/images/I67_15_05.png,I67.png,67,15,5,1.5,0.563,23.70096206665039,0.03587029499976779,0
I67_16_02.png,/kaggle/working/MDFS/data/KADID/extracted/kadid10k/images/I67_16_02.png,I67.png,67,16,2,4.0,0.632,17.851314544677734,0.0403526400004921,0
I67_16_04.png,/kaggle/working/MDFS/data/KADID/extracted/kadid10k/images/I67_16_04.png,I67.png,67,16,4,2.8,0.98,18.25159454345703,0.03947158200026024,0
I67_17_01.png,/kaggle/working/MDFS/data/KADID/extracted/kadid10k/images/I67_17_01.png,I67.png,67,17,1,4.57,0.496,17.867076873779297,0.04013580299942987,0
I67_17_03.png,/kaggle/working/MDFS/data/KADID/extracted/kadid10k/images/I67_17_03.png,I67.png,67,17,3,3.97,0.752,17.85772705078125,0.0402269600008367,0
I67_17_05.png,/kaggle/working/MDFS/data/KADID/extracted/kadid10k/images/I67_17_05.png,I67.png,67,17,5,2.13,1.024,19.842529296875,0.039010720000078436,0
I67_18_02.png,/kaggle/working/MDFS/data/KADID/extracted/kadid10k/images/I67_18_02.png,I67.png,67,18,2,4.43,0.716,17.966602325439453,0.04012717499972496,0
I67_18_04.png,/kaggle/working/MDFS/data/KADID/extracted/kadid10k/images/I67_18_04.png,I67.png,67,18,4,4.37,0.706,18.01148796081543,0.03919105399927503,0
I67_19_01.png,/kaggle/working/MDFS/data/KADID/extracted/kadid10k/images/I67_19_01.png,I67.png,67,19,1,4.37,0.605,17.778850555419922,0.03879124899958697,0
I67_19_03.png,/kaggle/working/MDFS/data/KADID/extracted/kadid10k/images/I67_19_03.png,I67.png,67,19,3,3.27,0.629,18.150386810302734,0.03752334199998586,0
I67_19_05.png,/kaggle/working/MDFS/data/KADID/extracted/kadid10k/images/I67_19_05.png,I67.png,67,19,5,1.4,0.49,25.331214904785156,0.03696818800017354,0
I67_20_02.png,/kaggle/working/MDFS/data/KADID/extracted/kadid10k/images/I67_20_02.png,I67.png,67,20,2,4.33,0.745,17.771011352539062,0.039353192000817216,0
I67_20_04.png,/kaggle/working/MDFS/data/KADID/extracted/kadid10k/images/I67_20_04.png,I67.png,67,20,4,2.1,1.075,17.66116714477539,0.03880411600039224,0
I67_21_01.png,/kaggle/working/MDFS/data/KADID/extracted/kadid10k/images/I67_21_01.png,I67.png,67,21,1,4.07,0.929,17.852357864379883,0.038892201000635396,0
I67_21_03.png,/kaggle/working/MDFS/data/KADID/extracted/kadid10k/images/I67_21_03.png,I67.png,67,21,3,2.47,0.921,18.52206802368164,0.03659975199934706,0
I67_21_05.png,/kaggle/working/MDFS/data/KADID/extracted/kadid10k/images/I67_21_05.png,I67.png,67,21,5,1.2,0.4,30.03635597229004,0.0355544470003224,0
I67_22_02.png,/kaggle/working/MDFS/data/KADID/extracted/kadid10k/images/I67_22_02.png,I67.png,67,22,2,4.57,0.559,17.950328826904297,0.038959671999691636,0
I67_22_04.png,/kaggle/working/MDFS/data/KADID/extracted/kadid10k/images/I67_22_04.png,I67.png,67,22,4,4.2,0.792,18.133214950561523,0.03738795899971592,0
I67_23_01.png,/kaggle/working/MDFS/data/KADID/extracted/kadid10k/images/I67_23_01.png,I67.png,67,23,1,3.53,1.087,17.815900802612305,0.038076039999396016,0
I67_23_03.png,/kaggle/working/MDFS/data/KADID/extracted/kadid10k/images/I67_23_03.png,I67.png,67,23,3,2.53,0.846,17.874431610107422,0.037958160000016505,0
I67_23_05.png,/kaggle/working/MDFS/data/KADID/extracted/kadid10k/images/I67_23_05.png,I67.png,67,23,5,2.03,1.08,17.852195739746094,0.03778898200016556,0
I67_24_02.png,/kaggle/working/MDFS/data/KADID/extracted/kadid10k/images/I67_24_02.png,I67.png,67,24,2,2.4,0.841,20.73074722290039,0.037893185000029916,0
I67_24_04.png,/kaggle/working/MDFS/data/KADID/extracted/kadid10k/images/I67_24_04.png,I67.png,67,24,4,1.43,0.559,24.603965759277344,0.03742198200052371,0
I67_25_01.png,/kaggle/working/MDFS/data/KADID/extracted/kadid10k/images/I67_25_01.png,I67.png,67,25,1,3.23,0.92,18.676830291748047,0.04001156499998615,0
I67_25_03.png,/kaggle/working/MDFS/data/KADID/extracted/kadid10k/images/I67_25_03.png,I67.png,67,25,3,4.07,0.727,18.062030792236328,0.039981320000151754,0
I67_25_05.png,/kaggle/working/MDFS/data/KADID/extracted/kadid10k/images/I67_25_05.png,I67.png,67,25,5,3.27,1.062,17.74955177307129,0.03947732699998596,0
I68_01_02.png,/kaggle/working/MDFS/data/KADID/extracted/kadid10k/images/I68_01_02.png,I68.png,68,1,2,4.33,0.65,17.041976928710938,0.038508354000441614,0
I68_01_04.png,/kaggle/working/MDFS/data/KADID/extracted/kadid10k/images/I68_01_04.png,I68.png,68,1,4,1.67,0.537,29.416515350341797,0.03872775699983322,0
I68_02_01.png,/kaggle/working/MDFS/data/KADID/extracted/kadid10k/images/I68_02_01.png,I68.png,68,2,1,3.6,0.712,18.113521575927734,0.03852637300042261,0
I68_02_03.png,/kaggle/working/MDFS/data/KADID/extracted/kadid10k/images/I68_02_03.png,I68.png,68,2,3,1.5,0.5,25.658485412597656,0.03871878700010711,0
I68_02_05.png,/kaggle/working/MDFS/data/KADID/extracted/kadid10k/images/I68_02_05.png,I68.png,68,2,5,1.06,0.246,29.886709213256836,0.038653072999295546,0
I68_03_02.png,/kaggle/working/MDFS/data/KADID/extracted/kadid10k/images/I68_03_02.png,I68.png,68,3,2,4.1,0.978,18.7908992767334,0.03922537900052703,0
I68_03_04.png,/kaggle/working/MDFS/data/KADID/extracted/kadid10k/images/I68_03_04.png,I68.png,68,3,4,2.0,0.73,21.870071411132812,0.037765991000014765,0
I68_04_01.png,/kaggle/working/MDFS/data/KADID/extracted/kadid10k/images/I68_04_01.png,I68.png,68,4,1,4.43,0.616,17.63298797607422,0.03807534499992471,0
I68_04_03.png,/kaggle/working/MDFS/data/KADID/extracted/kadid10k/images/I68_04_03.png,I68.png,68,4,3,1.77,0.761,22.43865966796875,0.036235859000044,0
I68_04_05.png,/kaggle/working/MDFS/data/KADID/extracted/kadid10k/images/I68_04_05.png,I68.png,68,4,5,1.3,0.526,25.407732009887695,0.036324087000139116,0
I68_05_02.png,/kaggle/working/MDFS/data/KADID/extracted/kadid10k/images/I68_05_02.png,I68.png,68,5,2,2.17,0.86,18.508270263671875,0.03738568700009637,0
I68_05_04.png,/kaggle/working/MDFS/data/KADID/extracted/kadid10k/images/I68_05_04.png,I68.png,68,5,4,1.77,0.616,17.980207443237305,0.0369998090000081,0
I68_06_01.png,/kaggle/working/MDFS/data/KADID/extracted/kadid10k/images/I68_06_01.png,I68.png,68,6,1,3.5,1.057,18.998764038085938,0.03514451399951213,0
I68_06_03.png,/kaggle/working/MDFS/data/KADID/extracted/kadid10k/images/I68_06_03.png,I68.png,68,6,3,3.1,0.831,19.270458221435547,0.03518476999943232,0
I68_06_05.png,/kaggle/working/MDFS/data/KADID/extracted/kadid10k/images/I68_06_05.png,I68.png,68,6,5,2.16,0.766,21.272626876831055,0.034934895999867877,0
I68_07_02.png,/kaggle/working/MDFS/data/KADID/extracted/kadid10k/images/I68_07_02.png,I68.png,68,7,2,2.27,0.998,18.04619026184082,0.03852297399953386,0
I68_07_04.png,/kaggle/working/MDFS/data/KADID/extracted/kadid10k/images/I68_07_04.png,I68.png,68,7,4,1.87,0.957,22.63475799560547,0.03821345400046994,0
I68_08_01.png,/kaggle/working/MDFS/data/KADID/extracted/kadid10k/images/I68_08_01.png,I68.png,68,8,1,4.7,0.64,17.178165435791016,0.03811718499946437,0
I68_08_03.png,/kaggle/working/MDFS/data/KADID/extracted/kadid10k/images/I68_08_03.png,I68.png,68,8,3,2.5,0.992,20.9885196685791,0.03633783600071183,0
I68_08_05.png,/kaggle/working/MDFS/data/KADID/extracted/kadid10k/images/I68_08_05.png,I68.png,68,8,5,1.67,0.699,23.785781860351562,0.035828057999424345,0
I68_09_02.png,/kaggle/working/MDFS/data/KADID/extracted/kadid10k/images/I68_09_02.png,I68.png,68,9,2,4.2,0.792,20.405996322631836,0.03808925700013788,0
I68_09_04.png,/kaggle/working/MDFS/data/KADID/extracted/kadid10k/images/I68_09_04.png,I68.png,68,9,4,2.07,0.892,26.915945053100586,0.03896328500013624,0
I68_10_01.png,/kaggle/working/MDFS/data/KADID/extracted/kadid10k/images/I68_10_01.png,I68.png,68,10,1,4.2,0.702,18.842296600341797,0.03861310100000992,0
I68_10_03.png,/kaggle/working/MDFS/data/KADID/extracted/kadid10k/images/I68_10_03.png,I68.png,68,10,3,3.6,0.879,20.757423400878906,0.03812775000005786,0
I68_10_05.png,/kaggle/working/MDFS/data/KADID/extracted/kadid10k/images/I68_10_05.png,I68.png,68,10,5,1.23,0.423,30.00331687927246,0.03574176000074658,0
I68_11_02.png,/kaggle/working/MDFS/data/KADID/extracted/kadid10k/images/I68_11_02.png,I68.png,68,11,2,3.07,0.772,19.735950469970703,0.03642883200063807,0
I68_11_04.png,/kaggle/working/MDFS/data/KADID/extracted/kadid10k/images/I68_11_04.png,I68.png,68,11,4,2.8,0.653,21.586894989013672,0.03580172100009804,0
I68_12_01.png,/kaggle/working/MDFS/data/KADID/extracted/kadid10k/images/I68_12_01.png,I68.png,68,12,1,4.33,0.65,18.055145263671875,0.03706539900031203,0
I68_12_03.png,/kaggle/working/MDFS/data/KADID/extracted/kadid10k/images/I68_12_03.png,I68.png,68,12,3,2.97,1.048,19.966474533081055,0.037954723999973794,0
I68_12_05.png,/kaggle/working/MDFS/data/KADID/extracted/kadid10k/images/I68_12_05.png,I68.png,68,12,5,1.97,0.657,23.059154510498047,0.03757706600026722,0
I68_13_02.png,/kaggle/working/MDFS/data/KADID/extracted/kadid10k/images/I68_13_02.png,I68.png,68,13,2,2.9,0.831,18.19776725769043,0.036147443000118074,0
I68_13_04.png,/kaggle/working/MDFS/data/KADID/extracted/kadid10k/images/I68_13_04.png,I68.png,68,13,4,2.23,0.716,20.292390823364258,0.03595970300011686,0
I68_14_01.png,/kaggle/working/MDFS/data/KADID/extracted/kadid10k/images/I68_14_01.png,I68.png,68,14,1,4.6,0.49,17.962230682373047,0.035837392999383155,0
I68_14_03.png,/kaggle/working/MDFS/data/KADID/extracted/kadid10k/images/I68_14_03.png,I68.png,68,14,3,2.9,0.831,19.961641311645508,0.036962845999369165,0
I68_14_05.png,/kaggle/working/MDFS/data/KADID/extracted/kadid10k/images/I68_14_05.png,I68.png,68,14,5,1.87,0.618,24.42711067199707,0.03755830299996887,0
I68_15_02.png,/kaggle/working/MDFS/data/KADID/extracted/kadid10k/images/I68_15_02.png,I68.png,68,15,2,2.35,0.825,20.20426368713379,0.03739619899988611,0
I68_15_04.png,/kaggle/working/MDFS/data/KADID/extracted/kadid10k/images/I68_15_04.png,I68.png,68,15,4,1.4,0.49,22.655813217163086,0.036325698999462475,0
I68_16_01.png,/kaggle/working/MDFS/data/KADID/extracted/kadid10k/images/I68_16_01.png,I68.png,68,16,1,4.73,0.442,17.19732666015625,0.03659458900074242,0
I68_16_03.png,/kaggle/working/MDFS/data/KADID/extracted/kadid10k/images/I68_16_03.png,I68.png,68,16,3,3.3,0.9,17.401914596557617,0.03712973300025624,0
I68_16_05.png,/kaggle/working/MDFS/data/KADID/extracted/kadid10k/images/I68_16_05.png,I68.png,68,16,5,1.5,0.563,21.340457916259766,0.03727325700037909,0
I68_17_02.png,/kaggle/working/MDFS/data/KADID/extracted/kadid10k/images/I68_17_02.png,I68.png,68,17,2,4.7,0.526,17.170562744140625,0.03792546200020297,0
I68_17_04.png,/kaggle/working/MDFS/data/KADID/extracted/kadid10k/images/I68_17_04.png,I68.png,68,17,4,3.6,0.841,17.49446678161621,0.03801300299983268,0
I68_18_01.png,/kaggle/working/MDFS/data/KADID/extracted/kadid10k/images/I68_18_01.png,I68.png,68,18,1,4.03,0.836,17.812896728515625,0.03741380200062849,0
I68_18_03.png,/kaggle/working/MDFS/data/KADID/extracted/kadid10k/images/I68_18_03.png,I68.png,68,18,3,4.6,0.49,17.178165435791016,0.037020515000222076,0
I68_18_05.png,/kaggle/working/MDFS/data/KADID/extracted/kadid10k/images/I68_18_05.png,I68.png,68,18,5,4.2,0.653,17.678081512451172,0.03661911599920131,0
I68_19_02.png,/kaggle/working/MDFS/data/KADID/extracted/kadid10k/images/I68_19_02.png,I68.png,68,19,2,4.2,0.6,16.832923889160156,0.03737917899979948,0
I68_19_04.png,/kaggle/working/MDFS/data/KADID/extracted/kadid10k/images/I68_19_04.png,I68.png,68,19,4,1.77,0.667,18.473207473754883,0.037585297000077844,0
I68_20_01.png,/kaggle/working/MDFS/data/KADID/extracted/kadid10k/images/I68_20_01.png,I68.png,68,20,1,4.43,0.496,17.142515182495117,0.038440536000052816,0
I68_20_03.png,/kaggle/working/MDFS/data/KADID/extracted/kadid10k/images/I68_20_03.png,I68.png,68,20,3,4.6,0.49,17.11973762512207,0.037527965000663244,0
I68_20_05.png,/kaggle/working/MDFS/data/KADID/extracted/kadid10k/images/I68_20_05.png,I68.png,68,20,5,3.53,1.258,17.100467681884766,0.03669781000007788,0
I68_21_02.png,/kaggle/working/MDFS/data/KADID/extracted/kadid10k/images/I68_21_02.png,I68.png,68,21,2,2.8,0.98,17.169370651245117,0.03724545500062959,0
I68_21_04.png,/kaggle/working/MDFS/data/KADID/extracted/kadid10k/images/I68_21_04.png,I68.png,68,21,4,2.63,1.251,18.00164222717285,0.03511264500048128,0
I68_22_01.png,/kaggle/working/MDFS/data/KADID/extracted/kadid10k/images/I68_22_01.png,I68.png,68,22,1,4.27,0.814,17.41582679748535,0.03691222399993421,0
I68_22_03.png,/kaggle/working/MDFS/data/KADID/extracted/kadid10k/images/I68_22_03.png,I68.png,68,22,3,3.77,1.023,17.456951141357422,0.037087930000780034,0
I68_22_05.png,/kaggle/working/MDFS/data/KADID/extracted/kadid10k/images/I68_22_05.png,I68.png,68,22,5,2.9,1.075,17.787578582763672,0.03592968200064206,0
I68_23_02.png,/kaggle/working/MDFS/data/KADID/extracted/kadid10k/images/I68_23_02.png,I68.png,68,23,2,2.5,0.992,17.03582000732422,0.03736752700024226,0
I68_23_04.png,/kaggle/working/MDFS/data/KADID/extracted/kadid10k/images/I68_23_04.png,I68.png,68,23,4,2.2,0.872,17.100139617919922,0.03664098100034607,0
I68_24_01.png,/kaggle/working/MDFS/data/KADID/extracted/kadid10k/images/I68_24_01.png,I68.png,68,24,1,3.17,1.003,18.963899612426758,0.03720457100007479,0
I68_24_03.png,/kaggle/working/MDFS/data/KADID/extracted/kadid10k/images/I68_24_03.png,I68.png,68,24,3,1.83,0.637,21.73396110534668,0.03791900499982148,0
I68_24_05.png,/kaggle/working/MDFS/data/KADID/extracted/kadid10k/images/I68_24_05.png,I68.png,68,24,5,1.1,0.3,27.307415008544922,0.03776391900009912,0
I68_25_02.png,/kaggle/working/MDFS/data/KADID/extracted/kadid10k/images/I68_25_02.png,I68.png,68,25,2,4.23,0.803,18.219234466552734,0.03791333399931318,0
I68_25_04.png,/kaggle/working/MDFS/data/KADID/extracted/kadid10k/images/I68_25_04.png,I68.png,68,25,4,4.03,0.657,16.955337524414062,0.03743673899953137,0
I69_01_01.png,/kaggle/working/MDFS/data/KADID/extracted/kadid10k/images/I69_01_01.png,I69.png,69,1,1,4.48,0.713,17.50637435913086,0.0385609659997499,0
I69_01_03.png,/kaggle/working/MDFS/data/KADID/extracted/kadid10k/images/I69_01_03.png,I69.png,69,1,3,3.4,0.757,21.41225242614746,0.038786465999692155,0
I69_01_05.png,/kaggle/working/MDFS/data/KADID/extracted/kadid10k/images/I69_01_05.png,I69.png,69,1,5,1.4,0.49,39.155113220214844,0.03775301000041509,0
I69_02_02.png,/kaggle/working/MDFS/data/KADID/extracted/kadid10k/images/I69_02_02.png,I69.png,69,2,2,3.23,0.803,22.809112548828125,0.03914116999931139,0
I69_02_04.png,/kaggle/working/MDFS/data/KADID/extracted/kadid10k/images/I69_02_04.png,I69.png,69,2,4,1.4,0.554,30.791330337524414,0.03791345699937665,0
I69_03_01.png,/kaggle/working/MDFS/data/KADID/extracted/kadid10k/images/I69_03_01.png,I69.png,69,3,1,4.5,0.563,17.50637435913086,0.03876241200032382,0
I69_03_03.png,/kaggle/working/MDFS/data/KADID/extracted/kadid10k/images/I69_03_03.png,I69.png,69,3,3,3.3,0.823,20.42959213256836,0.03979304400036199,0
I69_03_05.png,/kaggle/working/MDFS/data/KADID/extracted/kadid10k/images/I69_03_05.png,I69.png,69,3,5,1.87,0.618,22.742490768432617,0.03871098299987352,0
I69_04_02.png,/kaggle/working/MDFS/data/KADID/extracted/kadid10k/images/I69_04_02.png,I69.png,69,4,2,2.97,1.08,18.705318450927734,0.03908833799960121,0
I69_04_04.png,/kaggle/working/MDFS/data/KADID/extracted/kadid10k/images/I69_04_04.png,I69.png,69,4,4,1.3,0.586,19.243478775024414,0.03963981399920158,0
I69_05_01.png,/kaggle/working/MDFS/data/KADID/extracted/kadid10k/images/I69_05_01.png,I69.png,69,5,1,4.6,0.554,17.717132568359375,0.039046212999892305,0
I69_05_03.png,/kaggle/working/MDFS/data/KADID/extracted/kadid10k/images/I69_05_03.png,I69.png,69,5,3,1.93,0.727,18.21507453918457,0.03860188300041045,0
I69_05_05.png,/kaggle/working/MDFS/data/KADID/extracted/kadid10k/images/I69_05_05.png,I69.png,69,5,5,2.47,0.846,17.673616409301758,0.03863587900013954,0
I69_06_02.png,/kaggle/working/MDFS/data/KADID/extracted/kadid10k/images/I69_06_02.png,I69.png,69,6,2,3.7,0.69,19.652835845947266,0.03544200199939951,0
I69_06_04.png,/kaggle/working/MDFS/data/KADID/extracted/kadid10k/images/I69_06_04.png,I69.png,69,6,4,3.27,0.814,21.692256927490234,0.04710313400028099,0
I69_07_01.png,/kaggle/working/MDFS/data/KADID/extracted/kadid10k/images/I69_07_01.png,I69.png,69,7,1,2.47,0.884,18.595611572265625,0.03730386099960015,0
I69_07_03.png,/kaggle/working/MDFS/data/KADID/extracted/kadid10k/images/I69_07_03.png,I69.png,69,7,3,2.39,1.037,19.613937377929688,0.0364684619999025,0
I69_07_05.png,/kaggle/working/MDFS/data/KADID/extracted/kadid10k/images/I69_07_05.png,I69.png,69,7,5,2.58,1.071,19.44333267211914,0.03710321400012617,0
I69_08_02.png,/kaggle/working/MDFS/data/KADID/extracted/kadid10k/images/I69_08_02.png,I69.png,69,8,2,3.69,0.768,18.14535903930664,0.039216932999806886,0
I69_08_04.png,/kaggle/working/MDFS/data/KADID/extracted/kadid10k/images/I69_08_04.png,I69.png,69,8,4,2.0,0.683,19.297624588012695,0.058665870999902836,0
I69_09_01.png,/kaggle/working/MDFS/data/KADID/extracted/kadid10k/images/I69_09_01.png,I69.png,69,9,1,4.3,0.9,17.93161964416504,0.049746740000045975,0
I69_09_03.png,/kaggle/working/MDFS/data/KADID/extracted/kadid10k/images/I69_09_03.png,I69.png,69,9,3,4.2,0.792,21.31787109375,0.03696180600036314,0
I69_09_05.png,/kaggle/working/MDFS/data/KADID/extracted/kadid10k/images/I69_09_05.png,I69.png,69,9,5,1.53,0.562,34.074771881103516,0.03632381300030829,0
I69_10_02.png,/kaggle/working/MDFS/data/KADID/extracted/kadid10k/images/I69_10_02.png,I69.png,69,10,2,4.07,0.892,19.71242332458496,0.03704078899954766,0
I69_10_04.png,/kaggle/working/MDFS/data/KADID/extracted/kadid10k/images/I69_10_04.png,I69.png,69,10,4,2.03,0.795,30.40016746520996,0.036181673000101,0
I69_11_01.png,/kaggle/working/MDFS/data/KADID/extracted/kadid10k/images/I69_11_01.png,I69.png,69,11,1,3.8,0.872,20.343090057373047,0.03647695100062265,0
I69_11_03.png,/kaggle/working/MDFS/data/KADID/extracted/kadid10k/images/I69_11_03.png,I69.png,69,11,3,3.27,0.772,22.962100982666016,0.036082577999877685,0
I69_11_05.png,/kaggle/working/MDFS/data/KADID/extracted/kadid10k/images/I69_11_05.png,I69.png,69,11,5,2.23,0.883,26.989362716674805,0.03593549900051585,0
I69_12_02.png,/kaggle/working/MDFS/data/KADID/extracted/kadid10k/images/I69_12_02.png,I69.png,69,12,2,3.37,1.016,20.70656967163086,0.03661742700023751,0
I69_12_04.png,/kaggle/working/MDFS/data/KADID/extracted/kadid10k/images/I69_12_04.png,I69.png,69,12,4,2.87,0.846,24.70955467224121,0.03794292100064922,0
I69_13_01.png,/kaggle/working/MDFS/data/KADID/extracted/kadid10k/images/I69_13_01.png,I69.png,69,13,1,3.83,0.898,17.626379013061523,0.03951118900022266,0
I69_13_03.png,/kaggle/working/MDFS/data/KADID/extracted/kadid10k/images/I69_13_03.png,I69.png,69,13,3,2.73,0.68,20.36346435546875,0.038640266999209416,0
I69_13_05.png,/kaggle/working/MDFS/data/KADID/extracted/kadid10k/images/I69_13_05.png,I69.png,69,13,5,2.13,0.67,26.257768630981445,0.03742375199999515,0
I69_14_02.png,/kaggle/working/MDFS/data/KADID/extracted/kadid10k/images/I69_14_02.png,I69.png,69,14,2,4.1,0.79,18.756441116333008,0.0380082069996206,0
I69_14_04.png,/kaggle/working/MDFS/data/KADID/extracted/kadid10k/images/I69_14_04.png,I69.png,69,14,4,2.93,0.964,20.415647506713867,0.036072353000236035,0
I69_15_01.png,/kaggle/working/MDFS/data/KADID/extracted/kadid10k/images/I69_15_01.png,I69.png,69,15,1,3.77,0.92,20.55608367919922,0.03759873399940261,0
I69_15_03.png,/kaggle/working/MDFS/data/KADID/extracted/kadid10k/images/I69_15_03.png,I69.png,69,15,3,2.47,0.718,23.50201416015625,0.036807937000048696,0
I69_15_05.png,/kaggle/working/MDFS/data/KADID/extracted/kadid10k/images/I69_15_05.png,I69.png,69,15,5,1.33,0.471,26.542266845703125,0.03751209799975186,0
I69_16_02.png,/kaggle/working/MDFS/data/KADID/extracted/kadid10k/images/I69_16_02.png,I69.png,69,16,2,4.1,0.7,17.489017486572266,0.039195760000438895,0
I69_16_04.png,/kaggle/working/MDFS/data/KADID/extracted/kadid10k/images/I69_16_04.png,I69.png,69,16,4,3.33,0.869,17.723676681518555,0.03841177499998594,0
I69_17_01.png,/kaggle/working/MDFS/data/KADID/extracted/kadid10k/images/I69_17_01.png,I69.png,69,17,1,4.67,0.65,17.472200393676758,0.03831097799957206,0
I69_17_03.png,/kaggle/working/MDFS/data/KADID/extracted/kadid10k/images/I69_17_03.png,I69.png,69,17,3,4.27,0.442,17.50172996520996,0.03796719100046175,0
I69_17_05.png,/kaggle/working/MDFS/data/KADID/extracted/kadid10k/images/I69_17_05.png,I69.png,69,17,5,1.87,0.618,19.961801528930664,0.035682713999449334,0
I69_18_02.png,/kaggle/working/MDFS/data/KADID/extracted/kadid10k/images/I69_18_02.png,I69.png,69,18,2,4.53,0.562,17.46997833251953,0.03774251100003312,0
I69_18_04.png,/kaggle/working/MDFS/data/KADID/extracted/kadid10k/images/I69_18_04.png,I69.png,69,18,4,4.43,0.559,17.60889434814453,0.03855846900023607,0
I69_19_01.png,/kaggle/working/MDFS/data/KADID/extracted/kadid10k/images/I69_19_01.png,I69.png,69,19,1,4.27,0.772,17.545642852783203,0.038904736999938905,0
I69_19_03.png,/kaggle/working/MDFS/data/KADID/extracted/kadid10k/images/I69_19_03.png,I69.png,69,19,3,3.03,0.674,18.22099494934082,0.037624306999532564,0
I69_19_05.png,/kaggle/working/MDFS/data/KADID/extracted/kadid10k/images/I69_19_05.png,I69.png,69,19,5,1.3,0.526,24.65927505493164,0.03779620499972225,0
I69_20_02.png,/kaggle/working/MDFS/data/KADID/extracted/kadid10k/images/I69_20_02.png,I69.png,69,20,2,3.63,1.251,17.506851196289062,0.038890162999450695,0
I69_20_04.png,/kaggle/working/MDFS/data/KADID/extracted/kadid10k/images/I69_20_04.png,I69.png,69,20,4,3.8,1.249,17.433574676513672,0.03801589700015029,0
I69_21_01.png,/kaggle/working/MDFS/data/KADID/extracted/kadid10k/images/I69_21_01.png,I69.png,69,21,1,3.6,0.8,17.52505874633789,0.03714443199987727,0
I69_21_03.png,/kaggle/working/MDFS/data/KADID/extracted/kadid10k/images/I69_21_03.png,I69.png,69,21,3,3.23,0.955,18.33534049987793,0.03624616500019329,0
I69_21_05.png,/kaggle/working/MDFS/data/KADID/extracted/kadid10k/images/I69_21_05.png,I69.png,69,21,5,1.57,0.559,28.659282684326172,0.03414595300000656,0
I69_22_02.png,/kaggle/working/MDFS/data/KADID/extracted/kadid10k/images/I69_22_02.png,I69.png,69,22,2,4.33,0.83,17.49225425720215,0.03778686999976344,0
I69_22_04.png,/kaggle/working/MDFS/data/KADID/extracted/kadid10k/images/I69_22_04.png,I69.png,69,22,4,3.77,0.844,18.450130462646484,0.03697046399975079,0
I69_23_01.png,/kaggle/working/MDFS/data/KADID/extracted/kadid10k/images/I69_23_01.png,I69.png,69,23,1,2.2,0.945,17.51820945739746,0.039529951000076835,0
I69_23_03.png,/kaggle/working/MDFS/data/KADID/extracted/kadid10k/images/I69_23_03.png,I69.png,69,23,3,2.43,1.023,17.502761840820312,0.03812510099942301,0
I69_23_05.png,/kaggle/working/MDFS/data/KADID/extracted/kadid10k/images/I69_23_05.png,I69.png,69,23,5,2.07,0.68,17.664453506469727,0.03838670499953878,0
I69_24_02.png,/kaggle/working/MDFS/data/KADID/extracted/kadid10k/images/I69_24_02.png,I69.png,69,24,2,3.4,0.757,19.37925910949707,0.0391163089998372,0
I69_24_04.png,/kaggle/working/MDFS/data/KADID/extracted/kadid10k/images/I69_24_04.png,I69.png,69,24,4,1.5,0.563,22.527490615844727,0.03779455399944709,0
I69_25_01.png,/kaggle/working/MDFS/data/KADID/extracted/kadid10k/images/I69_25_01.png,I69.png,69,25,1,3.53,0.957,17.686450958251953,0.03781193299982988,0
I69_25_03.png,/kaggle/working/MDFS/data/KADID/extracted/kadid10k/images/I69_25_03.png,I69.png,69,25,3,4.5,0.5,17.341968536376953,0.03868619399963791,0
I69_25_05.png,/kaggle/working/MDFS/data/KADID/extracted/kadid10k/images/I69_25_05.png,I69.png,69,25,5,2.93,0.964,18.067241668701172,0.03856856299989886,0
I70_01_02.png,/kaggle/working/MDFS/data/KADID/extracted/kadid10k/images/I70_01_02.png,I70.png,70,1,2,4.73,0.442,18.539670944213867,0.03913778199967055,0
I70_01_04.png,/kaggle/working/MDFS/data/KADID/extracted/kadid10k/images/I70_01_04.png,I70.png,70,1,4,1.93,0.68,30.72818946838379,0.038269355000011274,0
I70_02_01.png,/kaggle/working/MDFS/data/KADID/extracted/kadid10k/images/I70_02_01.png,I70.png,70,2,1,4.23,0.761,19.806726455688477,0.03857767099998455,0
I70_02_03.png,/kaggle/working/MDFS/data/KADID/extracted/kadid10k/images/I70_02_03.png,I70.png,70,2,3,1.77,0.667,29.119958877563477,0.03804253799989965,0
I70_02_05.png,/kaggle/working/MDFS/data/KADID/extracted/kadid10k/images/I70_02_05.png,I70.png,70,2,5,1.23,0.423,34.604888916015625,0.037539951000326255,0
I70_03_02.png,/kaggle/working/MDFS/data/KADID/extracted/kadid10k/images/I70_03_02.png,I70.png,70,3,2,4.5,0.5,19.899442672729492,0.038334263999786344,0
I70_03_04.png,/kaggle/working/MDFS/data/KADID/extracted/kadid10k/images/I70_03_04.png,I70.png,70,3,4,2.17,0.582,23.345577239990234,0.03755637699941872,0
I70_04_01.png,/kaggle/working/MDFS/data/KADID/extracted/kadid10k/images/I70_04_01.png,I70.png,70,4,1,4.63,0.482,18.528364181518555,0.03817814800004271,0
I70_04_03.png,/kaggle/working/MDFS/data/KADID/extracted/kadid10k/images/I70_04_03.png,I70.png,70,4,3,1.73,0.727,20.548828125,0.039663153999754286,0
I70_04_05.png,/kaggle/working/MDFS/data/KADID/extracted/kadid10k/images/I70_04_05.png,I70.png,70,4,5,1.33,0.537,21.881715774536133,0.03915190599946072,0
I70_05_02.png,/kaggle/working/MDFS/data/KADID/extracted/kadid10k/images/I70_05_02.png,I70.png,70,5,2,2.1,0.79,20.31533432006836,0.039943222000147216,0
I70_05_04.png,/kaggle/working/MDFS/data/KADID/extracted/kadid10k/images/I70_05_04.png,I70.png,70,5,4,1.9,0.651,20.12089729309082,0.039295021999350865,0
I70_06_01.png,/kaggle/working/MDFS/data/KADID/extracted/kadid10k/images/I70_06_01.png,I70.png,70,6,1,4.03,0.948,20.80828094482422,0.03683627099962905,0
I70_06_03.png,/kaggle/working/MDFS/data/KADID/extracted/kadid10k/images/I70_06_03.png,I70.png,70,6,3,3.23,1.086,21.580068588256836,0.03582531099982589,0
I70_06_05.png,/kaggle/working/MDFS/data/KADID/extracted/kadid10k/images/I70_06_05.png,I70.png,70,6,5,1.67,0.537,24.43810272216797,0.03381092999916291,0
I70_07_02.png,/kaggle/working/MDFS/data/KADID/extracted/kadid10k/images/I70_07_02.png,I70.png,70,7,2,1.97,0.795,19.881391525268555,0.037738385000011476,0
I70_07_04.png,/kaggle/working/MDFS/data/KADID/extracted/kadid10k/images/I70_07_04.png,I70.png,70,7,4,2.3,1.13,23.954641342163086,0.03716784300013387,0
I70_08_01.png,/kaggle/working/MDFS/data/KADID/extracted/kadid10k/images/I70_08_01.png,I70.png,70,8,1,4.73,0.442,18.69940948486328,0.039885705999950005,0
I70_08_03.png,/kaggle/working/MDFS/data/KADID/extracted/kadid10k/images/I70_08_03.png,I70.png,70,8,3,2.87,1.056,19.630842208862305,0.03944942499947501,0
I70_08_05.png,/kaggle/working/MDFS/data/KADID/extracted/kadid10k/images/I70_08_05.png,I70.png,70,8,5,1.23,0.423,22.08709716796875,0.03919893999955093,0
I70_09_02.png,/kaggle/working/MDFS/data/KADID/extracted/kadid10k/images/I70_09_02.png,I70.png,70,9,2,4.53,0.499,20.796052932739258,0.038976881000053254,0
I70_09_04.png,/kaggle/working/MDFS/data/KADID/extracted/kadid10k/images/I70_09_04.png,I70.png,70,9,4,2.07,0.892,26.96089744567871,0.03847544200016273,0
I70_10_01.png,/kaggle/working/MDFS/data/KADID/extracted/kadid10k/images/I70_10_01.png,I70.png,70,10,1,4.5,0.5,19.344932556152344,0.03841170600026089,0
I70_10_03.png,/kaggle/working/MDFS/data/KADID/extracted/kadid10k/images/I70_10_03.png,I70.png,70,10,3,3.97,0.822,20.31802749633789,0.03738769800020236,0
I70_10_05.png,/kaggle/working/MDFS/data/KADID/extracted/kadid10k/images/I70_10_05.png,I70.png,70,10,5,1.23,0.423,30.939016342163086,0.03525574899958883,0
I70_11_02.png,/kaggle/working/MDFS/data/KADID/extracted/kadid10k/images/I70_11_02.png,I70.png,70,11,2,3.5,0.922,22.044544219970703,0.03659273299945198,0
I70_11_04.png,/kaggle/working/MDFS/data/KADID/extracted/kadid10k/images/I70_11_04.png,I70.png,70,11,4,2.7,0.823,24.042522430419922,0.03728028599925892,0
I70_12_01.png,/kaggle/working/MDFS/data/KADID/extracted/kadid10k/images/I70_12_01.png,I70.png,70,12,1,4.63,0.482,19.831571578979492,0.037885091999669385,0
I70_12_03.png,/kaggle/working/MDFS/data/KADID/extracted/kadid10k/images/I70_12_03.png,I70.png,70,12,3,3.1,0.87,22.53152847290039,0.03662207599973044,0
I70_12_05.png,/kaggle/working/MDFS/data/KADID/extracted/kadid10k/images/I70_12_05.png,I70.png,70,12,5,2.53,0.763,25.551197052001953,0.03718821999973443,0
I70_13_02.png,/kaggle/working/MDFS/data/KADID/extracted/kadid10k/images/I70_13_02.png,I70.png,70,13,2,2.97,0.948,20.268756866455078,0.03884087699952943,0
I70_13_04.png,/kaggle/working/MDFS/data/KADID/extracted/kadid10k/images/I70_13_04.png,I70.png,70,13,4,2.23,0.803,24.451519012451172,0.03749568199964415,0
I70_14_01.png,/kaggle/working/MDFS/data/KADID/extracted/kadid10k/images/I70_14_01.png,I70.png,70,14,1,4.57,0.496,20.171297073364258,0.037555666999651294,0
I70_14_03.png,/kaggle/working/MDFS/data/KADID/extracted/kadid10k/images/I70_14_03.png,I70.png,70,14,3,3.07,0.629,22.55451202392578,0.03727893499944912,0
I70_14_05.png,/kaggle/working/MDFS/data/KADID/extracted/kadid10k/images/I70_14_05.png,I70.png,70,14,5,2.1,0.831,25.55470848083496,0.03797372200006066,0
I70_15_02.png,/kaggle/working/MDFS/data/KADID/extracted/kadid10k/images/I70_15_02.png,I70.png,70,15,2,2.87,0.991,21.259817123413086,0.03972826399967744,0
I70_15_04.png,/kaggle/working/MDFS/data/KADID/extracted/kadid10k/images/I70_15_04.png,I70.png,70,15,4,1.77,0.667,23.942401885986328,0.0372247260002041,0
I70_16_01.png,/kaggle/working/MDFS/data/KADID/extracted/kadid10k/images/I70_16_01.png,I70.png,70,16,1,4.7,0.458,18.78386878967285,0.03851191200010362,0
I70_16_03.png,/kaggle/working/MDFS/data/KADID/extracted/kadid10k/images/I70_16_03.png,I70.png,70,16,3,4.03,0.706,18.63516616821289,0.038502362000144785,0
I70_16_05.png,/kaggle/working/MDFS/data/KADID/extracted/kadid10k/images/I70_16_05.png,I70.png,70,16,5,2.13,0.806,21.349151611328125,0.03713710000010906,0
I70_17_02.png,/kaggle/working/MDFS/data/KADID/extracted/kadid10k/images/I70_17_02.png,I70.png,70,17,2,4.7,0.458,18.540618896484375,0.037937302000500495,0
I70_17_04.png,/kaggle/working/MDFS/data/KADID/extracted/kadid10k/images/I70_17_04.png,I70.png,70,17,4,3.97,0.657,18.341022491455078,0.037859900000512425,0
I70_18_01.png,/kaggle/working/MDFS/data/KADID/extracted/kadid10k/images/I70_18_01.png,I70.png,70,18,1,4.37,0.752,18.707542419433594,0.038582850999773655,0
I70_18_03.png,/kaggle/working/MDFS/data/KADID/extracted/kadid10k/images/I70_18_03.png,I70.png,70,18,3,4.6,0.49,18.69940948486328,0.03928445700057637,0
I70_18_05.png,/kaggle/working/MDFS/data/KADID/extracted/kadid10k/images/I70_18_05.png,I70.png,70,18,5,4.43,0.496,18.912921905517578,0.039320617000157654,0
I70_19_02.png,/kaggle/working/MDFS/data/KADID/extracted/kadid10k/images/I70_19_02.png,I70.png,70,19,2,3.9,0.7,17.765844345092773,0.03951630399933492,0
I70_19_04.png,/kaggle/working/MDFS/data/KADID/extracted/kadid10k/images/I70_19_04.png,I70.png,70,19,4,1.57,0.616,21.4681339263916,0.03693996899983176,0
I70_20_01.png,/kaggle/working/MDFS/data/KADID/extracted/kadid10k/images/I70_20_01.png,I70.png,70,20,1,3.77,1.174,18.551380157470703,0.038690651999786496,0
I70_20_03.png,/kaggle/working/MDFS/data/KADID/extracted/kadid10k/images/I70_20_03.png,I70.png,70,20,3,3.53,0.957,18.51329803466797,0.03874666499996238,0
I70_20_05.png,/kaggle/working/MDFS/data/KADID/extracted/kadid10k/images/I70_20_05.png,I70.png,70,20,5,1.74,0.915,18.54480743408203,0.03928557200015348,0
I70_21_02.png,/kaggle/working/MDFS/data/KADID/extracted/kadid10k/images/I70_21_02.png,I70.png,70,21,2,2.6,1.083,19.22381591796875,0.03757708100056334,0
I70_21_04.png,/kaggle/working/MDFS/data/KADID/extracted/kadid10k/images/I70_21_04.png,I70.png,70,21,4,2.2,0.945,21.316654205322266,0.03581072999986645,0
I70_22_01.png,/kaggle/working/MDFS/data/KADID/extracted/kadid10k/images/I70_22_01.png,I70.png,70,22,1,4.63,0.605,19.5551815032959,0.03778922600031365,0
I70_22_03.png,/kaggle/working/MDFS/data/KADID/extracted/kadid10k/images/I70_22_03.png,I70.png,70,22,3,4.37,0.836,19.788394927978516,0.03804062899962446,0
I70_22_05.png,/kaggle/working/MDFS/data/KADID/extracted/kadid10k/images/I70_22_05.png,I70.png,70,22,5,2.73,0.998,20.821741104125977,0.03633450599954813,0
I70_23_02.png,/kaggle/working/MDFS/data/KADID/extracted/kadid10k/images/I70_23_02.png,I70.png,70,23,2,2.43,0.883,18.65601921081543,0.039023444000122254,0
I70_23_04.png,/kaggle/working/MDFS/data/KADID/extracted/kadid10k/images/I70_23_04.png,I70.png,70,23,4,2.67,1.075,18.596769332885742,0.038561101000595954,0
I70_24_01.png,/kaggle/working/MDFS/data/KADID/extracted/kadid10k/images/I70_24_01.png,I70.png,70,24,1,3.7,0.971,18.97918701171875,0.03809595300026558,0
I70_24_03.png,/kaggle/working/MDFS/data/KADID/extracted/kadid10k/images/I70_24_03.png,I70.png,70,24,3,2.0,0.718,20.5421085357666,0.03831412699946668,0
I70_24_05.png,/kaggle/working/MDFS/data/KADID/extracted/kadid10k/images/I70_24_05.png,I70.png,70,24,5,1.37,0.605,24.66933250427246,0.036589434999768855,0
I70_25_02.png,/kaggle/working/MDFS/data/KADID/extracted/kadid10k/images/I70_25_02.png,I70.png,70,25,2,4.0,1.033,18.70151710510254,0.03829198000039469,0
I70_25_04.png,/kaggle/working/MDFS/data/KADID/extracted/kadid10k/images/I70_25_04.png,I70.png,70,25,4,4.23,0.761,18.57535171508789,0.039147317000242765,0
I71_01_01.png,/kaggle/working/MDFS/data/KADID/extracted/kadid10k/images/I71_01_01.png,I71.png,71,1,1,4.63,0.482,17.21657943725586,0.038347117999364855,0
I71_01_03.png,/kaggle/working/MDFS/data/KADID/extracted/kadid10k/images/I71_01_03.png,I71.png,71,1,3,2.7,0.823,21.001922607421875,0.03827374399952532,0
I71_01_05.png,/kaggle/working/MDFS/data/KADID/extracted/kadid10k/images/I71_01_05.png,I71.png,71,1,5,1.23,0.418,37.99880599975586,0.03710653500002081,0
I71_02_02.png,/kaggle/working/MDFS/data/KADID/extracted/kadid10k/images/I71_02_02.png,I71.png,71,2,2,2.33,0.943,22.500991821289062,0.037935442999696534,0
I71_02_04.png,/kaggle/working/MDFS/data/KADID/extracted/kadid10k/images/I71_02_04.png,I71.png,71,2,4,1.4,0.554,29.159902572631836,0.03675222499987285,0
I71_03_01.png,/kaggle/working/MDFS/data/KADID/extracted/kadid10k/images/I71_03_01.png,I71.png,71,3,1,4.47,0.618,17.21657943725586,0.03773642399937671,0
I71_03_03.png,/kaggle/working/MDFS/data/KADID/extracted/kadid10k/images/I71_03_03.png,I71.png,71,3,3,2.87,0.921,19.7447566986084,0.03754203900007269,0
I71_03_05.png,/kaggle/working/MDFS/data/KADID/extracted/kadid10k/images/I71_03_05.png,I71.png,71,3,5,1.5,0.619,21.919015884399414,0.0377288130002853,0
I71_04_02.png,/kaggle/working/MDFS/data/KADID/extracted/kadid10k/images/I71_04_02.png,I71.png,71,4,2,2.57,0.844,20.110082626342773,0.03813021899986779,0
I71_04_04.png,/kaggle/working/MDFS/data/KADID/extracted/kadid10k/images/I71_04_04.png,I71.png,71,4,4,1.47,0.562,24.085969924926758,0.03600103000007948,0
I71_05_01.png,/kaggle/working/MDFS/data/KADID/extracted/kadid10k/images/I71_05_01.png,I71.png,71,5,1,4.5,0.671,17.95966911315918,0.037922550000075717,0
I71_05_03.png,/kaggle/working/MDFS/data/KADID/extracted/kadid10k/images/I71_05_03.png,I71.png,71,5,3,1.87,0.718,18.350006103515625,0.037078868000207876,0
I71_05_05.png,/kaggle/working/MDFS/data/KADID/extracted/kadid10k/images/I71_05_05.png,I71.png,71,5,5,1.77,0.559,18.117916107177734,0.038001801000064006,0
I71_06_02.png,/kaggle/working/MDFS/data/KADID/extracted/kadid10k/images/I71_06_02.png,I71.png,71,6,2,3.8,0.748,19.074949264526367,0.035018118000152754,0
I71_06_04.png,/kaggle/working/MDFS/data/KADID/extracted/kadid10k/images/I71_06_04.png,I71.png,71,6,4,3.23,0.844,19.840761184692383,0.036170997000226635,0
I71_07_01.png,/kaggle/working/MDFS/data/KADID/extracted/kadid10k/images/I71_07_01.png,I71.png,71,7,1,3.0,0.966,17.151567459106445,0.038502418999996735,0
I71_07_03.png,/kaggle/working/MDFS/data/KADID/extracted/kadid10k/images/I71_07_03.png,I71.png,71,7,3,2.4,1.172,19.00833511352539,0.03677257300023484,0
I71_07_05.png,/kaggle/working/MDFS/data/KADID/extracted/kadid10k/images/I71_07_05.png,I71.png,71,7,5,1.87,0.884,18.222803115844727,0.037100328999258636,0
I71_08_02.png,/kaggle/working/MDFS/data/KADID/extracted/kadid10k/images/I71_08_02.png,I71.png,71,8,2,3.2,1.046,19.79523277282715,0.03771489099926839,0
I71_08_04.png,/kaggle/working/MDFS/data/KADID/extracted/kadid10k/images/I71_08_04.png,I71.png,71,8,4,1.7,0.586,24.09518051147461,0.03656123899963859,0
I71_09_01.png,/kaggle/working/MDFS/data/KADID/extracted/kadid10k/images/I71_09_01.png,I71.png,71,9,1,4.53,0.618,17.47732162475586,0.03823658599958435,0
I71_09_03.png,/kaggle/working/MDFS/data/KADID/extracted/kadid10k/images/I71_09_03.png,I71.png,71,9,3,3.6,1.02,20.22136116027832,0.03836755100019218,0
I71_09_05.png,/kaggle/working/MDFS/data/KADID/extracted/kadid10k/images/I71_09_05.png,I71.png,71,9,5,1.07,0.249,32.89805221557617,0.03820072899998195,0
I71_10_02.png,/kaggle/working/MDFS/data/KADID/extracted/kadid10k/images/I71_10_02.png,I71.png,71,10,2,3.87,0.806,18.83327293395996,0.03752976800024044,0
I71_10_04.png,/kaggle/working/MDFS/data/KADID/extracted/kadid10k/images/I71_10_04.png,I71.png,71,10,4,1.43,0.496,25.676433563232422,0.035263856999335985,0
I71_11_01.png,/kaggle/working/MDFS/data/KADID/extracted/kadid10k/images/I71_11_01.png,I71.png,71,11,1,3.33,0.745,18.831571578979492,0.035780516999693646,0
I71_11_03.png,/kaggle/working/MDFS/data/KADID/extracted/kadid10k/images/I71_11_03.png,I71.png,71,11,3,2.47,0.718,20.58439064025879,0.03668139399997017,0
I71_11_05.png,/kaggle/working/MDFS/data/KADID/extracted/kadid10k/images/I71_11_05.png,I71.png,71,11,5,1.93,0.68,24.54200553894043,0.037233089999972435,0
I71_12_02.png,/kaggle/working/MDFS/data/KADID/extracted/kadid10k/images/I71_12_02.png,I71.png,71,12,2,3.3,0.862,19.046998977661133,0.036626324000280874,0
I71_12_04.png,/kaggle/working/MDFS/data/KADID/extracted/kadid10k/images/I71_12_04.png,I71.png,71,12,4,2.33,0.745,21.977323532104492,0.03664161500000773,0
I71_13_01.png,/kaggle/working/MDFS/data/KADID/extracted/kadid10k/images/I71_13_01.png,I71.png,71,13,1,3.5,0.806,17.390352249145508,0.03632191700035037,0
I71_13_03.png,/kaggle/working/MDFS/data/KADID/extracted/kadid10k/images/I71_13_03.png,I71.png,71,13,3,2.53,0.763,18.957778930664062,0.03655615699972259,0
I71_13_05.png,/kaggle/working/MDFS/data/KADID/extracted/kadid10k/images/I71_13_05.png,I71.png,71,13,5,2.07,0.772,22.653005599975586,0.03736911699979828,0
I71_14_02.png,/kaggle/working/MDFS/data/KADID/extracted/kadid10k/images/I71_14_02.png,I71.png,71,14,2,2.87,0.884,18.965164184570312,0.037752461999843945,0
I71_14_04.png,/kaggle/working/MDFS/data/KADID/extracted/kadid10k/images/I71_14_04.png,I71.png,71,14,4,1.87,0.618,21.66782569885254,0.036314349999884143,0
I71_15_01.png,/kaggle/working/MDFS/data/KADID/extracted/kadid10k/images/I71_15_01.png,I71.png,71,15,1,3.0,0.984,18.430419921875,0.03768138400027965,0
I71_15_03.png,/kaggle/working/MDFS/data/KADID/extracted/kadid10k/images/I71_15_03.png,I71.png,71,15,3,1.67,0.65,20.93902015686035,0.03690431500035629,0
I71_15_05.png,/kaggle/working/MDFS/data/KADID/extracted/kadid10k/images/I71_15_05.png,I71.png,71,15,5,1.17,0.373,23.389175415039062,0.035653985999488214,0
I71_16_02.png,/kaggle/working/MDFS/data/KADID/extracted/kadid10k/images/I71_16_02.png,I71.png,71,16,2,4.17,0.82,17.338037490844727,0.037669192999601364,0
I71_16_04.png,/kaggle/working/MDFS/data/KADID/extracted/kadid10k/images/I71_16_04.png,I71.png,71,16,4,2.17,0.778,19.421472549438477,0.037119042000085756,0
I71_17_01.png,/kaggle/working/MDFS/data/KADID/extracted/kadid10k/images/I71_17_01.png,I71.png,71,17,1,4.43,0.716,17.216062545776367,0.03770068399990123,0
I71_17_03.png,/kaggle/working/MDFS/data/KADID/extracted/kadid10k/images/I71_17_03.png,I71.png,71,17,3,4.23,0.559,17.259546279907227,0.03708711299987044,0
I71_17_05.png,/kaggle/working/MDFS/data/KADID/extracted/kadid10k/images/I71_17_05.png,I71.png,71,17,5,2.5,0.957,18.76253890991211,0.036141440999927,0
I71_18_02.png,/kaggle/working/MDFS/data/KADID/extracted/kadid10k/images/I71_18_02.png,I71.png,71,18,2,4.3,0.781,17.481983184814453,0.03630826100015838,0
I71_18_04.png,/kaggle/working/MDFS/data/KADID/extracted/kadid10k/images/I71_18_04.png,I71.png,71,18,4,4.2,0.6,17.3829288482666,0.038652827000078105,0
I71_19_01.png,/kaggle/working/MDFS/data/KADID/extracted/kadid10k/images/I71_19_01.png,I71.png,71,19,1,4.53,0.618,16.782394409179688,0.03874795899992023,0
I71_19_03.png,/kaggle/working/MDFS/data/KADID/extracted/kadid10k/images/I71_19_03.png,I71.png,71,19,3,2.87,0.957,17.18211555480957,0.03726480800014542,0
I71_19_05.png,/kaggle/working/MDFS/data/KADID/extracted/kadid10k/images/I71_19_05.png,I71.png,71,19,5,1.6,0.49,21.438995361328125,0.0373638769997342,0
I71_20_02.png,/kaggle/working/MDFS/data/KADID/extracted/kadid10k/images/I71_20_02.png,I71.png,71,20,2,3.7,1.159,17.16260528564453,0.037709552000706026,0
I71_20_04.png,/kaggle/working/MDFS/data/KADID/extracted/kadid10k/images/I71_20_04.png,I71.png,71,20,4,2.43,1.055,17.175931930541992,0.03744724299940572,0
I71_21_01.png,/kaggle/working/MDFS/data/KADID/extracted/kadid10k/images/I71_21_01.png,I71.png,71,21,1,3.43,1.146,17.27854347229004,0.036924024000654754,0
I71_21_03.png,/kaggle/working/MDFS/data/KADID/extracted/kadid10k/images/I71_21_03.png,I71.png,71,21,3,2.6,1.2,17.64302635192871,0.03635839599974133,0
I71_21_05.png,/kaggle/working/MDFS/data/KADID/extracted/kadid10k/images/I71_21_05.png,I71.png,71,21,5,1.5,0.5,24.364912033081055,0.035654962999615236,0
I71_22_02.png,/kaggle/working/MDFS/data/KADID/extracted/kadid10k/images/I71_22_02.png,I71.png,71,22,2,3.53,0.846,17.68144989013672,0.0369258250002531,0
I71_22_04.png,/kaggle/working/MDFS/data/KADID/extracted/kadid10k/images/I71_22_04.png,I71.png,71,22,4,3.17,0.969,18.023075103759766,0.035596046000136994,0
I71_23_01.png,/kaggle/working/MDFS/data/KADID/extracted/kadid10k/images/I71_23_01.png,I71.png,71,23,1,2.3,0.737,17.29608917236328,0.0373377599999003,0
I71_23_03.png,/kaggle/working/MDFS/data/KADID/extracted/kadid10k/images/I71_23_03.png,I71.png,71,23,3,1.8,0.792,17.234411239624023,0.03738216800047667,0
I71_23_05.png,/kaggle/working/MDFS/data/KADID/extracted/kadid10k/images/I71_23_05.png,I71.png,71,23,5,2.1,0.943,17.527299880981445,0.03836013799991633,0
I71_24_02.png,/kaggle/working/MDFS/data/KADID/extracted/kadid10k/images/I71_24_02.png,I71.png,71,24,2,2.93,0.854,19.55779266357422,0.03937381600007939,0
I71_24_04.png,/kaggle/working/MDFS/data/KADID/extracted/kadid10k/images/I71_24_04.png,I71.png,71,24,4,1.8,0.6,22.55461311340332,0.03924190199995792,0
I71_25_01.png,/kaggle/working/MDFS/data/KADID/extracted/kadid10k/images/I71_25_01.png,I71.png,71,25,1,3.3,0.781,18.535303115844727,0.03760891900037677,0
I71_25_03.png,/kaggle/working/MDFS/data/KADID/extracted/kadid10k/images/I71_25_03.png,I71.png,71,25,3,4.23,0.667,17.47934913635254,0.03770965100011381,0
I71_25_05.png,/kaggle/working/MDFS/data/KADID/extracted/kadid10k/images/I71_25_05.png,I71.png,71,25,5,3.77,0.761,17.052452087402344,0.03782207199947152,0
I72_01_02.png,/kaggle/working/MDFS/data/KADID/extracted/kadid10k/images/I72_01_02.png,I72.png,72,1,2,4.27,0.772,17.48052215576172,0.038363121000656975,0
I72_01_04.png,/kaggle/working/MDFS/data/KADID/extracted/kadid10k/images/I72_01_04.png,I72.png,72,1,4,1.83,0.687,28.092226028442383,0.03678772300008859,0
I72_02_01.png,/kaggle/working/MDFS/data/KADID/extracted/kadid10k/images/I72_02_01.png,I72.png,72,2,1,3.47,0.67,18.52219009399414,0.03813511299995298,0
I72_02_03.png,/kaggle/working/MDFS/data/KADID/extracted/kadid10k/images/I72_02_03.png,I72.png,72,2,3,1.6,0.611,24.48796272277832,0.0379404870000144,0
I72_02_05.png,/kaggle/working/MDFS/data/KADID/extracted/kadid10k/images/I72_02_05.png,I72.png,72,2,5,1.13,0.34,30.13456916809082,0.038953684000262,0
I72_03_02.png,/kaggle/working/MDFS/data/KADID/extracted/kadid10k/images/I72_03_02.png,I72.png,72,3,2,4.07,0.727,17.864843368530273,0.03946390600049199,0
I72_03_04.png,/kaggle/working/MDFS/data/KADID/extracted/kadid10k/images/I72_03_04.png,I72.png,72,3,4,1.9,0.539,21.874284744262695,0.03836085200055095,0
I72_04_01.png,/kaggle/working/MDFS/data/KADID/extracted/kadid10k/images/I72_04_01.png,I72.png,72,4,1,4.27,0.68,18.081104278564453,0.03812248700069176,0
I72_04_03.png,/kaggle/working/MDFS/data/KADID/extracted/kadid10k/images/I72_04_03.png,I72.png,72,4,3,2.07,1.062,18.838035583496094,0.03795058900050208,0
I72_04_05.png,/kaggle/working/MDFS/data/KADID/extracted/kadid10k/images/I72_04_05.png,I72.png,72,4,5,1.6,0.663,19.727737426757812,0.03761793400008173,0
I72_05_02.png,/kaggle/working/MDFS/data/KADID/extracted/kadid10k/images/I72_05_02.png,I72.png,72,5,2,2.2,0.872,19.150354385375977,0.03903147699929832,0
I72_05_04.png,/kaggle/working/MDFS/data/KADID/extracted/kadid10k/images/I72_05_04.png,I72.png,72,5,4,1.4,0.49,18.970626831054688,0.03787965700030327,0
I72_06_01.png,/kaggle/working/MDFS/data/KADID/extracted/kadid10k/images/I72_06_01.png,I72.png,72,6,1,4.07,0.727,18.604354858398438,0.035574368000197865,0
I72_06_03.png,/kaggle/working/MDFS/data/KADID/extracted/kadid10k/images/I72_06_03.png,I72.png,72,6,3,3.1,0.943,19.653432846069336,0.036455931999626046,0
I72_06_05.png,/kaggle/working/MDFS/data/KADID/extracted/kadid10k/images/I72_06_05.png,I72.png,72,6,5,2.17,0.898,22.220491409301758,0.034458330999768805,0
I72_07_02.png,/kaggle/working/MDFS/data/KADID/extracted/kadid10k/images/I72_07_02.png,I72.png,72,7,2,2.7,1.1,19.391313552856445,0.037666080000235524,0
I72_07_04.png,/kaggle/working/MDFS/data/KADID/extracted/kadid10k/images/I72_07_04.png,I72.png,72,7,4,2.37,1.016,22.359657287597656,0.036356526000417944,0
I72_08_01.png,/kaggle/working/MDFS/data/KADID/extracted/kadid10k/images/I72_08_01.png,I72.png,72,8,1,4.33,0.745,18.031269073486328,0.03893720000087342,0
I72_08_03.png,/kaggle/working/MDFS/data/KADID/extracted/kadid10k/images/I72_08_03.png,I72.png,72,8,3,2.6,0.8,18.507320404052734,0.039349780000520695,0
I72_08_05.png,/kaggle/working/MDFS/data/KADID/extracted/kadid10k/images/I72_08_05.png,I72.png,72,8,5,1.23,0.418,20.952974319458008,0.03960168399953545,0
I72_09_02.png,/kaggle/working/MDFS/data/KADID/extracted/kadid10k/images/I72_09_02.png,I72.png,72,9,2,4.4,0.554,20.53679656982422,0.03900155299925245,0
I72_09_04.png,/kaggle/working/MDFS/data/KADID/extracted/kadid10k/images/I72_09_04.png,I72.png,72,9,4,2.17,0.86,27.74065399169922,0.03907413000069937,0
I72_10_01.png,/kaggle/working/MDFS/data/KADID/extracted/kadid10k/images/I72_10_01.png,I72.png,72,10,1,4.17,0.898,19.8447265625,0.0388570980003351,0
I72_10_03.png,/kaggle/working/MDFS/data/KADID/extracted/kadid10k/images/I72_10_03.png,I72.png,72,10,3,3.9,0.746,21.79534149169922,0.03742426300050283,0
I72_10_05.png,/kaggle/working/MDFS/data/KADID/extracted/kadid10k/images/I72_10_05.png,I72.png,72,10,5,1.4,0.663,30.267101287841797,0.03555007700015267,0
I72_11_02.png,/kaggle/working/MDFS/data/KADID/extracted/kadid10k/images/I72_11_02.png,I72.png,72,11,2,3.5,0.806,20.47085952758789,0.03692505099934351,0
I72_11_04.png,/kaggle/working/MDFS/data/KADID/extracted/kadid10k/images/I72_11_04.png,I72.png,72,11,4,2.5,0.719,23.44160270690918,0.03707179699995322,0
I72_12_01.png,/kaggle/working/MDFS/data/KADID/extracted/kadid10k/images/I72_12_01.png,I72.png,72,12,1,4.3,0.64,18.362926483154297,0.03779761400073767,0
I72_12_03.png,/kaggle/working/MDFS/data/KADID/extracted/kadid10k/images/I72_12_03.png,I72.png,72,12,3,3.23,0.92,21.325849533081055,0.038723173000107636,0
I72_12_05.png,/kaggle/working/MDFS/data/KADID/extracted/kadid10k/images/I72_12_05.png,I72.png,72,12,5,2.1,0.7,25.08482551574707,0.03932082800019998,0
I72_13_02.png,/kaggle/working/MDFS/data/KADID/extracted/kadid10k/images/I72_13_02.png,I72.png,72,13,2,2.97,0.657,19.13494300842285,0.04151253800046106,0
I72_13_04.png,/kaggle/working/MDFS/data/KADID/extracted/kadid10k/images/I72_13_04.png,I72.png,72,13,4,2.3,0.737,22.766437530517578,0.03952446000039345,0
I72_14_01.png,/kaggle/working/MDFS/data/KADID/extracted/kadid10k/images/I72_14_01.png,I72.png,72,14,1,4.33,0.789,18.610450744628906,0.0384324659999038,0
I72_14_03.png,/kaggle/working/MDFS/data/KADID/extracted/kadid10k/images/I72_14_03.png,I72.png,72,14,3,2.52,0.837,23.42182159423828,0.03857358999994176,0
I72_14_05.png,/kaggle/working/MDFS/data/KADID/extracted/kadid10k/images/I72_14_05.png,I72.png,72,14,5,1.7,0.69,24.673192977905273,0.03859807099979662,0
I72_15_02.png,/kaggle/working/MDFS/data/KADID/extracted/kadid10k/images/I72_15_02.png,I72.png,72,15,2,2.9,0.746,21.567941665649414,0.03860145099952206,0
I72_15_04.png,/kaggle/working/MDFS/data/KADID/extracted/kadid10k/images/I72_15_04.png,I72.png,72,15,4,1.77,0.607,24.670448303222656,0.03764637600033893,0
I72_16_01.png,/kaggle/working/MDFS/data/KADID/extracted/kadid10k/images/I72_16_01.png,I72.png,72,16,1,4.57,0.496,18.100740432739258,0.03907064699978946,0
I72_16_03.png,/kaggle/working/MDFS/data/KADID/extracted/kadid10k/images/I72_16_03.png,I72.png,72,16,3,3.33,0.83,18.762290954589844,0.0386842030002299,0
I72_16_05.png,/kaggle/working/MDFS/data/KADID/extracted/kadid10k/images/I72_16_05.png,I72.png,72,16,5,1.55,0.711,23.371978759765625,0.03612008300024172,0
I72_17_02.png,/kaggle/working/MDFS/data/KADID/extracted/kadid10k/images/I72_17_02.png,I72.png,72,17,2,4.43,0.559,17.98396110534668,0.039271827999982634,0
I72_17_04.png,/kaggle/working/MDFS/data/KADID/extracted/kadid10k/images/I72_17_04.png,I72.png,72,17,4,3.67,0.699,18.202388763427734,0.039116388999900664,0
I72_18_01.png,/kaggle/working/MDFS/data/KADID/extracted/kadid10k/images/I72_18_01.png,I72.png,72,18,1,3.47,0.763,19.284812927246094,0.03895037300026161,0
I72_18_03.png,/kaggle/working/MDFS/data/KADID/extracted/kadid10k/images/I72_18_03.png,I72.png,72,18,3,4.5,0.619,18.031269073486328,0.04014752000057342,0
I72_18_05.png,/kaggle/working/MDFS/data/KADID/extracted/kadid10k/images/I72_18_05.png,I72.png,72,18,5,3.87,0.921,18.525531768798828,0.03888405999987299,0
I72_19_02.png,/kaggle/working/MDFS/data/KADID/extracted/kadid10k/images/I72_19_02.png,I72.png,72,19,2,3.6,0.712,17.77739715576172,0.03899446800005535,0
I72_19_04.png,/kaggle/working/MDFS/data/KADID/extracted/kadid10k/images/I72_19_04.png,I72.png,72,19,4,1.53,0.562,20.14622688293457,0.0362212569998519,0
I72_20_01.png,/kaggle/working/MDFS/data/KADID/extracted/kadid10k/images/I72_20_01.png,I72.png,72,20,1,4.43,0.667,17.992555618286133,0.03766427200025646,0
I72_20_03.png,/kaggle/working/MDFS/data/KADID/extracted/kadid10k/images/I72_20_03.png,I72.png,72,20,3,3.9,0.79,18.066164016723633,0.037406018000183394,0
I72_20_05.png,/kaggle/working/MDFS/data/KADID/extracted/kadid10k/images/I72_20_05.png,I72.png,72,20,5,4.1,1.106,17.98609161376953,0.036799677000090014,0
I72_21_02.png,/kaggle/working/MDFS/data/KADID/extracted/kadid10k/images/I72_21_02.png,I72.png,72,21,2,2.37,0.752,18.05675506591797,0.03700427199964906,0
I72_21_04.png,/kaggle/working/MDFS/data/KADID/extracted/kadid10k/images/I72_21_04.png,I72.png,72,21,4,2.07,0.68,19.554794311523438,0.03712761499991757,0
I72_22_01.png,/kaggle/working/MDFS/data/KADID/extracted/kadid10k/images/I72_22_01.png,I72.png,72,22,1,4.5,0.619,18.10161590576172,0.03790260599998874,0
I72_22_03.png,/kaggle/working/MDFS/data/KADID/extracted/kadid10k/images/I72_22_03.png,I72.png,72,22,3,3.87,0.884,18.589635848999023,0.037101271000210545,0
I72_22_05.png,/kaggle/working/MDFS/data/KADID/extracted/kadid10k/images/I72_22_05.png,I72.png,72,22,5,3.3,0.69,21.14129638671875,0.03531644699978642,0
I72_23_02.png,/kaggle/working/MDFS/data/KADID/extracted/kadid10k/images/I72_23_02.png,I72.png,72,23,2,2.33,0.869,17.984827041625977,0.038079689999904076,0
I72_23_04.png,/kaggle/working/MDFS/data/KADID/extracted/kadid10k/images/I72_23_04.png,I72.png,72,23,4,1.8,0.702,17.901912689208984,0.03921146299944667,0
I72_24_01.png,/kaggle/working/MDFS/data/KADID/extracted/kadid10k/images/I72_24_01.png,I72.png,72,24,1,2.94,0.801,19.83868980407715,0.03887249699982931,0
I72_24_03.png,/kaggle/working/MDFS/data/KADID/extracted/kadid10k/images/I72_24_03.png,I72.png,72,24,3,1.77,0.667,21.987442016601562,0.038114677000521624,0
I72_24_05.png,/kaggle/working/MDFS/data/KADID/extracted/kadid10k/images/I72_24_05.png,I72.png,72,24,5,1.33,0.699,25.688989639282227,0.038445274999503454,0
I72_25_02.png,/kaggle/working/MDFS/data/KADID/extracted/kadid10k/images/I72_25_02.png,I72.png,72,25,2,3.6,0.757,18.609298706054688,0.03863615899990691,0
I72_25_04.png,/kaggle/working/MDFS/data/KADID/extracted/kadid10k/images/I72_25_04.png,I72.png,72,25,4,4.2,0.833,17.982803344726562,0.03786785200009035,0
I73_01_01.png,/kaggle/working/MDFS/data/KADID/extracted/kadid10k/images/I73_01_01.png,I73.png,73,1,1,4.63,0.547,18.092458724975586,0.03688725699976203,0
I73_01_03.png,/kaggle/working/MDFS/data/KADID/extracted/kadid10k/images/I73_01_03.png,I73.png,73,1,3,3.13,0.921,19.3995304107666,0.036656842000411416,0
I73_01_05.png,/kaggle/working/MDFS/data/KADID/extracted/kadid10k/images/I73_01_05.png,I73.png,73,1,5,1.17,0.373,37.52968215942383,0.03603426700010459,0
I73_02_02.png,/kaggle/working/MDFS/data/KADID/extracted/kadid10k/images/I73_02_02.png,I73.png,73,2,2,2.35,0.698,20.26592254638672,0.03758351299984497,0
I73_02_04.png,/kaggle/working/MDFS/data/KADID/extracted/kadid10k/images/I73_02_04.png,I73.png,73,2,4,1.3,0.458,26.762733459472656,0.038369390000298154,0
I73_03_01.png,/kaggle/working/MDFS/data/KADID/extracted/kadid10k/images/I73_03_01.png,I73.png,73,3,1,4.63,0.482,18.092458724975586,0.037650317999577965,0
I73_03_03.png,/kaggle/working/MDFS/data/KADID/extracted/kadid10k/images/I73_03_03.png,I73.png,73,3,3,3.37,1.016,18.65308380126953,0.03696008899987646,0
I73_03_05.png,/kaggle/working/MDFS/data/KADID/extracted/kadid10k/images/I73_03_05.png,I73.png,73,3,5,1.77,0.559,20.629941940307617,0.03783120400021289,0
I73_04_02.png,/kaggle/working/MDFS/data/KADID/extracted/kadid10k/images/I73_04_02.png,I73.png,73,4,2,3.03,0.836,19.422285079956055,0.03591266599960363,0
I73_04_04.png,/kaggle/working/MDFS/data/KADID/extracted/kadid10k/images/I73_04_04.png,I73.png,73,4,4,1.7,0.823,21.12652015686035,0.03704489299980196,0
I73_05_01.png,/kaggle/working/MDFS/data/KADID/extracted/kadid10k/images/I73_05_01.png,I73.png,73,5,1,4.07,0.929,18.552753448486328,0.03767231500023627,0
I73_05_03.png,/kaggle/working/MDFS/data/KADID/extracted/kadid10k/images/I73_05_03.png,I73.png,73,5,3,2.4,0.952,18.815956115722656,0.03845313300007547,0
I73_05_05.png,/kaggle/working/MDFS/data/KADID/extracted/kadid10k/images/I73_05_05.png,I73.png,73,5,5,1.73,0.727,18.58871841430664,0.03905495900016831,0
I73_06_02.png,/kaggle/working/MDFS/data/KADID/extracted/kadid10k/images/I73_06_02.png,I73.png,73,6,2,4.27,0.727,19.38025665283203,0.03582026499952917,0
I73_06_04.png,/kaggle/working/MDFS/data/KADID/extracted/kadid10k/images/I73_06_04.png,I73.png,73,6,4,3.43,0.803,20.44769859313965,0.034936294000544876,0
I73_07_01.png,/kaggle/working/MDFS/data/KADID/extracted/kadid10k/images/I73_07_01.png,I73.png,73,7,1,3.07,1.062,18.1588077545166,0.03884862799986877,0
I73_07_03.png,/kaggle/working/MDFS/data/KADID/extracted/kadid10k/images/I73_07_03.png,I73.png,73,7,3,2.2,1.013,19.388208389282227,0.03840674200000649,0
I73_07_05.png,/kaggle/working/MDFS/data/KADID/extracted/kadid10k/images/I73_07_05.png,I73.png,73,7,5,1.83,0.687,18.475576400756836,0.03807271200003015,0
I73_08_02.png,/kaggle/working/MDFS/data/KADID/extracted/kadid10k/images/I73_08_02.png,I73.png,73,8,2,3.33,1.011,19.20015525817871,0.0380329020008503,0
I73_08_04.png,/kaggle/working/MDFS/data/KADID/extracted/kadid10k/images/I73_08_04.png,I73.png,73,8,4,2.07,0.892,20.9820613861084,0.03846429200075363,0
I73_09_01.png,/kaggle/working/MDFS/data/KADID/extracted/kadid10k/images/I73_09_01.png,I73.png,73,9,1,4.73,0.442,18.6392765045166,0.03909800400015229,0
I73_09_03.png,/kaggle/working/MDFS/data/KADID/extracted/kadid10k/images/I73_09_03.png,I73.png,73,9,3,2.93,0.854,21.9608211517334,0.038702009999724396,0
I73_09_05.png,/kaggle/working/MDFS/data/KADID/extracted/kadid10k/images/I73_09_05.png,I73.png,73,9,5,1.43,0.496,33.96145248413086,0.03928216900021653,0
I73_10_02.png,/kaggle/working/MDFS/data/KADID/extracted/kadid10k/images/I73_10_02.png,I73.png,73,10,2,4.07,0.727,19.23402214050293,0.037589888999718823,0
I73_10_04.png,/kaggle/working/MDFS/data/KADID/extracted/kadid10k/images/I73_10_04.png,I73.png,73,10,4,2.0,0.775,24.254297256469727,0.03691017700020893,0
I73_11_01.png,/kaggle/working/MDFS/data/KADID/extracted/kadid10k/images/I73_11_01.png,I73.png,73,11,1,3.93,0.772,20.050718307495117,0.037592177000078664,0
I73_11_03.png,/kaggle/working/MDFS/data/KADID/extracted/kadid10k/images/I73_11_03.png,I73.png,73,11,3,2.57,0.803,21.98080062866211,0.04276365099940449,0
I73_11_05.png,/kaggle/working/MDFS/data/KADID/extracted/kadid10k/images/I73_11_05.png,I73.png,73,11,5,2.26,0.67,25.582582473754883,0.03600602799997432,0
I73_12_02.png,/kaggle/working/MDFS/data/KADID/extracted/kadid10k/images/I73_12_02.png,I73.png,73,12,2,3.57,0.559,20.4149112701416,0.03664363299958495,0
I73_12_04.png,/kaggle/working/MDFS/data/KADID/extracted/kadid10k/images/I73_12_04.png,I73.png,73,12,4,2.47,0.718,23.53925323486328,0.03759658699982538,0
I73_13_01.png,/kaggle/working/MDFS/data/KADID/extracted/kadid10k/images/I73_13_01.png,I73.png,73,13,1,3.03,0.752,18.26156997680664,0.03792367300047772,0
I73_13_03.png,/kaggle/working/MDFS/data/KADID/extracted/kadid10k/images/I73_13_03.png,I73.png,73,13,3,2.47,0.618,20.660573959350586,0.04254998699980206,0
I73_13_05.png,/kaggle/working/MDFS/data/KADID/extracted/kadid10k/images/I73_13_05.png,I73.png,73,13,5,2.2,0.542,25.205690383911133,0.06317682200005947,0
I73_14_02.png,/kaggle/working/MDFS/data/KADID/extracted/kadid10k/images/I73_14_02.png,I73.png,73,14,2,3.5,0.885,19.645212173461914,0.035000085000319814,0
I73_14_04.png,/kaggle/working/MDFS/data/KADID/extracted/kadid10k/images/I73_14_04.png,I73.png,73,14,4,2.63,0.605,21.85286521911621,0.03666199599956599,0
I73_15_01.png,/kaggle/working/MDFS/data/KADID/extracted/kadid10k/images/I73_15_01.png,I73.png,73,15,1,3.8,0.702,19.677968978881836,0.037453855000421754,0
I73_15_03.png,/kaggle/working/MDFS/data/KADID/extracted/kadid10k/images/I73_15_03.png,I73.png,73,15,3,2.07,0.727,21.76064109802246,0.03680715800055623,0
I73_15_05.png,/kaggle/working/MDFS/data/KADID/extracted/kadid10k/images/I73_15_05.png,I73.png,73,15,5,1.63,0.657,24.34918975830078,0.036325215000033495,0
I73_16_02.png,/kaggle/working/MDFS/data/KADID/extracted/kadid10k/images/I73_16_02.png,I73.png,73,16,2,4.37,0.605,18.031766891479492,0.03751855800055637,0
I73_16_04.png,/kaggle/working/MDFS/data/KADID/extracted/kadid10k/images/I73_16_04.png,I73.png,73,16,4,3.1,1.075,19.6174373626709,0.03761153100003867,0
I73_17_01.png,/kaggle/working/MDFS/data/KADID/extracted/kadid10k/images/I73_17_01.png,I73.png,73,17,1,4.83,0.373,18.106332778930664,0.03747914099949412,0
I73_17_03.png,/kaggle/working/MDFS/data/KADID/extracted/kadid10k/images/I73_17_03.png,I73.png,73,17,3,4.33,0.471,18.174915313720703,0.03702955300013855,0
I73_17_05.png,/kaggle/working/MDFS/data/KADID/extracted/kadid10k/images/I73_17_05.png,I73.png,73,17,5,2.83,0.86,20.032442092895508,0.03642171800038341,0
I73_18_02.png,/kaggle/working/MDFS/data/KADID/extracted/kadid10k/images/I73_18_02.png,I73.png,73,18,2,4.3,0.64,18.085960388183594,0.03764050700010557,0
I73_18_04.png,/kaggle/working/MDFS/data/KADID/extracted/kadid10k/images/I73_18_04.png,I73.png,73,18,4,4.5,0.563,18.156478881835938,0.03753170100026182,0
I73_19_01.png,/kaggle/working/MDFS/data/KADID/extracted/kadid10k/images/I73_19_01.png,I73.png,73,19,1,4.57,0.667,17.942657470703125,0.03810198900009709,0
I73_19_03.png,/kaggle/working/MDFS/data/KADID/extracted/kadid10k/images/I73_19_03.png,I73.png,73,19,3,2.93,0.854,17.6516056060791,0.03799611700014793,0
I73_19_05.png,/kaggle/working/MDFS/data/KADID/extracted/kadid10k/images/I73_19_05.png,I73.png,73,19,5,1.16,0.368,22.188472747802734,0.045650111000213656,0
I73_20_02.png,/kaggle/working/MDFS/data/KADID/extracted/kadid10k/images/I73_20_02.png,I73.png,73,20,2,3.87,1.176,18.05404281616211,0.036403927000719705,0
I73_20_04.png,/kaggle/working/MDFS/data/KADID/extracted/kadid10k/images/I73_20_04.png,I73.png,73,20,4,3.35,1.064,17.988353729248047,0.0375897289995919,0
I73_21_01.png,/kaggle/working/MDFS/data/KADID/extracted/kadid10k/images/I73_21_01.png,I73.png,73,21,1,2.83,1.003,17.646848678588867,0.03691330199944787,0
I73_21_03.png,/kaggle/working/MDFS/data/KADID/extracted/kadid10k/images/I73_21_03.png,I73.png,73,21,3,2.1,0.79,18.14936065673828,0.03567113499957486,0
I73_21_05.png,/kaggle/working/MDFS/data/KADID/extracted/kadid10k/images/I73_21_05.png,I73.png,73,21,5,1.33,0.471,25.75571632385254,0.03394241400019382,0
I73_22_02.png,/kaggle/working/MDFS/data/KADID/extracted/kadid10k/images/I73_22_02.png,I73.png,73,22,2,4.17,0.86,18.588590621948242,0.037074247999953513,0
I73_22_04.png,/kaggle/working/MDFS/data/KADID/extracted/kadid10k/images/I73_22_04.png,I73.png,73,22,4,3.27,0.964,19.569984436035156,0.03643811099937011,0
I73_23_01.png,/kaggle/working/MDFS/data/KADID/extracted/kadid10k/images/I73_23_01.png,I73.png,73,23,1,2.83,1.003,18.08597183227539,0.0371118140001272,0
I73_23_03.png,/kaggle/working/MDFS/data/KADID/extracted/kadid10k/images/I73_23_03.png,I73.png,73,23,3,2.47,1.024,18.119707107543945,0.0365454189995944,0
I73_23_05.png,/kaggle/working/MDFS/data/KADID/extracted/kadid10k/images/I73_23_05.png,I73.png,73,23,5,2.53,1.024,18.117420196533203,0.035910491999857186,0
I73_24_02.png,/kaggle/working/MDFS/data/KADID/extracted/kadid10k/images/I73_24_02.png,I73.png,73,24,2,3.2,0.872,19.991701126098633,0.036995522000324854,0
I73_24_04.png,/kaggle/working/MDFS/data/KADID/extracted/kadid10k/images/I73_24_04.png,I73.png,73,24,4,2.0,0.894,22.06198501586914,0.03795567999986815,0
I73_25_01.png,/kaggle/working/MDFS/data/KADID/extracted/kadid10k/images/I73_25_01.png,I73.png,73,25,1,3.57,0.761,18.862415313720703,0.037513881000450056,0
I73_25_03.png,/kaggle/working/MDFS/data/KADID/extracted/kadid10k/images/I73_25_03.png,I73.png,73,25,3,4.5,0.563,18.06822967529297,0.037052540000331646,0
I73_25_05.png,/kaggle/working/MDFS/data/KADID/extracted/kadid10k/images/I73_25_05.png,I73.png,73,25,5,3.33,0.978,18.10665512084961,0.03646473199933098,0
I74_01_02.png,/kaggle/working/MDFS/data/KADID/extracted/kadid10k/images/I74_01_02.png,I74.png,74,1,2,4.43,0.616,17.93940544128418,0.03811947699978191,0
I74_01_04.png,/kaggle/working/MDFS/data/KADID/extracted/kadid10k/images/I74_01_04.png,I74.png,74,1,4,2.1,0.7,30.582571029663086,0.03719263199945999,0
I74_02_01.png,/kaggle/working/MDFS/data/KADID/extracted/kadid10k/images/I74_02_01.png,I74.png,74,2,1,4.1,0.651,18.964595794677734,0.03861308800060215,0
I74_02_03.png,/kaggle/working/MDFS/data/KADID/extracted/kadid10k/images/I74_02_03.png,I74.png,74,2,3,1.83,0.522,27.546775817871094,0.03864424000039435,0
I74_02_05.png,/kaggle/working/MDFS/data/KADID/extracted/kadid10k/images/I74_02_05.png,I74.png,74,2,5,1.39,0.649,31.427303314208984,0.0383041700006288,0
I74_03_02.png,/kaggle/working/MDFS/data/KADID/extracted/kadid10k/images/I74_03_02.png,I74.png,74,3,2,4.33,0.537,18.577381134033203,0.03948689599928912,0
I74_03_04.png,/kaggle/working/MDFS/data/KADID/extracted/kadid10k/images/I74_03_04.png,I74.png,74,3,4,2.27,0.512,22.553932189941406,0.04014584099968488,0
I74_04_01.png,/kaggle/working/MDFS/data/KADID/extracted/kadid10k/images/I74_04_01.png,I74.png,74,4,1,4.58,0.555,18.22970199584961,0.038121324000712775,0
I74_04_03.png,/kaggle/working/MDFS/data/KADID/extracted/kadid10k/images/I74_04_03.png,I74.png,74,4,3,2.47,0.884,19.485448837280273,0.03775427600066905,0
I74_04_05.png,/kaggle/working/MDFS/data/KADID/extracted/kadid10k/images/I74_04_05.png,I74.png,74,4,5,1.57,0.616,19.840402603149414,0.03741195800012065,0
I74_05_02.png,/kaggle/working/MDFS/data/KADID/extracted/kadid10k/images/I74_05_02.png,I74.png,74,5,2,2.9,1.012,19.321910858154297,0.03707258500071475,0
I74_05_04.png,/kaggle/working/MDFS/data/KADID/extracted/kadid10k/images/I74_05_04.png,I74.png,74,5,4,1.8,0.6,19.0877685546875,0.03774279200024466,0
I74_06_01.png,/kaggle/working/MDFS/data/KADID/extracted/kadid10k/images/I74_06_01.png,I74.png,74,6,1,4.3,0.69,18.939044952392578,0.03670098499969754,0
I74_06_03.png,/kaggle/working/MDFS/data/KADID/extracted/kadid10k/images/I74_06_03.png,I74.png,74,6,3,4.1,0.79,19.636743545532227,0.03690350800025044,0
I74_06_05.png,/kaggle/working/MDFS/data/KADID/extracted/kadid10k/images/I74_06_05.png,I74.png,74,6,5,2.77,0.883,22.437244415283203,0.03472109499944054,0
I74_07_02.png,/kaggle/working/MDFS/data/KADID/extracted/kadid10k/images/I74_07_02.png,I74.png,74,7,2,2.33,0.907,19.0336856842041,0.037654576000022644,0
I74_07_04.png,/kaggle/working/MDFS/data/KADID/extracted/kadid10k/images/I74_07_04.png,I74.png,74,7,4,2.1,0.978,21.651479721069336,0.03632200100037153,0
I74_08_01.png,/kaggle/working/MDFS/data/KADID/extracted/kadid10k/images/I74_08_01.png,I74.png,74,8,1,4.6,0.8,17.85791778564453,0.03766183999960049,0
I74_08_03.png,/kaggle/working/MDFS/data/KADID/extracted/kadid10k/images/I74_08_03.png,I74.png,74,8,3,2.63,0.948,19.319129943847656,0.0392738559994541,0
I74_08_05.png,/kaggle/working/MDFS/data/KADID/extracted/kadid10k/images/I74_08_05.png,I74.png,74,8,5,1.63,0.706,21.49002456665039,0.03919981200033362,0
I74_09_02.png,/kaggle/working/MDFS/data/KADID/extracted/kadid10k/images/I74_09_02.png,I74.png,74,9,2,4.57,0.496,20.141521453857422,0.03887452899925847,0
I74_09_04.png,/kaggle/working/MDFS/data/KADID/extracted/kadid10k/images/I74_09_04.png,I74.png,74,9,4,2.57,0.761,28.319089889526367,0.03809627000009641,0
I74_10_01.png,/kaggle/working/MDFS/data/KADID/extracted/kadid10k/images/I74_10_01.png,I74.png,74,10,1,4.37,0.547,18.74561882019043,0.03821739299928595,0
I74_10_03.png,/kaggle/working/MDFS/data/KADID/extracted/kadid10k/images/I74_10_03.png,I74.png,74,10,3,4.13,0.793,19.586566925048828,0.037554877999355085,0
I74_10_05.png,/kaggle/working/MDFS/data/KADID/extracted/kadid10k/images/I74_10_05.png,I74.png,74,10,5,2.03,0.752,32.927024841308594,0.03502861600009055,0
I74_11_02.png,/kaggle/working/MDFS/data/KADID/extracted/kadid10k/images/I74_11_02.png,I74.png,74,11,2,4.23,0.803,20.684595108032227,0.036077056999602064,0
I74_11_04.png,/kaggle/working/MDFS/data/KADID/extracted/kadid10k/images/I74_11_04.png,I74.png,74,11,4,3.43,0.883,23.977853775024414,0.03692515700004151,0
I74_12_01.png,/kaggle/working/MDFS/data/KADID/extracted/kadid10k/images/I74_12_01.png,I74.png,74,12,1,4.37,0.912,18.076736450195312,0.03837561500040465,0
I74_12_03.png,/kaggle/working/MDFS/data/KADID/extracted/kadid10k/images/I74_12_03.png,I74.png,74,12,3,4.0,0.73,21.232587814331055,0.03642103800029872,0
I74_12_05.png,/kaggle/working/MDFS/data/KADID/extracted/kadid10k/images/I74_12_05.png,I74.png,74,12,5,3.19,0.916,25.078289031982422,0.03621475299951271,0
I74_13_02.png,/kaggle/working/MDFS/data/KADID/extracted/kadid10k/images/I74_13_02.png,I74.png,74,13,2,3.73,1.031,19.2114315032959,0.037670693999643845,0
I74_13_04.png,/kaggle/working/MDFS/data/KADID/extracted/kadid10k/images/I74_13_04.png,I74.png,74,13,4,2.6,0.8,22.057405471801758,0.036560210999596165,0
I74_14_01.png,/kaggle/working/MDFS/data/KADID/extracted/kadid10k/images/I74_14_01.png,I74.png,74,14,1,4.67,0.471,18.04649543762207,0.03796432499984803,0
I74_14_03.png,/kaggle/working/MDFS/data/KADID/extracted/kadid10k/images/I74_14_03.png,I74.png,74,14,3,3.73,0.854,22.63456153869629,0.03868023399991216,0
I74_14_05.png,/kaggle/working/MDFS/data/KADID/extracted/kadid10k/images/I74_14_05.png,I74.png,74,14,5,2.6,0.879,23.58229637145996,0.037048265000521496,0
I74_15_02.png,/kaggle/working/MDFS/data/KADID/extracted/kadid10k/images/I74_15_02.png,I74.png,74,15,2,3.07,0.727,20.96584129333496,0.039156099000138056,0
I74_15_04.png,/kaggle/working/MDFS/data/KADID/extracted/kadid10k/images/I74_15_04.png,I74.png,74,15,4,1.93,0.629,23.59784507751465,0.03756766600054107,0
I74_16_01.png,/kaggle/working/MDFS/data/KADID/extracted/kadid10k/images/I74_16_01.png,I74.png,74,16,1,4.3,0.737,17.9309139251709,0.037787780999678944,0
I74_16_03.png,/kaggle/working/MDFS/data/KADID/extracted/kadid10k/images/I74_16_03.png,I74.png,74,16,3,3.67,0.907,18.279247283935547,0.03758028599986574,0
I74_16_05.png,/kaggle/working/MDFS/data/KADID/extracted/kadid10k/images/I74_16_05.png,I74.png,74,16,5,1.77,0.803,22.116561889648438,0.037011407999671064,0
I74_17_02.png,/kaggle/working/MDFS/data/KADID/extracted/kadid10k/images/I74_17_02.png,I74.png,74,17,2,4.33,0.699,17.776065826416016,0.03787060200011183,0
I74_17_04.png,/kaggle/working/MDFS/data/KADID/extracted/kadid10k/images/I74_17_04.png,I74.png,74,17,4,4.0,0.672,17.686382293701172,0.03878269999950135,0
I74_18_01.png,/kaggle/working/MDFS/data/KADID/extracted/kadid10k/images/I74_18_01.png,I74.png,74,18,1,4.2,0.476,18.085649490356445,0.03947926999990159,0
I74_18_03.png,/kaggle/working/MDFS/data/KADID/extracted/kadid10k/images/I74_18_03.png,I74.png,74,18,3,4.43,0.716,17.85791778564453,0.038941153999985545,0
I74_18_05.png,/kaggle/working/MDFS/data/KADID/extracted/kadid10k/images/I74_18_05.png,I74.png,74,18,5,3.87,0.67,18.436120986938477,0.03832112500003859,0
I74_19_02.png,/kaggle/working/MDFS/data/KADID/extracted/kadid10k/images/I74_19_02.png,I74.png,74,19,2,4.1,0.79,17.874225616455078,0.03785280400006741,0
I74_19_04.png,/kaggle/working/MDFS/data/KADID/extracted/kadid10k/images/I74_19_04.png,I74.png,74,19,4,1.5,0.619,21.21640968322754,0.036155902999780665,0
I74_20_01.png,/kaggle/working/MDFS/data/KADID/extracted/kadid10k/images/I74_20_01.png,I74.png,74,20,1,4.3,0.586,17.809524536132812,0.03774448400054098,0
I74_20_03.png,/kaggle/working/MDFS/data/KADID/extracted/kadid10k/images/I74_20_03.png,I74.png,74,20,3,3.63,1.169,17.860036849975586,0.03754508600013651,0
I74_20_05.png,/kaggle/working/MDFS/data/KADID/extracted/kadid10k/images/I74_20_05.png,I74.png,74,20,5,2.67,1.043,17.83434295654297,0.038112114999421465,0
I74_21_02.png,/kaggle/working/MDFS/data/KADID/extracted/kadid10k/images/I74_21_02.png,I74.png,74,21,2,3.23,1.116,18.848825454711914,0.03834792300040135,0
I74_21_04.png,/kaggle/working/MDFS/data/KADID/extracted/kadid10k/images/I74_21_04.png,I74.png,74,21,4,2.43,0.803,20.173646926879883,0.0374288319999323,0
I74_22_01.png,/kaggle/working/MDFS/data/KADID/extracted/kadid10k/images/I74_22_01.png,I74.png,74,22,1,4.43,0.559,18.05866813659668,0.03899507799997082,0
I74_22_03.png,/kaggle/working/MDFS/data/KADID/extracted/kadid10k/images/I74_22_03.png,I74.png,74,22,3,4.3,0.737,18.314279556274414,0.037810822000210464,0
I74_22_05.png,/kaggle/working/MDFS/data/KADID/extracted/kadid10k/images/I74_22_05.png,I74.png,74,22,5,3.67,1.011,19.487552642822266,0.03636011599974154,0
I74_23_02.png,/kaggle/working/MDFS/data/KADID/extracted/kadid10k/images/I74_23_02.png,I74.png,74,23,2,2.3,0.823,17.960439682006836,0.038124605999655614,0
I74_23_04.png,/kaggle/working/MDFS/data/KADID/extracted/kadid10k/images/I74_23_04.png,I74.png,74,23,4,1.83,0.778,17.996091842651367,0.03785554800015234,0
I74_24_01.png,/kaggle/working/MDFS/data/KADID/extracted/kadid10k/images/I74_24_01.png,I74.png,74,24,1,3.63,0.752,19.983530044555664,0.03839607100053399,0
I74_24_03.png,/kaggle/working/MDFS/data/KADID/extracted/kadid10k/images/I74_24_03.png,I74.png,74,24,3,2.33,0.699,24.461668014526367,0.03897221600072953,0
I74_24_05.png,/kaggle/working/MDFS/data/KADID/extracted/kadid10k/images/I74_24_05.png,I74.png,74,24,5,1.3,0.458,30.94332504272461,0.03685669999958918,0
I74_25_02.png,/kaggle/working/MDFS/data/KADID/extracted/kadid10k/images/I74_25_02.png,I74.png,74,25,2,3.87,0.618,18.09052085876465,0.039643566999984614,0
I74_25_04.png,/kaggle/working/MDFS/data/KADID/extracted/kadid10k/images/I74_25_04.png,I74.png,74,25,4,3.9,0.651,17.861392974853516,0.03823648499928822,0
I75_01_01.png,/kaggle/working/MDFS/data/KADID/extracted/kadid10k/images/I75_01_01.png,I75.png,75,1,1,4.37,0.752,18.648229598999023,0.038358119000804436,0
I75_01_03.png,/kaggle/working/MDFS/data/KADID/extracted/kadid10k/images/I75_01_03.png,I75.png,75,1,3,2.5,0.806,22.216957092285156,0.03731985200010968,0
I75_01_05.png,/kaggle/working/MDFS/data/KADID/extracted/kadid10k/images/I75_01_05.png,I75.png,75,1,5,1.4,0.554,40.974971771240234,0.036335271000098146,0
I75_02_02.png,/kaggle/working/MDFS/data/KADID/extracted/kadid10k/images/I75_02_02.png,I75.png,75,2,2,2.67,0.869,23.922847747802734,0.03725940200001787,0
I75_02_04.png,/kaggle/working/MDFS/data/KADID/extracted/kadid10k/images/I75_02_04.png,I75.png,75,2,4,1.6,0.49,34.96826171875,0.037743674000012106,0
I75_03_01.png,/kaggle/working/MDFS/data/KADID/extracted/kadid10k/images/I75_03_01.png,I75.png,75,3,1,4.5,0.619,18.648229598999023,0.039173443999970914,0
I75_03_03.png,/kaggle/working/MDFS/data/KADID/extracted/kadid10k/images/I75_03_03.png,I75.png,75,3,3,2.57,0.761,20.86532974243164,0.03967279199969198,0
I75_03_05.png,/kaggle/working/MDFS/data/KADID/extracted/kadid10k/images/I75_03_05.png,I75.png,75,3,5,1.8,0.6,23.292085647583008,0.038726560000213794,0
I75_04_02.png,/kaggle/working/MDFS/data/KADID/extracted/kadid10k/images/I75_04_02.png,I75.png,75,4,2,2.61,0.904,21.621414184570312,0.03797363700050482,0
I75_04_04.png,/kaggle/working/MDFS/data/KADID/extracted/kadid10k/images/I75_04_04.png,I75.png,75,4,4,1.7,0.781,25.434246063232422,0.03829694700016262,0
I75_05_01.png,/kaggle/working/MDFS/data/KADID/extracted/kadid10k/images/I75_05_01.png,I75.png,75,5,1,4.13,0.763,18.832914352416992,0.03924635500061413,0
I75_05_03.png,/kaggle/working/MDFS/data/KADID/extracted/kadid10k/images/I75_05_03.png,I75.png,75,5,3,1.84,0.627,19.302825927734375,0.03937879499972041,0
I75_05_05.png,/kaggle/working/MDFS/data/KADID/extracted/kadid10k/images/I75_05_05.png,I75.png,75,5,5,1.77,0.667,19.26313591003418,0.03972743099984655,0
I75_06_02.png,/kaggle/working/MDFS/data/KADID/extracted/kadid10k/images/I75_06_02.png,I75.png,75,6,2,4.13,0.618,20.672870635986328,0.034837068999877374,0
I75_06_04.png,/kaggle/working/MDFS/data/KADID/extracted/kadid10k/images/I75_06_04.png,I75.png,75,6,4,3.5,0.719,21.745012283325195,0.035213293000197154,0
I75_07_01.png,/kaggle/working/MDFS/data/KADID/extracted/kadid10k/images/I75_07_01.png,I75.png,75,7,1,2.63,1.016,19.309261322021484,0.0393985500004419,0
I75_07_03.png,/kaggle/working/MDFS/data/KADID/extracted/kadid10k/images/I75_07_03.png,I75.png,75,7,3,2.97,0.983,19.82632827758789,0.03881569399982254,0
I75_07_05.png,/kaggle/working/MDFS/data/KADID/extracted/kadid10k/images/I75_07_05.png,I75.png,75,7,5,2.27,1.031,19.495830535888672,0.03857382699970913,0
I75_08_02.png,/kaggle/working/MDFS/data/KADID/extracted/kadid10k/images/I75_08_02.png,I75.png,75,8,2,2.87,1.024,20.135099411010742,0.03827676600030827,0
I75_08_04.png,/kaggle/working/MDFS/data/KADID/extracted/kadid10k/images/I75_08_04.png,I75.png,75,8,4,2.27,0.727,24.056564331054688,0.03700098099943716,0
I75_09_01.png,/kaggle/working/MDFS/data/KADID/extracted/kadid10k/images/I75_09_01.png,I75.png,75,9,1,4.5,0.671,18.484989166259766,0.03861616300036985,0
I75_09_03.png,/kaggle/working/MDFS/data/KADID/extracted/kadid10k/images/I75_09_03.png,I75.png,75,9,3,4.6,0.49,19.49855613708496,0.038182099000550807,0
I75_09_05.png,/kaggle/working/MDFS/data/KADID/extracted/kadid10k/images/I75_09_05.png,I75.png,75,9,5,1.8,0.748,33.60277557373047,0.03725380300056713,0
I75_10_02.png,/kaggle/working/MDFS/data/KADID/extracted/kadid10k/images/I75_10_02.png,I75.png,75,10,2,4.13,0.718,20.71804428100586,0.037996717000169156,0
I75_10_04.png,/kaggle/working/MDFS/data/KADID/extracted/kadid10k/images/I75_10_04.png,I75.png,75,10,4,1.6,0.663,28.291658401489258,0.036367457999403996,0
I75_11_01.png,/kaggle/working/MDFS/data/KADID/extracted/kadid10k/images/I75_11_01.png,I75.png,75,11,1,3.63,0.836,21.084903717041016,0.03732802600006835,0
I75_11_03.png,/kaggle/working/MDFS/data/KADID/extracted/kadid10k/images/I75_11_03.png,I75.png,75,11,3,2.77,0.716,23.260770797729492,0.03739792299984401,0
I75_11_05.png,/kaggle/working/MDFS/data/KADID/extracted/kadid10k/images/I75_11_05.png,I75.png,75,11,5,2.4,0.757,27.2431583404541,0.03748079299930396,0
I75_12_02.png,/kaggle/working/MDFS/data/KADID/extracted/kadid10k/images/I75_12_02.png,I75.png,75,12,2,3.27,0.814,21.521982192993164,0.036424970000553,0
I75_12_04.png,/kaggle/working/MDFS/data/KADID/extracted/kadid10k/images/I75_12_04.png,I75.png,75,12,4,2.53,0.884,24.895626068115234,0.036739853000653966,0
I75_13_01.png,/kaggle/working/MDFS/data/KADID/extracted/kadid10k/images/I75_13_01.png,I75.png,75,13,1,3.47,0.884,19.00078582763672,0.03917304999959015,0
I75_13_03.png,/kaggle/working/MDFS/data/KADID/extracted/kadid10k/images/I75_13_03.png,I75.png,75,13,3,2.5,0.671,21.58271598815918,0.03788261899990175,0
I75_13_05.png,/kaggle/working/MDFS/data/KADID/extracted/kadid10k/images/I75_13_05.png,I75.png,75,13,5,2.0,0.73,26.955547332763672,0.03792296899973735,0
I75_14_02.png,/kaggle/working/MDFS/data/KADID/extracted/kadid10k/images/I75_14_02.png,I75.png,75,14,2,3.33,0.907,20.931432723999023,0.03711344800012739,0
I75_14_04.png,/kaggle/working/MDFS/data/KADID/extracted/kadid10k/images/I75_14_04.png,I75.png,75,14,4,2.27,0.772,23.26763153076172,0.036620535000110976,0
I75_15_01.png,/kaggle/working/MDFS/data/KADID/extracted/kadid10k/images/I75_15_01.png,I75.png,75,15,1,3.73,0.929,20.067359924316406,0.03874372399968706,0
I75_15_03.png,/kaggle/working/MDFS/data/KADID/extracted/kadid10k/images/I75_15_03.png,I75.png,75,15,3,2.03,0.605,23.074241638183594,0.037079408999488805,0
I75_15_05.png,/kaggle/working/MDFS/data/KADID/extracted/kadid10k/images/I75_15_05.png,I75.png,75,15,5,1.17,0.453,26.25607681274414,0.035704169000382535,0
I75_16_02.png,/kaggle/working/MDFS/data/KADID/extracted/kadid10k/images/I75_16_02.png,I75.png,75,16,2,4.03,0.795,18.55921745300293,0.03947099600009096,0
I75_16_04.png,/kaggle/working/MDFS/data/KADID/extracted/kadid10k/images/I75_16_04.png,I75.png,75,16,4,2.97,0.948,20.60462760925293,0.038948235000134446,0
I75_17_01.png,/kaggle/working/MDFS/data/KADID/extracted/kadid10k/images/I75_17_01.png,I75.png,75,17,1,4.67,0.471,18.679529190063477,0.03879508000045462,0
I75_17_03.png,/kaggle/working/MDFS/data/KADID/extracted/kadid10k/images/I75_17_03.png,I75.png,75,17,3,4.3,0.781,18.78383445739746,0.038389687999369926,0
I75_17_05.png,/kaggle/working/MDFS/data/KADID/extracted/kadid10k/images/I75_17_05.png,I75.png,75,17,5,1.83,0.637,21.696565628051758,0.037936255000204255,0
I75_18_02.png,/kaggle/working/MDFS/data/KADID/extracted/kadid10k/images/I75_18_02.png,I75.png,75,18,2,4.5,0.563,18.762916564941406,0.038553282999600924,0
I75_18_04.png,/kaggle/working/MDFS/data/KADID/extracted/kadid10k/images/I75_18_04.png,I75.png,75,18,4,4.32,0.69,19.024091720581055,0.03771290199983923,0
I75_19_01.png,/kaggle/working/MDFS/data/KADID/extracted/kadid10k/images/I75_19_01.png,I75.png,75,19,1,4.47,0.499,18.272144317626953,0.03834469000048557,0
I75_19_03.png,/kaggle/working/MDFS/data/KADID/extracted/kadid10k/images/I75_19_03.png,I75.png,75,19,3,3.23,0.883,18.07441520690918,0.03706998400048178,0
I75_19_05.png,/kaggle/working/MDFS/data/KADID/extracted/kadid10k/images/I75_19_05.png,I75.png,75,19,5,1.2,0.4,21.907190322875977,0.036625275000005786,0
I75_20_02.png,/kaggle/working/MDFS/data/KADID/extracted/kadid10k/images/I75_20_02.png,I75.png,75,20,2,3.93,0.892,18.68817710876465,0.039866232000349555,0
I75_20_04.png,/kaggle/working/MDFS/data/KADID/extracted/kadid10k/images/I75_20_04.png,I75.png,75,20,4,2.83,1.213,18.517379760742188,0.040040370000497205,0
I75_21_01.png,/kaggle/working/MDFS/data/KADID/extracted/kadid10k/images/I75_21_01.png,I75.png,75,21,1,3.5,0.957,18.343183517456055,0.039441916000214405,0
I75_21_03.png,/kaggle/working/MDFS/data/KADID/extracted/kadid10k/images/I75_21_03.png,I75.png,75,21,3,2.47,0.763,18.65115737915039,0.038652596000247286,0
I75_21_05.png,/kaggle/working/MDFS/data/KADID/extracted/kadid10k/images/I75_21_05.png,I75.png,75,21,5,1.43,0.559,27.09113883972168,0.03487051899992366,0
I75_22_02.png,/kaggle/working/MDFS/data/KADID/extracted/kadid10k/images/I75_22_02.png,I75.png,75,22,2,3.83,0.934,19.506519317626953,0.03655743600029382,0
I75_22_04.png,/kaggle/working/MDFS/data/KADID/extracted/kadid10k/images/I75_22_04.png,I75.png,75,22,4,2.57,0.883,20.467052459716797,0.03484147399922222,0
I75_23_01.png,/kaggle/working/MDFS/data/KADID/extracted/kadid10k/images/I75_23_01.png,I75.png,75,23,1,2.5,1.025,18.6734561920166,0.03927680800006783,0
I75_23_03.png,/kaggle/working/MDFS/data/KADID/extracted/kadid10k/images/I75_23_03.png,I75.png,75,23,3,2.1,0.907,18.511032104492188,0.03974671000014496,0
I75_23_05.png,/kaggle/working/MDFS/data/KADID/extracted/kadid10k/images/I75_23_05.png,I75.png,75,23,5,1.9,0.746,18.476903915405273,0.03939612100020895,0
I75_24_02.png,/kaggle/working/MDFS/data/KADID/extracted/kadid10k/images/I75_24_02.png,I75.png,75,24,2,2.4,0.917,20.496498107910156,0.03977809500065632,0
I75_24_04.png,/kaggle/working/MDFS/data/KADID/extracted/kadid10k/images/I75_24_04.png,I75.png,75,24,4,1.73,0.727,23.69084358215332,0.039443622000362666,0
I75_25_01.png,/kaggle/working/MDFS/data/KADID/extracted/kadid10k/images/I75_25_01.png,I75.png,75,25,1,3.27,0.964,19.984783172607422,0.039500380999925255,0
I75_25_03.png,/kaggle/working/MDFS/data/KADID/extracted/kadid10k/images/I75_25_03.png,I75.png,75,25,3,4.43,0.496,18.842174530029297,0.03939888199965935,0
I75_25_05.png,/kaggle/working/MDFS/data/KADID/extracted/kadid10k/images/I75_25_05.png,I75.png,75,25,5,2.87,0.884,18.644094467163086,0.03892381599962391,0
I76_01_02.png,/kaggle/working/MDFS/data/KADID/extracted/kadid10k/images/I76_01_02.png,I76.png,76,1,2,4.47,0.562,17.315889358520508,0.03849662999982684,0
I76_01_04.png,/kaggle/working/MDFS/data/KADID/extracted/kadid10k/images/I76_01_04.png,I76.png,76,1,4,1.57,0.496,29.795257568359375,0.03777136500048073,0
I76_02_01.png,/kaggle/working/MDFS/data/KADID/extracted/kadid10k/images/I76_02_01.png,I76.png,76,2,1,3.83,0.734,18.16774559020996,0.038133830000333546,0
I76_02_03.png,/kaggle/working/MDFS/data/KADID/extracted/kadid10k/images/I76_02_03.png,I76.png,76,2,3,1.6,0.663,24.85272789001465,0.038146768999467895,0
I76_02_05.png,/kaggle/working/MDFS/data/KADID/extracted/kadid10k/images/I76_02_05.png,I76.png,76,2,5,1.27,0.442,26.874441146850586,0.036831066000559076,0
I76_03_02.png,/kaggle/working/MDFS/data/KADID/extracted/kadid10k/images/I76_03_02.png,I76.png,76,3,2,3.83,0.687,18.861373901367188,0.03823382999962632,0
I76_03_04.png,/kaggle/working/MDFS/data/KADID/extracted/kadid10k/images/I76_03_04.png,I76.png,76,3,4,1.83,0.687,21.85589599609375,0.038853758000186644,0
I76_04_01.png,/kaggle/working/MDFS/data/KADID/extracted/kadid10k/images/I76_04_01.png,I76.png,76,4,1,4.57,0.616,18.49115753173828,0.03848153699982504,0
I76_04_03.png,/kaggle/working/MDFS/data/KADID/extracted/kadid10k/images/I76_04_03.png,I76.png,76,4,3,1.63,0.795,20.009714126586914,0.037961838000228454,0
I76_04_05.png,/kaggle/working/MDFS/data/KADID/extracted/kadid10k/images/I76_04_05.png,I76.png,76,4,5,1.33,0.471,22.094085693359375,0.037348148000091896,0
I76_05_02.png,/kaggle/working/MDFS/data/KADID/extracted/kadid10k/images/I76_05_02.png,I76.png,76,5,2,2.47,0.846,20.331066131591797,0.0370153809999465,0
I76_05_04.png,/kaggle/working/MDFS/data/KADID/extracted/kadid10k/images/I76_05_04.png,I76.png,76,5,4,1.73,0.727,20.19108009338379,0.03702503899967269,0
I76_06_01.png,/kaggle/working/MDFS/data/KADID/extracted/kadid10k/images/I76_06_01.png,I76.png,76,6,1,4.27,0.772,18.73092269897461,0.03592136699990078,0
I76_06_03.png,/kaggle/working/MDFS/data/KADID/extracted/kadid10k/images/I76_06_03.png,I76.png,76,6,3,3.6,0.879,19.570606231689453,0.036843543000031787,0
I76_06_05.png,/kaggle/working/MDFS/data/KADID/extracted/kadid10k/images/I76_06_05.png,I76.png,76,6,5,2.27,0.814,21.411495208740234,0.03594785500081343,0
I76_07_02.png,/kaggle/working/MDFS/data/KADID/extracted/kadid10k/images/I76_07_02.png,I76.png,76,7,2,2.37,0.836,18.834545135498047,0.03746870899976784,0
I76_07_04.png,/kaggle/working/MDFS/data/KADID/extracted/kadid10k/images/I76_07_04.png,I76.png,76,7,4,2.4,1.02,22.65538215637207,0.03543798600003356,0
I76_08_01.png,/kaggle/working/MDFS/data/KADID/extracted/kadid10k/images/I76_08_01.png,I76.png,76,8,1,4.5,0.5,17.738670349121094,0.03704737899988686,0
I76_08_03.png,/kaggle/working/MDFS/data/KADID/extracted/kadid10k/images/I76_08_03.png,I76.png,76,8,3,2.33,1.075,18.691720962524414,0.03934655099965312,0
I76_08_05.png,/kaggle/working/MDFS/data/KADID/extracted/kadid10k/images/I76_08_05.png,I76.png,76,8,5,1.37,0.547,20.908966064453125,0.03872365700044611,0
I76_09_02.png,/kaggle/working/MDFS/data/KADID/extracted/kadid10k/images/I76_09_02.png,I76.png,76,9,2,3.5,0.764,23.375883102416992,0.03904267100006109,0
I76_09_04.png,/kaggle/working/MDFS/data/KADID/extracted/kadid10k/images/I76_09_04.png,I76.png,76,9,4,1.6,0.554,30.316247940063477,0.03902644500067254,0
I76_10_01.png,/kaggle/working/MDFS/data/KADID/extracted/kadid10k/images/I76_10_01.png,I76.png,76,10,1,4.4,0.611,19.263019561767578,0.039316052000685886,0
I76_10_03.png,/kaggle/working/MDFS/data/KADID/extracted/kadid10k/images/I76_10_03.png,I76.png,76,10,3,3.8,0.748,21.142473220825195,0.03838092600017262,0
I76_10_05.png,/kaggle/working/MDFS/data/KADID/extracted/kadid10k/images/I76_10_05.png,I76.png,76,10,5,1.4,0.554,32.574710845947266,0.03575126400028239,0
I76_11_02.png,/kaggle/working/MDFS/data/KADID/extracted/kadid10k/images/I76_11_02.png,I76.png,76,11,2,3.67,0.745,20.187959671020508,0.03695132000029844,0
I76_11_04.png,/kaggle/working/MDFS/data/KADID/extracted/kadid10k/images/I76_11_04.png,I76.png,76,11,4,2.97,0.752,22.245826721191406,0.03629245100000844,0
I76_12_01.png,/kaggle/working/MDFS/data/KADID/extracted/kadid10k/images/I76_12_01.png,I76.png,76,12,1,4.27,0.772,18.457042694091797,0.037829165999937686,0
I76_12_03.png,/kaggle/working/MDFS/data/KADID/extracted/kadid10k/images/I76_12_03.png,I76.png,76,12,3,3.47,0.806,20.92203140258789,0.037942637000014656,0
I76_12_05.png,/kaggle/working/MDFS/data/KADID/extracted/kadid10k/images/I76_12_05.png,I76.png,76,12,5,2.3,0.69,23.39624786376953,0.037646352999217925,0
I76_13_02.png,/kaggle/working/MDFS/data/KADID/extracted/kadid10k/images/I76_13_02.png,I76.png,76,13,2,2.83,0.82,18.51535415649414,0.03811902400047984,0
I76_13_04.png,/kaggle/working/MDFS/data/KADID/extracted/kadid10k/images/I76_13_04.png,I76.png,76,13,4,2.1,0.79,21.24197006225586,0.03742034799961402,0
I76_14_01.png,/kaggle/working/MDFS/data/KADID/extracted/kadid10k/images/I76_14_01.png,I76.png,76,14,1,4.4,0.611,18.21002960205078,0.036950370999875304,0
I76_14_03.png,/kaggle/working/MDFS/data/KADID/extracted/kadid10k/images/I76_14_03.png,I76.png,76,14,3,3.39,0.83,19.729522705078125,0.03608249799981422,0
I76_14_05.png,/kaggle/working/MDFS/data/KADID/extracted/kadid10k/images/I76_14_05.png,I76.png,76,14,5,2.3,0.781,22.459455490112305,0.03613916100039205,0
I76_15_02.png,/kaggle/working/MDFS/data/KADID/extracted/kadid10k/images/I76_15_02.png,I76.png,76,15,2,2.83,0.687,21.116466522216797,0.0396623599999657,0
I76_15_04.png,/kaggle/working/MDFS/data/KADID/extracted/kadid10k/images/I76_15_04.png,I76.png,76,15,4,1.53,0.499,24.133777618408203,0.037917444000413525,0
I76_16_01.png,/kaggle/working/MDFS/data/KADID/extracted/kadid10k/images/I76_16_01.png,I76.png,76,16,1,4.4,0.49,17.774065017700195,0.03806123199956346,0
I76_16_03.png,/kaggle/working/MDFS/data/KADID/extracted/kadid10k/images/I76_16_03.png,I76.png,76,16,3,3.67,0.537,17.707487106323242,0.03775245800079574,0
I76_16_05.png,/kaggle/working/MDFS/data/KADID/extracted/kadid10k/images/I76_16_05.png,I76.png,76,16,5,2.23,0.989,19.740055084228516,0.038146711999615945,0
I76_17_02.png,/kaggle/working/MDFS/data/KADID/extracted/kadid10k/images/I76_17_02.png,I76.png,76,17,2,4.43,0.496,17.60797882080078,0.03791166500013787,0
I76_17_04.png,/kaggle/working/MDFS/data/KADID/extracted/kadid10k/images/I76_17_04.png,I76.png,76,17,4,3.93,0.629,16.981678009033203,0.037345949999689765,0
I76_18_01.png,/kaggle/working/MDFS/data/KADID/extracted/kadid10k/images/I76_18_01.png,I76.png,76,18,1,4.4,0.611,18.17321014404297,0.03743357199982711,0
I76_18_03.png,/kaggle/working/MDFS/data/KADID/extracted/kadid10k/images/I76_18_03.png,I76.png,76,18,3,4.58,0.555,17.738670349121094,0.03834801700031676,0
I76_18_05.png,/kaggle/working/MDFS/data/KADID/extracted/kadid10k/images/I76_18_05.png,I76.png,76,18,5,3.9,0.539,18.070024490356445,0.038871845999892685,0
I76_19_02.png,/kaggle/working/MDFS/data/KADID/extracted/kadid10k/images/I76_19_02.png,I76.png,76,19,2,3.73,0.573,17.09267807006836,0.038413236000451434,0
I76_19_04.png,/kaggle/working/MDFS/data/KADID/extracted/kadid10k/images/I76_19_04.png,I76.png,76,19,4,1.33,0.537,20.19184112548828,0.036982291000640544,0
I76_20_01.png,/kaggle/working/MDFS/data/KADID/extracted/kadid10k/images/I76_20_01.png,I76.png,76,20,1,4.33,0.699,17.73660659790039,0.03788246700059972,0
I76_20_03.png,/kaggle/working/MDFS/data/KADID/extracted/kadid10k/images/I76_20_03.png,I76.png,76,20,3,4.53,0.499,17.794748306274414,0.037754438000774826,0
I76_20_05.png,/kaggle/working/MDFS/data/KADID/extracted/kadid10k/images/I76_20_05.png,I76.png,76,20,5,3.77,1.174,17.78069496154785,0.03707455200037657,0
I76_21_02.png,/kaggle/working/MDFS/data/KADID/extracted/kadid10k/images/I76_21_02.png,I76.png,76,21,2,2.6,0.917,18.806840896606445,0.037020762999418366,0
I76_21_04.png,/kaggle/working/MDFS/data/KADID/extracted/kadid10k/images/I76_21_04.png,I76.png,76,21,4,2.3,0.823,21.8963680267334,0.036556682999616896,0
I76_22_01.png,/kaggle/working/MDFS/data/KADID/extracted/kadid10k/images/I76_22_01.png,I76.png,76,22,1,4.4,0.554,17.952903747558594,0.03824693299975479,0
I76_22_03.png,/kaggle/working/MDFS/data/KADID/extracted/kadid10k/images/I76_22_03.png,I76.png,76,22,3,4.13,0.67,18.291658401489258,0.03787846900013392,0
I76_22_05.png,/kaggle/working/MDFS/data/KADID/extracted/kadid10k/images/I76_22_05.png,I76.png,76,22,5,3.37,1.048,18.940336227416992,0.03663922200030356,0
I76_23_02.png,/kaggle/working/MDFS/data/KADID/extracted/kadid10k/images/I76_23_02.png,I76.png,76,23,2,2.47,1.024,17.63243293762207,0.03727944000002026,0
I76_23_04.png,/kaggle/working/MDFS/data/KADID/extracted/kadid10k/images/I76_23_04.png,I76.png,76,23,4,2.17,0.898,17.61814308166504,0.037102074999893375,0
I76_24_01.png,/kaggle/working/MDFS/data/KADID/extracted/kadid10k/images/I76_24_01.png,I76.png,76,24,1,3.27,0.998,20.15544319152832,0.038625647999651846,0
I76_24_03.png,/kaggle/working/MDFS/data/KADID/extracted/kadid10k/images/I76_24_03.png,I76.png,76,24,3,2.0,0.707,23.879045486450195,0.03788923699994484,0
I76_24_05.png,/kaggle/working/MDFS/data/KADID/extracted/kadid10k/images/I76_24_05.png,I76.png,76,24,5,1.1,0.3,30.377275466918945,0.0368998140002077,0
I76_25_02.png,/kaggle/working/MDFS/data/KADID/extracted/kadid10k/images/I76_25_02.png,I76.png,76,25,2,3.83,0.734,18.478057861328125,0.03878956099924835,0
I76_25_04.png,/kaggle/working/MDFS/data/KADID/extracted/kadid10k/images/I76_25_04.png,I76.png,76,25,4,4.17,0.522,17.35491180419922,0.03847915099959209,0
I77_01_01.png,/kaggle/working/MDFS/data/KADID/extracted/kadid10k/images/I77_01_01.png,I77.png,77,1,1,4.63,0.657,18.319496154785156,0.03899361599997064,0
I77_01_03.png,/kaggle/working/MDFS/data/KADID/extracted/kadid10k/images/I77_01_03.png,I77.png,77,1,3,2.87,0.921,20.544645309448242,0.038658222999401914,0
I77_01_05.png,/kaggle/working/MDFS/data/KADID/extracted/kadid10k/images/I77_01_05.png,I77.png,77,1,5,1.43,0.496,38.60051345825195,0.03727001199968072,0
I77_02_02.png,/kaggle/working/MDFS/data/KADID/extracted/kadid10k/images/I77_02_02.png,I77.png,77,2,2,2.8,0.909,21.354719161987305,0.037942415000543406,0
I77_02_04.png,/kaggle/working/MDFS/data/KADID/extracted/kadid10k/images/I77_02_04.png,I77.png,77,2,4,1.47,0.499,28.310056686401367,0.03812623599969811,0
I77_03_01.png,/kaggle/working/MDFS/data/KADID/extracted/kadid10k/images/I77_03_01.png,I77.png,77,3,1,4.65,0.478,18.319496154785156,0.03790163899975596,0
I77_03_03.png,/kaggle/working/MDFS/data/KADID/extracted/kadid10k/images/I77_03_03.png,I77.png,77,3,3,2.77,0.92,19.490896224975586,0.039980505000130506,0
I77_03_05.png,/kaggle/working/MDFS/data/KADID/extracted/kadid10k/images/I77_03_05.png,I77.png,77,3,5,1.57,0.559,22.40603256225586,0.039474774000154866,0
I77_04_02.png,/kaggle/working/MDFS/data/KADID/extracted/kadid10k/images/I77_04_02.png,I77.png,77,4,2,1.93,0.854,19.296649932861328,0.038392245000068215,0
I77_04_04.png,/kaggle/working/MDFS/data/KADID/extracted/kadid10k/images/I77_04_04.png,I77.png,77,4,4,1.33,0.537,20.798503875732422,0.037529688000176975,0
I77_05_01.png,/kaggle/working/MDFS/data/KADID/extracted/kadid10k/images/I77_05_01.png,I77.png,77,5,1,4.5,0.719,18.296432495117188,0.0391533990004973,0
I77_05_03.png,/kaggle/working/MDFS/data/KADID/extracted/kadid10k/images/I77_05_03.png,I77.png,77,5,3,2.47,0.846,18.38115882873535,0.03868199699991237,0
I77_05_05.png,/kaggle/working/MDFS/data/KADID/extracted/kadid10k/images/I77_05_05.png,I77.png,77,5,5,2.33,0.978,18.169994354248047,0.03902281099999527,0
I77_06_02.png,/kaggle/working/MDFS/data/KADID/extracted/kadid10k/images/I77_06_02.png,I77.png,77,6,2,3.97,0.912,21.069826126098633,0.03564086200003658,0
I77_06_04.png,/kaggle/working/MDFS/data/KADID/extracted/kadid10k/images/I77_06_04.png,I77.png,77,6,4,3.27,0.998,22.116607666015625,0.0346036950004418,0
I77_07_01.png,/kaggle/working/MDFS/data/KADID/extracted/kadid10k/images/I77_07_01.png,I77.png,77,7,1,2.37,0.912,18.89487075805664,0.038164977999258554,0
I77_07_03.png,/kaggle/working/MDFS/data/KADID/extracted/kadid10k/images/I77_07_03.png,I77.png,77,7,3,1.93,1.062,20.02907943725586,0.03827327399994829,0
I77_07_05.png,/kaggle/working/MDFS/data/KADID/extracted/kadid10k/images/I77_07_05.png,I77.png,77,7,5,1.77,1.023,19.91718864440918,0.03799842399985209,0
I77_08_02.png,/kaggle/working/MDFS/data/KADID/extracted/kadid10k/images/I77_08_02.png,I77.png,77,8,2,2.87,0.957,19.273910522460938,0.03794336699957057,0
I77_08_04.png,/kaggle/working/MDFS/data/KADID/extracted/kadid10k/images/I77_08_04.png,I77.png,77,8,4,1.32,0.467,23.25457191467285,0.03663814799983811,0
I77_09_01.png,/kaggle/working/MDFS/data/KADID/extracted/kadid10k/images/I77_09_01.png,I77.png,77,9,1,4.83,0.373,18.951387405395508,0.03824162599994452,0
I77_09_03.png,/kaggle/working/MDFS/data/KADID/extracted/kadid10k/images/I77_09_03.png,I77.png,77,9,3,3.83,0.637,22.55269432067871,0.038706088999788335,0
I77_09_05.png,/kaggle/working/MDFS/data/KADID/extracted/kadid10k/images/I77_09_05.png,I77.png,77,9,5,1.39,0.487,35.34153747558594,0.03725537999980588,0
I77_10_02.png,/kaggle/working/MDFS/data/KADID/extracted/kadid10k/images/I77_10_02.png,I77.png,77,10,2,4.37,0.547,19.318296432495117,0.038436226999692735,0
I77_10_04.png,/kaggle/working/MDFS/data/KADID/extracted/kadid10k/images/I77_10_04.png,I77.png,77,10,4,2.03,0.836,27.307659149169922,0.03857829699973081,0
I77_11_01.png,/kaggle/working/MDFS/data/KADID/extracted/kadid10k/images/I77_11_01.png,I77.png,77,11,1,4.42,0.661,20.910564422607422,0.037827750999895216,0
I77_11_03.png,/kaggle/working/MDFS/data/KADID/extracted/kadid10k/images/I77_11_03.png,I77.png,77,11,3,3.5,0.806,22.457901000976562,0.03743624599974282,0
I77_11_05.png,/kaggle/working/MDFS/data/KADID/extracted/kadid10k/images/I77_11_05.png,I77.png,77,11,5,2.37,0.657,25.689210891723633,0.03773585799990542,0
I77_12_02.png,/kaggle/working/MDFS/data/KADID/extracted/kadid10k/images/I77_12_02.png,I77.png,77,12,2,4.16,0.755,20.96442413330078,0.03632066200043482,0
I77_12_04.png,/kaggle/working/MDFS/data/KADID/extracted/kadid10k/images/I77_12_04.png,I77.png,77,12,4,3.13,0.846,23.52276039123535,0.03652325999973982,0
I77_13_01.png,/kaggle/working/MDFS/data/KADID/extracted/kadid10k/images/I77_13_01.png,I77.png,77,13,1,3.6,0.879,18.375736236572266,0.03801438499976939,0
I77_13_03.png,/kaggle/working/MDFS/data/KADID/extracted/kadid10k/images/I77_13_03.png,I77.png,77,13,3,2.9,0.746,20.239376068115234,0.038320282000313455,0
I77_13_05.png,/kaggle/working/MDFS/data/KADID/extracted/kadid10k/images/I77_13_05.png,I77.png,77,13,5,2.07,0.512,23.267677307128906,0.03897364800013747,0
I77_14_02.png,/kaggle/working/MDFS/data/KADID/extracted/kadid10k/images/I77_14_02.png,I77.png,77,14,2,4.0,0.816,19.856224060058594,0.0374000639994847,0
I77_14_04.png,/kaggle/working/MDFS/data/KADID/extracted/kadid10k/images/I77_14_04.png,I77.png,77,14,4,3.0,0.856,21.49087905883789,0.036924904999978025,0
I77_15_01.png,/kaggle/working/MDFS/data/KADID/extracted/kadid10k/images/I77_15_01.png,I77.png,77,15,1,3.53,0.884,19.987022399902344,0.03826761100026488,0
I77_15_03.png,/kaggle/working/MDFS/data/KADID/extracted/kadid10k/images/I77_15_03.png,I77.png,77,15,3,2.43,0.667,22.868160247802734,0.03715342400028021,0
I77_15_05.png,/kaggle/working/MDFS/data/KADID/extracted/kadid10k/images/I77_15_05.png,I77.png,77,15,5,1.73,0.68,24.25804328918457,0.03607466899939027,0
I77_16_02.png,/kaggle/working/MDFS/data/KADID/extracted/kadid10k/images/I77_16_02.png,I77.png,77,16,2,4.13,0.67,18.53721809387207,0.04154483900038031,0
I77_16_04.png,/kaggle/working/MDFS/data/KADID/extracted/kadid10k/images/I77_16_04.png,I77.png,77,16,4,3.27,0.892,19.171777725219727,0.03790296399984072,0
I77_17_01.png,/kaggle/working/MDFS/data/KADID/extracted/kadid10k/images/I77_17_01.png,I77.png,77,17,1,4.5,0.5,18.288307189941406,0.03775300500001322,0
I77_17_03.png,/kaggle/working/MDFS/data/KADID/extracted/kadid10k/images/I77_17_03.png,I77.png,77,17,3,4.17,0.637,18.224163055419922,0.038325948000419885,0
I77_17_05.png,/kaggle/working/MDFS/data/KADID/extracted/kadid10k/images/I77_17_05.png,I77.png,77,17,5,2.23,1.023,20.174163818359375,0.03617005300020537,0
I77_18_02.png,/kaggle/working/MDFS/data/KADID/extracted/kadid10k/images/I77_18_02.png,I77.png,77,18,2,4.7,0.458,18.463735580444336,0.047696428999188356,0
I77_18_04.png,/kaggle/working/MDFS/data/KADID/extracted/kadid10k/images/I77_18_04.png,I77.png,77,18,4,4.37,0.706,18.679759979248047,0.05382995200034202,0
I77_19_01.png,/kaggle/working/MDFS/data/KADID/extracted/kadid10k/images/I77_19_01.png,I77.png,77,19,1,4.1,0.978,18.171390533447266,0.05197609500010003,0
I77_19_03.png,/kaggle/working/MDFS/data/KADID/extracted/kadid10k/images/I77_19_03.png,I77.png,77,19,3,3.23,0.92,18.32159423828125,0.03567507499974454,0
I77_19_05.png,/kaggle/working/MDFS/data/KADID/extracted/kadid10k/images/I77_19_05.png,I77.png,77,19,5,1.57,0.616,25.163867950439453,0.03637879799953225,0
I77_20_02.png,/kaggle/working/MDFS/data/KADID/extracted/kadid10k/images/I77_20_02.png,I77.png,77,20,2,4.17,0.969,18.18937110900879,0.03867697100031364,0
I77_20_04.png,/kaggle/working/MDFS/data/KADID/extracted/kadid10k/images/I77_20_04.png,I77.png,77,20,4,4.03,0.836,18.0860652923584,0.03846924300069077,0
I77_21_01.png,/kaggle/working/MDFS/data/KADID/extracted/kadid10k/images/I77_21_01.png,I77.png,77,21,1,3.93,0.929,18.16297721862793,0.0382854600002247,0
I77_21_03.png,/kaggle/working/MDFS/data/KADID/extracted/kadid10k/images/I77_21_03.png,I77.png,77,21,3,2.83,1.128,18.809301376342773,0.036692003999633016,0
I77_21_05.png,/kaggle/working/MDFS/data/KADID/extracted/kadid10k/images/I77_21_05.png,I77.png,77,21,5,1.77,0.974,31.9621639251709,0.03367927999988751,0
I77_22_02.png,/kaggle/working/MDFS/data/KADID/extracted/kadid10k/images/I77_22_02.png,I77.png,77,22,2,4.57,0.559,19.092567443847656,0.036628165999900375,0
I77_22_04.png,/kaggle/working/MDFS/data/KADID/extracted/kadid10k/images/I77_22_04.png,I77.png,77,22,4,4.2,0.792,19.68024253845215,0.03736590700009401,0
I77_23_01.png,/kaggle/working/MDFS/data/KADID/extracted/kadid10k/images/I77_23_01.png,I77.png,77,23,1,2.47,0.806,18.26129150390625,0.038605943999755254,0
I77_23_03.png,/kaggle/working/MDFS/data/KADID/extracted/kadid10k/images/I77_23_03.png,I77.png,77,23,3,1.73,0.998,18.239307403564453,0.0377964110002722,0
I77_23_05.png,/kaggle/working/MDFS/data/KADID/extracted/kadid10k/images/I77_23_05.png,I77.png,77,23,5,2.27,0.998,18.162193298339844,0.03807488500024192,0
I77_24_02.png,/kaggle/working/MDFS/data/KADID/extracted/kadid10k/images/I77_24_02.png,I77.png,77,24,2,2.63,0.836,20.054519653320312,0.038060685000345984,0
I77_24_04.png,/kaggle/working/MDFS/data/KADID/extracted/kadid10k/images/I77_24_04.png,I77.png,77,24,4,1.71,0.727,23.128318786621094,0.037475582000297436,0
I77_25_01.png,/kaggle/working/MDFS/data/KADID/extracted/kadid10k/images/I77_25_01.png,I77.png,77,25,1,3.83,0.82,19.141237258911133,0.04738505199929932,0
I77_25_03.png,/kaggle/working/MDFS/data/KADID/extracted/kadid10k/images/I77_25_03.png,I77.png,77,25,3,4.4,0.554,18.374900817871094,0.05004405500039866,0
I77_25_05.png,/kaggle/working/MDFS/data/KADID/extracted/kadid10k/images/I77_25_05.png,I77.png,77,25,5,3.7,0.526,18.33989906311035,0.03866114900029061,0
I78_01_02.png,/kaggle/working/MDFS/data/KADID/extracted/kadid10k/images/I78_01_02.png,I78.png,78,1,2,4.43,0.616,17.7473087310791,0.03628224499971111,0
I78_01_04.png,/kaggle/working/MDFS/data/KADID/extracted/kadid10k/images/I78_01_04.png,I78.png,78,1,4,2.17,0.734,27.492481231689453,0.038196476999473816,0
I78_02_01.png,/kaggle/working/MDFS/data/KADID/extracted/kadid10k/images/I78_02_01.png,I78.png,78,2,1,4.13,0.499,18.333057403564453,0.03669127200009825,0
I78_02_03.png,/kaggle/working/MDFS/data/KADID/extracted/kadid10k/images/I78_02_03.png,I78.png,78,2,3,1.9,0.53,25.866161346435547,0.037074935999953595,0
I78_02_05.png,/kaggle/working/MDFS/data/KADID/extracted/kadid10k/images/I78_02_05.png,I78.png,78,2,5,1.53,0.618,31.9634952545166,0.03697628600002645,0
I78_03_02.png,/kaggle/working/MDFS/data/KADID/extracted/kadid10k/images/I78_03_02.png,I78.png,78,3,2,4.48,0.561,18.001995086669922,0.03602403300010337,0
I78_03_04.png,/kaggle/working/MDFS/data/KADID/extracted/kadid10k/images/I78_03_04.png,I78.png,78,3,4,2.13,0.562,20.268905639648438,0.038267701999757264,0
I78_04_01.png,/kaggle/working/MDFS/data/KADID/extracted/kadid10k/images/I78_04_01.png,I78.png,78,4,1,4.6,0.49,18.27430534362793,0.03659378599968477,0
I78_04_03.png,/kaggle/working/MDFS/data/KADID/extracted/kadid10k/images/I78_04_03.png,I78.png,78,4,3,1.9,0.943,20.174419403076172,0.035885926999981166,0
I78_04_05.png,/kaggle/working/MDFS/data/KADID/extracted/kadid10k/images/I78_04_05.png,I78.png,78,4,5,1.47,0.718,22.913217544555664,0.03430028399998264,0
I78_05_02.png,/kaggle/working/MDFS/data/KADID/extracted/kadid10k/images/I78_05_02.png,I78.png,78,5,2,3.33,0.83,19.43453025817871,0.03550846799953433,0
I78_05_04.png,/kaggle/working/MDFS/data/KADID/extracted/kadid10k/images/I78_05_04.png,I78.png,78,5,4,2.5,0.885,18.81016731262207,0.036735939999744005,0
I78_06_01.png,/kaggle/working/MDFS/data/KADID/extracted/kadid10k/images/I78_06_01.png,I78.png,78,6,1,4.6,0.663,19.476234436035156,0.03608537499985687,0
I78_06_03.png,/kaggle/working/MDFS/data/KADID/extracted/kadid10k/images/I78_06_03.png,I78.png,78,6,3,3.97,0.912,19.934301376342773,0.034225520999825676,0
I78_06_05.png,/kaggle/working/MDFS/data/KADID/extracted/kadid10k/images/I78_06_05.png,I78.png,78,6,5,3.33,0.869,21.63976287841797,0.033906497999851126,0
I78_07_02.png,/kaggle/working/MDFS/data/KADID/extracted/kadid10k/images/I78_07_02.png,I78.png,78,7,2,2.53,1.118,19.443214416503906,0.03681228400000691,0
I78_07_04.png,/kaggle/working/MDFS/data/KADID/extracted/kadid10k/images/I78_07_04.png,I78.png,78,7,4,2.0,1.155,20.91704559326172,0.03598696500012011,0
I78_08_01.png,/kaggle/working/MDFS/data/KADID/extracted/kadid10k/images/I78_08_01.png,I78.png,78,8,1,4.6,0.49,18.186847686767578,0.036026480000145966,0
I78_08_03.png,/kaggle/working/MDFS/data/KADID/extracted/kadid10k/images/I78_08_03.png,I78.png,78,8,3,2.7,0.936,19.327312469482422,0.03574943599960534,0
I78_08_05.png,/kaggle/working/MDFS/data/KADID/extracted/kadid10k/images/I78_08_05.png,I78.png,78,8,5,1.57,0.716,22.16352081298828,0.036237209000319126,0
I78_09_02.png,/kaggle/working/MDFS/data/KADID/extracted/kadid10k/images/I78_09_02.png,I78.png,78,9,2,4.43,0.496,20.790802001953125,0.037242741999762075,0
I78_09_04.png,/kaggle/working/MDFS/data/KADID/extracted/kadid10k/images/I78_09_04.png,I78.png,78,9,4,2.4,0.611,28.527324676513672,0.037927240000499296,0
I78_10_01.png,/kaggle/working/MDFS/data/KADID/extracted/kadid10k/images/I78_10_01.png,I78.png,78,10,1,4.57,0.559,20.429393768310547,0.035976819999632426,0
I78_10_03.png,/kaggle/working/MDFS/data/KADID/extracted/kadid10k/images/I78_10_03.png,I78.png,78,10,3,3.8,0.909,21.937393188476562,0.03475938900010078,0
I78_10_05.png,/kaggle/working/MDFS/data/KADID/extracted/kadid10k/images/I78_10_05.png,I78.png,78,10,5,1.37,0.547,29.356369018554688,0.035162969999873894,0
I78_11_02.png,/kaggle/working/MDFS/data/KADID/extracted/kadid10k/images/I78_11_02.png,I78.png,78,11,2,3.43,0.761,21.992568969726562,0.03789179700015666,0
I78_11_04.png,/kaggle/working/MDFS/data/KADID/extracted/kadid10k/images/I78_11_04.png,I78.png,78,11,4,2.97,0.836,25.572998046875,0.037410688999443664,0
I78_12_01.png,/kaggle/working/MDFS/data/KADID/extracted/kadid10k/images/I78_12_01.png,I78.png,78,12,1,4.5,0.563,19.578039169311523,0.03652362799948605,0
I78_12_03.png,/kaggle/working/MDFS/data/KADID/extracted/kadid10k/images/I78_12_03.png,I78.png,78,12,3,3.37,0.752,22.489227294921875,0.03621294099957595,0
I78_12_05.png,/kaggle/working/MDFS/data/KADID/extracted/kadid10k/images/I78_12_05.png,I78.png,78,12,5,2.23,0.667,27.1213321685791,0.03586322899991501,0
I78_13_02.png,/kaggle/working/MDFS/data/KADID/extracted/kadid10k/images/I78_13_02.png,I78.png,78,13,2,3.03,0.875,22.260656356811523,0.035906559999602905,0
I78_13_04.png,/kaggle/working/MDFS/data/KADID/extracted/kadid10k/images/I78_13_04.png,I78.png,78,13,4,2.53,0.884,24.810007095336914,0.03698075600004813,0
I78_14_01.png,/kaggle/working/MDFS/data/KADID/extracted/kadid10k/images/I78_14_01.png,I78.png,78,14,1,4.43,0.559,19.585695266723633,0.03661010099949635,0
I78_14_03.png,/kaggle/working/MDFS/data/KADID/extracted/kadid10k/images/I78_14_03.png,I78.png,78,14,3,3.1,0.831,23.777149200439453,0.035657752000588516,0
I78_14_05.png,/kaggle/working/MDFS/data/KADID/extracted/kadid10k/images/I78_14_05.png,I78.png,78,14,5,2.07,0.629,28.453943252563477,0.035740497000006144,0
I78_15_02.png,/kaggle/working/MDFS/data/KADID/extracted/kadid10k/images/I78_15_02.png,I78.png,78,15,2,3.03,0.752,21.950958251953125,0.03633255200020358,0
I78_15_04.png,/kaggle/working/MDFS/data/KADID/extracted/kadid10k/images/I78_15_04.png,I78.png,78,15,4,1.8,0.6,24.392030715942383,0.037065617999360256,0
I78_16_01.png,/kaggle/working/MDFS/data/KADID/extracted/kadid10k/images/I78_16_01.png,I78.png,78,16,1,4.6,0.49,18.157466888427734,0.036113493999437196,0
I78_16_03.png,/kaggle/working/MDFS/data/KADID/extracted/kadid10k/images/I78_16_03.png,I78.png,78,16,3,4.1,0.539,18.154178619384766,0.03528372800064972,0
I78_16_05.png,/kaggle/working/MDFS/data/KADID/extracted/kadid10k/images/I78_16_05.png,I78.png,78,16,5,1.67,0.83,24.24411392211914,0.03395369100053358,0
I78_17_02.png,/kaggle/working/MDFS/data/KADID/extracted/kadid10k/images/I78_17_02.png,I78.png,78,17,2,4.43,0.667,18.27937126159668,0.03679114699934871,0
I78_17_04.png,/kaggle/working/MDFS/data/KADID/extracted/kadid10k/images/I78_17_04.png,I78.png,78,17,4,3.7,0.781,18.718215942382812,0.03642794799998228,0
I78_18_01.png,/kaggle/working/MDFS/data/KADID/extracted/kadid10k/images/I78_18_01.png,I78.png,78,18,1,4.57,0.559,18.174034118652344,0.03529413499927614,0
I78_18_03.png,/kaggle/working/MDFS/data/KADID/extracted/kadid10k/images/I78_18_03.png,I78.png,78,18,3,4.6,0.49,18.186847686767578,0.03522469400013506,0
I78_18_05.png,/kaggle/working/MDFS/data/KADID/extracted/kadid10k/images/I78_18_05.png,I78.png,78,18,5,4.17,0.687,18.718713760375977,0.03682506600034685,0
I78_19_02.png,/kaggle/working/MDFS/data/KADID/extracted/kadid10k/images/I78_19_02.png,I78.png,78,19,2,4.27,0.573,18.036212921142578,0.037917175000075076,0
I78_19_04.png,/kaggle/working/MDFS/data/KADID/extracted/kadid10k/images/I78_19_04.png,I78.png,78,19,4,2.0,0.856,20.807964324951172,0.04478506199939147,0
I78_20_01.png,/kaggle/working/MDFS/data/KADID/extracted/kadid10k/images/I78_20_01.png,I78.png,78,20,1,4.5,0.619,18.164392471313477,0.037258696999742824,0
I78_20_03.png,/kaggle/working/MDFS/data/KADID/extracted/kadid10k/images/I78_20_03.png,I78.png,78,20,3,3.57,1.257,18.191455841064453,0.03634031799992954,0
I78_20_05.png,/kaggle/working/MDFS/data/KADID/extracted/kadid10k/images/I78_20_05.png,I78.png,78,20,5,2.37,1.08,18.192106246948242,0.03620999600025243,0
I78_21_02.png,/kaggle/working/MDFS/data/KADID/extracted/kadid10k/images/I78_21_02.png,I78.png,78,21,2,2.57,0.955,18.623600006103516,0.036252117999538314,0
I78_21_04.png,/kaggle/working/MDFS/data/KADID/extracted/kadid10k/images/I78_21_04.png,I78.png,78,21,4,1.97,0.752,20.180587768554688,0.035081318999800715,0
I78_22_01.png,/kaggle/working/MDFS/data/KADID/extracted/kadid10k/images/I78_22_01.png,I78.png,78,22,1,3.8,0.909,18.605905532836914,0.03662724799960415,0
I78_22_03.png,/kaggle/working/MDFS/data/KADID/extracted/kadid10k/images/I78_22_03.png,I78.png,78,22,3,3.73,0.964,18.96735191345215,0.036069230000066455,0
I78_22_05.png,/kaggle/working/MDFS/data/KADID/extracted/kadid10k/images/I78_22_05.png,I78.png,78,22,5,2.2,0.542,21.92510223388672,0.03516127199964103,0
I78_23_02.png,/kaggle/working/MDFS/data/KADID/extracted/kadid10k/images/I78_23_02.png,I78.png,78,23,2,2.1,0.7,18.22884750366211,0.03577897000013763,0
I78_23_04.png,/kaggle/working/MDFS/data/KADID/extracted/kadid10k/images/I78_23_04.png,I78.png,78,23,4,2.0,0.775,18.304349899291992,0.03578495599958842,0
I78_24_01.png,/kaggle/working/MDFS/data/KADID/extracted/kadid10k/images/I78_24_01.png,I78.png,78,24,1,3.74,0.915,19.743066787719727,0.03765880199989624,0
I78_24_03.png,/kaggle/working/MDFS/data/KADID/extracted/kadid10k/images/I78_24_03.png,I78.png,78,24,3,2.3,1.005,22.042741775512695,0.03728878899983101,0
I78_24_05.png,/kaggle/working/MDFS/data/KADID/extracted/kadid10k/images/I78_24_05.png,I78.png,78,24,5,1.6,0.663,25.772897720336914,0.03768806999960361,0
I78_25_02.png,/kaggle/working/MDFS/data/KADID/extracted/kadid10k/images/I78_25_02.png,I78.png,78,25,2,3.93,0.68,18.412649154663086,0.035933870999542705,0
I78_25_04.png,/kaggle/working/MDFS/data/KADID/extracted/kadid10k/images/I78_25_04.png,I78.png,78,25,4,4.33,0.596,18.1268367767334,0.034966926999913994,0
I79_01_01.png,/kaggle/working/MDFS/data/KADID/extracted/kadid10k/images/I79_01_01.png,I79.png,79,1,1,4.7,0.458,19.239839553833008,0.03855093200036208,0
I79_01_03.png,/kaggle/working/MDFS/data/KADID/extracted/kadid10k/images/I79_01_03.png,I79.png,79,1,3,3.37,0.836,25.148103713989258,0.038699620999977924,0
I79_01_05.png,/kaggle/working/MDFS/data/KADID/extracted/kadid10k/images/I79_01_05.png,I79.png,79,1,5,1.53,0.499,37.67693328857422,0.03865945599955012,0
I79_02_02.png,/kaggle/working/MDFS/data/KADID/extracted/kadid10k/images/I79_02_02.png,I79.png,79,2,2,3.23,0.883,26.732513427734375,0.0384105510001973,0
I79_02_04.png,/kaggle/working/MDFS/data/KADID/extracted/kadid10k/images/I79_02_04.png,I79.png,79,2,4,1.87,0.618,33.020103454589844,0.03791024899965123,0
I79_03_01.png,/kaggle/working/MDFS/data/KADID/extracted/kadid10k/images/I79_03_01.png,I79.png,79,3,1,4.53,0.618,19.239839553833008,0.03795760400043946,0
I79_03_03.png,/kaggle/working/MDFS/data/KADID/extracted/kadid10k/images/I79_03_03.png,I79.png,79,3,3,3.3,0.823,23.478940963745117,0.03869717599991418,0
I79_03_05.png,/kaggle/working/MDFS/data/KADID/extracted/kadid10k/images/I79_03_05.png,I79.png,79,3,5,2.07,0.573,24.360584259033203,0.03646895499969105,0
I79_04_02.png,/kaggle/working/MDFS/data/KADID/extracted/kadid10k/images/I79_04_02.png,I79.png,79,4,2,2.3,0.971,25.109390258789062,0.03739994300030958,0
I79_04_04.png,/kaggle/working/MDFS/data/KADID/extracted/kadid10k/images/I79_04_04.png,I79.png,79,4,4,1.3,0.69,27.786380767822266,0.037062248999973235,0
I79_05_01.png,/kaggle/working/MDFS/data/KADID/extracted/kadid10k/images/I79_05_01.png,I79.png,79,5,1,4.37,0.948,19.68935775756836,0.03973453199978394,0
I79_05_03.png,/kaggle/working/MDFS/data/KADID/extracted/kadid10k/images/I79_05_03.png,I79.png,79,5,3,2.5,0.806,20.465913772583008,0.0408062799997424,0
I79_05_05.png,/kaggle/working/MDFS/data/KADID/extracted/kadid10k/images/I79_05_05.png,I79.png,79,5,5,2.97,1.016,20.31237030029297,0.03954514500037476,0
I79_06_02.png,/kaggle/working/MDFS/data/KADID/extracted/kadid10k/images/I79_06_02.png,I79.png,79,6,2,4.27,0.68,22.225391387939453,0.037185349000537826,0
I79_06_04.png,/kaggle/working/MDFS/data/KADID/extracted/kadid10k/images/I79_06_04.png,I79.png,79,6,4,3.3,0.936,24.45305633544922,0.035535830999833706,0
I79_07_01.png,/kaggle/working/MDFS/data/KADID/extracted/kadid10k/images/I79_07_01.png,I79.png,79,7,1,2.07,0.854,19.50267791748047,0.03785497800072335,0
I79_07_03.png,/kaggle/working/MDFS/data/KADID/extracted/kadid10k/images/I79_07_03.png,I79.png,79,7,3,1.7,0.781,20.906606674194336,0.037274625999998534,0
I79_07_05.png,/kaggle/working/MDFS/data/KADID/extracted/kadid10k/images/I79_07_05.png,I79.png,79,7,5,1.57,0.559,21.25818634033203,0.036689782999928866,0
I79_08_02.png,/kaggle/working/MDFS/data/KADID/extracted/kadid10k/images/I79_08_02.png,I79.png,79,8,2,3.57,0.761,22.021116256713867,0.03798938799991447,0
I79_08_04.png,/kaggle/working/MDFS/data/KADID/extracted/kadid10k/images/I79_08_04.png,I79.png,79,8,4,1.53,0.618,25.504892349243164,0.038065031999394705,0
I79_09_01.png,/kaggle/working/MDFS/data/KADID/extracted/kadid10k/images/I79_09_01.png,I79.png,79,9,1,4.73,0.442,19.824499130249023,0.03864421599973866,0
I79_09_03.png,/kaggle/working/MDFS/data/KADID/extracted/kadid10k/images/I79_09_03.png,I79.png,79,9,3,4.26,0.67,22.766016006469727,0.03830690900031186,0
I79_09_05.png,/kaggle/working/MDFS/data/KADID/extracted/kadid10k/images/I79_09_05.png,I79.png,79,9,5,1.23,0.423,36.537052154541016,0.037547192999227263,0
I79_10_02.png,/kaggle/working/MDFS/data/KADID/extracted/kadid10k/images/I79_10_02.png,I79.png,79,10,2,4.03,0.836,20.65167999267578,0.037727082999481354,0
I79_10_04.png,/kaggle/working/MDFS/data/KADID/extracted/kadid10k/images/I79_10_04.png,I79.png,79,10,4,2.13,0.806,30.29361343383789,0.03640047399949253,0
I79_11_01.png,/kaggle/working/MDFS/data/KADID/extracted/kadid10k/images/I79_11_01.png,I79.png,79,11,1,4.43,0.559,21.76466941833496,0.03579065199937759,0
I79_11_03.png,/kaggle/working/MDFS/data/KADID/extracted/kadid10k/images/I79_11_03.png,I79.png,79,11,3,3.17,0.82,23.629697799682617,0.03723281900056463,0
I79_11_05.png,/kaggle/working/MDFS/data/KADID/extracted/kadid10k/images/I79_11_05.png,I79.png,79,11,5,2.5,0.563,27.080888748168945,0.036692730999675405,0
I79_12_02.png,/kaggle/working/MDFS/data/KADID/extracted/kadid10k/images/I79_12_02.png,I79.png,79,12,2,3.77,0.716,22.12946128845215,0.035910043000512815,0
I79_12_04.png,/kaggle/working/MDFS/data/KADID/extracted/kadid10k/images/I79_12_04.png,I79.png,79,12,4,2.8,0.702,25.048505783081055,0.03539622400057851,0
I79_13_01.png,/kaggle/working/MDFS/data/KADID/extracted/kadid10k/images/I79_13_01.png,I79.png,79,13,1,3.77,0.92,19.39516258239746,0.037877788000514556,0
I79_13_03.png,/kaggle/working/MDFS/data/KADID/extracted/kadid10k/images/I79_13_03.png,I79.png,79,13,3,2.53,0.67,22.9086971282959,0.03810360599982232,0
I79_13_05.png,/kaggle/working/MDFS/data/KADID/extracted/kadid10k/images/I79_13_05.png,I79.png,79,13,5,2.23,0.803,26.53504753112793,0.038330450000103156,0
I79_14_02.png,/kaggle/working/MDFS/data/KADID/extracted/kadid10k/images/I79_14_02.png,I79.png,79,14,2,4.03,0.706,20.531431198120117,0.036858548000054725,0
I79_14_04.png,/kaggle/working/MDFS/data/KADID/extracted/kadid10k/images/I79_14_04.png,I79.png,79,14,4,2.83,0.934,23.92877769470215,0.03668139799992787,0
I79_15_01.png,/kaggle/working/MDFS/data/KADID/extracted/kadid10k/images/I79_15_01.png,I79.png,79,15,1,4.0,0.516,19.67829704284668,0.038503716999912285,0
I79_15_03.png,/kaggle/working/MDFS/data/KADID/extracted/kadid10k/images/I79_15_03.png,I79.png,79,15,3,2.67,0.789,21.426685333251953,0.03778466499989008,0
I79_15_05.png,/kaggle/working/MDFS/data/KADID/extracted/kadid10k/images/I79_15_05.png,I79.png,79,15,5,1.63,0.547,23.73925018310547,0.03589400300006673,0
I79_16_02.png,/kaggle/working/MDFS/data/KADID/extracted/kadid10k/images/I79_16_02.png,I79.png,79,16,2,4.17,0.522,19.207834243774414,0.03976818299997831,0
I79_16_04.png,/kaggle/working/MDFS/data/KADID/extracted/kadid10k/images/I79_16_04.png,I79.png,79,16,4,3.37,0.836,19.478445053100586,0.03877475399985997,0
I79_17_01.png,/kaggle/working/MDFS/data/KADID/extracted/kadid10k/images/I79_17_01.png,I79.png,79,17,1,4.47,0.562,19.219900131225586,0.038998637999611674,0
I79_17_03.png,/kaggle/working/MDFS/data/KADID/extracted/kadid10k/images/I79_17_03.png,I79.png,79,17,3,4.03,0.795,19.235809326171875,0.03905062100056966,0
I79_17_05.png,/kaggle/working/MDFS/data/KADID/extracted/kadid10k/images/I79_17_05.png,I79.png,79,17,5,2.47,1.024,21.630298614501953,0.038450762999673316,0
I79_18_02.png,/kaggle/working/MDFS/data/KADID/extracted/kadid10k/images/I79_18_02.png,I79.png,79,18,2,4.7,0.458,19.293350219726562,0.03851850899991405,0
I79_18_04.png,/kaggle/working/MDFS/data/KADID/extracted/kadid10k/images/I79_18_04.png,I79.png,79,18,4,4.33,0.537,19.610733032226562,0.037654687999747694,0
I79_19_01.png,/kaggle/working/MDFS/data/KADID/extracted/kadid10k/images/I79_19_01.png,I79.png,79,19,1,4.3,0.737,19.239425659179688,0.03778183099984744,0
I79_19_03.png,/kaggle/working/MDFS/data/KADID/extracted/kadid10k/images/I79_19_03.png,I79.png,79,19,3,3.67,0.537,20.12990951538086,0.035965121000117506,0
I79_19_05.png,/kaggle/working/MDFS/data/KADID/extracted/kadid10k/images/I79_19_05.png,I79.png,79,19,5,1.6,0.49,26.25148582458496,0.036071038999580196,0
I79_20_02.png,/kaggle/working/MDFS/data/KADID/extracted/kadid10k/images/I79_20_02.png,I79.png,79,20,2,3.8,1.108,19.031814575195312,0.039937642000040796,0
I79_20_04.png,/kaggle/working/MDFS/data/KADID/extracted/kadid10k/images/I79_20_04.png,I79.png,79,20,4,2.83,0.934,18.92721176147461,0.039227915999617835,0
I79_21_01.png,/kaggle/working/MDFS/data/KADID/extracted/kadid10k/images/I79_21_01.png,I79.png,79,21,1,4.23,0.716,19.14090919494629,0.03861329099981958,0
I79_21_03.png,/kaggle/working/MDFS/data/KADID/extracted/kadid10k/images/I79_21_03.png,I79.png,79,21,3,3.47,0.67,20.219907760620117,0.037610203999975056,0
I79_21_05.png,/kaggle/working/MDFS/data/KADID/extracted/kadid10k/images/I79_21_05.png,I79.png,79,21,5,2.0,0.683,28.362173080444336,0.03470690900030604,0
I79_22_02.png,/kaggle/working/MDFS/data/KADID/extracted/kadid10k/images/I79_22_02.png,I79.png,79,22,2,4.3,0.737,19.481170654296875,0.036949693999304145,0
I79_22_04.png,/kaggle/working/MDFS/data/KADID/extracted/kadid10k/images/I79_22_04.png,I79.png,79,22,4,3.13,0.957,20.014646530151367,0.03624754100019345,0
I79_23_01.png,/kaggle/working/MDFS/data/KADID/extracted/kadid10k/images/I79_23_01.png,I79.png,79,23,1,2.67,1.043,19.233749389648438,0.03867975000048318,0
I79_23_03.png,/kaggle/working/MDFS/data/KADID/extracted/kadid10k/images/I79_23_03.png,I79.png,79,23,3,2.17,0.778,19.165729522705078,0.03875346200038621,0
I79_23_05.png,/kaggle/working/MDFS/data/KADID/extracted/kadid10k/images/I79_23_05.png,I79.png,79,23,5,1.7,0.586,19.310487747192383,0.03873099599968555,0
I79_24_02.png,/kaggle/working/MDFS/data/KADID/extracted/kadid10k/images/I79_24_02.png,I79.png,79,24,2,3.33,0.699,20.690780639648438,0.03839207500004704,0
I79_24_04.png,/kaggle/working/MDFS/data/KADID/extracted/kadid10k/images/I79_24_04.png,I79.png,79,24,4,1.83,0.687,23.80308723449707,0.03754036400005134,0
I79_25_01.png,/kaggle/working/MDFS/data/KADID/extracted/kadid10k/images/I79_25_01.png,I79.png,79,25,1,3.93,0.772,20.422298431396484,0.037713639999310544,0
I79_25_03.png,/kaggle/working/MDFS/data/KADID/extracted/kadid10k/images/I79_25_03.png,I79.png,79,25,3,4.5,0.5,19.549827575683594,0.03769718800049304,0
I79_25_05.png,/kaggle/working/MDFS/data/KADID/extracted/kadid10k/images/I79_25_05.png,I79.png,79,25,5,3.2,0.833,19.191951751708984,0.03806903999975475,0
I80_01_02.png,/kaggle/working/MDFS/data/KADID/extracted/kadid10k/images/I80_01_02.png,I80.png,80,1,2,4.43,0.667,17.76078224182129,0.03848673199991026,0
I80_01_04.png,/kaggle/working/MDFS/data/KADID/extracted/kadid10k/images/I80_01_04.png,I80.png,80,1,4,2.1,0.597,29.95107078552246,0.038304292999782774,0
I80_02_01.png,/kaggle/working/MDFS/data/KADID/extracted/kadid10k/images/I80_02_01.png,I80.png,80,2,1,3.83,0.82,18.762868881225586,0.04001713299930998,0
I80_02_03.png,/kaggle/working/MDFS/data/KADID/extracted/kadid10k/images/I80_02_03.png,I80.png,80,2,3,1.9,0.831,25.660449981689453,0.03953427299984469,0
I80_02_05.png,/kaggle/working/MDFS/data/KADID/extracted/kadid10k/images/I80_02_05.png,I80.png,80,2,5,1.1,0.3,31.812768936157227,0.03918106600031024,0
I80_03_02.png,/kaggle/working/MDFS/data/KADID/extracted/kadid10k/images/I80_03_02.png,I80.png,80,3,2,4.3,0.526,18.962329864501953,0.039723769999909564,0
I80_03_04.png,/kaggle/working/MDFS/data/KADID/extracted/kadid10k/images/I80_03_04.png,I80.png,80,3,4,2.73,0.814,21.475563049316406,0.039632891999644926,0
I80_04_01.png,/kaggle/working/MDFS/data/KADID/extracted/kadid10k/images/I80_04_01.png,I80.png,80,4,1,4.47,0.499,18.813140869140625,0.03868877200056886,0
I80_04_03.png,/kaggle/working/MDFS/data/KADID/extracted/kadid10k/images/I80_04_03.png,I80.png,80,4,3,1.37,0.547,20.696622848510742,0.037672344999919005,0
I80_04_05.png,/kaggle/working/MDFS/data/KADID/extracted/kadid10k/images/I80_04_05.png,I80.png,80,4,5,1.37,0.482,22.395288467407227,0.03693517800002155,0
I80_05_02.png,/kaggle/working/MDFS/data/KADID/extracted/kadid10k/images/I80_05_02.png,I80.png,80,5,2,3.33,0.907,18.79066276550293,0.03755206099958741,0
I80_05_04.png,/kaggle/working/MDFS/data/KADID/extracted/kadid10k/images/I80_05_04.png,I80.png,80,5,4,3.13,1.129,18.35032844543457,0.03751717599971016,0
I80_06_01.png,/kaggle/working/MDFS/data/KADID/extracted/kadid10k/images/I80_06_01.png,I80.png,80,6,1,4.37,0.706,19.140377044677734,0.03657551800006331,0
I80_06_03.png,/kaggle/working/MDFS/data/KADID/extracted/kadid10k/images/I80_06_03.png,I80.png,80,6,3,4.03,0.706,20.3782901763916,0.036726778999764065,0
I80_06_05.png,/kaggle/working/MDFS/data/KADID/extracted/kadid10k/images/I80_06_05.png,I80.png,80,6,5,2.87,0.991,22.663166046142578,0.034478307999961544,0
I80_07_02.png,/kaggle/working/MDFS/data/KADID/extracted/kadid10k/images/I80_07_02.png,I80.png,80,7,2,2.4,0.879,18.689552307128906,0.037002013999881456,0
I80_07_04.png,/kaggle/working/MDFS/data/KADID/extracted/kadid10k/images/I80_07_04.png,I80.png,80,7,4,2.0,0.775,21.43523406982422,0.03497258500010503,0
I80_08_01.png,/kaggle/working/MDFS/data/KADID/extracted/kadid10k/images/I80_08_01.png,I80.png,80,8,1,4.5,0.619,18.115697860717773,0.03741030099990894,0
I80_08_03.png,/kaggle/working/MDFS/data/KADID/extracted/kadid10k/images/I80_08_03.png,I80.png,80,8,3,2.27,0.964,19.807415008544922,0.03869509600008314,0
I80_08_05.png,/kaggle/working/MDFS/data/KADID/extracted/kadid10k/images/I80_08_05.png,I80.png,80,8,5,1.5,0.719,23.216567993164062,0.037689708000471,0
I80_09_02.png,/kaggle/working/MDFS/data/KADID/extracted/kadid10k/images/I80_09_02.png,I80.png,80,9,2,4.03,0.657,20.475122451782227,0.03786334300002636,0
I80_09_04.png,/kaggle/working/MDFS/data/KADID/extracted/kadid10k/images/I80_09_04.png,I80.png,80,9,4,2.57,0.955,27.872751235961914,0.03741652000007889,0
I80_10_01.png,/kaggle/working/MDFS/data/KADID/extracted/kadid10k/images/I80_10_01.png,I80.png,80,10,1,4.43,0.716,19.82819366455078,0.037542541999755485,0
I80_10_03.png,/kaggle/working/MDFS/data/KADID/extracted/kadid10k/images/I80_10_03.png,I80.png,80,10,3,4.27,0.892,21.693193435668945,0.03661367800032167,0
I80_10_05.png,/kaggle/working/MDFS/data/KADID/extracted/kadid10k/images/I80_10_05.png,I80.png,80,10,5,1.5,0.5,29.752172470092773,0.03462634399966191,0
I80_11_02.png,/kaggle/working/MDFS/data/KADID/extracted/kadid10k/images/I80_11_02.png,I80.png,80,11,2,3.97,0.407,20.72751235961914,0.038011202000234334,0
I80_11_04.png,/kaggle/working/MDFS/data/KADID/extracted/kadid10k/images/I80_11_04.png,I80.png,80,11,4,3.3,0.862,23.58034896850586,0.03787542699956248,0
I80_12_01.png,/kaggle/working/MDFS/data/KADID/extracted/kadid10k/images/I80_12_01.png,I80.png,80,12,1,4.77,0.423,18.468612670898438,0.03777702200022759,0
I80_12_03.png,/kaggle/working/MDFS/data/KADID/extracted/kadid10k/images/I80_12_03.png,I80.png,80,12,3,3.87,0.67,21.270610809326172,0.0368536830001176,0
I80_12_05.png,/kaggle/working/MDFS/data/KADID/extracted/kadid10k/images/I80_12_05.png,I80.png,80,12,5,2.77,0.803,24.499507904052734,0.036778515999685624,0
I80_13_02.png,/kaggle/working/MDFS/data/KADID/extracted/kadid10k/images/I80_13_02.png,I80.png,80,13,2,3.6,1.02,18.966236114501953,0.03752552599962655,0
I80_13_04.png,/kaggle/working/MDFS/data/KADID/extracted/kadid10k/images/I80_13_04.png,I80.png,80,13,4,2.57,0.761,23.144460678100586,0.03793954400043731,0
I80_14_01.png,/kaggle/working/MDFS/data/KADID/extracted/kadid10k/images/I80_14_01.png,I80.png,80,14,1,4.6,0.49,18.18975830078125,0.03808361499977764,0
I80_14_03.png,/kaggle/working/MDFS/data/KADID/extracted/kadid10k/images/I80_14_03.png,I80.png,80,14,3,3.63,0.983,19.955602645874023,0.03755325800011633,0
I80_14_05.png,/kaggle/working/MDFS/data/KADID/extracted/kadid10k/images/I80_14_05.png,I80.png,80,14,5,2.23,0.761,23.597566604614258,0.036702301999866904,0
I80_15_02.png,/kaggle/working/MDFS/data/KADID/extracted/kadid10k/images/I80_15_02.png,I80.png,80,15,2,3.23,1.146,20.99051284790039,0.03687113900014083,0
I80_15_04.png,/kaggle/working/MDFS/data/KADID/extracted/kadid10k/images/I80_15_04.png,I80.png,80,15,4,2.43,0.761,23.343048095703125,0.03635203999965597,0
I80_16_01.png,/kaggle/working/MDFS/data/KADID/extracted/kadid10k/images/I80_16_01.png,I80.png,80,16,1,4.27,0.727,18.10595703125,0.03777891499976249,0
I80_16_03.png,/kaggle/working/MDFS/data/KADID/extracted/kadid10k/images/I80_16_03.png,I80.png,80,16,3,3.57,0.761,18.230817794799805,0.038632225000583276,0
I80_16_05.png,/kaggle/working/MDFS/data/KADID/extracted/kadid10k/images/I80_16_05.png,I80.png,80,16,5,1.43,0.616,22.40105438232422,0.03847752300043794,0
I80_17_02.png,/kaggle/working/MDFS/data/KADID/extracted/kadid10k/images/I80_17_02.png,I80.png,80,17,2,4.43,0.496,18.12073516845703,0.0383191569999326,0
I80_17_04.png,/kaggle/working/MDFS/data/KADID/extracted/kadid10k/images/I80_17_04.png,I80.png,80,17,4,3.03,0.948,18.245216369628906,0.03810985800009803,0
I80_18_01.png,/kaggle/working/MDFS/data/KADID/extracted/kadid10k/images/I80_18_01.png,I80.png,80,18,1,3.83,0.687,18.185625076293945,0.03734799800076871,0
I80_18_03.png,/kaggle/working/MDFS/data/KADID/extracted/kadid10k/images/I80_18_03.png,I80.png,80,18,3,4.5,0.563,18.115697860717773,0.037544312000136415,0
I80_18_05.png,/kaggle/working/MDFS/data/KADID/extracted/kadid10k/images/I80_18_05.png,I80.png,80,18,5,3.77,0.716,18.27499771118164,0.036932736999915505,0
I80_19_02.png,/kaggle/working/MDFS/data/KADID/extracted/kadid10k/images/I80_19_02.png,I80.png,80,19,2,4.2,0.748,17.932947158813477,0.036860053000054904,0
I80_19_04.png,/kaggle/working/MDFS/data/KADID/extracted/kadid10k/images/I80_19_04.png,I80.png,80,19,4,2.23,1.055,20.716243743896484,0.03661695200025861,0
I80_20_01.png,/kaggle/working/MDFS/data/KADID/extracted/kadid10k/images/I80_20_01.png,I80.png,80,20,1,4.43,0.716,18.01205062866211,0.038510609000695695,0
I80_20_03.png,/kaggle/working/MDFS/data/KADID/extracted/kadid10k/images/I80_20_03.png,I80.png,80,20,3,3.77,0.92,17.96360206604004,0.038956188000156544,0
I80_20_05.png,/kaggle/working/MDFS/data/KADID/extracted/kadid10k/images/I80_20_05.png,I80.png,80,20,5,3.47,1.118,17.939332962036133,0.03802751300008822,0
I80_21_02.png,/kaggle/working/MDFS/data/KADID/extracted/kadid10k/images/I80_21_02.png,I80.png,80,21,2,3.5,1.025,18.34025001525879,0.03740369000024657,0
I80_21_04.png,/kaggle/working/MDFS/data/KADID/extracted/kadid10k/images/I80_21_04.png,I80.png,80,21,4,3.23,1.023,19.324411392211914,0.035809175000395044,0
I80_22_01.png,/kaggle/working/MDFS/data/KADID/extracted/kadid10k/images/I80_22_01.png,I80.png,80,22,1,4.5,0.719,18.099205017089844,0.03741955599980429,0
I80_22_03.png,/kaggle/working/MDFS/data/KADID/extracted/kadid10k/images/I80_22_03.png,I80.png,80,22,3,4.33,0.789,18.294614791870117,0.03822146499987866,0
I80_22_05.png,/kaggle/working/MDFS/data/KADID/extracted/kadid10k/images/I80_22_05.png,I80.png,80,22,5,2.97,0.706,18.962854385375977,0.03846477900060563,0
I80_23_02.png,/kaggle/working/MDFS/data/KADID/extracted/kadid10k/images/I80_23_02.png,I80.png,80,23,2,2.37,0.875,18.03451156616211,0.03945152699998289,0
I80_23_04.png,/kaggle/working/MDFS/data/KADID/extracted/kadid10k/images/I80_23_04.png,I80.png,80,23,4,2.23,0.716,18.00340461730957,0.039226910999786924,0
I80_24_01.png,/kaggle/working/MDFS/data/KADID/extracted/kadid10k/images/I80_24_01.png,I80.png,80,24,1,3.3,0.936,19.177488327026367,0.03858775600019726,0
I80_24_03.png,/kaggle/working/MDFS/data/KADID/extracted/kadid10k/images/I80_24_03.png,I80.png,80,24,3,1.97,0.657,21.55963706970215,0.03795183399961388,0
I80_24_05.png,/kaggle/working/MDFS/data/KADID/extracted/kadid10k/images/I80_24_05.png,I80.png,80,24,5,1.43,0.667,26.32737159729004,0.038007035000191536,0
I80_25_02.png,/kaggle/working/MDFS/data/KADID/extracted/kadid10k/images/I80_25_02.png,I80.png,80,25,2,3.27,0.964,18.198762893676758,0.03762429000016709,0
I80_25_04.png,/kaggle/working/MDFS/data/KADID/extracted/kadid10k/images/I80_25_04.png,I80.png,80,25,4,4.27,0.573,18.319190979003906,0.037182863000452926,0
I81_01_01.png,/kaggle/working/MDFS/data/KADID/extracted/kadid10k/images/I81_01_01.png,I81.png,81,1,1,4.67,0.537,17.785478591918945,0.038012758000149915,0
I81_01_03.png,/kaggle/working/MDFS/data/KADID/extracted/kadid10k/images/I81_01_03.png,I81.png,81,1,3,2.9,0.79,20.51015853881836,0.03926726800000324,0
I81_01_05.png,/kaggle/working/MDFS/data/KADID/extracted/kadid10k/images/I81_01_05.png,I81.png,81,1,5,1.2,0.4,40.25117492675781,0.037670265000087966,0
I81_02_02.png,/kaggle/working/MDFS/data/KADID/extracted/kadid10k/images/I81_02_02.png,I81.png,81,2,2,2.57,0.667,22.525300979614258,0.03867803399953118,0
I81_02_04.png,/kaggle/working/MDFS/data/KADID/extracted/kadid10k/images/I81_02_04.png,I81.png,81,2,4,1.33,0.537,34.80462646484375,0.03784509599972807,0
I81_03_01.png,/kaggle/working/MDFS/data/KADID/extracted/kadid10k/images/I81_03_01.png,I81.png,81,3,1,4.8,0.4,17.785478591918945,0.038223820999519376,0
I81_03_03.png,/kaggle/working/MDFS/data/KADID/extracted/kadid10k/images/I81_03_03.png,I81.png,81,3,3,2.6,0.712,20.259418487548828,0.03826487599963002,0
I81_03_05.png,/kaggle/working/MDFS/data/KADID/extracted/kadid10k/images/I81_03_05.png,I81.png,81,3,5,1.53,0.562,22.042200088500977,0.037381189000370796,0
I81_04_02.png,/kaggle/working/MDFS/data/KADID/extracted/kadid10k/images/I81_04_02.png,I81.png,81,4,2,2.83,0.934,18.599592208862305,0.03748043999985384,0
I81_04_04.png,/kaggle/working/MDFS/data/KADID/extracted/kadid10k/images/I81_04_04.png,I81.png,81,4,4,1.37,0.657,20.335800170898438,0.03729461700004322,0
I81_05_01.png,/kaggle/working/MDFS/data/KADID/extracted/kadid10k/images/I81_05_01.png,I81.png,81,5,1,4.33,0.745,18.15846824645996,0.038808287999927416,0
I81_05_03.png,/kaggle/working/MDFS/data/KADID/extracted/kadid10k/images/I81_05_03.png,I81.png,81,5,3,1.37,0.547,18.931928634643555,0.0392080449992136,0
I81_05_05.png,/kaggle/working/MDFS/data/KADID/extracted/kadid10k/images/I81_05_05.png,I81.png,81,5,5,1.37,0.547,18.840717315673828,0.03925540300042485,0
I81_06_02.png,/kaggle/working/MDFS/data/KADID/extracted/kadid10k/images/I81_06_02.png,I81.png,81,6,2,3.1,1.044,21.75979232788086,0.03652485400016303,0
I81_06_04.png,/kaggle/working/MDFS/data/KADID/extracted/kadid10k/images/I81_06_04.png,I81.png,81,6,4,2.47,0.763,23.770549774169922,0.03464744000029896,0
I81_07_01.png,/kaggle/working/MDFS/data/KADID/extracted/kadid10k/images/I81_07_01.png,I81.png,81,7,1,2.53,0.67,18.30764389038086,0.0377964660001453,0
I81_07_03.png,/kaggle/working/MDFS/data/KADID/extracted/kadid10k/images/I81_07_03.png,I81.png,81,7,3,2.4,1.052,19.496557235717773,0.03684747700026492,0
I81_07_05.png,/kaggle/working/MDFS/data/KADID/extracted/kadid10k/images/I81_07_05.png,I81.png,81,7,5,2.1,1.044,19.02225685119629,0.03809287400054018,0
I81_08_02.png,/kaggle/working/MDFS/data/KADID/extracted/kadid10k/images/I81_08_02.png,I81.png,81,8,2,3.17,0.86,18.54001235961914,0.03974265600027138,0
I81_08_04.png,/kaggle/working/MDFS/data/KADID/extracted/kadid10k/images/I81_08_04.png,I81.png,81,8,4,1.2,0.4,21.07199478149414,0.03880103500068799,0
I81_09_01.png,/kaggle/working/MDFS/data/KADID/extracted/kadid10k/images/I81_09_01.png,I81.png,81,9,1,4.71,0.52,17.79329490661621,0.03899302100035129,0
I81_09_03.png,/kaggle/working/MDFS/data/KADID/extracted/kadid10k/images/I81_09_03.png,I81.png,81,9,3,4.37,0.836,19.56295394897461,0.038638625999738,0
I81_09_05.png,/kaggle/working/MDFS/data/KADID/extracted/kadid10k/images/I81_09_05.png,I81.png,81,9,5,1.33,0.471,35.13657760620117,0.03798619200006215,0
I81_10_02.png,/kaggle/working/MDFS/data/KADID/extracted/kadid10k/images/I81_10_02.png,I81.png,81,10,2,3.97,0.706,19.072582244873047,0.037537108999458724,0
I81_10_04.png,/kaggle/working/MDFS/data/KADID/extracted/kadid10k/images/I81_10_04.png,I81.png,81,10,4,1.43,0.559,29.92081069946289,0.034739281999463856,0
I81_11_01.png,/kaggle/working/MDFS/data/KADID/extracted/kadid10k/images/I81_11_01.png,I81.png,81,11,1,3.33,0.943,21.29508399963379,0.035448167999675206,0
I81_11_03.png,/kaggle/working/MDFS/data/KADID/extracted/kadid10k/images/I81_11_03.png,I81.png,81,11,3,2.73,0.727,24.09676742553711,0.03717614400011371,0
I81_11_05.png,/kaggle/working/MDFS/data/KADID/extracted/kadid10k/images/I81_11_05.png,I81.png,81,11,5,2.16,0.723,29.780683517456055,0.03733707900028094,0
I81_12_02.png,/kaggle/working/MDFS/data/KADID/extracted/kadid10k/images/I81_12_02.png,I81.png,81,12,2,3.39,0.748,21.747802734375,0.03664572100024088,0
I81_12_04.png,/kaggle/working/MDFS/data/KADID/extracted/kadid10k/images/I81_12_04.png,I81.png,81,12,4,2.39,0.656,25.818086624145508,0.03598800300005678,0
I81_13_01.png,/kaggle/working/MDFS/data/KADID/extracted/kadid10k/images/I81_13_01.png,I81.png,81,13,1,2.8,0.909,18.064228057861328,0.037596223000036844,0
I81_13_03.png,/kaggle/working/MDFS/data/KADID/extracted/kadid10k/images/I81_13_03.png,I81.png,81,13,3,2.17,0.582,21.411617279052734,0.03766590599934716,0
I81_13_05.png,/kaggle/working/MDFS/data/KADID/extracted/kadid10k/images/I81_13_05.png,I81.png,81,13,5,2.17,0.82,25.010602951049805,0.03770426600021892,0
I81_14_02.png,/kaggle/working/MDFS/data/KADID/extracted/kadid10k/images/I81_14_02.png,I81.png,81,14,2,3.03,0.782,20.618989944458008,0.03782721800052968,0
I81_14_04.png,/kaggle/working/MDFS/data/KADID/extracted/kadid10k/images/I81_14_04.png,I81.png,81,14,4,2.2,0.653,24.47490119934082,0.03694813099991734,0
I81_15_01.png,/kaggle/working/MDFS/data/KADID/extracted/kadid10k/images/I81_15_01.png,I81.png,81,15,1,3.13,0.884,20.26249885559082,0.03918027600047935,0
I81_15_03.png,/kaggle/working/MDFS/data/KADID/extracted/kadid10k/images/I81_15_03.png,I81.png,81,15,3,1.47,0.562,23.401491165161133,0.036937445999683405,0
I81_15_05.png,/kaggle/working/MDFS/data/KADID/extracted/kadid10k/images/I81_15_05.png,I81.png,81,15,5,1.23,0.423,26.847370147705078,0.03589117100000294,0
I81_16_02.png,/kaggle/working/MDFS/data/KADID/extracted/kadid10k/images/I81_16_02.png,I81.png,81,16,2,4.17,0.687,17.807466506958008,0.03850718900048378,0
I81_16_04.png,/kaggle/working/MDFS/data/KADID/extracted/kadid10k/images/I81_16_04.png,I81.png,81,16,4,2.67,0.789,18.36470603942871,0.03851060699980735,0
I81_17_01.png,/kaggle/working/MDFS/data/KADID/extracted/kadid10k/images/I81_17_01.png,I81.png,81,17,1,4.67,0.471,17.779760360717773,0.038943057999858866,0
I81_17_03.png,/kaggle/working/MDFS/data/KADID/extracted/kadid10k/images/I81_17_03.png,I81.png,81,17,3,4.37,0.547,17.805458068847656,0.04011867400004121,0
I81_17_05.png,/kaggle/working/MDFS/data/KADID/extracted/kadid10k/images/I81_17_05.png,I81.png,81,17,5,2.33,0.978,18.83418083190918,0.038562857000215445,0
I81_18_02.png,/kaggle/working/MDFS/data/KADID/extracted/kadid10k/images/I81_18_02.png,I81.png,81,18,2,4.63,0.482,17.813514709472656,0.03927245300019422,0
I81_18_04.png,/kaggle/working/MDFS/data/KADID/extracted/kadid10k/images/I81_18_04.png,I81.png,81,18,4,4.58,0.493,17.93829917907715,0.03931467399979738,0
I81_19_01.png,/kaggle/working/MDFS/data/KADID/extracted/kadid10k/images/I81_19_01.png,I81.png,81,19,1,4.5,0.619,17.751840591430664,0.03919785299967771,0
I81_19_03.png,/kaggle/working/MDFS/data/KADID/extracted/kadid10k/images/I81_19_03.png,I81.png,81,19,3,3.0,0.931,17.955642700195312,0.03699836600026174,0
I81_19_05.png,/kaggle/working/MDFS/data/KADID/extracted/kadid10k/images/I81_19_05.png,I81.png,81,19,5,1.17,0.373,25.008394241333008,0.036369985999954224,0
I81_20_02.png,/kaggle/working/MDFS/data/KADID/extracted/kadid10k/images/I81_20_02.png,I81.png,81,20,2,2.37,0.875,17.666858673095703,0.03834103999997751,0
I81_20_04.png,/kaggle/working/MDFS/data/KADID/extracted/kadid10k/images/I81_20_04.png,I81.png,81,20,4,2.27,0.68,17.586528778076172,0.03820307500063791,0
I81_21_01.png,/kaggle/working/MDFS/data/KADID/extracted/kadid10k/images/I81_21_01.png,I81.png,81,21,1,3.03,0.983,17.769134521484375,0.03734743800032447,0
I81_21_03.png,/kaggle/working/MDFS/data/KADID/extracted/kadid10k/images/I81_21_03.png,I81.png,81,21,3,2.47,0.884,18.34087562561035,0.03842069199981779,0
I81_21_05.png,/kaggle/working/MDFS/data/KADID/extracted/kadid10k/images/I81_21_05.png,I81.png,81,21,5,1.53,0.499,27.075830459594727,0.03630690499994671,0
I81_22_02.png,/kaggle/working/MDFS/data/KADID/extracted/kadid10k/images/I81_22_02.png,I81.png,81,22,2,3.9,0.79,18.575794219970703,0.03644578000057663,0
I81_22_04.png,/kaggle/working/MDFS/data/KADID/extracted/kadid10k/images/I81_22_04.png,I81.png,81,22,4,2.93,0.892,19.107229232788086,0.035209274000408186,0
I81_23_01.png,/kaggle/working/MDFS/data/KADID/extracted/kadid10k/images/I81_23_01.png,I81.png,81,23,1,2.83,1.267,17.709821701049805,0.03734872999939398,0
I81_23_03.png,/kaggle/working/MDFS/data/KADID/extracted/kadid10k/images/I81_23_03.png,I81.png,81,23,3,2.73,0.998,17.684696197509766,0.037502057999518,0
I81_23_05.png,/kaggle/working/MDFS/data/KADID/extracted/kadid10k/images/I81_23_05.png,I81.png,81,23,5,2.13,0.806,17.6859073638916,0.04602315800002543,0
I81_24_02.png,/kaggle/working/MDFS/data/KADID/extracted/kadid10k/images/I81_24_02.png,I81.png,81,24,2,2.73,0.892,18.591148376464844,0.04977357600000687,0
I81_24_04.png,/kaggle/working/MDFS/data/KADID/extracted/kadid10k/images/I81_24_04.png,I81.png,81,24,4,1.67,0.699,21.066417694091797,0.037013891999777115,0
I81_25_01.png,/kaggle/working/MDFS/data/KADID/extracted/kadid10k/images/I81_25_01.png,I81.png,81,25,1,3.33,0.789,18.117511749267578,0.03734103300030256,0
I81_25_03.png,/kaggle/working/MDFS/data/KADID/extracted/kadid10k/images/I81_25_03.png,I81.png,81,25,3,4.3,0.526,17.75484275817871,0.03742805700039753,0
I81_25_05.png,/kaggle/working/MDFS/data/KADID/extracted/kadid10k/images/I81_25_05.png,I81.png,81,25,5,3.27,0.772,18.120990753173828,0.03751802599981602,0
