filename,image_path,reference_image,reference_id,distortion_id,distortion_level,dmos,variance,mdfs_raw_score,runtime_seconds,worker_gpu
I01_01_02.png,/kaggle/working/MDFS/data/KADID/extracted/kadid10k/images/I01_01_02.png,I01.png,1,1,2,4.33,0.869,18.006072998046875,0.5032412640002804,1
I01_01_04.png,/kaggle/working/MDFS/data/KADID/extracted/kadid10k/images/I01_01_04.png,I01.png,1,1,4,1.67,0.596,30.82724380493164,0.05524331800006621,1
I01_02_01.png,/kaggle/working/MDFS/data/KADID/extracted/kadid10k/images/I01_02_01.png,I01.png,1,2,1,3.83,0.86,19.1002140045166,0.0533711680000124,1
I01_02_03.png,/kaggle/working/MDFS/data/KADID/extracted/kadid10k/images/I01_02_03.png,I01.png,1,2,3,1.53,0.67,29.41982078552246,0.05112683700008347,1
I01_02_05.png,/kaggle/working/MDFS/data/KADID/extracted/kadid10k/images/I01_02_05.png,I01.png,1,2,5,1.2,0.4,32.973697662353516,0.050852574000600725,1
I01_03_02.png,/kaggle/working/MDFS/data/KADID/extracted/kadid10k/images/I01_03_02.png,I01.png,1,3,2,3.97,0.657,19.39842987060547,0.05228080699998827,1
I01_03_04.png,/kaggle/working/MDFS/data/KADID/extracted/kadid10k/images/I01_03_04.png,I01.png,1,3,4,2.03,0.795,22.404340744018555,0.038391889999729756,1
I01_04_01.png,/kaggle/working/MDFS/data/KADID/extracted/kadid10k/images/I01_04_01.png,I01.png,1,4,1,4.73,0.512,18.173479080200195,0.037662612000531226,1
I01_04_03.png,/kaggle/working/MDFS/data/KADID/extracted/kadid10k/images/I01_04_03.png,I01.png,1,4,3,1.37,0.547,25.674116134643555,0.03644413700021687,1
I01_04_05.png,/kaggle/working/MDFS/data/KADID/extracted/kadid10k/images/I01_04_05.png,I01.png,1,4,5,1.47,0.806,30.419015884399414,0.0357251740006177,1
I01_05_02.png,/kaggle/working/MDFS/data/KADID/extracted/kadid10k/images/I01_05_02.png,I01.png,1,5,2,2.2,0.909,19.424665451049805,0.039347534999251366,1
I01_05_04.png,/kaggle/working/MDFS/data/KADID/extracted/kadid10k/images/I01_05_04.png,I01.png,1,5,4,1.33,0.537,18.88426971435547,0.038620457999968494,1
I01_06_01.png,/kaggle/working/MDFS/data/KADID/extracted/kadid10k/images/I01_06_01.png,I01.png,1,6,1,4.23,0.761,20.400026321411133,0.0330982719997337,1
I01_06_03.png,/kaggle/working/MDFS/data/KADID/extracted/kadid10k/images/I01_06_03.png,I01.png,1,6,3,3.9,0.943,20.77839469909668,0.03155677599988849,1
I01_06_05.png,/kaggle/working/MDFS/data/KADID/extracted/kadid10k/images/I01_06_05.png,I01.png,1,6,5,2.27,0.929,24.66861915588379,0.03188555799988535,1
I01_07_02.png,/kaggle/working/MDFS/data/KADID/extracted/kadid10k/images/I01_07_02.png,I01.png,1,7,2,2.5,1.025,18.777095794677734,0.036536898000122164,1
I01_07_04.png,/kaggle/working/MDFS/data/KADID/extracted/kadid10k/images/I01_07_04.png,I01.png,1,7,4,2.47,1.147,21.518674850463867,0.035916150999582896,1
I01_08_01.png,/kaggle/working/MDFS/data/KADID/extracted/kadid10k/images/I01_08_01.png,I01.png,1,8,1,4.7,0.458,18.34130096435547,0.038904046999959974,1
I01_08_03.png,/kaggle/working/MDFS/data/KADID/extracted/kadid10k/images/I01_08_03.png,I01.png,1,8,3,2.73,1.062,22.26741600036621,0.035800861999632616,1
I01_08_05.png,/kaggle/working/MDFS/data/KADID/extracted/kadid10k/images/I01_08_05.png,I01.png,1,8,5,1.67,0.699,26.97159194946289,0.03443261499978689,1
I01_09_02.png,/kaggle/working/MDFS/data/KADID/extracted/kadid10k/images/I01_09_02.png,I01.png,1,9,2,4.67,0.537,19.066198348999023,0.03768184900036431,1
I01_09_04.png,/kaggle/working/MDFS/data/KADID/extracted/kadid10k/images/I01_09_04.png,I01.png,1,9,4,2.9,1.044,25.672197341918945,0.036336393999590655,1
I01_10_01.png,/kaggle/working/MDFS/data/KADID/extracted/kadid10k/images/I01_10_01.png,I01.png,1,10,1,4.37,0.657,19.7692928314209,0.03507266100041306,1
I01_10_03.png,/kaggle/working/MDFS/data/KADID/extracted/kadid10k/images/I01_10_03.png,I01.png,1,10,3,3.77,0.803,21.39043426513672,0.035303270000440534,1
I01_10_05.png,/kaggle/working/MDFS/data/KADID/extracted/kadid10k/images/I01_10_05.png,I01.png,1,10,5,1.17,0.373,31.03376007080078,0.032064533999800915,1
I01_11_02.png,/kaggle/working/MDFS/data/KADID/extracted/kadid10k/images/I01_11_02.png,I01.png,1,11,2,3.27,0.814,22.376935958862305,0.03419617100007599,1
I01_11_04.png,/kaggle/working/MDFS/data/KADID/extracted/kadid10k/images/I01_11_04.png,I01.png,1,11,4,2.27,0.772,25.538833618164062,0.03517717300019285,1
I01_12_01.png,/kaggle/working/MDFS/data/KADID/extracted/kadid10k/images/I01_12_01.png,I01.png,1,12,1,4.43,0.559,19.742145538330078,0.03503442100009124,1
I01_12_03.png,/kaggle/working/MDFS/data/KADID/extracted/kadid10k/images/I01_12_03.png,I01.png,1,12,3,2.77,0.883,22.976978302001953,0.035292855000079726,1
I01_12_05.png,/kaggle/working/MDFS/data/KADID/extracted/kadid10k/images/I01_12_05.png,I01.png,1,12,5,1.97,0.547,27.29277229309082,0.03461498200067581,1
I01_13_02.png,/kaggle/working/MDFS/data/KADID/extracted/kadid10k/images/I01_13_02.png,I01.png,1,13,2,2.87,1.087,19.384660720825195,0.03650051499971596,1
I01_13_04.png,/kaggle/working/MDFS/data/KADID/extracted/kadid10k/images/I01_13_04.png,I01.png,1,13,4,2.07,0.727,23.852916717529297,0.035894741999982216,1
I01_14_01.png,/kaggle/working/MDFS/data/KADID/extracted/kadid10k/images/I01_14_01.png,I01.png,1,14,1,4.57,0.616,18.89773178100586,0.03542111000024306,1
I01_14_03.png,/kaggle/working/MDFS/data/KADID/extracted/kadid10k/images/I01_14_03.png,I01.png,1,14,3,3.13,0.846,20.888111114501953,0.03444385999955557,1
I01_14_05.png,/kaggle/working/MDFS/data/KADID/extracted/kadid10k/images/I01_14_05.png,I01.png,1,14,5,2.27,0.68,24.071619033813477,0.035304405999340815,1
I01_15_02.png,/kaggle/working/MDFS/data/KADID/extracted/kadid10k/images/I01_15_02.png,I01.png,1,15,2,2.63,0.912,22.80103874206543,0.03534390999993775,1
I01_15_04.png,/kaggle/working/MDFS/data/KADID/extracted/kadid10k/images/I01_15_04.png,I01.png,1,15,4,1.4,0.49,25.253211975097656,0.03510447499957081,1
I01_16_01.png,/kaggle/working/MDFS/data/KADID/extracted/kadid10k/images/I01_16_01.png,I01.png,1,16,1,4.37,0.547,18.368318557739258,0.03656081400004041,1
I01_16_03.png,/kaggle/working/MDFS/data/KADID/extracted/kadid10k/images/I01_16_03.png,I01.png,1,16,3,3.94,0.504,18.430456161499023,0.03703980399950524,1
I01_16_05.png,/kaggle/working/MDFS/data/KADID/extracted/kadid10k/images/I01_16_05.png,I01.png,1,16,5,2.18,0.796,20.51348304748535,0.035595295000348415,1
I01_17_02.png,/kaggle/working/MDFS/data/KADID/extracted/kadid10k/images/I01_17_02.png,I01.png,1,17,2,4.57,0.496,18.31285858154297,0.036256082999898354,1
I01_17_04.png,/kaggle/working/MDFS/data/KADID/extracted/kadid10k/images/I01_17_04.png,I01.png,1,17,4,3.4,0.879,18.436574935913086,0.0365531600000395,1
I01_18_01.png,/kaggle/working/MDFS/data/KADID/extracted/kadid10k/images/I01_18_01.png,I01.png,1,18,1,4.5,0.5,18.621248245239258,0.036272828999244666,1
I01_18_03.png,/kaggle/working/MDFS/data/KADID/extracted/kadid10k/images/I01_18_03.png,I01.png,1,18,3,4.57,0.496,18.34130096435547,0.036537326999678044,1
I01_18_05.png,/kaggle/working/MDFS/data/KADID/extracted/kadid10k/images/I01_18_05.png,I01.png,1,18,5,3.97,0.657,19.267780303955078,0.03747094400023343,1
I01_19_02.png,/kaggle/working/MDFS/data/KADID/extracted/kadid10k/images/I01_19_02.png,I01.png,1,19,2,3.93,0.727,17.86689567565918,0.03718302600009338,1
I01_19_04.png,/kaggle/working/MDFS/data/KADID/extracted/kadid10k/images/I01_19_04.png,I01.png,1,19,4,1.53,0.562,19.707128524780273,0.033420641000702744,1
I01_20_01.png,/kaggle/working/MDFS/data/KADID/extracted/kadid10k/images/I01_20_01.png,I01.png,1,20,1,4.53,0.67,18.250097274780273,0.03633377899950574,1
I01_20_03.png,/kaggle/working/MDFS/data/KADID/extracted/kadid10k/images/I01_20_03.png,I01.png,1,20,3,4.0,0.966,18.13102912902832,0.03626387300028,1
I01_20_05.png,/kaggle/working/MDFS/data/KADID/extracted/kadid10k/images/I01_20_05.png,I01.png,1,20,5,3.23,1.542,18.101238250732422,0.03667180499996903,1
I01_21_02.png,/kaggle/working/MDFS/data/KADID/extracted/kadid10k/images/I01_21_02.png,I01.png,1,21,2,2.57,0.883,18.154998779296875,0.03493921200060868,1
I01_21_04.png,/kaggle/working/MDFS/data/KADID/extracted/kadid10k/images/I01_21_04.png,I01.png,1,21,4,2.13,0.884,18.89759635925293,0.033099227999628056,1
I01_22_01.png,/kaggle/working/MDFS/data/KADID/extracted/kadid10k/images/I01_22_01.png,I01.png,1,22,1,4.63,0.605,18.97530746459961,0.03388727800029301,1
I01_22_03.png,/kaggle/working/MDFS/data/KADID/extracted/kadid10k/images/I01_22_03.png,I01.png,1,22,3,4.0,0.931,19.299489974975586,0.033592341000257875,1
I01_22_05.png,/kaggle/working/MDFS/data/KADID/extracted/kadid10k/images/I01_22_05.png,I01.png,1,22,5,2.2,0.909,21.681121826171875,0.03184523699928832,1
I01_23_02.png,/kaggle/working/MDFS/data/KADID/extracted/kadid10k/images/I01_23_02.png,I01.png,1,23,2,2.17,0.86,18.181659698486328,0.03694061499936652,1
I01_23_04.png,/kaggle/working/MDFS/data/KADID/extracted/kadid10k/images/I01_23_04.png,I01.png,1,23,4,2.37,1.197,18.219173431396484,0.03631971999948291,1
I01_24_01.png,/kaggle/working/MDFS/data/KADID/extracted/kadid10k/images/I01_24_01.png,I01.png,1,24,1,3.57,0.92,19.150712966918945,0.03615409600024577,1
I01_24_03.png,/kaggle/working/MDFS/data/KADID/extracted/kadid10k/images/I01_24_03.png,I01.png,1,24,3,1.87,0.67,20.802257537841797,0.035523050999472616,1
I01_24_05.png,/kaggle/working/MDFS/data/KADID/extracted/kadid10k/images/I01_24_05.png,I01.png,1,24,5,1.4,0.554,24.567956924438477,0.03595773699998972,1
I01_25_02.png,/kaggle/working/MDFS/data/KADID/extracted/kadid10k/images/I01_25_02.png,I01.png,1,25,2,3.87,0.806,18.844104766845703,0.03707340999972075,1
I01_25_04.png,/kaggle/working/MDFS/data/KADID/extracted/kadid10k/images/I01_25_04.png,I01.png,1,25,4,4.17,0.582,18.356300354003906,0.0379361040004369,1
I02_01_01.png,/kaggle/working/MDFS/data/KADID/extracted/kadid10k/images/I02_01_01.png,I02.png,2,1,1,4.5,0.719,17.10614013671875,0.03604248300052859,1
I02_01_03.png,/kaggle/working/MDFS/data/KADID/extracted/kadid10k/images/I02_01_03.png,I02.png,2,1,3,2.07,0.772,20.620189666748047,0.037506673999814666,1
I02_01_05.png,/kaggle/working/MDFS/data/KADID/extracted/kadid10k/images/I02_01_05.png,I02.png,2,1,5,1.27,0.512,38.71295928955078,0.03568560100029572,1
I02_02_02.png,/kaggle/working/MDFS/data/KADID/extracted/kadid10k/images/I02_02_02.png,I02.png,2,2,2,2.27,0.854,22.36724281311035,0.036362148999614874,1
I02_02_04.png,/kaggle/working/MDFS/data/KADID/extracted/kadid10k/images/I02_02_04.png,I02.png,2,2,4,1.17,0.373,26.421201705932617,0.035819604000607796,1
I02_03_01.png,/kaggle/working/MDFS/data/KADID/extracted/kadid10k/images/I02_03_01.png,I02.png,2,3,1,4.6,0.554,17.10614013671875,0.03534154499993747,1
I02_03_03.png,/kaggle/working/MDFS/data/KADID/extracted/kadid10k/images/I02_03_03.png,I02.png,2,3,3,2.33,0.699,21.521713256835938,0.034677470000133326,1
I02_03_05.png,/kaggle/working/MDFS/data/KADID/extracted/kadid10k/images/I02_03_05.png,I02.png,2,3,5,1.2,0.4,22.676856994628906,0.036585145000572084,1
I02_04_02.png,/kaggle/working/MDFS/data/KADID/extracted/kadid10k/images/I02_04_02.png,I02.png,2,4,2,2.67,0.869,18.19407844543457,0.03570510300050955,1
I02_04_04.png,/kaggle/working/MDFS/data/KADID/extracted/kadid10k/images/I02_04_04.png,I02.png,2,4,4,1.77,0.716,19.141761779785156,0.036089510999772756,1
I02_05_01.png,/kaggle/working/MDFS/data/KADID/extracted/kadid10k/images/I02_05_01.png,I02.png,2,5,1,3.77,0.761,17.79616355895996,0.05024557800061302,1
I02_05_03.png,/kaggle/working/MDFS/data/KADID/extracted/kadid10k/images/I02_05_03.png,I02.png,2,5,3,1.33,0.471,18.672306060791016,0.042871785999523127,1
I02_05_05.png,/kaggle/working/MDFS/data/KADID/extracted/kadid10k/images/I02_05_05.png,I02.png,2,5,5,1.47,0.562,18.214292526245117,0.036820578000515525,1
I02_06_02.png,/kaggle/working/MDFS/data/KADID/extracted/kadid10k/images/I02_06_02.png,I02.png,2,6,2,4.07,0.727,18.08234214782715,0.03420050499971694,1
I02_06_04.png,/kaggle/working/MDFS/data/KADID/extracted/kadid10k/images/I02_06_04.png,I02.png,2,6,4,3.7,0.936,20.03193473815918,0.032605415000034554,1
I02_07_01.png,/kaggle/working/MDFS/data/KADID/extracted/kadid10k/images/I02_07_01.png,I02.png,2,7,1,2.47,1.087,18.12860107421875,0.04238715399969806,1
I02_07_03.png,/kaggle/working/MDFS/data/KADID/extracted/kadid10k/images/I02_07_03.png,I02.png,2,7,3,2.06,1.045,19.37726593017578,0.045970838999892294,1
I02_07_05.png,/kaggle/working/MDFS/data/KADID/extracted/kadid10k/images/I02_07_05.png,I02.png,2,7,5,1.53,0.763,19.03602409362793,0.04148475399961171,1
I02_08_02.png,/kaggle/working/MDFS/data/KADID/extracted/kadid10k/images/I02_08_02.png,I02.png,2,8,2,3.4,0.879,17.432296752929688,0.05065055100021709,1
I02_08_04.png,/kaggle/working/MDFS/data/KADID/extracted/kadid10k/images/I02_08_04.png,I02.png,2,8,4,1.97,0.912,19.380666732788086,0.03953727199950663,1
I02_09_01.png,/kaggle/working/MDFS/data/KADID/extracted/kadid10k/images/I02_09_01.png,I02.png,2,9,1,4.57,0.716,19.476364135742188,0.03702785899986338,1
I02_09_03.png,/kaggle/working/MDFS/data/KADID/extracted/kadid10k/images/I02_09_03.png,I02.png,2,9,3,3.07,1.123,24.82659912109375,0.03785225699994044,1
I02_09_05.png,/kaggle/working/MDFS/data/KADID/extracted/kadid10k/images/I02_09_05.png,I02.png,2,9,5,1.27,0.442,36.28782272338867,0.03720620300009614,1
I02_10_02.png,/kaggle/working/MDFS/data/KADID/extracted/kadid10k/images/I02_10_02.png,I02.png,2,10,2,4.33,0.596,18.893455505371094,0.03728154199961864,1
I02_10_04.png,/kaggle/working/MDFS/data/KADID/extracted/kadid10k/images/I02_10_04.png,I02.png,2,10,4,2.6,1.281,28.26523208618164,0.035553210000216495,1
I02_11_01.png,/kaggle/working/MDFS/data/KADID/extracted/kadid10k/images/I02_11_01.png,I02.png,2,11,1,4.27,0.929,18.155920028686523,0.03420237399950565,1
I02_11_03.png,/kaggle/working/MDFS/data/KADID/extracted/kadid10k/images/I02_11_03.png,I02.png,2,11,3,3.4,0.841,19.678754806518555,0.03521199599981628,1
I02_11_05.png,/kaggle/working/MDFS/data/KADID/extracted/kadid10k/images/I02_11_05.png,I02.png,2,11,5,2.3,0.69,24.105676651000977,0.03680650299975241,1
I02_12_02.png,/kaggle/working/MDFS/data/KADID/extracted/kadid10k/images/I02_12_02.png,I02.png,2,12,2,4.06,0.84,18.498958587646484,0.044122849999439495,1
I02_12_04.png,/kaggle/working/MDFS/data/KADID/extracted/kadid10k/images/I02_12_04.png,I02.png,2,12,4,2.6,0.8,21.28857421875,0.03484355000000505,1
I02_13_01.png,/kaggle/working/MDFS/data/KADID/extracted/kadid10k/images/I02_13_01.png,I02.png,2,13,1,4.2,0.702,17.150758743286133,0.03842525699928956,1
I02_13_03.png,/kaggle/working/MDFS/data/KADID/extracted/kadid10k/images/I02_13_03.png,I02.png,2,13,3,2.73,0.892,18.7843074798584,0.035556527999688115,1
I02_13_05.png,/kaggle/working/MDFS/data/KADID/extracted/kadid10k/images/I02_13_05.png,I02.png,2,13,5,1.97,0.547,23.13323211669922,0.03486893199988117,1
I02_14_02.png,/kaggle/working/MDFS/data/KADID/extracted/kadid10k/images/I02_14_02.png,I02.png,2,14,2,3.37,0.836,18.117916107177734,0.03549692900014634,1
I02_14_04.png,/kaggle/working/MDFS/data/KADID/extracted/kadid10k/images/I02_14_04.png,I02.png,2,14,4,2.33,0.869,19.5159912109375,0.03503803300009167,1
I02_15_01.png,/kaggle/working/MDFS/data/KADID/extracted/kadid10k/images/I02_15_01.png,I02.png,2,15,1,3.57,0.883,18.473827362060547,0.038027472000067064,1
I02_15_03.png,/kaggle/working/MDFS/data/KADID/extracted/kadid10k/images/I02_15_03.png,I02.png,2,15,3,2.03,0.795,21.90864372253418,0.03818791699995927,1
I02_15_05.png,/kaggle/working/MDFS/data/KADID/extracted/kadid10k/images/I02_15_05.png,I02.png,2,15,5,1.5,0.671,25.533451080322266,0.03498842099998001,1
I02_16_02.png,/kaggle/working/MDFS/data/KADID/extracted/kadid10k/images/I02_16_02.png,I02.png,2,16,2,4.4,0.554,17.182838439941406,0.03591361600047094,1
I02_16_04.png,/kaggle/working/MDFS/data/KADID/extracted/kadid10k/images/I02_16_04.png,I02.png,2,16,4,2.9,0.907,18.477664947509766,0.03497868999966158,1
I02_17_01.png,/kaggle/working/MDFS/data/KADID/extracted/kadid10k/images/I02_17_01.png,I02.png,2,17,1,4.5,0.5,17.093128204345703,0.034622751999449974,1
I02_17_03.png,/kaggle/working/MDFS/data/KADID/extracted/kadid10k/images/I02_17_03.png,I02.png,2,17,3,4.33,0.596,17.136978149414062,0.03491498600033083,1
I02_17_05.png,/kaggle/working/MDFS/data/KADID/extracted/kadid10k/images/I02_17_05.png,I02.png,2,17,5,1.9,0.79,19.550384521484375,0.034042547999888484,1
I02_18_02.png,/kaggle/working/MDFS/data/KADID/extracted/kadid10k/images/I02_18_02.png,I02.png,2,18,2,4.63,0.547,17.297988891601562,0.035008660000130476,1
I02_18_04.png,/kaggle/working/MDFS/data/KADID/extracted/kadid10k/images/I02_18_04.png,I02.png,2,18,4,4.33,0.537,17.355300903320312,0.034157430999584903,1
I02_19_01.png,/kaggle/working/MDFS/data/KADID/extracted/kadid10k/images/I02_19_01.png,I02.png,2,19,1,4.17,0.778,17.004732131958008,0.035268091000034474,1
I02_19_03.png,/kaggle/working/MDFS/data/KADID/extracted/kadid10k/images/I02_19_03.png,I02.png,2,19,3,3.23,0.955,16.90336799621582,0.03463928200017108,1
I02_19_05.png,/kaggle/working/MDFS/data/KADID/extracted/kadid10k/images/I02_19_05.png,I02.png,2,19,5,1.3,0.458,23.783794403076172,0.033690750999994634,1
I02_20_02.png,/kaggle/working/MDFS/data/KADID/extracted/kadid10k/images/I02_20_02.png,I02.png,2,20,2,4.47,0.618,17.0754337310791,0.03503283400004875,1
I02_20_04.png,/kaggle/working/MDFS/data/KADID/extracted/kadid10k/images/I02_20_04.png,I02.png,2,20,4,3.83,0.898,16.984783172607422,0.03612503200020001,1
I02_21_01.png,/kaggle/working/MDFS/data/KADID/extracted/kadid10k/images/I02_21_01.png,I02.png,2,21,1,4.2,1.046,16.935169219970703,0.03642362399932608,1
I02_21_03.png,/kaggle/working/MDFS/data/KADID/extracted/kadid10k/images/I02_21_03.png,I02.png,2,21,3,3.13,1.118,17.63116455078125,0.036015636999763956,1
I02_21_05.png,/kaggle/working/MDFS/data/KADID/extracted/kadid10k/images/I02_21_05.png,I02.png,2,21,5,1.37,0.547,31.3301944732666,0.03180479499951616,1
I02_22_02.png,/kaggle/working/MDFS/data/KADID/extracted/kadid10k/images/I02_22_02.png,I02.png,2,22,2,4.26,0.879,17.4201602935791,0.036644824999712,1
I02_22_04.png,/kaggle/working/MDFS/data/KADID/extracted/kadid10k/images/I02_22_04.png,I02.png,2,22,4,3.93,0.929,17.863191604614258,0.0362957750003261,1
I02_23_01.png,/kaggle/working/MDFS/data/KADID/extracted/kadid10k/images/I02_23_01.png,I02.png,2,23,1,2.1,0.907,17.04246711730957,0.036213598000358616,1
I02_23_03.png,/kaggle/working/MDFS/data/KADID/extracted/kadid10k/images/I02_23_03.png,I02.png,2,23,3,2.27,0.998,17.072092056274414,0.03623210899968399,1
I02_23_05.png,/kaggle/working/MDFS/data/KADID/extracted/kadid10k/images/I02_23_05.png,I02.png,2,23,5,2.07,0.772,17.02581787109375,0.036242981999748736,1
I02_24_02.png,/kaggle/working/MDFS/data/KADID/extracted/kadid10k/images/I02_24_02.png,I02.png,2,24,2,1.93,0.68,21.707839965820312,0.03617995899912785,1
I02_24_04.png,/kaggle/working/MDFS/data/KADID/extracted/kadid10k/images/I02_24_04.png,I02.png,2,24,4,1.23,0.423,25.37611198425293,0.034749993999867,1
I02_25_01.png,/kaggle/working/MDFS/data/KADID/extracted/kadid10k/images/I02_25_01.png,I02.png,2,25,1,3.37,0.795,18.329072952270508,0.03532529399944906,1
I02_25_03.png,/kaggle/working/MDFS/data/KADID/extracted/kadid10k/images/I02_25_03.png,I02.png,2,25,3,4.27,0.512,17.191082000732422,0.035705128000699915,1
I02_25_05.png,/kaggle/working/MDFS/data/KADID/extracted/kadid10k/images/I02_25_05.png,I02.png,2,25,5,3.33,0.699,17.287689208984375,0.03584273300020868,1
I03_01_02.png,/kaggle/working/MDFS/data/KADID/extracted/kadid10k/images/I03_01_02.png,I03.png,3,1,2,4.63,0.482,18.677228927612305,0.03726535000078002,1
I03_01_04.png,/kaggle/working/MDFS/data/KADID/extracted/kadid10k/images/I03_01_04.png,I03.png,3,1,4,1.83,0.637,28.8972225189209,0.03677788100048929,1
I03_02_01.png,/kaggle/working/MDFS/data/KADID/extracted/kadid10k/images/I03_02_01.png,I03.png,3,2,1,4.03,0.836,19.430917739868164,0.037453476000337105,1
I03_02_03.png,/kaggle/working/MDFS/data/KADID/extracted/kadid10k/images/I03_02_03.png,I03.png,3,2,3,1.7,0.64,27.09589195251465,0.036364951999530604,1
I03_02_05.png,/kaggle/working/MDFS/data/KADID/extracted/kadid10k/images/I03_02_05.png,I03.png,3,2,5,1.23,0.496,32.069122314453125,0.03570051099995908,1
I03_03_02.png,/kaggle/working/MDFS/data/KADID/extracted/kadid10k/images/I03_03_02.png,I03.png,3,3,2,4.37,0.706,18.956140518188477,0.037581946000500466,1
I03_03_04.png,/kaggle/working/MDFS/data/KADID/extracted/kadid10k/images/I03_03_04.png,I03.png,3,3,4,2.23,0.716,22.59711265563965,0.03618736200041894,1
I03_04_01.png,/kaggle/working/MDFS/data/KADID/extracted/kadid10k/images/I03_04_01.png,I03.png,3,4,1,4.6,0.49,19.295053482055664,0.035232827000072575,1
I03_04_03.png,/kaggle/working/MDFS/data/KADID/extracted/kadid10k/images/I03_04_03.png,I03.png,3,4,3,1.53,0.718,22.258338928222656,0.034855881000112277,1
I03_04_05.png,/kaggle/working/MDFS/data/KADID/extracted/kadid10k/images/I03_04_05.png,I03.png,3,4,5,1.1,0.3,23.782546997070312,0.0346934239996699,1
I03_05_02.png,/kaggle/working/MDFS/data/KADID/extracted/kadid10k/images/I03_05_02.png,I03.png,3,5,2,2.65,0.785,20.508766174316406,0.036148103999948944,1
I03_05_04.png,/kaggle/working/MDFS/data/KADID/extracted/kadid10k/images/I03_05_04.png,I03.png,3,5,4,1.87,0.718,19.792564392089844,0.03673798500039993,1
I03_06_01.png,/kaggle/working/MDFS/data/KADID/extracted/kadid10k/images/I03_06_01.png,I03.png,3,6,1,4.0,0.856,21.326936721801758,0.03372900300018955,1
I03_06_03.png,/kaggle/working/MDFS/data/KADID/extracted/kadid10k/images/I03_06_03.png,I03.png,3,6,3,3.33,1.011,21.456945419311523,0.034173674000157916,1
I03_06_05.png,/kaggle/working/MDFS/data/KADID/extracted/kadid10k/images/I03_06_05.png,I03.png,3,6,5,1.77,0.667,24.013721466064453,0.03195253600006254,1
I03_07_02.png,/kaggle/working/MDFS/data/KADID/extracted/kadid10k/images/I03_07_02.png,I03.png,3,7,2,1.67,0.83,20.254749298095703,0.03629750399977638,1
I03_07_04.png,/kaggle/working/MDFS/data/KADID/extracted/kadid10k/images/I03_07_04.png,I03.png,3,7,4,1.53,0.67,24.207141876220703,0.035380373999942094,1
I03_08_01.png,/kaggle/working/MDFS/data/KADID/extracted/kadid10k/images/I03_08_01.png,I03.png,3,8,1,4.53,0.562,19.316518783569336,0.03708633599944733,1
I03_08_03.png,/kaggle/working/MDFS/data/KADID/extracted/kadid10k/images/I03_08_03.png,I03.png,3,8,3,2.47,0.957,22.738412857055664,0.036131572000158485,1
I03_08_05.png,/kaggle/working/MDFS/data/KADID/extracted/kadid10k/images/I03_08_05.png,I03.png,3,8,5,1.23,0.496,27.60857391357422,0.03456527900016226,1
I03_09_02.png,/kaggle/working/MDFS/data/KADID/extracted/kadid10k/images/I03_09_02.png,I03.png,3,9,2,3.6,0.987,21.564735412597656,0.03724501000033342,1
I03_09_04.png,/kaggle/working/MDFS/data/KADID/extracted/kadid10k/images/I03_09_04.png,I03.png,3,9,4,1.77,0.616,29.69045639038086,0.03726989999995567,1
I03_10_01.png,/kaggle/working/MDFS/data/KADID/extracted/kadid10k/images/I03_10_01.png,I03.png,3,10,1,4.47,0.67,19.533349990844727,0.03712603999974817,1
I03_10_03.png,/kaggle/working/MDFS/data/KADID/extracted/kadid10k/images/I03_10_03.png,I03.png,3,10,3,3.7,1.005,20.324722290039062,0.037160264000704046,1
I03_10_05.png,/kaggle/working/MDFS/data/KADID/extracted/kadid10k/images/I03_10_05.png,I03.png,3,10,5,1.53,0.718,30.22578239440918,0.03453936799996882,1
I03_11_02.png,/kaggle/working/MDFS/data/KADID/extracted/kadid10k/images/I03_11_02.png,I03.png,3,11,2,3.6,0.757,21.682697296142578,0.03392503399936686,1
I03_11_04.png,/kaggle/working/MDFS/data/KADID/extracted/kadid10k/images/I03_11_04.png,I03.png,3,11,4,2.93,0.929,23.30826187133789,0.035160575000190875,1
I03_12_01.png,/kaggle/working/MDFS/data/KADID/extracted/kadid10k/images/I03_12_01.png,I03.png,3,12,1,4.57,0.496,20.152454376220703,0.03534042100000079,1
I03_12_03.png,/kaggle/working/MDFS/data/KADID/extracted/kadid10k/images/I03_12_03.png,I03.png,3,12,3,3.17,0.734,21.83810043334961,0.034686988000430574,1
I03_12_05.png,/kaggle/working/MDFS/data/KADID/extracted/kadid10k/images/I03_12_05.png,I03.png,3,12,5,2.6,0.917,24.21849822998047,0.035123305999150034,1
I03_13_02.png,/kaggle/working/MDFS/data/KADID/extracted/kadid10k/images/I03_13_02.png,I03.png,3,13,2,3.57,0.989,19.77199935913086,0.03793156300071132,1
I03_13_04.png,/kaggle/working/MDFS/data/KADID/extracted/kadid10k/images/I03_13_04.png,I03.png,3,13,4,2.3,0.823,21.90472984313965,0.03720079100003204,1
I03_14_01.png,/kaggle/working/MDFS/data/KADID/extracted/kadid10k/images/I03_14_01.png,I03.png,3,14,1,4.4,0.554,20.010669708251953,0.03509077499984414,1
I03_14_03.png,/kaggle/working/MDFS/data/KADID/extracted/kadid10k/images/I03_14_03.png,I03.png,3,14,3,3.03,0.948,21.32723045349121,0.034094399999958114,1
I03_14_05.png,/kaggle/working/MDFS/data/KADID/extracted/kadid10k/images/I03_14_05.png,I03.png,3,14,5,2.17,0.582,25.272180557250977,0.034671203000470996,1
I03_15_02.png,/kaggle/working/MDFS/data/KADID/extracted/kadid10k/images/I03_15_02.png,I03.png,3,15,2,3.3,1.038,20.677221298217773,0.03779305399984878,1
I03_15_04.png,/kaggle/working/MDFS/data/KADID/extracted/kadid10k/images/I03_15_04.png,I03.png,3,15,4,1.9,0.597,21.801433563232422,0.035542996999538445,1
I03_16_01.png,/kaggle/working/MDFS/data/KADID/extracted/kadid10k/images/I03_16_01.png,I03.png,3,16,1,4.37,0.482,19.345989227294922,0.04008078500010015,1
I03_16_03.png,/kaggle/working/MDFS/data/KADID/extracted/kadid10k/images/I03_16_03.png,I03.png,3,16,3,2.87,0.991,19.543912887573242,0.03964741999971011,1
I03_16_05.png,/kaggle/working/MDFS/data/KADID/extracted/kadid10k/images/I03_16_05.png,I03.png,3,16,5,1.4,0.554,22.989004135131836,0.036529807999613695,1
I03_17_02.png,/kaggle/working/MDFS/data/KADID/extracted/kadid10k/images/I03_17_02.png,I03.png,3,17,2,4.63,0.547,19.325416564941406,0.036119784000220534,1
I03_17_04.png,/kaggle/working/MDFS/data/KADID/extracted/kadid10k/images/I03_17_04.png,I03.png,3,17,4,3.67,0.745,19.468456268310547,0.03675392900004226,1
I03_18_01.png,/kaggle/working/MDFS/data/KADID/extracted/kadid10k/images/I03_18_01.png,I03.png,3,18,1,4.23,0.716,19.91727066040039,0.036774945000615844,1
I03_18_03.png,/kaggle/working/MDFS/data/KADID/extracted/kadid10k/images/I03_18_03.png,I03.png,3,18,3,4.5,0.619,19.316518783569336,0.03586816099959833,1
I03_18_05.png,/kaggle/working/MDFS/data/KADID/extracted/kadid10k/images/I03_18_05.png,I03.png,3,18,5,4.2,0.653,19.593835830688477,0.03643229999943287,1
I03_19_02.png,/kaggle/working/MDFS/data/KADID/extracted/kadid10k/images/I03_19_02.png,I03.png,3,19,2,3.33,0.699,18.6398983001709,0.03554700699987734,1
I03_19_04.png,/kaggle/working/MDFS/data/KADID/extracted/kadid10k/images/I03_19_04.png,I03.png,3,19,4,1.77,0.667,21.0029296875,0.03494834399953106,1
I03_20_01.png,/kaggle/working/MDFS/data/KADID/extracted/kadid10k/images/I03_20_01.png,I03.png,3,20,1,4.37,0.912,19.267580032348633,0.037091158000293944,1
I03_20_03.png,/kaggle/working/MDFS/data/KADID/extracted/kadid10k/images/I03_20_03.png,I03.png,3,20,3,4.23,0.716,19.135652542114258,0.03654175999963627,1
I03_20_05.png,/kaggle/working/MDFS/data/KADID/extracted/kadid10k/images/I03_20_05.png,I03.png,3,20,5,3.63,1.016,18.998519897460938,0.03673807700033649,1
I03_21_02.png,/kaggle/working/MDFS/data/KADID/extracted/kadid10k/images/I03_21_02.png,I03.png,3,21,2,2.8,0.945,19.1716251373291,0.03583867500037741,1
I03_21_04.png,/kaggle/working/MDFS/data/KADID/extracted/kadid10k/images/I03_21_04.png,I03.png,3,21,4,2.87,0.806,20.070154190063477,0.03455165700052021,1
I03_22_01.png,/kaggle/working/MDFS/data/KADID/extracted/kadid10k/images/I03_22_01.png,I03.png,3,22,1,4.4,0.757,19.664247512817383,0.036341656999866245,1
I03_22_03.png,/kaggle/working/MDFS/data/KADID/extracted/kadid10k/images/I03_22_03.png,I03.png,3,22,3,4.23,0.844,19.58742904663086,0.037445554999976594,1
I03_22_05.png,/kaggle/working/MDFS/data/KADID/extracted/kadid10k/images/I03_22_05.png,I03.png,3,22,5,4.0,0.683,19.97209358215332,0.03417698900011601,1
I03_23_02.png,/kaggle/working/MDFS/data/KADID/extracted/kadid10k/images/I03_23_02.png,I03.png,3,23,2,2.3,0.862,19.296911239624023,0.03705559500031086,1
I03_23_04.png,/kaggle/working/MDFS/data/KADID/extracted/kadid10k/images/I03_23_04.png,I03.png,3,23,4,2.1,0.79,19.185161590576172,0.03788213299958443,1
I03_24_01.png,/kaggle/working/MDFS/data/KADID/extracted/kadid10k/images/I03_24_01.png,I03.png,3,24,1,3.67,0.789,20.827457427978516,0.03731742200034205,1
I03_24_03.png,/kaggle/working/MDFS/data/KADID/extracted/kadid10k/images/I03_24_03.png,I03.png,3,24,3,1.9,0.79,22.84785270690918,0.03736632300024212,1
I03_24_05.png,/kaggle/working/MDFS/data/KADID/extracted/kadid10k/images/I03_24_05.png,I03.png,3,24,5,1.13,0.34,26.2827091217041,0.03368628200041712,1
I03_25_02.png,/kaggle/working/MDFS/data/KADID/extracted/kadid10k/images/I03_25_02.png,I03.png,3,25,2,3.84,0.723,20.07928466796875,0.03560708799977874,1
I03_25_04.png,/kaggle/working/MDFS/data/KADID/extracted/kadid10k/images/I03_25_04.png,I03.png,3,25,4,4.4,0.49,19.315107345581055,0.037298037000255135,1
I04_01_01.png,/kaggle/working/MDFS/data/KADID/extracted/kadid10k/images/I04_01_01.png,I04.png,4,1,1,4.77,0.423,16.760778427124023,0.0359643319998213,1
I04_01_03.png,/kaggle/working/MDFS/data/KADID/extracted/kadid10k/images/I04_01_03.png,I04.png,4,1,3,2.5,0.992,19.744457244873047,0.03578900499996962,1
I04_01_05.png,/kaggle/working/MDFS/data/KADID/extracted/kadid10k/images/I04_01_05.png,I04.png,4,1,5,1.2,0.4,37.15727615356445,0.034093656000550254,1
I04_02_02.png,/kaggle/working/MDFS/data/KADID/extracted/kadid10k/images/I04_02_02.png,I04.png,4,2,2,2.43,0.667,21.181293487548828,0.03618791700046131,1
I04_02_04.png,/kaggle/working/MDFS/data/KADID/extracted/kadid10k/images/I04_02_04.png,I04.png,4,2,4,1.43,0.559,27.46109962463379,0.036024828999870806,1
I04_03_01.png,/kaggle/working/MDFS/data/KADID/extracted/kadid10k/images/I04_03_01.png,I04.png,4,3,1,4.7,0.526,16.760778427124023,0.037473434999810706,1
I04_03_03.png,/kaggle/working/MDFS/data/KADID/extracted/kadid10k/images/I04_03_03.png,I04.png,4,3,3,2.63,0.795,19.13425636291504,0.03701746399929107,1
I04_03_05.png,/kaggle/working/MDFS/data/KADID/extracted/kadid10k/images/I04_03_05.png,I04.png,4,3,5,1.6,0.49,20.77058982849121,0.03675772299993696,1
I04_04_02.png,/kaggle/working/MDFS/data/KADID/extracted/kadid10k/images/I04_04_02.png,I04.png,4,4,2,3.07,0.929,17.326431274414062,0.0372587450001447,1
I04_04_04.png,/kaggle/working/MDFS/data/KADID/extracted/kadid10k/images/I04_04_04.png,I04.png,4,4,4,1.97,0.999,18.762235641479492,0.03729686499991658,1
I04_05_01.png,/kaggle/working/MDFS/data/KADID/extracted/kadid10k/images/I04_05_01.png,I04.png,4,5,1,3.7,0.862,17.89272689819336,0.0371113740002329,1
I04_05_03.png,/kaggle/working/MDFS/data/KADID/extracted/kadid10k/images/I04_05_03.png,I04.png,4,5,3,1.93,0.814,18.435808181762695,0.037163196999244974,1
I04_05_05.png,/kaggle/working/MDFS/data/KADID/extracted/kadid10k/images/I04_05_05.png,I04.png,4,5,5,1.47,0.562,18.22991180419922,0.03697332000047027,1
I04_06_02.png,/kaggle/working/MDFS/data/KADID/extracted/kadid10k/images/I04_06_02.png,I04.png,4,6,2,4.43,0.667,19.140878677368164,0.03361617300015496,1
I04_06_04.png,/kaggle/working/MDFS/data/KADID/extracted/kadid10k/images/I04_06_04.png,I04.png,4,6,4,3.47,0.846,21.271629333496094,0.03318178799963789,1
I04_07_01.png,/kaggle/working/MDFS/data/KADID/extracted/kadid10k/images/I04_07_01.png,I04.png,4,7,1,2.7,0.971,17.830686569213867,0.036054985000191664,1
I04_07_03.png,/kaggle/working/MDFS/data/KADID/extracted/kadid10k/images/I04_07_03.png,I04.png,4,7,3,2.7,0.862,18.67479133605957,0.035665372999574174,1
I04_07_05.png,/kaggle/working/MDFS/data/KADID/extracted/kadid10k/images/I04_07_05.png,I04.png,4,7,5,2.16,0.766,17.811437606811523,0.03661489000023721,1
I04_08_02.png,/kaggle/working/MDFS/data/KADID/extracted/kadid10k/images/I04_08_02.png,I04.png,4,8,2,3.43,1.146,16.87009620666504,0.03720527899986337,1
I04_08_04.png,/kaggle/working/MDFS/data/KADID/extracted/kadid10k/images/I04_08_04.png,I04.png,4,8,4,2.33,0.978,18.196657180786133,0.03666080699986196,1
I04_09_01.png,/kaggle/working/MDFS/data/KADID/extracted/kadid10k/images/I04_09_01.png,I04.png,4,9,1,4.6,0.554,17.208580017089844,0.03596089800066693,1
I04_09_03.png,/kaggle/working/MDFS/data/KADID/extracted/kadid10k/images/I04_09_03.png,I04.png,4,9,3,4.07,0.892,21.358972549438477,0.03762516799997684,1
I04_09_05.png,/kaggle/working/MDFS/data/KADID/extracted/kadid10k/images/I04_09_05.png,I04.png,4,9,5,1.23,0.496,33.90864181518555,0.03803341099956015,1
I04_10_02.png,/kaggle/working/MDFS/data/KADID/extracted/kadid10k/images/I04_10_02.png,I04.png,4,10,2,4.1,0.597,17.992568969726562,0.03761073900022893,1
I04_10_04.png,/kaggle/working/MDFS/data/KADID/extracted/kadid10k/images/I04_10_04.png,I04.png,4,10,4,1.87,0.67,25.35983657836914,0.034865401000388374,1
I04_11_01.png,/kaggle/working/MDFS/data/KADID/extracted/kadid10k/images/I04_11_01.png,I04.png,4,11,1,3.63,0.912,18.628015518188477,0.03573209099977248,1
I04_11_03.png,/kaggle/working/MDFS/data/KADID/extracted/kadid10k/images/I04_11_03.png,I04.png,4,11,3,3.03,0.836,20.92643165588379,0.03546142599952873,1
I04_11_05.png,/kaggle/working/MDFS/data/KADID/extracted/kadid10k/images/I04_11_05.png,I04.png,4,11,5,2.3,0.64,25.513124465942383,0.034466484999938984,1
I04_12_02.png,/kaggle/working/MDFS/data/KADID/extracted/kadid10k/images/I04_12_02.png,I04.png,4,12,2,3.27,0.814,19.03864288330078,0.03578529599963076,1
I04_12_04.png,/kaggle/working/MDFS/data/KADID/extracted/kadid10k/images/I04_12_04.png,I04.png,4,12,4,2.5,0.806,22.767385482788086,0.03505179500007216,1
I04_13_01.png,/kaggle/working/MDFS/data/KADID/extracted/kadid10k/images/I04_13_01.png,I04.png,4,13,1,3.43,0.761,17.0127010345459,0.03656758399938553,1
I04_13_03.png,/kaggle/working/MDFS/data/KADID/extracted/kadid10k/images/I04_13_03.png,I04.png,4,13,3,2.73,0.814,19.071186065673828,0.035985794000225724,1
I04_13_05.png,/kaggle/working/MDFS/data/KADID/extracted/kadid10k/images/I04_13_05.png,I04.png,4,13,5,1.87,0.718,23.365877151489258,0.035649036999529926,1
I04_14_02.png,/kaggle/working/MDFS/data/KADID/extracted/kadid10k/images/I04_14_02.png,I04.png,4,14,2,3.23,0.883,19.081022262573242,0.035640503000649915,1
I04_14_04.png,/kaggle/working/MDFS/data/KADID/extracted/kadid10k/images/I04_14_04.png,I04.png,4,14,4,2.4,0.917,21.5273494720459,0.03483155999947485,1
I04_15_01.png,/kaggle/working/MDFS/data/KADID/extracted/kadid10k/images/I04_15_01.png,I04.png,4,15,1,3.8,0.702,19.10280990600586,0.03713442199932615,1
I04_15_03.png,/kaggle/working/MDFS/data/KADID/extracted/kadid10k/images/I04_15_03.png,I04.png,4,15,3,2.23,0.761,21.73223876953125,0.03624153500004468,1
I04_15_05.png,/kaggle/working/MDFS/data/KADID/extracted/kadid10k/images/I04_15_05.png,I04.png,4,15,5,1.27,0.512,25.64101791381836,0.03553899899998214,1
I04_16_02.png,/kaggle/working/MDFS/data/KADID/extracted/kadid10k/images/I04_16_02.png,I04.png,4,16,2,4.47,0.67,16.726497650146484,0.03722688800007745,1
I04_16_04.png,/kaggle/working/MDFS/data/KADID/extracted/kadid10k/images/I04_16_04.png,I04.png,4,16,4,2.73,0.854,17.859004974365234,0.03582616499988944,1
I04_17_01.png,/kaggle/working/MDFS/data/KADID/extracted/kadid10k/images/I04_17_01.png,I04.png,4,17,1,4.53,0.718,16.764881134033203,0.03687229300066974,1
I04_17_03.png,/kaggle/working/MDFS/data/KADID/extracted/kadid10k/images/I04_17_03.png,I04.png,4,17,3,3.97,0.605,16.811586380004883,0.0367470820001472,1
I04_17_05.png,/kaggle/working/MDFS/data/KADID/extracted/kadid10k/images/I04_17_05.png,I04.png,4,17,5,1.97,0.836,19.09974479675293,0.03531145299984928,1
I04_18_02.png,/kaggle/working/MDFS/data/KADID/extracted/kadid10k/images/I04_18_02.png,I04.png,4,18,2,4.63,0.605,17.056358337402344,0.036952970000129426,1
I04_18_04.png,/kaggle/working/MDFS/data/KADID/extracted/kadid10k/images/I04_18_04.png,I04.png,4,18,4,4.57,0.496,16.9764404296875,0.03642854499958048,1
I04_19_01.png,/kaggle/working/MDFS/data/KADID/extracted/kadid10k/images/I04_19_01.png,I04.png,4,19,1,4.33,0.537,16.49567222595215,0.035529456000404025,1
I04_19_03.png,/kaggle/working/MDFS/data/KADID/extracted/kadid10k/images/I04_19_03.png,I04.png,4,19,3,3.03,0.822,16.620067596435547,0.035457081999993534,1
I04_19_05.png,/kaggle/working/MDFS/data/KADID/extracted/kadid10k/images/I04_19_05.png,I04.png,4,19,5,1.33,0.471,20.78467559814453,0.03468815099950007,1
I04_20_02.png,/kaggle/working/MDFS/data/KADID/extracted/kadid10k/images/I04_20_02.png,I04.png,4,20,2,4.1,1.136,16.776363372802734,0.03638513299938495,1
I04_20_04.png,/kaggle/working/MDFS/data/KADID/extracted/kadid10k/images/I04_20_04.png,I04.png,4,20,4,3.6,1.143,16.889184951782227,0.039177657999971416,1
I04_21_01.png,/kaggle/working/MDFS/data/KADID/extracted/kadid10k/images/I04_21_01.png,I04.png,4,21,1,4.4,0.663,16.409055709838867,0.03594024799986073,1
I04_21_03.png,/kaggle/working/MDFS/data/KADID/extracted/kadid10k/images/I04_21_03.png,I04.png,4,21,3,3.03,0.948,16.818262100219727,0.03389975800018874,1
I04_21_05.png,/kaggle/working/MDFS/data/KADID/extracted/kadid10k/images/I04_21_05.png,I04.png,4,21,5,1.27,0.442,25.66571044921875,0.03276483300032851,1
I04_22_02.png,/kaggle/working/MDFS/data/KADID/extracted/kadid10k/images/I04_22_02.png,I04.png,4,22,2,3.68,1.059,17.39260482788086,0.03584565199980716,1
I04_22_04.png,/kaggle/working/MDFS/data/KADID/extracted/kadid10k/images/I04_22_04.png,I04.png,4,22,4,3.37,1.11,18.285003662109375,0.03463725900019199,1
I04_23_01.png,/kaggle/working/MDFS/data/KADID/extracted/kadid10k/images/I04_23_01.png,I04.png,4,23,1,2.27,0.964,16.70590591430664,0.036700644999655196,1
I04_23_03.png,/kaggle/working/MDFS/data/KADID/extracted/kadid10k/images/I04_23_03.png,I04.png,4,23,3,1.87,0.718,16.82564353942871,0.03702067799986253,1
I04_23_05.png,/kaggle/working/MDFS/data/KADID/extracted/kadid10k/images/I04_23_05.png,I04.png,4,23,5,2.2,0.748,16.670757293701172,0.03682818700053758,1
I04_24_02.png,/kaggle/working/MDFS/data/KADID/extracted/kadid10k/images/I04_24_02.png,I04.png,4,24,2,2.6,0.8,20.60572052001953,0.036565036999490985,1
I04_24_04.png,/kaggle/working/MDFS/data/KADID/extracted/kadid10k/images/I04_24_04.png,I04.png,4,24,4,1.67,0.65,24.115877151489258,0.035512366999682854,1
I04_25_01.png,/kaggle/working/MDFS/data/KADID/extracted/kadid10k/images/I04_25_01.png,I04.png,4,25,1,3.61,0.704,17.43014907836914,0.037399934999484685,1
I04_25_03.png,/kaggle/working/MDFS/data/KADID/extracted/kadid10k/images/I04_25_03.png,I04.png,4,25,3,3.9,0.79,17.063621520996094,0.03764316900014819,1
I04_25_05.png,/kaggle/working/MDFS/data/KADID/extracted/kadid10k/images/I04_25_05.png,I04.png,4,25,5,3.43,0.844,16.78184700012207,0.036945478999768966,1
I05_01_02.png,/kaggle/working/MDFS/data/KADID/extracted/kadid10k/images/I05_01_02.png,I05.png,5,1,2,4.47,0.562,17.46849822998047,0.03773247299977811,1
I05_01_04.png,/kaggle/working/MDFS/data/KADID/extracted/kadid10k/images/I05_01_04.png,I05.png,5,1,4,1.7,0.586,31.243249893188477,0.0364056670005084,1
I05_02_01.png,/kaggle/working/MDFS/data/KADID/extracted/kadid10k/images/I05_02_01.png,I05.png,5,2,1,3.67,0.869,18.901994705200195,0.03605477700057236,1
I05_02_03.png,/kaggle/working/MDFS/data/KADID/extracted/kadid10k/images/I05_02_03.png,I05.png,5,2,3,1.57,0.616,26.084453582763672,0.036485408999396896,1
I05_02_05.png,/kaggle/working/MDFS/data/KADID/extracted/kadid10k/images/I05_02_05.png,I05.png,5,2,5,1.37,0.547,29.250978469848633,0.0368423290001374,1
I05_03_02.png,/kaggle/working/MDFS/data/KADID/extracted/kadid10k/images/I05_03_02.png,I05.png,5,3,2,3.9,0.87,20.679502487182617,0.03673694900044211,1
I05_03_04.png,/kaggle/working/MDFS/data/KADID/extracted/kadid10k/images/I05_03_04.png,I05.png,5,3,4,1.87,0.562,24.978944778442383,0.037398012000267045,1
I05_04_01.png,/kaggle/working/MDFS/data/KADID/extracted/kadid10k/images/I05_04_01.png,I05.png,5,4,1,4.57,0.496,19.213321685791016,0.034576016999380954,1
I05_04_03.png,/kaggle/working/MDFS/data/KADID/extracted/kadid10k/images/I05_04_03.png,I05.png,5,4,3,1.77,0.716,20.72991371154785,0.03379510700051469,1
I05_04_05.png,/kaggle/working/MDFS/data/KADID/extracted/kadid10k/images/I05_04_05.png,I05.png,5,4,5,1.53,0.67,21.731035232543945,0.035429765000117186,1
I05_05_02.png,/kaggle/working/MDFS/data/KADID/extracted/kadid10k/images/I05_05_02.png,I05.png,5,5,2,2.27,0.929,19.434953689575195,0.0362500290002572,1
I05_05_04.png,/kaggle/working/MDFS/data/KADID/extracted/kadid10k/images/I05_05_04.png,I05.png,5,5,4,1.67,0.537,18.85136604309082,0.036038711000401236,1
I05_06_01.png,/kaggle/working/MDFS/data/KADID/extracted/kadid10k/images/I05_06_01.png,I05.png,5,6,1,4.33,0.699,18.695146560668945,0.03966184699947917,1
I05_06_03.png,/kaggle/working/MDFS/data/KADID/extracted/kadid10k/images/I05_06_03.png,I05.png,5,6,3,4.27,0.727,19.66230583190918,0.038455215999420034,1
I05_06_05.png,/kaggle/working/MDFS/data/KADID/extracted/kadid10k/images/I05_06_05.png,I05.png,5,6,5,2.9,1.136,23.123498916625977,0.03365175199996884,1
I05_07_02.png,/kaggle/working/MDFS/data/KADID/extracted/kadid10k/images/I05_07_02.png,I05.png,5,7,2,2.33,1.011,19.533607482910156,0.036444379999920784,1
I05_07_04.png,/kaggle/working/MDFS/data/KADID/extracted/kadid10k/images/I05_07_04.png,I05.png,5,7,4,2.23,0.989,22.827381134033203,0.03434955599914247,1
I05_08_01.png,/kaggle/working/MDFS/data/KADID/extracted/kadid10k/images/I05_08_01.png,I05.png,5,8,1,4.73,0.442,17.937654495239258,0.0352865840004597,1
I05_08_03.png,/kaggle/working/MDFS/data/KADID/extracted/kadid10k/images/I05_08_03.png,I05.png,5,8,3,2.77,0.955,19.232666015625,0.035562616999413876,1
I05_08_05.png,/kaggle/working/MDFS/data/KADID/extracted/kadid10k/images/I05_08_05.png,I05.png,5,8,5,1.7,0.971,21.516889572143555,0.03595917599977838,1
I05_09_02.png,/kaggle/working/MDFS/data/KADID/extracted/kadid10k/images/I05_09_02.png,I05.png,5,9,2,2.6,1.114,24.275043487548828,0.037005979000241496,1
I05_09_04.png,/kaggle/working/MDFS/data/KADID/extracted/kadid10k/images/I05_09_04.png,I05.png,5,9,4,1.57,0.667,30.54762840270996,0.037229599000056623,1
I05_10_01.png,/kaggle/working/MDFS/data/KADID/extracted/kadid10k/images/I05_10_01.png,I05.png,5,10,1,4.43,0.716,19.710018157958984,0.03599064100035321,1
I05_10_03.png,/kaggle/working/MDFS/data/KADID/extracted/kadid10k/images/I05_10_03.png,I05.png,5,10,3,4.3,0.737,21.13343620300293,0.03692832500018994,1
I05_10_05.png,/kaggle/working/MDFS/data/KADID/extracted/kadid10k/images/I05_10_05.png,I05.png,5,10,5,1.27,0.512,31.758298873901367,0.03559212199979811,1
I05_11_02.png,/kaggle/working/MDFS/data/KADID/extracted/kadid10k/images/I05_11_02.png,I05.png,5,11,2,4.23,0.791,19.724563598632812,0.03569642399997974,1
I05_11_04.png,/kaggle/working/MDFS/data/KADID/extracted/kadid10k/images/I05_11_04.png,I05.png,5,11,4,3.33,0.789,21.427167892456055,0.037340499000492855,1
I05_12_01.png,/kaggle/working/MDFS/data/KADID/extracted/kadid10k/images/I05_12_01.png,I05.png,5,12,1,4.53,0.499,18.265777587890625,0.03682044300057896,1
I05_12_03.png,/kaggle/working/MDFS/data/KADID/extracted/kadid10k/images/I05_12_03.png,I05.png,5,12,3,4.06,0.669,20.14398193359375,0.03732853800011071,1
I05_12_05.png,/kaggle/working/MDFS/data/KADID/extracted/kadid10k/images/I05_12_05.png,I05.png,5,12,5,2.8,0.833,22.790512084960938,0.03717973099992378,1
I05_13_02.png,/kaggle/working/MDFS/data/KADID/extracted/kadid10k/images/I05_13_02.png,I05.png,5,13,2,2.63,0.983,18.254653930664062,0.037129440999706276,1
I05_13_04.png,/kaggle/working/MDFS/data/KADID/extracted/kadid10k/images/I05_13_04.png,I05.png,5,13,4,2.07,0.68,21.07216453552246,0.03672731599999679,1
I05_14_01.png,/kaggle/working/MDFS/data/KADID/extracted/kadid10k/images/I05_14_01.png,I05.png,5,14,1,4.37,0.482,17.995140075683594,0.0368887859995084,1
I05_14_03.png,/kaggle/working/MDFS/data/KADID/extracted/kadid10k/images/I05_14_03.png,I05.png,5,14,3,4.47,0.562,18.439041137695312,0.038716068000212545,1
I05_14_05.png,/kaggle/working/MDFS/data/KADID/extracted/kadid10k/images/I05_14_05.png,I05.png,5,14,5,3.61,0.904,20.546939849853516,0.038822946999971464,1
I05_15_02.png,/kaggle/working/MDFS/data/KADID/extracted/kadid10k/images/I05_15_02.png,I05.png,5,15,2,2.7,0.971,21.139440536499023,0.038870866000252136,1
I05_15_04.png,/kaggle/working/MDFS/data/KADID/extracted/kadid10k/images/I05_15_04.png,I05.png,5,15,4,1.87,0.884,24.592144012451172,0.035909358999560936,1
I05_16_01.png,/kaggle/working/MDFS/data/KADID/extracted/kadid10k/images/I05_16_01.png,I05.png,5,16,1,4.43,0.667,17.914159774780273,0.03705683800035331,1
I05_16_03.png,/kaggle/working/MDFS/data/KADID/extracted/kadid10k/images/I05_16_03.png,I05.png,5,16,3,3.67,0.699,18.042776107788086,0.0399647329995787,1
I05_16_05.png,/kaggle/working/MDFS/data/KADID/extracted/kadid10k/images/I05_16_05.png,I05.png,5,16,5,2.27,0.854,19.862972259521484,0.03914255699964997,1
I05_17_02.png,/kaggle/working/MDFS/data/KADID/extracted/kadid10k/images/I05_17_02.png,I05.png,5,17,2,4.47,0.618,17.979135513305664,0.04056730100001005,1
I05_17_04.png,/kaggle/working/MDFS/data/KADID/extracted/kadid10k/images/I05_17_04.png,I05.png,5,17,4,2.7,1.005,18.568906784057617,0.036847680999926524,1
I05_18_01.png,/kaggle/working/MDFS/data/KADID/extracted/kadid10k/images/I05_18_01.png,I05.png,5,18,1,4.4,0.879,18.18871307373047,0.03638321000016731,1
I05_18_03.png,/kaggle/working/MDFS/data/KADID/extracted/kadid10k/images/I05_18_03.png,I05.png,5,18,3,4.37,0.482,17.937654495239258,0.03644424899994192,1
I05_18_05.png,/kaggle/working/MDFS/data/KADID/extracted/kadid10k/images/I05_18_05.png,I05.png,5,18,5,2.77,1.023,19.470048904418945,0.03545412299990858,1
I05_19_02.png,/kaggle/working/MDFS/data/KADID/extracted/kadid10k/images/I05_19_02.png,I05.png,5,19,2,3.53,0.718,17.728036880493164,0.03549257799932093,1
I05_19_04.png,/kaggle/working/MDFS/data/KADID/extracted/kadid10k/images/I05_19_04.png,I05.png,5,19,4,2.0,0.816,20.939756393432617,0.03459363599995413,1
I05_20_01.png,/kaggle/working/MDFS/data/KADID/extracted/kadid10k/images/I05_20_01.png,I05.png,5,20,1,4.47,0.846,17.9366512298584,0.034944460999213334,1
I05_20_03.png,/kaggle/working/MDFS/data/KADID/extracted/kadid10k/images/I05_20_03.png,I05.png,5,20,3,4.4,0.611,17.95282554626465,0.035455219999676046,1
I05_20_05.png,/kaggle/working/MDFS/data/KADID/extracted/kadid10k/images/I05_20_05.png,I05.png,5,20,5,3.97,0.948,17.889768600463867,0.0367175679994034,1
I05_21_02.png,/kaggle/working/MDFS/data/KADID/extracted/kadid10k/images/I05_21_02.png,I05.png,5,21,2,3.7,1.069,18.677043914794922,0.037826112000402645,1
I05_21_04.png,/kaggle/working/MDFS/data/KADID/extracted/kadid10k/images/I05_21_04.png,I05.png,5,21,4,3.27,1.031,20.601844787597656,0.034941064000122424,1
I05_22_01.png,/kaggle/working/MDFS/data/KADID/extracted/kadid10k/images/I05_22_01.png,I05.png,5,22,1,4.3,0.737,18.376792907714844,0.03624885200042627,1
I05_22_03.png,/kaggle/working/MDFS/data/KADID/extracted/kadid10k/images/I05_22_03.png,I05.png,5,22,3,4.07,0.892,18.51112174987793,0.03680649900070421,1
I05_22_05.png,/kaggle/working/MDFS/data/KADID/extracted/kadid10k/images/I05_22_05.png,I05.png,5,22,5,4.17,0.82,19.065099716186523,0.0369504929994946,1
I05_23_02.png,/kaggle/working/MDFS/data/KADID/extracted/kadid10k/images/I05_23_02.png,I05.png,5,23,2,2.1,0.7,17.828039169311523,0.036092315999667335,1
I05_23_04.png,/kaggle/working/MDFS/data/KADID/extracted/kadid10k/images/I05_23_04.png,I05.png,5,23,4,1.8,0.702,17.84678840637207,0.03569946700008586,1
I05_24_01.png,/kaggle/working/MDFS/data/KADID/extracted/kadid10k/images/I05_24_01.png,I05.png,5,24,1,3.07,1.031,21.29717254638672,0.035995618000015384,1
I05_24_03.png,/kaggle/working/MDFS/data/KADID/extracted/kadid10k/images/I05_24_03.png,I05.png,5,24,3,1.77,0.667,25.639955520629883,0.03663567199964746,1
I05_24_05.png,/kaggle/working/MDFS/data/KADID/extracted/kadid10k/images/I05_24_05.png,I05.png,5,24,5,1.2,0.4,33.063838958740234,0.03332729900012055,1
I05_25_02.png,/kaggle/working/MDFS/data/KADID/extracted/kadid10k/images/I05_25_02.png,I05.png,5,25,2,3.5,0.806,18.860763549804688,0.035385992999181326,1
I05_25_04.png,/kaggle/working/MDFS/data/KADID/extracted/kadid10k/images/I05_25_04.png,I05.png,5,25,4,4.23,0.761,17.92377281188965,0.03506975300024351,1
I06_01_01.png,/kaggle/working/MDFS/data/KADID/extracted/kadid10k/images/I06_01_01.png,I06.png,6,1,1,4.7,0.458,19.05525779724121,0.03618884100069408,1
I06_01_03.png,/kaggle/working/MDFS/data/KADID/extracted/kadid10k/images/I06_01_03.png,I06.png,6,1,3,3.43,0.92,23.14305305480957,0.03663453700028185,1
I06_01_05.png,/kaggle/working/MDFS/data/KADID/extracted/kadid10k/images/I06_01_05.png,I06.png,6,1,5,1.53,0.618,41.1554069519043,0.034348499999396154,1
I06_02_02.png,/kaggle/working/MDFS/data/KADID/extracted/kadid10k/images/I06_02_02.png,I06.png,6,2,2,3.6,0.8,24.440494537353516,0.03578874899994844,1
I06_02_04.png,/kaggle/working/MDFS/data/KADID/extracted/kadid10k/images/I06_02_04.png,I06.png,6,2,4,1.57,0.616,32.73051071166992,0.03529423300005874,1
I06_03_01.png,/kaggle/working/MDFS/data/KADID/extracted/kadid10k/images/I06_03_01.png,I06.png,6,3,1,4.47,0.806,19.05525779724121,0.0399318999998286,1
I06_03_03.png,/kaggle/working/MDFS/data/KADID/extracted/kadid10k/images/I06_03_03.png,I06.png,6,3,3,3.27,0.814,21.34895896911621,0.04199937400062481,1
I06_03_05.png,/kaggle/working/MDFS/data/KADID/extracted/kadid10k/images/I06_03_05.png,I06.png,6,3,5,2.17,0.687,24.519126892089844,0.036111922000600316,1
I06_04_02.png,/kaggle/working/MDFS/data/KADID/extracted/kadid10k/images/I06_04_02.png,I06.png,6,4,2,2.27,0.892,20.66950225830078,0.03784092299974873,1
I06_04_04.png,/kaggle/working/MDFS/data/KADID/extracted/kadid10k/images/I06_04_04.png,I06.png,6,4,4,2.27,0.929,21.411235809326172,0.03541534200030583,1
I06_05_01.png,/kaggle/working/MDFS/data/KADID/extracted/kadid10k/images/I06_05_01.png,I06.png,6,5,1,4.43,0.803,19.4298095703125,0.03754542299975583,1
I06_05_03.png,/kaggle/working/MDFS/data/KADID/extracted/kadid10k/images/I06_05_03.png,I06.png,6,5,3,2.2,1.077,19.36664390563965,0.03909188699981314,1
I06_05_05.png,/kaggle/working/MDFS/data/KADID/extracted/kadid10k/images/I06_05_05.png,I06.png,6,5,5,1.8,0.702,19.206787109375,0.03874975400049152,1
I06_06_02.png,/kaggle/working/MDFS/data/KADID/extracted/kadid10k/images/I06_06_02.png,I06.png,6,6,2,3.73,0.929,21.316925048828125,0.03428152699962084,1
I06_06_04.png,/kaggle/working/MDFS/data/KADID/extracted/kadid10k/images/I06_06_04.png,I06.png,6,6,4,3.33,0.83,22.5651912689209,0.03365842000039265,1
I06_07_01.png,/kaggle/working/MDFS/data/KADID/extracted/kadid10k/images/I06_07_01.png,I06.png,6,7,1,2.67,0.978,18.96452522277832,0.038278764000097,1
I06_07_03.png,/kaggle/working/MDFS/data/KADID/extracted/kadid10k/images/I06_07_03.png,I06.png,6,7,3,2.23,1.023,20.126609802246094,0.03888805200040224,1
I06_07_05.png,/kaggle/working/MDFS/data/KADID/extracted/kadid10k/images/I06_07_05.png,I06.png,6,7,5,2.07,0.814,19.64722442626953,0.03891960599958111,1
I06_08_02.png,/kaggle/working/MDFS/data/KADID/extracted/kadid10k/images/I06_08_02.png,I06.png,6,8,2,3.23,0.989,19.6273250579834,0.03894701199988049,1
I06_08_04.png,/kaggle/working/MDFS/data/KADID/extracted/kadid10k/images/I06_08_04.png,I06.png,6,8,4,2.17,0.969,22.088443756103516,0.03685497999958898,1
I06_09_01.png,/kaggle/working/MDFS/data/KADID/extracted/kadid10k/images/I06_09_01.png,I06.png,6,9,1,4.43,0.496,19.592790603637695,0.03714457699970808,1
I06_09_03.png,/kaggle/working/MDFS/data/KADID/extracted/kadid10k/images/I06_09_03.png,I06.png,6,9,3,4.5,0.5,21.86947250366211,0.037774770999931206,1
I06_09_05.png,/kaggle/working/MDFS/data/KADID/extracted/kadid10k/images/I06_09_05.png,I06.png,6,9,5,1.9,0.597,33.48241424560547,0.03555337000034342,1
I06_10_02.png,/kaggle/working/MDFS/data/KADID/extracted/kadid10k/images/I06_10_02.png,I06.png,6,10,2,4.47,0.718,22.184768676757812,0.03726077500050451,1
I06_10_04.png,/kaggle/working/MDFS/data/KADID/extracted/kadid10k/images/I06_10_04.png,I06.png,6,10,4,1.6,0.611,30.75242805480957,0.03250133799974719,1
I06_11_01.png,/kaggle/working/MDFS/data/KADID/extracted/kadid10k/images/I06_11_01.png,I06.png,6,11,1,4.07,0.772,22.226552963256836,0.034777783999743406,1
I06_11_03.png,/kaggle/working/MDFS/data/KADID/extracted/kadid10k/images/I06_11_03.png,I06.png,6,11,3,2.93,0.854,25.642475128173828,0.035275340999760374,1
I06_11_05.png,/kaggle/working/MDFS/data/KADID/extracted/kadid10k/images/I06_11_05.png,I06.png,6,11,5,2.13,0.806,31.019445419311523,0.03542425699924934,1
I06_12_02.png,/kaggle/working/MDFS/data/KADID/extracted/kadid10k/images/I06_12_02.png,I06.png,6,12,2,3.7,0.823,23.02762794494629,0.0344669989999602,1
I06_12_04.png,/kaggle/working/MDFS/data/KADID/extracted/kadid10k/images/I06_12_04.png,I06.png,6,12,4,2.87,0.618,27.337100982666016,0.0356569200002923,1
I06_13_01.png,/kaggle/working/MDFS/data/KADID/extracted/kadid10k/images/I06_13_01.png,I06.png,6,13,1,3.37,0.948,19.624433517456055,0.036843076999502955,1
I06_13_03.png,/kaggle/working/MDFS/data/KADID/extracted/kadid10k/images/I06_13_03.png,I06.png,6,13,3,2.3,0.64,22.775049209594727,0.03444924399991578,1
I06_13_05.png,/kaggle/working/MDFS/data/KADID/extracted/kadid10k/images/I06_13_05.png,I06.png,6,13,5,2.13,0.562,27.352336883544922,0.04130471700045746,1
I06_14_02.png,/kaggle/working/MDFS/data/KADID/extracted/kadid10k/images/I06_14_02.png,I06.png,6,14,2,3.63,0.795,23.043895721435547,0.036300653000580496,1
I06_14_04.png,/kaggle/working/MDFS/data/KADID/extracted/kadid10k/images/I06_14_04.png,I06.png,6,14,4,2.7,0.823,27.26399040222168,0.03387056099927577,1
I06_15_01.png,/kaggle/working/MDFS/data/KADID/extracted/kadid10k/images/I06_15_01.png,I06.png,6,15,1,3.23,0.955,21.514785766601562,0.03514027600067493,1
I06_15_03.png,/kaggle/working/MDFS/data/KADID/extracted/kadid10k/images/I06_15_03.png,I06.png,6,15,3,2.5,0.922,23.592437744140625,0.03421059700031037,1
I06_15_05.png,/kaggle/working/MDFS/data/KADID/extracted/kadid10k/images/I06_15_05.png,I06.png,6,15,5,1.37,0.605,27.202503204345703,0.034835712000131025,1
I06_16_02.png,/kaggle/working/MDFS/data/KADID/extracted/kadid10k/images/I06_16_02.png,I06.png,6,16,2,3.73,0.854,19.069501876831055,0.06789105999996536,1
I06_16_04.png,/kaggle/working/MDFS/data/KADID/extracted/kadid10k/images/I06_16_04.png,I06.png,6,16,4,2.5,0.885,20.422380447387695,0.05551037999975961,1
I06_17_01.png,/kaggle/working/MDFS/data/KADID/extracted/kadid10k/images/I06_17_01.png,I06.png,6,17,1,4.53,0.806,19.067777633666992,0.03627676399992197,1
I06_17_03.png,/kaggle/working/MDFS/data/KADID/extracted/kadid10k/images/I06_17_03.png,I06.png,6,17,3,3.97,0.657,19.090015411376953,0.03678771399972902,1
I06_17_05.png,/kaggle/working/MDFS/data/KADID/extracted/kadid10k/images/I06_17_05.png,I06.png,6,17,5,2.77,1.055,20.686906814575195,0.035596849999819824,1
I06_18_02.png,/kaggle/working/MDFS/data/KADID/extracted/kadid10k/images/I06_18_02.png,I06.png,6,18,2,4.07,0.727,18.993247985839844,0.03644405300019571,1
I06_18_04.png,/kaggle/working/MDFS/data/KADID/extracted/kadid10k/images/I06_18_04.png,I06.png,6,18,4,4.03,0.752,18.95036506652832,0.03628755200043088,1
I06_19_01.png,/kaggle/working/MDFS/data/KADID/extracted/kadid10k/images/I06_19_01.png,I06.png,6,19,1,4.4,0.663,19.11789321899414,0.03655964999961725,1
I06_19_03.png,/kaggle/working/MDFS/data/KADID/extracted/kadid10k/images/I06_19_03.png,I06.png,6,19,3,3.43,0.559,19.71415901184082,0.03662820899990038,1
I06_19_05.png,/kaggle/working/MDFS/data/KADID/extracted/kadid10k/images/I06_19_05.png,I06.png,6,19,5,1.5,0.563,22.592111587524414,0.03478008499951102,1
I06_20_02.png,/kaggle/working/MDFS/data/KADID/extracted/kadid10k/images/I06_20_02.png,I06.png,6,20,2,3.1,1.012,18.83989906311035,0.03693033200033824,1
I06_20_04.png,/kaggle/working/MDFS/data/KADID/extracted/kadid10k/images/I06_20_04.png,I06.png,6,20,4,2.33,0.83,18.811805725097656,0.0379082629997356,1
I06_21_01.png,/kaggle/working/MDFS/data/KADID/extracted/kadid10k/images/I06_21_01.png,I06.png,6,21,1,4.17,0.778,18.832866668701172,0.03711264699995809,1
I06_21_03.png,/kaggle/working/MDFS/data/KADID/extracted/kadid10k/images/I06_21_03.png,I06.png,6,21,3,3.23,0.844,19.244291305541992,0.03500599099970714,1
I06_21_05.png,/kaggle/working/MDFS/data/KADID/extracted/kadid10k/images/I06_21_05.png,I06.png,6,21,5,1.83,0.582,26.261802673339844,0.03239350599960744,1
I06_22_02.png,/kaggle/working/MDFS/data/KADID/extracted/kadid10k/images/I06_22_02.png,I06.png,6,22,2,3.77,1.023,19.32954216003418,0.033265484000366996,1
I06_22_04.png,/kaggle/working/MDFS/data/KADID/extracted/kadid10k/images/I06_22_04.png,I06.png,6,22,4,3.2,0.98,19.760133743286133,0.035701077000339865,1
I06_23_01.png,/kaggle/working/MDFS/data/KADID/extracted/kadid10k/images/I06_23_01.png,I06.png,6,23,1,2.33,0.789,18.607553482055664,0.03695911500017246,1
I06_23_03.png,/kaggle/working/MDFS/data/KADID/extracted/kadid10k/images/I06_23_03.png,I06.png,6,23,3,2.17,0.687,18.74408531188965,0.03765997500067897,1
I06_23_05.png,/kaggle/working/MDFS/data/KADID/extracted/kadid10k/images/I06_23_05.png,I06.png,6,23,5,2.26,0.67,18.59099006652832,0.03667153799960943,1
I06_24_02.png,/kaggle/working/MDFS/data/KADID/extracted/kadid10k/images/I06_24_02.png,I06.png,6,24,2,2.9,0.746,20.722944259643555,0.035898703999919235,1
I06_24_04.png,/kaggle/working/MDFS/data/KADID/extracted/kadid10k/images/I06_24_04.png,I06.png,6,24,4,1.83,0.687,23.854280471801758,0.037631711999893014,1
I06_25_01.png,/kaggle/working/MDFS/data/KADID/extracted/kadid10k/images/I06_25_01.png,I06.png,6,25,1,3.0,0.966,19.806543350219727,0.036231799999768555,1
I06_25_03.png,/kaggle/working/MDFS/data/KADID/extracted/kadid10k/images/I06_25_03.png,I06.png,6,25,3,4.13,0.67,18.947341918945312,0.037086755000018456,1
I06_25_05.png,/kaggle/working/MDFS/data/KADID/extracted/kadid10k/images/I06_25_05.png,I06.png,6,25,5,2.43,0.989,19.375904083251953,0.03658084500057157,1
I07_01_02.png,/kaggle/working/MDFS/data/KADID/extracted/kadid10k/images/I07_01_02.png,I07.png,7,1,2,4.4,0.663,18.404369354248047,0.03682848200060107,1
I07_01_04.png,/kaggle/working/MDFS/data/KADID/extracted/kadid10k/images/I07_01_04.png,I07.png,7,1,4,1.73,0.573,30.42766761779785,0.034291837000637315,1
I07_02_01.png,/kaggle/working/MDFS/data/KADID/extracted/kadid10k/images/I07_02_01.png,I07.png,7,2,1,3.7,0.823,19.91647720336914,0.03630066999994597,1
I07_02_03.png,/kaggle/working/MDFS/data/KADID/extracted/kadid10k/images/I07_02_03.png,I07.png,7,2,3,1.67,0.745,28.801374435424805,0.0352712240000983,1
I07_02_05.png,/kaggle/working/MDFS/data/KADID/extracted/kadid10k/images/I07_02_05.png,I07.png,7,2,5,1.5,0.671,35.199371337890625,0.03496201999951154,1
I07_03_02.png,/kaggle/working/MDFS/data/KADID/extracted/kadid10k/images/I07_03_02.png,I07.png,7,3,2,4.33,0.699,19.61252212524414,0.03635399100039649,1
I07_03_04.png,/kaggle/working/MDFS/data/KADID/extracted/kadid10k/images/I07_03_04.png,I07.png,7,3,4,2.07,0.727,22.32061767578125,0.03518158999941079,1
I07_04_01.png,/kaggle/working/MDFS/data/KADID/extracted/kadid10k/images/I07_04_01.png,I07.png,7,4,1,4.47,0.499,18.590600967407227,0.03627492300074664,1
I07_04_03.png,/kaggle/working/MDFS/data/KADID/extracted/kadid10k/images/I07_04_03.png,I07.png,7,4,3,1.43,0.559,21.26088523864746,0.03544515399971715,1
I07_04_05.png,/kaggle/working/MDFS/data/KADID/extracted/kadid10k/images/I07_04_05.png,I07.png,7,4,5,1.13,0.34,22.59468650817871,0.033676767000542895,1
I07_05_02.png,/kaggle/working/MDFS/data/KADID/extracted/kadid10k/images/I07_05_02.png,I07.png,7,5,2,2.97,1.031,18.545202255249023,0.03550219599947013,1
I07_05_04.png,/kaggle/working/MDFS/data/KADID/extracted/kadid10k/images/I07_05_04.png,I07.png,7,5,4,1.8,0.748,18.65870475769043,0.036125444999925094,1
I07_06_01.png,/kaggle/working/MDFS/data/KADID/extracted/kadid10k/images/I07_06_01.png,I07.png,7,6,1,3.73,0.929,19.79657745361328,0.03247680799995578,1
I07_06_03.png,/kaggle/working/MDFS/data/KADID/extracted/kadid10k/images/I07_06_03.png,I07.png,7,6,3,3.77,0.955,20.254962921142578,0.03172568999980285,1
I07_06_05.png,/kaggle/working/MDFS/data/KADID/extracted/kadid10k/images/I07_06_05.png,I07.png,7,6,5,1.8,0.6,23.652517318725586,0.03151535200049693,1
I07_07_02.png,/kaggle/working/MDFS/data/KADID/extracted/kadid10k/images/I07_07_02.png,I07.png,7,7,2,1.93,0.854,19.610137939453125,0.03549619499972323,1
I07_07_04.png,/kaggle/working/MDFS/data/KADID/extracted/kadid10k/images/I07_07_04.png,I07.png,7,7,4,1.5,0.671,24.27225112915039,0.03420485600054235,1
I07_08_01.png,/kaggle/working/MDFS/data/KADID/extracted/kadid10k/images/I07_08_01.png,I07.png,7,8,1,4.53,0.499,18.07480239868164,0.03625514699979249,1
I07_08_03.png,/kaggle/working/MDFS/data/KADID/extracted/kadid10k/images/I07_08_03.png,I07.png,7,8,3,1.97,0.948,20.37696647644043,0.03487109700017754,1
I07_08_05.png,/kaggle/working/MDFS/data/KADID/extracted/kadid10k/images/I07_08_05.png,I07.png,7,8,5,1.5,0.563,22.87903594970703,0.03381925800022145,1
I07_09_02.png,/kaggle/working/MDFS/data/KADID/extracted/kadid10k/images/I07_09_02.png,I07.png,7,9,2,4.63,0.482,19.481239318847656,0.03491304399994988,1
I07_09_04.png,/kaggle/working/MDFS/data/KADID/extracted/kadid10k/images/I07_09_04.png,I07.png,7,9,4,3.6,0.8,26.63567543029785,0.03580701400005637,1
I07_10_01.png,/kaggle/working/MDFS/data/KADID/extracted/kadid10k/images/I07_10_01.png,I07.png,7,10,1,4.1,0.651,20.33412742614746,0.034973232000083954,1
I07_10_03.png,/kaggle/working/MDFS/data/KADID/extracted/kadid10k/images/I07_10_03.png,I07.png,7,10,3,3.87,0.921,23.742170333862305,0.03485363900017546,1
I07_10_05.png,/kaggle/working/MDFS/data/KADID/extracted/kadid10k/images/I07_10_05.png,I07.png,7,10,5,1.23,0.423,37.15488052368164,0.03229985999951168,1
I07_11_02.png,/kaggle/working/MDFS/data/KADID/extracted/kadid10k/images/I07_11_02.png,I07.png,7,11,2,2.7,0.862,22.6777286529541,0.03613989999939804,1
I07_11_04.png,/kaggle/working/MDFS/data/KADID/extracted/kadid10k/images/I07_11_04.png,I07.png,7,11,4,2.34,0.814,25.445980072021484,0.03394073500021477,1
I07_12_01.png,/kaggle/working/MDFS/data/KADID/extracted/kadid10k/images/I07_12_01.png,I07.png,7,12,1,4.23,0.955,19.265850067138672,0.0398391509997964,1
I07_12_03.png,/kaggle/working/MDFS/data/KADID/extracted/kadid10k/images/I07_12_03.png,I07.png,7,12,3,2.77,0.989,23.409772872924805,0.036041613999259425,1
I07_12_05.png,/kaggle/working/MDFS/data/KADID/extracted/kadid10k/images/I07_12_05.png,I07.png,7,12,5,2.06,0.788,27.99146270751953,0.03527554999982385,1
I07_13_02.png,/kaggle/working/MDFS/data/KADID/extracted/kadid10k/images/I07_13_02.png,I07.png,7,13,2,3.0,0.856,20.10832405090332,0.03674227699957555,1
I07_13_04.png,/kaggle/working/MDFS/data/KADID/extracted/kadid10k/images/I07_13_04.png,I07.png,7,13,4,2.13,0.67,26.478946685791016,0.0338357669998004,1
I07_14_01.png,/kaggle/working/MDFS/data/KADID/extracted/kadid10k/images/I07_14_01.png,I07.png,7,14,1,4.1,0.588,19.788516998291016,0.03405606400065153,1
I07_14_03.png,/kaggle/working/MDFS/data/KADID/extracted/kadid10k/images/I07_14_03.png,I07.png,7,14,3,2.6,0.841,24.856374740600586,0.03519979000066087,1
I07_14_05.png,/kaggle/working/MDFS/data/KADID/extracted/kadid10k/images/I07_14_05.png,I07.png,7,14,5,1.6,0.554,30.75505828857422,0.0355386589999398,1
I07_15_02.png,/kaggle/working/MDFS/data/KADID/extracted/kadid10k/images/I07_15_02.png,I07.png,7,15,2,2.27,0.814,21.58020782470703,0.03477214299982734,1
I07_15_04.png,/kaggle/working/MDFS/data/KADID/extracted/kadid10k/images/I07_15_04.png,I07.png,7,15,4,1.47,0.562,24.5440673828125,0.03386854000018502,1
I07_16_01.png,/kaggle/working/MDFS/data/KADID/extracted/kadid10k/images/I07_16_01.png,I07.png,7,16,1,4.7,0.526,18.03653335571289,0.03744271999948978,1
I07_16_03.png,/kaggle/working/MDFS/data/KADID/extracted/kadid10k/images/I07_16_03.png,I07.png,7,16,3,3.5,0.764,18.949560165405273,0.036853427999631094,1
I07_16_05.png,/kaggle/working/MDFS/data/KADID/extracted/kadid10k/images/I07_16_05.png,I07.png,7,16,5,1.17,0.373,25.40143585205078,0.03324590000011085,1
I07_17_02.png,/kaggle/working/MDFS/data/KADID/extracted/kadid10k/images/I07_17_02.png,I07.png,7,17,2,4.63,0.482,18.01024055480957,0.03653814999961469,1
I07_17_04.png,/kaggle/working/MDFS/data/KADID/extracted/kadid10k/images/I07_17_04.png,I07.png,7,17,4,3.43,0.883,17.985807418823242,0.036410933999832196,1
I07_18_01.png,/kaggle/working/MDFS/data/KADID/extracted/kadid10k/images/I07_18_01.png,I07.png,7,18,1,3.2,1.108,19.898799896240234,0.03730481399998098,1
I07_18_03.png,/kaggle/working/MDFS/data/KADID/extracted/kadid10k/images/I07_18_03.png,I07.png,7,18,3,4.5,0.563,18.07480239868164,0.03662997300034476,1
I07_18_05.png,/kaggle/working/MDFS/data/KADID/extracted/kadid10k/images/I07_18_05.png,I07.png,7,18,5,4.0,0.894,18.203113555908203,0.035998827000184974,1
I07_19_02.png,/kaggle/working/MDFS/data/KADID/extracted/kadid10k/images/I07_19_02.png,I07.png,7,19,2,4.5,0.619,18.220352172851562,0.036189894000017375,1
I07_19_04.png,/kaggle/working/MDFS/data/KADID/extracted/kadid10k/images/I07_19_04.png,I07.png,7,19,4,1.93,0.772,19.45362091064453,0.03424273400014499,1
I07_20_01.png,/kaggle/working/MDFS/data/KADID/extracted/kadid10k/images/I07_20_01.png,I07.png,7,20,1,3.3,1.1,17.902114868164062,0.036965106000025116,1
I07_20_03.png,/kaggle/working/MDFS/data/KADID/extracted/kadid10k/images/I07_20_03.png,I07.png,7,20,3,2.97,0.983,17.99424171447754,0.036254053999982716,1
I07_20_05.png,/kaggle/working/MDFS/data/KADID/extracted/kadid10k/images/I07_20_05.png,I07.png,7,20,5,2.83,0.969,17.932586669921875,0.03583618500033481,1
I07_21_02.png,/kaggle/working/MDFS/data/KADID/extracted/kadid10k/images/I07_21_02.png,I07.png,7,21,2,2.93,0.929,18.190147399902344,0.03511324000010063,1
I07_21_04.png,/kaggle/working/MDFS/data/KADID/extracted/kadid10k/images/I07_21_04.png,I07.png,7,21,4,3.1,1.088,18.784629821777344,0.0341270919998351,1
I07_22_01.png,/kaggle/working/MDFS/data/KADID/extracted/kadid10k/images/I07_22_01.png,I07.png,7,22,1,3.97,0.795,18.327491760253906,0.035603811999862955,1
I07_22_03.png,/kaggle/working/MDFS/data/KADID/extracted/kadid10k/images/I07_22_03.png,I07.png,7,22,3,3.6,1.114,18.83156394958496,0.034187229000053776,1
I07_22_05.png,/kaggle/working/MDFS/data/KADID/extracted/kadid10k/images/I07_22_05.png,I07.png,7,22,5,2.07,0.727,21.453407287597656,0.03290439900047204,1
I07_23_02.png,/kaggle/working/MDFS/data/KADID/extracted/kadid10k/images/I07_23_02.png,I07.png,7,23,2,2.27,0.814,18.03175926208496,0.03698772000007011,1
I07_23_04.png,/kaggle/working/MDFS/data/KADID/extracted/kadid10k/images/I07_23_04.png,I07.png,7,23,4,2.0,0.683,18.054014205932617,0.03626802899998438,1
I07_24_01.png,/kaggle/working/MDFS/data/KADID/extracted/kadid10k/images/I07_24_01.png,I07.png,7,24,1,3.8,0.702,18.836376190185547,0.03652274100022623,1
I07_24_03.png,/kaggle/working/MDFS/data/KADID/extracted/kadid10k/images/I07_24_03.png,I07.png,7,24,3,2.1,0.651,20.637996673583984,0.03588400399985403,1
I07_24_05.png,/kaggle/working/MDFS/data/KADID/extracted/kadid10k/images/I07_24_05.png,I07.png,7,24,5,1.27,0.512,24.21827507019043,0.03631422100079362,1
I07_25_02.png,/kaggle/working/MDFS/data/KADID/extracted/kadid10k/images/I07_25_02.png,I07.png,7,25,2,4.03,0.875,18.690332412719727,0.037070233000122244,1
I07_25_04.png,/kaggle/working/MDFS/data/KADID/extracted/kadid10k/images/I07_25_04.png,I07.png,7,25,4,4.43,0.761,17.984167098999023,0.03669049099971744,1
I08_01_01.png,/kaggle/working/MDFS/data/KADID/extracted/kadid10k/images/I08_01_01.png,I08.png,8,1,1,4.8,0.4,18.81237030029297,0.03571209099936823,1
I08_01_03.png,/kaggle/working/MDFS/data/KADID/extracted/kadid10k/images/I08_01_03.png,I08.png,8,1,3,3.0,0.73,22.519020080566406,0.0358216659997197,1
I08_01_05.png,/kaggle/working/MDFS/data/KADID/extracted/kadid10k/images/I08_01_05.png,I08.png,8,1,5,1.47,0.562,39.79514694213867,0.03472070099996927,1
I08_02_02.png,/kaggle/working/MDFS/data/KADID/extracted/kadid10k/images/I08_02_02.png,I08.png,8,2,2,3.2,1.013,24.026538848876953,0.035679251000146905,1
I08_02_04.png,/kaggle/working/MDFS/data/KADID/extracted/kadid10k/images/I08_02_04.png,I08.png,8,2,4,1.53,0.499,33.97665023803711,0.03434699700028432,1
I08_03_01.png,/kaggle/working/MDFS/data/KADID/extracted/kadid10k/images/I08_03_01.png,I08.png,8,3,1,4.9,0.3,18.81237030029297,0.03517310099960014,1
I08_03_03.png,/kaggle/working/MDFS/data/KADID/extracted/kadid10k/images/I08_03_03.png,I08.png,8,3,3,3.23,0.92,21.98186683654785,0.03612862699992547,1
I08_03_05.png,/kaggle/working/MDFS/data/KADID/extracted/kadid10k/images/I08_03_05.png,I08.png,8,3,5,1.83,0.582,23.9344539642334,0.035700897999959125,1
I08_04_02.png,/kaggle/working/MDFS/data/KADID/extracted/kadid10k/images/I08_04_02.png,I08.png,8,4,2,2.87,1.258,20.569786071777344,0.0340522989999954,1
I08_04_04.png,/kaggle/working/MDFS/data/KADID/extracted/kadid10k/images/I08_04_04.png,I08.png,8,4,4,1.67,0.699,22.73908805847168,0.034158669999669655,1
I08_05_01.png,/kaggle/working/MDFS/data/KADID/extracted/kadid10k/images/I08_05_01.png,I08.png,8,5,1,4.4,0.49,19.3204345703125,0.03674144199976581,1
I08_05_03.png,/kaggle/working/MDFS/data/KADID/extracted/kadid10k/images/I08_05_03.png,I08.png,8,5,3,1.97,0.605,19.724658966064453,0.03625336500044796,1
I08_05_05.png,/kaggle/working/MDFS/data/KADID/extracted/kadid10k/images/I08_05_05.png,I08.png,8,5,5,1.57,0.616,19.434921264648438,0.03594699200039031,1
I08_06_02.png,/kaggle/working/MDFS/data/KADID/extracted/kadid10k/images/I08_06_02.png,I08.png,8,6,2,3.8,0.748,22.835311889648438,0.031945751000421296,1
I08_06_04.png,/kaggle/working/MDFS/data/KADID/extracted/kadid10k/images/I08_06_04.png,I08.png,8,6,4,2.8,0.909,23.82335662841797,0.03262826900026994,1
I08_07_01.png,/kaggle/working/MDFS/data/KADID/extracted/kadid10k/images/I08_07_01.png,I08.png,8,7,1,2.87,0.793,18.593231201171875,0.03592690200002835,1
I08_07_03.png,/kaggle/working/MDFS/data/KADID/extracted/kadid10k/images/I08_07_03.png,I08.png,8,7,3,2.03,0.948,19.57526397705078,0.03465658099958091,1
I08_07_05.png,/kaggle/working/MDFS/data/KADID/extracted/kadid10k/images/I08_07_05.png,I08.png,8,7,5,2.33,1.011,19.053544998168945,0.03569691100074124,1
I08_08_02.png,/kaggle/working/MDFS/data/KADID/extracted/kadid10k/images/I08_08_02.png,I08.png,8,8,2,3.37,1.016,20.4061336517334,0.03584468499957438,1
I08_08_04.png,/kaggle/working/MDFS/data/KADID/extracted/kadid10k/images/I08_08_04.png,I08.png,8,8,4,2.13,0.957,23.910560607910156,0.03498939899964171,1
I08_09_01.png,/kaggle/working/MDFS/data/KADID/extracted/kadid10k/images/I08_09_01.png,I08.png,8,9,1,4.5,0.563,18.854248046875,0.034893201000159024,1
I08_09_03.png,/kaggle/working/MDFS/data/KADID/extracted/kadid10k/images/I08_09_03.png,I08.png,8,9,3,4.63,0.547,20.25128746032715,0.035501226999258506,1
I08_09_05.png,/kaggle/working/MDFS/data/KADID/extracted/kadid10k/images/I08_09_05.png,I08.png,8,9,5,1.57,0.667,35.39004135131836,0.03678404899983434,1
I08_10_02.png,/kaggle/working/MDFS/data/KADID/extracted/kadid10k/images/I08_10_02.png,I08.png,8,10,2,4.3,0.586,20.59980583190918,0.03575308499966923,1
I08_10_04.png,/kaggle/working/MDFS/data/KADID/extracted/kadid10k/images/I08_10_04.png,I08.png,8,10,4,1.5,0.5,29.758474349975586,0.03249912200044491,1
I08_11_01.png,/kaggle/working/MDFS/data/KADID/extracted/kadid10k/images/I08_11_01.png,I08.png,8,11,1,3.47,0.846,21.255630493164062,0.034366859999863664,1
I08_11_03.png,/kaggle/working/MDFS/data/KADID/extracted/kadid10k/images/I08_11_03.png,I08.png,8,11,3,2.53,0.718,23.641263961791992,0.03513168500012398,1
I08_11_05.png,/kaggle/working/MDFS/data/KADID/extracted/kadid10k/images/I08_11_05.png,I08.png,8,11,5,2.17,0.734,29.284807205200195,0.03518911199989816,1
I08_12_02.png,/kaggle/working/MDFS/data/KADID/extracted/kadid10k/images/I08_12_02.png,I08.png,8,12,2,3.5,1.088,21.53023910522461,0.03402018799988582,1
I08_12_04.png,/kaggle/working/MDFS/data/KADID/extracted/kadid10k/images/I08_12_04.png,I08.png,8,12,4,2.37,0.547,25.26789665222168,0.034872381999775826,1
I08_13_01.png,/kaggle/working/MDFS/data/KADID/extracted/kadid10k/images/I08_13_01.png,I08.png,8,13,1,3.33,0.869,19.27682113647461,0.03641614699972706,1
I08_13_03.png,/kaggle/working/MDFS/data/KADID/extracted/kadid10k/images/I08_13_03.png,I08.png,8,13,3,2.8,1.077,23.74666404724121,0.03476103299999522,1
I08_13_05.png,/kaggle/working/MDFS/data/KADID/extracted/kadid10k/images/I08_13_05.png,I08.png,8,13,5,2.1,0.597,25.6519718170166,0.033916272000169556,1
I08_14_02.png,/kaggle/working/MDFS/data/KADID/extracted/kadid10k/images/I08_14_02.png,I08.png,8,14,2,3.6,0.757,22.056034088134766,0.035080714999821794,1
I08_14_04.png,/kaggle/working/MDFS/data/KADID/extracted/kadid10k/images/I08_14_04.png,I08.png,8,14,4,2.6,0.663,25.647748947143555,0.03460529600033624,1
I08_15_01.png,/kaggle/working/MDFS/data/KADID/extracted/kadid10k/images/I08_15_01.png,I08.png,8,15,1,3.8,0.748,20.935482025146484,0.0357018610002342,1
I08_15_03.png,/kaggle/working/MDFS/data/KADID/extracted/kadid10k/images/I08_15_03.png,I08.png,8,15,3,2.03,0.605,24.195728302001953,0.03413095800078736,1
I08_15_05.png,/kaggle/working/MDFS/data/KADID/extracted/kadid10k/images/I08_15_05.png,I08.png,8,15,5,1.53,0.499,25.521223068237305,0.034771317999911844,1
I08_16_02.png,/kaggle/working/MDFS/data/KADID/extracted/kadid10k/images/I08_16_02.png,I08.png,8,16,2,4.27,0.772,18.90287208557129,0.036374077999425936,1
I08_16_04.png,/kaggle/working/MDFS/data/KADID/extracted/kadid10k/images/I08_16_04.png,I08.png,8,16,4,2.53,0.718,20.360471725463867,0.036255648999940604,1
I08_17_01.png,/kaggle/working/MDFS/data/KADID/extracted/kadid10k/images/I08_17_01.png,I08.png,8,17,1,4.63,0.482,18.806303024291992,0.0360177560005468,1
I08_17_03.png,/kaggle/working/MDFS/data/KADID/extracted/kadid10k/images/I08_17_03.png,I08.png,8,17,3,4.47,0.67,18.836116790771484,0.03699883800072712,1
I08_17_05.png,/kaggle/working/MDFS/data/KADID/extracted/kadid10k/images/I08_17_05.png,I08.png,8,17,5,2.47,1.024,21.25203514099121,0.034407055999508884,1
I08_18_02.png,/kaggle/working/MDFS/data/KADID/extracted/kadid10k/images/I08_18_02.png,I08.png,8,18,2,4.5,0.563,18.93687629699707,0.03632010599994828,1
I08_18_04.png,/kaggle/working/MDFS/data/KADID/extracted/kadid10k/images/I08_18_04.png,I08.png,8,18,4,4.53,0.499,19.07175064086914,0.03512907699951029,1
I08_19_01.png,/kaggle/working/MDFS/data/KADID/extracted/kadid10k/images/I08_19_01.png,I08.png,8,19,1,4.7,0.64,18.625093460083008,0.03730125800029782,1
I08_19_03.png,/kaggle/working/MDFS/data/KADID/extracted/kadid10k/images/I08_19_03.png,I08.png,8,19,3,4.17,0.86,18.851900100708008,0.03690758199991251,1
I08_19_05.png,/kaggle/working/MDFS/data/KADID/extracted/kadid10k/images/I08_19_05.png,I08.png,8,19,5,1.35,0.478,23.506980895996094,0.035494256000674795,1
I08_20_02.png,/kaggle/working/MDFS/data/KADID/extracted/kadid10k/images/I08_20_02.png,I08.png,8,20,2,4.4,0.8,18.756591796875,0.03573137599960319,1
I08_20_04.png,/kaggle/working/MDFS/data/KADID/extracted/kadid10k/images/I08_20_04.png,I08.png,8,20,4,3.97,1.08,18.606252670288086,0.03544468499967479,1
I08_21_01.png,/kaggle/working/MDFS/data/KADID/extracted/kadid10k/images/I08_21_01.png,I08.png,8,21,1,4.07,0.854,18.79425811767578,0.03614820700022392,1
I08_21_03.png,/kaggle/working/MDFS/data/KADID/extracted/kadid10k/images/I08_21_03.png,I08.png,8,21,3,3.13,1.176,19.203014373779297,0.0355479549998563,1
I08_21_05.png,/kaggle/working/MDFS/data/KADID/extracted/kadid10k/images/I08_21_05.png,I08.png,8,21,5,1.63,0.605,26.969982147216797,0.032158230999812076,1
I08_22_02.png,/kaggle/working/MDFS/data/KADID/extracted/kadid10k/images/I08_22_02.png,I08.png,8,22,2,2.93,0.892,19.61542510986328,0.03450536799937254,1
I08_22_04.png,/kaggle/working/MDFS/data/KADID/extracted/kadid10k/images/I08_22_04.png,I08.png,8,22,4,2.13,1.176,20.426664352416992,0.03362053599994397,1
I08_23_01.png,/kaggle/working/MDFS/data/KADID/extracted/kadid10k/images/I08_23_01.png,I08.png,8,23,1,2.83,0.969,18.739044189453125,0.03607961299985618,1
I08_23_03.png,/kaggle/working/MDFS/data/KADID/extracted/kadid10k/images/I08_23_03.png,I08.png,8,23,3,2.27,0.727,18.694211959838867,0.03631501800009573,1
I08_23_05.png,/kaggle/working/MDFS/data/KADID/extracted/kadid10k/images/I08_23_05.png,I08.png,8,23,5,2.17,0.86,18.65345001220703,0.03546047500003624,1
I08_24_02.png,/kaggle/working/MDFS/data/KADID/extracted/kadid10k/images/I08_24_02.png,I08.png,8,24,2,2.8,0.748,19.847793579101562,0.03653716400003759,1
I08_24_04.png,/kaggle/working/MDFS/data/KADID/extracted/kadid10k/images/I08_24_04.png,I08.png,8,24,4,1.6,0.611,23.771013259887695,0.03706454999974085,1
I08_25_01.png,/kaggle/working/MDFS/data/KADID/extracted/kadid10k/images/I08_25_01.png,I08.png,8,25,1,3.87,0.806,19.50783348083496,0.03562200600026699,1
I08_25_03.png,/kaggle/working/MDFS/data/KADID/extracted/kadid10k/images/I08_25_03.png,I08.png,8,25,3,4.43,0.559,18.953161239624023,0.03586950999942928,1
I08_25_05.png,/kaggle/working/MDFS/data/KADID/extracted/kadid10k/images/I08_25_05.png,I08.png,8,25,5,3.7,0.737,19.043542861938477,0.0359619439996095,1
I09_01_02.png,/kaggle/working/MDFS/data/KADID/extracted/kadid10k/images/I09_01_02.png,I09.png,9,1,2,3.77,1.023,17.303592681884766,0.036694087999421754,1
I09_01_04.png,/kaggle/working/MDFS/data/KADID/extracted/kadid10k/images/I09_01_04.png,I09.png,9,1,4,1.4,0.49,30.962932586669922,0.036808025000027556,1
I09_02_01.png,/kaggle/working/MDFS/data/KADID/extracted/kadid10k/images/I09_02_01.png,I09.png,9,2,1,3.1,0.79,18.530609130859375,0.0374749000002339,1
I09_02_03.png,/kaggle/working/MDFS/data/KADID/extracted/kadid10k/images/I09_02_03.png,I09.png,9,2,3,1.37,0.482,26.298065185546875,0.036075007999897934,1
I09_02_05.png,/kaggle/working/MDFS/data/KADID/extracted/kadid10k/images/I09_02_05.png,I09.png,9,2,5,1.07,0.249,31.63884925842285,0.03585860199927993,1
I09_03_02.png,/kaggle/working/MDFS/data/KADID/extracted/kadid10k/images/I09_03_02.png,I09.png,9,3,2,3.67,0.869,18.259456634521484,0.03783901600036188,1
I09_03_04.png,/kaggle/working/MDFS/data/KADID/extracted/kadid10k/images/I09_03_04.png,I09.png,9,3,4,1.67,0.699,22.942989349365234,0.037469425999915984,1
I09_04_01.png,/kaggle/working/MDFS/data/KADID/extracted/kadid10k/images/I09_04_01.png,I09.png,9,4,1,4.27,0.512,17.886850357055664,0.03576028600036807,1
I09_04_03.png,/kaggle/working/MDFS/data/KADID/extracted/kadid10k/images/I09_04_03.png,I09.png,9,4,3,1.6,0.712,18.903181076049805,0.035380679999434506,1
I09_04_05.png,/kaggle/working/MDFS/data/KADID/extracted/kadid10k/images/I09_04_05.png,I09.png,9,4,5,1.47,0.763,19.76937484741211,0.03423410499999591,1
I09_05_02.png,/kaggle/working/MDFS/data/KADID/extracted/kadid10k/images/I09_05_02.png,I09.png,9,5,2,1.8,0.653,18.296518325805664,0.03593587599971215,1
I09_05_04.png,/kaggle/working/MDFS/data/KADID/extracted/kadid10k/images/I09_05_04.png,I09.png,9,5,4,1.5,0.563,17.939889907836914,0.03586107899991475,1
I09_06_01.png,/kaggle/working/MDFS/data/KADID/extracted/kadid10k/images/I09_06_01.png,I09.png,9,6,1,3.9,0.651,18.37806510925293,0.0358146399994439,1
I09_06_03.png,/kaggle/working/MDFS/data/KADID/extracted/kadid10k/images/I09_06_03.png,I09.png,9,6,3,3.77,0.92,19.052207946777344,0.033640024999840534,1
I09_06_05.png,/kaggle/working/MDFS/data/KADID/extracted/kadid10k/images/I09_06_05.png,I09.png,9,6,5,2.3,0.936,21.218563079833984,0.031762714000251435,1
I09_07_02.png,/kaggle/working/MDFS/data/KADID/extracted/kadid10k/images/I09_07_02.png,I09.png,9,7,2,2.73,0.998,18.105714797973633,0.035171755000192206,1
I09_07_04.png,/kaggle/working/MDFS/data/KADID/extracted/kadid10k/images/I09_07_04.png,I09.png,9,7,4,2.07,1.031,22.187541961669922,0.03405064299931837,1
I09_08_01.png,/kaggle/working/MDFS/data/KADID/extracted/kadid10k/images/I09_08_01.png,I09.png,9,8,1,4.37,0.482,17.131650924682617,0.03635285800010024,1
I09_08_03.png,/kaggle/working/MDFS/data/KADID/extracted/kadid10k/images/I09_08_03.png,I09.png,9,8,3,2.47,0.957,18.314592361450195,0.03595610899992607,1
I09_08_05.png,/kaggle/working/MDFS/data/KADID/extracted/kadid10k/images/I09_08_05.png,I09.png,9,8,5,1.6,0.663,21.686819076538086,0.03538755499994295,1
I09_09_02.png,/kaggle/working/MDFS/data/KADID/extracted/kadid10k/images/I09_09_02.png,I09.png,9,9,2,3.33,0.907,21.57670783996582,0.036824294999860285,1
I09_09_04.png,/kaggle/working/MDFS/data/KADID/extracted/kadid10k/images/I09_09_04.png,I09.png,9,9,4,1.77,0.716,29.326475143432617,0.03703411199967377,1
I09_10_01.png,/kaggle/working/MDFS/data/KADID/extracted/kadid10k/images/I09_10_01.png,I09.png,9,10,1,3.93,0.854,18.85504722595215,0.03695638699991832,1
I09_10_03.png,/kaggle/working/MDFS/data/KADID/extracted/kadid10k/images/I09_10_03.png,I09.png,9,10,3,3.67,0.83,20.806453704833984,0.037013760000263574,1
I09_10_05.png,/kaggle/working/MDFS/data/KADID/extracted/kadid10k/images/I09_10_05.png,I09.png,9,10,5,1.23,0.496,33.33748245239258,0.034082973999829846,1
I09_11_02.png,/kaggle/working/MDFS/data/KADID/extracted/kadid10k/images/I09_11_02.png,I09.png,9,11,2,3.33,0.943,19.252290725708008,0.03454055900056119,1
I09_11_04.png,/kaggle/working/MDFS/data/KADID/extracted/kadid10k/images/I09_11_04.png,I09.png,9,11,4,2.53,0.718,21.983877182006836,0.03523994799979846,1
I09_12_01.png,/kaggle/working/MDFS/data/KADID/extracted/kadid10k/images/I09_12_01.png,I09.png,9,12,1,4.67,0.471,17.618513107299805,0.035005478999664774,1
I09_12_03.png,/kaggle/working/MDFS/data/KADID/extracted/kadid10k/images/I09_12_03.png,I09.png,9,12,3,2.83,0.969,19.905017852783203,0.034340612999585574,1
I09_12_05.png,/kaggle/working/MDFS/data/KADID/extracted/kadid10k/images/I09_12_05.png,I09.png,9,12,5,2.2,0.702,22.850326538085938,0.034362473000328464,1
I09_13_02.png,/kaggle/working/MDFS/data/KADID/extracted/kadid10k/images/I09_13_02.png,I09.png,9,13,2,2.57,0.844,17.87641716003418,0.036743731000569824,1
I09_13_04.png,/kaggle/working/MDFS/data/KADID/extracted/kadid10k/images/I09_13_04.png,I09.png,9,13,4,2.42,0.834,20.45469856262207,0.03625369400015188,1
I09_14_01.png,/kaggle/working/MDFS/data/KADID/extracted/kadid10k/images/I09_14_01.png,I09.png,9,14,1,4.33,0.978,17.660903930664062,0.03622641099991597,1
I09_14_03.png,/kaggle/working/MDFS/data/KADID/extracted/kadid10k/images/I09_14_03.png,I09.png,9,14,3,2.9,1.075,20.373090744018555,0.03495896399999765,1
I09_14_05.png,/kaggle/working/MDFS/data/KADID/extracted/kadid10k/images/I09_14_05.png,I09.png,9,14,5,1.63,0.706,22.101985931396484,0.03457303100003628,1
I09_15_02.png,/kaggle/working/MDFS/data/KADID/extracted/kadid10k/images/I09_15_02.png,I09.png,9,15,2,2.57,0.883,19.872072219848633,0.03914376800003083,1
I09_15_04.png,/kaggle/working/MDFS/data/KADID/extracted/kadid10k/images/I09_15_04.png,I09.png,9,15,4,1.6,0.8,22.36631202697754,0.03557519800051523,1
I09_16_01.png,/kaggle/working/MDFS/data/KADID/extracted/kadid10k/images/I09_16_01.png,I09.png,9,16,1,4.5,0.563,17.111127853393555,0.035257219999948575,1
I09_16_03.png,/kaggle/working/MDFS/data/KADID/extracted/kadid10k/images/I09_16_03.png,I09.png,9,16,3,3.03,0.847,17.42561149597168,0.03843590599990421,1
I09_16_05.png,/kaggle/working/MDFS/data/KADID/extracted/kadid10k/images/I09_16_05.png,I09.png,9,16,5,1.57,0.716,20.78130340576172,0.035281649000353354,1
I09_17_02.png,/kaggle/working/MDFS/data/KADID/extracted/kadid10k/images/I09_17_02.png,I09.png,9,17,2,4.5,0.563,17.08689308166504,0.03606872199998179,1
I09_17_04.png,/kaggle/working/MDFS/data/KADID/extracted/kadid10k/images/I09_17_04.png,I09.png,9,17,4,3.33,0.83,17.22000503540039,0.03635163500075578,1
I09_18_01.png,/kaggle/working/MDFS/data/KADID/extracted/kadid10k/images/I09_18_01.png,I09.png,9,18,1,4.3,0.526,17.349838256835938,0.03553249199921993,1
I09_18_03.png,/kaggle/working/MDFS/data/KADID/extracted/kadid10k/images/I09_18_03.png,I09.png,9,18,3,4.53,0.499,17.131650924682617,0.03541224400032661,1
I09_18_05.png,/kaggle/working/MDFS/data/KADID/extracted/kadid10k/images/I09_18_05.png,I09.png,9,18,5,3.8,0.792,17.676061630249023,0.03594825499931176,1
I09_19_02.png,/kaggle/working/MDFS/data/KADID/extracted/kadid10k/images/I09_19_02.png,I09.png,9,19,2,3.83,0.734,16.90355682373047,0.03606890900027793,1
I09_19_04.png,/kaggle/working/MDFS/data/KADID/extracted/kadid10k/images/I09_19_04.png,I09.png,9,19,4,1.83,0.687,18.92487144470215,0.035101487999781966,1
I09_20_01.png,/kaggle/working/MDFS/data/KADID/extracted/kadid10k/images/I09_20_01.png,I09.png,9,20,1,4.4,0.663,17.103910446166992,0.0348889289998624,1
I09_20_03.png,/kaggle/working/MDFS/data/KADID/extracted/kadid10k/images/I09_20_03.png,I09.png,9,20,3,4.1,0.7,17.08767318725586,0.035494331999871065,1
I09_20_05.png,/kaggle/working/MDFS/data/KADID/extracted/kadid10k/images/I09_20_05.png,I09.png,9,20,5,3.3,1.1,17.136493682861328,0.035836447999827215,1
I09_21_02.png,/kaggle/working/MDFS/data/KADID/extracted/kadid10k/images/I09_21_02.png,I09.png,9,21,2,3.5,1.176,17.310205459594727,0.03628933300024073,1
I09_21_04.png,/kaggle/working/MDFS/data/KADID/extracted/kadid10k/images/I09_21_04.png,I09.png,9,21,4,3.17,1.157,18.44552993774414,0.03422725799919135,1
I09_22_01.png,/kaggle/working/MDFS/data/KADID/extracted/kadid10k/images/I09_22_01.png,I09.png,9,22,1,4.7,0.458,17.298295974731445,0.03524339200066606,1
I09_22_03.png,/kaggle/working/MDFS/data/KADID/extracted/kadid10k/images/I09_22_03.png,I09.png,9,22,3,4.23,0.883,17.573749542236328,0.03574626499994338,1
I09_22_05.png,/kaggle/working/MDFS/data/KADID/extracted/kadid10k/images/I09_22_05.png,I09.png,9,22,5,3.4,0.757,18.460195541381836,0.03441641300014453,1
I09_23_02.png,/kaggle/working/MDFS/data/KADID/extracted/kadid10k/images/I09_23_02.png,I09.png,9,23,2,2.33,0.907,17.146121978759766,0.03608453999913763,1
I09_23_04.png,/kaggle/working/MDFS/data/KADID/extracted/kadid10k/images/I09_23_04.png,I09.png,9,23,4,2.03,0.948,17.135330200195312,0.03488745499998913,1
I09_24_01.png,/kaggle/working/MDFS/data/KADID/extracted/kadid10k/images/I09_24_01.png,I09.png,9,24,1,3.07,0.814,18.447708129882812,0.035924433000218414,1
I09_24_03.png,/kaggle/working/MDFS/data/KADID/extracted/kadid10k/images/I09_24_03.png,I09.png,9,24,3,1.87,0.718,21.92924690246582,0.03710155400040094,1
I09_24_05.png,/kaggle/working/MDFS/data/KADID/extracted/kadid10k/images/I09_24_05.png,I09.png,9,24,5,1.1,0.3,28.091955184936523,0.03383408899935603,1
I09_25_02.png,/kaggle/working/MDFS/data/KADID/extracted/kadid10k/images/I09_25_02.png,I09.png,9,25,2,3.63,0.795,17.792339324951172,0.03893731700009084,1
I09_25_04.png,/kaggle/working/MDFS/data/KADID/extracted/kadid10k/images/I09_25_04.png,I09.png,9,25,4,4.1,0.597,17.079191207885742,0.036128732999713975,1
I10_01_01.png,/kaggle/working/MDFS/data/KADID/extracted/kadid10k/images/I10_01_01.png,I10.png,10,1,1,4.73,0.442,17.016767501831055,0.03915433500060317,1
I10_01_03.png,/kaggle/working/MDFS/data/KADID/extracted/kadid10k/images/I10_01_03.png,I10.png,10,1,3,2.8,0.872,20.1932315826416,0.03727685299963923,1
I10_01_05.png,/kaggle/working/MDFS/data/KADID/extracted/kadid10k/images/I10_01_05.png,I10.png,10,1,5,1.23,0.423,39.35844039916992,0.0357609329994375,1
I10_02_02.png,/kaggle/working/MDFS/data/KADID/extracted/kadid10k/images/I10_02_02.png,I10.png,10,2,2,2.57,0.761,21.887998580932617,0.03909781699985615,1
I10_02_04.png,/kaggle/working/MDFS/data/KADID/extracted/kadid10k/images/I10_02_04.png,I10.png,10,2,4,1.27,0.442,30.74370574951172,0.03456373500011978,1
I10_03_01.png,/kaggle/working/MDFS/data/KADID/extracted/kadid10k/images/I10_03_01.png,I10.png,10,3,1,4.67,0.471,17.016767501831055,0.03591238199987856,1
I10_03_03.png,/kaggle/working/MDFS/data/KADID/extracted/kadid10k/images/I10_03_03.png,I10.png,10,3,3,2.9,0.907,19.07642364501953,0.03715207200002624,1
I10_03_05.png,/kaggle/working/MDFS/data/KADID/extracted/kadid10k/images/I10_03_05.png,I10.png,10,3,5,1.4,0.554,20.790325164794922,0.03629037800055812,1
I10_04_02.png,/kaggle/working/MDFS/data/KADID/extracted/kadid10k/images/I10_04_02.png,I10.png,10,4,2,2.93,1.062,18.391984939575195,0.035685838000063086,1
I10_04_04.png,/kaggle/working/MDFS/data/KADID/extracted/kadid10k/images/I10_04_04.png,I10.png,10,4,4,1.53,0.921,19.517576217651367,0.03450969299956341,1
I10_05_01.png,/kaggle/working/MDFS/data/KADID/extracted/kadid10k/images/I10_05_01.png,I10.png,10,5,1,4.63,0.482,17.645437240600586,0.03580023999984405,1
I10_05_03.png,/kaggle/working/MDFS/data/KADID/extracted/kadid10k/images/I10_05_03.png,I10.png,10,5,3,1.73,0.629,18.004602432250977,0.03653919899988978,1
I10_05_05.png,/kaggle/working/MDFS/data/KADID/extracted/kadid10k/images/I10_05_05.png,I10.png,10,5,5,1.83,0.734,17.830280303955078,0.036448947000280896,1
I10_06_02.png,/kaggle/working/MDFS/data/KADID/extracted/kadid10k/images/I10_06_02.png,I10.png,10,6,2,3.83,0.898,18.480754852294922,0.03188137400047708,1
I10_06_04.png,/kaggle/working/MDFS/data/KADID/extracted/kadid10k/images/I10_06_04.png,I10.png,10,6,4,3.13,0.991,20.624929428100586,0.03170752100049867,1
I10_07_01.png,/kaggle/working/MDFS/data/KADID/extracted/kadid10k/images/I10_07_01.png,I10.png,10,7,1,3.27,1.062,17.166057586669922,0.036042168999301794,1
I10_07_03.png,/kaggle/working/MDFS/data/KADID/extracted/kadid10k/images/I10_07_03.png,I10.png,10,7,3,2.23,0.844,18.66900634765625,0.03498535700055072,1
I10_07_05.png,/kaggle/working/MDFS/data/KADID/extracted/kadid10k/images/I10_07_05.png,I10.png,10,7,5,1.83,0.82,18.850696563720703,0.03499882699998125,1
I10_08_02.png,/kaggle/working/MDFS/data/KADID/extracted/kadid10k/images/I10_08_02.png,I10.png,10,8,2,3.03,1.016,17.746591567993164,0.03578108100009558,1
I10_08_04.png,/kaggle/working/MDFS/data/KADID/extracted/kadid10k/images/I10_08_04.png,I10.png,10,8,4,1.63,0.875,19.748971939086914,0.03573018499992031,1
I10_09_01.png,/kaggle/working/MDFS/data/KADID/extracted/kadid10k/images/I10_09_01.png,I10.png,10,9,1,4.7,0.458,17.258872985839844,0.03588958300042577,1
I10_09_03.png,/kaggle/working/MDFS/data/KADID/extracted/kadid10k/images/I10_09_03.png,I10.png,10,9,3,4.03,0.836,20.44163703918457,0.03522248699937336,1
I10_09_05.png,/kaggle/working/MDFS/data/KADID/extracted/kadid10k/images/I10_09_05.png,I10.png,10,9,5,1.13,0.34,34.36811065673828,0.035338718999810226,1
I10_10_02.png,/kaggle/working/MDFS/data/KADID/extracted/kadid10k/images/I10_10_02.png,I10.png,10,10,2,4.23,0.559,18.96954345703125,0.035861217999809014,1
I10_10_04.png,/kaggle/working/MDFS/data/KADID/extracted/kadid10k/images/I10_10_04.png,I10.png,10,10,4,1.57,0.496,26.521663665771484,0.03365249099988432,1
I10_11_01.png,/kaggle/working/MDFS/data/KADID/extracted/kadid10k/images/I10_11_01.png,I10.png,10,11,1,3.1,0.79,18.598541259765625,0.03381254000032641,1
I10_11_03.png,/kaggle/working/MDFS/data/KADID/extracted/kadid10k/images/I10_11_03.png,I10.png,10,11,3,2.83,0.687,20.883617401123047,0.03469221400064271,1
I10_11_05.png,/kaggle/working/MDFS/data/KADID/extracted/kadid10k/images/I10_11_05.png,I10.png,10,11,5,1.8,0.792,25.310375213623047,0.034606159999384545,1
I10_12_02.png,/kaggle/working/MDFS/data/KADID/extracted/kadid10k/images/I10_12_02.png,I10.png,10,12,2,3.0,0.683,18.81692886352539,0.0338839400001234,1
I10_12_04.png,/kaggle/working/MDFS/data/KADID/extracted/kadid10k/images/I10_12_04.png,I10.png,10,12,4,2.33,0.869,22.686880111694336,0.03478494699993462,1
I10_13_01.png,/kaggle/working/MDFS/data/KADID/extracted/kadid10k/images/I10_13_01.png,I10.png,10,13,1,3.57,0.883,17.202234268188477,0.03662092200011102,1
I10_13_03.png,/kaggle/working/MDFS/data/KADID/extracted/kadid10k/images/I10_13_03.png,I10.png,10,13,3,2.3,0.862,19.748905181884766,0.03519474800032185,1
I10_13_05.png,/kaggle/working/MDFS/data/KADID/extracted/kadid10k/images/I10_13_05.png,I10.png,10,13,5,1.97,0.706,24.965076446533203,0.035707539999748406,1
I10_14_02.png,/kaggle/working/MDFS/data/KADID/extracted/kadid10k/images/I10_14_02.png,I10.png,10,14,2,3.2,0.909,18.77954864501953,0.035451895999358385,1
I10_14_04.png,/kaggle/working/MDFS/data/KADID/extracted/kadid10k/images/I10_14_04.png,I10.png,10,14,4,2.07,0.68,21.83142852783203,0.034977570000592095,1
I10_15_01.png,/kaggle/working/MDFS/data/KADID/extracted/kadid10k/images/I10_15_01.png,I10.png,10,15,1,3.6,0.712,19.211021423339844,0.037404053000500426,1
I10_15_03.png,/kaggle/working/MDFS/data/KADID/extracted/kadid10k/images/I10_15_03.png,I10.png,10,15,3,2.03,0.595,22.33173370361328,0.034989841999959026,1
I10_15_05.png,/kaggle/working/MDFS/data/KADID/extracted/kadid10k/images/I10_15_05.png,I10.png,10,15,5,1.37,0.547,25.666563034057617,0.03412059099991893,1
I10_16_02.png,/kaggle/working/MDFS/data/KADID/extracted/kadid10k/images/I10_16_02.png,I10.png,10,16,2,4.17,0.734,16.981176376342773,0.03724315099952946,1
I10_16_04.png,/kaggle/working/MDFS/data/KADID/extracted/kadid10k/images/I10_16_04.png,I10.png,10,16,4,2.77,0.92,18.394716262817383,0.03681694500028243,1
I10_17_01.png,/kaggle/working/MDFS/data/KADID/extracted/kadid10k/images/I10_17_01.png,I10.png,10,17,1,4.87,0.34,17.034547805786133,0.036725242999636976,1
I10_17_03.png,/kaggle/working/MDFS/data/KADID/extracted/kadid10k/images/I10_17_03.png,I10.png,10,17,3,4.23,0.667,17.073131561279297,0.036729907000335515,1
I10_17_05.png,/kaggle/working/MDFS/data/KADID/extracted/kadid10k/images/I10_17_05.png,I10.png,10,17,5,2.27,1.031,18.37580108642578,0.035732049999751325,1
I10_18_02.png,/kaggle/working/MDFS/data/KADID/extracted/kadid10k/images/I10_18_02.png,I10.png,10,18,2,4.57,0.559,17.060121536254883,0.037292306999916036,1
I10_18_04.png,/kaggle/working/MDFS/data/KADID/extracted/kadid10k/images/I10_18_04.png,I10.png,10,18,4,4.57,0.559,17.20417594909668,0.03766219999943132,1
I10_19_01.png,/kaggle/working/MDFS/data/KADID/extracted/kadid10k/images/I10_19_01.png,I10.png,10,19,1,4.63,0.547,16.779457092285156,0.03716793900002813,1
I10_19_03.png,/kaggle/working/MDFS/data/KADID/extracted/kadid10k/images/I10_19_03.png,I10.png,10,19,3,3.43,0.883,16.770069122314453,0.036124639000263414,1
I10_19_05.png,/kaggle/working/MDFS/data/KADID/extracted/kadid10k/images/I10_19_05.png,I10.png,10,19,5,1.2,0.4,20.602285385131836,0.03423908000058873,1
I10_20_02.png,/kaggle/working/MDFS/data/KADID/extracted/kadid10k/images/I10_20_02.png,I10.png,10,20,2,4.47,0.718,17.033401489257812,0.03822787799981597,1
I10_20_04.png,/kaggle/working/MDFS/data/KADID/extracted/kadid10k/images/I10_20_04.png,I10.png,10,20,4,4.23,1.023,16.83203887939453,0.03867555699980585,1
I10_21_01.png,/kaggle/working/MDFS/data/KADID/extracted/kadid10k/images/I10_21_01.png,I10.png,10,21,1,3.27,0.964,16.522470474243164,0.037686941999709234,1
I10_21_03.png,/kaggle/working/MDFS/data/KADID/extracted/kadid10k/images/I10_21_03.png,I10.png,10,21,3,2.43,0.883,16.958515167236328,0.034909236000203236,1
I10_21_05.png,/kaggle/working/MDFS/data/KADID/extracted/kadid10k/images/I10_21_05.png,I10.png,10,21,5,1.23,0.423,24.87596321105957,0.03142796999964048,1
I10_22_02.png,/kaggle/working/MDFS/data/KADID/extracted/kadid10k/images/I10_22_02.png,I10.png,10,22,2,3.87,0.884,17.336135864257812,0.03476745099942491,1
I10_22_04.png,/kaggle/working/MDFS/data/KADID/extracted/kadid10k/images/I10_22_04.png,I10.png,10,22,4,3.03,0.912,18.340505599975586,0.03413730800002668,1
I10_23_01.png,/kaggle/working/MDFS/data/KADID/extracted/kadid10k/images/I10_23_01.png,I10.png,10,23,1,2.93,1.236,16.92702293395996,0.03601235699989047,1
I10_23_03.png,/kaggle/working/MDFS/data/KADID/extracted/kadid10k/images/I10_23_03.png,I10.png,10,23,3,2.57,0.92,16.8670654296875,0.03534453100019164,1
I10_23_05.png,/kaggle/working/MDFS/data/KADID/extracted/kadid10k/images/I10_23_05.png,I10.png,10,23,5,2.23,0.92,16.894920349121094,0.036790380000638834,1
I10_24_02.png,/kaggle/working/MDFS/data/KADID/extracted/kadid10k/images/I10_24_02.png,I10.png,10,24,2,2.63,0.875,19.23419761657715,0.03681999899981747,1
I10_24_04.png,/kaggle/working/MDFS/data/KADID/extracted/kadid10k/images/I10_24_04.png,I10.png,10,24,4,1.5,0.563,22.62653923034668,0.04535196399956476,1
I10_25_01.png,/kaggle/working/MDFS/data/KADID/extracted/kadid10k/images/I10_25_01.png,I10.png,10,25,1,3.23,0.955,17.815746307373047,0.04056381099962891,1
I10_25_03.png,/kaggle/working/MDFS/data/KADID/extracted/kadid10k/images/I10_25_03.png,I10.png,10,25,3,4.37,0.706,17.14019203186035,0.03668974100037303,1
I10_25_05.png,/kaggle/working/MDFS/data/KADID/extracted/kadid10k/images/I10_25_05.png,I10.png,10,25,5,3.83,0.637,16.89543914794922,0.03676437600006466,1
I11_01_02.png,/kaggle/working/MDFS/data/KADID/extracted/kadid10k/images/I11_01_02.png,I11.png,11,1,2,4.07,0.573,16.47936248779297,0.03617668600054458,1
I11_01_04.png,/kaggle/working/MDFS/data/KADID/extracted/kadid10k/images/I11_01_04.png,I11.png,11,1,4,1.77,0.803,29.389387130737305,0.036547435999636946,1
I11_02_01.png,/kaggle/working/MDFS/data/KADID/extracted/kadid10k/images/I11_02_01.png,I11.png,11,2,1,3.4,0.757,17.767681121826172,0.0589126570002918,1
I11_02_03.png,/kaggle/working/MDFS/data/KADID/extracted/kadid10k/images/I11_02_03.png,I11.png,11,2,3,1.77,0.559,26.165971755981445,0.05426916799933679,1
I11_02_05.png,/kaggle/working/MDFS/data/KADID/extracted/kadid10k/images/I11_02_05.png,I11.png,11,2,5,1.27,0.442,32.15870666503906,0.03513792800004012,1
I11_03_02.png,/kaggle/working/MDFS/data/KADID/extracted/kadid10k/images/I11_03_02.png,I11.png,11,3,2,3.57,0.883,18.140535354614258,0.03786615399985749,1
I11_03_04.png,/kaggle/working/MDFS/data/KADID/extracted/kadid10k/images/I11_03_04.png,I11.png,11,3,4,2.1,0.7,21.4089412689209,0.035790642000392836,1
I11_04_01.png,/kaggle/working/MDFS/data/KADID/extracted/kadid10k/images/I11_04_01.png,I11.png,11,4,1,4.47,0.562,17.009016036987305,0.03549691799980792,1
I11_04_03.png,/kaggle/working/MDFS/data/KADID/extracted/kadid10k/images/I11_04_03.png,I11.png,11,4,3,2.0,1.0,19.04094696044922,0.03556916200068372,1
I11_04_05.png,/kaggle/working/MDFS/data/KADID/extracted/kadid10k/images/I11_04_05.png,I11.png,11,4,5,1.6,0.8,20.623977661132812,0.03630728799998906,1
I11_05_02.png,/kaggle/working/MDFS/data/KADID/extracted/kadid10k/images/I11_05_02.png,I11.png,11,5,2,1.77,0.844,17.846662521362305,0.03677635399981227,1
I11_05_04.png,/kaggle/working/MDFS/data/KADID/extracted/kadid10k/images/I11_05_04.png,I11.png,11,5,4,2.03,0.547,17.372055053710938,0.03632230699986394,1
I11_06_01.png,/kaggle/working/MDFS/data/KADID/extracted/kadid10k/images/I11_06_01.png,I11.png,11,6,1,4.17,0.86,17.867324829101562,0.034521090000453114,1
I11_06_03.png,/kaggle/working/MDFS/data/KADID/extracted/kadid10k/images/I11_06_03.png,I11.png,11,6,3,4.03,0.983,18.395811080932617,0.034592298999996274,1
I11_06_05.png,/kaggle/working/MDFS/data/KADID/extracted/kadid10k/images/I11_06_05.png,I11.png,11,6,5,1.9,0.907,21.10890769958496,0.03276839899990591,1
I11_07_02.png,/kaggle/working/MDFS/data/KADID/extracted/kadid10k/images/I11_07_02.png,I11.png,11,7,2,2.53,1.024,17.613677978515625,0.036415360999853874,1
I11_07_04.png,/kaggle/working/MDFS/data/KADID/extracted/kadid10k/images/I11_07_04.png,I11.png,11,7,4,2.6,1.143,21.034074783325195,0.03534465899974748,1
I11_08_01.png,/kaggle/working/MDFS/data/KADID/extracted/kadid10k/images/I11_08_01.png,I11.png,11,8,1,4.53,0.499,16.45688247680664,0.03637386199989123,1
I11_08_03.png,/kaggle/working/MDFS/data/KADID/extracted/kadid10k/images/I11_08_03.png,I11.png,11,8,3,2.9,0.978,18.12262535095215,0.0364025919998312,1
I11_08_05.png,/kaggle/working/MDFS/data/KADID/extracted/kadid10k/images/I11_08_05.png,I11.png,11,8,5,1.47,0.618,20.943769454956055,0.03684877000068809,1
I11_09_02.png,/kaggle/working/MDFS/data/KADID/extracted/kadid10k/images/I11_09_02.png,I11.png,11,9,2,4.27,0.727,18.796659469604492,0.038076345000263245,1
I11_09_04.png,/kaggle/working/MDFS/data/KADID/extracted/kadid10k/images/I11_09_04.png,I11.png,11,9,4,2.27,0.854,26.6336669921875,0.037050484999781474,1
I11_10_01.png,/kaggle/working/MDFS/data/KADID/extracted/kadid10k/images/I11_10_01.png,I11.png,11,10,1,4.43,0.667,18.637676239013672,0.03688056900045922,1
I11_10_03.png,/kaggle/working/MDFS/data/KADID/extracted/kadid10k/images/I11_10_03.png,I11.png,11,10,3,4.03,0.752,21.381145477294922,0.03738898800020252,1
I11_10_05.png,/kaggle/working/MDFS/data/KADID/extracted/kadid10k/images/I11_10_05.png,I11.png,11,10,5,1.16,0.368,33.99922180175781,0.03358334799941076,1
I11_11_02.png,/kaggle/working/MDFS/data/KADID/extracted/kadid10k/images/I11_11_02.png,I11.png,11,11,2,2.9,0.893,19.18256378173828,0.03527145099997142,1
I11_11_04.png,/kaggle/working/MDFS/data/KADID/extracted/kadid10k/images/I11_11_04.png,I11.png,11,11,4,2.47,0.562,22.057491302490234,0.03448806500000501,1
I11_12_01.png,/kaggle/working/MDFS/data/KADID/extracted/kadid10k/images/I11_12_01.png,I11.png,11,12,1,4.53,0.718,17.268390655517578,0.03524027399998886,1
I11_12_03.png,/kaggle/working/MDFS/data/KADID/extracted/kadid10k/images/I11_12_03.png,I11.png,11,12,3,3.0,0.775,19.77422332763672,0.03491405099975964,1
I11_12_05.png,/kaggle/working/MDFS/data/KADID/extracted/kadid10k/images/I11_12_05.png,I11.png,11,12,5,2.13,0.763,23.552473068237305,0.035005364999960875,1
I11_13_02.png,/kaggle/working/MDFS/data/KADID/extracted/kadid10k/images/I11_13_02.png,I11.png,11,13,2,2.67,0.869,17.647401809692383,0.03616176000014093,1
I11_13_04.png,/kaggle/working/MDFS/data/KADID/extracted/kadid10k/images/I11_13_04.png,I11.png,11,13,4,2.4,0.712,21.36040496826172,0.03616157399937947,1
I11_14_01.png,/kaggle/working/MDFS/data/KADID/extracted/kadid10k/images/I11_14_01.png,I11.png,11,14,1,4.57,0.616,16.980619430541992,0.03536652699949627,1
I11_14_03.png,/kaggle/working/MDFS/data/KADID/extracted/kadid10k/images/I11_14_03.png,I11.png,11,14,3,2.8,0.792,17.991609573364258,0.034697723999670416,1
I11_14_05.png,/kaggle/working/MDFS/data/KADID/extracted/kadid10k/images/I11_14_05.png,I11.png,11,14,5,2.23,0.616,21.25189971923828,0.03549162699982844,1
I11_15_02.png,/kaggle/working/MDFS/data/KADID/extracted/kadid10k/images/I11_15_02.png,I11.png,11,15,2,2.23,0.667,21.732362747192383,0.0373891929993988,1
I11_15_04.png,/kaggle/working/MDFS/data/KADID/extracted/kadid10k/images/I11_15_04.png,I11.png,11,15,4,1.37,0.657,24.761028289794922,0.03609165599937114,1
I11_16_01.png,/kaggle/working/MDFS/data/KADID/extracted/kadid10k/images/I11_16_01.png,I11.png,11,16,1,4.43,0.559,16.412769317626953,0.036938599999302824,1
I11_16_03.png,/kaggle/working/MDFS/data/KADID/extracted/kadid10k/images/I11_16_03.png,I11.png,11,16,3,3.7,0.823,16.355846405029297,0.0369600129997707,1
I11_16_05.png,/kaggle/working/MDFS/data/KADID/extracted/kadid10k/images/I11_16_05.png,I11.png,11,16,5,2.6,1.052,17.76799774169922,0.03561771199929353,1
I11_17_02.png,/kaggle/working/MDFS/data/KADID/extracted/kadid10k/images/I11_17_02.png,I11.png,11,17,2,4.67,0.537,16.5231876373291,0.03654630600067321,1
I11_17_04.png,/kaggle/working/MDFS/data/KADID/extracted/kadid10k/images/I11_17_04.png,I11.png,11,17,4,3.33,0.943,16.916030883789062,0.036209276999215945,1
I11_18_01.png,/kaggle/working/MDFS/data/KADID/extracted/kadid10k/images/I11_18_01.png,I11.png,11,18,1,4.23,0.616,16.41686248779297,0.036713282999699004,1
I11_18_03.png,/kaggle/working/MDFS/data/KADID/extracted/kadid10k/images/I11_18_03.png,I11.png,11,18,3,4.68,0.642,16.45688247680664,0.036296562999268644,1
I11_18_05.png,/kaggle/working/MDFS/data/KADID/extracted/kadid10k/images/I11_18_05.png,I11.png,11,18,5,3.47,0.957,16.898296356201172,0.03590976600025897,1
I11_19_02.png,/kaggle/working/MDFS/data/KADID/extracted/kadid10k/images/I11_19_02.png,I11.png,11,19,2,4.23,0.496,16.370014190673828,0.036464060000071186,1
I11_19_04.png,/kaggle/working/MDFS/data/KADID/extracted/kadid10k/images/I11_19_04.png,I11.png,11,19,4,1.87,0.67,18.425643920898438,0.035548408000067866,1
I11_20_01.png,/kaggle/working/MDFS/data/KADID/extracted/kadid10k/images/I11_20_01.png,I11.png,11,20,1,4.47,0.499,16.43824005126953,0.03703030099950411,1
I11_20_03.png,/kaggle/working/MDFS/data/KADID/extracted/kadid10k/images/I11_20_03.png,I11.png,11,20,3,4.17,0.82,16.368436813354492,0.03638479299934261,1
I11_20_05.png,/kaggle/working/MDFS/data/KADID/extracted/kadid10k/images/I11_20_05.png,I11.png,11,20,5,4.03,0.836,16.3435115814209,0.036535865000587364,1
I11_21_02.png,/kaggle/working/MDFS/data/KADID/extracted/kadid10k/images/I11_21_02.png,I11.png,11,21,2,3.9,1.012,16.63362693786621,0.03603090200067527,1
I11_21_04.png,/kaggle/working/MDFS/data/KADID/extracted/kadid10k/images/I11_21_04.png,I11.png,11,21,4,2.93,1.153,17.670331954956055,0.03590192899991962,1
I11_22_01.png,/kaggle/working/MDFS/data/KADID/extracted/kadid10k/images/I11_22_01.png,I11.png,11,22,1,4.1,0.87,16.660505294799805,0.03582895800082042,1
I11_22_03.png,/kaggle/working/MDFS/data/KADID/extracted/kadid10k/images/I11_22_03.png,I11.png,11,22,3,3.1,0.87,16.839374542236328,0.03449437200015382,1
I11_22_05.png,/kaggle/working/MDFS/data/KADID/extracted/kadid10k/images/I11_22_05.png,I11.png,11,22,5,2.27,0.854,18.31608772277832,0.03351472800022748,1
I11_23_02.png,/kaggle/working/MDFS/data/KADID/extracted/kadid10k/images/I11_23_02.png,I11.png,11,23,2,1.63,0.547,16.402254104614258,0.036912511000082304,1
I11_23_04.png,/kaggle/working/MDFS/data/KADID/extracted/kadid10k/images/I11_23_04.png,I11.png,11,23,4,2.07,0.854,16.473527908325195,0.03594482500011509,1
I11_24_01.png,/kaggle/working/MDFS/data/KADID/extracted/kadid10k/images/I11_24_01.png,I11.png,11,24,1,3.3,0.823,17.028823852539062,0.03569835999951465,1
I11_24_03.png,/kaggle/working/MDFS/data/KADID/extracted/kadid10k/images/I11_24_03.png,I11.png,11,24,3,1.83,0.687,19.093612670898438,0.037350642000092193,1
I11_24_05.png,/kaggle/working/MDFS/data/KADID/extracted/kadid10k/images/I11_24_05.png,I11.png,11,24,5,1.13,0.34,25.0388126373291,0.03839542400055507,1
I11_25_02.png,/kaggle/working/MDFS/data/KADID/extracted/kadid10k/images/I11_25_02.png,I11.png,11,25,2,3.57,0.883,16.453367233276367,0.037421601000460214,1
I11_25_04.png,/kaggle/working/MDFS/data/KADID/extracted/kadid10k/images/I11_25_04.png,I11.png,11,25,4,3.73,0.772,16.64580726623535,0.036914731999786454,1
I12_01_01.png,/kaggle/working/MDFS/data/KADID/extracted/kadid10k/images/I12_01_01.png,I12.png,12,1,1,4.53,0.618,17.764551162719727,0.036817039999732515,1
I12_01_03.png,/kaggle/working/MDFS/data/KADID/extracted/kadid10k/images/I12_01_03.png,I12.png,12,1,3,2.4,0.49,22.05484962463379,0.03651303300011932,1
I12_01_05.png,/kaggle/working/MDFS/data/KADID/extracted/kadid10k/images/I12_01_05.png,I12.png,12,1,5,1.17,0.373,41.03359603881836,0.035464241999761725,1
I12_02_02.png,/kaggle/working/MDFS/data/KADID/extracted/kadid10k/images/I12_02_02.png,I12.png,12,2,2,2.0,0.775,24.053699493408203,0.0370198190003066,1
I12_02_04.png,/kaggle/working/MDFS/data/KADID/extracted/kadid10k/images/I12_02_04.png,I12.png,12,2,4,1.37,0.482,28.249570846557617,0.03721201500047755,1
I12_03_01.png,/kaggle/working/MDFS/data/KADID/extracted/kadid10k/images/I12_03_01.png,I12.png,12,3,1,4.53,0.562,17.764551162719727,0.03736331800064363,1
I12_03_03.png,/kaggle/working/MDFS/data/KADID/extracted/kadid10k/images/I12_03_03.png,I12.png,12,3,3,2.06,0.669,23.044811248779297,0.036134025000137626,1
I12_03_05.png,/kaggle/working/MDFS/data/KADID/extracted/kadid10k/images/I12_03_05.png,I12.png,12,3,5,1.37,0.482,25.33824920654297,0.03738083200005349,1
I12_04_02.png,/kaggle/working/MDFS/data/KADID/extracted/kadid10k/images/I12_04_02.png,I12.png,12,4,2,2.63,1.016,19.514488220214844,0.03624596500048938,1
I12_04_04.png,/kaggle/working/MDFS/data/KADID/extracted/kadid10k/images/I12_04_04.png,I12.png,12,4,4,1.53,0.806,21.26921272277832,0.03666003500075021,1
I12_05_01.png,/kaggle/working/MDFS/data/KADID/extracted/kadid10k/images/I12_05_01.png,I12.png,12,5,1,3.0,1.033,19.3399715423584,0.03761376599959476,1
I12_05_03.png,/kaggle/working/MDFS/data/KADID/extracted/kadid10k/images/I12_05_03.png,I12.png,12,5,3,1.4,0.49,19.756742477416992,0.037295715999789536,1
I12_05_05.png,/kaggle/working/MDFS/data/KADID/extracted/kadid10k/images/I12_05_05.png,I12.png,12,5,5,1.2,0.4,19.26352882385254,0.0367933819998143,1
I12_06_02.png,/kaggle/working/MDFS/data/KADID/extracted/kadid10k/images/I12_06_02.png,I12.png,12,6,2,4.06,0.716,19.16508674621582,0.035360473000764614,1
I12_06_04.png,/kaggle/working/MDFS/data/KADID/extracted/kadid10k/images/I12_06_04.png,I12.png,12,6,4,3.27,0.929,21.736391067504883,0.03339836099985405,1
I12_07_01.png,/kaggle/working/MDFS/data/KADID/extracted/kadid10k/images/I12_07_01.png,I12.png,12,7,1,2.4,1.2,18.5209903717041,0.03591903100004856,1
I12_07_03.png,/kaggle/working/MDFS/data/KADID/extracted/kadid10k/images/I12_07_03.png,I12.png,12,7,3,2.67,1.135,19.651575088500977,0.03693820599983155,1
I12_07_05.png,/kaggle/working/MDFS/data/KADID/extracted/kadid10k/images/I12_07_05.png,I12.png,12,7,5,1.93,0.929,18.755306243896484,0.03667365500041342,1
I12_08_02.png,/kaggle/working/MDFS/data/KADID/extracted/kadid10k/images/I12_08_02.png,I12.png,12,8,2,3.5,0.847,18.30095672607422,0.03738381000039226,1
I12_08_04.png,/kaggle/working/MDFS/data/KADID/extracted/kadid10k/images/I12_08_04.png,I12.png,12,8,4,2.55,1.073,20.099454879760742,0.0355697009999858,1
I12_09_01.png,/kaggle/working/MDFS/data/KADID/extracted/kadid10k/images/I12_09_01.png,I12.png,12,9,1,4.13,0.618,19.803434371948242,0.03719369300051767,1
I12_09_03.png,/kaggle/working/MDFS/data/KADID/extracted/kadid10k/images/I12_09_03.png,I12.png,12,9,3,2.6,0.987,25.241689682006836,0.03792950700062647,1
I12_09_05.png,/kaggle/working/MDFS/data/KADID/extracted/kadid10k/images/I12_09_05.png,I12.png,12,9,5,1.1,0.3,37.735809326171875,0.036279294000451046,1
I12_10_02.png,/kaggle/working/MDFS/data/KADID/extracted/kadid10k/images/I12_10_02.png,I12.png,12,10,2,4.3,0.737,19.197782516479492,0.03720573499958846,1
I12_10_04.png,/kaggle/working/MDFS/data/KADID/extracted/kadid10k/images/I12_10_04.png,I12.png,12,10,4,2.66,1.049,27.039840698242188,0.03587802600031864,1
I12_11_01.png,/kaggle/working/MDFS/data/KADID/extracted/kadid10k/images/I12_11_01.png,I12.png,12,11,1,4.48,0.615,18.527570724487305,0.03592130700053531,1
I12_11_03.png,/kaggle/working/MDFS/data/KADID/extracted/kadid10k/images/I12_11_03.png,I12.png,12,11,3,3.83,0.82,19.887081146240234,0.03597906100003456,1
I12_11_05.png,/kaggle/working/MDFS/data/KADID/extracted/kadid10k/images/I12_11_05.png,I12.png,12,11,5,2.53,0.763,23.37622833251953,0.03521029100011219,1
I12_12_02.png,/kaggle/working/MDFS/data/KADID/extracted/kadid10k/images/I12_12_02.png,I12.png,12,12,2,4.4,0.611,18.794946670532227,0.03568967499995779,1
I12_12_04.png,/kaggle/working/MDFS/data/KADID/extracted/kadid10k/images/I12_12_04.png,I12.png,12,12,4,3.33,0.83,21.091279983520508,0.03479033100029483,1
I12_13_01.png,/kaggle/working/MDFS/data/KADID/extracted/kadid10k/images/I12_13_01.png,I12.png,12,13,1,4.3,0.69,17.754737854003906,0.0367484959997455,1
I12_13_03.png,/kaggle/working/MDFS/data/KADID/extracted/kadid10k/images/I12_13_03.png,I12.png,12,13,3,3.03,0.948,18.756202697753906,0.03696182499970746,1
I12_13_05.png,/kaggle/working/MDFS/data/KADID/extracted/kadid10k/images/I12_13_05.png,I12.png,12,13,5,2.17,0.637,22.07505989074707,0.03622404399993684,1
I12_14_02.png,/kaggle/working/MDFS/data/KADID/extracted/kadid10k/images/I12_14_02.png,I12.png,12,14,2,4.47,0.562,18.472515106201172,0.034936801999720046,1
I12_14_04.png,/kaggle/working/MDFS/data/KADID/extracted/kadid10k/images/I12_14_04.png,I12.png,12,14,4,3.19,0.737,20.182966232299805,0.03486470400002872,1
I12_15_01.png,/kaggle/working/MDFS/data/KADID/extracted/kadid10k/images/I12_15_01.png,I12.png,12,15,1,3.37,0.875,19.0270938873291,0.038934466999307915,1
I12_15_03.png,/kaggle/working/MDFS/data/KADID/extracted/kadid10k/images/I12_15_03.png,I12.png,12,15,3,2.2,0.702,21.35143280029297,0.04207185799987201,1
I12_15_05.png,/kaggle/working/MDFS/data/KADID/extracted/kadid10k/images/I12_15_05.png,I12.png,12,15,5,1.7,0.69,24.05341339111328,0.03586244800044369,1
I12_16_02.png,/kaggle/working/MDFS/data/KADID/extracted/kadid10k/images/I12_16_02.png,I12.png,12,16,2,4.2,0.702,18.04969024658203,0.03634315199997218,1
I12_16_04.png,/kaggle/working/MDFS/data/KADID/extracted/kadid10k/images/I12_16_04.png,I12.png,12,16,4,2.1,0.651,19.833662033081055,0.036760795999725815,1
I12_17_01.png,/kaggle/working/MDFS/data/KADID/extracted/kadid10k/images/I12_17_01.png,I12.png,12,17,1,4.6,0.49,17.717239379882812,0.035315587000695814,1
I12_17_03.png,/kaggle/working/MDFS/data/KADID/extracted/kadid10k/images/I12_17_03.png,I12.png,12,17,3,4.33,0.596,17.615558624267578,0.036817325999436434,1
I12_17_05.png,/kaggle/working/MDFS/data/KADID/extracted/kadid10k/images/I12_17_05.png,I12.png,12,17,5,2.5,0.847,20.18846893310547,0.036387148999892815,1
I12_18_02.png,/kaggle/working/MDFS/data/KADID/extracted/kadid10k/images/I12_18_02.png,I12.png,12,18,2,4.5,0.719,18.230989456176758,0.03675683300025412,1
I12_18_04.png,/kaggle/working/MDFS/data/KADID/extracted/kadid10k/images/I12_18_04.png,I12.png,12,18,4,4.23,0.761,17.847471237182617,0.03699569499985955,1
I12_19_01.png,/kaggle/working/MDFS/data/KADID/extracted/kadid10k/images/I12_19_01.png,I12.png,12,19,1,4.1,0.651,17.378015518188477,0.03512972100088518,1
I12_19_03.png,/kaggle/working/MDFS/data/KADID/extracted/kadid10k/images/I12_19_03.png,I12.png,12,19,3,2.9,0.831,17.814876556396484,0.03430814199964516,1
I12_19_05.png,/kaggle/working/MDFS/data/KADID/extracted/kadid10k/images/I12_19_05.png,I12.png,12,19,5,1.2,0.4,24.77678871154785,0.03611296300005051,1
I12_20_02.png,/kaggle/working/MDFS/data/KADID/extracted/kadid10k/images/I12_20_02.png,I12.png,12,20,2,4.0,0.775,17.748600006103516,0.03621296999972401,1
I12_20_04.png,/kaggle/working/MDFS/data/KADID/extracted/kadid10k/images/I12_20_04.png,I12.png,12,20,4,3.37,1.224,17.75277328491211,0.035916132000238576,1
I12_21_01.png,/kaggle/working/MDFS/data/KADID/extracted/kadid10k/images/I12_21_01.png,I12.png,12,21,1,3.2,0.748,17.885793685913086,0.03591798599973117,1
I12_21_03.png,/kaggle/working/MDFS/data/KADID/extracted/kadid10k/images/I12_21_03.png,I12.png,12,21,3,2.3,0.862,19.009565353393555,0.03589112099962222,1
I12_21_05.png,/kaggle/working/MDFS/data/KADID/extracted/kadid10k/images/I12_21_05.png,I12.png,12,21,5,1.17,0.373,33.45035934448242,0.03336052699978609,1
I12_22_02.png,/kaggle/working/MDFS/data/KADID/extracted/kadid10k/images/I12_22_02.png,I12.png,12,22,2,4.5,0.563,18.21367645263672,0.03676779000034003,1
I12_22_04.png,/kaggle/working/MDFS/data/KADID/extracted/kadid10k/images/I12_22_04.png,I12.png,12,22,4,4.43,0.716,18.579591751098633,0.03558363999945868,1
I12_23_01.png,/kaggle/working/MDFS/data/KADID/extracted/kadid10k/images/I12_23_01.png,I12.png,12,23,1,2.26,0.915,17.63755226135254,0.0364612240000497,1
I12_23_03.png,/kaggle/working/MDFS/data/KADID/extracted/kadid10k/images/I12_23_03.png,I12.png,12,23,3,2.57,0.92,17.590192794799805,0.03743703300006018,1
I12_23_05.png,/kaggle/working/MDFS/data/KADID/extracted/kadid10k/images/I12_23_05.png,I12.png,12,23,5,2.13,0.884,17.520185470581055,0.036879268000120646,1
I12_24_02.png,/kaggle/working/MDFS/data/KADID/extracted/kadid10k/images/I12_24_02.png,I12.png,12,24,2,1.9,0.79,23.810985565185547,0.03630581400011579,1
I12_24_04.png,/kaggle/working/MDFS/data/KADID/extracted/kadid10k/images/I12_24_04.png,I12.png,12,24,4,1.3,0.526,28.61070442199707,0.03230009199978667,1
I12_25_01.png,/kaggle/working/MDFS/data/KADID/extracted/kadid10k/images/I12_25_01.png,I12.png,12,25,1,3.07,0.892,19.60500717163086,0.03701402700062317,1
I12_25_03.png,/kaggle/working/MDFS/data/KADID/extracted/kadid10k/images/I12_25_03.png,I12.png,12,25,3,4.35,0.65,18.065038681030273,0.03618908899989037,1
I12_25_05.png,/kaggle/working/MDFS/data/KADID/extracted/kadid10k/images/I12_25_05.png,I12.png,12,25,5,3.07,1.031,17.65258026123047,0.035769843000707624,1
I13_01_02.png,/kaggle/working/MDFS/data/KADID/extracted/kadid10k/images/I13_01_02.png,I13.png,13,1,2,4.4,0.611,17.99321746826172,0.03649098799996864,1
I13_01_04.png,/kaggle/working/MDFS/data/KADID/extracted/kadid10k/images/I13_01_04.png,I13.png,13,1,4,2.2,0.792,30.156593322753906,0.035374524999497226,1
I13_02_01.png,/kaggle/working/MDFS/data/KADID/extracted/kadid10k/images/I13_02_01.png,I13.png,13,2,1,3.9,0.907,18.591144561767578,0.03715944799932913,1
I13_02_03.png,/kaggle/working/MDFS/data/KADID/extracted/kadid10k/images/I13_02_03.png,I13.png,13,2,3,1.97,0.657,28.460168838500977,0.036183065999466635,1
I13_02_05.png,/kaggle/working/MDFS/data/KADID/extracted/kadid10k/images/I13_02_05.png,I13.png,13,2,5,1.23,0.423,31.759946823120117,0.03545986500012077,1
I13_03_02.png,/kaggle/working/MDFS/data/KADID/extracted/kadid10k/images/I13_03_02.png,I13.png,13,3,2,4.43,0.559,19.339080810546875,0.036347952999676636,1
I13_03_04.png,/kaggle/working/MDFS/data/KADID/extracted/kadid10k/images/I13_03_04.png,I13.png,13,3,4,2.33,0.537,21.571346282958984,0.036695742000119935,1
I13_04_01.png,/kaggle/working/MDFS/data/KADID/extracted/kadid10k/images/I13_04_01.png,I13.png,13,4,1,4.53,0.562,18.758989334106445,0.03672564299995429,1
I13_04_03.png,/kaggle/working/MDFS/data/KADID/extracted/kadid10k/images/I13_04_03.png,I13.png,13,4,3,2.7,0.971,21.229063034057617,0.03598229099952732,1
I13_04_05.png,/kaggle/working/MDFS/data/KADID/extracted/kadid10k/images/I13_04_05.png,I13.png,13,4,5,2.13,0.884,22.522871017456055,0.034672146999582765,1
I13_05_02.png,/kaggle/working/MDFS/data/KADID/extracted/kadid10k/images/I13_05_02.png,I13.png,13,5,2,3.0,0.966,20.08057403564453,0.036442585999793664,1
I13_05_04.png,/kaggle/working/MDFS/data/KADID/extracted/kadid10k/images/I13_05_04.png,I13.png,13,5,4,2.2,0.98,19.770280838012695,0.03588760000002367,1
I13_06_01.png,/kaggle/working/MDFS/data/KADID/extracted/kadid10k/images/I13_06_01.png,I13.png,13,6,1,3.57,0.883,21.66547393798828,0.03438580300007743,1
I13_06_03.png,/kaggle/working/MDFS/data/KADID/extracted/kadid10k/images/I13_06_03.png,I13.png,13,6,3,3.33,0.907,22.345048904418945,0.03263685700039787,1
I13_06_05.png,/kaggle/working/MDFS/data/KADID/extracted/kadid10k/images/I13_06_05.png,I13.png,13,6,5,2.33,0.745,24.274805068969727,0.0317450659995302,1
I13_07_02.png,/kaggle/working/MDFS/data/KADID/extracted/kadid10k/images/I13_07_02.png,I13.png,13,7,2,2.07,0.998,19.32709503173828,0.03625149300023622,1
I13_07_04.png,/kaggle/working/MDFS/data/KADID/extracted/kadid10k/images/I13_07_04.png,I13.png,13,7,4,2.17,0.969,23.091812133789062,0.03505852999933268,1
I13_08_01.png,/kaggle/working/MDFS/data/KADID/extracted/kadid10k/images/I13_08_01.png,I13.png,13,8,1,4.43,0.716,18.737882614135742,0.03663338000023941,1
I13_08_03.png,/kaggle/working/MDFS/data/KADID/extracted/kadid10k/images/I13_08_03.png,I13.png,13,8,3,3.4,0.8,20.02467155456543,0.03548607700031425,1
I13_08_05.png,/kaggle/working/MDFS/data/KADID/extracted/kadid10k/images/I13_08_05.png,I13.png,13,8,5,2.27,1.062,22.23041343688965,0.035362075999728404,1
I13_09_02.png,/kaggle/working/MDFS/data/KADID/extracted/kadid10k/images/I13_09_02.png,I13.png,13,9,2,4.7,0.69,19.034719467163086,0.03649779499937722,1
I13_09_04.png,/kaggle/working/MDFS/data/KADID/extracted/kadid10k/images/I13_09_04.png,I13.png,13,9,4,3.53,0.884,23.638519287109375,0.0359316049998597,1
I13_10_01.png,/kaggle/working/MDFS/data/KADID/extracted/kadid10k/images/I13_10_01.png,I13.png,13,10,1,4.67,0.537,19.263444900512695,0.03499282700067852,1
I13_10_03.png,/kaggle/working/MDFS/data/KADID/extracted/kadid10k/images/I13_10_03.png,I13.png,13,10,3,3.8,0.945,20.093284606933594,0.035921747000429605,1
I13_10_05.png,/kaggle/working/MDFS/data/KADID/extracted/kadid10k/images/I13_10_05.png,I13.png,13,10,5,1.57,0.559,28.11464500427246,0.03436539899939817,1
I13_11_02.png,/kaggle/working/MDFS/data/KADID/extracted/kadid10k/images/I13_11_02.png,I13.png,13,11,2,3.48,0.979,21.749536514282227,0.03457934900052351,1
I13_11_04.png,/kaggle/working/MDFS/data/KADID/extracted/kadid10k/images/I13_11_04.png,I13.png,13,11,4,2.63,0.752,23.49043083190918,0.03423469200060936,1
I13_12_01.png,/kaggle/working/MDFS/data/KADID/extracted/kadid10k/images/I13_12_01.png,I13.png,13,12,1,4.57,0.559,19.90872573852539,0.03686825900058466,1
I13_12_03.png,/kaggle/working/MDFS/data/KADID/extracted/kadid10k/images/I13_12_03.png,I13.png,13,12,3,3.3,0.69,22.26626205444336,0.03691910499946971,1
I13_12_05.png,/kaggle/working/MDFS/data/KADID/extracted/kadid10k/images/I13_12_05.png,I13.png,13,12,5,2.37,0.795,24.51222801208496,0.03537454199977219,1
I13_13_02.png,/kaggle/working/MDFS/data/KADID/extracted/kadid10k/images/I13_13_02.png,I13.png,13,13,2,3.07,0.727,19.627487182617188,0.03632342699984292,1
I13_13_04.png,/kaggle/working/MDFS/data/KADID/extracted/kadid10k/images/I13_13_04.png,I13.png,13,13,4,2.3,0.737,23.243000030517578,0.034955195000293315,1
I13_14_01.png,/kaggle/working/MDFS/data/KADID/extracted/kadid10k/images/I13_14_01.png,I13.png,13,14,1,4.37,0.605,19.518537521362305,0.03541884700007358,1
I13_14_03.png,/kaggle/working/MDFS/data/KADID/extracted/kadid10k/images/I13_14_03.png,I13.png,13,14,3,3.4,0.917,21.16446304321289,0.03537381000023743,1
I13_14_05.png,/kaggle/working/MDFS/data/KADID/extracted/kadid10k/images/I13_14_05.png,I13.png,13,14,5,2.3,0.823,24.029251098632812,0.03447048199996061,1
I13_15_02.png,/kaggle/working/MDFS/data/KADID/extracted/kadid10k/images/I13_15_02.png,I13.png,13,15,2,3.0,0.856,20.655189514160156,0.034568024000691366,1
I13_15_04.png,/kaggle/working/MDFS/data/KADID/extracted/kadid10k/images/I13_15_04.png,I13.png,13,15,4,1.9,0.539,22.7725772857666,0.035329429000739765,1
I13_16_01.png,/kaggle/working/MDFS/data/KADID/extracted/kadid10k/images/I13_16_01.png,I13.png,13,16,1,4.43,0.803,18.8416748046875,0.036544772999150155,1
I13_16_03.png,/kaggle/working/MDFS/data/KADID/extracted/kadid10k/images/I13_16_03.png,I13.png,13,16,3,3.4,0.712,19.33869743347168,0.03553463600019313,1
I13_16_05.png,/kaggle/working/MDFS/data/KADID/extracted/kadid10k/images/I13_16_05.png,I13.png,13,16,5,1.73,0.68,20.428707122802734,0.036008286999276606,1
I13_17_02.png,/kaggle/working/MDFS/data/KADID/extracted/kadid10k/images/I13_17_02.png,I13.png,13,17,2,4.57,0.559,18.650022506713867,0.03613928000049782,1
I13_17_04.png,/kaggle/working/MDFS/data/KADID/extracted/kadid10k/images/I13_17_04.png,I13.png,13,17,4,3.6,0.841,18.721479415893555,0.03612042900022061,1
I13_18_01.png,/kaggle/working/MDFS/data/KADID/extracted/kadid10k/images/I13_18_01.png,I13.png,13,18,1,4.1,0.79,19.253992080688477,0.036012784000376996,1
I13_18_03.png,/kaggle/working/MDFS/data/KADID/extracted/kadid10k/images/I13_18_03.png,I13.png,13,18,3,4.6,0.554,18.737882614135742,0.036133653999968374,1
I13_18_05.png,/kaggle/working/MDFS/data/KADID/extracted/kadid10k/images/I13_18_05.png,I13.png,13,18,5,3.9,1.044,19.527372360229492,0.03556819200002792,1
I13_19_02.png,/kaggle/working/MDFS/data/KADID/extracted/kadid10k/images/I13_19_02.png,I13.png,13,19,2,3.77,0.716,17.904237747192383,0.037249162000080105,1
I13_19_04.png,/kaggle/working/MDFS/data/KADID/extracted/kadid10k/images/I13_19_04.png,I13.png,13,19,4,1.97,0.605,19.714656829833984,0.03532976400038024,1
I13_20_01.png,/kaggle/working/MDFS/data/KADID/extracted/kadid10k/images/I13_20_01.png,I13.png,13,20,1,4.23,0.955,18.573266983032227,0.03684715200051869,1
I13_20_03.png,/kaggle/working/MDFS/data/KADID/extracted/kadid10k/images/I13_20_03.png,I13.png,13,20,3,3.75,1.225,18.53071403503418,0.036607302999982494,1
I13_20_05.png,/kaggle/working/MDFS/data/KADID/extracted/kadid10k/images/I13_20_05.png,I13.png,13,20,5,3.9,0.907,18.465017318725586,0.03600950899999589,1
I13_21_02.png,/kaggle/working/MDFS/data/KADID/extracted/kadid10k/images/I13_21_02.png,I13.png,13,21,2,3.07,0.964,18.821596145629883,0.036410441999578325,1
I13_21_04.png,/kaggle/working/MDFS/data/KADID/extracted/kadid10k/images/I13_21_04.png,I13.png,13,21,4,3.13,0.942,19.393152236938477,0.0348960219998844,1
I13_22_01.png,/kaggle/working/MDFS/data/KADID/extracted/kadid10k/images/I13_22_01.png,I13.png,13,22,1,3.47,1.024,19.18766975402832,0.033999534999566094,1
I13_22_03.png,/kaggle/working/MDFS/data/KADID/extracted/kadid10k/images/I13_22_03.png,I13.png,13,22,3,3.13,1.284,19.795562744140625,0.03376719200059597,1
I13_22_05.png,/kaggle/working/MDFS/data/KADID/extracted/kadid10k/images/I13_22_05.png,I13.png,13,22,5,2.47,1.056,22.061145782470703,0.03427339900008519,1
I13_23_02.png,/kaggle/working/MDFS/data/KADID/extracted/kadid10k/images/I13_23_02.png,I13.png,13,23,2,2.6,1.052,18.78118324279785,0.03968989299937675,1
I13_23_04.png,/kaggle/working/MDFS/data/KADID/extracted/kadid10k/images/I13_23_04.png,I13.png,13,23,4,2.17,0.734,18.49614715576172,0.037355194999690866,1
I13_24_01.png,/kaggle/working/MDFS/data/KADID/extracted/kadid10k/images/I13_24_01.png,I13.png,13,24,1,4.17,0.969,20.01730728149414,0.03608943499966699,1
I13_24_03.png,/kaggle/working/MDFS/data/KADID/extracted/kadid10k/images/I13_24_03.png,I13.png,13,24,3,2.57,0.92,21.6917781829834,0.03637891899961687,1
I13_24_05.png,/kaggle/working/MDFS/data/KADID/extracted/kadid10k/images/I13_24_05.png,I13.png,13,24,5,1.7,0.781,23.973976135253906,0.036411871000382234,1
I13_25_02.png,/kaggle/working/MDFS/data/KADID/extracted/kadid10k/images/I13_25_02.png,I13.png,13,25,2,4.13,0.846,19.726516723632812,0.038215364000279806,1
I13_25_04.png,/kaggle/working/MDFS/data/KADID/extracted/kadid10k/images/I13_25_04.png,I13.png,13,25,4,4.32,0.778,18.494535446166992,0.037088192999362946,1
I14_01_01.png,/kaggle/working/MDFS/data/KADID/extracted/kadid10k/images/I14_01_01.png,I14.png,14,1,1,4.63,0.547,17.942007064819336,0.035503018000781594,1
I14_01_03.png,/kaggle/working/MDFS/data/KADID/extracted/kadid10k/images/I14_01_03.png,I14.png,14,1,3,2.53,0.846,21.442005157470703,0.03591914699973131,1
I14_01_05.png,/kaggle/working/MDFS/data/KADID/extracted/kadid10k/images/I14_01_05.png,I14.png,14,1,5,1.57,0.496,38.25246047973633,0.035916011999688635,1
I14_02_02.png,/kaggle/working/MDFS/data/KADID/extracted/kadid10k/images/I14_02_02.png,I14.png,14,2,2,2.57,0.716,23.00465965270996,0.03685311199933494,1
I14_02_04.png,/kaggle/working/MDFS/data/KADID/extracted/kadid10k/images/I14_02_04.png,I14.png,14,2,4,1.37,0.547,26.57559585571289,0.035701247000361036,1
I14_03_01.png,/kaggle/working/MDFS/data/KADID/extracted/kadid10k/images/I14_03_01.png,I14.png,14,3,1,4.67,0.537,17.942007064819336,0.03539218700007041,1
I14_03_03.png,/kaggle/working/MDFS/data/KADID/extracted/kadid10k/images/I14_03_03.png,I14.png,14,3,3,2.5,0.847,21.332551956176758,0.036277469000197016,1
I14_03_05.png,/kaggle/working/MDFS/data/KADID/extracted/kadid10k/images/I14_03_05.png,I14.png,14,3,5,1.45,0.498,23.591320037841797,0.03593029100011336,1
I14_04_02.png,/kaggle/working/MDFS/data/KADID/extracted/kadid10k/images/I14_04_02.png,I14.png,14,4,2,3.0,0.931,18.855600357055664,0.03605751900067844,1
I14_04_04.png,/kaggle/working/MDFS/data/KADID/extracted/kadid10k/images/I14_04_04.png,I14.png,14,4,4,1.97,0.948,19.021203994750977,0.03516665300048771,1
I14_05_01.png,/kaggle/working/MDFS/data/KADID/extracted/kadid10k/images/I14_05_01.png,I14.png,14,5,1,3.63,0.948,19.267383575439453,0.035303678000673244,1
I14_05_03.png,/kaggle/working/MDFS/data/KADID/extracted/kadid10k/images/I14_05_03.png,I14.png,14,5,3,1.7,0.64,19.57831573486328,0.03468487099962658,1
I14_05_05.png,/kaggle/working/MDFS/data/KADID/extracted/kadid10k/images/I14_05_05.png,I14.png,14,5,5,1.57,0.559,19.16189193725586,0.03587518899985298,1
I14_06_02.png,/kaggle/working/MDFS/data/KADID/extracted/kadid10k/images/I14_06_02.png,I14.png,14,6,2,4.47,0.618,19.392467498779297,0.034432204000040656,1
I14_06_04.png,/kaggle/working/MDFS/data/KADID/extracted/kadid10k/images/I14_06_04.png,I14.png,14,6,4,3.73,0.892,20.139188766479492,0.032657689999723516,1
I14_07_01.png,/kaggle/working/MDFS/data/KADID/extracted/kadid10k/images/I14_07_01.png,I14.png,14,7,1,2.7,1.069,19.019723892211914,0.0350827570000547,1
I14_07_03.png,/kaggle/working/MDFS/data/KADID/extracted/kadid10k/images/I14_07_03.png,I14.png,14,7,3,2.03,0.948,19.699825286865234,0.035281711000607174,1
I14_07_05.png,/kaggle/working/MDFS/data/KADID/extracted/kadid10k/images/I14_07_05.png,I14.png,14,7,5,2.16,1.139,18.941131591796875,0.034839055999327684,1
I14_08_02.png,/kaggle/working/MDFS/data/KADID/extracted/kadid10k/images/I14_08_02.png,I14.png,14,8,2,3.8,0.6,18.649085998535156,0.035322863000146754,1
I14_08_04.png,/kaggle/working/MDFS/data/KADID/extracted/kadid10k/images/I14_08_04.png,I14.png,14,8,4,2.06,0.982,20.975841522216797,0.03483935899930657,1
I14_09_01.png,/kaggle/working/MDFS/data/KADID/extracted/kadid10k/images/I14_09_01.png,I14.png,14,9,1,4.53,0.562,19.121170043945312,0.0356355670000994,1
I14_09_03.png,/kaggle/working/MDFS/data/KADID/extracted/kadid10k/images/I14_09_03.png,I14.png,14,9,3,3.83,0.86,23.634899139404297,0.03758098500020424,1
I14_09_05.png,/kaggle/working/MDFS/data/KADID/extracted/kadid10k/images/I14_09_05.png,I14.png,14,9,5,1.47,0.67,36.118228912353516,0.03607085100065888,1
I14_10_02.png,/kaggle/working/MDFS/data/KADID/extracted/kadid10k/images/I14_10_02.png,I14.png,14,10,2,4.33,0.65,20.023502349853516,0.03563894200033246,1
I14_10_04.png,/kaggle/working/MDFS/data/KADID/extracted/kadid10k/images/I14_10_04.png,I14.png,14,10,4,2.2,0.653,27.943052291870117,0.03564813399952982,1
I14_11_01.png,/kaggle/working/MDFS/data/KADID/extracted/kadid10k/images/I14_11_01.png,I14.png,14,11,1,3.9,0.539,20.93377113342285,0.03534796600069967,1
I14_11_03.png,/kaggle/working/MDFS/data/KADID/extracted/kadid10k/images/I14_11_03.png,I14.png,14,11,3,2.7,0.737,22.741559982299805,0.03532383599940658,1
I14_11_05.png,/kaggle/working/MDFS/data/KADID/extracted/kadid10k/images/I14_11_05.png,I14.png,14,11,5,2.3,0.781,27.316551208496094,0.035482631000377296,1
I14_12_02.png,/kaggle/working/MDFS/data/KADID/extracted/kadid10k/images/I14_12_02.png,I14.png,14,12,2,3.37,0.752,21.181907653808594,0.03561124699990614,1
I14_12_04.png,/kaggle/working/MDFS/data/KADID/extracted/kadid10k/images/I14_12_04.png,I14.png,14,12,4,2.7,0.781,24.162126541137695,0.036095294000006106,1
I14_13_01.png,/kaggle/working/MDFS/data/KADID/extracted/kadid10k/images/I14_13_01.png,I14.png,14,13,1,3.83,0.86,18.065393447875977,0.03776639999978215,1
I14_13_03.png,/kaggle/working/MDFS/data/KADID/extracted/kadid10k/images/I14_13_03.png,I14.png,14,13,3,2.67,0.789,20.62265968322754,0.0370044669998606,1
I14_13_05.png,/kaggle/working/MDFS/data/KADID/extracted/kadid10k/images/I14_13_05.png,I14.png,14,13,5,2.1,0.7,24.330181121826172,0.03509134300020378,1
I14_14_02.png,/kaggle/working/MDFS/data/KADID/extracted/kadid10k/images/I14_14_02.png,I14.png,14,14,2,2.77,0.844,21.00581169128418,0.03506324699992547,1
I14_14_04.png,/kaggle/working/MDFS/data/KADID/extracted/kadid10k/images/I14_14_04.png,I14.png,14,14,4,2.37,0.795,24.444263458251953,0.03538358999958291,1
I14_15_01.png,/kaggle/working/MDFS/data/KADID/extracted/kadid10k/images/I14_15_01.png,I14.png,14,15,1,3.37,0.875,20.242353439331055,0.03643328299949644,1
I14_15_03.png,/kaggle/working/MDFS/data/KADID/extracted/kadid10k/images/I14_15_03.png,I14.png,14,15,3,2.43,0.803,23.251956939697266,0.03548796599989146,1
I14_15_05.png,/kaggle/working/MDFS/data/KADID/extracted/kadid10k/images/I14_15_05.png,I14.png,14,15,5,1.63,0.706,26.91535758972168,0.03503372099930857,1
I14_16_02.png,/kaggle/working/MDFS/data/KADID/extracted/kadid10k/images/I14_16_02.png,I14.png,14,16,2,4.17,0.582,18.076866149902344,0.036626933000661666,1
I14_16_04.png,/kaggle/working/MDFS/data/KADID/extracted/kadid10k/images/I14_16_04.png,I14.png,14,16,4,2.47,0.67,19.480880737304688,0.034801171999788494,1
I14_17_01.png,/kaggle/working/MDFS/data/KADID/extracted/kadid10k/images/I14_17_01.png,I14.png,14,17,1,4.27,0.727,17.911500930786133,0.035139268999955675,1
I14_17_03.png,/kaggle/working/MDFS/data/KADID/extracted/kadid10k/images/I14_17_03.png,I14.png,14,17,3,4.0,0.632,17.801023483276367,0.035126345999742625,1
I14_17_05.png,/kaggle/working/MDFS/data/KADID/extracted/kadid10k/images/I14_17_05.png,I14.png,14,17,5,2.3,1.1,20.15967559814453,0.03600868400008039,1
I14_18_02.png,/kaggle/working/MDFS/data/KADID/extracted/kadid10k/images/I14_18_02.png,I14.png,14,18,2,4.33,0.869,18.12145233154297,0.036039343000084045,1
I14_18_04.png,/kaggle/working/MDFS/data/KADID/extracted/kadid10k/images/I14_18_04.png,I14.png,14,18,4,4.2,0.542,17.860815048217773,0.03517903400006617,1
I14_19_01.png,/kaggle/working/MDFS/data/KADID/extracted/kadid10k/images/I14_19_01.png,I14.png,14,19,1,4.27,0.512,17.94348907470703,0.03479121799955465,1
I14_19_03.png,/kaggle/working/MDFS/data/KADID/extracted/kadid10k/images/I14_19_03.png,I14.png,14,19,3,3.07,0.814,18.094493865966797,0.03575275399998645,1
I14_19_05.png,/kaggle/working/MDFS/data/KADID/extracted/kadid10k/images/I14_19_05.png,I14.png,14,19,5,1.43,0.559,21.056591033935547,0.03522564800005057,1
I14_20_02.png,/kaggle/working/MDFS/data/KADID/extracted/kadid10k/images/I14_20_02.png,I14.png,14,20,2,3.3,1.1,17.84095001220703,0.03535631300019304,1
I14_20_04.png,/kaggle/working/MDFS/data/KADID/extracted/kadid10k/images/I14_20_04.png,I14.png,14,20,4,4.4,0.879,17.84364891052246,0.03483609900013107,1
I14_21_01.png,/kaggle/working/MDFS/data/KADID/extracted/kadid10k/images/I14_21_01.png,I14.png,14,21,1,4.23,0.803,17.713016510009766,0.03603794800073956,1
I14_21_03.png,/kaggle/working/MDFS/data/KADID/extracted/kadid10k/images/I14_21_03.png,I14.png,14,21,3,2.93,1.062,18.198152542114258,0.03548073599995405,1
I14_21_05.png,/kaggle/working/MDFS/data/KADID/extracted/kadid10k/images/I14_21_05.png,I14.png,14,21,5,1.39,0.605,27.878068923950195,0.032250648000626825,1
I14_22_02.png,/kaggle/working/MDFS/data/KADID/extracted/kadid10k/images/I14_22_02.png,I14.png,14,22,2,3.7,0.971,18.916059494018555,0.03391479099991557,1
I14_22_04.png,/kaggle/working/MDFS/data/KADID/extracted/kadid10k/images/I14_22_04.png,I14.png,14,22,4,3.47,0.846,19.60938262939453,0.03491956699963339,1
I14_23_01.png,/kaggle/working/MDFS/data/KADID/extracted/kadid10k/images/I14_23_01.png,I14.png,14,23,1,2.67,1.075,17.807218551635742,0.034760547000587394,1
I14_23_03.png,/kaggle/working/MDFS/data/KADID/extracted/kadid10k/images/I14_23_03.png,I14.png,14,23,3,2.13,1.118,17.87417221069336,0.03430571999979293,1
I14_23_05.png,/kaggle/working/MDFS/data/KADID/extracted/kadid10k/images/I14_23_05.png,I14.png,14,23,5,1.9,0.907,17.85093879699707,0.035482668000440754,1
I14_24_02.png,/kaggle/working/MDFS/data/KADID/extracted/kadid10k/images/I14_24_02.png,I14.png,14,24,2,2.3,0.823,22.548938751220703,0.03744367399940529,1
I14_24_04.png,/kaggle/working/MDFS/data/KADID/extracted/kadid10k/images/I14_24_04.png,I14.png,14,24,4,1.47,0.67,25.988866806030273,0.03550593499949173,1
I14_25_01.png,/kaggle/working/MDFS/data/KADID/extracted/kadid10k/images/I14_25_01.png,I14.png,14,25,1,3.37,0.912,19.117433547973633,0.03560233400003199,1
I14_25_03.png,/kaggle/working/MDFS/data/KADID/extracted/kadid10k/images/I14_25_03.png,I14.png,14,25,3,3.9,0.597,18.332592010498047,0.03468070400049328,1
I14_25_05.png,/kaggle/working/MDFS/data/KADID/extracted/kadid10k/images/I14_25_05.png,I14.png,14,25,5,3.37,0.657,18.311901092529297,0.03569636099928175,1
I15_01_02.png,/kaggle/working/MDFS/data/KADID/extracted/kadid10k/images/I15_01_02.png,I15.png,15,1,2,4.33,0.532,17.601675033569336,0.03657317499983037,1
I15_01_04.png,/kaggle/working/MDFS/data/KADID/extracted/kadid10k/images/I15_01_04.png,I15.png,15,1,4,1.8,0.653,27.693323135375977,0.03584182399936253,1
I15_02_01.png,/kaggle/working/MDFS/data/KADID/extracted/kadid10k/images/I15_02_01.png,I15.png,15,2,1,3.43,0.761,18.523469924926758,0.035201673000301525,1
I15_02_03.png,/kaggle/working/MDFS/data/KADID/extracted/kadid10k/images/I15_02_03.png,I15.png,15,2,3,1.73,0.573,23.462610244750977,0.03621506799936469,1
I15_02_05.png,/kaggle/working/MDFS/data/KADID/extracted/kadid10k/images/I15_02_05.png,I15.png,15,2,5,1.16,0.363,27.075136184692383,0.03600851600003807,1
I15_03_02.png,/kaggle/working/MDFS/data/KADID/extracted/kadid10k/images/I15_03_02.png,I15.png,15,3,2,3.7,0.69,19.288745880126953,0.03771036299986008,1
I15_03_04.png,/kaggle/working/MDFS/data/KADID/extracted/kadid10k/images/I15_03_04.png,I15.png,15,3,4,2.07,0.814,21.9544734954834,0.03614603299956798,1
I15_04_01.png,/kaggle/working/MDFS/data/KADID/extracted/kadid10k/images/I15_04_01.png,I15.png,15,4,1,4.43,0.616,18.17535400390625,0.03552750299968466,1
I15_04_03.png,/kaggle/working/MDFS/data/KADID/extracted/kadid10k/images/I15_04_03.png,I15.png,15,4,3,1.87,0.921,19.292402267456055,0.03599091500018403,1
I15_04_05.png,/kaggle/working/MDFS/data/KADID/extracted/kadid10k/images/I15_04_05.png,I15.png,15,4,5,1.27,0.512,20.025569915771484,0.035014981999665906,1
I15_05_02.png,/kaggle/working/MDFS/data/KADID/extracted/kadid10k/images/I15_05_02.png,I15.png,15,5,2,2.33,0.789,20.6910343170166,0.0359749279996322,1
I15_05_04.png,/kaggle/working/MDFS/data/KADID/extracted/kadid10k/images/I15_05_04.png,I15.png,15,5,4,1.43,0.667,20.446819305419922,0.035771747000580945,1
I15_06_01.png,/kaggle/working/MDFS/data/KADID/extracted/kadid10k/images/I15_06_01.png,I15.png,15,6,1,4.1,0.539,17.904827117919922,0.03569758999947226,1
I15_06_03.png,/kaggle/working/MDFS/data/KADID/extracted/kadid10k/images/I15_06_03.png,I15.png,15,6,3,4.07,0.929,18.663646697998047,0.03554188999987673,1
I15_06_05.png,/kaggle/working/MDFS/data/KADID/extracted/kadid10k/images/I15_06_05.png,I15.png,15,6,5,2.73,0.854,21.4260311126709,0.03342568300013227,1
I15_07_02.png,/kaggle/working/MDFS/data/KADID/extracted/kadid10k/images/I15_07_02.png,I15.png,15,7,2,2.67,1.106,18.68866729736328,0.0353494769997269,1
I15_07_04.png,/kaggle/working/MDFS/data/KADID/extracted/kadid10k/images/I15_07_04.png,I15.png,15,7,4,2.55,1.073,21.957592010498047,0.03475634299957164,1
I15_08_01.png,/kaggle/working/MDFS/data/KADID/extracted/kadid10k/images/I15_08_01.png,I15.png,15,8,1,4.4,0.712,17.687185287475586,0.03649167499952455,1
I15_08_03.png,/kaggle/working/MDFS/data/KADID/extracted/kadid10k/images/I15_08_03.png,I15.png,15,8,3,2.27,0.929,18.030750274658203,0.035732717999962915,1
I15_08_05.png,/kaggle/working/MDFS/data/KADID/extracted/kadid10k/images/I15_08_05.png,I15.png,15,8,5,1.35,0.598,19.834627151489258,0.0344123690001652,1
I15_09_02.png,/kaggle/working/MDFS/data/KADID/extracted/kadid10k/images/I15_09_02.png,I15.png,15,9,2,3.8,0.653,21.57833480834961,0.035905133000596834,1
I15_09_04.png,/kaggle/working/MDFS/data/KADID/extracted/kadid10k/images/I15_09_04.png,I15.png,15,9,4,1.97,0.948,29.48522186279297,0.039326244999756454,1
I15_10_01.png,/kaggle/working/MDFS/data/KADID/extracted/kadid10k/images/I15_10_01.png,I15.png,15,10,1,4.0,0.775,19.31226348876953,0.03884978400037653,1
I15_10_03.png,/kaggle/working/MDFS/data/KADID/extracted/kadid10k/images/I15_10_03.png,I15.png,15,10,3,3.67,0.789,20.98052978515625,0.03597297499982233,1
I15_10_05.png,/kaggle/working/MDFS/data/KADID/extracted/kadid10k/images/I15_10_05.png,I15.png,15,10,5,1.33,0.471,29.852903366088867,0.03382085100020049,1
I15_11_02.png,/kaggle/working/MDFS/data/KADID/extracted/kadid10k/images/I15_11_02.png,I15.png,15,11,2,3.63,1.016,19.943784713745117,0.03450078800051415,1
I15_11_04.png,/kaggle/working/MDFS/data/KADID/extracted/kadid10k/images/I15_11_04.png,I15.png,15,11,4,2.6,1.052,22.135700225830078,0.03553404200010846,1
I15_12_01.png,/kaggle/working/MDFS/data/KADID/extracted/kadid10k/images/I15_12_01.png,I15.png,15,12,1,4.07,0.727,17.67031478881836,0.04717786899982457,1
I15_12_03.png,/kaggle/working/MDFS/data/KADID/extracted/kadid10k/images/I15_12_03.png,I15.png,15,12,3,3.17,0.778,20.651683807373047,0.04287537500022154,1
I15_12_05.png,/kaggle/working/MDFS/data/KADID/extracted/kadid10k/images/I15_12_05.png,I15.png,15,12,5,2.57,0.803,24.276765823364258,0.04909822300032829,1
I15_13_02.png,/kaggle/working/MDFS/data/KADID/extracted/kadid10k/images/I15_13_02.png,I15.png,15,13,2,3.17,0.778,18.681549072265625,0.03629349800030468,1
I15_13_04.png,/kaggle/working/MDFS/data/KADID/extracted/kadid10k/images/I15_13_04.png,I15.png,15,13,4,2.3,1.069,22.982580184936523,0.03545308499997191,1
I15_14_01.png,/kaggle/working/MDFS/data/KADID/extracted/kadid10k/images/I15_14_01.png,I15.png,15,14,1,4.03,0.752,17.8496150970459,0.03492110099978163,1
I15_14_03.png,/kaggle/working/MDFS/data/KADID/extracted/kadid10k/images/I15_14_03.png,I15.png,15,14,3,2.67,0.943,20.77414321899414,0.03507288499986316,1
I15_14_05.png,/kaggle/working/MDFS/data/KADID/extracted/kadid10k/images/I15_14_05.png,I15.png,15,14,5,1.87,0.67,24.859508514404297,0.035447219999696244,1
I15_15_02.png,/kaggle/working/MDFS/data/KADID/extracted/kadid10k/images/I15_15_02.png,I15.png,15,15,2,2.57,0.844,21.632648468017578,0.03829631500047981,1
I15_15_04.png,/kaggle/working/MDFS/data/KADID/extracted/kadid10k/images/I15_15_04.png,I15.png,15,15,4,1.7,0.64,25.33243179321289,0.036604736000299454,1
I15_16_01.png,/kaggle/working/MDFS/data/KADID/extracted/kadid10k/images/I15_16_01.png,I15.png,15,16,1,4.47,0.562,17.739364624023438,0.035698462999789626,1
I15_16_03.png,/kaggle/working/MDFS/data/KADID/extracted/kadid10k/images/I15_16_03.png,I15.png,15,16,3,2.93,0.854,18.087594985961914,0.03642303200012975,1
I15_16_05.png,/kaggle/working/MDFS/data/KADID/extracted/kadid10k/images/I15_16_05.png,I15.png,15,16,5,1.23,0.496,23.818359375,0.03555468099966674,1
I15_17_02.png,/kaggle/working/MDFS/data/KADID/extracted/kadid10k/images/I15_17_02.png,I15.png,15,17,2,4.63,0.547,17.618410110473633,0.03622718000042369,1
I15_17_04.png,/kaggle/working/MDFS/data/KADID/extracted/kadid10k/images/I15_17_04.png,I15.png,15,17,4,3.63,0.875,17.561206817626953,0.03595768600007432,1
I15_18_01.png,/kaggle/working/MDFS/data/KADID/extracted/kadid10k/images/I15_18_01.png,I15.png,15,18,1,3.77,0.803,18.479557037353516,0.037212778000139224,1
I15_18_03.png,/kaggle/working/MDFS/data/KADID/extracted/kadid10k/images/I15_18_03.png,I15.png,15,18,3,4.67,0.65,17.687185287475586,0.03705538199938019,1
I15_18_05.png,/kaggle/working/MDFS/data/KADID/extracted/kadid10k/images/I15_18_05.png,I15.png,15,18,5,3.6,0.757,18.071979522705078,0.035982260999844584,1
I15_19_02.png,/kaggle/working/MDFS/data/KADID/extracted/kadid10k/images/I15_19_02.png,I15.png,15,19,2,4.07,0.442,17.5927791595459,0.03547996699944633,1
I15_19_04.png,/kaggle/working/MDFS/data/KADID/extracted/kadid10k/images/I15_19_04.png,I15.png,15,19,4,1.77,0.559,20.531314849853516,0.034353734999967855,1
I15_20_01.png,/kaggle/working/MDFS/data/KADID/extracted/kadid10k/images/I15_20_01.png,I15.png,15,20,1,4.33,0.745,17.67789649963379,0.03718571100034751,1
I15_20_03.png,/kaggle/working/MDFS/data/KADID/extracted/kadid10k/images/I15_20_03.png,I15.png,15,20,3,4.07,0.772,17.53845977783203,0.03708088900020812,1
I15_20_05.png,/kaggle/working/MDFS/data/KADID/extracted/kadid10k/images/I15_20_05.png,I15.png,15,20,5,3.35,1.309,17.55169105529785,0.036931869000000006,1
I15_21_02.png,/kaggle/working/MDFS/data/KADID/extracted/kadid10k/images/I15_21_02.png,I15.png,15,21,2,2.9,1.044,17.54314422607422,0.04250189200047316,1
I15_21_04.png,/kaggle/working/MDFS/data/KADID/extracted/kadid10k/images/I15_21_04.png,I15.png,15,21,4,2.03,0.795,19.20221710205078,0.03568232799989346,1
I15_22_01.png,/kaggle/working/MDFS/data/KADID/extracted/kadid10k/images/I15_22_01.png,I15.png,15,22,1,3.93,0.854,17.93671989440918,0.0353942020001341,1
I15_22_03.png,/kaggle/working/MDFS/data/KADID/extracted/kadid10k/images/I15_22_03.png,I15.png,15,22,3,4.0,0.931,18.119522094726562,0.035596640999756346,1
I15_22_05.png,/kaggle/working/MDFS/data/KADID/extracted/kadid10k/images/I15_22_05.png,I15.png,15,22,5,3.1,0.831,19.027856826782227,0.03593963799994526,1
I15_23_02.png,/kaggle/working/MDFS/data/KADID/extracted/kadid10k/images/I15_23_02.png,I15.png,15,23,2,1.9,0.87,17.55438995361328,0.03727056299976539,1
I15_23_04.png,/kaggle/working/MDFS/data/KADID/extracted/kadid10k/images/I15_23_04.png,I15.png,15,23,4,2.17,0.969,17.486675262451172,0.036341431000437296,1
I15_24_01.png,/kaggle/working/MDFS/data/KADID/extracted/kadid10k/images/I15_24_01.png,I15.png,15,24,1,2.8,0.872,19.401010513305664,0.0359546390000105,1
I15_24_03.png,/kaggle/working/MDFS/data/KADID/extracted/kadid10k/images/I15_24_03.png,I15.png,15,24,3,1.53,0.718,22.48784065246582,0.03604895399985253,1
I15_24_05.png,/kaggle/working/MDFS/data/KADID/extracted/kadid10k/images/I15_24_05.png,I15.png,15,24,5,1.17,0.373,27.49464988708496,0.03388597200046206,1
I15_25_02.png,/kaggle/working/MDFS/data/KADID/extracted/kadid10k/images/I15_25_02.png,I15.png,15,25,2,3.2,0.702,18.03537368774414,0.03627909599981649,1
I15_25_04.png,/kaggle/working/MDFS/data/KADID/extracted/kadid10k/images/I15_25_04.png,I15.png,15,25,4,3.87,0.763,17.58037567138672,0.03552496500014968,1
I16_01_01.png,/kaggle/working/MDFS/data/KADID/extracted/kadid10k/images/I16_01_01.png,I16.png,16,1,1,4.7,0.458,17.553997039794922,0.0360145120002926,1
I16_01_03.png,/kaggle/working/MDFS/data/KADID/extracted/kadid10k/images/I16_01_03.png,I16.png,16,1,3,2.0,0.73,22.246543884277344,0.03669821199946455,1
I16_01_05.png,/kaggle/working/MDFS/data/KADID/extracted/kadid10k/images/I16_01_05.png,I16.png,16,1,5,1.13,0.34,39.245872497558594,0.0364674960001139,1
I16_02_02.png,/kaggle/working/MDFS/data/KADID/extracted/kadid10k/images/I16_02_02.png,I16.png,16,2,2,1.93,0.512,24.211088180541992,0.036285879999923054,1
I16_02_04.png,/kaggle/working/MDFS/data/KADID/extracted/kadid10k/images/I16_02_04.png,I16.png,16,2,4,1.17,0.373,29.655773162841797,0.0356165740004144,1
I16_03_01.png,/kaggle/working/MDFS/data/KADID/extracted/kadid10k/images/I16_03_01.png,I16.png,16,3,1,4.47,0.562,17.553997039794922,0.036035441000422,1
I16_03_03.png,/kaggle/working/MDFS/data/KADID/extracted/kadid10k/images/I16_03_03.png,I16.png,16,3,3,2.03,0.605,21.527854919433594,0.03678469300029974,1
I16_03_05.png,/kaggle/working/MDFS/data/KADID/extracted/kadid10k/images/I16_03_05.png,I16.png,16,3,5,1.17,0.373,25.998321533203125,0.038080098000136786,1
I16_04_02.png,/kaggle/working/MDFS/data/KADID/extracted/kadid10k/images/I16_04_02.png,I16.png,16,4,2,1.9,0.978,20.849159240722656,0.037028404000011506,1
I16_04_04.png,/kaggle/working/MDFS/data/KADID/extracted/kadid10k/images/I16_04_04.png,I16.png,16,4,4,1.2,0.4,24.72324562072754,0.0351541410000209,1
I16_05_01.png,/kaggle/working/MDFS/data/KADID/extracted/kadid10k/images/I16_05_01.png,I16.png,16,5,1,3.07,1.031,18.646596908569336,0.03603863199987245,1
I16_05_03.png,/kaggle/working/MDFS/data/KADID/extracted/kadid10k/images/I16_05_03.png,I16.png,16,5,3,1.23,0.616,18.9595890045166,0.03634479199990892,1
I16_05_05.png,/kaggle/working/MDFS/data/KADID/extracted/kadid10k/images/I16_05_05.png,I16.png,16,5,5,1.43,0.716,18.42057991027832,0.03681781500017678,1
I16_06_02.png,/kaggle/working/MDFS/data/KADID/extracted/kadid10k/images/I16_06_02.png,I16.png,16,6,2,4.13,0.846,18.91519546508789,0.03449650999937148,1
I16_06_04.png,/kaggle/working/MDFS/data/KADID/extracted/kadid10k/images/I16_06_04.png,I16.png,16,6,4,3.3,1.005,20.38490104675293,0.032722404999731225,1
I16_07_01.png,/kaggle/working/MDFS/data/KADID/extracted/kadid10k/images/I16_07_01.png,I16.png,16,7,1,3.07,0.854,16.948528289794922,0.03632182300043496,1
I16_07_03.png,/kaggle/working/MDFS/data/KADID/extracted/kadid10k/images/I16_07_03.png,I16.png,16,7,3,2.33,1.075,18.503860473632812,0.03570694900008675,1
I16_07_05.png,/kaggle/working/MDFS/data/KADID/extracted/kadid10k/images/I16_07_05.png,I16.png,16,7,5,2.03,0.795,18.254581451416016,0.036571464000189735,1
I16_08_02.png,/kaggle/working/MDFS/data/KADID/extracted/kadid10k/images/I16_08_02.png,I16.png,16,8,2,2.9,1.228,19.30794906616211,0.03561867899952631,1
I16_08_04.png,/kaggle/working/MDFS/data/KADID/extracted/kadid10k/images/I16_08_04.png,I16.png,16,8,4,1.23,0.423,23.576385498046875,0.034625852999852214,1
I16_09_01.png,/kaggle/working/MDFS/data/KADID/extracted/kadid10k/images/I16_09_01.png,I16.png,16,9,1,4.63,0.482,18.542129516601562,0.036158465999506006,1
I16_09_03.png,/kaggle/working/MDFS/data/KADID/extracted/kadid10k/images/I16_09_03.png,I16.png,16,9,3,4.0,1.065,22.651885986328125,0.037481294999452075,1
I16_09_05.png,/kaggle/working/MDFS/data/KADID/extracted/kadid10k/images/I16_09_05.png,I16.png,16,9,5,1.17,0.373,34.84687423706055,0.03652653100016323,1
I16_10_02.png,/kaggle/working/MDFS/data/KADID/extracted/kadid10k/images/I16_10_02.png,I16.png,16,10,2,4.23,0.761,20.043848037719727,0.03651311999965401,1
I16_10_04.png,/kaggle/working/MDFS/data/KADID/extracted/kadid10k/images/I16_10_04.png,I16.png,16,10,4,2.03,0.752,26.972869873046875,0.03393259499989654,1
I16_11_01.png,/kaggle/working/MDFS/data/KADID/extracted/kadid10k/images/I16_11_01.png,I16.png,16,11,1,4.03,0.983,18.799043655395508,0.036718022000059136,1
I16_11_03.png,/kaggle/working/MDFS/data/KADID/extracted/kadid10k/images/I16_11_03.png,I16.png,16,11,3,2.9,0.87,20.071979522705078,0.03601242000058846,1
I16_11_05.png,/kaggle/working/MDFS/data/KADID/extracted/kadid10k/images/I16_11_05.png,I16.png,16,11,5,2.07,0.629,23.287763595581055,0.0350725889993555,1
I16_12_02.png,/kaggle/working/MDFS/data/KADID/extracted/kadid10k/images/I16_12_02.png,I16.png,16,12,2,3.3,1.005,18.990413665771484,0.03545423800005665,1
I16_12_04.png,/kaggle/working/MDFS/data/KADID/extracted/kadid10k/images/I16_12_04.png,I16.png,16,12,4,2.37,0.875,21.29643440246582,0.03609251499983657,1
I16_13_01.png,/kaggle/working/MDFS/data/KADID/extracted/kadid10k/images/I16_13_01.png,I16.png,16,13,1,3.57,1.055,17.886550903320312,0.03737654499946075,1
I16_13_03.png,/kaggle/working/MDFS/data/KADID/extracted/kadid10k/images/I16_13_03.png,I16.png,16,13,3,2.43,0.844,19.766202926635742,0.03672462400027143,1
I16_13_05.png,/kaggle/working/MDFS/data/KADID/extracted/kadid10k/images/I16_13_05.png,I16.png,16,13,5,1.77,0.496,23.85192108154297,0.036643088999881,1
I16_14_02.png,/kaggle/working/MDFS/data/KADID/extracted/kadid10k/images/I16_14_02.png,I16.png,16,14,2,3.17,0.898,17.889307022094727,0.03635201899942331,1
I16_14_04.png,/kaggle/working/MDFS/data/KADID/extracted/kadid10k/images/I16_14_04.png,I16.png,16,14,4,2.27,0.772,18.682931900024414,0.03581197999938013,1
I16_15_01.png,/kaggle/working/MDFS/data/KADID/extracted/kadid10k/images/I16_15_01.png,I16.png,16,15,1,3.37,1.016,19.02174186706543,0.03854693900029815,1
I16_15_03.png,/kaggle/working/MDFS/data/KADID/extracted/kadid10k/images/I16_15_03.png,I16.png,16,15,3,2.03,0.795,22.549747467041016,0.03720705399973667,1
I16_15_05.png,/kaggle/working/MDFS/data/KADID/extracted/kadid10k/images/I16_15_05.png,I16.png,16,15,5,1.27,0.442,25.239299774169922,0.03529518300001655,1
I16_16_02.png,/kaggle/working/MDFS/data/KADID/extracted/kadid10k/images/I16_16_02.png,I16.png,16,16,2,4.37,0.547,17.669658660888672,0.036246141999981774,1
I16_16_04.png,/kaggle/working/MDFS/data/KADID/extracted/kadid10k/images/I16_16_04.png,I16.png,16,16,4,2.73,0.929,18.207849502563477,0.03547521099972073,1
I16_17_01.png,/kaggle/working/MDFS/data/KADID/extracted/kadid10k/images/I16_17_01.png,I16.png,16,17,1,4.63,0.482,17.534162521362305,0.03659449700080586,1
I16_17_03.png,/kaggle/working/MDFS/data/KADID/extracted/kadid10k/images/I16_17_03.png,I16.png,16,17,3,4.27,0.629,17.573835372924805,0.037037724000583694,1
I16_17_05.png,/kaggle/working/MDFS/data/KADID/extracted/kadid10k/images/I16_17_05.png,I16.png,16,17,5,1.9,1.012,22.409975051879883,0.035585914999501256,1
I16_18_02.png,/kaggle/working/MDFS/data/KADID/extracted/kadid10k/images/I16_18_02.png,I16.png,16,18,2,4.6,0.663,17.838993072509766,0.03606374099945242,1
I16_18_04.png,/kaggle/working/MDFS/data/KADID/extracted/kadid10k/images/I16_18_04.png,I16.png,16,18,4,4.13,0.499,18.31499481201172,0.03594128399981855,1
I16_19_01.png,/kaggle/working/MDFS/data/KADID/extracted/kadid10k/images/I16_19_01.png,I16.png,16,19,1,4.13,0.793,17.077478408813477,0.03734519699992234,1
I16_19_03.png,/kaggle/working/MDFS/data/KADID/extracted/kadid10k/images/I16_19_03.png,I16.png,16,19,3,3.43,0.667,17.431182861328125,0.03683835500032728,1
I16_19_05.png,/kaggle/working/MDFS/data/KADID/extracted/kadid10k/images/I16_19_05.png,I16.png,16,19,5,1.17,0.373,21.447484970092773,0.03496708099919488,1
I16_20_02.png,/kaggle/working/MDFS/data/KADID/extracted/kadid10k/images/I16_20_02.png,I16.png,16,20,2,4.2,0.748,17.5871524810791,0.03624827899966476,1
I16_20_04.png,/kaggle/working/MDFS/data/KADID/extracted/kadid10k/images/I16_20_04.png,I16.png,16,20,4,3.93,1.123,17.596574783325195,0.035143109999808075,1
I16_21_01.png,/kaggle/working/MDFS/data/KADID/extracted/kadid10k/images/I16_21_01.png,I16.png,16,21,1,4.1,0.907,17.74860382080078,0.03589695400023629,1
I16_21_03.png,/kaggle/working/MDFS/data/KADID/extracted/kadid10k/images/I16_21_03.png,I16.png,16,21,3,3.33,1.011,18.313379287719727,0.035608754999884695,1
I16_21_05.png,/kaggle/working/MDFS/data/KADID/extracted/kadid10k/images/I16_21_05.png,I16.png,16,21,5,1.27,0.629,28.6986141204834,0.03195892899930186,1
I16_22_02.png,/kaggle/working/MDFS/data/KADID/extracted/kadid10k/images/I16_22_02.png,I16.png,16,22,2,3.53,0.884,18.39427375793457,0.034112714999537275,1
I16_22_04.png,/kaggle/working/MDFS/data/KADID/extracted/kadid10k/images/I16_22_04.png,I16.png,16,22,4,3.23,1.116,18.76423454284668,0.035224064999965776,1
I16_23_01.png,/kaggle/working/MDFS/data/KADID/extracted/kadid10k/images/I16_23_01.png,I16.png,16,23,1,2.13,0.806,17.602394104003906,0.0368740149997393,1
I16_23_03.png,/kaggle/working/MDFS/data/KADID/extracted/kadid10k/images/I16_23_03.png,I16.png,16,23,3,2.07,0.892,17.537174224853516,0.036141970999779005,1
I16_23_05.png,/kaggle/working/MDFS/data/KADID/extracted/kadid10k/images/I16_23_05.png,I16.png,16,23,5,2.03,0.752,17.585107803344727,0.03657630599991535,1
I16_24_02.png,/kaggle/working/MDFS/data/KADID/extracted/kadid10k/images/I16_24_02.png,I16.png,16,24,2,2.37,0.706,20.807180404663086,0.03709866399913153,1
I16_24_04.png,/kaggle/working/MDFS/data/KADID/extracted/kadid10k/images/I16_24_04.png,I16.png,16,24,4,1.43,0.616,24.149045944213867,0.03738347899979999,1
I16_25_01.png,/kaggle/working/MDFS/data/KADID/extracted/kadid10k/images/I16_25_01.png,I16.png,16,25,1,3.43,0.955,19.494962692260742,0.036213748000591295,1
I16_25_03.png,/kaggle/working/MDFS/data/KADID/extracted/kadid10k/images/I16_25_03.png,I16.png,16,25,3,4.16,0.766,17.91006851196289,0.03611654299947986,1
I16_25_05.png,/kaggle/working/MDFS/data/KADID/extracted/kadid10k/images/I16_25_05.png,I16.png,16,25,5,3.7,0.69,17.341333389282227,0.03581373899942264,1
I17_01_02.png,/kaggle/working/MDFS/data/KADID/extracted/kadid10k/images/I17_01_02.png,I17.png,17,1,2,4.23,0.761,17.393447875976562,0.03743648900035623,1
I17_01_04.png,/kaggle/working/MDFS/data/KADID/extracted/kadid10k/images/I17_01_04.png,I17.png,17,1,4,1.4,0.49,29.6640567779541,0.036701223999443755,1
I17_02_01.png,/kaggle/working/MDFS/data/KADID/extracted/kadid10k/images/I17_02_01.png,I17.png,17,2,1,3.5,0.719,18.242177963256836,0.03807534800034773,1
I17_02_03.png,/kaggle/working/MDFS/data/KADID/extracted/kadid10k/images/I17_02_03.png,I17.png,17,2,3,1.37,0.605,24.28799057006836,0.03663452999990113,1
I17_02_05.png,/kaggle/working/MDFS/data/KADID/extracted/kadid10k/images/I17_02_05.png,I17.png,17,2,5,1.2,0.476,28.512577056884766,0.03612730399981956,1
I17_03_02.png,/kaggle/working/MDFS/data/KADID/extracted/kadid10k/images/I17_03_02.png,I17.png,17,3,2,3.7,0.862,17.754541397094727,0.03696304200002487,1
I17_03_04.png,/kaggle/working/MDFS/data/KADID/extracted/kadid10k/images/I17_03_04.png,I17.png,17,3,4,1.9,0.651,23.545127868652344,0.03718764199948055,1
I17_04_01.png,/kaggle/working/MDFS/data/KADID/extracted/kadid10k/images/I17_04_01.png,I17.png,17,4,1,4.63,0.482,18.646135330200195,0.03837856300015119,1
I17_04_03.png,/kaggle/working/MDFS/data/KADID/extracted/kadid10k/images/I17_04_03.png,I17.png,17,4,3,1.53,0.67,21.45026206970215,0.03770072400038771,1
I17_04_05.png,/kaggle/working/MDFS/data/KADID/extracted/kadid10k/images/I17_04_05.png,I17.png,17,4,5,1.23,0.496,24.115102767944336,0.03715682499932882,1
I17_05_02.png,/kaggle/working/MDFS/data/KADID/extracted/kadid10k/images/I17_05_02.png,I17.png,17,5,2,2.07,0.814,20.380388259887695,0.03757886200037319,1
I17_05_04.png,/kaggle/working/MDFS/data/KADID/extracted/kadid10k/images/I17_05_04.png,I17.png,17,5,4,1.5,0.671,19.360984802246094,0.03717113399943628,1
I17_06_01.png,/kaggle/working/MDFS/data/KADID/extracted/kadid10k/images/I17_06_01.png,I17.png,17,6,1,4.37,0.605,18.292020797729492,0.03624199999921984,1
I17_06_03.png,/kaggle/working/MDFS/data/KADID/extracted/kadid10k/images/I17_06_03.png,I17.png,17,6,3,4.47,0.499,18.767610549926758,0.03572459999941202,1
I17_06_05.png,/kaggle/working/MDFS/data/KADID/extracted/kadid10k/images/I17_06_05.png,I17.png,17,6,5,2.27,0.892,20.81574249267578,0.034466118000636925,1
I17_07_02.png,/kaggle/working/MDFS/data/KADID/extracted/kadid10k/images/I17_07_02.png,I17.png,17,7,2,2.63,1.169,19.198020935058594,0.037493739000638016,1
I17_07_04.png,/kaggle/working/MDFS/data/KADID/extracted/kadid10k/images/I17_07_04.png,I17.png,17,7,4,2.33,1.193,23.040264129638672,0.03569022700048663,1
I17_08_01.png,/kaggle/working/MDFS/data/KADID/extracted/kadid10k/images/I17_08_01.png,I17.png,17,8,1,4.5,0.806,17.72684097290039,0.036464181000155804,1
I17_08_03.png,/kaggle/working/MDFS/data/KADID/extracted/kadid10k/images/I17_08_03.png,I17.png,17,8,3,2.3,0.971,19.57154083251953,0.03757390499959001,1
I17_08_05.png,/kaggle/working/MDFS/data/KADID/extracted/kadid10k/images/I17_08_05.png,I17.png,17,8,5,1.26,0.506,23.0634708404541,0.03736384599960729,1
I17_09_02.png,/kaggle/working/MDFS/data/KADID/extracted/kadid10k/images/I17_09_02.png,I17.png,17,9,2,3.13,1.024,22.940906524658203,0.037373070000285225,1
I17_09_04.png,/kaggle/working/MDFS/data/KADID/extracted/kadid10k/images/I17_09_04.png,I17.png,17,9,4,1.47,0.618,32.58205032348633,0.03674255300029472,1
I17_10_01.png,/kaggle/working/MDFS/data/KADID/extracted/kadid10k/images/I17_10_01.png,I17.png,17,10,1,4.47,0.618,18.852807998657227,0.03624431000025652,1
I17_10_03.png,/kaggle/working/MDFS/data/KADID/extracted/kadid10k/images/I17_10_03.png,I17.png,17,10,3,4.37,0.657,19.73720359802246,0.036167842999930144,1
I17_10_05.png,/kaggle/working/MDFS/data/KADID/extracted/kadid10k/images/I17_10_05.png,I17.png,17,10,5,1.2,0.4,29.472492218017578,0.035299436999594036,1
I17_11_02.png,/kaggle/working/MDFS/data/KADID/extracted/kadid10k/images/I17_11_02.png,I17.png,17,11,2,4.5,0.5,18.957809448242188,0.037193058999946516,1
I17_11_04.png,/kaggle/working/MDFS/data/KADID/extracted/kadid10k/images/I17_11_04.png,I17.png,17,11,4,3.43,0.844,20.466026306152344,0.03481200700025511,1
I17_12_01.png,/kaggle/working/MDFS/data/KADID/extracted/kadid10k/images/I17_12_01.png,I17.png,17,12,1,4.74,0.438,17.89238166809082,0.03786963799939258,1
I17_12_03.png,/kaggle/working/MDFS/data/KADID/extracted/kadid10k/images/I17_12_03.png,I17.png,17,12,3,4.23,0.716,19.30950355529785,0.03526633499950549,1
I17_12_05.png,/kaggle/working/MDFS/data/KADID/extracted/kadid10k/images/I17_12_05.png,I17.png,17,12,5,2.8,0.98,21.92382049560547,0.03581646400016325,1
I17_13_02.png,/kaggle/working/MDFS/data/KADID/extracted/kadid10k/images/I17_13_02.png,I17.png,17,13,2,3.53,0.884,17.954530715942383,0.03842481699939526,1
I17_13_04.png,/kaggle/working/MDFS/data/KADID/extracted/kadid10k/images/I17_13_04.png,I17.png,17,13,4,2.73,0.998,20.195947647094727,0.03900622299988754,1
I17_14_01.png,/kaggle/working/MDFS/data/KADID/extracted/kadid10k/images/I17_14_01.png,I17.png,17,14,1,4.5,0.563,17.815378189086914,0.038390963999518135,1
I17_14_03.png,/kaggle/working/MDFS/data/KADID/extracted/kadid10k/images/I17_14_03.png,I17.png,17,14,3,4.5,0.563,18.563861846923828,0.037853062999602116,1
I17_14_05.png,/kaggle/working/MDFS/data/KADID/extracted/kadid10k/images/I17_14_05.png,I17.png,17,14,5,2.53,0.806,20.887929916381836,0.035575138999774936,1
I17_15_02.png,/kaggle/working/MDFS/data/KADID/extracted/kadid10k/images/I17_15_02.png,I17.png,17,15,2,3.22,0.78,19.886213302612305,0.03856439199989836,1
I17_15_04.png,/kaggle/working/MDFS/data/KADID/extracted/kadid10k/images/I17_15_04.png,I17.png,17,15,4,1.87,0.499,22.691980361938477,0.03875897400030226,1
I17_16_01.png,/kaggle/working/MDFS/data/KADID/extracted/kadid10k/images/I17_16_01.png,I17.png,17,16,1,4.6,0.554,17.740955352783203,0.03867784300018684,1
I17_16_03.png,/kaggle/working/MDFS/data/KADID/extracted/kadid10k/images/I17_16_03.png,I17.png,17,16,3,3.97,0.706,18.095640182495117,0.038726562000192644,1
I17_16_05.png,/kaggle/working/MDFS/data/KADID/extracted/kadid10k/images/I17_16_05.png,I17.png,17,16,5,2.07,0.814,20.635244369506836,0.03899564600033045,1
I17_17_02.png,/kaggle/working/MDFS/data/KADID/extracted/kadid10k/images/I17_17_02.png,I17.png,17,17,2,4.43,0.496,17.75827980041504,0.038941781999710656,1
I17_17_04.png,/kaggle/working/MDFS/data/KADID/extracted/kadid10k/images/I17_17_04.png,I17.png,17,17,4,3.5,0.806,18.33876609802246,0.03811272199982341,1
I17_18_01.png,/kaggle/working/MDFS/data/KADID/extracted/kadid10k/images/I17_18_01.png,I17.png,17,18,1,4.53,0.562,18.198820114135742,0.038609997000094154,1
I17_18_03.png,/kaggle/working/MDFS/data/KADID/extracted/kadid10k/images/I17_18_03.png,I17.png,17,18,3,4.43,0.496,17.72684097290039,0.03807456899994577,1
I17_18_05.png,/kaggle/working/MDFS/data/KADID/extracted/kadid10k/images/I17_18_05.png,I17.png,17,18,5,3.93,0.512,18.76545524597168,0.03782386100010626,1
I17_19_02.png,/kaggle/working/MDFS/data/KADID/extracted/kadid10k/images/I17_19_02.png,I17.png,17,19,2,3.9,0.539,17.4169864654541,0.038047471000027144,1
I17_19_04.png,/kaggle/working/MDFS/data/KADID/extracted/kadid10k/images/I17_19_04.png,I17.png,17,19,4,1.43,0.559,20.52672576904297,0.03516153999953531,1
I17_20_01.png,/kaggle/working/MDFS/data/KADID/extracted/kadid10k/images/I17_20_01.png,I17.png,17,20,1,4.8,0.6,17.70952033996582,0.038864387999637984,1
I17_20_03.png,/kaggle/working/MDFS/data/KADID/extracted/kadid10k/images/I17_20_03.png,I17.png,17,20,3,4.4,0.712,17.662353515625,0.03892676399937045,1
I17_20_05.png,/kaggle/working/MDFS/data/KADID/extracted/kadid10k/images/I17_20_05.png,I17.png,17,20,5,4.13,0.991,17.70698356628418,0.0391389189999245,1
I17_21_02.png,/kaggle/working/MDFS/data/KADID/extracted/kadid10k/images/I17_21_02.png,I17.png,17,21,2,3.0,0.856,18.058948516845703,0.03794959500010009,1
I17_21_04.png,/kaggle/working/MDFS/data/KADID/extracted/kadid10k/images/I17_21_04.png,I17.png,17,21,4,2.57,1.174,19.591611862182617,0.03576880699984031,1
I17_22_01.png,/kaggle/working/MDFS/data/KADID/extracted/kadid10k/images/I17_22_01.png,I17.png,17,22,1,4.8,0.476,17.909957885742188,0.03790131899950211,1
I17_22_03.png,/kaggle/working/MDFS/data/KADID/extracted/kadid10k/images/I17_22_03.png,I17.png,17,22,3,4.73,0.442,18.102684020996094,0.03710918299930199,1
I17_22_05.png,/kaggle/working/MDFS/data/KADID/extracted/kadid10k/images/I17_22_05.png,I17.png,17,22,5,4.33,0.65,18.926918029785156,0.03732044600019435,1
I17_23_02.png,/kaggle/working/MDFS/data/KADID/extracted/kadid10k/images/I17_23_02.png,I17.png,17,23,2,2.63,1.08,17.680377960205078,0.038574476000576396,1
I17_23_04.png,/kaggle/working/MDFS/data/KADID/extracted/kadid10k/images/I17_23_04.png,I17.png,17,23,4,2.33,1.135,17.665613174438477,0.03881117299988546,1
I17_24_01.png,/kaggle/working/MDFS/data/KADID/extracted/kadid10k/images/I17_24_01.png,I17.png,17,24,1,3.1,1.044,21.099843978881836,0.03965961299945775,1
I17_24_03.png,/kaggle/working/MDFS/data/KADID/extracted/kadid10k/images/I17_24_03.png,I17.png,17,24,3,1.8,0.653,25.011320114135742,0.036144222999610065,1
I17_24_05.png,/kaggle/working/MDFS/data/KADID/extracted/kadid10k/images/I17_24_05.png,I17.png,17,24,5,1.1,0.3,31.700305938720703,0.032952937000118254,1
I17_25_02.png,/kaggle/working/MDFS/data/KADID/extracted/kadid10k/images/I17_25_02.png,I17.png,17,25,2,3.47,0.921,18.743545532226562,0.03799965899997915,1
I17_25_04.png,/kaggle/working/MDFS/data/KADID/extracted/kadid10k/images/I17_25_04.png,I17.png,17,25,4,4.43,0.496,17.531293869018555,0.0367689340000652,1
I18_01_01.png,/kaggle/working/MDFS/data/KADID/extracted/kadid10k/images/I18_01_01.png,I18.png,18,1,1,4.5,0.563,17.913131713867188,0.03485302299941395,1
I18_01_03.png,/kaggle/working/MDFS/data/KADID/extracted/kadid10k/images/I18_01_03.png,I18.png,18,1,3,2.83,0.934,21.523235321044922,0.035098284000014246,1
I18_01_05.png,/kaggle/working/MDFS/data/KADID/extracted/kadid10k/images/I18_01_05.png,I18.png,18,1,5,1.4,0.49,36.818580627441406,0.034079987000041,1
I18_02_02.png,/kaggle/working/MDFS/data/KADID/extracted/kadid10k/images/I18_02_02.png,I18.png,18,2,2,2.37,0.875,22.79844093322754,0.03491056300026685,1
I18_02_04.png,/kaggle/working/MDFS/data/KADID/extracted/kadid10k/images/I18_02_04.png,I18.png,18,2,4,1.23,0.423,28.125490188598633,0.03601204900041921,1
I18_03_01.png,/kaggle/working/MDFS/data/KADID/extracted/kadid10k/images/I18_03_01.png,I18.png,18,3,1,4.3,0.69,17.913131713867188,0.03531476000080147,1
I18_03_03.png,/kaggle/working/MDFS/data/KADID/extracted/kadid10k/images/I18_03_03.png,I18.png,18,3,3,3.07,0.892,20.05742835998535,0.035239802000432974,1
I18_03_05.png,/kaggle/working/MDFS/data/KADID/extracted/kadid10k/images/I18_03_05.png,I18.png,18,3,5,1.57,0.616,22.69029998779297,0.03483661700010998,1
I18_04_02.png,/kaggle/working/MDFS/data/KADID/extracted/kadid10k/images/I18_04_02.png,I18.png,18,4,2,2.5,0.992,20.180978775024414,0.03480916199987405,1
I18_04_04.png,/kaggle/working/MDFS/data/KADID/extracted/kadid10k/images/I18_04_04.png,I18.png,18,4,4,1.4,0.611,21.64625358581543,0.03314814900022611,1
I18_05_01.png,/kaggle/working/MDFS/data/KADID/extracted/kadid10k/images/I18_05_01.png,I18.png,18,5,1,4.27,0.573,18.513687133789062,0.033764857000278425,1
I18_05_03.png,/kaggle/working/MDFS/data/KADID/extracted/kadid10k/images/I18_05_03.png,I18.png,18,5,3,1.9,0.746,19.39635467529297,0.03467106700009026,1
I18_05_05.png,/kaggle/working/MDFS/data/KADID/extracted/kadid10k/images/I18_05_05.png,I18.png,18,5,5,1.87,0.763,19.16547393798828,0.03608380700006819,1
I18_06_02.png,/kaggle/working/MDFS/data/KADID/extracted/kadid10k/images/I18_06_02.png,I18.png,18,6,2,3.43,0.667,19.69001007080078,0.03409057099997881,1
I18_06_04.png,/kaggle/working/MDFS/data/KADID/extracted/kadid10k/images/I18_06_04.png,I18.png,18,6,4,2.5,0.671,21.309301376342773,0.03323284300040541,1
I18_07_01.png,/kaggle/working/MDFS/data/KADID/extracted/kadid10k/images/I18_07_01.png,I18.png,18,7,1,2.97,1.016,17.933298110961914,0.03607291199932661,1
I18_07_03.png,/kaggle/working/MDFS/data/KADID/extracted/kadid10k/images/I18_07_03.png,I18.png,18,7,3,2.03,0.875,19.051712036132812,0.034446851999746286,1
I18_07_05.png,/kaggle/working/MDFS/data/KADID/extracted/kadid10k/images/I18_07_05.png,I18.png,18,7,5,1.73,0.892,19.294937133789062,0.03377007299968682,1
I18_08_02.png,/kaggle/working/MDFS/data/KADID/extracted/kadid10k/images/I18_08_02.png,I18.png,18,8,2,3.43,0.883,19.67332649230957,0.03469320299973333,1
I18_08_04.png,/kaggle/working/MDFS/data/KADID/extracted/kadid10k/images/I18_08_04.png,I18.png,18,8,4,1.9,0.907,21.515989303588867,0.033659132000138925,1
I18_09_01.png,/kaggle/working/MDFS/data/KADID/extracted/kadid10k/images/I18_09_01.png,I18.png,18,9,1,4.4,0.712,18.274864196777344,0.03441100700001698,1
I18_09_03.png,/kaggle/working/MDFS/data/KADID/extracted/kadid10k/images/I18_09_03.png,I18.png,18,9,3,4.27,0.629,19.654613494873047,0.034775912999975844,1
I18_09_05.png,/kaggle/working/MDFS/data/KADID/extracted/kadid10k/images/I18_09_05.png,I18.png,18,9,5,1.57,0.667,32.099910736083984,0.03683081600047444,1
I18_10_02.png,/kaggle/working/MDFS/data/KADID/extracted/kadid10k/images/I18_10_02.png,I18.png,18,10,2,3.6,0.917,20.658349990844727,0.034155200999521185,1
I18_10_04.png,/kaggle/working/MDFS/data/KADID/extracted/kadid10k/images/I18_10_04.png,I18.png,18,10,4,1.67,0.537,27.647563934326172,0.032362334999561426,1
I18_11_01.png,/kaggle/working/MDFS/data/KADID/extracted/kadid10k/images/I18_11_01.png,I18.png,18,11,1,3.7,0.64,21.204639434814453,0.03481578799983254,1
I18_11_03.png,/kaggle/working/MDFS/data/KADID/extracted/kadid10k/images/I18_11_03.png,I18.png,18,11,3,2.83,0.687,23.462541580200195,0.03536124699985521,1
I18_11_05.png,/kaggle/working/MDFS/data/KADID/extracted/kadid10k/images/I18_11_05.png,I18.png,18,11,5,2.07,0.573,27.305845260620117,0.03549914599989279,1
I18_12_02.png,/kaggle/working/MDFS/data/KADID/extracted/kadid10k/images/I18_12_02.png,I18.png,18,12,2,3.03,0.836,21.46235466003418,0.035574514000472846,1
I18_12_04.png,/kaggle/working/MDFS/data/KADID/extracted/kadid10k/images/I18_12_04.png,I18.png,18,12,4,2.1,0.651,24.740985870361328,0.037319403000765305,1
I18_13_01.png,/kaggle/working/MDFS/data/KADID/extracted/kadid10k/images/I18_13_01.png,I18.png,18,13,1,2.94,0.914,18.407371520996094,0.03585340100016765,1
I18_13_03.png,/kaggle/working/MDFS/data/KADID/extracted/kadid10k/images/I18_13_03.png,I18.png,18,13,3,2.37,0.657,23.09035873413086,0.03381289899971307,1
I18_13_05.png,/kaggle/working/MDFS/data/KADID/extracted/kadid10k/images/I18_13_05.png,I18.png,18,13,5,1.97,0.706,25.98787498474121,0.03381097300007241,1
I18_14_02.png,/kaggle/working/MDFS/data/KADID/extracted/kadid10k/images/I18_14_02.png,I18.png,18,14,2,3.03,0.875,21.027772903442383,0.035483737000504334,1
I18_14_04.png,/kaggle/working/MDFS/data/KADID/extracted/kadid10k/images/I18_14_04.png,I18.png,18,14,4,2.23,0.761,24.820308685302734,0.0369537329997911,1
I18_15_01.png,/kaggle/working/MDFS/data/KADID/extracted/kadid10k/images/I18_15_01.png,I18.png,18,15,1,3.03,0.822,20.8555908203125,0.03479358200002025,1
I18_15_03.png,/kaggle/working/MDFS/data/KADID/extracted/kadid10k/images/I18_15_03.png,I18.png,18,15,3,2.1,0.651,23.38471221923828,0.03374961500048812,1
I18_15_05.png,/kaggle/working/MDFS/data/KADID/extracted/kadid10k/images/I18_15_05.png,I18.png,18,15,5,1.53,0.718,26.508577346801758,0.03463286400074139,1
I18_16_02.png,/kaggle/working/MDFS/data/KADID/extracted/kadid10k/images/I18_16_02.png,I18.png,18,16,2,4.37,0.706,17.980648040771484,0.035034497999731684,1
I18_16_04.png,/kaggle/working/MDFS/data/KADID/extracted/kadid10k/images/I18_16_04.png,I18.png,18,16,4,2.97,0.795,19.984708786010742,0.03339949099972728,1
I18_17_01.png,/kaggle/working/MDFS/data/KADID/extracted/kadid10k/images/I18_17_01.png,I18.png,18,17,1,4.4,0.49,17.890748977661133,0.03402151099999173,1
I18_17_03.png,/kaggle/working/MDFS/data/KADID/extracted/kadid10k/images/I18_17_03.png,I18.png,18,17,3,3.83,0.734,17.935531616210938,0.03516488500008563,1
I18_17_05.png,/kaggle/working/MDFS/data/KADID/extracted/kadid10k/images/I18_17_05.png,I18.png,18,17,5,2.57,0.92,19.884305953979492,0.034562099000140734,1
I18_18_02.png,/kaggle/working/MDFS/data/KADID/extracted/kadid10k/images/I18_18_02.png,I18.png,18,18,2,4.43,0.667,18.064599990844727,0.0333124160006264,1
I18_18_04.png,/kaggle/working/MDFS/data/KADID/extracted/kadid10k/images/I18_18_04.png,I18.png,18,18,4,4.33,0.596,17.94093894958496,0.03478392600027291,1
I18_19_01.png,/kaggle/working/MDFS/data/KADID/extracted/kadid10k/images/I18_19_01.png,I18.png,18,19,1,4.6,0.554,17.81734848022461,0.03569019400038087,1
I18_19_03.png,/kaggle/working/MDFS/data/KADID/extracted/kadid10k/images/I18_19_03.png,I18.png,18,19,3,3.57,0.955,17.777673721313477,0.03552192200004356,1
I18_19_05.png,/kaggle/working/MDFS/data/KADID/extracted/kadid10k/images/I18_19_05.png,I18.png,18,19,5,1.3,0.458,21.218273162841797,0.03521765799996501,1
I18_20_02.png,/kaggle/working/MDFS/data/KADID/extracted/kadid10k/images/I18_20_02.png,I18.png,18,20,2,4.03,0.657,17.891189575195312,0.035919486000238976,1
I18_20_04.png,/kaggle/working/MDFS/data/KADID/extracted/kadid10k/images/I18_20_04.png,I18.png,18,20,4,3.97,0.912,17.75088119506836,0.03576867899937497,1
I18_21_01.png,/kaggle/working/MDFS/data/KADID/extracted/kadid10k/images/I18_21_01.png,I18.png,18,21,1,3.74,1.015,17.871702194213867,0.0344247559996802,1
I18_21_03.png,/kaggle/working/MDFS/data/KADID/extracted/kadid10k/images/I18_21_03.png,I18.png,18,21,3,3.33,1.106,18.112985610961914,0.03404270400005771,1
I18_21_05.png,/kaggle/working/MDFS/data/KADID/extracted/kadid10k/images/I18_21_05.png,I18.png,18,21,5,1.63,0.752,24.17143440246582,0.03381490199990367,1
I18_22_02.png,/kaggle/working/MDFS/data/KADID/extracted/kadid10k/images/I18_22_02.png,I18.png,18,22,2,2.63,1.016,18.694866180419922,0.03355324899985135,1
I18_22_04.png,/kaggle/working/MDFS/data/KADID/extracted/kadid10k/images/I18_22_04.png,I18.png,18,22,4,2.4,1.052,19.32075309753418,0.03316394000012224,1
I18_23_01.png,/kaggle/working/MDFS/data/KADID/extracted/kadid10k/images/I18_23_01.png,I18.png,18,23,1,2.77,1.055,17.887720108032227,0.03610534000017651,1
I18_23_03.png,/kaggle/working/MDFS/data/KADID/extracted/kadid10k/images/I18_23_03.png,I18.png,18,23,3,2.4,0.917,18.013938903808594,0.03594481300024199,1
I18_23_05.png,/kaggle/working/MDFS/data/KADID/extracted/kadid10k/images/I18_23_05.png,I18.png,18,23,5,2.1,0.907,17.91864013671875,0.03521526799977437,1
I18_24_02.png,/kaggle/working/MDFS/data/KADID/extracted/kadid10k/images/I18_24_02.png,I18.png,18,24,2,2.97,0.836,19.787647247314453,0.0356421020005655,1
I18_24_04.png,/kaggle/working/MDFS/data/KADID/extracted/kadid10k/images/I18_24_04.png,I18.png,18,24,4,1.57,0.716,22.987918853759766,0.03556224099975225,1
I18_25_01.png,/kaggle/working/MDFS/data/KADID/extracted/kadid10k/images/I18_25_01.png,I18.png,18,25,1,3.7,0.781,18.363189697265625,0.03536572099983459,1
I18_25_03.png,/kaggle/working/MDFS/data/KADID/extracted/kadid10k/images/I18_25_03.png,I18.png,18,25,3,3.9,0.746,17.91075325012207,0.03514936600004148,1
I18_25_05.png,/kaggle/working/MDFS/data/KADID/extracted/kadid10k/images/I18_25_05.png,I18.png,18,25,5,3.33,0.907,18.153989791870117,0.034379901000647806,1
I19_01_02.png,/kaggle/working/MDFS/data/KADID/extracted/kadid10k/images/I19_01_02.png,I19.png,19,1,2,4.23,0.616,19.135732650756836,0.03795715399974142,1
I19_01_04.png,/kaggle/working/MDFS/data/KADID/extracted/kadid10k/images/I19_01_04.png,I19.png,19,1,4,1.93,0.629,32.490474700927734,0.03786957499960408,1
I19_02_01.png,/kaggle/working/MDFS/data/KADID/extracted/kadid10k/images/I19_02_01.png,I19.png,19,2,1,3.8,0.909,20.356828689575195,0.03770635100045183,1
I19_02_03.png,/kaggle/working/MDFS/data/KADID/extracted/kadid10k/images/I19_02_03.png,I19.png,19,2,3,2.0,0.856,32.4116325378418,0.03594068599977618,1
I19_02_05.png,/kaggle/working/MDFS/data/KADID/extracted/kadid10k/images/I19_02_05.png,I19.png,19,2,5,1.4,0.554,38.97988510131836,0.035736036999878706,1
I19_03_02.png,/kaggle/working/MDFS/data/KADID/extracted/kadid10k/images/I19_03_02.png,I19.png,19,3,2,3.73,0.772,19.640491485595703,0.03790859000037017,1
I19_03_04.png,/kaggle/working/MDFS/data/KADID/extracted/kadid10k/images/I19_03_04.png,I19.png,19,3,4,2.17,0.969,22.928096771240234,0.03747876899979019,1
I19_04_01.png,/kaggle/working/MDFS/data/KADID/extracted/kadid10k/images/I19_04_01.png,I19.png,19,4,1,4.13,0.763,19.298748016357422,0.03807502600011503,1
I19_04_03.png,/kaggle/working/MDFS/data/KADID/extracted/kadid10k/images/I19_04_03.png,I19.png,19,4,3,1.61,0.79,20.88480567932129,0.03755499599992618,1
I19_04_05.png,/kaggle/working/MDFS/data/KADID/extracted/kadid10k/images/I19_04_05.png,I19.png,19,4,5,1.37,0.547,22.302011489868164,0.036384035000082804,1
I19_05_02.png,/kaggle/working/MDFS/data/KADID/extracted/kadid10k/images/I19_05_02.png,I19.png,19,5,2,2.33,0.745,20.047523498535156,0.03848559200014279,1
I19_05_04.png,/kaggle/working/MDFS/data/KADID/extracted/kadid10k/images/I19_05_04.png,I19.png,19,5,4,1.57,0.761,19.974374771118164,0.038022665999960736,1
I19_06_01.png,/kaggle/working/MDFS/data/KADID/extracted/kadid10k/images/I19_06_01.png,I19.png,19,6,1,3.9,0.831,23.87557029724121,0.03340086299976974,1
I19_06_03.png,/kaggle/working/MDFS/data/KADID/extracted/kadid10k/images/I19_06_03.png,I19.png,19,6,3,3.4,0.879,24.671796798706055,0.0342245579995506,1
I19_06_05.png,/kaggle/working/MDFS/data/KADID/extracted/kadid10k/images/I19_06_05.png,I19.png,19,6,5,1.9,0.597,26.282987594604492,0.032967121999718074,1
I19_07_02.png,/kaggle/working/MDFS/data/KADID/extracted/kadid10k/images/I19_07_02.png,I19.png,19,7,2,1.97,1.048,20.722558975219727,0.036571491999893624,1
I19_07_04.png,/kaggle/working/MDFS/data/KADID/extracted/kadid10k/images/I19_07_04.png,I19.png,19,7,4,2.1,0.978,24.072166442871094,0.035469744000693026,1
I19_08_01.png,/kaggle/working/MDFS/data/KADID/extracted/kadid10k/images/I19_08_01.png,I19.png,19,8,1,4.87,0.34,19.328937530517578,0.0390897560000667,1
I19_08_03.png,/kaggle/working/MDFS/data/KADID/extracted/kadid10k/images/I19_08_03.png,I19.png,19,8,3,2.87,1.118,20.8049259185791,0.038581336000788724,1
I19_08_05.png,/kaggle/working/MDFS/data/KADID/extracted/kadid10k/images/I19_08_05.png,I19.png,19,8,5,1.6,0.757,23.75211524963379,0.038107092999780434,1
I19_09_02.png,/kaggle/working/MDFS/data/KADID/extracted/kadid10k/images/I19_09_02.png,I19.png,19,9,2,4.37,0.706,20.455585479736328,0.03737418800028536,1
I19_09_04.png,/kaggle/working/MDFS/data/KADID/extracted/kadid10k/images/I19_09_04.png,I19.png,19,9,4,3.37,1.016,26.972633361816406,0.03727949899985106,1
I19_10_01.png,/kaggle/working/MDFS/data/KADID/extracted/kadid10k/images/I19_10_01.png,I19.png,19,10,1,4.0,0.931,20.563615798950195,0.037685350999709044,1
I19_10_03.png,/kaggle/working/MDFS/data/KADID/extracted/kadid10k/images/I19_10_03.png,I19.png,19,10,3,3.87,0.975,22.178380966186523,0.03569894600059342,1
I19_10_05.png,/kaggle/working/MDFS/data/KADID/extracted/kadid10k/images/I19_10_05.png,I19.png,19,10,5,1.3,0.526,35.33462142944336,0.03438736400039488,1
I19_11_02.png,/kaggle/working/MDFS/data/KADID/extracted/kadid10k/images/I19_11_02.png,I19.png,19,11,2,3.33,0.83,23.97210121154785,0.035960515999249765,1
I19_11_04.png,/kaggle/working/MDFS/data/KADID/extracted/kadid10k/images/I19_11_04.png,I19.png,19,11,4,2.3,0.69,26.350820541381836,0.03515699300078268,1
I19_12_01.png,/kaggle/working/MDFS/data/KADID/extracted/kadid10k/images/I19_12_01.png,I19.png,19,12,1,4.6,0.554,21.04596519470215,0.03534721800042462,1
I19_12_03.png,/kaggle/working/MDFS/data/KADID/extracted/kadid10k/images/I19_12_03.png,I19.png,19,12,3,2.83,0.898,24.490617752075195,0.03560520799965161,1
I19_12_05.png,/kaggle/working/MDFS/data/KADID/extracted/kadid10k/images/I19_12_05.png,I19.png,19,12,5,2.13,0.763,27.719655990600586,0.036174312999719405,1
I19_13_02.png,/kaggle/working/MDFS/data/KADID/extracted/kadid10k/images/I19_13_02.png,I19.png,19,13,2,2.47,0.806,21.105649948120117,0.038684894999278185,1
I19_13_04.png,/kaggle/working/MDFS/data/KADID/extracted/kadid10k/images/I19_13_04.png,I19.png,19,13,4,2.3,0.586,25.775718688964844,0.035806061999210215,1
I19_14_01.png,/kaggle/working/MDFS/data/KADID/extracted/kadid10k/images/I19_14_01.png,I19.png,19,14,1,4.2,0.748,20.607240676879883,0.035880032000022766,1
I19_14_03.png,/kaggle/working/MDFS/data/KADID/extracted/kadid10k/images/I19_14_03.png,I19.png,19,14,3,2.57,0.844,23.75954818725586,0.035525598999811336,1
I19_14_05.png,/kaggle/working/MDFS/data/KADID/extracted/kadid10k/images/I19_14_05.png,I19.png,19,14,5,1.73,0.573,26.793807983398438,0.036854232999758096,1
I19_15_02.png,/kaggle/working/MDFS/data/KADID/extracted/kadid10k/images/I19_15_02.png,I19.png,19,15,2,3.0,0.856,21.779163360595703,0.037754015000246,1
I19_15_04.png,/kaggle/working/MDFS/data/KADID/extracted/kadid10k/images/I19_15_04.png,I19.png,19,15,4,1.87,0.763,23.317873001098633,0.03654505800022889,1
I19_16_01.png,/kaggle/working/MDFS/data/KADID/extracted/kadid10k/images/I19_16_01.png,I19.png,19,16,1,4.57,0.667,19.45636558532715,0.038610603000051924,1
I19_16_03.png,/kaggle/working/MDFS/data/KADID/extracted/kadid10k/images/I19_16_03.png,I19.png,19,16,3,4.13,0.884,19.776832580566406,0.03766805600025691,1
I19_16_05.png,/kaggle/working/MDFS/data/KADID/extracted/kadid10k/images/I19_16_05.png,I19.png,19,16,5,1.77,0.803,21.39988899230957,0.03705483300018386,1
I19_17_02.png,/kaggle/working/MDFS/data/KADID/extracted/kadid10k/images/I19_17_02.png,I19.png,19,17,2,4.47,0.562,19.205713272094727,0.03784540000015113,1
I19_17_04.png,/kaggle/working/MDFS/data/KADID/extracted/kadid10k/images/I19_17_04.png,I19.png,19,17,4,3.82,0.716,19.20901870727539,0.037812321000274096,1
I19_18_01.png,/kaggle/working/MDFS/data/KADID/extracted/kadid10k/images/I19_18_01.png,I19.png,19,18,1,4.5,0.563,19.847440719604492,0.03875453799992101,1
I19_18_03.png,/kaggle/working/MDFS/data/KADID/extracted/kadid10k/images/I19_18_03.png,I19.png,19,18,3,4.7,0.458,19.328937530517578,0.03827096700024413,1
I19_18_05.png,/kaggle/working/MDFS/data/KADID/extracted/kadid10k/images/I19_18_05.png,I19.png,19,18,5,3.9,0.831,19.88396453857422,0.03791053399982047,1
I19_19_02.png,/kaggle/working/MDFS/data/KADID/extracted/kadid10k/images/I19_19_02.png,I19.png,19,19,2,3.83,0.687,19.10584259033203,0.053068551999785996,1
I19_19_04.png,/kaggle/working/MDFS/data/KADID/extracted/kadid10k/images/I19_19_04.png,I19.png,19,19,4,1.57,0.559,21.863378524780273,0.037889520000135235,1
I19_20_01.png,/kaggle/working/MDFS/data/KADID/extracted/kadid10k/images/I19_20_01.png,I19.png,19,20,1,4.13,0.907,19.29334831237793,0.03921054300008109,1
I19_20_03.png,/kaggle/working/MDFS/data/KADID/extracted/kadid10k/images/I19_20_03.png,I19.png,19,20,3,3.07,1.181,19.07889175415039,0.039422904000275594,1
I19_20_05.png,/kaggle/working/MDFS/data/KADID/extracted/kadid10k/images/I19_20_05.png,I19.png,19,20,5,2.37,1.11,18.974693298339844,0.040080998000121326,1
I19_21_02.png,/kaggle/working/MDFS/data/KADID/extracted/kadid10k/images/I19_21_02.png,I19.png,19,21,2,3.47,0.921,19.586864471435547,0.065622407999399,1
I19_21_04.png,/kaggle/working/MDFS/data/KADID/extracted/kadid10k/images/I19_21_04.png,I19.png,19,21,4,2.8,0.909,20.173227310180664,0.053927913000734407,1
I19_22_01.png,/kaggle/working/MDFS/data/KADID/extracted/kadid10k/images/I19_22_01.png,I19.png,19,22,1,4.4,0.712,19.945632934570312,0.03552458299964201,1
I19_22_03.png,/kaggle/working/MDFS/data/KADID/extracted/kadid10k/images/I19_22_03.png,I19.png,19,22,3,3.37,1.016,20.426273345947266,0.03509899700020469,1
I19_22_05.png,/kaggle/working/MDFS/data/KADID/extracted/kadid10k/images/I19_22_05.png,I19.png,19,22,5,2.67,0.978,22.61574363708496,0.03369411099993158,1
I19_23_02.png,/kaggle/working/MDFS/data/KADID/extracted/kadid10k/images/I19_23_02.png,I19.png,19,23,2,2.37,1.197,19.224918365478516,0.040245594999760215,1
I19_23_04.png,/kaggle/working/MDFS/data/KADID/extracted/kadid10k/images/I19_23_04.png,I19.png,19,23,4,2.33,0.943,19.280059814453125,0.038420650999796635,1
I19_24_01.png,/kaggle/working/MDFS/data/KADID/extracted/kadid10k/images/I19_24_01.png,I19.png,19,24,1,3.3,1.1,19.961755752563477,0.038324377999742865,1
I19_24_03.png,/kaggle/working/MDFS/data/KADID/extracted/kadid10k/images/I19_24_03.png,I19.png,19,24,3,1.63,0.547,20.903390884399414,0.039133632999437395,1
I19_24_05.png,/kaggle/working/MDFS/data/KADID/extracted/kadid10k/images/I19_24_05.png,I19.png,19,24,5,1.23,0.423,22.91340446472168,0.038586733000556706,1
I19_25_02.png,/kaggle/working/MDFS/data/KADID/extracted/kadid10k/images/I19_25_02.png,I19.png,19,25,2,4.17,0.453,19.56670570373535,0.03926209299970651,1
I19_25_04.png,/kaggle/working/MDFS/data/KADID/extracted/kadid10k/images/I19_25_04.png,I19.png,19,25,4,4.43,0.883,19.4968318939209,0.0388716489997023,1
I20_01_01.png,/kaggle/working/MDFS/data/KADID/extracted/kadid10k/images/I20_01_01.png,I20.png,20,1,1,4.63,0.605,18.31178092956543,0.03872703599972738,1
I20_01_03.png,/kaggle/working/MDFS/data/KADID/extracted/kadid10k/images/I20_01_03.png,I20.png,20,1,3,2.73,0.854,21.912870407104492,0.037687146000280336,1
I20_01_05.png,/kaggle/working/MDFS/data/KADID/extracted/kadid10k/images/I20_01_05.png,I20.png,20,1,5,1.33,0.537,38.007110595703125,0.035490917999595695,1
I20_02_02.png,/kaggle/working/MDFS/data/KADID/extracted/kadid10k/images/I20_02_02.png,I20.png,20,2,2,2.53,0.806,23.33840560913086,0.0370882929992149,1
I20_02_04.png,/kaggle/working/MDFS/data/KADID/extracted/kadid10k/images/I20_02_04.png,I20.png,20,2,4,1.7,0.526,30.170940399169922,0.03722016800020356,1
I20_03_01.png,/kaggle/working/MDFS/data/KADID/extracted/kadid10k/images/I20_03_01.png,I20.png,20,3,1,4.4,0.663,18.31178092956543,0.03915975900054036,1
I20_03_03.png,/kaggle/working/MDFS/data/KADID/extracted/kadid10k/images/I20_03_03.png,I20.png,20,3,3,3.13,0.67,20.99867057800293,0.03785352500017325,1
I20_03_05.png,/kaggle/working/MDFS/data/KADID/extracted/kadid10k/images/I20_03_05.png,I20.png,20,3,5,1.87,0.618,23.112031936645508,0.03792631499982235,1
I20_04_02.png,/kaggle/working/MDFS/data/KADID/extracted/kadid10k/images/I20_04_02.png,I20.png,20,4,2,2.17,0.82,20.38201904296875,0.038381646000743785,1
I20_04_04.png,/kaggle/working/MDFS/data/KADID/extracted/kadid10k/images/I20_04_04.png,I20.png,20,4,4,1.23,0.616,21.362171173095703,0.03672636600003898,1
I20_05_01.png,/kaggle/working/MDFS/data/KADID/extracted/kadid10k/images/I20_05_01.png,I20.png,20,5,1,3.9,0.79,19.209850311279297,0.03758314000060636,1
I20_05_03.png,/kaggle/working/MDFS/data/KADID/extracted/kadid10k/images/I20_05_03.png,I20.png,20,5,3,1.83,0.522,19.9385986328125,0.03818968199993833,1
I20_05_05.png,/kaggle/working/MDFS/data/KADID/extracted/kadid10k/images/I20_05_05.png,I20.png,20,5,5,2.13,0.806,19.784622192382812,0.03804496799966728,1
I20_06_02.png,/kaggle/working/MDFS/data/KADID/extracted/kadid10k/images/I20_06_02.png,I20.png,20,6,2,4.07,0.772,19.710407257080078,0.03485117700074625,1
I20_06_04.png,/kaggle/working/MDFS/data/KADID/extracted/kadid10k/images/I20_06_04.png,I20.png,20,6,4,3.73,0.998,20.791074752807617,0.03410392799924011,1
I20_07_01.png,/kaggle/working/MDFS/data/KADID/extracted/kadid10k/images/I20_07_01.png,I20.png,20,7,1,2.57,0.989,18.110559463500977,0.037469288000465895,1
I20_07_03.png,/kaggle/working/MDFS/data/KADID/extracted/kadid10k/images/I20_07_03.png,I20.png,20,7,3,2.3,1.005,19.536367416381836,0.0354466640001192,1
I20_07_05.png,/kaggle/working/MDFS/data/KADID/extracted/kadid10k/images/I20_07_05.png,I20.png,20,7,5,2.17,1.128,18.891273498535156,0.03721459799999138,1
I20_08_02.png,/kaggle/working/MDFS/data/KADID/extracted/kadid10k/images/I20_08_02.png,I20.png,20,8,2,3.3,0.971,19.361358642578125,0.038397068999984185,1
I20_08_04.png,/kaggle/working/MDFS/data/KADID/extracted/kadid10k/images/I20_08_04.png,I20.png,20,8,4,1.7,0.862,20.8863468170166,0.037272778000442486,1
I20_09_01.png,/kaggle/working/MDFS/data/KADID/extracted/kadid10k/images/I20_09_01.png,I20.png,20,9,1,4.53,0.67,18.037567138671875,0.037333786000090186,1
I20_09_03.png,/kaggle/working/MDFS/data/KADID/extracted/kadid10k/images/I20_09_03.png,I20.png,20,9,3,3.8,0.945,20.965805053710938,0.036532070000248495,1
I20_09_05.png,/kaggle/working/MDFS/data/KADID/extracted/kadid10k/images/I20_09_05.png,I20.png,20,9,5,1.37,0.482,35.24441909790039,0.03533637500004261,1
I20_10_02.png,/kaggle/working/MDFS/data/KADID/extracted/kadid10k/images/I20_10_02.png,I20.png,20,10,2,3.9,0.79,20.773393630981445,0.03609150799911731,1
I20_10_04.png,/kaggle/working/MDFS/data/KADID/extracted/kadid10k/images/I20_10_04.png,I20.png,20,10,4,1.67,0.699,30.26018714904785,0.03468138100015494,1
I20_11_01.png,/kaggle/working/MDFS/data/KADID/extracted/kadid10k/images/I20_11_01.png,I20.png,20,11,1,3.47,0.763,20.900951385498047,0.03469705899988185,1
I20_11_03.png,/kaggle/working/MDFS/data/KADID/extracted/kadid10k/images/I20_11_03.png,I20.png,20,11,3,2.6,0.554,23.584415435791016,0.03526958400016156,1
I20_11_05.png,/kaggle/working/MDFS/data/KADID/extracted/kadid10k/images/I20_11_05.png,I20.png,20,11,5,1.87,0.846,28.95352554321289,0.037017647000539,1
I20_12_02.png,/kaggle/working/MDFS/data/KADID/extracted/kadid10k/images/I20_12_02.png,I20.png,20,12,2,3.57,0.803,21.24958610534668,0.03695310199964297,1
I20_12_04.png,/kaggle/working/MDFS/data/KADID/extracted/kadid10k/images/I20_12_04.png,I20.png,20,12,4,2.53,0.67,25.599365234375,0.03576079499998741,1
I20_13_01.png,/kaggle/working/MDFS/data/KADID/extracted/kadid10k/images/I20_13_01.png,I20.png,20,13,1,3.07,0.814,18.92766571044922,0.03764485900046566,1
I20_13_03.png,/kaggle/working/MDFS/data/KADID/extracted/kadid10k/images/I20_13_03.png,I20.png,20,13,3,2.57,0.716,21.909650802612305,0.03661160799947538,1
I20_13_05.png,/kaggle/working/MDFS/data/KADID/extracted/kadid10k/images/I20_13_05.png,I20.png,20,13,5,1.9,0.746,27.1248836517334,0.035307684000144945,1
I20_14_02.png,/kaggle/working/MDFS/data/KADID/extracted/kadid10k/images/I20_14_02.png,I20.png,20,14,2,3.37,0.795,19.410709381103516,0.03606555100031983,1
I20_14_04.png,/kaggle/working/MDFS/data/KADID/extracted/kadid10k/images/I20_14_04.png,I20.png,20,14,4,2.43,0.616,21.37858009338379,0.036557710000124644,1
I20_15_01.png,/kaggle/working/MDFS/data/KADID/extracted/kadid10k/images/I20_15_01.png,I20.png,20,15,1,3.47,0.763,21.910743713378906,0.040547542000240355,1
I20_15_03.png,/kaggle/working/MDFS/data/KADID/extracted/kadid10k/images/I20_15_03.png,I20.png,20,15,3,1.87,0.67,25.52181053161621,0.03652403999967646,1
I20_15_05.png,/kaggle/working/MDFS/data/KADID/extracted/kadid10k/images/I20_15_05.png,I20.png,20,15,5,1.17,0.373,26.541461944580078,0.03548795999995491,1
I20_16_02.png,/kaggle/working/MDFS/data/KADID/extracted/kadid10k/images/I20_16_02.png,I20.png,20,16,2,4.37,0.547,18.13818359375,0.037799374000314856,1
I20_16_04.png,/kaggle/working/MDFS/data/KADID/extracted/kadid10k/images/I20_16_04.png,I20.png,20,16,4,3.23,1.023,18.1668643951416,0.03979905999949551,1
I20_17_01.png,/kaggle/working/MDFS/data/KADID/extracted/kadid10k/images/I20_17_01.png,I20.png,20,17,1,4.53,0.806,18.327404022216797,0.037963533000038296,1
I20_17_03.png,/kaggle/working/MDFS/data/KADID/extracted/kadid10k/images/I20_17_03.png,I20.png,20,17,3,4.03,0.875,18.39413070678711,0.03890950999993947,1
I20_17_05.png,/kaggle/working/MDFS/data/KADID/extracted/kadid10k/images/I20_17_05.png,I20.png,20,17,5,1.77,0.92,26.055652618408203,0.035708433999388944,1
I20_18_02.png,/kaggle/working/MDFS/data/KADID/extracted/kadid10k/images/I20_18_02.png,I20.png,20,18,2,4.5,0.719,18.283950805664062,0.03747802199995931,1
I20_18_04.png,/kaggle/working/MDFS/data/KADID/extracted/kadid10k/images/I20_18_04.png,I20.png,20,18,4,3.9,0.831,18.158660888671875,0.03760658800001693,1
I20_19_01.png,/kaggle/working/MDFS/data/KADID/extracted/kadid10k/images/I20_19_01.png,I20.png,20,19,1,4.6,0.663,18.267353057861328,0.03744835999987117,1
I20_19_03.png,/kaggle/working/MDFS/data/KADID/extracted/kadid10k/images/I20_19_03.png,I20.png,20,19,3,3.37,0.948,18.482494354248047,0.036150674000055005,1
I20_19_05.png,/kaggle/working/MDFS/data/KADID/extracted/kadid10k/images/I20_19_05.png,I20.png,20,19,5,1.37,0.547,22.805131912231445,0.03551626300031785,1
I20_20_02.png,/kaggle/working/MDFS/data/KADID/extracted/kadid10k/images/I20_20_02.png,I20.png,20,20,2,4.2,0.748,18.187591552734375,0.03829387499990844,1
I20_20_04.png,/kaggle/working/MDFS/data/KADID/extracted/kadid10k/images/I20_20_04.png,I20.png,20,20,4,4.27,0.854,18.262710571289062,0.0389095520004048,1
I20_21_01.png,/kaggle/working/MDFS/data/KADID/extracted/kadid10k/images/I20_21_01.png,I20.png,20,21,1,4.07,1.062,18.231826782226562,0.037468825000360084,1
I20_21_03.png,/kaggle/working/MDFS/data/KADID/extracted/kadid10k/images/I20_21_03.png,I20.png,20,21,3,3.1,1.027,18.86698341369629,0.03540430200064293,1
I20_21_05.png,/kaggle/working/MDFS/data/KADID/extracted/kadid10k/images/I20_21_05.png,I20.png,20,21,5,1.57,0.667,26.441076278686523,0.033160066999698756,1
I20_22_02.png,/kaggle/working/MDFS/data/KADID/extracted/kadid10k/images/I20_22_02.png,I20.png,20,22,2,3.57,0.883,18.908931732177734,0.03765471999940928,1
I20_22_04.png,/kaggle/working/MDFS/data/KADID/extracted/kadid10k/images/I20_22_04.png,I20.png,20,22,4,2.97,0.912,18.97870445251465,0.03655002100003912,1
I20_23_01.png,/kaggle/working/MDFS/data/KADID/extracted/kadid10k/images/I20_23_01.png,I20.png,20,23,1,3.03,1.104,18.20046615600586,0.037846530999559036,1
I20_23_03.png,/kaggle/working/MDFS/data/KADID/extracted/kadid10k/images/I20_23_03.png,I20.png,20,23,3,2.37,1.016,18.143798828125,0.037412226000014925,1
I20_23_05.png,/kaggle/working/MDFS/data/KADID/extracted/kadid10k/images/I20_23_05.png,I20.png,20,23,5,2.03,0.752,17.960397720336914,0.037515433999942616,1
I20_24_02.png,/kaggle/working/MDFS/data/KADID/extracted/kadid10k/images/I20_24_02.png,I20.png,20,24,2,3.0,0.95,19.286285400390625,0.03748866500063741,1
I20_24_04.png,/kaggle/working/MDFS/data/KADID/extracted/kadid10k/images/I20_24_04.png,I20.png,20,24,4,1.53,0.562,23.182722091674805,0.03725006000058784,1
I20_25_01.png,/kaggle/working/MDFS/data/KADID/extracted/kadid10k/images/I20_25_01.png,I20.png,20,25,1,2.97,0.875,18.545013427734375,0.03889135500048724,1
I20_25_03.png,/kaggle/working/MDFS/data/KADID/extracted/kadid10k/images/I20_25_03.png,I20.png,20,25,3,3.87,0.707,18.19948959350586,0.038871576999554236,1
I20_25_05.png,/kaggle/working/MDFS/data/KADID/extracted/kadid10k/images/I20_25_05.png,I20.png,20,25,5,3.0,0.775,18.399234771728516,0.03909113100053219,1
I21_01_02.png,/kaggle/working/MDFS/data/KADID/extracted/kadid10k/images/I21_01_02.png,I21.png,21,1,2,4.0,0.73,16.698333740234375,0.03623626900025556,1
I21_01_04.png,/kaggle/working/MDFS/data/KADID/extracted/kadid10k/images/I21_01_04.png,I21.png,21,1,4,1.6,0.554,28.73942756652832,0.03567490900059056,1
I21_02_01.png,/kaggle/working/MDFS/data/KADID/extracted/kadid10k/images/I21_02_01.png,I21.png,21,2,1,3.2,0.872,17.80893325805664,0.036036997999872256,1
I21_02_03.png,/kaggle/working/MDFS/data/KADID/extracted/kadid10k/images/I21_02_03.png,I21.png,21,2,3,1.33,0.596,24.142648696899414,0.03619134300060978,1
I21_02_05.png,/kaggle/working/MDFS/data/KADID/extracted/kadid10k/images/I21_02_05.png,I21.png,21,2,5,1.27,0.442,28.695608139038086,0.03677237800002331,1
I21_03_02.png,/kaggle/working/MDFS/data/KADID/extracted/kadid10k/images/I21_03_02.png,I21.png,21,3,2,3.6,0.8,17.803241729736328,0.035955671000010625,1
I21_03_04.png,/kaggle/working/MDFS/data/KADID/extracted/kadid10k/images/I21_03_04.png,I21.png,21,3,4,1.9,0.597,20.646211624145508,0.03635660899999493,1
I21_04_01.png,/kaggle/working/MDFS/data/KADID/extracted/kadid10k/images/I21_04_01.png,I21.png,21,4,1,4.43,0.496,17.456724166870117,0.034929985999951896,1
I21_04_03.png,/kaggle/working/MDFS/data/KADID/extracted/kadid10k/images/I21_04_03.png,I21.png,21,4,3,1.9,0.79,18.654603958129883,0.03654054999969958,1
I21_04_05.png,/kaggle/working/MDFS/data/KADID/extracted/kadid10k/images/I21_04_05.png,I21.png,21,4,5,1.27,0.573,19.497695922851562,0.03724157400029071,1
I21_05_02.png,/kaggle/working/MDFS/data/KADID/extracted/kadid10k/images/I21_05_02.png,I21.png,21,5,2,2.33,0.789,18.58873748779297,0.036821980999775406,1
I21_05_04.png,/kaggle/working/MDFS/data/KADID/extracted/kadid10k/images/I21_05_04.png,I21.png,21,5,4,1.77,0.92,18.137723922729492,0.036471815000368224,1
I21_06_01.png,/kaggle/working/MDFS/data/KADID/extracted/kadid10k/images/I21_06_01.png,I21.png,21,6,1,4.03,0.795,17.979034423828125,0.03420383600041532,1
I21_06_03.png,/kaggle/working/MDFS/data/KADID/extracted/kadid10k/images/I21_06_03.png,I21.png,21,6,3,3.63,0.875,18.751855850219727,0.03528240899959201,1
I21_06_05.png,/kaggle/working/MDFS/data/KADID/extracted/kadid10k/images/I21_06_05.png,I21.png,21,6,5,2.3,0.823,22.250354766845703,0.03389008400063176,1
I21_07_02.png,/kaggle/working/MDFS/data/KADID/extracted/kadid10k/images/I21_07_02.png,I21.png,21,7,2,2.43,0.92,18.111167907714844,0.03591626599973097,1
I21_07_04.png,/kaggle/working/MDFS/data/KADID/extracted/kadid10k/images/I21_07_04.png,I21.png,21,7,4,2.07,0.892,21.57419204711914,0.03429018499991798,1
I21_08_01.png,/kaggle/working/MDFS/data/KADID/extracted/kadid10k/images/I21_08_01.png,I21.png,21,8,1,4.37,0.752,16.941600799560547,0.03630766700007371,1
I21_08_03.png,/kaggle/working/MDFS/data/KADID/extracted/kadid10k/images/I21_08_03.png,I21.png,21,8,3,3.1,1.075,17.47174072265625,0.03569714799959911,1
I21_08_05.png,/kaggle/working/MDFS/data/KADID/extracted/kadid10k/images/I21_08_05.png,I21.png,21,8,5,1.43,0.559,19.20919418334961,0.03602636400046322,1
I21_09_02.png,/kaggle/working/MDFS/data/KADID/extracted/kadid10k/images/I21_09_02.png,I21.png,21,9,2,3.43,0.955,21.66596031188965,0.036360874999445514,1
I21_09_04.png,/kaggle/working/MDFS/data/KADID/extracted/kadid10k/images/I21_09_04.png,I21.png,21,9,4,1.87,0.991,28.350048065185547,0.035793599000498943,1
I21_10_01.png,/kaggle/working/MDFS/data/KADID/extracted/kadid10k/images/I21_10_01.png,I21.png,21,10,1,4.23,0.716,18.945112228393555,0.03657194900006289,1
I21_10_03.png,/kaggle/working/MDFS/data/KADID/extracted/kadid10k/images/I21_10_03.png,I21.png,21,10,3,3.53,0.991,20.909221649169922,0.03653969800052437,1
I21_10_05.png,/kaggle/working/MDFS/data/KADID/extracted/kadid10k/images/I21_10_05.png,I21.png,21,10,5,1.17,0.453,29.828025817871094,0.03482674300084909,1
I21_11_02.png,/kaggle/working/MDFS/data/KADID/extracted/kadid10k/images/I21_11_02.png,I21.png,21,11,2,3.33,0.699,19.705625534057617,0.03545384399967588,1
I21_11_04.png,/kaggle/working/MDFS/data/KADID/extracted/kadid10k/images/I21_11_04.png,I21.png,21,11,4,2.3,0.823,21.94588279724121,0.03507290399920748,1
I21_12_01.png,/kaggle/working/MDFS/data/KADID/extracted/kadid10k/images/I21_12_01.png,I21.png,21,12,1,4.03,0.782,17.80406951904297,0.03723560400067072,1
I21_12_03.png,/kaggle/working/MDFS/data/KADID/extracted/kadid10k/images/I21_12_03.png,I21.png,21,12,3,2.9,0.79,20.09861946105957,0.035818561000269256,1
I21_12_05.png,/kaggle/working/MDFS/data/KADID/extracted/kadid10k/images/I21_12_05.png,I21.png,21,12,5,2.13,0.618,23.347394943237305,0.03514909899968188,1
I21_13_02.png,/kaggle/working/MDFS/data/KADID/extracted/kadid10k/images/I21_13_02.png,I21.png,21,13,2,2.73,0.68,18.46400260925293,0.036115558999881614,1
I21_13_04.png,/kaggle/working/MDFS/data/KADID/extracted/kadid10k/images/I21_13_04.png,I21.png,21,13,4,1.93,0.442,21.6776123046875,0.036965889999919455,1
I21_14_01.png,/kaggle/working/MDFS/data/KADID/extracted/kadid10k/images/I21_14_01.png,I21.png,21,14,1,4.47,0.618,17.437959671020508,0.036658687999988615,1
I21_14_03.png,/kaggle/working/MDFS/data/KADID/extracted/kadid10k/images/I21_14_03.png,I21.png,21,14,3,3.07,0.814,18.585939407348633,0.0355712759992457,1
I21_14_05.png,/kaggle/working/MDFS/data/KADID/extracted/kadid10k/images/I21_14_05.png,I21.png,21,14,5,2.27,0.727,21.205829620361328,0.03530828400016617,1
I21_15_02.png,/kaggle/working/MDFS/data/KADID/extracted/kadid10k/images/I21_15_02.png,I21.png,21,15,2,2.1,0.597,21.792808532714844,0.03651755899954878,1
I21_15_04.png,/kaggle/working/MDFS/data/KADID/extracted/kadid10k/images/I21_15_04.png,I21.png,21,15,4,1.4,0.49,25.279579162597656,0.036206138000125065,1
I21_16_01.png,/kaggle/working/MDFS/data/KADID/extracted/kadid10k/images/I21_16_01.png,I21.png,21,16,1,4.6,0.49,16.929826736450195,0.036110646999986784,1
I21_16_03.png,/kaggle/working/MDFS/data/KADID/extracted/kadid10k/images/I21_16_03.png,I21.png,21,16,3,3.67,0.471,16.948713302612305,0.035917058999984874,1
I21_16_05.png,/kaggle/working/MDFS/data/KADID/extracted/kadid10k/images/I21_16_05.png,I21.png,21,16,5,2.17,0.898,18.640762329101562,0.0352881509998042,1
I21_17_02.png,/kaggle/working/MDFS/data/KADID/extracted/kadid10k/images/I21_17_02.png,I21.png,21,17,2,4.37,0.482,16.90547752380371,0.035798726999928476,1
I21_17_04.png,/kaggle/working/MDFS/data/KADID/extracted/kadid10k/images/I21_17_04.png,I21.png,21,17,4,2.87,1.024,17.08939552307129,0.03767156100002467,1
I21_18_01.png,/kaggle/working/MDFS/data/KADID/extracted/kadid10k/images/I21_18_01.png,I21.png,21,18,1,4.37,0.547,17.042116165161133,0.03747920299974794,1
I21_18_03.png,/kaggle/working/MDFS/data/KADID/extracted/kadid10k/images/I21_18_03.png,I21.png,21,18,3,4.43,0.716,16.941600799560547,0.03682458699950075,1
I21_18_05.png,/kaggle/working/MDFS/data/KADID/extracted/kadid10k/images/I21_18_05.png,I21.png,21,18,5,3.53,0.846,17.564594268798828,0.03628219099937269,1
I21_19_02.png,/kaggle/working/MDFS/data/KADID/extracted/kadid10k/images/I21_19_02.png,I21.png,21,19,2,3.77,0.616,16.68174934387207,0.03811510099967563,1
I21_19_04.png,/kaggle/working/MDFS/data/KADID/extracted/kadid10k/images/I21_19_04.png,I21.png,21,19,4,1.67,0.596,19.555543899536133,0.03584782800044195,1
I21_20_01.png,/kaggle/working/MDFS/data/KADID/extracted/kadid10k/images/I21_20_01.png,I21.png,21,20,1,4.53,0.718,16.940229415893555,0.03710252700057026,1
I21_20_03.png,/kaggle/working/MDFS/data/KADID/extracted/kadid10k/images/I21_20_03.png,I21.png,21,20,3,3.47,1.087,16.86076545715332,0.03722882500005653,1
I21_20_05.png,/kaggle/working/MDFS/data/KADID/extracted/kadid10k/images/I21_20_05.png,I21.png,21,20,5,3.17,1.241,16.948637008666992,0.0363903699999355,1
I21_21_02.png,/kaggle/working/MDFS/data/KADID/extracted/kadid10k/images/I21_21_02.png,I21.png,21,21,2,3.03,1.14,17.246103286743164,0.034756150000248454,1
I21_21_04.png,/kaggle/working/MDFS/data/KADID/extracted/kadid10k/images/I21_21_04.png,I21.png,21,21,4,2.2,0.653,18.830320358276367,0.03344929400009278,1
I21_22_01.png,/kaggle/working/MDFS/data/KADID/extracted/kadid10k/images/I21_22_01.png,I21.png,21,22,1,3.57,1.086,17.515317916870117,0.035986249999950815,1
I21_22_03.png,/kaggle/working/MDFS/data/KADID/extracted/kadid10k/images/I21_22_03.png,I21.png,21,22,3,2.93,1.062,17.874671936035156,0.035917029000302136,1
I21_22_05.png,/kaggle/working/MDFS/data/KADID/extracted/kadid10k/images/I21_22_05.png,I21.png,21,22,5,2.07,0.814,18.94766616821289,0.035385230000429146,1
I21_23_02.png,/kaggle/working/MDFS/data/KADID/extracted/kadid10k/images/I21_23_02.png,I21.png,21,23,2,2.3,0.862,16.97477912902832,0.035973334000118484,1
I21_23_04.png,/kaggle/working/MDFS/data/KADID/extracted/kadid10k/images/I21_23_04.png,I21.png,21,23,4,2.13,0.846,17.085926055908203,0.03699741000036738,1
I21_24_01.png,/kaggle/working/MDFS/data/KADID/extracted/kadid10k/images/I21_24_01.png,I21.png,21,24,1,3.73,0.964,18.700557708740234,0.03773461699984182,1
I21_24_03.png,/kaggle/working/MDFS/data/KADID/extracted/kadid10k/images/I21_24_03.png,I21.png,21,24,3,1.77,0.761,23.07188606262207,0.03737960899979953,1
I21_24_05.png,/kaggle/working/MDFS/data/KADID/extracted/kadid10k/images/I21_24_05.png,I21.png,21,24,5,1.37,0.482,28.337472915649414,0.034877890000643674,1
I21_25_02.png,/kaggle/working/MDFS/data/KADID/extracted/kadid10k/images/I21_25_02.png,I21.png,21,25,2,3.77,0.883,17.06179428100586,0.036046539999915694,1
I21_25_04.png,/kaggle/working/MDFS/data/KADID/extracted/kadid10k/images/I21_25_04.png,I21.png,21,25,4,3.87,0.67,16.998554229736328,0.03647209200062207,1
I22_01_01.png,/kaggle/working/MDFS/data/KADID/extracted/kadid10k/images/I22_01_01.png,I22.png,22,1,1,4.7,0.458,17.908370971679688,0.03612894199977745,1
I22_01_03.png,/kaggle/working/MDFS/data/KADID/extracted/kadid10k/images/I22_01_03.png,I22.png,22,1,3,3.13,0.921,20.581119537353516,0.03585280400056945,1
I22_01_05.png,/kaggle/working/MDFS/data/KADID/extracted/kadid10k/images/I22_01_05.png,I22.png,22,1,5,1.5,0.563,37.7481689453125,0.03434270599973388,1
I22_02_02.png,/kaggle/working/MDFS/data/KADID/extracted/kadid10k/images/I22_02_02.png,I22.png,22,2,2,2.67,0.699,22.218225479125977,0.034467610999854514,1
I22_02_04.png,/kaggle/working/MDFS/data/KADID/extracted/kadid10k/images/I22_02_04.png,I22.png,22,2,4,1.57,0.616,32.675880432128906,0.03624190900063695,1
I22_03_01.png,/kaggle/working/MDFS/data/KADID/extracted/kadid10k/images/I22_03_01.png,I22.png,22,3,1,4.77,0.423,17.908370971679688,0.03641331800008629,1
I22_03_03.png,/kaggle/working/MDFS/data/KADID/extracted/kadid10k/images/I22_03_03.png,I22.png,22,3,3,2.73,0.814,19.886629104614258,0.03633075200013991,1
I22_03_05.png,/kaggle/working/MDFS/data/KADID/extracted/kadid10k/images/I22_03_05.png,I22.png,22,3,5,1.9,0.539,22.01714515686035,0.03596936800022377,1
I22_04_02.png,/kaggle/working/MDFS/data/KADID/extracted/kadid10k/images/I22_04_02.png,I22.png,22,4,2,1.5,0.619,21.628894805908203,0.034588513000016974,1
I22_04_04.png,/kaggle/working/MDFS/data/KADID/extracted/kadid10k/images/I22_04_04.png,I22.png,22,4,4,1.23,0.496,27.998291015625,0.03503857899977447,1
I22_05_01.png,/kaggle/working/MDFS/data/KADID/extracted/kadid10k/images/I22_05_01.png,I22.png,22,5,1,4.13,0.806,18.825180053710938,0.03612508399965009,1
I22_05_03.png,/kaggle/working/MDFS/data/KADID/extracted/kadid10k/images/I22_05_03.png,I22.png,22,5,3,1.97,0.795,19.15243148803711,0.035879307999493903,1
I22_05_05.png,/kaggle/working/MDFS/data/KADID/extracted/kadid10k/images/I22_05_05.png,I22.png,22,5,5,1.47,0.718,18.70163345336914,0.03538107900021714,1
I22_06_02.png,/kaggle/working/MDFS/data/KADID/extracted/kadid10k/images/I22_06_02.png,I22.png,22,6,2,4.07,0.854,19.763771057128906,0.0343929639993803,1
I22_06_04.png,/kaggle/working/MDFS/data/KADID/extracted/kadid10k/images/I22_06_04.png,I22.png,22,6,4,3.23,0.803,21.548574447631836,0.03274157000032574,1
I22_07_01.png,/kaggle/working/MDFS/data/KADID/extracted/kadid10k/images/I22_07_01.png,I22.png,22,7,1,2.77,0.92,17.934284210205078,0.03425204799987114,1
I22_07_03.png,/kaggle/working/MDFS/data/KADID/extracted/kadid10k/images/I22_07_03.png,I22.png,22,7,3,2.2,1.137,19.85287857055664,0.035250805000032415,1
I22_07_05.png,/kaggle/working/MDFS/data/KADID/extracted/kadid10k/images/I22_07_05.png,I22.png,22,7,5,1.9,0.907,19.985971450805664,0.03550190100031614,1
I22_08_02.png,/kaggle/working/MDFS/data/KADID/extracted/kadid10k/images/I22_08_02.png,I22.png,22,8,2,2.4,0.952,20.6190242767334,0.034626718000254186,1
I22_08_04.png,/kaggle/working/MDFS/data/KADID/extracted/kadid10k/images/I22_08_04.png,I22.png,22,8,4,1.13,0.34,26.787033081054688,0.03398884199941676,1
I22_09_01.png,/kaggle/working/MDFS/data/KADID/extracted/kadid10k/images/I22_09_01.png,I22.png,22,9,1,4.73,0.442,17.77733612060547,0.03715987299983681,1
I22_09_03.png,/kaggle/working/MDFS/data/KADID/extracted/kadid10k/images/I22_09_03.png,I22.png,22,9,3,4.77,0.423,19.432836532592773,0.03690200100027141,1
I22_09_05.png,/kaggle/working/MDFS/data/KADID/extracted/kadid10k/images/I22_09_05.png,I22.png,22,9,5,1.63,0.547,34.48533630371094,0.03622230200016929,1
I22_10_02.png,/kaggle/working/MDFS/data/KADID/extracted/kadid10k/images/I22_10_02.png,I22.png,22,10,2,4.43,0.883,20.295284271240234,0.03458262700041814,1
I22_10_04.png,/kaggle/working/MDFS/data/KADID/extracted/kadid10k/images/I22_10_04.png,I22.png,22,10,4,1.83,0.86,27.731639862060547,0.035377821000111,1
I22_11_01.png,/kaggle/working/MDFS/data/KADID/extracted/kadid10k/images/I22_11_01.png,I22.png,22,11,1,3.8,0.833,20.94256019592285,0.0361779969998679,1
I22_11_03.png,/kaggle/working/MDFS/data/KADID/extracted/kadid10k/images/I22_11_03.png,I22.png,22,11,3,2.8,0.792,23.81610679626465,0.03563458000007813,1
I22_11_05.png,/kaggle/working/MDFS/data/KADID/extracted/kadid10k/images/I22_11_05.png,I22.png,22,11,5,2.27,0.814,28.595165252685547,0.034382847000415495,1
I22_12_02.png,/kaggle/working/MDFS/data/KADID/extracted/kadid10k/images/I22_12_02.png,I22.png,22,12,2,3.5,0.885,21.319503784179688,0.034499037000387034,1
I22_12_04.png,/kaggle/working/MDFS/data/KADID/extracted/kadid10k/images/I22_12_04.png,I22.png,22,12,4,2.63,0.706,25.956165313720703,0.035837222999361984,1
I22_13_01.png,/kaggle/working/MDFS/data/KADID/extracted/kadid10k/images/I22_13_01.png,I22.png,22,13,1,3.93,0.964,18.419696807861328,0.03485544699924503,1
I22_13_03.png,/kaggle/working/MDFS/data/KADID/extracted/kadid10k/images/I22_13_03.png,I22.png,22,13,3,2.8,0.748,21.559873580932617,0.032932769000581175,1
I22_13_05.png,/kaggle/working/MDFS/data/KADID/extracted/kadid10k/images/I22_13_05.png,I22.png,22,13,5,2.1,0.597,26.130340576171875,0.034373596000477846,1
I22_14_02.png,/kaggle/working/MDFS/data/KADID/extracted/kadid10k/images/I22_14_02.png,I22.png,22,14,2,3.23,0.94,19.738428115844727,0.03539446000013413,1
I22_14_04.png,/kaggle/working/MDFS/data/KADID/extracted/kadid10k/images/I22_14_04.png,I22.png,22,14,4,2.61,0.904,23.069904327392578,0.03439593100029015,1
I22_15_01.png,/kaggle/working/MDFS/data/KADID/extracted/kadid10k/images/I22_15_01.png,I22.png,22,15,1,3.5,0.957,20.44867706298828,0.03767303799941146,1
I22_15_03.png,/kaggle/working/MDFS/data/KADID/extracted/kadid10k/images/I22_15_03.png,I22.png,22,15,3,2.27,0.68,24.039499282836914,0.03593408899996575,1
I22_15_05.png,/kaggle/working/MDFS/data/KADID/extracted/kadid10k/images/I22_15_05.png,I22.png,22,15,5,1.53,0.562,25.831945419311523,0.03594005400009337,1
I22_16_02.png,/kaggle/working/MDFS/data/KADID/extracted/kadid10k/images/I22_16_02.png,I22.png,22,16,2,4.37,0.547,17.899858474731445,0.03534281099928194,1
I22_16_04.png,/kaggle/working/MDFS/data/KADID/extracted/kadid10k/images/I22_16_04.png,I22.png,22,16,4,2.2,0.872,19.56490707397461,0.03426006899917411,1
I22_17_01.png,/kaggle/working/MDFS/data/KADID/extracted/kadid10k/images/I22_17_01.png,I22.png,22,17,1,4.87,0.34,17.951065063476562,0.03539469099996495,1
I22_17_03.png,/kaggle/working/MDFS/data/KADID/extracted/kadid10k/images/I22_17_03.png,I22.png,22,17,3,4.3,0.586,18.16082000732422,0.036556620999363076,1
I22_17_05.png,/kaggle/working/MDFS/data/KADID/extracted/kadid10k/images/I22_17_05.png,I22.png,22,17,5,2.5,0.885,20.426355361938477,0.035813713000607095,1
I22_18_02.png,/kaggle/working/MDFS/data/KADID/extracted/kadid10k/images/I22_18_02.png,I22.png,22,18,2,4.6,0.49,18.274093627929688,0.03414646700002777,1
I22_18_04.png,/kaggle/working/MDFS/data/KADID/extracted/kadid10k/images/I22_18_04.png,I22.png,22,18,4,4.5,0.563,18.13336181640625,0.03524838500015903,1
I22_19_01.png,/kaggle/working/MDFS/data/KADID/extracted/kadid10k/images/I22_19_01.png,I22.png,22,19,1,4.63,0.482,17.517990112304688,0.0371968219997143,1
I22_19_03.png,/kaggle/working/MDFS/data/KADID/extracted/kadid10k/images/I22_19_03.png,I22.png,22,19,3,3.77,0.761,17.580995559692383,0.0358362599999964,1
I22_19_05.png,/kaggle/working/MDFS/data/KADID/extracted/kadid10k/images/I22_19_05.png,I22.png,22,19,5,1.5,0.5,23.485368728637695,0.03430731400021614,1
I22_20_02.png,/kaggle/working/MDFS/data/KADID/extracted/kadid10k/images/I22_20_02.png,I22.png,22,20,2,3.83,1.128,17.923120498657227,0.034751252999740245,1
I22_20_04.png,/kaggle/working/MDFS/data/KADID/extracted/kadid10k/images/I22_20_04.png,I22.png,22,20,4,4.17,1.157,17.766738891601562,0.036521428999549244,1
I22_21_01.png,/kaggle/working/MDFS/data/KADID/extracted/kadid10k/images/I22_21_01.png,I22.png,22,21,1,4.53,0.618,17.73638916015625,0.03615528600039397,1
I22_21_03.png,/kaggle/working/MDFS/data/KADID/extracted/kadid10k/images/I22_21_03.png,I22.png,22,21,3,3.6,0.952,18.364465713500977,0.03450853200047277,1
I22_21_05.png,/kaggle/working/MDFS/data/KADID/extracted/kadid10k/images/I22_21_05.png,I22.png,22,21,5,1.87,0.806,25.779542922973633,0.03282553799999732,1
I22_22_02.png,/kaggle/working/MDFS/data/KADID/extracted/kadid10k/images/I22_22_02.png,I22.png,22,22,2,3.67,1.075,18.989360809326172,0.0351837730004263,1
I22_22_04.png,/kaggle/working/MDFS/data/KADID/extracted/kadid10k/images/I22_22_04.png,I22.png,22,22,4,3.33,1.247,19.329256057739258,0.033958187000280304,1
I22_23_01.png,/kaggle/working/MDFS/data/KADID/extracted/kadid10k/images/I22_23_01.png,I22.png,22,23,1,1.97,0.836,17.851051330566406,0.03499896999983321,1
I22_23_03.png,/kaggle/working/MDFS/data/KADID/extracted/kadid10k/images/I22_23_03.png,I22.png,22,23,3,1.7,0.737,17.995725631713867,0.034900251000181015,1
I22_23_05.png,/kaggle/working/MDFS/data/KADID/extracted/kadid10k/images/I22_23_05.png,I22.png,22,23,5,2.03,0.836,17.992807388305664,0.035848018000251614,1
I22_24_02.png,/kaggle/working/MDFS/data/KADID/extracted/kadid10k/images/I22_24_02.png,I22.png,22,24,2,2.8,0.909,19.142518997192383,0.03553393999936816,1
I22_24_04.png,/kaggle/working/MDFS/data/KADID/extracted/kadid10k/images/I22_24_04.png,I22.png,22,24,4,1.93,0.727,21.671428680419922,0.034862127999986114,1
I22_25_01.png,/kaggle/working/MDFS/data/KADID/extracted/kadid10k/images/I22_25_01.png,I22.png,22,25,1,3.33,0.869,19.31329345703125,0.03454988500016043,1
I22_25_03.png,/kaggle/working/MDFS/data/KADID/extracted/kadid10k/images/I22_25_03.png,I22.png,22,25,3,4.3,0.737,18.212135314941406,0.03575450500011357,1
I22_25_05.png,/kaggle/working/MDFS/data/KADID/extracted/kadid10k/images/I22_25_05.png,I22.png,22,25,5,2.9,0.907,18.255077362060547,0.03547971999978472,1
I23_01_02.png,/kaggle/working/MDFS/data/KADID/extracted/kadid10k/images/I23_01_02.png,I23.png,23,1,2,4.47,0.618,20.280271530151367,0.03796250699997472,1
I23_01_04.png,/kaggle/working/MDFS/data/KADID/extracted/kadid10k/images/I23_01_04.png,I23.png,23,1,4,2.2,0.653,30.79894256591797,0.035892188999241625,1
I23_02_01.png,/kaggle/working/MDFS/data/KADID/extracted/kadid10k/images/I23_02_01.png,I23.png,23,2,1,3.87,0.751,21.074674606323242,0.03806114200051525,1
I23_02_03.png,/kaggle/working/MDFS/data/KADID/extracted/kadid10k/images/I23_02_03.png,I23.png,23,2,3,1.97,0.637,27.051118850708008,0.03823400900000706,1
I23_02_05.png,/kaggle/working/MDFS/data/KADID/extracted/kadid10k/images/I23_02_05.png,I23.png,23,2,5,1.29,0.52,29.88345718383789,0.03816961300071853,1
I23_03_02.png,/kaggle/working/MDFS/data/KADID/extracted/kadid10k/images/I23_03_02.png,I23.png,23,3,2,4.47,0.67,20.72259521484375,0.03871177600012743,1
I23_03_04.png,/kaggle/working/MDFS/data/KADID/extracted/kadid10k/images/I23_03_04.png,I23.png,23,3,4,2.77,0.844,23.20458221435547,0.038909196000531665,1
I23_04_01.png,/kaggle/working/MDFS/data/KADID/extracted/kadid10k/images/I23_04_01.png,I23.png,23,4,1,4.8,0.4,20.584022521972656,0.038487110000460234,1
I23_04_03.png,/kaggle/working/MDFS/data/KADID/extracted/kadid10k/images/I23_04_03.png,I23.png,23,4,3,1.37,0.482,24.005508422851562,0.037613819999933185,1
I23_04_05.png,/kaggle/working/MDFS/data/KADID/extracted/kadid10k/images/I23_04_05.png,I23.png,23,4,5,1.1,0.3,25.498546600341797,0.036843543000031787,1
I23_05_02.png,/kaggle/working/MDFS/data/KADID/extracted/kadid10k/images/I23_05_02.png,I23.png,23,5,2,2.33,0.789,22.002634048461914,0.039610560000255646,1
I23_05_04.png,/kaggle/working/MDFS/data/KADID/extracted/kadid10k/images/I23_05_04.png,I23.png,23,5,4,1.83,0.637,21.104494094848633,0.038754907000111416,1
I23_06_01.png,/kaggle/working/MDFS/data/KADID/extracted/kadid10k/images/I23_06_01.png,I23.png,23,6,1,4.07,0.929,21.582252502441406,0.03543920900028752,1
I23_06_03.png,/kaggle/working/MDFS/data/KADID/extracted/kadid10k/images/I23_06_03.png,I23.png,23,6,3,3.43,0.92,21.98969268798828,0.03575535700019827,1
I23_06_05.png,/kaggle/working/MDFS/data/KADID/extracted/kadid10k/images/I23_06_05.png,I23.png,23,6,5,2.8,0.909,22.956789016723633,0.033433108999815886,1
I23_07_02.png,/kaggle/working/MDFS/data/KADID/extracted/kadid10k/images/I23_07_02.png,I23.png,23,7,2,2.1,0.87,20.398714065551758,0.03865095800028939,1
I23_07_04.png,/kaggle/working/MDFS/data/KADID/extracted/kadid10k/images/I23_07_04.png,I23.png,23,7,4,2.13,0.991,22.164602279663086,0.049577856999349024,1
I23_08_01.png,/kaggle/working/MDFS/data/KADID/extracted/kadid10k/images/I23_08_01.png,I23.png,23,8,1,4.73,0.442,20.234758377075195,0.038908380000066245,1
I23_08_03.png,/kaggle/working/MDFS/data/KADID/extracted/kadid10k/images/I23_08_03.png,I23.png,23,8,3,3.03,1.14,23.54328155517578,0.036758882999492926,1
I23_08_05.png,/kaggle/working/MDFS/data/KADID/extracted/kadid10k/images/I23_08_05.png,I23.png,23,8,5,2.03,0.795,26.719507217407227,0.03635588999986794,1
I23_09_02.png,/kaggle/working/MDFS/data/KADID/extracted/kadid10k/images/I23_09_02.png,I23.png,23,9,2,3.8,0.702,22.394290924072266,0.03770674599945778,1
I23_09_04.png,/kaggle/working/MDFS/data/KADID/extracted/kadid10k/images/I23_09_04.png,I23.png,23,9,4,2.0,0.672,30.614091873168945,0.03680228800021723,1
I23_10_01.png,/kaggle/working/MDFS/data/KADID/extracted/kadid10k/images/I23_10_01.png,I23.png,23,10,1,4.57,0.496,20.90265655517578,0.03763483200054907,1
I23_10_03.png,/kaggle/working/MDFS/data/KADID/extracted/kadid10k/images/I23_10_03.png,I23.png,23,10,3,4.13,0.718,21.438091278076172,0.03877442500015604,1
I23_10_05.png,/kaggle/working/MDFS/data/KADID/extracted/kadid10k/images/I23_10_05.png,I23.png,23,10,5,1.7,0.458,32.529788970947266,0.036497694999525265,1
I23_11_02.png,/kaggle/working/MDFS/data/KADID/extracted/kadid10k/images/I23_11_02.png,I23.png,23,11,2,4.0,0.856,21.554500579833984,0.03599175399995147,1
I23_11_04.png,/kaggle/working/MDFS/data/KADID/extracted/kadid10k/images/I23_11_04.png,I23.png,23,11,4,2.93,0.727,22.93553352355957,0.0347946209994916,1
I23_12_01.png,/kaggle/working/MDFS/data/KADID/extracted/kadid10k/images/I23_12_01.png,I23.png,23,12,1,4.77,0.423,20.59640884399414,0.03620608400069614,1
I23_12_03.png,/kaggle/working/MDFS/data/KADID/extracted/kadid10k/images/I23_12_03.png,I23.png,23,12,3,3.53,0.806,21.806184768676758,0.036374626999531756,1
I23_12_05.png,/kaggle/working/MDFS/data/KADID/extracted/kadid10k/images/I23_12_05.png,I23.png,23,12,5,2.93,0.929,24.04596710205078,0.03609892799977388,1
I23_13_02.png,/kaggle/working/MDFS/data/KADID/extracted/kadid10k/images/I23_13_02.png,I23.png,23,13,2,3.45,0.945,20.819833755493164,0.038109507999251946,1
I23_13_04.png,/kaggle/working/MDFS/data/KADID/extracted/kadid10k/images/I23_13_04.png,I23.png,23,13,4,2.7,0.737,23.105588912963867,0.03804100799970911,1
I23_14_01.png,/kaggle/working/MDFS/data/KADID/extracted/kadid10k/images/I23_14_01.png,I23.png,23,14,1,4.53,0.67,20.416259765625,0.03705949899995176,1
I23_14_03.png,/kaggle/working/MDFS/data/KADID/extracted/kadid10k/images/I23_14_03.png,I23.png,23,14,3,3.03,0.948,21.306997299194336,0.035485176000292995,1
I23_14_05.png,/kaggle/working/MDFS/data/KADID/extracted/kadid10k/images/I23_14_05.png,I23.png,23,14,5,2.27,0.629,23.529922485351562,0.03654619300050399,1
I23_15_02.png,/kaggle/working/MDFS/data/KADID/extracted/kadid10k/images/I23_15_02.png,I23.png,23,15,2,3.27,0.814,20.99581527709961,0.03878585100028431,1
I23_15_04.png,/kaggle/working/MDFS/data/KADID/extracted/kadid10k/images/I23_15_04.png,I23.png,23,15,4,1.71,0.811,22.33506965637207,0.037133064000045124,1
I23_16_01.png,/kaggle/working/MDFS/data/KADID/extracted/kadid10k/images/I23_16_01.png,I23.png,23,16,1,4.73,0.442,20.31439208984375,0.037251798000397685,1
I23_16_03.png,/kaggle/working/MDFS/data/KADID/extracted/kadid10k/images/I23_16_03.png,I23.png,23,16,3,3.8,0.872,20.499370574951172,0.03721063000011782,1
I23_16_05.png,/kaggle/working/MDFS/data/KADID/extracted/kadid10k/images/I23_16_05.png,I23.png,23,16,5,1.97,0.657,22.465648651123047,0.038013311000213434,1
I23_17_02.png,/kaggle/working/MDFS/data/KADID/extracted/kadid10k/images/I23_17_02.png,I23.png,23,17,2,4.8,0.4,20.166587829589844,0.03732349000074464,1
I23_17_04.png,/kaggle/working/MDFS/data/KADID/extracted/kadid10k/images/I23_17_04.png,I23.png,23,17,4,3.57,0.844,20.14012908935547,0.03783218299940927,1
I23_18_01.png,/kaggle/working/MDFS/data/KADID/extracted/kadid10k/images/I23_18_01.png,I23.png,23,18,1,4.53,0.718,20.420406341552734,0.037920875000054366,1
I23_18_03.png,/kaggle/working/MDFS/data/KADID/extracted/kadid10k/images/I23_18_03.png,I23.png,23,18,3,4.7,0.458,20.234758377075195,0.0393525370000134,1
I23_18_05.png,/kaggle/working/MDFS/data/KADID/extracted/kadid10k/images/I23_18_05.png,I23.png,23,18,5,4.23,0.761,20.69614601135254,0.037336715000492404,1
I23_19_02.png,/kaggle/working/MDFS/data/KADID/extracted/kadid10k/images/I23_19_02.png,I23.png,23,19,2,4.4,0.663,19.95256996154785,0.036476494000453386,1
I23_19_04.png,/kaggle/working/MDFS/data/KADID/extracted/kadid10k/images/I23_19_04.png,I23.png,23,19,4,1.77,0.559,22.014114379882812,0.0348487559995192,1
I23_20_01.png,/kaggle/working/MDFS/data/KADID/extracted/kadid10k/images/I23_20_01.png,I23.png,23,20,1,3.97,0.948,20.092510223388672,0.03779290599959495,1
I23_20_03.png,/kaggle/working/MDFS/data/KADID/extracted/kadid10k/images/I23_20_03.png,I23.png,23,20,3,2.67,1.011,19.892671585083008,0.03831695299959392,1
I23_20_05.png,/kaggle/working/MDFS/data/KADID/extracted/kadid10k/images/I23_20_05.png,I23.png,23,20,5,2.03,0.795,19.632104873657227,0.03855237199968542,1
I23_21_02.png,/kaggle/working/MDFS/data/KADID/extracted/kadid10k/images/I23_21_02.png,I23.png,23,21,2,3.3,0.9,20.261320114135742,0.03722701300011977,1
I23_21_04.png,/kaggle/working/MDFS/data/KADID/extracted/kadid10k/images/I23_21_04.png,I23.png,23,21,4,3.07,1.062,21.43506622314453,0.03502520999973058,1
I23_22_01.png,/kaggle/working/MDFS/data/KADID/extracted/kadid10k/images/I23_22_01.png,I23.png,23,22,1,4.63,0.657,20.667827606201172,0.037564104000011866,1
I23_22_03.png,/kaggle/working/MDFS/data/KADID/extracted/kadid10k/images/I23_22_03.png,I23.png,23,22,3,4.53,0.618,20.72203254699707,0.037524606000260974,1
I23_22_05.png,/kaggle/working/MDFS/data/KADID/extracted/kadid10k/images/I23_22_05.png,I23.png,23,22,5,4.03,0.795,21.621749877929688,0.03724396000052366,1
I23_23_02.png,/kaggle/working/MDFS/data/KADID/extracted/kadid10k/images/I23_23_02.png,I23.png,23,23,2,2.07,0.854,19.904712677001953,0.03928394600006868,1
I23_23_04.png,/kaggle/working/MDFS/data/KADID/extracted/kadid10k/images/I23_23_04.png,I23.png,23,23,4,2.23,0.92,19.904672622680664,0.03921002199967916,1
I23_24_01.png,/kaggle/working/MDFS/data/KADID/extracted/kadid10k/images/I23_24_01.png,I23.png,23,24,1,4.3,0.737,21.615520477294922,0.0390357939995738,1
I23_24_03.png,/kaggle/working/MDFS/data/KADID/extracted/kadid10k/images/I23_24_03.png,I23.png,23,24,3,2.57,0.883,24.704120635986328,0.037803799000357685,1
I23_24_05.png,/kaggle/working/MDFS/data/KADID/extracted/kadid10k/images/I23_24_05.png,I23.png,23,24,5,1.33,0.537,28.73871612548828,0.03520427999956155,1
I23_25_02.png,/kaggle/working/MDFS/data/KADID/extracted/kadid10k/images/I23_25_02.png,I23.png,23,25,2,4.27,0.727,20.885562896728516,0.03765536199989583,1
I23_25_04.png,/kaggle/working/MDFS/data/KADID/extracted/kadid10k/images/I23_25_04.png,I23.png,23,25,4,4.4,0.663,20.32758140563965,0.03674312699968141,1
I24_01_01.png,/kaggle/working/MDFS/data/KADID/extracted/kadid10k/images/I24_01_01.png,I24.png,24,1,1,4.2,0.98,17.984155654907227,0.03619670099942596,1
I24_01_03.png,/kaggle/working/MDFS/data/KADID/extracted/kadid10k/images/I24_01_03.png,I24.png,24,1,3,2.77,0.955,23.504037857055664,0.038416447999225056,1
I24_01_05.png,/kaggle/working/MDFS/data/KADID/extracted/kadid10k/images/I24_01_05.png,I24.png,24,1,5,1.4,0.49,37.44776916503906,0.03716041999996378,1
I24_02_02.png,/kaggle/working/MDFS/data/KADID/extracted/kadid10k/images/I24_02_02.png,I24.png,24,2,2,2.47,0.718,25.56841468811035,0.03794344599918986,1
I24_02_04.png,/kaggle/working/MDFS/data/KADID/extracted/kadid10k/images/I24_02_04.png,I24.png,24,2,4,1.7,0.586,32.38353729248047,0.037268299000061234,1
I24_03_01.png,/kaggle/working/MDFS/data/KADID/extracted/kadid10k/images/I24_03_01.png,I24.png,24,3,1,4.5,0.671,17.984155654907227,0.035763298999881954,1
I24_03_03.png,/kaggle/working/MDFS/data/KADID/extracted/kadid10k/images/I24_03_03.png,I24.png,24,3,3,3.03,0.983,22.555105209350586,0.03792889600026683,1
I24_03_05.png,/kaggle/working/MDFS/data/KADID/extracted/kadid10k/images/I24_03_05.png,I24.png,24,3,5,1.83,0.637,24.288480758666992,0.03789657699962845,1
I24_04_02.png,/kaggle/working/MDFS/data/KADID/extracted/kadid10k/images/I24_04_02.png,I24.png,24,4,2,2.97,0.948,20.52869415283203,0.05082545999994181,1
I24_04_04.png,/kaggle/working/MDFS/data/KADID/extracted/kadid10k/images/I24_04_04.png,I24.png,24,4,4,1.63,0.657,24.154695510864258,0.05590939899957448,1
I24_05_01.png,/kaggle/working/MDFS/data/KADID/extracted/kadid10k/images/I24_05_01.png,I24.png,24,5,1,4.47,0.763,18.345102310180664,0.04074734999994689,1
I24_05_03.png,/kaggle/working/MDFS/data/KADID/extracted/kadid10k/images/I24_05_03.png,I24.png,24,5,3,2.0,0.632,18.93242835998535,0.035243857999375905,1
I24_05_05.png,/kaggle/working/MDFS/data/KADID/extracted/kadid10k/images/I24_05_05.png,I24.png,24,5,5,2.47,0.884,18.695592880249023,0.036019073999341344,1
I24_06_02.png,/kaggle/working/MDFS/data/KADID/extracted/kadid10k/images/I24_06_02.png,I24.png,24,6,2,3.93,0.814,20.801319122314453,0.034751197999867145,1
I24_06_04.png,/kaggle/working/MDFS/data/KADID/extracted/kadid10k/images/I24_06_04.png,I24.png,24,6,4,2.73,0.892,22.564395904541016,0.03305863899913675,1
I24_07_01.png,/kaggle/working/MDFS/data/KADID/extracted/kadid10k/images/I24_07_01.png,I24.png,24,7,1,2.8,0.702,18.00775909423828,0.035606931999609515,1
I24_07_03.png,/kaggle/working/MDFS/data/KADID/extracted/kadid10k/images/I24_07_03.png,I24.png,24,7,3,1.93,0.772,19.523685455322266,0.0360851890000049,1
I24_07_05.png,/kaggle/working/MDFS/data/KADID/extracted/kadid10k/images/I24_07_05.png,I24.png,24,7,5,1.4,0.712,19.516460418701172,0.03727292799976567,1
I24_08_02.png,/kaggle/working/MDFS/data/KADID/extracted/kadid10k/images/I24_08_02.png,I24.png,24,8,2,3.63,0.875,19.674116134643555,0.035299079000651545,1
I24_08_04.png,/kaggle/working/MDFS/data/KADID/extracted/kadid10k/images/I24_08_04.png,I24.png,24,8,4,1.93,0.573,23.039106369018555,0.034091040999555844,1
I24_09_01.png,/kaggle/working/MDFS/data/KADID/extracted/kadid10k/images/I24_09_01.png,I24.png,24,9,1,4.37,0.875,18.590782165527344,0.03614418399956776,1
I24_09_03.png,/kaggle/working/MDFS/data/KADID/extracted/kadid10k/images/I24_09_03.png,I24.png,24,9,3,4.2,0.748,21.906526565551758,0.03788204400007089,1
I24_09_05.png,/kaggle/working/MDFS/data/KADID/extracted/kadid10k/images/I24_09_05.png,I24.png,24,9,5,1.4,0.554,37.24449157714844,0.0368204929991407,1
I24_10_02.png,/kaggle/working/MDFS/data/KADID/extracted/kadid10k/images/I24_10_02.png,I24.png,24,10,2,4.3,0.69,20.182796478271484,0.03658932899998035,1
I24_10_04.png,/kaggle/working/MDFS/data/KADID/extracted/kadid10k/images/I24_10_04.png,I24.png,24,10,4,1.9,0.651,30.470932006835938,0.03503899699990143,1
I24_11_01.png,/kaggle/working/MDFS/data/KADID/extracted/kadid10k/images/I24_11_01.png,I24.png,24,11,1,3.53,0.957,19.723852157592773,0.03525918499963154,1
I24_11_03.png,/kaggle/working/MDFS/data/KADID/extracted/kadid10k/images/I24_11_03.png,I24.png,24,11,3,2.7,0.971,21.803415298461914,0.036710997999762185,1
I24_11_05.png,/kaggle/working/MDFS/data/KADID/extracted/kadid10k/images/I24_11_05.png,I24.png,24,11,5,1.97,0.547,26.254392623901367,0.03576377700028388,1
I24_12_02.png,/kaggle/working/MDFS/data/KADID/extracted/kadid10k/images/I24_12_02.png,I24.png,24,12,2,3.37,0.983,19.907373428344727,0.034302920999834896,1
I24_12_04.png,/kaggle/working/MDFS/data/KADID/extracted/kadid10k/images/I24_12_04.png,I24.png,24,12,4,2.43,0.667,23.565670013427734,0.03491379499973846,1
I24_13_01.png,/kaggle/working/MDFS/data/KADID/extracted/kadid10k/images/I24_13_01.png,I24.png,24,13,1,3.43,0.716,18.124860763549805,0.03807135300030495,1
I24_13_03.png,/kaggle/working/MDFS/data/KADID/extracted/kadid10k/images/I24_13_03.png,I24.png,24,13,3,2.43,0.803,19.719511032104492,0.03906418800033862,1
I24_13_05.png,/kaggle/working/MDFS/data/KADID/extracted/kadid10k/images/I24_13_05.png,I24.png,24,13,5,2.2,0.748,24.019203186035156,0.03714725300051214,1
I24_14_02.png,/kaggle/working/MDFS/data/KADID/extracted/kadid10k/images/I24_14_02.png,I24.png,24,14,2,2.97,0.836,19.544363021850586,0.03542225100045471,1
I24_14_04.png,/kaggle/working/MDFS/data/KADID/extracted/kadid10k/images/I24_14_04.png,I24.png,24,14,4,2.3,0.69,22.433643341064453,0.0352198069995211,1
I24_15_01.png,/kaggle/working/MDFS/data/KADID/extracted/kadid10k/images/I24_15_01.png,I24.png,24,15,1,3.47,1.056,19.59601593017578,0.037772437000057835,1
I24_15_03.png,/kaggle/working/MDFS/data/KADID/extracted/kadid10k/images/I24_15_03.png,I24.png,24,15,3,1.9,0.597,22.362285614013672,0.036317749999398075,1
I24_15_05.png,/kaggle/working/MDFS/data/KADID/extracted/kadid10k/images/I24_15_05.png,I24.png,24,15,5,1.67,0.537,24.892568588256836,0.035834260000228824,1
I24_16_02.png,/kaggle/working/MDFS/data/KADID/extracted/kadid10k/images/I24_16_02.png,I24.png,24,16,2,4.1,0.79,17.965084075927734,0.03654509400075767,1
I24_16_04.png,/kaggle/working/MDFS/data/KADID/extracted/kadid10k/images/I24_16_04.png,I24.png,24,16,4,2.07,0.68,19.40046501159668,0.036573871000655345,1
I24_17_01.png,/kaggle/working/MDFS/data/KADID/extracted/kadid10k/images/I24_17_01.png,I24.png,24,17,1,4.57,0.559,17.997587203979492,0.035559400000238384,1
I24_17_03.png,/kaggle/working/MDFS/data/KADID/extracted/kadid10k/images/I24_17_03.png,I24.png,24,17,3,4.0,0.856,18.039945602416992,0.03698165500009054,1
I24_17_05.png,/kaggle/working/MDFS/data/KADID/extracted/kadid10k/images/I24_17_05.png,I24.png,24,17,5,2.3,0.936,20.2139949798584,0.035860984999999346,1
I24_18_02.png,/kaggle/working/MDFS/data/KADID/extracted/kadid10k/images/I24_18_02.png,I24.png,24,18,2,4.3,0.781,18.234642028808594,0.03665749199990387,1
I24_18_04.png,/kaggle/working/MDFS/data/KADID/extracted/kadid10k/images/I24_18_04.png,I24.png,24,18,4,4.37,0.795,18.107831954956055,0.03591127500021685,1
I24_19_01.png,/kaggle/working/MDFS/data/KADID/extracted/kadid10k/images/I24_19_01.png,I24.png,24,19,1,4.67,0.596,17.855398178100586,0.0360162950000813,1
I24_19_03.png,/kaggle/working/MDFS/data/KADID/extracted/kadid10k/images/I24_19_03.png,I24.png,24,19,3,4.07,0.892,18.70294952392578,0.0363110959997357,1
I24_19_05.png,/kaggle/working/MDFS/data/KADID/extracted/kadid10k/images/I24_19_05.png,I24.png,24,19,5,1.53,0.499,25.374237060546875,0.03549236899925745,1
I24_20_02.png,/kaggle/working/MDFS/data/KADID/extracted/kadid10k/images/I24_20_02.png,I24.png,24,20,2,3.67,1.011,17.998247146606445,0.0365660730003583,1
I24_20_04.png,/kaggle/working/MDFS/data/KADID/extracted/kadid10k/images/I24_20_04.png,I24.png,24,20,4,3.7,0.971,17.94170379638672,0.03588067999953637,1
I24_21_01.png,/kaggle/working/MDFS/data/KADID/extracted/kadid10k/images/I24_21_01.png,I24.png,24,21,1,4.27,0.854,18.362140655517578,0.03604205400006322,1
I24_21_03.png,/kaggle/working/MDFS/data/KADID/extracted/kadid10k/images/I24_21_03.png,I24.png,24,21,3,3.5,1.147,19.371912002563477,0.03671763800048211,1
I24_21_05.png,/kaggle/working/MDFS/data/KADID/extracted/kadid10k/images/I24_21_05.png,I24.png,24,21,5,1.4,0.554,30.5244197845459,0.033218407000276784,1
I24_22_02.png,/kaggle/working/MDFS/data/KADID/extracted/kadid10k/images/I24_22_02.png,I24.png,24,22,2,3.63,0.912,18.621047973632812,0.03514928000004147,1
I24_22_04.png,/kaggle/working/MDFS/data/KADID/extracted/kadid10k/images/I24_22_04.png,I24.png,24,22,4,3.33,0.907,19.035860061645508,0.03566851300001872,1
I24_23_01.png,/kaggle/working/MDFS/data/KADID/extracted/kadid10k/images/I24_23_01.png,I24.png,24,23,1,2.73,0.998,18.02334213256836,0.036885862999952224,1
I24_23_03.png,/kaggle/working/MDFS/data/KADID/extracted/kadid10k/images/I24_23_03.png,I24.png,24,23,3,2.17,0.82,18.07491683959961,0.036475024000537815,1
I24_23_05.png,/kaggle/working/MDFS/data/KADID/extracted/kadid10k/images/I24_23_05.png,I24.png,24,23,5,2.1,0.928,18.15154457092285,0.03616769300060696,1
I24_24_02.png,/kaggle/working/MDFS/data/KADID/extracted/kadid10k/images/I24_24_02.png,I24.png,24,24,2,2.63,0.781,19.543378829956055,0.036111544000050344,1
I24_24_04.png,/kaggle/working/MDFS/data/KADID/extracted/kadid10k/images/I24_24_04.png,I24.png,24,24,4,1.63,0.657,22.706520080566406,0.03654815200025041,1
I24_25_01.png,/kaggle/working/MDFS/data/KADID/extracted/kadid10k/images/I24_25_01.png,I24.png,24,25,1,3.2,1.013,19.767295837402344,0.03691231399989192,1
I24_25_03.png,/kaggle/working/MDFS/data/KADID/extracted/kadid10k/images/I24_25_03.png,I24.png,24,25,3,4.33,0.789,18.099559783935547,0.036970570999983465,1
I24_25_05.png,/kaggle/working/MDFS/data/KADID/extracted/kadid10k/images/I24_25_05.png,I24.png,24,25,5,3.53,0.806,18.3735408782959,0.03650623599969549,1
I25_01_02.png,/kaggle/working/MDFS/data/KADID/extracted/kadid10k/images/I25_01_02.png,I25.png,25,1,2,4.63,0.482,17.304655075073242,0.03614443999958894,1
I25_01_04.png,/kaggle/working/MDFS/data/KADID/extracted/kadid10k/images/I25_01_04.png,I25.png,25,1,4,2.3,0.971,29.221969604492188,0.03526999000041542,1
I25_02_01.png,/kaggle/working/MDFS/data/KADID/extracted/kadid10k/images/I25_02_01.png,I25.png,25,2,1,4.17,0.687,18.639951705932617,0.03750891799973033,1
I25_02_03.png,/kaggle/working/MDFS/data/KADID/extracted/kadid10k/images/I25_02_03.png,I25.png,25,2,3,1.87,0.67,26.482627868652344,0.03670855699965614,1
I25_02_05.png,/kaggle/working/MDFS/data/KADID/extracted/kadid10k/images/I25_02_05.png,I25.png,25,2,5,1.3,0.458,31.724777221679688,0.03595166499962943,1
I25_03_02.png,/kaggle/working/MDFS/data/KADID/extracted/kadid10k/images/I25_03_02.png,I25.png,25,3,2,4.43,0.716,17.773900985717773,0.03635236399986752,1
I25_03_04.png,/kaggle/working/MDFS/data/KADID/extracted/kadid10k/images/I25_03_04.png,I25.png,25,3,4,2.9,1.012,22.298917770385742,0.035541156999897794,1
I25_04_01.png,/kaggle/working/MDFS/data/KADID/extracted/kadid10k/images/I25_04_01.png,I25.png,25,4,1,4.53,0.921,17.77547264099121,0.036225712000486965,1
I25_04_03.png,/kaggle/working/MDFS/data/KADID/extracted/kadid10k/images/I25_04_03.png,I25.png,25,4,3,2.0,1.065,19.247377395629883,0.03597901400007686,1
I25_04_05.png,/kaggle/working/MDFS/data/KADID/extracted/kadid10k/images/I25_04_05.png,I25.png,25,4,5,1.65,0.785,20.865726470947266,0.03437005399973714,1
I25_05_02.png,/kaggle/working/MDFS/data/KADID/extracted/kadid10k/images/I25_05_02.png,I25.png,25,5,2,2.8,1.013,18.14813995361328,0.03536051899936865,1
I25_05_04.png,/kaggle/working/MDFS/data/KADID/extracted/kadid10k/images/I25_05_04.png,I25.png,25,5,4,2.53,1.176,17.60145378112793,0.03628954400028306,1
I25_06_01.png,/kaggle/working/MDFS/data/KADID/extracted/kadid10k/images/I25_06_01.png,I25.png,25,6,1,4.2,0.748,19.487722396850586,0.03438399799961189,1
I25_06_03.png,/kaggle/working/MDFS/data/KADID/extracted/kadid10k/images/I25_06_03.png,I25.png,25,6,3,4.07,0.929,20.430009841918945,0.03283781699974497,1
I25_06_05.png,/kaggle/working/MDFS/data/KADID/extracted/kadid10k/images/I25_06_05.png,I25.png,25,6,5,2.33,0.789,23.732481002807617,0.0326041759999498,1
I25_07_02.png,/kaggle/working/MDFS/data/KADID/extracted/kadid10k/images/I25_07_02.png,I25.png,25,7,2,2.43,1.309,18.429574966430664,0.03671059799944487,1
I25_07_04.png,/kaggle/working/MDFS/data/KADID/extracted/kadid10k/images/I25_07_04.png,I25.png,25,7,4,2.37,1.251,21.165626525878906,0.03571267299957981,1
I25_08_01.png,/kaggle/working/MDFS/data/KADID/extracted/kadid10k/images/I25_08_01.png,I25.png,25,8,1,4.73,0.512,17.232351303100586,0.03705382099997223,1
I25_08_03.png,/kaggle/working/MDFS/data/KADID/extracted/kadid10k/images/I25_08_03.png,I25.png,25,8,3,3.13,0.884,18.397714614868164,0.03647222699964914,1
I25_08_05.png,/kaggle/working/MDFS/data/KADID/extracted/kadid10k/images/I25_08_05.png,I25.png,25,8,5,1.33,0.699,20.18014144897461,0.03675688400016952,1
I25_09_02.png,/kaggle/working/MDFS/data/KADID/extracted/kadid10k/images/I25_09_02.png,I25.png,25,9,2,4.6,0.49,19.847820281982422,0.03700920600022073,1
I25_09_04.png,/kaggle/working/MDFS/data/KADID/extracted/kadid10k/images/I25_09_04.png,I25.png,25,9,4,3.03,1.016,27.182109832763672,0.036674811999546364,1
I25_10_01.png,/kaggle/working/MDFS/data/KADID/extracted/kadid10k/images/I25_10_01.png,I25.png,25,10,1,4.53,0.562,19.906394958496094,0.03602198099997622,1
I25_10_03.png,/kaggle/working/MDFS/data/KADID/extracted/kadid10k/images/I25_10_03.png,I25.png,25,10,3,4.3,0.862,22.166860580444336,0.03520951099926606,1
I25_10_05.png,/kaggle/working/MDFS/data/KADID/extracted/kadid10k/images/I25_10_05.png,I25.png,25,10,5,1.07,0.249,35.35494613647461,0.034162043000833364,1
I25_11_02.png,/kaggle/working/MDFS/data/KADID/extracted/kadid10k/images/I25_11_02.png,I25.png,25,11,2,3.5,0.957,21.653547286987305,0.03507526700013841,1
I25_11_04.png,/kaggle/working/MDFS/data/KADID/extracted/kadid10k/images/I25_11_04.png,I25.png,25,11,4,2.77,0.761,24.594398498535156,0.03503965199979575,1
I25_12_01.png,/kaggle/working/MDFS/data/KADID/extracted/kadid10k/images/I25_12_01.png,I25.png,25,12,1,4.57,0.496,18.48435401916504,0.03443926799991459,1
I25_12_03.png,/kaggle/working/MDFS/data/KADID/extracted/kadid10k/images/I25_12_03.png,I25.png,25,12,3,2.9,0.79,22.55989646911621,0.0356911669996407,1
I25_12_05.png,/kaggle/working/MDFS/data/KADID/extracted/kadid10k/images/I25_12_05.png,I25.png,25,12,5,2.23,0.844,26.910863876342773,0.03546518099938112,1
I25_13_02.png,/kaggle/working/MDFS/data/KADID/extracted/kadid10k/images/I25_13_02.png,I25.png,25,13,2,2.81,0.916,18.854223251342773,0.03607818000000407,1
I25_13_04.png,/kaggle/working/MDFS/data/KADID/extracted/kadid10k/images/I25_13_04.png,I25.png,25,13,4,2.17,0.82,24.003986358642578,0.03543874700062588,1
I25_14_01.png,/kaggle/working/MDFS/data/KADID/extracted/kadid10k/images/I25_14_01.png,I25.png,25,14,1,4.57,0.496,17.741975784301758,0.03603997899972455,1
I25_14_03.png,/kaggle/working/MDFS/data/KADID/extracted/kadid10k/images/I25_14_03.png,I25.png,25,14,3,3.63,1.14,19.334440231323242,0.03593175300011353,1
I25_14_05.png,/kaggle/working/MDFS/data/KADID/extracted/kadid10k/images/I25_14_05.png,I25.png,25,14,5,1.83,0.637,21.43417739868164,0.03551886200057197,1
I25_15_02.png,/kaggle/working/MDFS/data/KADID/extracted/kadid10k/images/I25_15_02.png,I25.png,25,15,2,2.53,0.806,22.351511001586914,0.035683220000464644,1
I25_15_04.png,/kaggle/working/MDFS/data/KADID/extracted/kadid10k/images/I25_15_04.png,I25.png,25,15,4,1.2,0.4,25.818025588989258,0.03534792899972672,1
I25_16_01.png,/kaggle/working/MDFS/data/KADID/extracted/kadid10k/images/I25_16_01.png,I25.png,25,16,1,4.67,0.537,17.14510726928711,0.03786843299985776,1
I25_16_03.png,/kaggle/working/MDFS/data/KADID/extracted/kadid10k/images/I25_16_03.png,I25.png,25,16,3,4.32,0.59,17.0640926361084,0.03740370800005621,1
I25_16_05.png,/kaggle/working/MDFS/data/KADID/extracted/kadid10k/images/I25_16_05.png,I25.png,25,16,5,2.07,0.854,17.80953025817871,0.03648670600068726,1
I25_17_02.png,/kaggle/working/MDFS/data/KADID/extracted/kadid10k/images/I25_17_02.png,I25.png,25,17,2,4.7,0.458,17.301137924194336,0.03628311299962661,1
I25_17_04.png,/kaggle/working/MDFS/data/KADID/extracted/kadid10k/images/I25_17_04.png,I25.png,25,17,4,3.7,0.781,18.3419246673584,0.035341646000233595,1
I25_18_01.png,/kaggle/working/MDFS/data/KADID/extracted/kadid10k/images/I25_18_01.png,I25.png,25,18,1,4.43,0.496,17.212671279907227,0.038408910999351065,1
I25_18_03.png,/kaggle/working/MDFS/data/KADID/extracted/kadid10k/images/I25_18_03.png,I25.png,25,18,3,4.57,0.559,17.232351303100586,0.0379790500001036,1
I25_18_05.png,/kaggle/working/MDFS/data/KADID/extracted/kadid10k/images/I25_18_05.png,I25.png,25,18,5,3.73,0.854,18.860733032226562,0.03543751200049883,1
I25_19_02.png,/kaggle/working/MDFS/data/KADID/extracted/kadid10k/images/I25_19_02.png,I25.png,25,19,2,4.33,0.537,16.91015625,0.03647011900011421,1
I25_19_04.png,/kaggle/working/MDFS/data/KADID/extracted/kadid10k/images/I25_19_04.png,I25.png,25,19,4,2.63,0.983,19.412389755249023,0.0348171050000019,1
I25_20_01.png,/kaggle/working/MDFS/data/KADID/extracted/kadid10k/images/I25_20_01.png,I25.png,25,20,1,4.63,0.795,17.176565170288086,0.03699283599962655,1
I25_20_03.png,/kaggle/working/MDFS/data/KADID/extracted/kadid10k/images/I25_20_03.png,I25.png,25,20,3,2.8,1.137,17.09981346130371,0.038100181999652705,1
I25_20_05.png,/kaggle/working/MDFS/data/KADID/extracted/kadid10k/images/I25_20_05.png,I25.png,25,20,5,3.4,1.332,17.09128189086914,0.0376925909995407,1
I25_21_02.png,/kaggle/working/MDFS/data/KADID/extracted/kadid10k/images/I25_21_02.png,I25.png,25,21,2,4.0,0.966,17.274934768676758,0.036803891000090516,1
I25_21_04.png,/kaggle/working/MDFS/data/KADID/extracted/kadid10k/images/I25_21_04.png,I25.png,25,21,4,4.03,0.752,18.110820770263672,0.03330153200022323,1
I25_22_01.png,/kaggle/working/MDFS/data/KADID/extracted/kadid10k/images/I25_22_01.png,I25.png,25,22,1,4.57,0.496,18.089662551879883,0.034951740999531467,1
I25_22_03.png,/kaggle/working/MDFS/data/KADID/extracted/kadid10k/images/I25_22_03.png,I25.png,25,22,3,4.3,0.64,18.597627639770508,0.03462636900076177,1
I25_22_05.png,/kaggle/working/MDFS/data/KADID/extracted/kadid10k/images/I25_22_05.png,I25.png,25,22,5,2.8,1.137,21.8139705657959,0.03595478999977786,1
I25_23_02.png,/kaggle/working/MDFS/data/KADID/extracted/kadid10k/images/I25_23_02.png,I25.png,25,23,2,2.37,0.752,17.20572280883789,0.036051579000741185,1
I25_23_04.png,/kaggle/working/MDFS/data/KADID/extracted/kadid10k/images/I25_23_04.png,I25.png,25,23,4,2.17,0.734,17.22907257080078,0.03687004400035221,1
I25_24_01.png,/kaggle/working/MDFS/data/KADID/extracted/kadid10k/images/I25_24_01.png,I25.png,25,24,1,4.0,0.73,17.778514862060547,0.037381039999672794,1
I25_24_03.png,/kaggle/working/MDFS/data/KADID/extracted/kadid10k/images/I25_24_03.png,I25.png,25,24,3,2.2,0.909,19.719518661499023,0.036667796000074304,1
I25_24_05.png,/kaggle/working/MDFS/data/KADID/extracted/kadid10k/images/I25_24_05.png,I25.png,25,24,5,1.27,0.573,25.808975219726562,0.03599815100005799,1
I25_25_02.png,/kaggle/working/MDFS/data/KADID/extracted/kadid10k/images/I25_25_02.png,I25.png,25,25,2,3.93,0.512,18.00343894958496,0.03685390800001187,1
I25_25_04.png,/kaggle/working/MDFS/data/KADID/extracted/kadid10k/images/I25_25_04.png,I25.png,25,25,4,4.67,0.537,17.199560165405273,0.03702359599992633,1
I26_01_01.png,/kaggle/working/MDFS/data/KADID/extracted/kadid10k/images/I26_01_01.png,I26.png,26,1,1,4.74,0.438,17.883251190185547,0.03750279500036413,1
I26_01_03.png,/kaggle/working/MDFS/data/KADID/extracted/kadid10k/images/I26_01_03.png,I26.png,26,1,3,2.83,0.637,20.9284610748291,0.039001266999548534,1
I26_01_05.png,/kaggle/working/MDFS/data/KADID/extracted/kadid10k/images/I26_01_05.png,I26.png,26,1,5,1.3,0.458,41.21355056762695,0.037724625999544514,1
I26_02_02.png,/kaggle/working/MDFS/data/KADID/extracted/kadid10k/images/I26_02_02.png,I26.png,26,2,2,2.67,0.65,22.724180221557617,0.039006680000056804,1
I26_02_04.png,/kaggle/working/MDFS/data/KADID/extracted/kadid10k/images/I26_02_04.png,I26.png,26,2,4,1.57,0.616,31.560569763183594,0.03760181300003751,1
I26_03_01.png,/kaggle/working/MDFS/data/KADID/extracted/kadid10k/images/I26_03_01.png,I26.png,26,3,1,4.67,0.471,17.883251190185547,0.037760899999739195,1
I26_03_03.png,/kaggle/working/MDFS/data/KADID/extracted/kadid10k/images/I26_03_03.png,I26.png,26,3,3,3.0,0.816,20.32813835144043,0.037165506999372155,1
I26_03_05.png,/kaggle/working/MDFS/data/KADID/extracted/kadid10k/images/I26_03_05.png,I26.png,26,3,5,1.87,0.67,22.2940616607666,0.037014008999904036,1
I26_04_02.png,/kaggle/working/MDFS/data/KADID/extracted/kadid10k/images/I26_04_02.png,I26.png,26,4,2,3.29,1.053,18.62507438659668,0.03703413899984298,1
I26_04_04.png,/kaggle/working/MDFS/data/KADID/extracted/kadid10k/images/I26_04_04.png,I26.png,26,4,4,2.33,1.135,18.786462783813477,0.03677159400012897,1
I26_05_01.png,/kaggle/working/MDFS/data/KADID/extracted/kadid10k/images/I26_05_01.png,I26.png,26,5,1,4.43,0.761,18.549348831176758,0.037862919999497535,1
I26_05_03.png,/kaggle/working/MDFS/data/KADID/extracted/kadid10k/images/I26_05_03.png,I26.png,26,5,3,1.57,0.616,18.969932556152344,0.03743579599995428,1
I26_05_05.png,/kaggle/working/MDFS/data/KADID/extracted/kadid10k/images/I26_05_05.png,I26.png,26,5,5,1.53,0.67,18.649473190307617,0.036795803000131855,1
I26_06_02.png,/kaggle/working/MDFS/data/KADID/extracted/kadid10k/images/I26_06_02.png,I26.png,26,6,2,4.39,0.704,19.813447952270508,0.034223637999275525,1
I26_06_04.png,/kaggle/working/MDFS/data/KADID/extracted/kadid10k/images/I26_06_04.png,I26.png,26,6,4,3.53,0.921,21.235668182373047,0.03477589799967973,1
I26_07_01.png,/kaggle/working/MDFS/data/KADID/extracted/kadid10k/images/I26_07_01.png,I26.png,26,7,1,2.6,1.02,19.06134033203125,0.038137003999509034,1
I26_07_03.png,/kaggle/working/MDFS/data/KADID/extracted/kadid10k/images/I26_07_03.png,I26.png,26,7,3,2.47,1.056,20.14838409423828,0.03661665700019512,1
I26_07_05.png,/kaggle/working/MDFS/data/KADID/extracted/kadid10k/images/I26_07_05.png,I26.png,26,7,5,2.6,1.083,19.03858757019043,0.03731146100017213,1
I26_08_02.png,/kaggle/working/MDFS/data/KADID/extracted/kadid10k/images/I26_08_02.png,I26.png,26,8,2,3.37,0.948,18.56199073791504,0.036832886000411236,1
I26_08_04.png,/kaggle/working/MDFS/data/KADID/extracted/kadid10k/images/I26_08_04.png,I26.png,26,8,4,2.73,0.929,19.787403106689453,0.037132496999220166,1
I26_09_01.png,/kaggle/working/MDFS/data/KADID/extracted/kadid10k/images/I26_09_01.png,I26.png,26,9,1,4.57,0.496,18.11213493347168,0.03697607100002642,1
I26_09_03.png,/kaggle/working/MDFS/data/KADID/extracted/kadid10k/images/I26_09_03.png,I26.png,26,9,3,4.3,0.586,20.453941345214844,0.03836794600010762,1
I26_09_05.png,/kaggle/working/MDFS/data/KADID/extracted/kadid10k/images/I26_09_05.png,I26.png,26,9,5,1.57,0.616,33.9809455871582,0.03815158700035681,1
I26_10_02.png,/kaggle/working/MDFS/data/KADID/extracted/kadid10k/images/I26_10_02.png,I26.png,26,10,2,4.1,0.7,19.014400482177734,0.037723278000157734,1
I26_10_04.png,/kaggle/working/MDFS/data/KADID/extracted/kadid10k/images/I26_10_04.png,I26.png,26,10,4,2.53,0.763,28.057418823242188,0.03475979899940285,1
I26_11_01.png,/kaggle/working/MDFS/data/KADID/extracted/kadid10k/images/I26_11_01.png,I26.png,26,11,1,3.9,0.7,19.76755142211914,0.03514989399991464,1
I26_11_03.png,/kaggle/working/MDFS/data/KADID/extracted/kadid10k/images/I26_11_03.png,I26.png,26,11,3,3.27,0.892,22.231416702270508,0.03614837199984322,1
I26_11_05.png,/kaggle/working/MDFS/data/KADID/extracted/kadid10k/images/I26_11_05.png,I26.png,26,11,5,2.47,0.763,27.114439010620117,0.03658081899993704,1
I26_12_02.png,/kaggle/working/MDFS/data/KADID/extracted/kadid10k/images/I26_12_02.png,I26.png,26,12,2,3.77,1.023,20.16036033630371,0.03605490300014935,1
I26_12_04.png,/kaggle/working/MDFS/data/KADID/extracted/kadid10k/images/I26_12_04.png,I26.png,26,12,4,2.8,0.792,24.09798240661621,0.0351890749998347,1
I26_13_01.png,/kaggle/working/MDFS/data/KADID/extracted/kadid10k/images/I26_13_01.png,I26.png,26,13,1,3.4,0.952,18.2554874420166,0.03709586699915235,1
I26_13_03.png,/kaggle/working/MDFS/data/KADID/extracted/kadid10k/images/I26_13_03.png,I26.png,26,13,3,2.73,0.772,20.86150550842285,0.03773111699956644,1
I26_13_05.png,/kaggle/working/MDFS/data/KADID/extracted/kadid10k/images/I26_13_05.png,I26.png,26,13,5,2.3,1.005,26.295679092407227,0.03851595699961763,1
I26_14_02.png,/kaggle/working/MDFS/data/KADID/extracted/kadid10k/images/I26_14_02.png,I26.png,26,14,2,3.84,0.795,19.088516235351562,0.03825354699984018,1
I26_14_04.png,/kaggle/working/MDFS/data/KADID/extracted/kadid10k/images/I26_14_04.png,I26.png,26,14,4,2.73,0.772,21.848915100097656,0.03726222700061044,1
I26_15_01.png,/kaggle/working/MDFS/data/KADID/extracted/kadid10k/images/I26_15_01.png,I26.png,26,15,1,3.87,0.921,19.56700897216797,0.038331462999849464,1
I26_15_03.png,/kaggle/working/MDFS/data/KADID/extracted/kadid10k/images/I26_15_03.png,I26.png,26,15,3,2.5,0.764,21.402910232543945,0.036981692000154,1
I26_15_05.png,/kaggle/working/MDFS/data/KADID/extracted/kadid10k/images/I26_15_05.png,I26.png,26,15,5,1.47,0.562,24.711454391479492,0.03508086500005447,1
I26_16_02.png,/kaggle/working/MDFS/data/KADID/extracted/kadid10k/images/I26_16_02.png,I26.png,26,16,2,4.3,0.781,18.044769287109375,0.03777100299976155,1
I26_16_04.png,/kaggle/working/MDFS/data/KADID/extracted/kadid10k/images/I26_16_04.png,I26.png,26,16,4,2.93,0.929,18.649066925048828,0.03835305500069808,1
I26_17_01.png,/kaggle/working/MDFS/data/KADID/extracted/kadid10k/images/I26_17_01.png,I26.png,26,17,1,4.5,0.563,17.874378204345703,0.038558210000701365,1
I26_17_03.png,/kaggle/working/MDFS/data/KADID/extracted/kadid10k/images/I26_17_03.png,I26.png,26,17,3,4.0,0.661,17.906702041625977,0.03859032899981685,1
I26_17_05.png,/kaggle/working/MDFS/data/KADID/extracted/kadid10k/images/I26_17_05.png,I26.png,26,17,5,1.77,0.844,22.298002243041992,0.036402040000211855,1
I26_18_02.png,/kaggle/working/MDFS/data/KADID/extracted/kadid10k/images/I26_18_02.png,I26.png,26,18,2,4.57,0.496,17.90545654296875,0.03772505899996759,1
I26_18_04.png,/kaggle/working/MDFS/data/KADID/extracted/kadid10k/images/I26_18_04.png,I26.png,26,18,4,4.23,0.803,18.16215705871582,0.03746850399966206,1
I26_19_01.png,/kaggle/working/MDFS/data/KADID/extracted/kadid10k/images/I26_19_01.png,I26.png,26,19,1,4.27,0.814,17.714305877685547,0.03750608800055488,1
I26_19_03.png,/kaggle/working/MDFS/data/KADID/extracted/kadid10k/images/I26_19_03.png,I26.png,26,19,3,2.87,0.763,17.980134963989258,0.03732242000023689,1
I26_19_05.png,/kaggle/working/MDFS/data/KADID/extracted/kadid10k/images/I26_19_05.png,I26.png,26,19,5,1.1,0.3,24.10322380065918,0.037060279999423074,1
I26_20_02.png,/kaggle/working/MDFS/data/KADID/extracted/kadid10k/images/I26_20_02.png,I26.png,26,20,2,3.9,0.87,17.814285278320312,0.03862353400018037,1
I26_20_04.png,/kaggle/working/MDFS/data/KADID/extracted/kadid10k/images/I26_20_04.png,I26.png,26,20,4,3.87,1.118,17.793161392211914,0.038114886999210285,1
I26_21_01.png,/kaggle/working/MDFS/data/KADID/extracted/kadid10k/images/I26_21_01.png,I26.png,26,21,1,3.1,1.044,17.719703674316406,0.03759632800029067,1
I26_21_03.png,/kaggle/working/MDFS/data/KADID/extracted/kadid10k/images/I26_21_03.png,I26.png,26,21,3,2.43,0.844,18.592042922973633,0.03632174200083682,1
I26_21_05.png,/kaggle/working/MDFS/data/KADID/extracted/kadid10k/images/I26_21_05.png,I26.png,26,21,5,1.43,0.616,30.209653854370117,0.03351136600031168,1
I26_22_02.png,/kaggle/working/MDFS/data/KADID/extracted/kadid10k/images/I26_22_02.png,I26.png,26,22,2,4.47,0.562,18.40160369873047,0.037567223999758426,1
I26_22_04.png,/kaggle/working/MDFS/data/KADID/extracted/kadid10k/images/I26_22_04.png,I26.png,26,22,4,3.8,0.909,18.981279373168945,0.03594191400043201,1
I26_23_01.png,/kaggle/working/MDFS/data/KADID/extracted/kadid10k/images/I26_23_01.png,I26.png,26,23,1,2.47,0.921,17.89214515686035,0.03778870099995402,1
I26_23_03.png,/kaggle/working/MDFS/data/KADID/extracted/kadid10k/images/I26_23_03.png,I26.png,26,23,3,2.67,0.978,17.84760093688965,0.03812023400041653,1
I26_23_05.png,/kaggle/working/MDFS/data/KADID/extracted/kadid10k/images/I26_23_05.png,I26.png,26,23,5,1.8,0.653,17.89068031311035,0.03764140099974611,1
I26_24_02.png,/kaggle/working/MDFS/data/KADID/extracted/kadid10k/images/I26_24_02.png,I26.png,26,24,2,2.81,0.895,19.98248291015625,0.03793086900077469,1
I26_24_04.png,/kaggle/working/MDFS/data/KADID/extracted/kadid10k/images/I26_24_04.png,I26.png,26,24,4,1.53,0.562,22.642902374267578,0.038785206000284234,1
I26_25_01.png,/kaggle/working/MDFS/data/KADID/extracted/kadid10k/images/I26_25_01.png,I26.png,26,25,1,3.07,0.964,18.567813873291016,0.03925524500027677,1
I26_25_03.png,/kaggle/working/MDFS/data/KADID/extracted/kadid10k/images/I26_25_03.png,I26.png,26,25,3,4.37,0.752,18.074508666992188,0.03871160800008511,1
I26_25_05.png,/kaggle/working/MDFS/data/KADID/extracted/kadid10k/images/I26_25_05.png,I26.png,26,25,5,3.03,0.912,17.865995407104492,0.03855271700012963,1
I27_01_02.png,/kaggle/working/MDFS/data/KADID/extracted/kadid10k/images/I27_01_02.png,I27.png,27,1,2,4.17,0.637,17.374603271484375,0.03836281600069924,1
I27_01_04.png,/kaggle/working/MDFS/data/KADID/extracted/kadid10k/images/I27_01_04.png,I27.png,27,1,4,1.67,0.596,29.572853088378906,0.03656058399974427,1
I27_02_01.png,/kaggle/working/MDFS/data/KADID/extracted/kadid10k/images/I27_02_01.png,I27.png,27,2,1,3.53,0.562,18.390779495239258,0.037730937000560516,1
I27_02_03.png,/kaggle/working/MDFS/data/KADID/extracted/kadid10k/images/I27_02_03.png,I27.png,27,2,3,1.7,0.526,26.409509658813477,0.03606444500019279,1
I27_02_05.png,/kaggle/working/MDFS/data/KADID/extracted/kadid10k/images/I27_02_05.png,I27.png,27,2,5,1.17,0.373,31.67122459411621,0.03573264500028017,1
I27_03_02.png,/kaggle/working/MDFS/data/KADID/extracted/kadid10k/images/I27_03_02.png,I27.png,27,3,2,3.27,0.772,17.595212936401367,0.0390178180005023,1
I27_03_04.png,/kaggle/working/MDFS/data/KADID/extracted/kadid10k/images/I27_03_04.png,I27.png,27,3,4,1.5,0.5,21.302480697631836,0.03837185100019269,1
I27_04_01.png,/kaggle/working/MDFS/data/KADID/extracted/kadid10k/images/I27_04_01.png,I27.png,27,4,1,4.1,0.597,18.065017700195312,0.03770026999973197,1
I27_04_03.png,/kaggle/working/MDFS/data/KADID/extracted/kadid10k/images/I27_04_03.png,I27.png,27,4,3,1.77,0.716,19.50288200378418,0.03719823699975677,1
I27_04_05.png,/kaggle/working/MDFS/data/KADID/extracted/kadid10k/images/I27_04_05.png,I27.png,27,4,5,1.27,0.512,20.870473861694336,0.03521505100070499,1
I27_05_02.png,/kaggle/working/MDFS/data/KADID/extracted/kadid10k/images/I27_05_02.png,I27.png,27,5,2,1.93,0.727,20.197843551635742,0.03667806199973711,1
I27_05_04.png,/kaggle/working/MDFS/data/KADID/extracted/kadid10k/images/I27_05_04.png,I27.png,27,5,4,1.63,0.657,19.713354110717773,0.037070401000164566,1
I27_06_01.png,/kaggle/working/MDFS/data/KADID/extracted/kadid10k/images/I27_06_01.png,I27.png,27,6,1,4.37,0.795,18.7971134185791,0.03554868500032171,1
I27_06_03.png,/kaggle/working/MDFS/data/KADID/extracted/kadid10k/images/I27_06_03.png,I27.png,27,6,3,3.53,0.806,19.57088851928711,0.03470610900058091,1
I27_06_05.png,/kaggle/working/MDFS/data/KADID/extracted/kadid10k/images/I27_06_05.png,I27.png,27,6,5,2.17,0.82,22.717514038085938,0.03281474600044021,1
I27_07_02.png,/kaggle/working/MDFS/data/KADID/extracted/kadid10k/images/I27_07_02.png,I27.png,27,7,2,2.0,0.916,19.525156021118164,0.03667509000024438,1
I27_07_04.png,/kaggle/working/MDFS/data/KADID/extracted/kadid10k/images/I27_07_04.png,I27.png,27,7,4,2.0,0.894,23.197084426879883,0.03694571400046698,1
I27_08_01.png,/kaggle/working/MDFS/data/KADID/extracted/kadid10k/images/I27_08_01.png,I27.png,27,8,1,4.43,0.559,18.192184448242188,0.03852019300029497,1
I27_08_03.png,/kaggle/working/MDFS/data/KADID/extracted/kadid10k/images/I27_08_03.png,I27.png,27,8,3,2.33,0.869,18.947736740112305,0.03751452099913877,1
I27_08_05.png,/kaggle/working/MDFS/data/KADID/extracted/kadid10k/images/I27_08_05.png,I27.png,27,8,5,1.5,0.619,21.31216049194336,0.03737677099979919,1
I27_09_02.png,/kaggle/working/MDFS/data/KADID/extracted/kadid10k/images/I27_09_02.png,I27.png,27,9,2,4.23,0.423,18.95391273498535,0.03655262600022979,1
I27_09_04.png,/kaggle/working/MDFS/data/KADID/extracted/kadid10k/images/I27_09_04.png,I27.png,27,9,4,2.37,0.912,25.43471908569336,0.036900459000207775,1
I27_10_01.png,/kaggle/working/MDFS/data/KADID/extracted/kadid10k/images/I27_10_01.png,I27.png,27,10,1,3.97,0.657,19.569116592407227,0.03670228099963424,1
I27_10_03.png,/kaggle/working/MDFS/data/KADID/extracted/kadid10k/images/I27_10_03.png,I27.png,27,10,3,3.57,0.92,21.063997268676758,0.037664483999833465,1
I27_10_05.png,/kaggle/working/MDFS/data/KADID/extracted/kadid10k/images/I27_10_05.png,I27.png,27,10,5,1.47,0.499,28.819183349609375,0.03552243800004362,1
I27_11_02.png,/kaggle/working/MDFS/data/KADID/extracted/kadid10k/images/I27_11_02.png,I27.png,27,11,2,3.0,0.718,20.238325119018555,0.037196506000327645,1
I27_11_04.png,/kaggle/working/MDFS/data/KADID/extracted/kadid10k/images/I27_11_04.png,I27.png,27,11,4,2.33,0.65,23.3057918548584,0.03628888699950039,1
I27_12_01.png,/kaggle/working/MDFS/data/KADID/extracted/kadid10k/images/I27_12_01.png,I27.png,27,12,1,4.23,0.716,18.669382095336914,0.036715504999847326,1
I27_12_03.png,/kaggle/working/MDFS/data/KADID/extracted/kadid10k/images/I27_12_03.png,I27.png,27,12,3,2.63,0.795,20.608057022094727,0.037594858999909775,1
I27_12_05.png,/kaggle/working/MDFS/data/KADID/extracted/kadid10k/images/I27_12_05.png,I27.png,27,12,5,1.97,0.547,23.962779998779297,0.03797285699965869,1
I27_13_02.png,/kaggle/working/MDFS/data/KADID/extracted/kadid10k/images/I27_13_02.png,I27.png,27,13,2,3.0,0.775,19.761837005615234,0.03781355600040115,1
I27_13_04.png,/kaggle/working/MDFS/data/KADID/extracted/kadid10k/images/I27_13_04.png,I27.png,27,13,4,2.3,0.69,22.429298400878906,0.03699989100005041,1
I27_14_01.png,/kaggle/working/MDFS/data/KADID/extracted/kadid10k/images/I27_14_01.png,I27.png,27,14,1,3.67,0.83,18.916275024414062,0.036318285000561445,1
I27_14_03.png,/kaggle/working/MDFS/data/KADID/extracted/kadid10k/images/I27_14_03.png,I27.png,27,14,3,2.16,0.723,22.38082504272461,0.03608917699966696,1
I27_14_05.png,/kaggle/working/MDFS/data/KADID/extracted/kadid10k/images/I27_14_05.png,I27.png,27,14,5,1.63,0.657,26.466495513916016,0.03779822199976479,1
I27_15_02.png,/kaggle/working/MDFS/data/KADID/extracted/kadid10k/images/I27_15_02.png,I27.png,27,15,2,2.4,0.757,20.61623191833496,0.03874362500027928,1
I27_15_04.png,/kaggle/working/MDFS/data/KADID/extracted/kadid10k/images/I27_15_04.png,I27.png,27,15,4,1.77,0.423,23.401479721069336,0.03686869100056356,1
I27_16_01.png,/kaggle/working/MDFS/data/KADID/extracted/kadid10k/images/I27_16_01.png,I27.png,27,16,1,4.27,0.629,18.187673568725586,0.03802561999964382,1
I27_16_03.png,/kaggle/working/MDFS/data/KADID/extracted/kadid10k/images/I27_16_03.png,I27.png,27,16,3,2.77,0.803,18.924556732177734,0.036259123000490945,1
I27_16_05.png,/kaggle/working/MDFS/data/KADID/extracted/kadid10k/images/I27_16_05.png,I27.png,27,16,5,1.47,0.661,26.944467544555664,0.032961574000182736,1
I27_17_02.png,/kaggle/working/MDFS/data/KADID/extracted/kadid10k/images/I27_17_02.png,I27.png,27,17,2,4.43,0.496,18.130708694458008,0.037649828999747115,1
I27_17_04.png,/kaggle/working/MDFS/data/KADID/extracted/kadid10k/images/I27_17_04.png,I27.png,27,17,4,3.8,0.476,18.14679718017578,0.03770135500053584,1
I27_18_01.png,/kaggle/working/MDFS/data/KADID/extracted/kadid10k/images/I27_18_01.png,I27.png,27,18,1,3.6,0.757,19.34819984436035,0.03734949600038817,1
I27_18_03.png,/kaggle/working/MDFS/data/KADID/extracted/kadid10k/images/I27_18_03.png,I27.png,27,18,3,4.57,0.496,18.192184448242188,0.036157642000034684,1
I27_18_05.png,/kaggle/working/MDFS/data/KADID/extracted/kadid10k/images/I27_18_05.png,I27.png,27,18,5,4.03,0.647,18.449687957763672,0.03621615500014741,1
I27_19_02.png,/kaggle/working/MDFS/data/KADID/extracted/kadid10k/images/I27_19_02.png,I27.png,27,19,2,3.8,0.702,17.665868759155273,0.03661282899975049,1
I27_19_04.png,/kaggle/working/MDFS/data/KADID/extracted/kadid10k/images/I27_19_04.png,I27.png,27,19,4,1.53,0.718,19.040300369262695,0.03636519799965754,1
I27_20_01.png,/kaggle/working/MDFS/data/KADID/extracted/kadid10k/images/I27_20_01.png,I27.png,27,20,1,4.53,0.562,18.162384033203125,0.03791772599925025,1
I27_20_03.png,/kaggle/working/MDFS/data/KADID/extracted/kadid10k/images/I27_20_03.png,I27.png,27,20,3,3.47,1.087,17.920839309692383,0.03725181600020733,1
I27_20_05.png,/kaggle/working/MDFS/data/KADID/extracted/kadid10k/images/I27_20_05.png,I27.png,27,20,5,2.47,1.087,18.061473846435547,0.036533426999994845,1
I27_21_02.png,/kaggle/working/MDFS/data/KADID/extracted/kadid10k/images/I27_21_02.png,I27.png,27,21,2,2.13,0.718,17.888389587402344,0.035051748999649135,1
I27_21_04.png,/kaggle/working/MDFS/data/KADID/extracted/kadid10k/images/I27_21_04.png,I27.png,27,21,4,1.84,0.712,18.616628646850586,0.03509345400016173,1
I27_22_01.png,/kaggle/working/MDFS/data/KADID/extracted/kadid10k/images/I27_22_01.png,I27.png,27,22,1,3.9,0.79,18.37074089050293,0.035052224000537535,1
I27_22_03.png,/kaggle/working/MDFS/data/KADID/extracted/kadid10k/images/I27_22_03.png,I27.png,27,22,3,3.4,0.987,18.89812469482422,0.03361401100028161,1
I27_22_05.png,/kaggle/working/MDFS/data/KADID/extracted/kadid10k/images/I27_22_05.png,I27.png,27,22,5,1.97,0.752,21.73948097229004,0.034029401000225334,1
I27_23_02.png,/kaggle/working/MDFS/data/KADID/extracted/kadid10k/images/I27_23_02.png,I27.png,27,23,2,2.4,1.052,17.943309783935547,0.037166714000704815,1
I27_23_04.png,/kaggle/working/MDFS/data/KADID/extracted/kadid10k/images/I27_23_04.png,I27.png,27,23,4,2.33,0.907,17.988237380981445,0.03714210999987699,1
I27_24_01.png,/kaggle/working/MDFS/data/KADID/extracted/kadid10k/images/I27_24_01.png,I27.png,27,24,1,2.83,1.098,19.456422805786133,0.035791360000075656,1
I27_24_03.png,/kaggle/working/MDFS/data/KADID/extracted/kadid10k/images/I27_24_03.png,I27.png,27,24,3,1.67,0.699,22.103248596191406,0.036061085000255844,1
I27_24_05.png,/kaggle/working/MDFS/data/KADID/extracted/kadid10k/images/I27_24_05.png,I27.png,27,24,5,1.13,0.34,25.7834415435791,0.03832473099919298,1
I27_25_02.png,/kaggle/working/MDFS/data/KADID/extracted/kadid10k/images/I27_25_02.png,I27.png,27,25,2,3.73,0.814,18.4865779876709,0.03811890099950688,1
I27_25_04.png,/kaggle/working/MDFS/data/KADID/extracted/kadid10k/images/I27_25_04.png,I27.png,27,25,4,4.0,0.577,18.181583404541016,0.03690960800031462,1
I28_01_01.png,/kaggle/working/MDFS/data/KADID/extracted/kadid10k/images/I28_01_01.png,I28.png,28,1,1,4.57,0.496,18.665273666381836,0.036463630000071134,1
I28_01_03.png,/kaggle/working/MDFS/data/KADID/extracted/kadid10k/images/I28_01_03.png,I28.png,28,1,3,4.0,0.775,22.796178817749023,0.03717307999977493,1
I28_01_05.png,/kaggle/working/MDFS/data/KADID/extracted/kadid10k/images/I28_01_05.png,I28.png,28,1,5,1.37,0.482,36.1644172668457,0.039060618000803515,1
I28_02_02.png,/kaggle/working/MDFS/data/KADID/extracted/kadid10k/images/I28_02_02.png,I28.png,28,2,2,3.2,0.833,24.344945907592773,0.03560558599929209,1
I28_02_04.png,/kaggle/working/MDFS/data/KADID/extracted/kadid10k/images/I28_02_04.png,I28.png,28,2,4,1.67,0.537,30.389467239379883,0.037115694000021904,1
I28_03_01.png,/kaggle/working/MDFS/data/KADID/extracted/kadid10k/images/I28_03_01.png,I28.png,28,3,1,4.47,0.718,18.665273666381836,0.03765285000008589,1
I28_03_03.png,/kaggle/working/MDFS/data/KADID/extracted/kadid10k/images/I28_03_03.png,I28.png,28,3,3,3.9,0.907,21.813926696777344,0.03704628600007709,1
I28_03_05.png,/kaggle/working/MDFS/data/KADID/extracted/kadid10k/images/I28_03_05.png,I28.png,28,3,5,2.17,0.687,22.882436752319336,0.03748021699993842,1
I28_04_02.png,/kaggle/working/MDFS/data/KADID/extracted/kadid10k/images/I28_04_02.png,I28.png,28,4,2,2.43,0.844,20.303390502929688,0.034612305000337074,1
I28_04_04.png,/kaggle/working/MDFS/data/KADID/extracted/kadid10k/images/I28_04_04.png,I28.png,28,4,4,1.33,0.596,23.253076553344727,0.035596593000263965,1
I28_05_01.png,/kaggle/working/MDFS/data/KADID/extracted/kadid10k/images/I28_05_01.png,I28.png,28,5,1,4.33,0.83,19.044464111328125,0.03867275100037659,1
I28_05_03.png,/kaggle/working/MDFS/data/KADID/extracted/kadid10k/images/I28_05_03.png,I28.png,28,5,3,3.43,0.761,19.135900497436523,0.03780011900016689,1
I28_05_05.png,/kaggle/working/MDFS/data/KADID/extracted/kadid10k/images/I28_05_05.png,I28.png,28,5,5,3.0,0.931,19.051546096801758,0.03833661099997698,1
I28_06_02.png,/kaggle/working/MDFS/data/KADID/extracted/kadid10k/images/I28_06_02.png,I28.png,28,6,2,3.6,0.841,22.116823196411133,0.03492474900031084,1
I28_06_04.png,/kaggle/working/MDFS/data/KADID/extracted/kadid10k/images/I28_06_04.png,I28.png,28,6,4,3.4,0.879,23.30221176147461,0.033898179000061646,1
I28_07_01.png,/kaggle/working/MDFS/data/KADID/extracted/kadid10k/images/I28_07_01.png,I28.png,28,7,1,2.47,0.991,18.240997314453125,0.038449409999884665,1
I28_07_03.png,/kaggle/working/MDFS/data/KADID/extracted/kadid10k/images/I28_07_03.png,I28.png,28,7,3,1.93,0.68,18.96056365966797,0.03750475499964523,1
I28_07_05.png,/kaggle/working/MDFS/data/KADID/extracted/kadid10k/images/I28_07_05.png,I28.png,28,7,5,2.0,1.033,19.63050651550293,0.037045823999505956,1
I28_08_02.png,/kaggle/working/MDFS/data/KADID/extracted/kadid10k/images/I28_08_02.png,I28.png,28,8,2,3.53,1.056,20.124534606933594,0.03660699099964404,1
I28_08_04.png,/kaggle/working/MDFS/data/KADID/extracted/kadid10k/images/I28_08_04.png,I28.png,28,8,4,1.57,0.616,22.661968231201172,0.03564150799957133,1
I28_09_01.png,/kaggle/working/MDFS/data/KADID/extracted/kadid10k/images/I28_09_01.png,I28.png,28,9,1,4.4,0.757,19.17789649963379,0.03651247699963278,1
I28_09_03.png,/kaggle/working/MDFS/data/KADID/extracted/kadid10k/images/I28_09_03.png,I28.png,28,9,3,4.47,0.763,21.63104248046875,0.03790938400015875,1
I28_09_05.png,/kaggle/working/MDFS/data/KADID/extracted/kadid10k/images/I28_09_05.png,I28.png,28,9,5,1.4,0.554,33.866641998291016,0.03776054700028908,1
I28_10_02.png,/kaggle/working/MDFS/data/KADID/extracted/kadid10k/images/I28_10_02.png,I28.png,28,10,2,4.13,0.991,20.04701042175293,0.04312570999991294,1
I28_10_04.png,/kaggle/working/MDFS/data/KADID/extracted/kadid10k/images/I28_10_04.png,I28.png,28,10,4,2.03,0.657,27.744749069213867,0.036077695000130916,1
I28_11_01.png,/kaggle/working/MDFS/data/KADID/extracted/kadid10k/images/I28_11_01.png,I28.png,28,11,1,4.1,0.79,20.93520164489746,0.035105896999994,1
I28_11_03.png,/kaggle/working/MDFS/data/KADID/extracted/kadid10k/images/I28_11_03.png,I28.png,28,11,3,2.93,0.964,22.67474365234375,0.03629596400060109,1
I28_11_05.png,/kaggle/working/MDFS/data/KADID/extracted/kadid10k/images/I28_11_05.png,I28.png,28,11,5,2.33,0.83,25.89780044555664,0.035606279000603536,1
I28_12_02.png,/kaggle/working/MDFS/data/KADID/extracted/kadid10k/images/I28_12_02.png,I28.png,28,12,2,3.6,0.841,21.17264747619629,0.03635990499969921,1
I28_12_04.png,/kaggle/working/MDFS/data/KADID/extracted/kadid10k/images/I28_12_04.png,I28.png,28,12,4,2.67,0.65,23.765457153320312,0.04782590400009212,1
I28_13_01.png,/kaggle/working/MDFS/data/KADID/extracted/kadid10k/images/I28_13_01.png,I28.png,28,13,1,3.13,0.846,18.889427185058594,0.05615050300002622,1
I28_13_03.png,/kaggle/working/MDFS/data/KADID/extracted/kadid10k/images/I28_13_03.png,I28.png,28,13,3,2.6,0.917,21.771390914916992,0.049519545000293874,1
I28_13_05.png,/kaggle/working/MDFS/data/KADID/extracted/kadid10k/images/I28_13_05.png,I28.png,28,13,5,2.17,0.778,25.49254608154297,0.03486598899962701,1
I28_14_02.png,/kaggle/working/MDFS/data/KADID/extracted/kadid10k/images/I28_14_02.png,I28.png,28,14,2,3.97,0.706,19.854705810546875,0.03492679099963425,1
I28_14_04.png,/kaggle/working/MDFS/data/KADID/extracted/kadid10k/images/I28_14_04.png,I28.png,28,14,4,2.73,0.727,21.208621978759766,0.03616806500031089,1
I28_15_01.png,/kaggle/working/MDFS/data/KADID/extracted/kadid10k/images/I28_15_01.png,I28.png,28,15,1,3.53,0.763,19.8866024017334,0.03613677000066673,1
I28_15_03.png,/kaggle/working/MDFS/data/KADID/extracted/kadid10k/images/I28_15_03.png,I28.png,28,15,3,2.27,0.68,21.782072067260742,0.035518960999979754,1
I28_15_05.png,/kaggle/working/MDFS/data/KADID/extracted/kadid10k/images/I28_15_05.png,I28.png,28,15,5,1.57,0.496,23.69693374633789,0.03545016400039458,1
I28_16_02.png,/kaggle/working/MDFS/data/KADID/extracted/kadid10k/images/I28_16_02.png,I28.png,28,16,2,4.53,0.618,18.573619842529297,0.03821956299998419,1
I28_16_04.png,/kaggle/working/MDFS/data/KADID/extracted/kadid10k/images/I28_16_04.png,I28.png,28,16,4,3.1,0.978,19.25031089782715,0.03820363499926316,1
I28_17_01.png,/kaggle/working/MDFS/data/KADID/extracted/kadid10k/images/I28_17_01.png,I28.png,28,17,1,4.77,0.423,18.652376174926758,0.03691103100027249,1
I28_17_03.png,/kaggle/working/MDFS/data/KADID/extracted/kadid10k/images/I28_17_03.png,I28.png,28,17,3,4.2,0.872,18.7423152923584,0.035837462000017695,1
I28_17_05.png,/kaggle/working/MDFS/data/KADID/extracted/kadid10k/images/I28_17_05.png,I28.png,28,17,5,2.0,0.683,21.650760650634766,0.03320141299991519,1
I28_18_02.png,/kaggle/working/MDFS/data/KADID/extracted/kadid10k/images/I28_18_02.png,I28.png,28,18,2,4.6,0.663,18.61935043334961,0.037770633999571146,1
I28_18_04.png,/kaggle/working/MDFS/data/KADID/extracted/kadid10k/images/I28_18_04.png,I28.png,28,18,4,4.53,0.618,19.344406127929688,0.036702678999972704,1
I28_19_01.png,/kaggle/working/MDFS/data/KADID/extracted/kadid10k/images/I28_19_01.png,I28.png,28,19,1,4.5,0.671,18.564178466796875,0.03692781700010528,1
I28_19_03.png,/kaggle/working/MDFS/data/KADID/extracted/kadid10k/images/I28_19_03.png,I28.png,28,19,3,3.77,0.716,19.37613296508789,0.03439270199942257,1
I28_19_05.png,/kaggle/working/MDFS/data/KADID/extracted/kadid10k/images/I28_19_05.png,I28.png,28,19,5,1.53,0.499,23.265079498291016,0.035501413000019966,1
I28_20_02.png,/kaggle/working/MDFS/data/KADID/extracted/kadid10k/images/I28_20_02.png,I28.png,28,20,2,3.5,0.957,18.514822006225586,0.03791742700013856,1
I28_20_04.png,/kaggle/working/MDFS/data/KADID/extracted/kadid10k/images/I28_20_04.png,I28.png,28,20,4,3.13,1.176,18.47243309020996,0.038592317000620824,1
I28_21_01.png,/kaggle/working/MDFS/data/KADID/extracted/kadid10k/images/I28_21_01.png,I28.png,28,21,1,4.0,0.775,18.679779052734375,0.038435448999734945,1
I28_21_03.png,/kaggle/working/MDFS/data/KADID/extracted/kadid10k/images/I28_21_03.png,I28.png,28,21,3,3.23,1.174,19.511873245239258,0.03630454200083477,1
I28_21_05.png,/kaggle/working/MDFS/data/KADID/extracted/kadid10k/images/I28_21_05.png,I28.png,28,21,5,1.77,0.955,27.568756103515625,0.033187392000399996,1
I28_22_02.png,/kaggle/working/MDFS/data/KADID/extracted/kadid10k/images/I28_22_02.png,I28.png,28,22,2,3.53,1.147,19.80364227294922,0.03565147599965712,1
I28_22_04.png,/kaggle/working/MDFS/data/KADID/extracted/kadid10k/images/I28_22_04.png,I28.png,28,22,4,2.93,1.062,20.846668243408203,0.035889958000552724,1
I28_23_01.png,/kaggle/working/MDFS/data/KADID/extracted/kadid10k/images/I28_23_01.png,I28.png,28,23,1,3.3,1.242,18.62692642211914,0.039521914000033576,1
I28_23_03.png,/kaggle/working/MDFS/data/KADID/extracted/kadid10k/images/I28_23_03.png,I28.png,28,23,3,2.69,1.014,18.746065139770508,0.03765290999945137,1
I28_23_05.png,/kaggle/working/MDFS/data/KADID/extracted/kadid10k/images/I28_23_05.png,I28.png,28,23,5,2.03,0.948,18.662328720092773,0.03757379899980151,1
I28_24_02.png,/kaggle/working/MDFS/data/KADID/extracted/kadid10k/images/I28_24_02.png,I28.png,28,24,2,3.0,0.966,19.16526222229004,0.03644196699951863,1
I28_24_04.png,/kaggle/working/MDFS/data/KADID/extracted/kadid10k/images/I28_24_04.png,I28.png,28,24,4,2.13,0.763,21.19265365600586,0.03651511800035223,1
I28_25_01.png,/kaggle/working/MDFS/data/KADID/extracted/kadid10k/images/I28_25_01.png,I28.png,28,25,1,3.48,0.911,20.183822631835938,0.03666146399973513,1
I28_25_03.png,/kaggle/working/MDFS/data/KADID/extracted/kadid10k/images/I28_25_03.png,I28.png,28,25,3,4.43,0.716,18.895780563354492,0.03827541500049847,1
I28_25_05.png,/kaggle/working/MDFS/data/KADID/extracted/kadid10k/images/I28_25_05.png,I28.png,28,25,5,3.73,0.929,18.62128257751465,0.03787456100053532,1
I29_01_02.png,/kaggle/working/MDFS/data/KADID/extracted/kadid10k/images/I29_01_02.png,I29.png,29,1,2,4.4,0.554,17.826141357421875,0.035172595999938494,1
I29_01_04.png,/kaggle/working/MDFS/data/KADID/extracted/kadid10k/images/I29_01_04.png,I29.png,29,1,4,1.87,0.67,31.878786087036133,0.03477119600029255,1
I29_02_01.png,/kaggle/working/MDFS/data/KADID/extracted/kadid10k/images/I29_02_01.png,I29.png,29,2,1,4.2,0.702,18.985557556152344,0.035998327000015706,1
I29_02_03.png,/kaggle/working/MDFS/data/KADID/extracted/kadid10k/images/I29_02_03.png,I29.png,29,2,3,1.73,0.727,30.689151763916016,0.03690427499986981,1
I29_02_05.png,/kaggle/working/MDFS/data/KADID/extracted/kadid10k/images/I29_02_05.png,I29.png,29,2,5,1.17,0.373,34.7291374206543,0.03534890199989604,1
I29_03_02.png,/kaggle/working/MDFS/data/KADID/extracted/kadid10k/images/I29_03_02.png,I29.png,29,3,2,4.4,0.611,19.117794036865234,0.034913110000161396,1
I29_03_04.png,/kaggle/working/MDFS/data/KADID/extracted/kadid10k/images/I29_03_04.png,I29.png,29,3,4,2.33,0.471,21.55872917175293,0.03455207600018184,1
I29_04_01.png,/kaggle/working/MDFS/data/KADID/extracted/kadid10k/images/I29_04_01.png,I29.png,29,4,1,4.5,0.563,18.266996383666992,0.034596659999806434,1
I29_04_03.png,/kaggle/working/MDFS/data/KADID/extracted/kadid10k/images/I29_04_03.png,I29.png,29,4,3,1.27,0.442,22.54100799560547,0.03438101200026722,1
I29_04_05.png,/kaggle/working/MDFS/data/KADID/extracted/kadid10k/images/I29_04_05.png,I29.png,29,4,5,1.03,0.18,27.58998680114746,0.03426821300035954,1
I29_05_02.png,/kaggle/working/MDFS/data/KADID/extracted/kadid10k/images/I29_05_02.png,I29.png,29,5,2,2.87,0.763,19.704362869262695,0.03484783600015362,1
I29_05_04.png,/kaggle/working/MDFS/data/KADID/extracted/kadid10k/images/I29_05_04.png,I29.png,29,5,4,1.57,0.616,19.20057487487793,0.03401213400047709,1
I29_06_01.png,/kaggle/working/MDFS/data/KADID/extracted/kadid10k/images/I29_06_01.png,I29.png,29,6,1,3.83,0.934,19.612110137939453,0.033579366000594746,1
I29_06_03.png,/kaggle/working/MDFS/data/KADID/extracted/kadid10k/images/I29_06_03.png,I29.png,29,6,3,3.47,0.957,20.203567504882812,0.03847372499967605,1
I29_06_05.png,/kaggle/working/MDFS/data/KADID/extracted/kadid10k/images/I29_06_05.png,I29.png,29,6,5,2.87,0.806,23.295198440551758,0.04557355999986612,1
I29_07_02.png,/kaggle/working/MDFS/data/KADID/extracted/kadid10k/images/I29_07_02.png,I29.png,29,7,2,2.2,1.046,20.016748428344727,0.046105782000267936,1
I29_07_04.png,/kaggle/working/MDFS/data/KADID/extracted/kadid10k/images/I29_07_04.png,I29.png,29,7,4,2.43,1.146,22.229551315307617,0.04282410900032119,1
I29_08_01.png,/kaggle/working/MDFS/data/KADID/extracted/kadid10k/images/I29_08_01.png,I29.png,29,8,1,4.57,0.559,18.052873611450195,0.03218194900000526,1
I29_08_03.png,/kaggle/working/MDFS/data/KADID/extracted/kadid10k/images/I29_08_03.png,I29.png,29,8,3,1.93,0.892,20.065052032470703,0.03419138800018118,1
I29_08_05.png,/kaggle/working/MDFS/data/KADID/extracted/kadid10k/images/I29_08_05.png,I29.png,29,8,5,1.13,0.34,26.40750503540039,0.03524886899958801,1
I29_09_02.png,/kaggle/working/MDFS/data/KADID/extracted/kadid10k/images/I29_09_02.png,I29.png,29,9,2,4.77,0.423,18.38542938232422,0.0366584530002001,1
I29_09_04.png,/kaggle/working/MDFS/data/KADID/extracted/kadid10k/images/I29_09_04.png,I29.png,29,9,4,4.23,0.869,23.821664810180664,0.034666692999962834,1
I29_10_01.png,/kaggle/working/MDFS/data/KADID/extracted/kadid10k/images/I29_10_01.png,I29.png,29,10,1,4.53,0.618,20.889385223388672,0.03433430300083273,1
I29_10_03.png,/kaggle/working/MDFS/data/KADID/extracted/kadid10k/images/I29_10_03.png,I29.png,29,10,3,3.63,0.795,23.153728485107422,0.03550983700006327,1
I29_10_05.png,/kaggle/working/MDFS/data/KADID/extracted/kadid10k/images/I29_10_05.png,I29.png,29,10,5,1.3,0.526,32.586639404296875,0.03360007100036455,1
I29_11_02.png,/kaggle/working/MDFS/data/KADID/extracted/kadid10k/images/I29_11_02.png,I29.png,29,11,2,3.37,1.016,22.792177200317383,0.03418603499994788,1
I29_11_04.png,/kaggle/working/MDFS/data/KADID/extracted/kadid10k/images/I29_11_04.png,I29.png,29,11,4,2.9,0.943,26.896512985229492,0.03572379199977149,1
I29_12_01.png,/kaggle/working/MDFS/data/KADID/extracted/kadid10k/images/I29_12_01.png,I29.png,29,12,1,4.57,0.496,19.190109252929688,0.03511161999995238,1
I29_12_03.png,/kaggle/working/MDFS/data/KADID/extracted/kadid10k/images/I29_12_03.png,I29.png,29,12,3,3.33,0.789,24.331993103027344,0.03471650299979956,1
I29_12_05.png,/kaggle/working/MDFS/data/KADID/extracted/kadid10k/images/I29_12_05.png,I29.png,29,12,5,2.23,0.716,29.335330963134766,0.03501583399975061,1
I29_13_02.png,/kaggle/working/MDFS/data/KADID/extracted/kadid10k/images/I29_13_02.png,I29.png,29,13,2,2.83,0.82,28.835721969604492,0.03527518700047949,1
I29_13_04.png,/kaggle/working/MDFS/data/KADID/extracted/kadid10k/images/I29_13_04.png,I29.png,29,13,4,2.27,0.772,28.17825698852539,0.03477715500048362,1
I29_14_01.png,/kaggle/working/MDFS/data/KADID/extracted/kadid10k/images/I29_14_01.png,I29.png,29,14,1,4.63,0.657,18.062767028808594,0.03494243200020719,1
I29_14_03.png,/kaggle/working/MDFS/data/KADID/extracted/kadid10k/images/I29_14_03.png,I29.png,29,14,3,3.7,0.69,20.257251739501953,0.03541139199933241,1
I29_14_05.png,/kaggle/working/MDFS/data/KADID/extracted/kadid10k/images/I29_14_05.png,I29.png,29,14,5,2.17,0.687,25.2276668548584,0.03659619500012923,1
I29_15_02.png,/kaggle/working/MDFS/data/KADID/extracted/kadid10k/images/I29_15_02.png,I29.png,29,15,2,2.73,0.854,24.434133529663086,0.03559745500024292,1
I29_15_04.png,/kaggle/working/MDFS/data/KADID/extracted/kadid10k/images/I29_15_04.png,I29.png,29,15,4,1.67,0.537,26.670177459716797,0.03431581000040751,1
I29_16_01.png,/kaggle/working/MDFS/data/KADID/extracted/kadid10k/images/I29_16_01.png,I29.png,29,16,1,4.6,0.49,18.067459106445312,0.03398854099941673,1
I29_16_03.png,/kaggle/working/MDFS/data/KADID/extracted/kadid10k/images/I29_16_03.png,I29.png,29,16,3,3.57,0.716,18.222047805786133,0.03495257400027185,1
I29_16_05.png,/kaggle/working/MDFS/data/KADID/extracted/kadid10k/images/I29_16_05.png,I29.png,29,16,5,1.87,0.806,19.916797637939453,0.034249263000674546,1
I29_17_02.png,/kaggle/working/MDFS/data/KADID/extracted/kadid10k/images/I29_17_02.png,I29.png,29,17,2,4.57,0.496,18.12677574157715,0.03379782100000739,1
I29_17_04.png,/kaggle/working/MDFS/data/KADID/extracted/kadid10k/images/I29_17_04.png,I29.png,29,17,4,3.57,0.844,18.572086334228516,0.03470900999946025,1
I29_18_01.png,/kaggle/working/MDFS/data/KADID/extracted/kadid10k/images/I29_18_01.png,I29.png,29,18,1,4.13,0.67,18.19662094116211,0.035012891000405943,1
I29_18_03.png,/kaggle/working/MDFS/data/KADID/extracted/kadid10k/images/I29_18_03.png,I29.png,29,18,3,4.83,0.373,18.052873611450195,0.03358204800042586,1
I29_18_05.png,/kaggle/working/MDFS/data/KADID/extracted/kadid10k/images/I29_18_05.png,I29.png,29,18,5,3.83,0.582,19.01327133178711,0.03410157300004357,1
I29_19_02.png,/kaggle/working/MDFS/data/KADID/extracted/kadid10k/images/I29_19_02.png,I29.png,29,19,2,4.23,0.423,17.72197151184082,0.034936095000375644,1
I29_19_04.png,/kaggle/working/MDFS/data/KADID/extracted/kadid10k/images/I29_19_04.png,I29.png,29,19,4,2.1,0.7,19.579818725585938,0.03407830100059073,1
I29_20_01.png,/kaggle/working/MDFS/data/KADID/extracted/kadid10k/images/I29_20_01.png,I29.png,29,20,1,4.53,0.763,18.02332305908203,0.033929021999938414,1
I29_20_03.png,/kaggle/working/MDFS/data/KADID/extracted/kadid10k/images/I29_20_03.png,I29.png,29,20,3,3.03,1.169,18.055469512939453,0.03549112899963802,1
I29_20_05.png,/kaggle/working/MDFS/data/KADID/extracted/kadid10k/images/I29_20_05.png,I29.png,29,20,5,4.03,1.11,17.95865821838379,0.03416741999990336,1
I29_21_02.png,/kaggle/working/MDFS/data/KADID/extracted/kadid10k/images/I29_21_02.png,I29.png,29,21,2,3.4,1.02,18.114694595336914,0.033488078999653226,1
I29_21_04.png,/kaggle/working/MDFS/data/KADID/extracted/kadid10k/images/I29_21_04.png,I29.png,29,21,4,3.4,0.952,19.30280303955078,0.034411269000884204,1
I29_22_01.png,/kaggle/working/MDFS/data/KADID/extracted/kadid10k/images/I29_22_01.png,I29.png,29,22,1,3.5,0.885,19.249095916748047,0.034089947000211396,1
I29_22_03.png,/kaggle/working/MDFS/data/KADID/extracted/kadid10k/images/I29_22_03.png,I29.png,29,22,3,2.5,0.922,20.6309814453125,0.032996312999785005,1
I29_22_05.png,/kaggle/working/MDFS/data/KADID/extracted/kadid10k/images/I29_22_05.png,I29.png,29,22,5,1.97,0.657,23.503921508789062,0.03370164499938255,1
I29_23_02.png,/kaggle/working/MDFS/data/KADID/extracted/kadid10k/images/I29_23_02.png,I29.png,29,23,2,1.8,0.792,18.115644454956055,0.03487208800015651,1
I29_23_04.png,/kaggle/working/MDFS/data/KADID/extracted/kadid10k/images/I29_23_04.png,I29.png,29,23,4,2.3,0.69,18.37852668762207,0.0336870920000365,1
I29_24_01.png,/kaggle/working/MDFS/data/KADID/extracted/kadid10k/images/I29_24_01.png,I29.png,29,24,1,4.0,0.73,18.394338607788086,0.03441241800010175,1
I29_24_03.png,/kaggle/working/MDFS/data/KADID/extracted/kadid10k/images/I29_24_03.png,I29.png,29,24,3,2.1,0.7,20.57828140258789,0.035781018000307085,1
I29_24_05.png,/kaggle/working/MDFS/data/KADID/extracted/kadid10k/images/I29_24_05.png,I29.png,29,24,5,1.53,0.763,25.866844177246094,0.03550587199970323,1
I29_25_02.png,/kaggle/working/MDFS/data/KADID/extracted/kadid10k/images/I29_25_02.png,I29.png,29,25,2,3.74,0.566,18.487268447875977,0.033307480000075884,1
I29_25_04.png,/kaggle/working/MDFS/data/KADID/extracted/kadid10k/images/I29_25_04.png,I29.png,29,25,4,4.07,0.727,18.06960678100586,0.0354248040002858,1
I30_01_01.png,/kaggle/working/MDFS/data/KADID/extracted/kadid10k/images/I30_01_01.png,I30.png,30,1,1,4.6,0.49,21.8093318939209,0.03755044599984103,1
I30_01_03.png,/kaggle/working/MDFS/data/KADID/extracted/kadid10k/images/I30_01_03.png,I30.png,30,1,3,3.93,0.814,26.376834869384766,0.03593711699977575,1
I30_01_05.png,/kaggle/working/MDFS/data/KADID/extracted/kadid10k/images/I30_01_05.png,I30.png,30,1,5,1.26,0.566,39.45058059692383,0.033893853000336094,1
I30_02_02.png,/kaggle/working/MDFS/data/KADID/extracted/kadid10k/images/I30_02_02.png,I30.png,30,2,2,3.71,0.887,27.776147842407227,0.03607512599955953,1
I30_02_04.png,/kaggle/working/MDFS/data/KADID/extracted/kadid10k/images/I30_02_04.png,I30.png,30,2,4,1.77,0.559,35.3555793762207,0.036581147000106284,1
I30_03_01.png,/kaggle/working/MDFS/data/KADID/extracted/kadid10k/images/I30_03_01.png,I30.png,30,3,1,4.67,0.471,21.8093318939209,0.03675051199934387,1
I30_03_03.png,/kaggle/working/MDFS/data/KADID/extracted/kadid10k/images/I30_03_03.png,I30.png,30,3,3,3.7,1.069,25.543272018432617,0.03657350000048609,1
I30_03_05.png,/kaggle/working/MDFS/data/KADID/extracted/kadid10k/images/I30_03_05.png,I30.png,30,3,5,2.33,0.745,28.473134994506836,0.03553805699993973,1
I30_04_02.png,/kaggle/working/MDFS/data/KADID/extracted/kadid10k/images/I30_04_02.png,I30.png,30,4,2,3.3,0.737,29.727306365966797,0.03567972499968164,1
I30_04_04.png,/kaggle/working/MDFS/data/KADID/extracted/kadid10k/images/I30_04_04.png,I30.png,30,4,4,1.5,0.619,34.38640594482422,0.03584522500023013,1
I30_05_01.png,/kaggle/working/MDFS/data/KADID/extracted/kadid10k/images/I30_05_01.png,I30.png,30,5,1,4.77,0.423,22.425582885742188,0.0373074170001928,1
I30_05_03.png,/kaggle/working/MDFS/data/KADID/extracted/kadid10k/images/I30_05_03.png,I30.png,30,5,3,2.9,1.165,22.974794387817383,0.03645783299998584,1
I30_05_05.png,/kaggle/working/MDFS/data/KADID/extracted/kadid10k/images/I30_05_05.png,I30.png,30,5,5,2.5,0.922,22.754928588867188,0.03604734999953507,1
I30_06_02.png,/kaggle/working/MDFS/data/KADID/extracted/kadid10k/images/I30_06_02.png,I30.png,30,6,2,4.37,0.795,23.113922119140625,0.03408760000002076,1
I30_06_04.png,/kaggle/working/MDFS/data/KADID/extracted/kadid10k/images/I30_06_04.png,I30.png,30,6,4,3.83,1.003,24.791534423828125,0.03431797499979439,1
I30_07_01.png,/kaggle/working/MDFS/data/KADID/extracted/kadid10k/images/I30_07_01.png,I30.png,30,7,1,3.4,0.663,20.185216903686523,0.03718790000039007,1
I30_07_03.png,/kaggle/working/MDFS/data/KADID/extracted/kadid10k/images/I30_07_03.png,I30.png,30,7,3,2.2,0.98,21.652673721313477,0.03489171399996849,1
I30_07_05.png,/kaggle/working/MDFS/data/KADID/extracted/kadid10k/images/I30_07_05.png,I30.png,30,7,5,1.93,0.892,20.410581588745117,0.036844647000179975,1
I30_08_02.png,/kaggle/working/MDFS/data/KADID/extracted/kadid10k/images/I30_08_02.png,I30.png,30,8,2,4.3,0.586,27.12590789794922,0.03617073200075538,1
I30_08_04.png,/kaggle/working/MDFS/data/KADID/extracted/kadid10k/images/I30_08_04.png,I30.png,30,8,4,2.6,1.052,31.508371353149414,0.03552510400004394,1
I30_09_01.png,/kaggle/working/MDFS/data/KADID/extracted/kadid10k/images/I30_09_01.png,I30.png,30,9,1,4.68,0.467,21.984296798706055,0.0361867589999747,1
I30_09_03.png,/kaggle/working/MDFS/data/KADID/extracted/kadid10k/images/I30_09_03.png,I30.png,30,9,3,4.73,0.442,23.076353073120117,0.035602176000793406,1
I30_09_05.png,/kaggle/working/MDFS/data/KADID/extracted/kadid10k/images/I30_09_05.png,I30.png,30,9,5,1.73,0.772,34.36082458496094,0.036897367000165104,1
I30_10_02.png,/kaggle/working/MDFS/data/KADID/extracted/kadid10k/images/I30_10_02.png,I30.png,30,10,2,4.47,0.499,23.23685646057129,0.0358266929997626,1
I30_10_04.png,/kaggle/working/MDFS/data/KADID/extracted/kadid10k/images/I30_10_04.png,I30.png,30,10,4,1.77,0.489,30.394657135009766,0.03384045300026628,1
I30_11_01.png,/kaggle/working/MDFS/data/KADID/extracted/kadid10k/images/I30_11_01.png,I30.png,30,11,1,3.67,0.907,24.699865341186523,0.03487751099964953,1
I30_11_03.png,/kaggle/working/MDFS/data/KADID/extracted/kadid10k/images/I30_11_03.png,I30.png,30,11,3,2.97,0.752,27.691423416137695,0.03642965099970752,1
I30_11_05.png,/kaggle/working/MDFS/data/KADID/extracted/kadid10k/images/I30_11_05.png,I30.png,30,11,5,2.32,0.642,32.2187385559082,0.036372991999996884,1
I30_12_02.png,/kaggle/working/MDFS/data/KADID/extracted/kadid10k/images/I30_12_02.png,I30.png,30,12,2,3.4,0.663,25.332637786865234,0.035185421999813116,1
I30_12_04.png,/kaggle/working/MDFS/data/KADID/extracted/kadid10k/images/I30_12_04.png,I30.png,30,12,4,2.77,1.116,29.340389251708984,0.034280188000593625,1
I30_13_01.png,/kaggle/working/MDFS/data/KADID/extracted/kadid10k/images/I30_13_01.png,I30.png,30,13,1,3.77,0.883,21.708927154541016,0.03705884499959211,1
I30_13_03.png,/kaggle/working/MDFS/data/KADID/extracted/kadid10k/images/I30_13_03.png,I30.png,30,13,3,2.53,0.846,24.222078323364258,0.036710016999677464,1
I30_13_05.png,/kaggle/working/MDFS/data/KADID/extracted/kadid10k/images/I30_13_05.png,I30.png,30,13,5,2.26,0.566,28.92522621154785,0.03559616399979859,1
I30_14_02.png,/kaggle/working/MDFS/data/KADID/extracted/kadid10k/images/I30_14_02.png,I30.png,30,14,2,3.17,0.778,26.53887939453125,0.03408500100067613,1
I30_14_04.png,/kaggle/working/MDFS/data/KADID/extracted/kadid10k/images/I30_14_04.png,I30.png,30,14,4,2.3,0.69,30.74744987487793,0.03531618299984984,1
I30_15_01.png,/kaggle/working/MDFS/data/KADID/extracted/kadid10k/images/I30_15_01.png,I30.png,30,15,1,3.87,0.991,24.241474151611328,0.037675431999559805,1
I30_15_03.png,/kaggle/working/MDFS/data/KADID/extracted/kadid10k/images/I30_15_03.png,I30.png,30,15,3,2.13,0.67,26.792848587036133,0.03587123800025438,1
I30_15_05.png,/kaggle/working/MDFS/data/KADID/extracted/kadid10k/images/I30_15_05.png,I30.png,30,15,5,1.3,0.458,27.878007888793945,0.03499196299981122,1
I30_16_02.png,/kaggle/working/MDFS/data/KADID/extracted/kadid10k/images/I30_16_02.png,I30.png,30,16,2,4.2,0.542,22.087026596069336,0.03632084100081556,1
I30_16_04.png,/kaggle/working/MDFS/data/KADID/extracted/kadid10k/images/I30_16_04.png,I30.png,30,16,4,2.5,0.764,25.104623794555664,0.036411261000466766,1
I30_17_01.png,/kaggle/working/MDFS/data/KADID/extracted/kadid10k/images/I30_17_01.png,I30.png,30,17,1,4.73,0.629,21.772293090820312,0.037529981000261614,1
I30_17_03.png,/kaggle/working/MDFS/data/KADID/extracted/kadid10k/images/I30_17_03.png,I30.png,30,17,3,4.4,0.49,21.802087783813477,0.03710744399995747,1
I30_17_05.png,/kaggle/working/MDFS/data/KADID/extracted/kadid10k/images/I30_17_05.png,I30.png,30,17,5,2.67,0.869,24.975879669189453,0.03692559299997811,1
I30_18_02.png,/kaggle/working/MDFS/data/KADID/extracted/kadid10k/images/I30_18_02.png,I30.png,30,18,2,4.53,0.67,22.584684371948242,0.03722949199982395,1
I30_18_04.png,/kaggle/working/MDFS/data/KADID/extracted/kadid10k/images/I30_18_04.png,I30.png,30,18,4,4.61,0.487,22.521644592285156,0.036122654000791954,1
I30_19_01.png,/kaggle/working/MDFS/data/KADID/extracted/kadid10k/images/I30_19_01.png,I30.png,30,19,1,4.9,0.3,21.720949172973633,0.037539996999839786,1
I30_19_03.png,/kaggle/working/MDFS/data/KADID/extracted/kadid10k/images/I30_19_03.png,I30.png,30,19,3,4.27,0.727,22.16425323486328,0.038121412000691635,1
I30_19_05.png,/kaggle/working/MDFS/data/KADID/extracted/kadid10k/images/I30_19_05.png,I30.png,30,19,5,1.83,0.453,25.0252742767334,0.03557501700015564,1
I30_20_02.png,/kaggle/working/MDFS/data/KADID/extracted/kadid10k/images/I30_20_02.png,I30.png,30,20,2,3.67,1.011,21.557729721069336,0.03708800300046278,1
I30_20_04.png,/kaggle/working/MDFS/data/KADID/extracted/kadid10k/images/I30_20_04.png,I30.png,30,20,4,3.81,1.044,21.4982967376709,0.03607045399985509,1
I30_21_01.png,/kaggle/working/MDFS/data/KADID/extracted/kadid10k/images/I30_21_01.png,I30.png,30,21,1,4.27,0.772,21.596670150756836,0.035834774000250036,1
I30_21_03.png,/kaggle/working/MDFS/data/KADID/extracted/kadid10k/images/I30_21_03.png,I30.png,30,21,3,3.68,1.028,22.146272659301758,0.03575280400036718,1
I30_21_05.png,/kaggle/working/MDFS/data/KADID/extracted/kadid10k/images/I30_21_05.png,I30.png,30,21,5,2.0,0.816,27.504419326782227,0.03369885800020711,1
I30_22_02.png,/kaggle/working/MDFS/data/KADID/extracted/kadid10k/images/I30_22_02.png,I30.png,30,22,2,3.67,0.907,22.254703521728516,0.033885063000525406,1
I30_22_04.png,/kaggle/working/MDFS/data/KADID/extracted/kadid10k/images/I30_22_04.png,I30.png,30,22,4,2.77,0.955,22.848831176757812,0.03386602499995206,1
I30_23_01.png,/kaggle/working/MDFS/data/KADID/extracted/kadid10k/images/I30_23_01.png,I30.png,30,23,1,2.33,0.83,21.295576095581055,0.03764698099985253,1
I30_23_03.png,/kaggle/working/MDFS/data/KADID/extracted/kadid10k/images/I30_23_03.png,I30.png,30,23,3,2.27,0.929,21.14073371887207,0.036912020000272605,1
I30_23_05.png,/kaggle/working/MDFS/data/KADID/extracted/kadid10k/images/I30_23_05.png,I30.png,30,23,5,2.4,0.8,21.68349838256836,0.036071703999368765,1
I30_24_02.png,/kaggle/working/MDFS/data/KADID/extracted/kadid10k/images/I30_24_02.png,I30.png,30,24,2,3.7,0.781,22.886445999145508,0.0362516039995171,1
I30_24_04.png,/kaggle/working/MDFS/data/KADID/extracted/kadid10k/images/I30_24_04.png,I30.png,30,24,4,2.2,0.792,24.759754180908203,0.0375521280002431,1
I30_25_01.png,/kaggle/working/MDFS/data/KADID/extracted/kadid10k/images/I30_25_01.png,I30.png,30,25,1,3.63,0.948,25.171607971191406,0.03733625699987897,1
I30_25_03.png,/kaggle/working/MDFS/data/KADID/extracted/kadid10k/images/I30_25_03.png,I30.png,30,25,3,4.8,0.4,22.883657455444336,0.03690405199995439,1
I30_25_05.png,/kaggle/working/MDFS/data/KADID/extracted/kadid10k/images/I30_25_05.png,I30.png,30,25,5,3.73,0.929,20.786828994750977,0.03640519399959885,1
I31_01_02.png,/kaggle/working/MDFS/data/KADID/extracted/kadid10k/images/I31_01_02.png,I31.png,31,1,2,4.63,0.657,17.398168563842773,0.036546024000017496,1
I31_01_04.png,/kaggle/working/MDFS/data/KADID/extracted/kadid10k/images/I31_01_04.png,I31.png,31,1,4,1.83,0.522,28.383338928222656,0.03652243099986663,1
I31_02_01.png,/kaggle/working/MDFS/data/KADID/extracted/kadid10k/images/I31_02_01.png,I31.png,31,2,1,4.2,0.653,17.956756591796875,0.03764762500031793,1
I31_02_03.png,/kaggle/working/MDFS/data/KADID/extracted/kadid10k/images/I31_02_03.png,I31.png,31,2,3,1.87,0.763,24.451581954956055,0.03806107500076905,1
I31_02_05.png,/kaggle/working/MDFS/data/KADID/extracted/kadid10k/images/I31_02_05.png,I31.png,31,2,5,1.37,0.482,28.861722946166992,0.03777502000048116,1
I31_03_02.png,/kaggle/working/MDFS/data/KADID/extracted/kadid10k/images/I31_03_02.png,I31.png,31,3,2,4.23,0.616,17.535696029663086,0.037640907000422885,1
I31_03_04.png,/kaggle/working/MDFS/data/KADID/extracted/kadid10k/images/I31_03_04.png,I31.png,31,3,4,2.33,0.699,20.124147415161133,0.037609612000778725,1
I31_04_01.png,/kaggle/working/MDFS/data/KADID/extracted/kadid10k/images/I31_04_01.png,I31.png,31,4,1,4.63,0.547,18.033836364746094,0.03762967100010428,1
I31_04_03.png,/kaggle/working/MDFS/data/KADID/extracted/kadid10k/images/I31_04_03.png,I31.png,31,4,3,2.53,0.884,19.49361228942871,0.03618275500048185,1
I31_04_05.png,/kaggle/working/MDFS/data/KADID/extracted/kadid10k/images/I31_04_05.png,I31.png,31,4,5,1.5,0.619,20.67311668395996,0.03779669499999727,1
I31_05_02.png,/kaggle/working/MDFS/data/KADID/extracted/kadid10k/images/I31_05_02.png,I31.png,31,5,2,2.7,0.69,18.83678436279297,0.03976400600004126,1
I31_05_04.png,/kaggle/working/MDFS/data/KADID/extracted/kadid10k/images/I31_05_04.png,I31.png,31,5,4,1.9,0.79,18.316926956176758,0.03902686000037647,1
I31_06_01.png,/kaggle/working/MDFS/data/KADID/extracted/kadid10k/images/I31_06_01.png,I31.png,31,6,1,4.5,0.5,19.784374237060547,0.03621080399989296,1
I31_06_03.png,/kaggle/working/MDFS/data/KADID/extracted/kadid10k/images/I31_06_03.png,I31.png,31,6,3,3.63,1.08,20.87087059020996,0.03522208300000784,1
I31_06_05.png,/kaggle/working/MDFS/data/KADID/extracted/kadid10k/images/I31_06_05.png,I31.png,31,6,5,2.4,0.841,23.70888328552246,0.03270406599949638,1
I31_07_02.png,/kaggle/working/MDFS/data/KADID/extracted/kadid10k/images/I31_07_02.png,I31.png,31,7,2,2.53,1.145,19.174524307250977,0.03762645699953282,1
I31_07_04.png,/kaggle/working/MDFS/data/KADID/extracted/kadid10k/images/I31_07_04.png,I31.png,31,7,4,2.57,1.023,22.254806518554688,0.03744373799963796,1
I31_08_01.png,/kaggle/working/MDFS/data/KADID/extracted/kadid10k/images/I31_08_01.png,I31.png,31,8,1,4.61,0.487,17.694292068481445,0.03864757900009863,1
I31_08_03.png,/kaggle/working/MDFS/data/KADID/extracted/kadid10k/images/I31_08_03.png,I31.png,31,8,3,3.23,0.955,18.961746215820312,0.03768200099966634,1
I31_08_05.png,/kaggle/working/MDFS/data/KADID/extracted/kadid10k/images/I31_08_05.png,I31.png,31,8,5,1.83,0.734,21.328420639038086,0.036599130000467994,1
I31_09_02.png,/kaggle/working/MDFS/data/KADID/extracted/kadid10k/images/I31_09_02.png,I31.png,31,9,2,4.23,0.716,19.66701889038086,0.03764029899957677,1
I31_09_04.png,/kaggle/working/MDFS/data/KADID/extracted/kadid10k/images/I31_09_04.png,I31.png,31,9,4,2.47,0.806,27.348392486572266,0.03619502899982763,1
I31_10_01.png,/kaggle/working/MDFS/data/KADID/extracted/kadid10k/images/I31_10_01.png,I31.png,31,10,1,4.63,0.482,18.84063720703125,0.03690115999961563,1
I31_10_03.png,/kaggle/working/MDFS/data/KADID/extracted/kadid10k/images/I31_10_03.png,I31.png,31,10,3,4.27,0.772,19.67182731628418,0.03722009699959017,1
I31_10_05.png,/kaggle/working/MDFS/data/KADID/extracted/kadid10k/images/I31_10_05.png,I31.png,31,10,5,1.67,0.789,29.292896270751953,0.034875831000135804,1
I31_11_02.png,/kaggle/working/MDFS/data/KADID/extracted/kadid10k/images/I31_11_02.png,I31.png,31,11,2,3.57,0.92,20.29591941833496,0.03507378999984212,1
I31_11_04.png,/kaggle/working/MDFS/data/KADID/extracted/kadid10k/images/I31_11_04.png,I31.png,31,11,4,2.87,0.846,22.842731475830078,0.035364191000553546,1
I31_12_01.png,/kaggle/working/MDFS/data/KADID/extracted/kadid10k/images/I31_12_01.png,I31.png,31,12,1,4.57,0.496,18.754528045654297,0.037876137000239396,1
I31_12_03.png,/kaggle/working/MDFS/data/KADID/extracted/kadid10k/images/I31_12_03.png,I31.png,31,12,3,3.33,0.745,20.71786117553711,0.03576704199986125,1
I31_12_05.png,/kaggle/working/MDFS/data/KADID/extracted/kadid10k/images/I31_12_05.png,I31.png,31,12,5,2.57,0.844,23.884441375732422,0.03517893400021421,1
I31_13_02.png,/kaggle/working/MDFS/data/KADID/extracted/kadid10k/images/I31_13_02.png,I31.png,31,13,2,3.2,0.792,18.83466911315918,0.03772660300001007,1
I31_13_04.png,/kaggle/working/MDFS/data/KADID/extracted/kadid10k/images/I31_13_04.png,I31.png,31,13,4,2.27,0.814,21.454315185546875,0.03730934799932584,1
I31_14_01.png,/kaggle/working/MDFS/data/KADID/extracted/kadid10k/images/I31_14_01.png,I31.png,31,14,1,4.6,0.49,18.36526870727539,0.03702303199952439,1
I31_14_03.png,/kaggle/working/MDFS/data/KADID/extracted/kadid10k/images/I31_14_03.png,I31.png,31,14,3,3.23,0.92,20.53023338317871,0.03671697300069354,1
I31_14_05.png,/kaggle/working/MDFS/data/KADID/extracted/kadid10k/images/I31_14_05.png,I31.png,31,14,5,2.43,0.716,23.66504669189453,0.0361728520001634,1
I31_15_02.png,/kaggle/working/MDFS/data/KADID/extracted/kadid10k/images/I31_15_02.png,I31.png,31,15,2,3.27,0.727,20.375999450683594,0.03747076799936622,1
I31_15_04.png,/kaggle/working/MDFS/data/KADID/extracted/kadid10k/images/I31_15_04.png,I31.png,31,15,4,2.03,0.605,23.066726684570312,0.03621793499951309,1
I31_16_01.png,/kaggle/working/MDFS/data/KADID/extracted/kadid10k/images/I31_16_01.png,I31.png,31,16,1,4.57,0.496,17.75164222717285,0.03727917200012598,1
I31_16_03.png,/kaggle/working/MDFS/data/KADID/extracted/kadid10k/images/I31_16_03.png,I31.png,31,16,3,3.8,0.748,17.990001678466797,0.03817356400031713,1
I31_16_05.png,/kaggle/working/MDFS/data/KADID/extracted/kadid10k/images/I31_16_05.png,I31.png,31,16,5,1.93,0.772,19.19197654724121,0.038272212000265426,1
I31_17_02.png,/kaggle/working/MDFS/data/KADID/extracted/kadid10k/images/I31_17_02.png,I31.png,31,17,2,4.47,0.499,17.644824981689453,0.03744766099953267,1
I31_17_04.png,/kaggle/working/MDFS/data/KADID/extracted/kadid10k/images/I31_17_04.png,I31.png,31,17,4,3.73,0.814,17.76679801940918,0.03668714200011891,1
I31_18_01.png,/kaggle/working/MDFS/data/KADID/extracted/kadid10k/images/I31_18_01.png,I31.png,31,18,1,4.6,0.49,17.736074447631836,0.036187515999699826,1
I31_18_03.png,/kaggle/working/MDFS/data/KADID/extracted/kadid10k/images/I31_18_03.png,I31.png,31,18,3,4.81,0.395,17.694292068481445,0.036792681999941124,1
I31_18_05.png,/kaggle/working/MDFS/data/KADID/extracted/kadid10k/images/I31_18_05.png,I31.png,31,18,5,3.87,0.763,18.17284393310547,0.037169147999520646,1
I31_19_02.png,/kaggle/working/MDFS/data/KADID/extracted/kadid10k/images/I31_19_02.png,I31.png,31,19,2,4.1,0.7,17.51430892944336,0.03833839500020986,1
I31_19_04.png,/kaggle/working/MDFS/data/KADID/extracted/kadid10k/images/I31_19_04.png,I31.png,31,19,4,2.07,0.772,19.595474243164062,0.03697177100002591,1
I31_20_01.png,/kaggle/working/MDFS/data/KADID/extracted/kadid10k/images/I31_20_01.png,I31.png,31,20,1,4.7,0.458,17.662479400634766,0.03896436799914227,1
I31_20_03.png,/kaggle/working/MDFS/data/KADID/extracted/kadid10k/images/I31_20_03.png,I31.png,31,20,3,4.17,1.003,17.685632705688477,0.038143341000250075,1
I31_20_05.png,/kaggle/working/MDFS/data/KADID/extracted/kadid10k/images/I31_20_05.png,I31.png,31,20,5,4.27,0.772,17.644672393798828,0.03736765999929048,1
I31_21_02.png,/kaggle/working/MDFS/data/KADID/extracted/kadid10k/images/I31_21_02.png,I31.png,31,21,2,3.43,0.989,17.99198341369629,0.03606890700029908,1
I31_21_04.png,/kaggle/working/MDFS/data/KADID/extracted/kadid10k/images/I31_21_04.png,I31.png,31,21,4,3.47,0.846,18.982755661010742,0.03538550499979465,1
I31_22_01.png,/kaggle/working/MDFS/data/KADID/extracted/kadid10k/images/I31_22_01.png,I31.png,31,22,1,4.17,0.637,18.287973403930664,0.03749518800032092,1
I31_22_03.png,/kaggle/working/MDFS/data/KADID/extracted/kadid10k/images/I31_22_03.png,I31.png,31,22,3,3.3,1.005,18.359107971191406,0.03625429600015195,1
I31_22_05.png,/kaggle/working/MDFS/data/KADID/extracted/kadid10k/images/I31_22_05.png,I31.png,31,22,5,3.03,1.224,19.339555740356445,0.035794194000118296,1
I31_23_02.png,/kaggle/working/MDFS/data/KADID/extracted/kadid10k/images/I31_23_02.png,I31.png,31,23,2,2.6,0.987,17.605915069580078,0.0374512180005695,1
I31_23_04.png,/kaggle/working/MDFS/data/KADID/extracted/kadid10k/images/I31_23_04.png,I31.png,31,23,4,2.23,1.007,17.590848922729492,0.03723610599990934,1
I31_24_01.png,/kaggle/working/MDFS/data/KADID/extracted/kadid10k/images/I31_24_01.png,I31.png,31,24,1,3.77,0.761,19.21729278564453,0.038328778000504826,1
I31_24_03.png,/kaggle/working/MDFS/data/KADID/extracted/kadid10k/images/I31_24_03.png,I31.png,31,24,3,2.17,0.734,22.056957244873047,0.03804198299985728,1
I31_24_05.png,/kaggle/working/MDFS/data/KADID/extracted/kadid10k/images/I31_24_05.png,I31.png,31,24,5,1.48,0.561,26.450403213500977,0.036131976999968174,1
I31_25_02.png,/kaggle/working/MDFS/data/KADID/extracted/kadid10k/images/I31_25_02.png,I31.png,31,25,2,4.1,0.64,17.94377899169922,0.03733179699975153,1
I31_25_04.png,/kaggle/working/MDFS/data/KADID/extracted/kadid10k/images/I31_25_04.png,I31.png,31,25,4,4.3,0.781,17.75002670288086,0.03739465900071082,1
I32_01_01.png,/kaggle/working/MDFS/data/KADID/extracted/kadid10k/images/I32_01_01.png,I32.png,32,1,1,4.5,0.719,17.604839324951172,0.03547788400010177,1
I32_01_03.png,/kaggle/working/MDFS/data/KADID/extracted/kadid10k/images/I32_01_03.png,I32.png,32,1,3,2.73,0.998,21.638986587524414,0.03627232200051367,1
I32_01_05.png,/kaggle/working/MDFS/data/KADID/extracted/kadid10k/images/I32_01_05.png,I32.png,32,1,5,1.1,0.3,39.775577545166016,0.03593028700015566,1
I32_02_02.png,/kaggle/working/MDFS/data/KADID/extracted/kadid10k/images/I32_02_02.png,I32.png,32,2,2,2.37,0.795,23.157272338867188,0.03594024400081253,1
I32_02_04.png,/kaggle/working/MDFS/data/KADID/extracted/kadid10k/images/I32_02_04.png,I32.png,32,2,4,1.27,0.512,32.21446228027344,0.03451057999973273,1
I32_03_01.png,/kaggle/working/MDFS/data/KADID/extracted/kadid10k/images/I32_03_01.png,I32.png,32,3,1,4.57,0.716,17.604839324951172,0.03598372600026778,1
I32_03_03.png,/kaggle/working/MDFS/data/KADID/extracted/kadid10k/images/I32_03_03.png,I32.png,32,3,3,2.77,0.716,21.252395629882812,0.03757780799969623,1
I32_03_05.png,/kaggle/working/MDFS/data/KADID/extracted/kadid10k/images/I32_03_05.png,I32.png,32,3,5,1.6,0.554,23.36461639404297,0.036562207999850216,1
I32_04_02.png,/kaggle/working/MDFS/data/KADID/extracted/kadid10k/images/I32_04_02.png,I32.png,32,4,2,1.77,0.616,20.104299545288086,0.03663698300078977,1
I32_04_04.png,/kaggle/working/MDFS/data/KADID/extracted/kadid10k/images/I32_04_04.png,I32.png,32,4,4,1.5,0.619,21.974308013916016,0.036106648999520985,1
I32_05_01.png,/kaggle/working/MDFS/data/KADID/extracted/kadid10k/images/I32_05_01.png,I32.png,32,5,1,4.3,0.737,18.38442611694336,0.03646935500000836,1
I32_05_03.png,/kaggle/working/MDFS/data/KADID/extracted/kadid10k/images/I32_05_03.png,I32.png,32,5,3,1.73,0.68,19.34273910522461,0.03716705899933004,1
I32_05_05.png,/kaggle/working/MDFS/data/KADID/extracted/kadid10k/images/I32_05_05.png,I32.png,32,5,5,1.6,0.611,18.991722106933594,0.03710282500014728,1
I32_06_02.png,/kaggle/working/MDFS/data/KADID/extracted/kadid10k/images/I32_06_02.png,I32.png,32,6,2,3.72,0.717,19.081905364990234,0.03390176799985056,1
I32_06_04.png,/kaggle/working/MDFS/data/KADID/extracted/kadid10k/images/I32_06_04.png,I32.png,32,6,4,3.4,0.841,19.9930477142334,0.03316205999999511,1
I32_07_01.png,/kaggle/working/MDFS/data/KADID/extracted/kadid10k/images/I32_07_01.png,I32.png,32,7,1,2.2,1.013,19.004329681396484,0.03638820699961798,1
I32_07_03.png,/kaggle/working/MDFS/data/KADID/extracted/kadid10k/images/I32_07_03.png,I32.png,32,7,3,2.3,1.038,20.602264404296875,0.03590926099968783,1
I32_07_05.png,/kaggle/working/MDFS/data/KADID/extracted/kadid10k/images/I32_07_05.png,I32.png,32,7,5,1.9,1.012,19.095149993896484,0.035316434999913326,1
I32_08_02.png,/kaggle/working/MDFS/data/KADID/extracted/kadid10k/images/I32_08_02.png,I32.png,32,8,2,2.3,0.823,19.06808090209961,0.03500939399964409,1
I32_08_04.png,/kaggle/working/MDFS/data/KADID/extracted/kadid10k/images/I32_08_04.png,I32.png,32,8,4,1.6,0.917,21.442447662353516,0.035943732999839995,1
I32_09_01.png,/kaggle/working/MDFS/data/KADID/extracted/kadid10k/images/I32_09_01.png,I32.png,32,9,1,4.47,0.67,17.962188720703125,0.0372244039999714,1
I32_09_03.png,/kaggle/working/MDFS/data/KADID/extracted/kadid10k/images/I32_09_03.png,I32.png,32,9,3,3.87,0.921,20.745254516601562,0.03606532200046786,1
I32_09_05.png,/kaggle/working/MDFS/data/KADID/extracted/kadid10k/images/I32_09_05.png,I32.png,32,9,5,1.23,0.496,34.160465240478516,0.035590105999290245,1
I32_10_02.png,/kaggle/working/MDFS/data/KADID/extracted/kadid10k/images/I32_10_02.png,I32.png,32,10,2,3.97,0.752,20.432172775268555,0.0349444269995729,1
I32_10_04.png,/kaggle/working/MDFS/data/KADID/extracted/kadid10k/images/I32_10_04.png,I32.png,32,10,4,1.7,0.823,30.15033531188965,0.03457956199963519,1
I32_11_01.png,/kaggle/working/MDFS/data/KADID/extracted/kadid10k/images/I32_11_01.png,I32.png,32,11,1,3.27,0.892,21.76378059387207,0.03540233300009277,1
I32_11_03.png,/kaggle/working/MDFS/data/KADID/extracted/kadid10k/images/I32_11_03.png,I32.png,32,11,3,2.5,0.885,27.482925415039062,0.03621127999940654,1
I32_11_05.png,/kaggle/working/MDFS/data/KADID/extracted/kadid10k/images/I32_11_05.png,I32.png,32,11,5,1.9,0.597,35.38295364379883,0.03505332700024155,1
I32_12_02.png,/kaggle/working/MDFS/data/KADID/extracted/kadid10k/images/I32_12_02.png,I32.png,32,12,2,3.03,0.836,23.15568733215332,0.036778165999749035,1
I32_12_04.png,/kaggle/working/MDFS/data/KADID/extracted/kadid10k/images/I32_12_04.png,I32.png,32,12,4,2.2,0.6,30.869426727294922,0.0365355730000374,1
I32_13_01.png,/kaggle/working/MDFS/data/KADID/extracted/kadid10k/images/I32_13_01.png,I32.png,32,13,1,2.9,0.831,19.438173294067383,0.03585970699987229,1
I32_13_03.png,/kaggle/working/MDFS/data/KADID/extracted/kadid10k/images/I32_13_03.png,I32.png,32,13,3,2.5,0.847,23.3404598236084,0.03404508400035411,1
I32_13_05.png,/kaggle/working/MDFS/data/KADID/extracted/kadid10k/images/I32_13_05.png,I32.png,32,13,5,2.0,0.632,28.31160545349121,0.035593149999840534,1
I32_14_02.png,/kaggle/working/MDFS/data/KADID/extracted/kadid10k/images/I32_14_02.png,I32.png,32,14,2,2.43,0.955,25.245195388793945,0.036274036000577325,1
I32_14_04.png,/kaggle/working/MDFS/data/KADID/extracted/kadid10k/images/I32_14_04.png,I32.png,32,14,4,2.0,0.775,33.54585647583008,0.035076111999842396,1
I32_15_01.png,/kaggle/working/MDFS/data/KADID/extracted/kadid10k/images/I32_15_01.png,I32.png,32,15,1,2.6,1.02,24.025997161865234,0.03694322800038208,1
I32_15_03.png,/kaggle/working/MDFS/data/KADID/extracted/kadid10k/images/I32_15_03.png,I32.png,32,15,3,1.39,0.487,25.92794418334961,0.03625384200040571,1
I32_15_05.png,/kaggle/working/MDFS/data/KADID/extracted/kadid10k/images/I32_15_05.png,I32.png,32,15,5,1.3,0.458,29.113235473632812,0.036538408000524214,1
I32_16_02.png,/kaggle/working/MDFS/data/KADID/extracted/kadid10k/images/I32_16_02.png,I32.png,32,16,2,3.57,0.667,17.839542388916016,0.03647395400003006,1
I32_16_04.png,/kaggle/working/MDFS/data/KADID/extracted/kadid10k/images/I32_16_04.png,I32.png,32,16,4,1.8,0.748,22.546112060546875,0.0352811640004802,1
I32_17_01.png,/kaggle/working/MDFS/data/KADID/extracted/kadid10k/images/I32_17_01.png,I32.png,32,17,1,4.6,0.712,17.60038948059082,0.03517792599996028,1
I32_17_03.png,/kaggle/working/MDFS/data/KADID/extracted/kadid10k/images/I32_17_03.png,I32.png,32,17,3,4.07,0.772,17.55025863647461,0.03607747400019434,1
I32_17_05.png,/kaggle/working/MDFS/data/KADID/extracted/kadid10k/images/I32_17_05.png,I32.png,32,17,5,2.57,0.92,18.81197166442871,0.03643167600057495,1
I32_18_02.png,/kaggle/working/MDFS/data/KADID/extracted/kadid10k/images/I32_18_02.png,I32.png,32,18,2,4.3,0.823,17.644468307495117,0.03621142499923735,1
I32_18_04.png,/kaggle/working/MDFS/data/KADID/extracted/kadid10k/images/I32_18_04.png,I32.png,32,18,4,4.07,0.727,17.604677200317383,0.035533350000150676,1
I32_19_01.png,/kaggle/working/MDFS/data/KADID/extracted/kadid10k/images/I32_19_01.png,I32.png,32,19,1,4.57,0.616,17.6014404296875,0.035247806000370474,1
I32_19_03.png,/kaggle/working/MDFS/data/KADID/extracted/kadid10k/images/I32_19_03.png,I32.png,32,19,3,3.4,0.757,18.303104400634766,0.0373412279996046,1
I32_19_05.png,/kaggle/working/MDFS/data/KADID/extracted/kadid10k/images/I32_19_05.png,I32.png,32,19,5,1.32,0.532,23.029338836669922,0.0382537229997979,1
I32_20_02.png,/kaggle/working/MDFS/data/KADID/extracted/kadid10k/images/I32_20_02.png,I32.png,32,20,2,3.87,1.024,17.654478073120117,0.03694240500044543,1
I32_20_04.png,/kaggle/working/MDFS/data/KADID/extracted/kadid10k/images/I32_20_04.png,I32.png,32,20,4,2.33,0.978,17.63210678100586,0.03616534899992985,1
I32_21_01.png,/kaggle/working/MDFS/data/KADID/extracted/kadid10k/images/I32_21_01.png,I32.png,32,21,1,3.37,1.11,18.004549026489258,0.03550159800033725,1
I32_21_03.png,/kaggle/working/MDFS/data/KADID/extracted/kadid10k/images/I32_21_03.png,I32.png,32,21,3,3.03,1.048,18.398698806762695,0.035490600999764865,1
I32_21_05.png,/kaggle/working/MDFS/data/KADID/extracted/kadid10k/images/I32_21_05.png,I32.png,32,21,5,1.4,0.712,26.653491973876953,0.053717495999990206,1
I32_22_02.png,/kaggle/working/MDFS/data/KADID/extracted/kadid10k/images/I32_22_02.png,I32.png,32,22,2,4.13,0.763,18.495574951171875,0.05945592199987004,1
I32_22_04.png,/kaggle/working/MDFS/data/KADID/extracted/kadid10k/images/I32_22_04.png,I32.png,32,22,4,2.97,0.948,19.201799392700195,0.032685991000107606,1
I32_23_01.png,/kaggle/working/MDFS/data/KADID/extracted/kadid10k/images/I32_23_01.png,I32.png,32,23,1,2.53,0.806,17.64729118347168,0.036639904000367096,1
I32_23_03.png,/kaggle/working/MDFS/data/KADID/extracted/kadid10k/images/I32_23_03.png,I32.png,32,23,3,1.83,0.734,17.77084732055664,0.0384055869999429,1
I32_23_05.png,/kaggle/working/MDFS/data/KADID/extracted/kadid10k/images/I32_23_05.png,I32.png,32,23,5,1.7,0.69,17.97554588317871,0.03711692399974709,1
I32_24_02.png,/kaggle/working/MDFS/data/KADID/extracted/kadid10k/images/I32_24_02.png,I32.png,32,24,2,2.9,1.012,19.969505310058594,0.036548975000187056,1
I32_24_04.png,/kaggle/working/MDFS/data/KADID/extracted/kadid10k/images/I32_24_04.png,I32.png,32,24,4,1.6,0.554,23.933244705200195,0.03697265700066055,1
I32_25_01.png,/kaggle/working/MDFS/data/KADID/extracted/kadid10k/images/I32_25_01.png,I32.png,32,25,1,3.23,0.844,18.36163902282715,0.03621147100056987,1
I32_25_03.png,/kaggle/working/MDFS/data/KADID/extracted/kadid10k/images/I32_25_03.png,I32.png,32,25,3,3.84,0.667,17.75508689880371,0.03704733100039448,1
I32_25_05.png,/kaggle/working/MDFS/data/KADID/extracted/kadid10k/images/I32_25_05.png,I32.png,32,25,5,2.27,0.854,18.864089965820312,0.03779249000035634,1
I33_01_02.png,/kaggle/working/MDFS/data/KADID/extracted/kadid10k/images/I33_01_02.png,I33.png,33,1,2,3.9,0.831,16.74384117126465,0.040241787000013574,1
I33_01_04.png,/kaggle/working/MDFS/data/KADID/extracted/kadid10k/images/I33_01_04.png,I33.png,33,1,4,1.57,0.667,29.251375198364258,0.038381062000553356,1
I33_02_01.png,/kaggle/working/MDFS/data/KADID/extracted/kadid10k/images/I33_02_01.png,I33.png,33,2,1,3.4,0.757,17.871118545532227,0.03944115400008741,1
I33_02_03.png,/kaggle/working/MDFS/data/KADID/extracted/kadid10k/images/I33_02_03.png,I33.png,33,2,3,1.47,0.558,25.191404342651367,0.03782865900029719,1
I33_02_05.png,/kaggle/working/MDFS/data/KADID/extracted/kadid10k/images/I33_02_05.png,I33.png,33,2,5,1.17,0.373,30.106456756591797,0.03661225399991963,1
I33_03_02.png,/kaggle/working/MDFS/data/KADID/extracted/kadid10k/images/I33_03_02.png,I33.png,33,3,2,3.7,0.862,17.804317474365234,0.038240379999479046,1
I33_03_04.png,/kaggle/working/MDFS/data/KADID/extracted/kadid10k/images/I33_03_04.png,I33.png,33,3,4,1.97,0.605,20.901906967163086,0.0378600739995818,1
I33_04_01.png,/kaggle/working/MDFS/data/KADID/extracted/kadid10k/images/I33_04_01.png,I33.png,33,4,1,4.57,0.496,17.835744857788086,0.038413745000070776,1
I33_04_03.png,/kaggle/working/MDFS/data/KADID/extracted/kadid10k/images/I33_04_03.png,I33.png,33,4,3,1.8,0.748,20.146432876586914,0.036265875000026426,1
I33_04_05.png,/kaggle/working/MDFS/data/KADID/extracted/kadid10k/images/I33_04_05.png,I33.png,33,4,5,1.4,0.554,21.888919830322266,0.036554473000251164,1
I33_05_02.png,/kaggle/working/MDFS/data/KADID/extracted/kadid10k/images/I33_05_02.png,I33.png,33,5,2,2.0,0.816,20.483306884765625,0.038460099999610975,1
I33_05_04.png,/kaggle/working/MDFS/data/KADID/extracted/kadid10k/images/I33_05_04.png,I33.png,33,5,4,1.33,0.471,19.617158889770508,0.03843581900036952,1
I33_06_01.png,/kaggle/working/MDFS/data/KADID/extracted/kadid10k/images/I33_06_01.png,I33.png,33,6,1,4.1,0.7,17.766098022460938,0.033761031999347324,1
I33_06_03.png,/kaggle/working/MDFS/data/KADID/extracted/kadid10k/images/I33_06_03.png,I33.png,33,6,3,3.97,0.657,18.464656829833984,0.03398130799996579,1
I33_06_05.png,/kaggle/working/MDFS/data/KADID/extracted/kadid10k/images/I33_06_05.png,I33.png,33,6,5,2.83,0.898,20.483665466308594,0.034918346000267775,1
I33_07_02.png,/kaggle/working/MDFS/data/KADID/extracted/kadid10k/images/I33_07_02.png,I33.png,33,7,2,2.4,1.052,18.369609832763672,0.037411260999761,1
I33_07_04.png,/kaggle/working/MDFS/data/KADID/extracted/kadid10k/images/I33_07_04.png,I33.png,33,7,4,2.27,1.031,22.458038330078125,0.03552551999928255,1
I33_08_01.png,/kaggle/working/MDFS/data/KADID/extracted/kadid10k/images/I33_08_01.png,I33.png,33,8,1,4.43,0.803,17.309242248535156,0.03765383500012831,1
I33_08_03.png,/kaggle/working/MDFS/data/KADID/extracted/kadid10k/images/I33_08_03.png,I33.png,33,8,3,2.23,0.844,19.17059326171875,0.036699636999401264,1
I33_08_05.png,/kaggle/working/MDFS/data/KADID/extracted/kadid10k/images/I33_08_05.png,I33.png,33,8,5,1.47,0.718,23.213727951049805,0.03696061099981307,1
I33_09_02.png,/kaggle/working/MDFS/data/KADID/extracted/kadid10k/images/I33_09_02.png,I33.png,33,9,2,3.97,0.836,19.10785675048828,0.037070593999487755,1
I33_09_04.png,/kaggle/working/MDFS/data/KADID/extracted/kadid10k/images/I33_09_04.png,I33.png,33,9,4,1.83,0.687,26.50354766845703,0.035932869000134815,1
I33_10_01.png,/kaggle/working/MDFS/data/KADID/extracted/kadid10k/images/I33_10_01.png,I33.png,33,10,1,3.9,0.943,18.665897369384766,0.034180267000010645,1
I33_10_03.png,/kaggle/working/MDFS/data/KADID/extracted/kadid10k/images/I33_10_03.png,I33.png,33,10,3,3.6,0.757,21.05264663696289,0.0356413089994021,1
I33_10_05.png,/kaggle/working/MDFS/data/KADID/extracted/kadid10k/images/I33_10_05.png,I33.png,33,10,5,1.3,0.458,29.65166473388672,0.03606964099981269,1
I33_11_02.png,/kaggle/working/MDFS/data/KADID/extracted/kadid10k/images/I33_11_02.png,I33.png,33,11,2,2.77,0.803,18.641361236572266,0.03623436199995922,1
I33_11_04.png,/kaggle/working/MDFS/data/KADID/extracted/kadid10k/images/I33_11_04.png,I33.png,33,11,4,2.27,0.772,21.236658096313477,0.03623828399940976,1
I33_12_01.png,/kaggle/working/MDFS/data/KADID/extracted/kadid10k/images/I33_12_01.png,I33.png,33,12,1,3.83,0.969,17.540376663208008,0.036762190000445116,1
I33_12_03.png,/kaggle/working/MDFS/data/KADID/extracted/kadid10k/images/I33_12_03.png,I33.png,33,12,3,2.77,0.716,19.232454299926758,0.0377459169994836,1
I33_12_05.png,/kaggle/working/MDFS/data/KADID/extracted/kadid10k/images/I33_12_05.png,I33.png,33,12,5,1.93,0.573,22.499971389770508,0.03867285999967862,1
I33_13_02.png,/kaggle/working/MDFS/data/KADID/extracted/kadid10k/images/I33_13_02.png,I33.png,33,13,2,2.87,0.806,18.40611457824707,0.038521883999237616,1
I33_13_04.png,/kaggle/working/MDFS/data/KADID/extracted/kadid10k/images/I33_13_04.png,I33.png,33,13,4,2.33,0.789,21.334735870361328,0.0373545219999869,1
I33_14_01.png,/kaggle/working/MDFS/data/KADID/extracted/kadid10k/images/I33_14_01.png,I33.png,33,14,1,3.77,0.92,17.52654266357422,0.03719095799988281,1
I33_14_03.png,/kaggle/working/MDFS/data/KADID/extracted/kadid10k/images/I33_14_03.png,I33.png,33,14,3,2.07,0.727,20.2186279296875,0.03617327399933856,1
I33_14_05.png,/kaggle/working/MDFS/data/KADID/extracted/kadid10k/images/I33_14_05.png,I33.png,33,14,5,1.7,0.781,23.672740936279297,0.03559703199971409,1
I33_15_02.png,/kaggle/working/MDFS/data/KADID/extracted/kadid10k/images/I33_15_02.png,I33.png,33,15,2,2.23,0.803,19.971851348876953,0.0376226089992997,1
I33_15_04.png,/kaggle/working/MDFS/data/KADID/extracted/kadid10k/images/I33_15_04.png,I33.png,33,15,4,1.3,0.526,23.46126365661621,0.03747486900010699,1
I33_16_01.png,/kaggle/working/MDFS/data/KADID/extracted/kadid10k/images/I33_16_01.png,I33.png,33,16,1,4.4,0.663,17.31194496154785,0.03821921199960343,1
I33_16_03.png,/kaggle/working/MDFS/data/KADID/extracted/kadid10k/images/I33_16_03.png,I33.png,33,16,3,3.17,0.898,18.142038345336914,0.038487124999846856,1
I33_16_05.png,/kaggle/working/MDFS/data/KADID/extracted/kadid10k/images/I33_16_05.png,I33.png,33,16,5,1.4,0.611,24.518815994262695,0.034556740999505564,1
I33_17_02.png,/kaggle/working/MDFS/data/KADID/extracted/kadid10k/images/I33_17_02.png,I33.png,33,17,2,4.43,0.616,17.329957962036133,0.037562015999355935,1
I33_17_04.png,/kaggle/working/MDFS/data/KADID/extracted/kadid10k/images/I33_17_04.png,I33.png,33,17,4,3.77,0.667,17.46491241455078,0.03781735300071887,1
I33_18_01.png,/kaggle/working/MDFS/data/KADID/extracted/kadid10k/images/I33_18_01.png,I33.png,33,18,1,3.7,0.823,18.480993270874023,0.0376674830004049,1
I33_18_03.png,/kaggle/working/MDFS/data/KADID/extracted/kadid10k/images/I33_18_03.png,I33.png,33,18,3,4.6,0.554,17.309242248535156,0.03905491100067593,1
I33_18_05.png,/kaggle/working/MDFS/data/KADID/extracted/kadid10k/images/I33_18_05.png,I33.png,33,18,5,4.03,0.657,17.854888916015625,0.03918816900022648,1
I33_19_02.png,/kaggle/working/MDFS/data/KADID/extracted/kadid10k/images/I33_19_02.png,I33.png,33,19,2,3.9,0.907,16.84381866455078,0.038292682000246714,1
I33_19_04.png,/kaggle/working/MDFS/data/KADID/extracted/kadid10k/images/I33_19_04.png,I33.png,33,19,4,1.43,0.559,17.932331085205078,0.0368493550004132,1
I33_20_01.png,/kaggle/working/MDFS/data/KADID/extracted/kadid10k/images/I33_20_01.png,I33.png,33,20,1,4.37,0.547,17.282649993896484,0.03815683500033629,1
I33_20_03.png,/kaggle/working/MDFS/data/KADID/extracted/kadid10k/images/I33_20_03.png,I33.png,33,20,3,2.6,1.114,17.358369827270508,0.03743662299984862,1
I33_20_05.png,/kaggle/working/MDFS/data/KADID/extracted/kadid10k/images/I33_20_05.png,I33.png,33,20,5,3.67,1.106,17.288543701171875,0.03684310900007404,1
I33_21_02.png,/kaggle/working/MDFS/data/KADID/extracted/kadid10k/images/I33_21_02.png,I33.png,33,21,2,3.27,0.998,17.090730667114258,0.037226964000183216,1
I33_21_04.png,/kaggle/working/MDFS/data/KADID/extracted/kadid10k/images/I33_21_04.png,I33.png,33,21,4,2.6,1.052,17.955026626586914,0.036754499999915424,1
I33_22_01.png,/kaggle/working/MDFS/data/KADID/extracted/kadid10k/images/I33_22_01.png,I33.png,33,22,1,3.73,1.031,17.726369857788086,0.03609913200034498,1
I33_22_03.png,/kaggle/working/MDFS/data/KADID/extracted/kadid10k/images/I33_22_03.png,I33.png,33,22,3,2.87,0.991,17.866662979125977,0.03518368000004557,1
I33_22_05.png,/kaggle/working/MDFS/data/KADID/extracted/kadid10k/images/I33_22_05.png,I33.png,33,22,5,1.9,0.746,18.958742141723633,0.03459757900054683,1
I33_23_02.png,/kaggle/working/MDFS/data/KADID/extracted/kadid10k/images/I33_23_02.png,I33.png,33,23,2,2.2,0.792,17.18391990661621,0.039171338000414835,1
I33_23_04.png,/kaggle/working/MDFS/data/KADID/extracted/kadid10k/images/I33_23_04.png,I33.png,33,23,4,1.93,0.892,17.338438034057617,0.039101217000279576,1
I33_24_01.png,/kaggle/working/MDFS/data/KADID/extracted/kadid10k/images/I33_24_01.png,I33.png,33,24,1,2.6,0.917,19.996301651000977,0.039124601000366965,1
I33_24_03.png,/kaggle/working/MDFS/data/KADID/extracted/kadid10k/images/I33_24_03.png,I33.png,33,24,3,1.7,0.69,23.091886520385742,0.03797643500001868,1
I33_24_05.png,/kaggle/working/MDFS/data/KADID/extracted/kadid10k/images/I33_24_05.png,I33.png,33,24,5,1.17,0.373,28.611595153808594,0.03695732899996074,1
I33_25_02.png,/kaggle/working/MDFS/data/KADID/extracted/kadid10k/images/I33_25_02.png,I33.png,33,25,2,4.0,0.816,18.168725967407227,0.037091419000716996,1
I33_25_04.png,/kaggle/working/MDFS/data/KADID/extracted/kadid10k/images/I33_25_04.png,I33.png,33,25,4,4.23,0.761,17.23302459716797,0.03703304400005436,1
I34_01_01.png,/kaggle/working/MDFS/data/KADID/extracted/kadid10k/images/I34_01_01.png,I34.png,34,1,1,4.6,0.554,16.716270446777344,0.036109663999923214,1
I34_01_03.png,/kaggle/working/MDFS/data/KADID/extracted/kadid10k/images/I34_01_03.png,I34.png,34,1,3,2.97,0.706,20.199081420898438,0.03852103499957593,1
I34_01_05.png,/kaggle/working/MDFS/data/KADID/extracted/kadid10k/images/I34_01_05.png,I34.png,34,1,5,1.3,0.458,38.784481048583984,0.03817868999976781,1
I34_02_02.png,/kaggle/working/MDFS/data/KADID/extracted/kadid10k/images/I34_02_02.png,I34.png,34,2,2,2.67,0.789,21.983409881591797,0.037999203000254056,1
I34_02_04.png,/kaggle/working/MDFS/data/KADID/extracted/kadid10k/images/I34_02_04.png,I34.png,34,2,4,1.37,0.482,30.14293670654297,0.036966442999982974,1
I34_03_01.png,/kaggle/working/MDFS/data/KADID/extracted/kadid10k/images/I34_03_01.png,I34.png,34,3,1,4.43,0.496,16.716270446777344,0.03587362700000085,1
I34_03_03.png,/kaggle/working/MDFS/data/KADID/extracted/kadid10k/images/I34_03_03.png,I34.png,34,3,3,2.9,0.87,20.96683120727539,0.037088322000272456,1
I34_03_05.png,/kaggle/working/MDFS/data/KADID/extracted/kadid10k/images/I34_03_05.png,I34.png,34,3,5,1.7,0.64,23.46029281616211,0.03805151200049295,1
I34_04_02.png,/kaggle/working/MDFS/data/KADID/extracted/kadid10k/images/I34_04_02.png,I34.png,34,4,2,2.57,0.955,18.91266441345215,0.03740796800047974,1
I34_04_04.png,/kaggle/working/MDFS/data/KADID/extracted/kadid10k/images/I34_04_04.png,I34.png,34,4,4,2.17,1.098,20.129993438720703,0.037284424000063154,1
I34_05_01.png,/kaggle/working/MDFS/data/KADID/extracted/kadid10k/images/I34_05_01.png,I34.png,34,5,1,4.1,0.746,17.84756088256836,0.03652832599982503,1
I34_05_03.png,/kaggle/working/MDFS/data/KADID/extracted/kadid10k/images/I34_05_03.png,I34.png,34,5,3,1.67,0.596,18.4200382232666,0.0364323419998982,1
I34_05_05.png,/kaggle/working/MDFS/data/KADID/extracted/kadid10k/images/I34_05_05.png,I34.png,34,5,5,1.4,0.49,17.793498992919922,0.036064253999938956,1
I34_06_02.png,/kaggle/working/MDFS/data/KADID/extracted/kadid10k/images/I34_06_02.png,I34.png,34,6,2,4.0,1.0,18.428613662719727,0.03497647100084578,1
I34_06_04.png,/kaggle/working/MDFS/data/KADID/extracted/kadid10k/images/I34_06_04.png,I34.png,34,6,4,3.87,0.884,19.299657821655273,0.03616859200064937,1
I34_07_01.png,/kaggle/working/MDFS/data/KADID/extracted/kadid10k/images/I34_07_01.png,I34.png,34,7,1,2.87,1.204,17.66263771057129,0.03740015699986543,1
I34_07_03.png,/kaggle/working/MDFS/data/KADID/extracted/kadid10k/images/I34_07_03.png,I34.png,34,7,3,2.23,0.989,19.16382598876953,0.03611964500032627,1
I34_07_05.png,/kaggle/working/MDFS/data/KADID/extracted/kadid10k/images/I34_07_05.png,I34.png,34,7,5,2.81,1.029,18.455413818359375,0.03574875999947835,1
I34_08_02.png,/kaggle/working/MDFS/data/KADID/extracted/kadid10k/images/I34_08_02.png,I34.png,34,8,2,3.03,0.983,17.74213981628418,0.03687530400020478,1
I34_08_04.png,/kaggle/working/MDFS/data/KADID/extracted/kadid10k/images/I34_08_04.png,I34.png,34,8,4,1.8,0.748,20.20893096923828,0.03815697700065357,1
I34_09_01.png,/kaggle/working/MDFS/data/KADID/extracted/kadid10k/images/I34_09_01.png,I34.png,34,9,1,4.6,0.663,17.412912368774414,0.03799545899983059,1
I34_09_03.png,/kaggle/working/MDFS/data/KADID/extracted/kadid10k/images/I34_09_03.png,I34.png,34,9,3,3.9,0.907,21.24970817565918,0.03844729499996902,1
I34_09_05.png,/kaggle/working/MDFS/data/KADID/extracted/kadid10k/images/I34_09_05.png,I34.png,34,9,5,1.2,0.4,33.74094772338867,0.03691425800025172,1
I34_10_02.png,/kaggle/working/MDFS/data/KADID/extracted/kadid10k/images/I34_10_02.png,I34.png,34,10,2,4.5,0.671,19.059438705444336,0.03706697300003725,1
I34_10_04.png,/kaggle/working/MDFS/data/KADID/extracted/kadid10k/images/I34_10_04.png,I34.png,34,10,4,1.53,0.763,29.14603042602539,0.03505766400030552,1
I34_11_01.png,/kaggle/working/MDFS/data/KADID/extracted/kadid10k/images/I34_11_01.png,I34.png,34,11,1,4.07,0.68,18.7471923828125,0.037567736999335466,1
I34_11_03.png,/kaggle/working/MDFS/data/KADID/extracted/kadid10k/images/I34_11_03.png,I34.png,34,11,3,3.23,0.844,21.802806854248047,0.037386267999863776,1
I34_11_05.png,/kaggle/working/MDFS/data/KADID/extracted/kadid10k/images/I34_11_05.png,I34.png,34,11,5,2.0,0.577,26.916412353515625,0.036830744000326376,1
I34_12_02.png,/kaggle/working/MDFS/data/KADID/extracted/kadid10k/images/I34_12_02.png,I34.png,34,12,2,3.83,0.637,19.210371017456055,0.03651661000003514,1
I34_12_04.png,/kaggle/working/MDFS/data/KADID/extracted/kadid10k/images/I34_12_04.png,I34.png,34,12,4,2.8,0.702,23.5587158203125,0.036881492999782495,1
I34_13_01.png,/kaggle/working/MDFS/data/KADID/extracted/kadid10k/images/I34_13_01.png,I34.png,34,13,1,3.5,0.847,17.079694747924805,0.03701075800017861,1
I34_13_03.png,/kaggle/working/MDFS/data/KADID/extracted/kadid10k/images/I34_13_03.png,I34.png,34,13,3,2.63,0.857,18.83238410949707,0.03754885499984084,1
I34_13_05.png,/kaggle/working/MDFS/data/KADID/extracted/kadid10k/images/I34_13_05.png,I34.png,34,13,5,2.16,0.766,23.918750762939453,0.037692115000027115,1
I34_14_02.png,/kaggle/working/MDFS/data/KADID/extracted/kadid10k/images/I34_14_02.png,I34.png,34,14,2,3.27,0.68,19.67608070373535,0.036802221000471036,1
I34_14_04.png,/kaggle/working/MDFS/data/KADID/extracted/kadid10k/images/I34_14_04.png,I34.png,34,14,4,2.63,0.836,22.33524513244629,0.03699596200021915,1
I34_15_01.png,/kaggle/working/MDFS/data/KADID/extracted/kadid10k/images/I34_15_01.png,I34.png,34,15,1,3.13,0.846,20.625913619995117,0.03919995499927609,1
I34_15_03.png,/kaggle/working/MDFS/data/KADID/extracted/kadid10k/images/I34_15_03.png,I34.png,34,15,3,1.87,0.618,23.792285919189453,0.036882977000459505,1
I34_15_05.png,/kaggle/working/MDFS/data/KADID/extracted/kadid10k/images/I34_15_05.png,I34.png,34,15,5,1.4,0.49,26.731204986572266,0.036334919999717386,1
I34_16_02.png,/kaggle/working/MDFS/data/KADID/extracted/kadid10k/images/I34_16_02.png,I34.png,34,16,2,4.2,0.476,16.81065559387207,0.03883887299980415,1
I34_16_04.png,/kaggle/working/MDFS/data/KADID/extracted/kadid10k/images/I34_16_04.png,I34.png,34,16,4,2.13,0.846,18.384193420410156,0.03849151600024925,1
I34_17_01.png,/kaggle/working/MDFS/data/KADID/extracted/kadid10k/images/I34_17_01.png,I34.png,34,17,1,4.63,0.482,16.676727294921875,0.0377036700001554,1
I34_17_03.png,/kaggle/working/MDFS/data/KADID/extracted/kadid10k/images/I34_17_03.png,I34.png,34,17,3,3.8,0.909,16.65686798095703,0.037614898000356334,1
I34_17_05.png,/kaggle/working/MDFS/data/KADID/extracted/kadid10k/images/I34_17_05.png,I34.png,34,17,5,2.0,0.931,17.863788604736328,0.03737058600017917,1
I34_18_02.png,/kaggle/working/MDFS/data/KADID/extracted/kadid10k/images/I34_18_02.png,I34.png,34,18,2,4.63,0.482,16.87489128112793,0.0368820739995499,1
I34_18_04.png,/kaggle/working/MDFS/data/KADID/extracted/kadid10k/images/I34_18_04.png,I34.png,34,18,4,4.33,0.789,16.75343894958496,0.03651954100041621,1
I34_19_01.png,/kaggle/working/MDFS/data/KADID/extracted/kadid10k/images/I34_19_01.png,I34.png,34,19,1,4.4,0.554,16.63024139404297,0.03737677299977804,1
I34_19_03.png,/kaggle/working/MDFS/data/KADID/extracted/kadid10k/images/I34_19_03.png,I34.png,34,19,3,3.65,0.698,16.820337295532227,0.03832126399993285,1
I34_19_05.png,/kaggle/working/MDFS/data/KADID/extracted/kadid10k/images/I34_19_05.png,I34.png,34,19,5,1.37,0.482,21.481752395629883,0.037929842000266945,1
I34_20_02.png,/kaggle/working/MDFS/data/KADID/extracted/kadid10k/images/I34_20_02.png,I34.png,34,20,2,3.93,1.209,16.71045684814453,0.038035440999919956,1
I34_20_04.png,/kaggle/working/MDFS/data/KADID/extracted/kadid10k/images/I34_20_04.png,I34.png,34,20,4,3.4,1.143,16.65993881225586,0.03754719700009446,1
I34_21_01.png,/kaggle/working/MDFS/data/KADID/extracted/kadid10k/images/I34_21_01.png,I34.png,34,21,1,4.17,0.86,16.80666732788086,0.03694627599998057,1
I34_21_03.png,/kaggle/working/MDFS/data/KADID/extracted/kadid10k/images/I34_21_03.png,I34.png,34,21,3,2.83,0.86,17.540752410888672,0.036223204999259906,1
I34_21_05.png,/kaggle/working/MDFS/data/KADID/extracted/kadid10k/images/I34_21_05.png,I34.png,34,21,5,1.5,0.563,27.612106323242188,0.034370852000392915,1
I34_22_02.png,/kaggle/working/MDFS/data/KADID/extracted/kadid10k/images/I34_22_02.png,I34.png,34,22,2,4.47,0.67,16.907203674316406,0.03791131399975711,1
I34_22_04.png,/kaggle/working/MDFS/data/KADID/extracted/kadid10k/images/I34_22_04.png,I34.png,34,22,4,3.43,1.023,17.615924835205078,0.0363895139998931,1
I34_23_01.png,/kaggle/working/MDFS/data/KADID/extracted/kadid10k/images/I34_23_01.png,I34.png,34,23,1,2.3,0.823,16.685894012451172,0.03798071799974423,1
I34_23_03.png,/kaggle/working/MDFS/data/KADID/extracted/kadid10k/images/I34_23_03.png,I34.png,34,23,3,2.37,0.875,16.795989990234375,0.03851725200001965,1
I34_23_05.png,/kaggle/working/MDFS/data/KADID/extracted/kadid10k/images/I34_23_05.png,I34.png,34,23,5,1.63,0.657,16.796186447143555,0.03768362899972999,1
I34_24_02.png,/kaggle/working/MDFS/data/KADID/extracted/kadid10k/images/I34_24_02.png,I34.png,34,24,2,2.83,0.778,20.12167739868164,0.038448600999799964,1
I34_24_04.png,/kaggle/working/MDFS/data/KADID/extracted/kadid10k/images/I34_24_04.png,I34.png,34,24,4,1.6,0.611,24.72831916809082,0.03884966799978429,1
I34_25_01.png,/kaggle/working/MDFS/data/KADID/extracted/kadid10k/images/I34_25_01.png,I34.png,34,25,1,3.03,0.912,17.60982322692871,0.03874595599972963,1
I34_25_03.png,/kaggle/working/MDFS/data/KADID/extracted/kadid10k/images/I34_25_03.png,I34.png,34,25,3,4.27,0.512,16.81564712524414,0.03912911800034635,1
I34_25_05.png,/kaggle/working/MDFS/data/KADID/extracted/kadid10k/images/I34_25_05.png,I34.png,34,25,5,2.63,0.706,17.11865997314453,0.04000369699951989,1
I35_01_02.png,/kaggle/working/MDFS/data/KADID/extracted/kadid10k/images/I35_01_02.png,I35.png,35,1,2,4.5,0.671,17.313392639160156,0.03990468600022723,1
I35_01_04.png,/kaggle/working/MDFS/data/KADID/extracted/kadid10k/images/I35_01_04.png,I35.png,35,1,4,1.97,0.657,28.205646514892578,0.03860674299994571,1
I35_02_01.png,/kaggle/working/MDFS/data/KADID/extracted/kadid10k/images/I35_02_01.png,I35.png,35,2,1,4.33,0.65,18.40679359436035,0.03882120300022507,1
I35_02_03.png,/kaggle/working/MDFS/data/KADID/extracted/kadid10k/images/I35_02_03.png,I35.png,35,2,3,1.9,0.7,24.451492309570312,0.03772362699965015,1
I35_02_05.png,/kaggle/working/MDFS/data/KADID/extracted/kadid10k/images/I35_02_05.png,I35.png,35,2,5,1.5,0.5,28.538726806640625,0.03772660300001007,1
I35_03_02.png,/kaggle/working/MDFS/data/KADID/extracted/kadid10k/images/I35_03_02.png,I35.png,35,3,2,4.53,0.499,18.60157585144043,0.038661186000354064,1
I35_03_04.png,/kaggle/working/MDFS/data/KADID/extracted/kadid10k/images/I35_03_04.png,I35.png,35,3,4,2.47,0.618,21.02581024169922,0.03817828899991582,1
I35_04_01.png,/kaggle/working/MDFS/data/KADID/extracted/kadid10k/images/I35_04_01.png,I35.png,35,4,1,4.63,0.547,17.375869750976562,0.03791574199931347,1
I35_04_03.png,/kaggle/working/MDFS/data/KADID/extracted/kadid10k/images/I35_04_03.png,I35.png,35,4,3,1.8,0.702,19.984355926513672,0.038498651999361755,1
I35_04_05.png,/kaggle/working/MDFS/data/KADID/extracted/kadid10k/images/I35_04_05.png,I35.png,35,4,5,1.77,0.803,22.31767463684082,0.03795274900039658,1
I35_05_02.png,/kaggle/working/MDFS/data/KADID/extracted/kadid10k/images/I35_05_02.png,I35.png,35,5,2,3.4,0.952,18.010408401489258,0.0396202939991781,1
I35_05_04.png,/kaggle/working/MDFS/data/KADID/extracted/kadid10k/images/I35_05_04.png,I35.png,35,5,4,2.63,1.11,17.6784610748291,0.03953269600060594,1
I35_06_01.png,/kaggle/working/MDFS/data/KADID/extracted/kadid10k/images/I35_06_01.png,I35.png,35,6,1,4.17,0.898,19.914657592773438,0.03661193199968693,1
I35_06_03.png,/kaggle/working/MDFS/data/KADID/extracted/kadid10k/images/I35_06_03.png,I35.png,35,6,3,3.47,0.846,20.850872039794922,0.03553463399930479,1
I35_06_05.png,/kaggle/working/MDFS/data/KADID/extracted/kadid10k/images/I35_06_05.png,I35.png,35,6,5,2.7,0.936,22.770999908447266,0.03334975300003862,1
I35_07_02.png,/kaggle/working/MDFS/data/KADID/extracted/kadid10k/images/I35_07_02.png,I35.png,35,7,2,2.27,0.929,18.781936645507812,0.038375852999706694,1
I35_07_04.png,/kaggle/working/MDFS/data/KADID/extracted/kadid10k/images/I35_07_04.png,I35.png,35,7,4,2.43,1.202,21.806907653808594,0.03769183000076737,1
I35_08_01.png,/kaggle/working/MDFS/data/KADID/extracted/kadid10k/images/I35_08_01.png,I35.png,35,8,1,4.5,0.563,17.44312286376953,0.0393532280004365,1
I35_08_03.png,/kaggle/working/MDFS/data/KADID/extracted/kadid10k/images/I35_08_03.png,I35.png,35,8,3,2.87,0.884,18.926715850830078,0.040094705000228714,1
I35_08_05.png,/kaggle/working/MDFS/data/KADID/extracted/kadid10k/images/I35_08_05.png,I35.png,35,8,5,1.47,0.618,23.89039421081543,0.03843367300032696,1
I35_09_02.png,/kaggle/working/MDFS/data/KADID/extracted/kadid10k/images/I35_09_02.png,I35.png,35,9,2,4.73,0.442,20.061973571777344,0.038073866000559065,1
I35_09_04.png,/kaggle/working/MDFS/data/KADID/extracted/kadid10k/images/I35_09_04.png,I35.png,35,9,4,2.53,1.024,27.72100830078125,0.03825895199952356,1
I35_10_01.png,/kaggle/working/MDFS/data/KADID/extracted/kadid10k/images/I35_10_01.png,I35.png,35,10,1,4.53,0.618,19.125492095947266,0.036565620999681414,1
I35_10_03.png,/kaggle/working/MDFS/data/KADID/extracted/kadid10k/images/I35_10_03.png,I35.png,35,10,3,4.07,0.727,20.24155044555664,0.03654058800020721,1
I35_10_05.png,/kaggle/working/MDFS/data/KADID/extracted/kadid10k/images/I35_10_05.png,I35.png,35,10,5,1.47,0.562,28.37590980529785,0.036056057000678265,1
I35_11_02.png,/kaggle/working/MDFS/data/KADID/extracted/kadid10k/images/I35_11_02.png,I35.png,35,11,2,3.23,0.844,20.554731369018555,0.03758109299997159,1
I35_11_04.png,/kaggle/working/MDFS/data/KADID/extracted/kadid10k/images/I35_11_04.png,I35.png,35,11,4,2.47,0.763,22.411251068115234,0.037012132999734604,1
I35_12_01.png,/kaggle/working/MDFS/data/KADID/extracted/kadid10k/images/I35_12_01.png,I35.png,35,12,1,4.47,0.618,18.7199764251709,0.03718512300019938,1
I35_12_03.png,/kaggle/working/MDFS/data/KADID/extracted/kadid10k/images/I35_12_03.png,I35.png,35,12,3,2.7,0.862,21.086030960083008,0.036169496000184154,1
I35_12_05.png,/kaggle/working/MDFS/data/KADID/extracted/kadid10k/images/I35_12_05.png,I35.png,35,12,5,2.17,0.637,23.408010482788086,0.03703454300011799,1
I35_13_02.png,/kaggle/working/MDFS/data/KADID/extracted/kadid10k/images/I35_13_02.png,I35.png,35,13,2,3.03,1.016,19.381017684936523,0.03886716899978637,1
I35_13_04.png,/kaggle/working/MDFS/data/KADID/extracted/kadid10k/images/I35_13_04.png,I35.png,35,13,4,2.2,0.653,21.81007957458496,0.03902726900014386,1
I35_14_01.png,/kaggle/working/MDFS/data/KADID/extracted/kadid10k/images/I35_14_01.png,I35.png,35,14,1,4.27,0.727,18.903974533081055,0.038509406999764906,1
I35_14_03.png,/kaggle/working/MDFS/data/KADID/extracted/kadid10k/images/I35_14_03.png,I35.png,35,14,3,2.77,0.955,21.763877868652344,0.036753458000021055,1
I35_14_05.png,/kaggle/working/MDFS/data/KADID/extracted/kadid10k/images/I35_14_05.png,I35.png,35,14,5,2.0,0.577,24.23618507385254,0.036887653000121645,1
I35_15_02.png,/kaggle/working/MDFS/data/KADID/extracted/kadid10k/images/I35_15_02.png,I35.png,35,15,2,3.13,0.846,20.061372756958008,0.03830753900001582,1
I35_15_04.png,/kaggle/working/MDFS/data/KADID/extracted/kadid10k/images/I35_15_04.png,I35.png,35,15,4,2.1,0.746,22.360626220703125,0.03757616000075359,1
I35_16_01.png,/kaggle/working/MDFS/data/KADID/extracted/kadid10k/images/I35_16_01.png,I35.png,35,16,1,4.73,0.442,17.427040100097656,0.03870386400012649,1
I35_16_03.png,/kaggle/working/MDFS/data/KADID/extracted/kadid10k/images/I35_16_03.png,I35.png,35,16,3,3.8,0.945,17.96596908569336,0.03949996199935413,1
I35_16_05.png,/kaggle/working/MDFS/data/KADID/extracted/kadid10k/images/I35_16_05.png,I35.png,35,16,5,1.73,0.772,23.337181091308594,0.03703258099994855,1
I35_17_02.png,/kaggle/working/MDFS/data/KADID/extracted/kadid10k/images/I35_17_02.png,I35.png,35,17,2,4.77,0.423,17.425209045410156,0.03941730299993651,1
I35_17_04.png,/kaggle/working/MDFS/data/KADID/extracted/kadid10k/images/I35_17_04.png,I35.png,35,17,4,4.13,0.67,17.525875091552734,0.03873771700000361,1
I35_18_01.png,/kaggle/working/MDFS/data/KADID/extracted/kadid10k/images/I35_18_01.png,I35.png,35,18,1,4.23,0.844,18.51822280883789,0.03887388400016789,1
I35_18_03.png,/kaggle/working/MDFS/data/KADID/extracted/kadid10k/images/I35_18_03.png,I35.png,35,18,3,4.73,0.442,17.44312286376953,0.03794121600003564,1
I35_18_05.png,/kaggle/working/MDFS/data/KADID/extracted/kadid10k/images/I35_18_05.png,I35.png,35,18,5,4.4,0.554,17.646883010864258,0.03891559499970754,1
I35_19_02.png,/kaggle/working/MDFS/data/KADID/extracted/kadid10k/images/I35_19_02.png,I35.png,35,19,2,4.43,0.616,17.129972457885742,0.038528843000676716,1
I35_19_04.png,/kaggle/working/MDFS/data/KADID/extracted/kadid10k/images/I35_19_04.png,I35.png,35,19,4,2.17,0.82,18.58636474609375,0.03624593200038362,1
I35_20_01.png,/kaggle/working/MDFS/data/KADID/extracted/kadid10k/images/I35_20_01.png,I35.png,35,20,1,4.67,0.471,17.452205657958984,0.03786371299975144,1
I35_20_03.png,/kaggle/working/MDFS/data/KADID/extracted/kadid10k/images/I35_20_03.png,I35.png,35,20,3,3.81,1.029,17.33111572265625,0.038046509999730915,1
I35_20_05.png,/kaggle/working/MDFS/data/KADID/extracted/kadid10k/images/I35_20_05.png,I35.png,35,20,5,3.13,1.056,17.245262145996094,0.03857271699962439,1
I35_21_02.png,/kaggle/working/MDFS/data/KADID/extracted/kadid10k/images/I35_21_02.png,I35.png,35,21,2,3.37,0.875,17.348722457885742,0.038258868000411894,1
I35_21_04.png,/kaggle/working/MDFS/data/KADID/extracted/kadid10k/images/I35_21_04.png,I35.png,35,21,4,2.93,0.892,17.8275089263916,0.03629163599998719,1
I35_22_01.png,/kaggle/working/MDFS/data/KADID/extracted/kadid10k/images/I35_22_01.png,I35.png,35,22,1,3.83,0.898,17.884082794189453,0.03627473500000633,1
I35_22_03.png,/kaggle/working/MDFS/data/KADID/extracted/kadid10k/images/I35_22_03.png,I35.png,35,22,3,3.13,0.884,18.30124855041504,0.036274381000112044,1
I35_22_05.png,/kaggle/working/MDFS/data/KADID/extracted/kadid10k/images/I35_22_05.png,I35.png,35,22,5,2.37,1.016,20.268587112426758,0.03539018700030283,1
I35_23_02.png,/kaggle/working/MDFS/data/KADID/extracted/kadid10k/images/I35_23_02.png,I35.png,35,23,2,3.17,1.293,17.32209587097168,0.039026327000101446,1
I35_23_04.png,/kaggle/working/MDFS/data/KADID/extracted/kadid10k/images/I35_23_04.png,I35.png,35,23,4,2.57,1.055,17.123708724975586,0.039337608000096225,1
I35_24_01.png,/kaggle/working/MDFS/data/KADID/extracted/kadid10k/images/I35_24_01.png,I35.png,35,24,1,3.63,1.016,18.174257278442383,0.03946468400044978,1
I35_24_03.png,/kaggle/working/MDFS/data/KADID/extracted/kadid10k/images/I35_24_03.png,I35.png,35,24,3,2.17,0.687,20.504541397094727,0.039031740000609716,1
I35_24_05.png,/kaggle/working/MDFS/data/KADID/extracted/kadid10k/images/I35_24_05.png,I35.png,35,24,5,1.4,0.663,24.486291885375977,0.03697865899994213,1
I35_25_02.png,/kaggle/working/MDFS/data/KADID/extracted/kadid10k/images/I35_25_02.png,I35.png,35,25,2,4.37,0.752,17.912784576416016,0.03863245699994877,1
I35_25_04.png,/kaggle/working/MDFS/data/KADID/extracted/kadid10k/images/I35_25_04.png,I35.png,35,25,4,4.47,0.562,17.388341903686523,0.03868713600058982,1
I36_01_01.png,/kaggle/working/MDFS/data/KADID/extracted/kadid10k/images/I36_01_01.png,I36.png,36,1,1,4.63,0.605,17.89495849609375,0.039791613000488724,1
I36_01_03.png,/kaggle/working/MDFS/data/KADID/extracted/kadid10k/images/I36_01_03.png,I36.png,36,1,3,3.5,0.885,21.3089542388916,0.03943942100067943,1
I36_01_05.png,/kaggle/working/MDFS/data/KADID/extracted/kadid10k/images/I36_01_05.png,I36.png,36,1,5,1.27,0.442,37.284297943115234,0.03820508099943254,1
I36_02_02.png,/kaggle/working/MDFS/data/KADID/extracted/kadid10k/images/I36_02_02.png,I36.png,36,2,2,3.07,1.093,22.833965301513672,0.03936821000024793,1
I36_02_04.png,/kaggle/working/MDFS/data/KADID/extracted/kadid10k/images/I36_02_04.png,I36.png,36,2,4,1.57,0.616,28.82106590270996,0.038960890999987896,1
I36_03_01.png,/kaggle/working/MDFS/data/KADID/extracted/kadid10k/images/I36_03_01.png,I36.png,36,3,1,4.7,0.458,17.89495849609375,0.039552485999593046,1
I36_03_03.png,/kaggle/working/MDFS/data/KADID/extracted/kadid10k/images/I36_03_03.png,I36.png,36,3,3,3.13,0.763,20.894142150878906,0.03961992900076439,1
I36_03_05.png,/kaggle/working/MDFS/data/KADID/extracted/kadid10k/images/I36_03_05.png,I36.png,36,3,5,2.03,0.875,22.66597557067871,0.03758193500016205,1
I36_04_02.png,/kaggle/working/MDFS/data/KADID/extracted/kadid10k/images/I36_04_02.png,I36.png,36,4,2,1.9,0.746,20.00916290283203,0.038666674000523926,1
I36_04_04.png,/kaggle/working/MDFS/data/KADID/extracted/kadid10k/images/I36_04_04.png,I36.png,36,4,4,1.13,0.34,21.57363510131836,0.03771629400034726,1
I36_05_01.png,/kaggle/working/MDFS/data/KADID/extracted/kadid10k/images/I36_05_01.png,I36.png,36,5,1,4.7,0.458,18.225088119506836,0.03975900699970225,1
I36_05_03.png,/kaggle/working/MDFS/data/KADID/extracted/kadid10k/images/I36_05_03.png,I36.png,36,5,3,2.7,0.64,18.521282196044922,0.03972779200012155,1
I36_05_05.png,/kaggle/working/MDFS/data/KADID/extracted/kadid10k/images/I36_05_05.png,I36.png,36,5,5,2.8,1.108,18.15566062927246,0.03948178100017685,1
I36_06_02.png,/kaggle/working/MDFS/data/KADID/extracted/kadid10k/images/I36_06_02.png,I36.png,36,6,2,4.23,0.844,19.856563568115234,0.03572861300017394,1
I36_06_04.png,/kaggle/working/MDFS/data/KADID/extracted/kadid10k/images/I36_06_04.png,I36.png,36,6,4,3.23,0.989,21.398042678833008,0.034422153000377875,1
I36_07_01.png,/kaggle/working/MDFS/data/KADID/extracted/kadid10k/images/I36_07_01.png,I36.png,36,7,1,2.47,1.087,18.112144470214844,0.03785675499966601,1
I36_07_03.png,/kaggle/working/MDFS/data/KADID/extracted/kadid10k/images/I36_07_03.png,I36.png,36,7,3,2.03,1.08,19.45779037475586,0.037392818000625994,1
I36_07_05.png,/kaggle/working/MDFS/data/KADID/extracted/kadid10k/images/I36_07_05.png,I36.png,36,7,5,2.1,1.136,20.306129455566406,0.038924618999772065,1
I36_08_02.png,/kaggle/working/MDFS/data/KADID/extracted/kadid10k/images/I36_08_02.png,I36.png,36,8,2,3.23,0.955,18.77243423461914,0.03900672400050098,1
I36_08_04.png,/kaggle/working/MDFS/data/KADID/extracted/kadid10k/images/I36_08_04.png,I36.png,36,8,4,1.8,0.653,20.85626983642578,0.03797289000067394,1
I36_09_01.png,/kaggle/working/MDFS/data/KADID/extracted/kadid10k/images/I36_09_01.png,I36.png,36,9,1,4.8,0.4,18.661653518676758,0.03951491299994814,1
I36_09_03.png,/kaggle/working/MDFS/data/KADID/extracted/kadid10k/images/I36_09_03.png,I36.png,36,9,3,3.67,1.075,22.013717651367188,0.038983700000244426,1
I36_09_05.png,/kaggle/working/MDFS/data/KADID/extracted/kadid10k/images/I36_09_05.png,I36.png,36,9,5,1.43,0.559,34.19183349609375,0.03778129399961472,1
I36_10_02.png,/kaggle/working/MDFS/data/KADID/extracted/kadid10k/images/I36_10_02.png,I36.png,36,10,2,4.43,0.716,18.966758728027344,0.03849388100024953,1
I36_10_04.png,/kaggle/working/MDFS/data/KADID/extracted/kadid10k/images/I36_10_04.png,I36.png,36,10,4,2.07,1.093,25.17273712158203,0.036737501999596134,1
I36_11_01.png,/kaggle/working/MDFS/data/KADID/extracted/kadid10k/images/I36_11_01.png,I36.png,36,11,1,4.5,0.5,20.100543975830078,0.03582661800010101,1
I36_11_03.png,/kaggle/working/MDFS/data/KADID/extracted/kadid10k/images/I36_11_03.png,I36.png,36,11,3,2.97,0.948,21.902311325073242,0.03738726099982159,1
I36_11_05.png,/kaggle/working/MDFS/data/KADID/extracted/kadid10k/images/I36_11_05.png,I36.png,36,11,5,2.27,0.629,24.96828842163086,0.038044439000259445,1
I36_12_02.png,/kaggle/working/MDFS/data/KADID/extracted/kadid10k/images/I36_12_02.png,I36.png,36,12,2,4.03,0.657,20.58078956604004,0.03743174800001725,1
I36_12_04.png,/kaggle/working/MDFS/data/KADID/extracted/kadid10k/images/I36_12_04.png,I36.png,36,12,4,2.57,0.803,22.90806770324707,0.03723695099961333,1
I36_13_01.png,/kaggle/working/MDFS/data/KADID/extracted/kadid10k/images/I36_13_01.png,I36.png,36,13,1,3.5,1.057,17.951339721679688,0.038432300999375,1
I36_13_03.png,/kaggle/working/MDFS/data/KADID/extracted/kadid10k/images/I36_13_03.png,I36.png,36,13,3,2.47,0.884,20.149749755859375,0.03830477700012125,1
I36_13_05.png,/kaggle/working/MDFS/data/KADID/extracted/kadid10k/images/I36_13_05.png,I36.png,36,13,5,1.94,0.669,24.406171798706055,0.03868730400063214,1
I36_14_02.png,/kaggle/working/MDFS/data/KADID/extracted/kadid10k/images/I36_14_02.png,I36.png,36,14,2,3.93,0.854,18.36455726623535,0.036914515000717074,1
I36_14_04.png,/kaggle/working/MDFS/data/KADID/extracted/kadid10k/images/I36_14_04.png,I36.png,36,14,4,3.17,1.128,19.141605377197266,0.03733859400017536,1
I36_15_01.png,/kaggle/working/MDFS/data/KADID/extracted/kadid10k/images/I36_15_01.png,I36.png,36,15,1,4.23,0.803,19.042173385620117,0.04080070999953023,1
I36_15_03.png,/kaggle/working/MDFS/data/KADID/extracted/kadid10k/images/I36_15_03.png,I36.png,36,15,3,2.43,0.92,22.04936408996582,0.039751923000039824,1
I36_15_05.png,/kaggle/working/MDFS/data/KADID/extracted/kadid10k/images/I36_15_05.png,I36.png,36,15,5,1.42,0.493,24.716541290283203,0.038007390000529995,1
I36_16_02.png,/kaggle/working/MDFS/data/KADID/extracted/kadid10k/images/I36_16_02.png,I36.png,36,16,2,4.67,0.471,17.727163314819336,0.039787715999409556,1
I36_16_04.png,/kaggle/working/MDFS/data/KADID/extracted/kadid10k/images/I36_16_04.png,I36.png,36,16,4,3.53,1.087,18.386388778686523,0.038888199999746575,1
I36_17_01.png,/kaggle/working/MDFS/data/KADID/extracted/kadid10k/images/I36_17_01.png,I36.png,36,17,1,4.77,0.423,17.870508193969727,0.03884961099993234,1
I36_17_03.png,/kaggle/working/MDFS/data/KADID/extracted/kadid10k/images/I36_17_03.png,I36.png,36,17,3,4.5,0.619,17.88861083984375,0.037618114999531826,1
I36_17_05.png,/kaggle/working/MDFS/data/KADID/extracted/kadid10k/images/I36_17_05.png,I36.png,36,17,5,1.93,0.772,20.897052764892578,0.03553504800038354,1
I36_18_02.png,/kaggle/working/MDFS/data/KADID/extracted/kadid10k/images/I36_18_02.png,I36.png,36,18,2,4.77,0.423,18.055557250976562,0.04026197700022749,1
I36_18_04.png,/kaggle/working/MDFS/data/KADID/extracted/kadid10k/images/I36_18_04.png,I36.png,36,18,4,4.3,0.737,18.559368133544922,0.03789683099967078,1
I36_19_01.png,/kaggle/working/MDFS/data/KADID/extracted/kadid10k/images/I36_19_01.png,I36.png,36,19,1,4.77,0.423,17.51868438720703,0.039198036000016145,1
I36_19_03.png,/kaggle/working/MDFS/data/KADID/extracted/kadid10k/images/I36_19_03.png,I36.png,36,19,3,3.07,0.892,18.406442642211914,0.03721689800022432,1
I36_19_05.png,/kaggle/working/MDFS/data/KADID/extracted/kadid10k/images/I36_19_05.png,I36.png,36,19,5,1.37,0.482,24.330781936645508,0.03771195900026214,1
I36_20_02.png,/kaggle/working/MDFS/data/KADID/extracted/kadid10k/images/I36_20_02.png,I36.png,36,20,2,4.2,0.872,17.749319076538086,0.040075474999866856,1
I36_20_04.png,/kaggle/working/MDFS/data/KADID/extracted/kadid10k/images/I36_20_04.png,I36.png,36,20,4,3.63,1.378,17.763870239257812,0.04005513999982213,1
I36_21_01.png,/kaggle/working/MDFS/data/KADID/extracted/kadid10k/images/I36_21_01.png,I36.png,36,21,1,4.27,0.727,17.88280487060547,0.03894143500019709,1
I36_21_03.png,/kaggle/working/MDFS/data/KADID/extracted/kadid10k/images/I36_21_03.png,I36.png,36,21,3,3.1,1.044,18.629621505737305,0.03718573600053787,1
I36_21_05.png,/kaggle/working/MDFS/data/KADID/extracted/kadid10k/images/I36_21_05.png,I36.png,36,21,5,1.5,0.619,27.638671875,0.03362644000026194,1
I36_22_02.png,/kaggle/working/MDFS/data/KADID/extracted/kadid10k/images/I36_22_02.png,I36.png,36,22,2,4.6,0.712,18.51576042175293,0.03721568299988576,1
I36_22_04.png,/kaggle/working/MDFS/data/KADID/extracted/kadid10k/images/I36_22_04.png,I36.png,36,22,4,4.37,0.875,18.832122802734375,0.036769566000657505,1
I36_23_01.png,/kaggle/working/MDFS/data/KADID/extracted/kadid10k/images/I36_23_01.png,I36.png,36,23,1,2.7,1.1,17.820819854736328,0.0399241709992566,1
I36_23_03.png,/kaggle/working/MDFS/data/KADID/extracted/kadid10k/images/I36_23_03.png,I36.png,36,23,3,2.83,0.969,17.87099838256836,0.03979868799979158,1
I36_23_05.png,/kaggle/working/MDFS/data/KADID/extracted/kadid10k/images/I36_23_05.png,I36.png,36,23,5,2.13,0.751,17.755765914916992,0.040041858999757096,1
I36_24_02.png,/kaggle/working/MDFS/data/KADID/extracted/kadid10k/images/I36_24_02.png,I36.png,36,24,2,2.9,0.978,21.189294815063477,0.039643281000280695,1
I36_24_04.png,/kaggle/working/MDFS/data/KADID/extracted/kadid10k/images/I36_24_04.png,I36.png,36,24,4,1.4,0.611,24.506622314453125,0.038819843999590375,1
I36_25_01.png,/kaggle/working/MDFS/data/KADID/extracted/kadid10k/images/I36_25_01.png,I36.png,36,25,1,3.87,0.921,19.687116622924805,0.04053309899973101,1
I36_25_03.png,/kaggle/working/MDFS/data/KADID/extracted/kadid10k/images/I36_25_03.png,I36.png,36,25,3,4.6,0.554,18.271869659423828,0.039939685999343055,1
I36_25_05.png,/kaggle/working/MDFS/data/KADID/extracted/kadid10k/images/I36_25_05.png,I36.png,36,25,5,4.1,0.588,17.925600051879883,0.039115669000238995,1
I37_01_02.png,/kaggle/working/MDFS/data/KADID/extracted/kadid10k/images/I37_01_02.png,I37.png,37,1,2,4.1,0.746,18.35190773010254,0.03940506000071764,1
I37_01_04.png,/kaggle/working/MDFS/data/KADID/extracted/kadid10k/images/I37_01_04.png,I37.png,37,1,4,1.53,0.67,29.850069046020508,0.03774838000026648,1
I37_02_01.png,/kaggle/working/MDFS/data/KADID/extracted/kadid10k/images/I37_02_01.png,I37.png,37,2,1,3.77,0.803,19.497182846069336,0.05217997199997626,1
I37_02_03.png,/kaggle/working/MDFS/data/KADID/extracted/kadid10k/images/I37_02_03.png,I37.png,37,2,3,1.4,0.554,26.043245315551758,0.05441589699967153,1
I37_02_05.png,/kaggle/working/MDFS/data/KADID/extracted/kadid10k/images/I37_02_05.png,I37.png,37,2,5,1.37,0.482,31.389455795288086,0.036915130999659596,1
I37_03_02.png,/kaggle/working/MDFS/data/KADID/extracted/kadid10k/images/I37_03_02.png,I37.png,37,3,2,4.23,0.616,19.04106903076172,0.038546728000255825,1
I37_03_04.png,/kaggle/working/MDFS/data/KADID/extracted/kadid10k/images/I37_03_04.png,I37.png,37,3,4,2.13,0.562,22.026229858398438,0.03846237400011887,1
I37_04_01.png,/kaggle/working/MDFS/data/KADID/extracted/kadid10k/images/I37_04_01.png,I37.png,37,4,1,4.43,0.716,18.385120391845703,0.037228094000056444,1
I37_04_03.png,/kaggle/working/MDFS/data/KADID/extracted/kadid10k/images/I37_04_03.png,I37.png,37,4,3,1.93,0.814,20.23735237121582,0.03656565599976602,1
I37_04_05.png,/kaggle/working/MDFS/data/KADID/extracted/kadid10k/images/I37_04_05.png,I37.png,37,4,5,1.4,0.611,21.21824073791504,0.03623311499995907,1
I37_05_02.png,/kaggle/working/MDFS/data/KADID/extracted/kadid10k/images/I37_05_02.png,I37.png,37,5,2,2.37,0.795,19.693557739257812,0.038635004999378,1
I37_05_04.png,/kaggle/working/MDFS/data/KADID/extracted/kadid10k/images/I37_05_04.png,I37.png,37,5,4,1.8,0.542,19.33369255065918,0.03855337899949518,1
I37_06_01.png,/kaggle/working/MDFS/data/KADID/extracted/kadid10k/images/I37_06_01.png,I37.png,37,6,1,4.03,0.836,20.02082061767578,0.03691070300010324,1
I37_06_03.png,/kaggle/working/MDFS/data/KADID/extracted/kadid10k/images/I37_06_03.png,I37.png,37,6,3,4.27,0.772,20.65457534790039,0.03562505700028851,1
I37_06_05.png,/kaggle/working/MDFS/data/KADID/extracted/kadid10k/images/I37_06_05.png,I37.png,37,6,5,2.97,0.967,22.088245391845703,0.033917460000338906,1
I37_07_02.png,/kaggle/working/MDFS/data/KADID/extracted/kadid10k/images/I37_07_02.png,I37.png,37,7,2,2.47,1.024,18.956193923950195,0.03806704199996602,1
I37_07_04.png,/kaggle/working/MDFS/data/KADID/extracted/kadid10k/images/I37_07_04.png,I37.png,37,7,4,2.17,1.035,21.634206771850586,0.037316480000299634,1
I37_08_01.png,/kaggle/working/MDFS/data/KADID/extracted/kadid10k/images/I37_08_01.png,I37.png,37,8,1,4.67,0.65,18.314550399780273,0.039836001000367105,1
I37_08_03.png,/kaggle/working/MDFS/data/KADID/extracted/kadid10k/images/I37_08_03.png,I37.png,37,8,3,2.93,0.892,19.349590301513672,0.039417985000000044,1
I37_08_05.png,/kaggle/working/MDFS/data/KADID/extracted/kadid10k/images/I37_08_05.png,I37.png,37,8,5,1.83,0.637,21.256643295288086,0.03868255399993359,1
I37_09_02.png,/kaggle/working/MDFS/data/KADID/extracted/kadid10k/images/I37_09_02.png,I37.png,37,9,2,3.93,0.854,20.551063537597656,0.03872737399979087,1
I37_09_04.png,/kaggle/working/MDFS/data/KADID/extracted/kadid10k/images/I37_09_04.png,I37.png,37,9,4,2.23,0.761,27.268659591674805,0.038234762000683986,1
I37_10_01.png,/kaggle/working/MDFS/data/KADID/extracted/kadid10k/images/I37_10_01.png,I37.png,37,10,1,4.03,0.795,20.320093154907227,0.03796936599974288,1
I37_10_03.png,/kaggle/working/MDFS/data/KADID/extracted/kadid10k/images/I37_10_03.png,I37.png,37,10,3,3.53,0.921,22.554828643798828,0.03791299899967271,1
I37_10_05.png,/kaggle/working/MDFS/data/KADID/extracted/kadid10k/images/I37_10_05.png,I37.png,37,10,5,1.13,0.335,32.323936462402344,0.034718306999820925,1
I37_11_02.png,/kaggle/working/MDFS/data/KADID/extracted/kadid10k/images/I37_11_02.png,I37.png,37,11,2,3.0,0.856,21.932510375976562,0.03718035200017766,1
I37_11_04.png,/kaggle/working/MDFS/data/KADID/extracted/kadid10k/images/I37_11_04.png,I37.png,37,11,4,2.37,0.706,24.370107650756836,0.03800444700027583,1
I37_12_01.png,/kaggle/working/MDFS/data/KADID/extracted/kadid10k/images/I37_12_01.png,I37.png,37,12,1,4.25,0.968,19.276670455932617,0.039003203999527614,1
I37_12_03.png,/kaggle/working/MDFS/data/KADID/extracted/kadid10k/images/I37_12_03.png,I37.png,37,12,3,2.87,0.763,22.66130256652832,0.037519047999921895,1
I37_12_05.png,/kaggle/working/MDFS/data/KADID/extracted/kadid10k/images/I37_12_05.png,I37.png,37,12,5,2.0,0.683,25.406789779663086,0.03697157300030085,1
I37_13_02.png,/kaggle/working/MDFS/data/KADID/extracted/kadid10k/images/I37_13_02.png,I37.png,37,13,2,2.97,0.795,20.39070701599121,0.03934646000016073,1
I37_13_04.png,/kaggle/working/MDFS/data/KADID/extracted/kadid10k/images/I37_13_04.png,I37.png,37,13,4,2.33,0.65,23.630512237548828,0.036938084999746934,1
I37_14_01.png,/kaggle/working/MDFS/data/KADID/extracted/kadid10k/images/I37_14_01.png,I37.png,37,14,1,3.63,0.983,19.55940055847168,0.03614400399965234,1
I37_14_03.png,/kaggle/working/MDFS/data/KADID/extracted/kadid10k/images/I37_14_03.png,I37.png,37,14,3,2.67,0.83,23.752805709838867,0.03707174600003782,1
I37_14_05.png,/kaggle/working/MDFS/data/KADID/extracted/kadid10k/images/I37_14_05.png,I37.png,37,14,5,1.6,0.663,27.697757720947266,0.03777991400056635,1
I37_15_02.png,/kaggle/working/MDFS/data/KADID/extracted/kadid10k/images/I37_15_02.png,I37.png,37,15,2,2.5,0.563,22.028417587280273,0.03921721000006073,1
I37_15_04.png,/kaggle/working/MDFS/data/KADID/extracted/kadid10k/images/I37_15_04.png,I37.png,37,15,4,1.37,0.547,24.653888702392578,0.036909037999976135,1
I37_16_01.png,/kaggle/working/MDFS/data/KADID/extracted/kadid10k/images/I37_16_01.png,I37.png,37,16,1,4.43,0.616,18.291690826416016,0.038954849999754515,1
I37_16_03.png,/kaggle/working/MDFS/data/KADID/extracted/kadid10k/images/I37_16_03.png,I37.png,37,16,3,3.1,0.943,18.89366340637207,0.038463337999928626,1
I37_16_05.png,/kaggle/working/MDFS/data/KADID/extracted/kadid10k/images/I37_16_05.png,I37.png,37,16,5,1.23,0.496,27.983909606933594,0.034083177999491454,1
I37_17_02.png,/kaggle/working/MDFS/data/KADID/extracted/kadid10k/images/I37_17_02.png,I37.png,37,17,2,4.27,0.998,18.322032928466797,0.03921237399936217,1
I37_17_04.png,/kaggle/working/MDFS/data/KADID/extracted/kadid10k/images/I37_17_04.png,I37.png,37,17,4,3.27,0.892,18.464811325073242,0.03979578999951627,1
I37_18_01.png,/kaggle/working/MDFS/data/KADID/extracted/kadid10k/images/I37_18_01.png,I37.png,37,18,1,4.17,0.687,19.257610321044922,0.03945216400006757,1
I37_18_03.png,/kaggle/working/MDFS/data/KADID/extracted/kadid10k/images/I37_18_03.png,I37.png,37,18,3,4.5,0.671,18.314550399780273,0.039359465000416094,1
I37_18_05.png,/kaggle/working/MDFS/data/KADID/extracted/kadid10k/images/I37_18_05.png,I37.png,37,18,5,4.3,0.64,18.372802734375,0.039084015999833355,1
I37_19_02.png,/kaggle/working/MDFS/data/KADID/extracted/kadid10k/images/I37_19_02.png,I37.png,37,19,2,4.3,0.737,18.14447021484375,0.0387584460004291,1
I37_19_04.png,/kaggle/working/MDFS/data/KADID/extracted/kadid10k/images/I37_19_04.png,I37.png,37,19,4,1.53,0.718,19.475923538208008,0.036366908999298175,1
I37_20_01.png,/kaggle/working/MDFS/data/KADID/extracted/kadid10k/images/I37_20_01.png,I37.png,37,20,1,4.5,0.563,18.260841369628906,0.0379450780001207,1
I37_20_03.png,/kaggle/working/MDFS/data/KADID/extracted/kadid10k/images/I37_20_03.png,I37.png,37,20,3,3.53,1.087,18.125919342041016,0.037437136999869836,1
I37_20_05.png,/kaggle/working/MDFS/data/KADID/extracted/kadid10k/images/I37_20_05.png,I37.png,37,20,5,3.77,1.055,18.162189483642578,0.03871726499983197,1
I37_21_02.png,/kaggle/working/MDFS/data/KADID/extracted/kadid10k/images/I37_21_02.png,I37.png,37,21,2,2.27,0.929,18.300827026367188,0.037009547000707244,1
I37_21_04.png,/kaggle/working/MDFS/data/KADID/extracted/kadid10k/images/I37_21_04.png,I37.png,37,21,4,2.67,1.011,19.265342712402344,0.03690176300005987,1
I37_22_01.png,/kaggle/working/MDFS/data/KADID/extracted/kadid10k/images/I37_22_01.png,I37.png,37,22,1,3.43,1.023,18.80946922302246,0.03765035800006444,1
I37_22_03.png,/kaggle/working/MDFS/data/KADID/extracted/kadid10k/images/I37_22_03.png,I37.png,37,22,3,2.87,0.957,18.90073585510254,0.037255897000250116,1
I37_22_05.png,/kaggle/working/MDFS/data/KADID/extracted/kadid10k/images/I37_22_05.png,I37.png,37,22,5,2.23,0.803,20.76479148864746,0.03573439100000542,1
I37_23_02.png,/kaggle/working/MDFS/data/KADID/extracted/kadid10k/images/I37_23_02.png,I37.png,37,23,2,2.37,0.948,18.074901580810547,0.03847863299961318,1
I37_23_04.png,/kaggle/working/MDFS/data/KADID/extracted/kadid10k/images/I37_23_04.png,I37.png,37,23,4,2.17,0.734,18.13286781311035,0.038177596000423364,1
I37_24_01.png,/kaggle/working/MDFS/data/KADID/extracted/kadid10k/images/I37_24_01.png,I37.png,37,24,1,3.77,0.616,19.06647491455078,0.0381428569999116,1
I37_24_03.png,/kaggle/working/MDFS/data/KADID/extracted/kadid10k/images/I37_24_03.png,I37.png,37,24,3,2.47,0.991,21.100204467773438,0.039316164000410936,1
I37_24_05.png,/kaggle/working/MDFS/data/KADID/extracted/kadid10k/images/I37_24_05.png,I37.png,37,24,5,1.35,0.478,24.504159927368164,0.03880374199979997,1
I37_25_02.png,/kaggle/working/MDFS/data/KADID/extracted/kadid10k/images/I37_25_02.png,I37.png,37,25,2,4.17,0.522,18.3729305267334,0.039218869999785966,1
I37_25_04.png,/kaggle/working/MDFS/data/KADID/extracted/kadid10k/images/I37_25_04.png,I37.png,37,25,4,4.17,0.522,18.33397102355957,0.03995171800033859,1
I38_01_01.png,/kaggle/working/MDFS/data/KADID/extracted/kadid10k/images/I38_01_01.png,I38.png,38,1,1,4.7,0.458,19.184494018554688,0.03754076099994563,1
I38_01_03.png,/kaggle/working/MDFS/data/KADID/extracted/kadid10k/images/I38_01_03.png,I38.png,38,1,3,3.4,0.8,22.376083374023438,0.037523037000028125,1
I38_01_05.png,/kaggle/working/MDFS/data/KADID/extracted/kadid10k/images/I38_01_05.png,I38.png,38,1,5,1.43,0.496,40.22046661376953,0.03639774200019019,1
I38_02_02.png,/kaggle/working/MDFS/data/KADID/extracted/kadid10k/images/I38_02_02.png,I38.png,38,2,2,2.43,0.761,23.742290496826172,0.03667512399988482,1
I38_02_04.png,/kaggle/working/MDFS/data/KADID/extracted/kadid10k/images/I38_02_04.png,I38.png,38,2,4,1.4,0.554,33.0113525390625,0.03606503999981214,1
I38_03_01.png,/kaggle/working/MDFS/data/KADID/extracted/kadid10k/images/I38_03_01.png,I38.png,38,3,1,4.67,0.471,19.184494018554688,0.03724966399931873,1
I38_03_03.png,/kaggle/working/MDFS/data/KADID/extracted/kadid10k/images/I38_03_03.png,I38.png,38,3,3,3.23,0.803,21.125869750976562,0.03851005799970153,1
I38_03_05.png,/kaggle/working/MDFS/data/KADID/extracted/kadid10k/images/I38_03_05.png,I38.png,38,3,5,1.77,0.761,24.190109252929688,0.03757490899988625,1
I38_04_02.png,/kaggle/working/MDFS/data/KADID/extracted/kadid10k/images/I38_04_02.png,I38.png,38,4,2,3.17,0.898,20.43674659729004,0.03740815700075473,1
I38_04_04.png,/kaggle/working/MDFS/data/KADID/extracted/kadid10k/images/I38_04_04.png,I38.png,38,4,4,1.87,0.991,22.35053062438965,0.03636756600008084,1
I38_05_01.png,/kaggle/working/MDFS/data/KADID/extracted/kadid10k/images/I38_05_01.png,I38.png,38,5,1,4.0,0.683,19.377275466918945,0.03515255799993611,1
I38_05_03.png,/kaggle/working/MDFS/data/KADID/extracted/kadid10k/images/I38_05_03.png,I38.png,38,5,3,1.7,0.737,19.600658416748047,0.03625397399991925,1
I38_05_05.png,/kaggle/working/MDFS/data/KADID/extracted/kadid10k/images/I38_05_05.png,I38.png,38,5,5,1.57,0.716,19.35854721069336,0.03715210999962437,1
I38_06_02.png,/kaggle/working/MDFS/data/KADID/extracted/kadid10k/images/I38_06_02.png,I38.png,38,6,2,4.43,0.616,22.097087860107422,0.03564393000033306,1
I38_06_04.png,/kaggle/working/MDFS/data/KADID/extracted/kadid10k/images/I38_06_04.png,I38.png,38,6,4,3.7,0.862,21.848041534423828,0.03362574399943696,1
I38_07_01.png,/kaggle/working/MDFS/data/KADID/extracted/kadid10k/images/I38_07_01.png,I38.png,38,7,1,3.67,1.106,20.89690589904785,0.03547000900016428,1
I38_07_03.png,/kaggle/working/MDFS/data/KADID/extracted/kadid10k/images/I38_07_03.png,I38.png,38,7,3,2.67,1.075,21.783849716186523,0.0364961029999904,1
I38_07_05.png,/kaggle/working/MDFS/data/KADID/extracted/kadid10k/images/I38_07_05.png,I38.png,38,7,5,2.37,1.11,21.631790161132812,0.036381466000420914,1
I38_08_02.png,/kaggle/working/MDFS/data/KADID/extracted/kadid10k/images/I38_08_02.png,I38.png,38,8,2,3.57,0.92,19.707530975341797,0.03691251399959583,1
I38_08_04.png,/kaggle/working/MDFS/data/KADID/extracted/kadid10k/images/I38_08_04.png,I38.png,38,8,4,2.17,0.687,22.194622039794922,0.036480965999544424,1
I38_09_01.png,/kaggle/working/MDFS/data/KADID/extracted/kadid10k/images/I38_09_01.png,I38.png,38,9,1,4.77,0.423,19.197460174560547,0.03644133600027999,1
I38_09_03.png,/kaggle/working/MDFS/data/KADID/extracted/kadid10k/images/I38_09_03.png,I38.png,38,9,3,4.53,0.499,19.919689178466797,0.03682850800032611,1
I38_09_05.png,/kaggle/working/MDFS/data/KADID/extracted/kadid10k/images/I38_09_05.png,I38.png,38,9,5,1.83,0.778,32.31486511230469,0.03774044399960985,1
I38_10_02.png,/kaggle/working/MDFS/data/KADID/extracted/kadid10k/images/I38_10_02.png,I38.png,38,10,2,4.32,0.736,20.953353881835938,0.03527309099990816,1
I38_10_04.png,/kaggle/working/MDFS/data/KADID/extracted/kadid10k/images/I38_10_04.png,I38.png,38,10,4,1.77,0.667,28.667104721069336,0.03395887300030154,1
I38_11_01.png,/kaggle/working/MDFS/data/KADID/extracted/kadid10k/images/I38_11_01.png,I38.png,38,11,1,3.47,0.806,23.488967895507812,0.03544511499967484,1
I38_11_03.png,/kaggle/working/MDFS/data/KADID/extracted/kadid10k/images/I38_11_03.png,I38.png,38,11,3,2.77,0.761,27.04978370666504,0.03703297200081579,1
I38_11_05.png,/kaggle/working/MDFS/data/KADID/extracted/kadid10k/images/I38_11_05.png,I38.png,38,11,5,2.03,0.752,32.577396392822266,0.036936277000677364,1
I38_12_02.png,/kaggle/working/MDFS/data/KADID/extracted/kadid10k/images/I38_12_02.png,I38.png,38,12,2,3.23,0.803,24.03255271911621,0.03613051199954498,1
I38_12_04.png,/kaggle/working/MDFS/data/KADID/extracted/kadid10k/images/I38_12_04.png,I38.png,38,12,4,2.33,0.699,29.228227615356445,0.03545512999971834,1
I38_13_01.png,/kaggle/working/MDFS/data/KADID/extracted/kadid10k/images/I38_13_01.png,I38.png,38,13,1,3.2,0.872,23.541440963745117,0.03498636899985286,1
I38_13_03.png,/kaggle/working/MDFS/data/KADID/extracted/kadid10k/images/I38_13_03.png,I38.png,38,13,3,2.27,0.629,28.03514862060547,0.03558913200049574,1
I38_13_05.png,/kaggle/working/MDFS/data/KADID/extracted/kadid10k/images/I38_13_05.png,I38.png,38,13,5,2.1,0.79,32.42455291748047,0.0366259459997309,1
I38_14_02.png,/kaggle/working/MDFS/data/KADID/extracted/kadid10k/images/I38_14_02.png,I38.png,38,14,2,3.27,0.854,24.01235580444336,0.036674465000032797,1
I38_14_04.png,/kaggle/working/MDFS/data/KADID/extracted/kadid10k/images/I38_14_04.png,I38.png,38,14,4,2.43,0.761,27.097869873046875,0.03495864900014567,1
I38_15_01.png,/kaggle/working/MDFS/data/KADID/extracted/kadid10k/images/I38_15_01.png,I38.png,38,15,1,3.33,0.789,22.604080200195312,0.037160462999963784,1
I38_15_03.png,/kaggle/working/MDFS/data/KADID/extracted/kadid10k/images/I38_15_03.png,I38.png,38,15,3,1.83,0.582,25.446237564086914,0.03770377700038807,1
I38_15_05.png,/kaggle/working/MDFS/data/KADID/extracted/kadid10k/images/I38_15_05.png,I38.png,38,15,5,1.17,0.373,29.224306106567383,0.03662650400019629,1
I38_16_02.png,/kaggle/working/MDFS/data/KADID/extracted/kadid10k/images/I38_16_02.png,I38.png,38,16,2,4.2,0.6,19.045866012573242,0.035735759000090184,1
I38_16_04.png,/kaggle/working/MDFS/data/KADID/extracted/kadid10k/images/I38_16_04.png,I38.png,38,16,4,3.0,1.0,19.40962791442871,0.03506330800064461,1
I38_17_01.png,/kaggle/working/MDFS/data/KADID/extracted/kadid10k/images/I38_17_01.png,I38.png,38,17,1,4.47,0.67,19.252052307128906,0.036411035999663,1
I38_17_03.png,/kaggle/working/MDFS/data/KADID/extracted/kadid10k/images/I38_17_03.png,I38.png,38,17,3,3.87,0.806,19.551538467407227,0.037824254000042856,1
I38_17_05.png,/kaggle/working/MDFS/data/KADID/extracted/kadid10k/images/I38_17_05.png,I38.png,38,17,5,1.7,0.936,22.421403884887695,0.036080434999348654,1
I38_18_02.png,/kaggle/working/MDFS/data/KADID/extracted/kadid10k/images/I38_18_02.png,I38.png,38,18,2,4.65,0.478,19.048887252807617,0.035837602999890805,1
I38_18_04.png,/kaggle/working/MDFS/data/KADID/extracted/kadid10k/images/I38_18_04.png,I38.png,38,18,4,4.03,0.547,19.45694923400879,0.0353473719997055,1
I38_19_01.png,/kaggle/working/MDFS/data/KADID/extracted/kadid10k/images/I38_19_01.png,I38.png,38,19,1,4.5,0.5,19.082664489746094,0.03600282099978358,1
I38_19_03.png,/kaggle/working/MDFS/data/KADID/extracted/kadid10k/images/I38_19_03.png,I38.png,38,19,3,3.17,0.82,19.63155174255371,0.037286450000465265,1
I38_19_05.png,/kaggle/working/MDFS/data/KADID/extracted/kadid10k/images/I38_19_05.png,I38.png,38,19,5,1.23,0.423,23.46630859375,0.03589042299972789,1
I38_20_02.png,/kaggle/working/MDFS/data/KADID/extracted/kadid10k/images/I38_20_02.png,I38.png,38,20,2,4.03,0.875,19.101652145385742,0.03570975200000248,1
I38_20_04.png,/kaggle/working/MDFS/data/KADID/extracted/kadid10k/images/I38_20_04.png,I38.png,38,20,4,4.3,0.862,18.974746704101562,0.036129780000010214,1
I38_21_01.png,/kaggle/working/MDFS/data/KADID/extracted/kadid10k/images/I38_21_01.png,I38.png,38,21,1,2.53,0.957,19.011133193969727,0.0357733510008984,1
I38_21_03.png,/kaggle/working/MDFS/data/KADID/extracted/kadid10k/images/I38_21_03.png,I38.png,38,21,3,2.3,0.69,19.795480728149414,0.03638088399929984,1
I38_21_05.png,/kaggle/working/MDFS/data/KADID/extracted/kadid10k/images/I38_21_05.png,I38.png,38,21,5,1.57,0.559,25.879343032836914,0.03445986500082654,1
I38_22_02.png,/kaggle/working/MDFS/data/KADID/extracted/kadid10k/images/I38_22_02.png,I38.png,38,22,2,2.9,1.044,20.089998245239258,0.03407477499968081,1
I38_22_04.png,/kaggle/working/MDFS/data/KADID/extracted/kadid10k/images/I38_22_04.png,I38.png,38,22,4,2.77,0.92,22.97445297241211,0.035190653999961796,1
I38_23_01.png,/kaggle/working/MDFS/data/KADID/extracted/kadid10k/images/I38_23_01.png,I38.png,38,23,1,2.87,0.991,18.92622947692871,0.03738050099946122,1
I38_23_03.png,/kaggle/working/MDFS/data/KADID/extracted/kadid10k/images/I38_23_03.png,I38.png,38,23,3,2.13,0.763,18.77560806274414,0.03676225199978944,1
I38_23_05.png,/kaggle/working/MDFS/data/KADID/extracted/kadid10k/images/I38_23_05.png,I38.png,38,23,5,2.33,0.745,18.722253799438477,0.03647497000019939,1
I38_24_02.png,/kaggle/working/MDFS/data/KADID/extracted/kadid10k/images/I38_24_02.png,I38.png,38,24,2,2.73,1.093,21.092945098876953,0.035994460000438266,1
I38_24_04.png,/kaggle/working/MDFS/data/KADID/extracted/kadid10k/images/I38_24_04.png,I38.png,38,24,4,1.6,0.757,23.45302963256836,0.03689292899980501,1
I38_25_01.png,/kaggle/working/MDFS/data/KADID/extracted/kadid10k/images/I38_25_01.png,I38.png,38,25,1,3.6,0.757,19.25423812866211,0.03735273800066352,1
I38_25_03.png,/kaggle/working/MDFS/data/KADID/extracted/kadid10k/images/I38_25_03.png,I38.png,38,25,3,4.3,0.69,19.145240783691406,0.03755903299952479,1
I38_25_05.png,/kaggle/working/MDFS/data/KADID/extracted/kadid10k/images/I38_25_05.png,I38.png,38,25,5,3.1,1.012,20.037891387939453,0.036904243000208226,1
I39_01_02.png,/kaggle/working/MDFS/data/KADID/extracted/kadid10k/images/I39_01_02.png,I39.png,39,1,2,4.43,0.559,17.914382934570312,0.03959087699968222,1
I39_01_04.png,/kaggle/working/MDFS/data/KADID/extracted/kadid10k/images/I39_01_04.png,I39.png,39,1,4,1.8,0.542,28.955516815185547,0.03824668099969131,1
I39_02_01.png,/kaggle/working/MDFS/data/KADID/extracted/kadid10k/images/I39_02_01.png,I39.png,39,2,1,4.13,0.67,18.95150375366211,0.03902261700022791,1
I39_02_03.png,/kaggle/working/MDFS/data/KADID/extracted/kadid10k/images/I39_02_03.png,I39.png,39,2,3,1.73,0.629,26.9442138671875,0.03788178299964784,1
I39_02_05.png,/kaggle/working/MDFS/data/KADID/extracted/kadid10k/images/I39_02_05.png,I39.png,39,2,5,1.2,0.4,32.1003303527832,0.03716922300009173,1
I39_03_02.png,/kaggle/working/MDFS/data/KADID/extracted/kadid10k/images/I39_03_02.png,I39.png,39,3,2,4.33,0.745,18.548492431640625,0.039388317999510036,1
I39_03_04.png,/kaggle/working/MDFS/data/KADID/extracted/kadid10k/images/I39_03_04.png,I39.png,39,3,4,1.97,0.605,21.619478225708008,0.03896067999994557,1
I39_04_01.png,/kaggle/working/MDFS/data/KADID/extracted/kadid10k/images/I39_04_01.png,I39.png,39,4,1,4.63,0.482,18.295883178710938,0.039615428999240976,1
I39_04_03.png,/kaggle/working/MDFS/data/KADID/extracted/kadid10k/images/I39_04_03.png,I39.png,39,4,3,1.3,0.526,21.41070556640625,0.03869363100056944,1
I39_04_05.png,/kaggle/working/MDFS/data/KADID/extracted/kadid10k/images/I39_04_05.png,I39.png,39,4,5,1.17,0.453,24.428030014038086,0.03720501499992679,1
I39_05_02.png,/kaggle/working/MDFS/data/KADID/extracted/kadid10k/images/I39_05_02.png,I39.png,39,5,2,2.63,1.048,19.09787940979004,0.03979208000055223,1
I39_05_04.png,/kaggle/working/MDFS/data/KADID/extracted/kadid10k/images/I39_05_04.png,I39.png,39,5,4,1.47,0.562,18.66291618347168,0.039009715000247525,1
I39_06_01.png,/kaggle/working/MDFS/data/KADID/extracted/kadid10k/images/I39_06_01.png,I39.png,39,6,1,4.37,0.605,20.046281814575195,0.03661023899985594,1
I39_06_03.png,/kaggle/working/MDFS/data/KADID/extracted/kadid10k/images/I39_06_03.png,I39.png,39,6,3,4.33,0.907,20.634563446044922,0.03629139100030443,1
I39_06_05.png,/kaggle/working/MDFS/data/KADID/extracted/kadid10k/images/I39_06_05.png,I39.png,39,6,5,3.03,0.983,23.12799835205078,0.036641554000198084,1
I39_07_02.png,/kaggle/working/MDFS/data/KADID/extracted/kadid10k/images/I39_07_02.png,I39.png,39,7,2,2.07,1.093,20.272462844848633,0.039518386000054306,1
I39_07_04.png,/kaggle/working/MDFS/data/KADID/extracted/kadid10k/images/I39_07_04.png,I39.png,39,7,4,2.27,0.998,23.759458541870117,0.038326515999870026,1
I39_08_01.png,/kaggle/working/MDFS/data/KADID/extracted/kadid10k/images/I39_08_01.png,I39.png,39,8,1,4.63,0.482,18.042055130004883,0.040274676000080945,1
I39_08_03.png,/kaggle/working/MDFS/data/KADID/extracted/kadid10k/images/I39_08_03.png,I39.png,39,8,3,1.74,0.717,19.93489646911621,0.039925224000398885,1
I39_08_05.png,/kaggle/working/MDFS/data/KADID/extracted/kadid10k/images/I39_08_05.png,I39.png,39,8,5,1.13,0.34,24.150203704833984,0.038292182000077446,1
I39_09_02.png,/kaggle/working/MDFS/data/KADID/extracted/kadid10k/images/I39_09_02.png,I39.png,39,9,2,4.27,0.814,21.175159454345703,0.04043834200001584,1
I39_09_04.png,/kaggle/working/MDFS/data/KADID/extracted/kadid10k/images/I39_09_04.png,I39.png,39,9,4,2.13,0.957,28.80984115600586,0.03903989099944738,1
I39_10_01.png,/kaggle/working/MDFS/data/KADID/extracted/kadid10k/images/I39_10_01.png,I39.png,39,10,1,4.5,0.563,19.19710350036621,0.03977958899940859,1
I39_10_03.png,/kaggle/working/MDFS/data/KADID/extracted/kadid10k/images/I39_10_03.png,I39.png,39,10,3,4.07,0.772,20.281206130981445,0.040247445999739284,1
I39_10_05.png,/kaggle/working/MDFS/data/KADID/extracted/kadid10k/images/I39_10_05.png,I39.png,39,10,5,1.43,0.496,29.07645034790039,0.03725686100005987,1
I39_11_02.png,/kaggle/working/MDFS/data/KADID/extracted/kadid10k/images/I39_11_02.png,I39.png,39,11,2,4.07,0.814,20.704872131347656,0.038359599999239435,1
I39_11_04.png,/kaggle/working/MDFS/data/KADID/extracted/kadid10k/images/I39_11_04.png,I39.png,39,11,4,3.17,0.82,22.517986297607422,0.03711831300006452,1
I39_12_01.png,/kaggle/working/MDFS/data/KADID/extracted/kadid10k/images/I39_12_01.png,I39.png,39,12,1,4.73,0.442,18.709632873535156,0.03892531899964524,1
I39_12_03.png,/kaggle/working/MDFS/data/KADID/extracted/kadid10k/images/I39_12_03.png,I39.png,39,12,3,3.8,0.909,21.086042404174805,0.037110567999661725,1
I39_12_05.png,/kaggle/working/MDFS/data/KADID/extracted/kadid10k/images/I39_12_05.png,I39.png,39,12,5,2.7,0.823,24.1760311126709,0.03751440900032321,1
I39_13_02.png,/kaggle/working/MDFS/data/KADID/extracted/kadid10k/images/I39_13_02.png,I39.png,39,13,2,3.03,0.983,18.926374435424805,0.04014303000076325,1
I39_13_04.png,/kaggle/working/MDFS/data/KADID/extracted/kadid10k/images/I39_13_04.png,I39.png,39,13,4,2.43,0.844,21.785486221313477,0.03949724299945956,1
I39_14_01.png,/kaggle/working/MDFS/data/KADID/extracted/kadid10k/images/I39_14_01.png,I39.png,39,14,1,4.6,0.49,18.02984046936035,0.039123554000070726,1
I39_14_03.png,/kaggle/working/MDFS/data/KADID/extracted/kadid10k/images/I39_14_03.png,I39.png,39,14,3,3.33,0.978,18.868356704711914,0.03809164900030737,1
I39_14_05.png,/kaggle/working/MDFS/data/KADID/extracted/kadid10k/images/I39_14_05.png,I39.png,39,14,5,2.07,0.359,22.297283172607422,0.037245176000396896,1
I39_15_02.png,/kaggle/working/MDFS/data/KADID/extracted/kadid10k/images/I39_15_02.png,I39.png,39,15,2,3.4,0.841,21.560871124267578,0.040517825999813795,1
I39_15_04.png,/kaggle/working/MDFS/data/KADID/extracted/kadid10k/images/I39_15_04.png,I39.png,39,15,4,1.77,0.496,23.565820693969727,0.038110043999949994,1
I39_16_01.png,/kaggle/working/MDFS/data/KADID/extracted/kadid10k/images/I39_16_01.png,I39.png,39,16,1,4.53,0.499,18.024730682373047,0.038687506999849575,1
I39_16_03.png,/kaggle/working/MDFS/data/KADID/extracted/kadid10k/images/I39_16_03.png,I39.png,39,16,3,4.3,0.781,18.335376739501953,0.039477818000705156,1
I39_16_05.png,/kaggle/working/MDFS/data/KADID/extracted/kadid10k/images/I39_16_05.png,I39.png,39,16,5,1.5,0.563,20.10128402709961,0.03892396499941242,1
I39_17_02.png,/kaggle/working/MDFS/data/KADID/extracted/kadid10k/images/I39_17_02.png,I39.png,39,17,2,4.77,0.423,18.03053855895996,0.039270745999601786,1
I39_17_04.png,/kaggle/working/MDFS/data/KADID/extracted/kadid10k/images/I39_17_04.png,I39.png,39,17,4,3.77,0.667,18.288766860961914,0.038814327999716625,1
I39_18_01.png,/kaggle/working/MDFS/data/KADID/extracted/kadid10k/images/I39_18_01.png,I39.png,39,18,1,4.53,0.499,18.324596405029297,0.038930607000111195,1
I39_18_03.png,/kaggle/working/MDFS/data/KADID/extracted/kadid10k/images/I39_18_03.png,I39.png,39,18,3,4.63,0.657,18.042055130004883,0.03910472000006848,1
I39_18_05.png,/kaggle/working/MDFS/data/KADID/extracted/kadid10k/images/I39_18_05.png,I39.png,39,18,5,4.03,0.836,19.02016258239746,0.03903760599951056,1
I39_19_02.png,/kaggle/working/MDFS/data/KADID/extracted/kadid10k/images/I39_19_02.png,I39.png,39,19,2,3.7,0.69,17.995298385620117,0.038670270999318745,1
I39_19_04.png,/kaggle/working/MDFS/data/KADID/extracted/kadid10k/images/I39_19_04.png,I39.png,39,19,4,1.5,0.671,21.885143280029297,0.03708238299986988,1
I39_20_01.png,/kaggle/working/MDFS/data/KADID/extracted/kadid10k/images/I39_20_01.png,I39.png,39,20,1,4.4,0.917,18.01433753967285,0.03967110400026286,1
I39_20_03.png,/kaggle/working/MDFS/data/KADID/extracted/kadid10k/images/I39_20_03.png,I39.png,39,20,3,3.8,1.166,17.9544677734375,0.04079356500005815,1
I39_20_05.png,/kaggle/working/MDFS/data/KADID/extracted/kadid10k/images/I39_20_05.png,I39.png,39,20,5,2.52,1.317,18.02115821838379,0.04014723099953699,1
I39_21_02.png,/kaggle/working/MDFS/data/KADID/extracted/kadid10k/images/I39_21_02.png,I39.png,39,21,2,2.7,0.971,18.58134651184082,0.03934103200026584,1
I39_21_04.png,/kaggle/working/MDFS/data/KADID/extracted/kadid10k/images/I39_21_04.png,I39.png,39,21,4,2.27,0.892,19.55552101135254,0.0374294090006515,1
I39_22_01.png,/kaggle/working/MDFS/data/KADID/extracted/kadid10k/images/I39_22_01.png,I39.png,39,22,1,4.53,0.618,18.312707901000977,0.03906704600012745,1
I39_22_03.png,/kaggle/working/MDFS/data/KADID/extracted/kadid10k/images/I39_22_03.png,I39.png,39,22,3,4.63,0.657,18.456130981445312,0.03787323399956222,1
I39_22_05.png,/kaggle/working/MDFS/data/KADID/extracted/kadid10k/images/I39_22_05.png,I39.png,39,22,5,4.37,0.706,19.01975440979004,0.036993091000113054,1
I39_23_02.png,/kaggle/working/MDFS/data/KADID/extracted/kadid10k/images/I39_23_02.png,I39.png,39,23,2,2.39,1.006,17.95317268371582,0.04024676900007762,1
I39_23_04.png,/kaggle/working/MDFS/data/KADID/extracted/kadid10k/images/I39_23_04.png,I39.png,39,23,4,2.1,0.79,17.88625717163086,0.03968683499988401,1
I39_24_01.png,/kaggle/working/MDFS/data/KADID/extracted/kadid10k/images/I39_24_01.png,I39.png,39,24,1,3.63,0.836,19.34349822998047,0.03892458700011048,1
I39_24_03.png,/kaggle/working/MDFS/data/KADID/extracted/kadid10k/images/I39_24_03.png,I39.png,39,24,3,1.77,0.667,22.27735710144043,0.03886380099993403,1
I39_24_05.png,/kaggle/working/MDFS/data/KADID/extracted/kadid10k/images/I39_24_05.png,I39.png,39,24,5,1.17,0.373,27.021644592285156,0.03602740599944809,1
I39_25_02.png,/kaggle/working/MDFS/data/KADID/extracted/kadid10k/images/I39_25_02.png,I39.png,39,25,2,4.23,0.559,18.74266815185547,0.04077327699997113,1
I39_25_04.png,/kaggle/working/MDFS/data/KADID/extracted/kadid10k/images/I39_25_04.png,I39.png,39,25,4,4.37,0.657,18.071765899658203,0.040484821000063675,1
I40_01_01.png,/kaggle/working/MDFS/data/KADID/extracted/kadid10k/images/I40_01_01.png,I40.png,40,1,1,4.27,0.573,18.75773048400879,0.037901345000136644,1
I40_01_03.png,/kaggle/working/MDFS/data/KADID/extracted/kadid10k/images/I40_01_03.png,I40.png,40,1,3,2.17,0.82,25.119131088256836,0.040107701999659184,1
I40_01_05.png,/kaggle/working/MDFS/data/KADID/extracted/kadid10k/images/I40_01_05.png,I40.png,40,1,5,1.1,0.296,41.43411636352539,0.03952233099971636,1
I40_02_02.png,/kaggle/working/MDFS/data/KADID/extracted/kadid10k/images/I40_02_02.png,I40.png,40,2,2,2.0,0.683,27.116636276245117,0.039433024000572914,1
I40_02_04.png,/kaggle/working/MDFS/data/KADID/extracted/kadid10k/images/I40_02_04.png,I40.png,40,2,4,1.4,0.554,30.22005271911621,0.03870126399942819,1
I40_03_01.png,/kaggle/working/MDFS/data/KADID/extracted/kadid10k/images/I40_03_01.png,I40.png,40,3,1,4.3,0.936,18.75773048400879,0.03770114700000704,1
I40_03_03.png,/kaggle/working/MDFS/data/KADID/extracted/kadid10k/images/I40_03_03.png,I40.png,40,3,3,2.23,0.716,25.737285614013672,0.0394858320005369,1
I40_03_05.png,/kaggle/working/MDFS/data/KADID/extracted/kadid10k/images/I40_03_05.png,I40.png,40,3,5,1.17,0.373,28.216445922851562,0.03936505500041676,1
I40_04_02.png,/kaggle/working/MDFS/data/KADID/extracted/kadid10k/images/I40_04_02.png,I40.png,40,4,2,2.37,0.875,22.12620735168457,0.03772759200001019,1
I40_04_04.png,/kaggle/working/MDFS/data/KADID/extracted/kadid10k/images/I40_04_04.png,I40.png,40,4,4,1.47,0.618,23.083032608032227,0.03688053299993044,1
I40_05_01.png,/kaggle/working/MDFS/data/KADID/extracted/kadid10k/images/I40_05_01.png,I40.png,40,5,1,3.7,0.9,20.660844802856445,0.037266768000336015,1
I40_05_03.png,/kaggle/working/MDFS/data/KADID/extracted/kadid10k/images/I40_05_03.png,I40.png,40,5,3,1.53,0.562,21.74272346496582,0.03820557899962296,1
I40_05_05.png,/kaggle/working/MDFS/data/KADID/extracted/kadid10k/images/I40_05_05.png,I40.png,40,5,5,1.37,0.482,20.43663787841797,0.03946271400036494,1
I40_06_02.png,/kaggle/working/MDFS/data/KADID/extracted/kadid10k/images/I40_06_02.png,I40.png,40,6,2,4.27,0.512,19.477760314941406,0.038744161000067834,1
I40_06_04.png,/kaggle/working/MDFS/data/KADID/extracted/kadid10k/images/I40_06_04.png,I40.png,40,6,4,3.97,0.752,21.061643600463867,0.037261264999870036,1
I40_07_01.png,/kaggle/working/MDFS/data/KADID/extracted/kadid10k/images/I40_07_01.png,I40.png,40,7,1,2.6,0.8,18.964427947998047,0.038308415999381396,1
I40_07_03.png,/kaggle/working/MDFS/data/KADID/extracted/kadid10k/images/I40_07_03.png,I40.png,40,7,3,2.0,0.856,20.976058959960938,0.037472455999704835,1
I40_07_05.png,/kaggle/working/MDFS/data/KADID/extracted/kadid10k/images/I40_07_05.png,I40.png,40,7,5,1.87,0.846,21.695417404174805,0.03717435899943666,1
I40_08_02.png,/kaggle/working/MDFS/data/KADID/extracted/kadid10k/images/I40_08_02.png,I40.png,40,8,2,3.23,0.803,19.926729202270508,0.03742019700075616,1
I40_08_04.png,/kaggle/working/MDFS/data/KADID/extracted/kadid10k/images/I40_08_04.png,I40.png,40,8,4,1.67,0.745,22.763019561767578,0.03789344300002995,1
I40_09_01.png,/kaggle/working/MDFS/data/KADID/extracted/kadid10k/images/I40_09_01.png,I40.png,40,9,1,4.2,0.98,20.435710906982422,0.038881261999449634,1
I40_09_03.png,/kaggle/working/MDFS/data/KADID/extracted/kadid10k/images/I40_09_03.png,I40.png,40,9,3,3.0,0.894,26.202035903930664,0.038964508999924874,1
I40_09_05.png,/kaggle/working/MDFS/data/KADID/extracted/kadid10k/images/I40_09_05.png,I40.png,40,9,5,1.23,0.423,36.44934844970703,0.03865952199976164,1
I40_10_02.png,/kaggle/working/MDFS/data/KADID/extracted/kadid10k/images/I40_10_02.png,I40.png,40,10,2,4.2,0.792,20.8297176361084,0.03918482299923198,1
I40_10_04.png,/kaggle/working/MDFS/data/KADID/extracted/kadid10k/images/I40_10_04.png,I40.png,40,10,4,2.5,1.088,30.598743438720703,0.037847178999982134,1
I40_11_01.png,/kaggle/working/MDFS/data/KADID/extracted/kadid10k/images/I40_11_01.png,I40.png,40,11,1,4.43,0.667,19.11917495727539,0.037314571000024443,1
I40_11_03.png,/kaggle/working/MDFS/data/KADID/extracted/kadid10k/images/I40_11_03.png,I40.png,40,11,3,3.83,0.969,20.43627166748047,0.036348315000395814,1
I40_11_05.png,/kaggle/working/MDFS/data/KADID/extracted/kadid10k/images/I40_11_05.png,I40.png,40,11,5,3.33,1.106,24.224559783935547,0.03568233500027418,1
I40_12_02.png,/kaggle/working/MDFS/data/KADID/extracted/kadid10k/images/I40_12_02.png,I40.png,40,12,2,4.5,0.5,19.28826332092285,0.037177821999648586,1
I40_12_04.png,/kaggle/working/MDFS/data/KADID/extracted/kadid10k/images/I40_12_04.png,I40.png,40,12,4,3.6,1.02,21.70271110534668,0.037444706999849586,1
I40_13_01.png,/kaggle/working/MDFS/data/KADID/extracted/kadid10k/images/I40_13_01.png,I40.png,40,13,1,4.23,0.705,18.779315948486328,0.038080154999988736,1
I40_13_03.png,/kaggle/working/MDFS/data/KADID/extracted/kadid10k/images/I40_13_03.png,I40.png,40,13,3,2.8,1.077,19.731050491333008,0.03806909100057965,1
I40_13_05.png,/kaggle/working/MDFS/data/KADID/extracted/kadid10k/images/I40_13_05.png,I40.png,40,13,5,2.17,0.934,22.99217414855957,0.03775487099937891,1
I40_14_02.png,/kaggle/working/MDFS/data/KADID/extracted/kadid10k/images/I40_14_02.png,I40.png,40,14,2,4.3,0.586,18.94245719909668,0.0369921309993515,1
I40_14_04.png,/kaggle/working/MDFS/data/KADID/extracted/kadid10k/images/I40_14_04.png,I40.png,40,14,4,3.8,0.748,20.555604934692383,0.03734617999998591,1
I40_15_01.png,/kaggle/working/MDFS/data/KADID/extracted/kadid10k/images/I40_15_01.png,I40.png,40,15,1,3.1,1.012,19.764873504638672,0.03954534100012097,1
I40_15_03.png,/kaggle/working/MDFS/data/KADID/extracted/kadid10k/images/I40_15_03.png,I40.png,40,15,3,1.83,0.778,22.050979614257812,0.0389596929999243,1
I40_15_05.png,/kaggle/working/MDFS/data/KADID/extracted/kadid10k/images/I40_15_05.png,I40.png,40,15,5,1.7,0.526,24.949378967285156,0.038744759999644884,1
I40_16_02.png,/kaggle/working/MDFS/data/KADID/extracted/kadid10k/images/I40_16_02.png,I40.png,40,16,2,4.0,0.683,18.815221786499023,0.03845997200005513,1
I40_16_04.png,/kaggle/working/MDFS/data/KADID/extracted/kadid10k/images/I40_16_04.png,I40.png,40,16,4,2.43,0.955,19.891672134399414,0.0390066879999722,1
I40_17_01.png,/kaggle/working/MDFS/data/KADID/extracted/kadid10k/images/I40_17_01.png,I40.png,40,17,1,4.53,0.562,18.755382537841797,0.03851945400037948,1
I40_17_03.png,/kaggle/working/MDFS/data/KADID/extracted/kadid10k/images/I40_17_03.png,I40.png,40,17,3,3.93,0.772,18.781871795654297,0.03846223600066878,1
I40_17_05.png,/kaggle/working/MDFS/data/KADID/extracted/kadid10k/images/I40_17_05.png,I40.png,40,17,5,1.87,0.991,22.163211822509766,0.036597462999452546,1
I40_18_02.png,/kaggle/working/MDFS/data/KADID/extracted/kadid10k/images/I40_18_02.png,I40.png,40,18,2,4.4,0.663,19.078691482543945,0.03708454499974323,1
I40_18_04.png,/kaggle/working/MDFS/data/KADID/extracted/kadid10k/images/I40_18_04.png,I40.png,40,18,4,4.03,0.657,18.880720138549805,0.037113815000338946,1
I40_19_01.png,/kaggle/working/MDFS/data/KADID/extracted/kadid10k/images/I40_19_01.png,I40.png,40,19,1,4.1,0.943,18.551851272583008,0.037086262999764585,1
I40_19_03.png,/kaggle/working/MDFS/data/KADID/extracted/kadid10k/images/I40_19_03.png,I40.png,40,19,3,2.37,0.875,19.4765682220459,0.037523379999583995,1
I40_19_05.png,/kaggle/working/MDFS/data/KADID/extracted/kadid10k/images/I40_19_05.png,I40.png,40,19,5,1.2,0.4,25.263017654418945,0.037851244999728806,1
I40_20_02.png,/kaggle/working/MDFS/data/KADID/extracted/kadid10k/images/I40_20_02.png,I40.png,40,20,2,3.03,1.11,18.816444396972656,0.037773271999867575,1
I40_20_04.png,/kaggle/working/MDFS/data/KADID/extracted/kadid10k/images/I40_20_04.png,I40.png,40,20,4,3.07,1.289,18.652767181396484,0.03729418300008547,1
I40_21_01.png,/kaggle/working/MDFS/data/KADID/extracted/kadid10k/images/I40_21_01.png,I40.png,40,21,1,3.9,0.978,19.592132568359375,0.03845296100007545,1
I40_21_03.png,/kaggle/working/MDFS/data/KADID/extracted/kadid10k/images/I40_21_03.png,I40.png,40,21,3,2.67,1.011,20.90043830871582,0.03705057499973918,1
I40_21_05.png,/kaggle/working/MDFS/data/KADID/extracted/kadid10k/images/I40_21_05.png,I40.png,40,21,5,1.33,0.471,35.167449951171875,0.034009474999948,1
I40_22_02.png,/kaggle/working/MDFS/data/KADID/extracted/kadid10k/images/I40_22_02.png,I40.png,40,22,2,4.33,0.789,18.85437774658203,0.039348323999547574,1
I40_22_04.png,/kaggle/working/MDFS/data/KADID/extracted/kadid10k/images/I40_22_04.png,I40.png,40,22,4,4.37,0.706,18.938732147216797,0.038947404000282404,1
I40_23_01.png,/kaggle/working/MDFS/data/KADID/extracted/kadid10k/images/I40_23_01.png,I40.png,40,23,1,2.2,0.872,18.57665252685547,0.038986733999990975,1
I40_23_03.png,/kaggle/working/MDFS/data/KADID/extracted/kadid10k/images/I40_23_03.png,I40.png,40,23,3,1.83,0.734,18.57733917236328,0.04008228400016378,1
I40_23_05.png,/kaggle/working/MDFS/data/KADID/extracted/kadid10k/images/I40_23_05.png,I40.png,40,23,5,1.9,0.87,18.534109115600586,0.03782620299989503,1
I40_24_02.png,/kaggle/working/MDFS/data/KADID/extracted/kadid10k/images/I40_24_02.png,I40.png,40,24,2,1.97,0.795,24.667497634887695,0.03748519700002362,1
I40_24_04.png,/kaggle/working/MDFS/data/KADID/extracted/kadid10k/images/I40_24_04.png,I40.png,40,24,4,1.33,0.537,29.813325881958008,0.03532342400012567,1
I40_25_01.png,/kaggle/working/MDFS/data/KADID/extracted/kadid10k/images/I40_25_01.png,I40.png,40,25,1,3.63,0.752,20.420028686523438,0.038985344999673543,1
I40_25_03.png,/kaggle/working/MDFS/data/KADID/extracted/kadid10k/images/I40_25_03.png,I40.png,40,25,3,3.93,0.629,19.124895095825195,0.03800751700055116,1
I40_25_05.png,/kaggle/working/MDFS/data/KADID/extracted/kadid10k/images/I40_25_05.png,I40.png,40,25,5,2.45,0.836,18.52947425842285,0.038043452000238176,1
I41_01_02.png,/kaggle/working/MDFS/data/KADID/extracted/kadid10k/images/I41_01_02.png,I41.png,41,1,2,4.43,0.496,18.393003463745117,0.04061378799997328,1
I41_01_04.png,/kaggle/working/MDFS/data/KADID/extracted/kadid10k/images/I41_01_04.png,I41.png,41,1,4,2.07,0.573,28.411151885986328,0.039853885999946215,1
I41_02_01.png,/kaggle/working/MDFS/data/KADID/extracted/kadid10k/images/I41_02_01.png,I41.png,41,2,1,4.0,0.966,19.586868286132812,0.04072008999992249,1
I41_02_03.png,/kaggle/working/MDFS/data/KADID/extracted/kadid10k/images/I41_02_03.png,I41.png,41,2,3,1.81,0.583,25.95553207397461,0.03999523199945543,1
I41_02_05.png,/kaggle/working/MDFS/data/KADID/extracted/kadid10k/images/I41_02_05.png,I41.png,41,2,5,1.37,0.482,32.09257507324219,0.039228177999575564,1
I41_03_02.png,/kaggle/working/MDFS/data/KADID/extracted/kadid10k/images/I41_03_02.png,I41.png,41,3,2,4.6,0.663,19.765779495239258,0.040124648000528396,1
I41_03_04.png,/kaggle/working/MDFS/data/KADID/extracted/kadid10k/images/I41_03_04.png,I41.png,41,3,4,2.4,0.879,21.383214950561523,0.03941614799987292,1
I41_04_01.png,/kaggle/working/MDFS/data/KADID/extracted/kadid10k/images/I41_04_01.png,I41.png,41,4,1,4.67,0.537,18.60782241821289,0.040217661000497174,1
I41_04_03.png,/kaggle/working/MDFS/data/KADID/extracted/kadid10k/images/I41_04_03.png,I41.png,41,4,3,1.4,0.49,19.604413986206055,0.04693608200068411,1
I41_04_05.png,/kaggle/working/MDFS/data/KADID/extracted/kadid10k/images/I41_04_05.png,I41.png,41,4,5,1.2,0.4,20.50519561767578,0.03642648500044743,1
I41_05_02.png,/kaggle/working/MDFS/data/KADID/extracted/kadid10k/images/I41_05_02.png,I41.png,41,5,2,2.9,0.831,19.317739486694336,0.038815270000668534,1
I41_05_04.png,/kaggle/working/MDFS/data/KADID/extracted/kadid10k/images/I41_05_04.png,I41.png,41,5,4,2.4,0.841,19.04505157470703,0.039295372999731626,1
I41_06_01.png,/kaggle/working/MDFS/data/KADID/extracted/kadid10k/images/I41_06_01.png,I41.png,41,6,1,4.27,0.892,20.00423812866211,0.03780950800046412,1
I41_06_03.png,/kaggle/working/MDFS/data/KADID/extracted/kadid10k/images/I41_06_03.png,I41.png,41,6,3,3.7,1.005,20.73654556274414,0.05429924899999605,1
I41_06_05.png,/kaggle/working/MDFS/data/KADID/extracted/kadid10k/images/I41_06_05.png,I41.png,41,6,5,1.83,0.582,23.605005264282227,0.05836330500005715,1
I41_07_02.png,/kaggle/working/MDFS/data/KADID/extracted/kadid10k/images/I41_07_02.png,I41.png,41,7,2,2.57,1.202,18.20229721069336,0.03753450000021985,1
I41_07_04.png,/kaggle/working/MDFS/data/KADID/extracted/kadid10k/images/I41_07_04.png,I41.png,41,7,4,2.0,0.966,21.82097625732422,0.03688072600016312,1
I41_08_01.png,/kaggle/working/MDFS/data/KADID/extracted/kadid10k/images/I41_08_01.png,I41.png,41,8,1,4.53,0.499,18.133190155029297,0.039942927999618405,1
I41_08_03.png,/kaggle/working/MDFS/data/KADID/extracted/kadid10k/images/I41_08_03.png,I41.png,41,8,3,2.5,0.922,19.20302963256836,0.03866335600014281,1
I41_08_05.png,/kaggle/working/MDFS/data/KADID/extracted/kadid10k/images/I41_08_05.png,I41.png,41,8,5,1.37,0.547,22.70877456665039,0.03937690600014321,1
I41_09_02.png,/kaggle/working/MDFS/data/KADID/extracted/kadid10k/images/I41_09_02.png,I41.png,41,9,2,4.4,0.554,21.692480087280273,0.04034746199977235,1
I41_09_04.png,/kaggle/working/MDFS/data/KADID/extracted/kadid10k/images/I41_09_04.png,I41.png,41,9,4,1.83,0.687,29.09717559814453,0.04021046099933301,1
I41_10_01.png,/kaggle/working/MDFS/data/KADID/extracted/kadid10k/images/I41_10_01.png,I41.png,41,10,1,4.6,0.49,20.068527221679688,0.03978546100006497,1
I41_10_03.png,/kaggle/working/MDFS/data/KADID/extracted/kadid10k/images/I41_10_03.png,I41.png,41,10,3,4.03,0.948,21.925952911376953,0.03981956200004788,1
I41_10_05.png,/kaggle/working/MDFS/data/KADID/extracted/kadid10k/images/I41_10_05.png,I41.png,41,10,5,1.17,0.373,35.26613235473633,0.03773456599992642,1
I41_11_02.png,/kaggle/working/MDFS/data/KADID/extracted/kadid10k/images/I41_11_02.png,I41.png,41,11,2,3.63,0.657,21.22657585144043,0.03746805399987352,1
I41_11_04.png,/kaggle/working/MDFS/data/KADID/extracted/kadid10k/images/I41_11_04.png,I41.png,41,11,4,2.67,0.907,24.48505401611328,0.03708408400052576,1
I41_12_01.png,/kaggle/working/MDFS/data/KADID/extracted/kadid10k/images/I41_12_01.png,I41.png,41,12,1,4.67,0.471,18.82848358154297,0.03671714600022824,1
I41_12_03.png,/kaggle/working/MDFS/data/KADID/extracted/kadid10k/images/I41_12_03.png,I41.png,41,12,3,3.5,0.885,21.92609405517578,0.03696527400006744,1
I41_12_05.png,/kaggle/working/MDFS/data/KADID/extracted/kadid10k/images/I41_12_05.png,I41.png,41,12,5,2.6,0.554,25.667829513549805,0.03664959000070667,1
I41_13_02.png,/kaggle/working/MDFS/data/KADID/extracted/kadid10k/images/I41_13_02.png,I41.png,41,13,2,3.07,1.031,20.02754020690918,0.039218344999426336,1
I41_13_04.png,/kaggle/working/MDFS/data/KADID/extracted/kadid10k/images/I41_13_04.png,I41.png,41,13,4,2.6,0.8,23.0570068359375,0.03910238699972979,1
I41_14_01.png,/kaggle/working/MDFS/data/KADID/extracted/kadid10k/images/I41_14_01.png,I41.png,41,14,1,4.77,0.423,18.93202781677246,0.03826615999969363,1
I41_14_03.png,/kaggle/working/MDFS/data/KADID/extracted/kadid10k/images/I41_14_03.png,I41.png,41,14,3,3.1,0.597,23.352914810180664,0.03845442500005447,1
I41_14_05.png,/kaggle/working/MDFS/data/KADID/extracted/kadid10k/images/I41_14_05.png,I41.png,41,14,5,1.8,0.909,26.50325584411621,0.038313342000037665,1
I41_15_02.png,/kaggle/working/MDFS/data/KADID/extracted/kadid10k/images/I41_15_02.png,I41.png,41,15,2,2.33,0.869,22.292827606201172,0.03870507899955555,1
I41_15_04.png,/kaggle/working/MDFS/data/KADID/extracted/kadid10k/images/I41_15_04.png,I41.png,41,15,4,1.43,0.559,24.49449348449707,0.03661494100015261,1
I41_16_01.png,/kaggle/working/MDFS/data/KADID/extracted/kadid10k/images/I41_16_01.png,I41.png,41,16,1,4.6,0.611,18.22108268737793,0.03939161300058913,1
I41_16_03.png,/kaggle/working/MDFS/data/KADID/extracted/kadid10k/images/I41_16_03.png,I41.png,41,16,3,3.33,0.943,18.691120147705078,0.03916567199939891,1
I41_16_05.png,/kaggle/working/MDFS/data/KADID/extracted/kadid10k/images/I41_16_05.png,I41.png,41,16,5,1.4,0.554,24.543216705322266,0.037855708000279265,1
I41_17_02.png,/kaggle/working/MDFS/data/KADID/extracted/kadid10k/images/I41_17_02.png,I41.png,41,17,2,4.73,0.442,18.049488067626953,0.03963728300004732,1
I41_17_04.png,/kaggle/working/MDFS/data/KADID/extracted/kadid10k/images/I41_17_04.png,I41.png,41,17,4,3.6,0.841,17.92365074157715,0.039646741999604274,1
I41_18_01.png,/kaggle/working/MDFS/data/KADID/extracted/kadid10k/images/I41_18_01.png,I41.png,41,18,1,3.93,0.929,18.218074798583984,0.04078827099965565,1
I41_18_03.png,/kaggle/working/MDFS/data/KADID/extracted/kadid10k/images/I41_18_03.png,I41.png,41,18,3,4.6,0.663,18.133190155029297,0.03959428100006335,1
I41_18_05.png,/kaggle/working/MDFS/data/KADID/extracted/kadid10k/images/I41_18_05.png,I41.png,41,18,5,3.97,1.11,18.04091453552246,0.03951014900030714,1
I41_19_02.png,/kaggle/working/MDFS/data/KADID/extracted/kadid10k/images/I41_19_02.png,I41.png,41,19,2,4.7,0.458,18.286027908325195,0.039043517999743926,1
I41_19_04.png,/kaggle/working/MDFS/data/KADID/extracted/kadid10k/images/I41_19_04.png,I41.png,41,19,4,1.93,0.573,21.455669403076172,0.03892010199979268,1
I41_20_01.png,/kaggle/working/MDFS/data/KADID/extracted/kadid10k/images/I41_20_01.png,I41.png,41,20,1,4.2,0.945,18.09452247619629,0.0404348520005442,1
I41_20_03.png,/kaggle/working/MDFS/data/KADID/extracted/kadid10k/images/I41_20_03.png,I41.png,41,20,3,3.73,1.289,17.934673309326172,0.039212854999277624,1
I41_20_05.png,/kaggle/working/MDFS/data/KADID/extracted/kadid10k/images/I41_20_05.png,I41.png,41,20,5,2.4,1.2,17.945955276489258,0.03991175299961469,1
I41_21_02.png,/kaggle/working/MDFS/data/KADID/extracted/kadid10k/images/I41_21_02.png,I41.png,41,21,2,3.48,0.798,18.30093002319336,0.038818111999717075,1
I41_21_04.png,/kaggle/working/MDFS/data/KADID/extracted/kadid10k/images/I41_21_04.png,I41.png,41,21,4,3.13,0.921,19.291730880737305,0.037126970000826987,1
I41_22_01.png,/kaggle/working/MDFS/data/KADID/extracted/kadid10k/images/I41_22_01.png,I41.png,41,22,1,4.73,0.442,18.361177444458008,0.037357574999987264,1
I41_22_03.png,/kaggle/working/MDFS/data/KADID/extracted/kadid10k/images/I41_22_03.png,I41.png,41,22,3,4.27,0.629,18.581710815429688,0.0369379250005295,1
I41_22_05.png,/kaggle/working/MDFS/data/KADID/extracted/kadid10k/images/I41_22_05.png,I41.png,41,22,5,3.2,1.108,19.580366134643555,0.03542039199965075,1
I41_23_02.png,/kaggle/working/MDFS/data/KADID/extracted/kadid10k/images/I41_23_02.png,I41.png,41,23,2,3.13,1.087,18.016414642333984,0.04006981699967582,1
I41_23_04.png,/kaggle/working/MDFS/data/KADID/extracted/kadid10k/images/I41_23_04.png,I41.png,41,23,4,2.27,0.892,17.96565055847168,0.039211618000081216,1
I41_24_01.png,/kaggle/working/MDFS/data/KADID/extracted/kadid10k/images/I41_24_01.png,I41.png,41,24,1,4.07,0.573,18.417659759521484,0.039277175000279385,1
I41_24_03.png,/kaggle/working/MDFS/data/KADID/extracted/kadid10k/images/I41_24_03.png,I41.png,41,24,3,2.47,0.884,20.450439453125,0.03953126299984433,1
I41_24_05.png,/kaggle/working/MDFS/data/KADID/extracted/kadid10k/images/I41_24_05.png,I41.png,41,24,5,1.47,0.718,25.737943649291992,0.03939833099957468,1
I41_25_02.png,/kaggle/working/MDFS/data/KADID/extracted/kadid10k/images/I41_25_02.png,I41.png,41,25,2,4.23,0.716,18.15044403076172,0.040061001000140095,1
I41_25_04.png,/kaggle/working/MDFS/data/KADID/extracted/kadid10k/images/I41_25_04.png,I41.png,41,25,4,4.6,0.8,18.201461791992188,0.0390490959998715,1
I42_01_01.png,/kaggle/working/MDFS/data/KADID/extracted/kadid10k/images/I42_01_01.png,I42.png,42,1,1,4.57,0.559,18.271930694580078,0.039553505000185396,1
I42_01_03.png,/kaggle/working/MDFS/data/KADID/extracted/kadid10k/images/I42_01_03.png,I42.png,42,1,3,3.23,0.761,22.606969833374023,0.03922830899955443,1
I42_01_05.png,/kaggle/working/MDFS/data/KADID/extracted/kadid10k/images/I42_01_05.png,I42.png,42,1,5,1.4,0.49,40.32697296142578,0.038879884000380116,1
I42_02_02.png,/kaggle/working/MDFS/data/KADID/extracted/kadid10k/images/I42_02_02.png,I42.png,42,2,2,3.13,0.763,24.513530731201172,0.039280779999899096,1
I42_02_04.png,/kaggle/working/MDFS/data/KADID/extracted/kadid10k/images/I42_02_04.png,I42.png,42,2,4,1.6,0.554,30.791162490844727,0.03879957600020134,1
I42_03_01.png,/kaggle/working/MDFS/data/KADID/extracted/kadid10k/images/I42_03_01.png,I42.png,42,3,1,4.77,0.418,18.271930694580078,0.039354829999865615,1
I42_03_03.png,/kaggle/working/MDFS/data/KADID/extracted/kadid10k/images/I42_03_03.png,I42.png,42,3,3,3.07,0.727,22.093847274780273,0.03943588600031944,1
I42_03_05.png,/kaggle/working/MDFS/data/KADID/extracted/kadid10k/images/I42_03_05.png,I42.png,42,3,5,1.7,0.586,24.237987518310547,0.04067737299919827,1
I42_04_02.png,/kaggle/working/MDFS/data/KADID/extracted/kadid10k/images/I42_04_02.png,I42.png,42,4,2,2.33,0.869,19.9990291595459,0.039460412000153156,1
I42_04_04.png,/kaggle/working/MDFS/data/KADID/extracted/kadid10k/images/I42_04_04.png,I42.png,42,4,4,1.27,0.512,22.62129783630371,0.038612330999967526,1
I42_05_01.png,/kaggle/working/MDFS/data/KADID/extracted/kadid10k/images/I42_05_01.png,I42.png,42,5,1,4.33,0.471,19.110456466674805,0.039964019999388256,1
I42_05_03.png,/kaggle/working/MDFS/data/KADID/extracted/kadid10k/images/I42_05_03.png,I42.png,42,5,3,2.47,0.921,19.3666934967041,0.040148332999706327,1
I42_05_05.png,/kaggle/working/MDFS/data/KADID/extracted/kadid10k/images/I42_05_05.png,I42.png,42,5,5,2.27,0.629,18.89522933959961,0.04111697799999092,1
I42_06_02.png,/kaggle/working/MDFS/data/KADID/extracted/kadid10k/images/I42_06_02.png,I42.png,42,6,2,3.63,1.048,19.707794189453125,0.03619606400025077,1
I42_06_04.png,/kaggle/working/MDFS/data/KADID/extracted/kadid10k/images/I42_06_04.png,I42.png,42,6,4,2.77,0.761,21.690650939941406,0.035915702000238525,1
I42_07_01.png,/kaggle/working/MDFS/data/KADID/extracted/kadid10k/images/I42_07_01.png,I42.png,42,7,1,2.73,0.998,18.68901824951172,0.04092426299939689,1
I42_07_03.png,/kaggle/working/MDFS/data/KADID/extracted/kadid10k/images/I42_07_03.png,I42.png,42,7,3,2.03,0.948,20.144306182861328,0.04035712099994271,1
I42_07_05.png,/kaggle/working/MDFS/data/KADID/extracted/kadid10k/images/I42_07_05.png,I42.png,42,7,5,2.2,0.909,19.423847198486328,0.04030818499995803,1
I42_08_02.png,/kaggle/working/MDFS/data/KADID/extracted/kadid10k/images/I42_08_02.png,I42.png,42,8,2,3.17,0.969,19.070478439331055,0.040397568000116735,1
I42_08_04.png,/kaggle/working/MDFS/data/KADID/extracted/kadid10k/images/I42_08_04.png,I42.png,42,8,4,1.67,0.789,22.211196899414062,0.04022948599958909,1
I42_09_01.png,/kaggle/working/MDFS/data/KADID/extracted/kadid10k/images/I42_09_01.png,I42.png,42,9,1,4.73,0.442,19.024198532104492,0.040576138999313116,1
I42_09_03.png,/kaggle/working/MDFS/data/KADID/extracted/kadid10k/images/I42_09_03.png,I42.png,42,9,3,3.83,0.778,23.201908111572266,0.039796702000785444,1
I42_09_05.png,/kaggle/working/MDFS/data/KADID/extracted/kadid10k/images/I42_09_05.png,I42.png,42,9,5,1.23,0.423,38.069087982177734,0.03892571800042788,1
I42_10_02.png,/kaggle/working/MDFS/data/KADID/extracted/kadid10k/images/I42_10_02.png,I42.png,42,10,2,4.33,0.537,19.541648864746094,0.040149274000214064,1
I42_10_04.png,/kaggle/working/MDFS/data/KADID/extracted/kadid10k/images/I42_10_04.png,I42.png,42,10,4,2.3,0.69,29.81099510192871,0.0376529870000013,1
I42_11_01.png,/kaggle/working/MDFS/data/KADID/extracted/kadid10k/images/I42_11_01.png,I42.png,42,11,1,4.23,0.616,19.440364837646484,0.03723896700012119,1
I42_11_03.png,/kaggle/working/MDFS/data/KADID/extracted/kadid10k/images/I42_11_03.png,I42.png,42,11,3,3.33,0.699,20.91913604736328,0.03639879600086715,1
I42_11_05.png,/kaggle/working/MDFS/data/KADID/extracted/kadid10k/images/I42_11_05.png,I42.png,42,11,5,2.47,0.763,25.188154220581055,0.03684560299916484,1
I42_12_02.png,/kaggle/working/MDFS/data/KADID/extracted/kadid10k/images/I42_12_02.png,I42.png,42,12,2,3.83,0.637,19.621051788330078,0.03630631599935441,1
I42_12_04.png,/kaggle/working/MDFS/data/KADID/extracted/kadid10k/images/I42_12_04.png,I42.png,42,12,4,3.09,0.947,22.541322708129883,0.037383040000349865,1
I42_13_01.png,/kaggle/working/MDFS/data/KADID/extracted/kadid10k/images/I42_13_01.png,I42.png,42,13,1,3.9,0.943,18.250301361083984,0.03997525099930499,1
I42_13_03.png,/kaggle/working/MDFS/data/KADID/extracted/kadid10k/images/I42_13_03.png,I42.png,42,13,3,2.63,0.752,19.75934410095215,0.04078395200031082,1
I42_13_05.png,/kaggle/working/MDFS/data/KADID/extracted/kadid10k/images/I42_13_05.png,I42.png,42,13,5,2.33,0.65,23.636516571044922,0.038632271999631485,1
I42_14_02.png,/kaggle/working/MDFS/data/KADID/extracted/kadid10k/images/I42_14_02.png,I42.png,42,14,2,4.07,0.892,18.880035400390625,0.03767794099985622,1
I42_14_04.png,/kaggle/working/MDFS/data/KADID/extracted/kadid10k/images/I42_14_04.png,I42.png,42,14,4,2.93,0.964,21.386354446411133,0.037060136999571114,1
I42_15_01.png,/kaggle/working/MDFS/data/KADID/extracted/kadid10k/images/I42_15_01.png,I42.png,42,15,1,4.03,0.836,18.851505279541016,0.039917564000461425,1
I42_15_03.png,/kaggle/working/MDFS/data/KADID/extracted/kadid10k/images/I42_15_03.png,I42.png,42,15,3,2.13,0.618,20.607789993286133,0.03851834100078122,1
I42_15_05.png,/kaggle/working/MDFS/data/KADID/extracted/kadid10k/images/I42_15_05.png,I42.png,42,15,5,1.5,0.619,24.20565414428711,0.035769371000242245,1
I42_16_02.png,/kaggle/working/MDFS/data/KADID/extracted/kadid10k/images/I42_16_02.png,I42.png,42,16,2,4.33,0.699,18.2923583984375,0.0391079710007034,1
I42_16_04.png,/kaggle/working/MDFS/data/KADID/extracted/kadid10k/images/I42_16_04.png,I42.png,42,16,4,2.93,0.964,18.82951545715332,0.039727222999317746,1
I42_17_01.png,/kaggle/working/MDFS/data/KADID/extracted/kadid10k/images/I42_17_01.png,I42.png,42,17,1,4.73,0.442,18.246841430664062,0.03916588199990656,1
I42_17_03.png,/kaggle/working/MDFS/data/KADID/extracted/kadid10k/images/I42_17_03.png,I42.png,42,17,3,4.2,0.653,18.149887084960938,0.0388479000002917,1
I42_17_05.png,/kaggle/working/MDFS/data/KADID/extracted/kadid10k/images/I42_17_05.png,I42.png,42,17,5,1.77,0.716,19.796085357666016,0.03894175900040864,1
I42_18_02.png,/kaggle/working/MDFS/data/KADID/extracted/kadid10k/images/I42_18_02.png,I42.png,42,18,2,4.7,0.458,18.329870223999023,0.03968943699965166,1
I42_18_04.png,/kaggle/working/MDFS/data/KADID/extracted/kadid10k/images/I42_18_04.png,I42.png,42,18,4,4.43,0.559,18.427852630615234,0.040148358000806184,1
I42_19_01.png,/kaggle/working/MDFS/data/KADID/extracted/kadid10k/images/I42_19_01.png,I42.png,42,19,1,4.37,0.706,18.17363166809082,0.039941658999850915,1
I42_19_03.png,/kaggle/working/MDFS/data/KADID/extracted/kadid10k/images/I42_19_03.png,I42.png,42,19,3,3.47,0.846,18.669628143310547,0.03897305900045467,1
I42_19_05.png,/kaggle/working/MDFS/data/KADID/extracted/kadid10k/images/I42_19_05.png,I42.png,42,19,5,1.43,0.616,25.049924850463867,0.038234459999330284,1
I42_20_02.png,/kaggle/working/MDFS/data/KADID/extracted/kadid10k/images/I42_20_02.png,I42.png,42,20,2,4.17,0.934,18.092145919799805,0.04046862900031556,1
I42_20_04.png,/kaggle/working/MDFS/data/KADID/extracted/kadid10k/images/I42_20_04.png,I42.png,42,20,4,3.0,1.065,18.11528205871582,0.03937089300052321,1
I42_21_01.png,/kaggle/working/MDFS/data/KADID/extracted/kadid10k/images/I42_21_01.png,I42.png,42,21,1,3.42,1.04,18.17894744873047,0.03823069999998552,1
I42_21_03.png,/kaggle/working/MDFS/data/KADID/extracted/kadid10k/images/I42_21_03.png,I42.png,42,21,3,2.77,0.92,19.007078170776367,0.037276612999448844,1
I42_21_05.png,/kaggle/working/MDFS/data/KADID/extracted/kadid10k/images/I42_21_05.png,I42.png,42,21,5,1.43,0.496,29.558448791503906,0.033943633999115264,1
I42_22_02.png,/kaggle/working/MDFS/data/KADID/extracted/kadid10k/images/I42_22_02.png,I42.png,42,22,2,4.77,0.423,18.121578216552734,0.03845429699958913,1
I42_22_04.png,/kaggle/working/MDFS/data/KADID/extracted/kadid10k/images/I42_22_04.png,I42.png,42,22,4,4.2,0.702,18.37305450439453,0.03802263299985498,1
I42_23_01.png,/kaggle/working/MDFS/data/KADID/extracted/kadid10k/images/I42_23_01.png,I42.png,42,23,1,3.1,1.193,18.2492618560791,0.040073543000289646,1
I42_23_03.png,/kaggle/working/MDFS/data/KADID/extracted/kadid10k/images/I42_23_03.png,I42.png,42,23,3,2.4,0.757,18.128387451171875,0.04001119700023992,1
I42_23_05.png,/kaggle/working/MDFS/data/KADID/extracted/kadid10k/images/I42_23_05.png,I42.png,42,23,5,1.6,0.712,18.18326759338379,0.04144208100024116,1
I42_24_02.png,/kaggle/working/MDFS/data/KADID/extracted/kadid10k/images/I42_24_02.png,I42.png,42,24,2,2.9,0.943,20.841733932495117,0.03971699700014142,1
I42_24_04.png,/kaggle/working/MDFS/data/KADID/extracted/kadid10k/images/I42_24_04.png,I42.png,42,24,4,1.5,0.671,24.909223556518555,0.0389653600004749,1
I42_25_01.png,/kaggle/working/MDFS/data/KADID/extracted/kadid10k/images/I42_25_01.png,I42.png,42,25,1,3.13,1.147,18.941598892211914,0.0401140439998926,1
I42_25_03.png,/kaggle/working/MDFS/data/KADID/extracted/kadid10k/images/I42_25_03.png,I42.png,42,25,3,4.27,0.814,18.309223175048828,0.04036304300007032,1
I42_25_05.png,/kaggle/working/MDFS/data/KADID/extracted/kadid10k/images/I42_25_05.png,I42.png,42,25,5,3.1,0.907,18.564157485961914,0.04060394499992981,1
I43_01_02.png,/kaggle/working/MDFS/data/KADID/extracted/kadid10k/images/I43_01_02.png,I43.png,43,1,2,4.47,0.499,20.612058639526367,0.03865932400003658,1
I43_01_04.png,/kaggle/working/MDFS/data/KADID/extracted/kadid10k/images/I43_01_04.png,I43.png,43,1,4,2.47,0.67,31.17557716369629,0.03875501200036524,1
I43_02_01.png,/kaggle/working/MDFS/data/KADID/extracted/kadid10k/images/I43_02_01.png,I43.png,43,2,1,4.53,0.618,21.83896255493164,0.03919745500024874,1
I43_02_03.png,/kaggle/working/MDFS/data/KADID/extracted/kadid10k/images/I43_02_03.png,I43.png,43,2,3,2.2,0.792,27.31787872314453,0.03909190500053228,1
I43_02_05.png,/kaggle/working/MDFS/data/KADID/extracted/kadid10k/images/I43_02_05.png,I43.png,43,2,5,1.6,0.663,31.684228897094727,0.03872674600006576,1
I43_03_02.png,/kaggle/working/MDFS/data/KADID/extracted/kadid10k/images/I43_03_02.png,I43.png,43,3,2,4.47,0.562,21.502077102661133,0.03770093499952054,1
I43_03_04.png,/kaggle/working/MDFS/data/KADID/extracted/kadid10k/images/I43_03_04.png,I43.png,43,3,4,2.83,0.778,24.739118576049805,0.03883155200037436,1
I43_04_01.png,/kaggle/working/MDFS/data/KADID/extracted/kadid10k/images/I43_04_01.png,I43.png,43,4,1,4.87,0.34,20.287311553955078,0.036405306000233395,1
I43_04_03.png,/kaggle/working/MDFS/data/KADID/extracted/kadid10k/images/I43_04_03.png,I43.png,43,4,3,2.9,1.012,28.767215728759766,0.03544697600045765,1
I43_04_05.png,/kaggle/working/MDFS/data/KADID/extracted/kadid10k/images/I43_04_05.png,I43.png,43,4,5,2.63,1.11,29.9052677154541,0.03754858600041189,1
I43_05_02.png,/kaggle/working/MDFS/data/KADID/extracted/kadid10k/images/I43_05_02.png,I43.png,43,5,2,3.17,0.734,21.36018180847168,0.03819276699960028,1
I43_05_04.png,/kaggle/working/MDFS/data/KADID/extracted/kadid10k/images/I43_05_04.png,I43.png,43,5,4,2.1,0.817,20.717405319213867,0.03841078799996467,1
I43_06_01.png,/kaggle/working/MDFS/data/KADID/extracted/kadid10k/images/I43_06_01.png,I43.png,43,6,1,4.57,0.559,22.747901916503906,0.036630505999710294,1
I43_06_03.png,/kaggle/working/MDFS/data/KADID/extracted/kadid10k/images/I43_06_03.png,I43.png,43,6,3,4.67,0.471,23.086769104003906,0.034487058999729925,1
I43_06_05.png,/kaggle/working/MDFS/data/KADID/extracted/kadid10k/images/I43_06_05.png,I43.png,43,6,5,3.37,0.912,24.997255325317383,0.03512448399942514,1
I43_07_02.png,/kaggle/working/MDFS/data/KADID/extracted/kadid10k/images/I43_07_02.png,I43.png,43,7,2,2.03,1.14,20.899005889892578,0.03793818300073326,1
I43_07_04.png,/kaggle/working/MDFS/data/KADID/extracted/kadid10k/images/I43_07_04.png,I43.png,43,7,4,2.53,1.024,22.338361740112305,0.036408916000254976,1
I43_08_01.png,/kaggle/working/MDFS/data/KADID/extracted/kadid10k/images/I43_08_01.png,I43.png,43,8,1,4.6,0.49,20.4339599609375,0.03719656499924895,1
I43_08_03.png,/kaggle/working/MDFS/data/KADID/extracted/kadid10k/images/I43_08_03.png,I43.png,43,8,3,3.23,1.055,26.13956642150879,0.03549712099993485,1
I43_08_05.png,/kaggle/working/MDFS/data/KADID/extracted/kadid10k/images/I43_08_05.png,I43.png,43,8,5,3.07,0.854,28.827980041503906,0.03597312999954738,1
I43_09_02.png,/kaggle/working/MDFS/data/KADID/extracted/kadid10k/images/I43_09_02.png,I43.png,43,9,2,4.73,0.442,22.478618621826172,0.04010017199925642,1
I43_09_04.png,/kaggle/working/MDFS/data/KADID/extracted/kadid10k/images/I43_09_04.png,I43.png,43,9,4,3.3,0.936,27.620285034179688,0.03975817300033668,1
I43_10_01.png,/kaggle/working/MDFS/data/KADID/extracted/kadid10k/images/I43_10_01.png,I43.png,43,10,1,4.67,0.471,22.344696044921875,0.038823957000204246,1
I43_10_03.png,/kaggle/working/MDFS/data/KADID/extracted/kadid10k/images/I43_10_03.png,I43.png,43,10,3,4.33,0.699,24.593050003051758,0.0385094819994265,1
I43_10_05.png,/kaggle/working/MDFS/data/KADID/extracted/kadid10k/images/I43_10_05.png,I43.png,43,10,5,1.67,0.907,33.66154479980469,0.03610288399977435,1
I43_11_02.png,/kaggle/working/MDFS/data/KADID/extracted/kadid10k/images/I43_11_02.png,I43.png,43,11,2,3.63,1.048,23.93875503540039,0.03712294599972665,1
I43_11_04.png,/kaggle/working/MDFS/data/KADID/extracted/kadid10k/images/I43_11_04.png,I43.png,43,11,4,3.2,0.945,25.95754051208496,0.037047458000415645,1
I43_12_01.png,/kaggle/working/MDFS/data/KADID/extracted/kadid10k/images/I43_12_01.png,I43.png,43,12,1,4.8,0.476,21.763113021850586,0.03658044699932361,1
I43_12_03.png,/kaggle/working/MDFS/data/KADID/extracted/kadid10k/images/I43_12_03.png,I43.png,43,12,3,3.87,0.991,24.15182876586914,0.03792198700011795,1
I43_12_05.png,/kaggle/working/MDFS/data/KADID/extracted/kadid10k/images/I43_12_05.png,I43.png,43,12,5,2.9,0.978,26.764293670654297,0.03823245399962616,1
I43_13_02.png,/kaggle/working/MDFS/data/KADID/extracted/kadid10k/images/I43_13_02.png,I43.png,43,13,2,3.1,0.978,25.830598831176758,0.03773079899929144,1
I43_13_04.png,/kaggle/working/MDFS/data/KADID/extracted/kadid10k/images/I43_13_04.png,I43.png,43,13,4,2.47,0.921,26.527421951293945,0.03802452299987635,1
I43_14_01.png,/kaggle/working/MDFS/data/KADID/extracted/kadid10k/images/I43_14_01.png,I43.png,43,14,1,4.87,0.34,21.060565948486328,0.03780404100052692,1
I43_14_03.png,/kaggle/working/MDFS/data/KADID/extracted/kadid10k/images/I43_14_03.png,I43.png,43,14,3,3.97,0.875,23.07302474975586,0.03718981500060181,1
I43_14_05.png,/kaggle/working/MDFS/data/KADID/extracted/kadid10k/images/I43_14_05.png,I43.png,43,14,5,2.35,0.542,26.852802276611328,0.037518238999837195,1
I43_15_02.png,/kaggle/working/MDFS/data/KADID/extracted/kadid10k/images/I43_15_02.png,I43.png,43,15,2,3.0,0.683,24.270170211791992,0.03774738199990679,1
I43_15_04.png,/kaggle/working/MDFS/data/KADID/extracted/kadid10k/images/I43_15_04.png,I43.png,43,15,4,1.73,0.68,26.15989875793457,0.037985879000189016,1
I43_16_01.png,/kaggle/working/MDFS/data/KADID/extracted/kadid10k/images/I43_16_01.png,I43.png,43,16,1,4.42,0.555,20.55965805053711,0.038861410999743384,1
I43_16_03.png,/kaggle/working/MDFS/data/KADID/extracted/kadid10k/images/I43_16_03.png,I43.png,43,16,3,3.67,0.789,21.24001121520996,0.03923326600033761,1
I43_16_05.png,/kaggle/working/MDFS/data/KADID/extracted/kadid10k/images/I43_16_05.png,I43.png,43,16,5,1.63,0.547,23.101526260375977,0.0389339960001962,1
I43_17_02.png,/kaggle/working/MDFS/data/KADID/extracted/kadid10k/images/I43_17_02.png,I43.png,43,17,2,4.67,0.537,20.30708885192871,0.03739655800018227,1
I43_17_04.png,/kaggle/working/MDFS/data/KADID/extracted/kadid10k/images/I43_17_04.png,I43.png,43,17,4,3.9,0.539,20.26169204711914,0.03688116600005742,1
I43_18_01.png,/kaggle/working/MDFS/data/KADID/extracted/kadid10k/images/I43_18_01.png,I43.png,43,18,1,4.2,0.702,21.043399810791016,0.03742070699991018,1
I43_18_03.png,/kaggle/working/MDFS/data/KADID/extracted/kadid10k/images/I43_18_03.png,I43.png,43,18,3,4.67,0.471,20.4339599609375,0.036773869000171544,1
I43_18_05.png,/kaggle/working/MDFS/data/KADID/extracted/kadid10k/images/I43_18_05.png,I43.png,43,18,5,4.33,0.83,20.46910285949707,0.03643391600053292,1
I43_19_02.png,/kaggle/working/MDFS/data/KADID/extracted/kadid10k/images/I43_19_02.png,I43.png,43,19,2,4.57,0.496,20.09649658203125,0.037895147999734036,1
I43_19_04.png,/kaggle/working/MDFS/data/KADID/extracted/kadid10k/images/I43_19_04.png,I43.png,43,19,4,2.8,0.945,21.304767608642578,0.03806960000019899,1
I43_20_01.png,/kaggle/working/MDFS/data/KADID/extracted/kadid10k/images/I43_20_01.png,I43.png,43,20,1,4.5,0.719,20.39360809326172,0.0384893069995087,1
I43_20_03.png,/kaggle/working/MDFS/data/KADID/extracted/kadid10k/images/I43_20_03.png,I43.png,43,20,3,4.5,0.671,20.2829532623291,0.03805174300032377,1
I43_20_05.png,/kaggle/working/MDFS/data/KADID/extracted/kadid10k/images/I43_20_05.png,I43.png,43,20,5,3.67,1.422,20.277130126953125,0.03670361300009972,1
I43_21_02.png,/kaggle/working/MDFS/data/KADID/extracted/kadid10k/images/I43_21_02.png,I43.png,43,21,2,4.17,0.82,20.485321044921875,0.037548219000200334,1
I43_21_04.png,/kaggle/working/MDFS/data/KADID/extracted/kadid10k/images/I43_21_04.png,I43.png,43,21,4,4.07,0.998,21.153284072875977,0.036117737999120436,1
I43_22_01.png,/kaggle/working/MDFS/data/KADID/extracted/kadid10k/images/I43_22_01.png,I43.png,43,22,1,3.57,0.989,21.178546905517578,0.03773476900005335,1
I43_22_03.png,/kaggle/working/MDFS/data/KADID/extracted/kadid10k/images/I43_22_03.png,I43.png,43,22,3,3.23,1.174,21.73787498474121,0.03807005199996638,1
I43_22_05.png,/kaggle/working/MDFS/data/KADID/extracted/kadid10k/images/I43_22_05.png,I43.png,43,22,5,3.0,1.238,24.02690887451172,0.03752245400028187,1
I43_23_02.png,/kaggle/working/MDFS/data/KADID/extracted/kadid10k/images/I43_23_02.png,I43.png,43,23,2,2.13,0.763,20.315156936645508,0.03826789400045527,1
I43_23_04.png,/kaggle/working/MDFS/data/KADID/extracted/kadid10k/images/I43_23_04.png,I43.png,43,23,4,2.07,0.772,20.14169692993164,0.037870879000365676,1
I43_24_01.png,/kaggle/working/MDFS/data/KADID/extracted/kadid10k/images/I43_24_01.png,I43.png,43,24,1,4.43,0.559,20.891380310058594,0.037604766999720596,1
I43_24_03.png,/kaggle/working/MDFS/data/KADID/extracted/kadid10k/images/I43_24_03.png,I43.png,43,24,3,2.8,0.98,22.742237091064453,0.037240263000057894,1
I43_24_05.png,/kaggle/working/MDFS/data/KADID/extracted/kadid10k/images/I43_24_05.png,I43.png,43,24,5,1.81,0.78,26.18751335144043,0.037266578999151534,1
I43_25_02.png,/kaggle/working/MDFS/data/KADID/extracted/kadid10k/images/I43_25_02.png,I43.png,43,25,2,4.2,0.653,20.713565826416016,0.037714269999924,1
I43_25_04.png,/kaggle/working/MDFS/data/KADID/extracted/kadid10k/images/I43_25_04.png,I43.png,43,25,4,4.13,0.884,20.39935874938965,0.03885894100039877,1
I44_01_01.png,/kaggle/working/MDFS/data/KADID/extracted/kadid10k/images/I44_01_01.png,I44.png,44,1,1,4.43,0.716,18.64607810974121,0.04003361200011568,1
I44_01_03.png,/kaggle/working/MDFS/data/KADID/extracted/kadid10k/images/I44_01_03.png,I44.png,44,1,3,3.63,0.752,22.756580352783203,0.03951957500066783,1
I44_01_05.png,/kaggle/working/MDFS/data/KADID/extracted/kadid10k/images/I44_01_05.png,I44.png,44,1,5,1.13,0.34,41.42348861694336,0.03871792700010701,1
I44_02_02.png,/kaggle/working/MDFS/data/KADID/extracted/kadid10k/images/I44_02_02.png,I44.png,44,2,2,2.93,0.892,24.45173454284668,0.0395125659997575,1
I44_02_04.png,/kaggle/working/MDFS/data/KADID/extracted/kadid10k/images/I44_02_04.png,I44.png,44,2,4,1.3,0.458,34.82426834106445,0.03780418199949054,1
I44_03_01.png,/kaggle/working/MDFS/data/KADID/extracted/kadid10k/images/I44_03_01.png,I44.png,44,3,1,4.47,0.763,18.64607810974121,0.0394634029998997,1
I44_03_03.png,/kaggle/working/MDFS/data/KADID/extracted/kadid10k/images/I44_03_03.png,I44.png,44,3,3,3.37,0.875,21.877878189086914,0.03831668099974195,1
I44_03_05.png,/kaggle/working/MDFS/data/KADID/extracted/kadid10k/images/I44_03_05.png,I44.png,44,3,5,1.57,0.667,25.036258697509766,0.03765861400006543,1
I44_04_02.png,/kaggle/working/MDFS/data/KADID/extracted/kadid10k/images/I44_04_02.png,I44.png,44,4,2,2.2,1.046,18.829755783081055,0.03936409400012053,1
I44_04_04.png,/kaggle/working/MDFS/data/KADID/extracted/kadid10k/images/I44_04_04.png,I44.png,44,4,4,1.48,0.666,20.839141845703125,0.037511075000111305,1
I44_05_01.png,/kaggle/working/MDFS/data/KADID/extracted/kadid10k/images/I44_05_01.png,I44.png,44,5,1,4.73,0.442,19.728099822998047,0.03886080500069511,1
I44_05_03.png,/kaggle/working/MDFS/data/KADID/extracted/kadid10k/images/I44_05_03.png,I44.png,44,5,3,1.93,0.68,19.890119552612305,0.03901495199988858,1
I44_05_05.png,/kaggle/working/MDFS/data/KADID/extracted/kadid10k/images/I44_05_05.png,I44.png,44,5,5,1.37,0.605,19.40526580810547,0.03932458500003122,1
I44_06_02.png,/kaggle/working/MDFS/data/KADID/extracted/kadid10k/images/I44_06_02.png,I44.png,44,6,2,4.2,0.833,20.62584686279297,0.0368045240002175,1
I44_06_04.png,/kaggle/working/MDFS/data/KADID/extracted/kadid10k/images/I44_06_04.png,I44.png,44,6,4,3.87,1.118,22.253015518188477,0.03606969900010881,1
I44_07_01.png,/kaggle/working/MDFS/data/KADID/extracted/kadid10k/images/I44_07_01.png,I44.png,44,7,1,2.57,1.055,20.538644790649414,0.03923634100010531,1
I44_07_03.png,/kaggle/working/MDFS/data/KADID/extracted/kadid10k/images/I44_07_03.png,I44.png,44,7,3,1.94,1.045,21.390674591064453,0.03797919799944793,1
I44_07_05.png,/kaggle/working/MDFS/data/KADID/extracted/kadid10k/images/I44_07_05.png,I44.png,44,7,5,2.0,0.966,20.3068904876709,0.038275844999589026,1
I44_08_02.png,/kaggle/working/MDFS/data/KADID/extracted/kadid10k/images/I44_08_02.png,I44.png,44,8,2,3.23,1.055,19.067955017089844,0.039015903000290564,1
I44_08_04.png,/kaggle/working/MDFS/data/KADID/extracted/kadid10k/images/I44_08_04.png,I44.png,44,8,4,1.37,0.547,20.9002628326416,0.03899475100024574,1
I44_09_01.png,/kaggle/working/MDFS/data/KADID/extracted/kadid10k/images/I44_09_01.png,I44.png,44,9,1,4.73,0.442,18.534717559814453,0.04024580799978139,1
I44_09_03.png,/kaggle/working/MDFS/data/KADID/extracted/kadid10k/images/I44_09_03.png,I44.png,44,9,3,4.4,0.49,20.82501983642578,0.040304209999703744,1
I44_09_05.png,/kaggle/working/MDFS/data/KADID/extracted/kadid10k/images/I44_09_05.png,I44.png,44,9,5,1.33,0.537,36.71965026855469,0.0389063669999814,1
I44_10_02.png,/kaggle/working/MDFS/data/KADID/extracted/kadid10k/images/I44_10_02.png,I44.png,44,10,2,4.4,0.712,19.585037231445312,0.03936915199938085,1
I44_10_04.png,/kaggle/working/MDFS/data/KADID/extracted/kadid10k/images/I44_10_04.png,I44.png,44,10,4,2.33,1.164,30.354595184326172,0.03738025100028608,1
I44_11_01.png,/kaggle/working/MDFS/data/KADID/extracted/kadid10k/images/I44_11_01.png,I44.png,44,11,1,4.07,0.772,20.6080379486084,0.03847953299919027,1
I44_11_03.png,/kaggle/working/MDFS/data/KADID/extracted/kadid10k/images/I44_11_03.png,I44.png,44,11,3,3.2,0.909,23.129337310791016,0.038742756999454286,1
I44_11_05.png,/kaggle/working/MDFS/data/KADID/extracted/kadid10k/images/I44_11_05.png,I44.png,44,11,5,2.33,0.65,28.303634643554688,0.03866382599971985,1
I44_12_02.png,/kaggle/working/MDFS/data/KADID/extracted/kadid10k/images/I44_12_02.png,I44.png,44,12,2,4.03,0.657,21.134212493896484,0.03863402200022392,1
I44_12_04.png,/kaggle/working/MDFS/data/KADID/extracted/kadid10k/images/I44_12_04.png,I44.png,44,12,4,2.84,0.905,25.059234619140625,0.03776208300041617,1
I44_13_01.png,/kaggle/working/MDFS/data/KADID/extracted/kadid10k/images/I44_13_01.png,I44.png,44,13,1,3.7,0.862,18.607990264892578,0.04139301399936812,1
I44_13_03.png,/kaggle/working/MDFS/data/KADID/extracted/kadid10k/images/I44_13_03.png,I44.png,44,13,3,2.53,0.718,21.423307418823242,0.039160509000794264,1
I44_13_05.png,/kaggle/working/MDFS/data/KADID/extracted/kadid10k/images/I44_13_05.png,I44.png,44,13,5,2.3,0.862,25.20688247680664,0.037301634000868944,1
I44_14_02.png,/kaggle/working/MDFS/data/KADID/extracted/kadid10k/images/I44_14_02.png,I44.png,44,14,2,3.87,0.718,20.193025588989258,0.035838531000081275,1
I44_14_04.png,/kaggle/working/MDFS/data/KADID/extracted/kadid10k/images/I44_14_04.png,I44.png,44,14,4,2.8,0.872,24.177776336669922,0.03729832200042438,1
I44_15_01.png,/kaggle/working/MDFS/data/KADID/extracted/kadid10k/images/I44_15_01.png,I44.png,44,15,1,3.77,0.955,20.091259002685547,0.04073245000017778,1
I44_15_03.png,/kaggle/working/MDFS/data/KADID/extracted/kadid10k/images/I44_15_03.png,I44.png,44,15,3,2.23,0.716,22.637571334838867,0.038659157999973104,1
I44_15_05.png,/kaggle/working/MDFS/data/KADID/extracted/kadid10k/images/I44_15_05.png,I44.png,44,15,5,1.2,0.4,26.42634391784668,0.037460382000062964,1
I44_16_02.png,/kaggle/working/MDFS/data/KADID/extracted/kadid10k/images/I44_16_02.png,I44.png,44,16,2,4.13,0.562,18.54209327697754,0.039464397999836365,1
I44_16_04.png,/kaggle/working/MDFS/data/KADID/extracted/kadid10k/images/I44_16_04.png,I44.png,44,16,4,2.3,0.936,19.21976661682129,0.03888993800046592,1
I44_17_01.png,/kaggle/working/MDFS/data/KADID/extracted/kadid10k/images/I44_17_01.png,I44.png,44,17,1,4.6,0.49,18.704524993896484,0.03875131199947646,1
I44_17_03.png,/kaggle/working/MDFS/data/KADID/extracted/kadid10k/images/I44_17_03.png,I44.png,44,17,3,3.9,0.831,18.81145477294922,0.037838797999938834,1
I44_17_05.png,/kaggle/working/MDFS/data/KADID/extracted/kadid10k/images/I44_17_05.png,I44.png,44,17,5,1.7,0.69,19.269166946411133,0.03732444199977181,1
I44_18_02.png,/kaggle/working/MDFS/data/KADID/extracted/kadid10k/images/I44_18_02.png,I44.png,44,18,2,4.43,0.616,18.71206283569336,0.03835142299976724,1
I44_18_04.png,/kaggle/working/MDFS/data/KADID/extracted/kadid10k/images/I44_18_04.png,I44.png,44,18,4,4.26,0.506,18.741580963134766,0.03818393100027606,1
I44_19_01.png,/kaggle/working/MDFS/data/KADID/extracted/kadid10k/images/I44_19_01.png,I44.png,44,19,1,4.47,0.618,18.672502517700195,0.03808291699988331,1
I44_19_03.png,/kaggle/working/MDFS/data/KADID/extracted/kadid10k/images/I44_19_03.png,I44.png,44,19,3,3.8,0.702,18.98514175415039,0.03787066299992148,1
I44_19_05.png,/kaggle/working/MDFS/data/KADID/extracted/kadid10k/images/I44_19_05.png,I44.png,44,19,5,1.43,0.559,24.427827835083008,0.03815769399989222,1
I44_20_02.png,/kaggle/working/MDFS/data/KADID/extracted/kadid10k/images/I44_20_02.png,I44.png,44,20,2,3.67,1.135,18.146869659423828,0.03943921100017178,1
I44_20_04.png,/kaggle/working/MDFS/data/KADID/extracted/kadid10k/images/I44_20_04.png,I44.png,44,20,4,3.53,1.087,18.05704116821289,0.0386678140002914,1
I44_21_01.png,/kaggle/working/MDFS/data/KADID/extracted/kadid10k/images/I44_21_01.png,I44.png,44,21,1,4.07,0.814,18.024372100830078,0.03837553499943169,1
I44_21_03.png,/kaggle/working/MDFS/data/KADID/extracted/kadid10k/images/I44_21_03.png,I44.png,44,21,3,3.03,1.14,18.608169555664062,0.03715512599956128,1
I44_21_05.png,/kaggle/working/MDFS/data/KADID/extracted/kadid10k/images/I44_21_05.png,I44.png,44,21,5,1.43,0.559,27.641136169433594,0.03363146899937419,1
I44_22_02.png,/kaggle/working/MDFS/data/KADID/extracted/kadid10k/images/I44_22_02.png,I44.png,44,22,2,4.33,0.65,18.416311264038086,0.037768110000797606,1
I44_22_04.png,/kaggle/working/MDFS/data/KADID/extracted/kadid10k/images/I44_22_04.png,I44.png,44,22,4,3.22,0.992,18.993104934692383,0.03758326099978149,1
I44_23_01.png,/kaggle/working/MDFS/data/KADID/extracted/kadid10k/images/I44_23_01.png,I44.png,44,23,1,2.73,0.814,18.633010864257812,0.0394443670002147,1
I44_23_03.png,/kaggle/working/MDFS/data/KADID/extracted/kadid10k/images/I44_23_03.png,I44.png,44,23,3,2.23,0.955,18.525909423828125,0.03922851300012553,1
I44_23_05.png,/kaggle/working/MDFS/data/KADID/extracted/kadid10k/images/I44_23_05.png,I44.png,44,23,5,1.97,0.795,18.562665939331055,0.03922591700029443,1
I44_24_02.png,/kaggle/working/MDFS/data/KADID/extracted/kadid10k/images/I44_24_02.png,I44.png,44,24,2,2.45,0.836,20.603498458862305,0.03924490100052935,1
I44_24_04.png,/kaggle/working/MDFS/data/KADID/extracted/kadid10k/images/I44_24_04.png,I44.png,44,24,4,1.73,0.772,24.042762756347656,0.03898698300054093,1
I44_25_01.png,/kaggle/working/MDFS/data/KADID/extracted/kadid10k/images/I44_25_01.png,I44.png,44,25,1,3.17,1.035,18.96382713317871,0.0383912990000681,1
I44_25_03.png,/kaggle/working/MDFS/data/KADID/extracted/kadid10k/images/I44_25_03.png,I44.png,44,25,3,4.17,0.687,18.66066551208496,0.038783545999649505,1
I44_25_05.png,/kaggle/working/MDFS/data/KADID/extracted/kadid10k/images/I44_25_05.png,I44.png,44,25,5,2.97,0.795,18.721721649169922,0.039702249999209016,1
I45_01_02.png,/kaggle/working/MDFS/data/KADID/extracted/kadid10k/images/I45_01_02.png,I45.png,45,1,2,4.3,0.69,16.846389770507812,0.0409472060000553,1
I45_01_04.png,/kaggle/working/MDFS/data/KADID/extracted/kadid10k/images/I45_01_04.png,I45.png,45,1,4,1.45,0.498,30.282747268676758,0.03844198300066637,1
I45_02_01.png,/kaggle/working/MDFS/data/KADID/extracted/kadid10k/images/I45_02_01.png,I45.png,45,2,1,3.63,0.836,18.003299713134766,0.0389464420004515,1
I45_02_03.png,/kaggle/working/MDFS/data/KADID/extracted/kadid10k/images/I45_02_03.png,I45.png,45,2,3,1.5,0.671,26.62251091003418,0.038363054000001284,1
I45_02_05.png,/kaggle/working/MDFS/data/KADID/extracted/kadid10k/images/I45_02_05.png,I45.png,45,2,5,1.17,0.373,34.525108337402344,0.03841691100024036,1
I45_03_02.png,/kaggle/working/MDFS/data/KADID/extracted/kadid10k/images/I45_03_02.png,I45.png,45,3,2,3.8,0.872,17.92556381225586,0.040654974000062793,1
I45_03_04.png,/kaggle/working/MDFS/data/KADID/extracted/kadid10k/images/I45_03_04.png,I45.png,45,3,4,1.9,0.597,21.965871810913086,0.038957884999945236,1
I45_04_01.png,/kaggle/working/MDFS/data/KADID/extracted/kadid10k/images/I45_04_01.png,I45.png,45,4,1,4.7,0.526,17.60439682006836,0.03928484600055526,1
I45_04_03.png,/kaggle/working/MDFS/data/KADID/extracted/kadid10k/images/I45_04_03.png,I45.png,45,4,3,1.5,0.806,19.658084869384766,0.03858168599981582,1
I45_04_05.png,/kaggle/working/MDFS/data/KADID/extracted/kadid10k/images/I45_04_05.png,I45.png,45,4,5,1.3,0.458,21.154077529907227,0.03848981000010099,1
I45_05_02.png,/kaggle/working/MDFS/data/KADID/extracted/kadid10k/images/I45_05_02.png,I45.png,45,5,2,2.69,0.95,17.998794555664062,0.03961443899970618,1
I45_05_04.png,/kaggle/working/MDFS/data/KADID/extracted/kadid10k/images/I45_05_04.png,I45.png,45,5,4,1.53,0.562,17.48869514465332,0.03903664100016613,1
I45_06_01.png,/kaggle/working/MDFS/data/KADID/extracted/kadid10k/images/I45_06_01.png,I45.png,45,6,1,3.33,1.164,19.408687591552734,0.036193416999594774,1
I45_06_03.png,/kaggle/working/MDFS/data/KADID/extracted/kadid10k/images/I45_06_03.png,I45.png,45,6,3,2.5,0.922,20.1613826751709,0.035131444000398915,1
I45_06_05.png,/kaggle/working/MDFS/data/KADID/extracted/kadid10k/images/I45_06_05.png,I45.png,45,6,5,1.53,0.718,24.2044734954834,0.034648740999728034,1
I45_07_02.png,/kaggle/working/MDFS/data/KADID/extracted/kadid10k/images/I45_07_02.png,I45.png,45,7,2,2.67,0.978,18.672624588012695,0.047693753999737964,1
I45_07_04.png,/kaggle/working/MDFS/data/KADID/extracted/kadid10k/images/I45_07_04.png,I45.png,45,7,4,2.57,1.116,21.306392669677734,0.048977211999954307,1
I45_08_01.png,/kaggle/working/MDFS/data/KADID/extracted/kadid10k/images/I45_08_01.png,I45.png,45,8,1,4.53,0.562,17.059587478637695,0.03939090799940459,1
I45_08_03.png,/kaggle/working/MDFS/data/KADID/extracted/kadid10k/images/I45_08_03.png,I45.png,45,8,3,2.63,1.08,18.353601455688477,0.041006922000633494,1
I45_08_05.png,/kaggle/working/MDFS/data/KADID/extracted/kadid10k/images/I45_08_05.png,I45.png,45,8,5,1.3,0.458,22.15772819519043,0.04165602500052046,1
I45_09_02.png,/kaggle/working/MDFS/data/KADID/extracted/kadid10k/images/I45_09_02.png,I45.png,45,9,2,4.47,0.499,19.52240753173828,0.05074561499986885,1
I45_09_04.png,/kaggle/working/MDFS/data/KADID/extracted/kadid10k/images/I45_09_04.png,I45.png,45,9,4,2.03,0.605,28.229625701904297,0.0547951769995052,1
I45_10_01.png,/kaggle/working/MDFS/data/KADID/extracted/kadid10k/images/I45_10_01.png,I45.png,45,10,1,4.1,0.7,18.290752410888672,0.038189629999578756,1
I45_10_03.png,/kaggle/working/MDFS/data/KADID/extracted/kadid10k/images/I45_10_03.png,I45.png,45,10,3,3.58,1.009,20.41614532470703,0.04002083399973344,1
I45_10_05.png,/kaggle/working/MDFS/data/KADID/extracted/kadid10k/images/I45_10_05.png,I45.png,45,10,5,1.13,0.34,34.376285552978516,0.039197124000565964,1
I45_11_02.png,/kaggle/working/MDFS/data/KADID/extracted/kadid10k/images/I45_11_02.png,I45.png,45,11,2,3.17,0.82,19.572513580322266,0.038438284000221756,1
I45_11_04.png,/kaggle/working/MDFS/data/KADID/extracted/kadid10k/images/I45_11_04.png,I45.png,45,11,4,2.4,0.8,22.052440643310547,0.03855019899947365,1
I45_12_01.png,/kaggle/working/MDFS/data/KADID/extracted/kadid10k/images/I45_12_01.png,I45.png,45,12,1,4.47,0.618,17.77730369567871,0.03816037799970218,1
I45_12_03.png,/kaggle/working/MDFS/data/KADID/extracted/kadid10k/images/I45_12_03.png,I45.png,45,12,3,2.94,0.716,20.03740692138672,0.037989478999406856,1
I45_12_05.png,/kaggle/working/MDFS/data/KADID/extracted/kadid10k/images/I45_12_05.png,I45.png,45,12,5,2.23,0.844,23.711198806762695,0.03770686899952125,1
I45_13_02.png,/kaggle/working/MDFS/data/KADID/extracted/kadid10k/images/I45_13_02.png,I45.png,45,13,2,2.8,0.792,17.962507247924805,0.03908944700015127,1
I45_13_04.png,/kaggle/working/MDFS/data/KADID/extracted/kadid10k/images/I45_13_04.png,I45.png,45,13,4,2.37,0.752,21.3330020904541,0.03814861900082178,1
I45_14_01.png,/kaggle/working/MDFS/data/KADID/extracted/kadid10k/images/I45_14_01.png,I45.png,45,14,1,4.27,0.727,17.51480484008789,0.037834230000044045,1
I45_14_03.png,/kaggle/working/MDFS/data/KADID/extracted/kadid10k/images/I45_14_03.png,I45.png,45,14,3,2.77,0.803,19.033058166503906,0.038354315000106,1
I45_14_05.png,/kaggle/working/MDFS/data/KADID/extracted/kadid10k/images/I45_14_05.png,I45.png,45,14,5,1.73,0.442,23.659048080444336,0.039449541000067256,1
I45_15_02.png,/kaggle/working/MDFS/data/KADID/extracted/kadid10k/images/I45_15_02.png,I45.png,45,15,2,2.27,0.727,20.39525604248047,0.04091612799948052,1
I45_15_04.png,/kaggle/working/MDFS/data/KADID/extracted/kadid10k/images/I45_15_04.png,I45.png,45,15,4,1.47,0.499,23.698637008666992,0.03882084900033078,1
I45_16_01.png,/kaggle/working/MDFS/data/KADID/extracted/kadid10k/images/I45_16_01.png,I45.png,45,16,1,4.63,0.547,17.074451446533203,0.04115768000065145,1
I45_16_03.png,/kaggle/working/MDFS/data/KADID/extracted/kadid10k/images/I45_16_03.png,I45.png,45,16,3,3.7,0.781,17.164581298828125,0.04038482000032673,1
I45_16_05.png,/kaggle/working/MDFS/data/KADID/extracted/kadid10k/images/I45_16_05.png,I45.png,45,16,5,1.47,0.618,20.62668800354004,0.03957360699951096,1
I45_17_02.png,/kaggle/working/MDFS/data/KADID/extracted/kadid10k/images/I45_17_02.png,I45.png,45,17,2,4.63,0.547,17.047964096069336,0.04099325800052611,1
I45_17_04.png,/kaggle/working/MDFS/data/KADID/extracted/kadid10k/images/I45_17_04.png,I45.png,45,17,4,3.97,0.657,17.042024612426758,0.0406449470001462,1
I45_18_01.png,/kaggle/working/MDFS/data/KADID/extracted/kadid10k/images/I45_18_01.png,I45.png,45,18,1,4.3,0.69,17.136960983276367,0.03968440599965106,1
I45_18_03.png,/kaggle/working/MDFS/data/KADID/extracted/kadid10k/images/I45_18_03.png,I45.png,45,18,3,4.53,0.562,17.059587478637695,0.039747388000250794,1
I45_18_05.png,/kaggle/working/MDFS/data/KADID/extracted/kadid10k/images/I45_18_05.png,I45.png,45,18,5,4.03,0.605,17.18061637878418,0.03999476599983609,1
I45_19_02.png,/kaggle/working/MDFS/data/KADID/extracted/kadid10k/images/I45_19_02.png,I45.png,45,19,2,4.3,0.64,17.054765701293945,0.03981890600061888,1
I45_19_04.png,/kaggle/working/MDFS/data/KADID/extracted/kadid10k/images/I45_19_04.png,I45.png,45,19,4,1.57,0.496,19.472763061523438,0.03830257700064976,1
I45_20_01.png,/kaggle/working/MDFS/data/KADID/extracted/kadid10k/images/I45_20_01.png,I45.png,45,20,1,4.27,0.854,16.975284576416016,0.0404498979996788,1
I45_20_03.png,/kaggle/working/MDFS/data/KADID/extracted/kadid10k/images/I45_20_03.png,I45.png,45,20,3,2.67,1.374,16.896799087524414,0.03912698499971157,1
I45_20_05.png,/kaggle/working/MDFS/data/KADID/extracted/kadid10k/images/I45_20_05.png,I45.png,45,20,5,2.07,1.062,16.850845336914062,0.03908014999979059,1
I45_21_02.png,/kaggle/working/MDFS/data/KADID/extracted/kadid10k/images/I45_21_02.png,I45.png,45,21,2,2.43,0.883,17.213600158691406,0.038156004000484245,1
I45_21_04.png,/kaggle/working/MDFS/data/KADID/extracted/kadid10k/images/I45_21_04.png,I45.png,45,21,4,2.4,0.8,18.32326316833496,0.03639630399993621,1
I45_22_01.png,/kaggle/working/MDFS/data/KADID/extracted/kadid10k/images/I45_22_01.png,I45.png,45,22,1,4.23,0.658,17.002748489379883,0.03894143500019709,1
I45_22_03.png,/kaggle/working/MDFS/data/KADID/extracted/kadid10k/images/I45_22_03.png,I45.png,45,22,3,3.73,1.031,17.158266067504883,0.03720495000015944,1
I45_22_05.png,/kaggle/working/MDFS/data/KADID/extracted/kadid10k/images/I45_22_05.png,I45.png,45,22,5,2.47,0.957,18.134071350097656,0.03696287800084974,1
I45_23_02.png,/kaggle/working/MDFS/data/KADID/extracted/kadid10k/images/I45_23_02.png,I45.png,45,23,2,2.77,0.989,17.027198791503906,0.04047019300014654,1
I45_23_04.png,/kaggle/working/MDFS/data/KADID/extracted/kadid10k/images/I45_23_04.png,I45.png,45,23,4,1.97,0.948,16.968721389770508,0.03997516999970685,1
I45_24_01.png,/kaggle/working/MDFS/data/KADID/extracted/kadid10k/images/I45_24_01.png,I45.png,45,24,1,3.4,0.879,18.049846649169922,0.04074599199975637,1
I45_24_03.png,/kaggle/working/MDFS/data/KADID/extracted/kadid10k/images/I45_24_03.png,I45.png,45,24,3,2.1,0.7,20.436004638671875,0.04124673099977372,1
I45_24_05.png,/kaggle/working/MDFS/data/KADID/extracted/kadid10k/images/I45_24_05.png,I45.png,45,24,5,1.37,0.547,25.65569496154785,0.03945981899960316,1
I45_25_02.png,/kaggle/working/MDFS/data/KADID/extracted/kadid10k/images/I45_25_02.png,I45.png,45,25,2,3.8,0.792,17.131776809692383,0.04080462500041904,1
I45_25_04.png,/kaggle/working/MDFS/data/KADID/extracted/kadid10k/images/I45_25_04.png,I45.png,45,25,4,4.27,0.512,17.069849014282227,0.04020027500064316,1
I46_01_01.png,/kaggle/working/MDFS/data/KADID/extracted/kadid10k/images/I46_01_01.png,I46.png,46,1,1,4.65,0.65,19.116933822631836,0.04004583299956721,1
I46_01_03.png,/kaggle/working/MDFS/data/KADID/extracted/kadid10k/images/I46_01_03.png,I46.png,46,1,3,2.97,0.875,21.499343872070312,0.04041101900020294,1
I46_01_05.png,/kaggle/working/MDFS/data/KADID/extracted/kadid10k/images/I46_01_05.png,I46.png,46,1,5,1.17,0.373,40.556243896484375,0.03919732900067174,1
I46_02_02.png,/kaggle/working/MDFS/data/KADID/extracted/kadid10k/images/I46_02_02.png,I46.png,46,2,2,2.5,0.847,22.92009162902832,0.04075443600049766,1
I46_02_04.png,/kaggle/working/MDFS/data/KADID/extracted/kadid10k/images/I46_02_04.png,I46.png,46,2,4,1.33,0.471,30.401517868041992,0.03952351099997031,1
I46_03_01.png,/kaggle/working/MDFS/data/KADID/extracted/kadid10k/images/I46_03_01.png,I46.png,46,3,1,4.67,0.471,19.116933822631836,0.039970628000446595,1
I46_03_03.png,/kaggle/working/MDFS/data/KADID/extracted/kadid10k/images/I46_03_03.png,I46.png,46,3,3,3.3,1.038,20.579294204711914,0.03956928000025073,1
I46_03_05.png,/kaggle/working/MDFS/data/KADID/extracted/kadid10k/images/I46_03_05.png,I46.png,46,3,5,1.53,0.618,23.679922103881836,0.0400911710003129,1
I46_04_02.png,/kaggle/working/MDFS/data/KADID/extracted/kadid10k/images/I46_04_02.png,I46.png,46,4,2,2.47,0.846,21.187570571899414,0.03910397100025875,1
I46_04_04.png,/kaggle/working/MDFS/data/KADID/extracted/kadid10k/images/I46_04_04.png,I46.png,46,4,4,1.45,0.664,23.17317771911621,0.03764935300023353,1
I46_05_01.png,/kaggle/working/MDFS/data/KADID/extracted/kadid10k/images/I46_05_01.png,I46.png,46,5,1,4.53,0.846,19.016170501708984,0.03897549399971467,1
I46_05_03.png,/kaggle/working/MDFS/data/KADID/extracted/kadid10k/images/I46_05_03.png,I46.png,46,5,3,2.37,0.795,19.452178955078125,0.03909869899962359,1
I46_05_05.png,/kaggle/working/MDFS/data/KADID/extracted/kadid10k/images/I46_05_05.png,I46.png,46,5,5,2.67,1.011,19.171911239624023,0.0391941300003964,1
I46_06_02.png,/kaggle/working/MDFS/data/KADID/extracted/kadid10k/images/I46_06_02.png,I46.png,46,6,2,3.9,0.79,21.99367904663086,0.0351381250002305,1
I46_06_04.png,/kaggle/working/MDFS/data/KADID/extracted/kadid10k/images/I46_06_04.png,I46.png,46,6,4,3.1,0.831,23.94966697692871,0.036220214999957534,1
I46_07_01.png,/kaggle/working/MDFS/data/KADID/extracted/kadid10k/images/I46_07_01.png,I46.png,46,7,1,2.35,1.123,18.389842987060547,0.04035634600040794,1
I46_07_03.png,/kaggle/working/MDFS/data/KADID/extracted/kadid10k/images/I46_07_03.png,I46.png,46,7,3,2.13,1.176,19.973268508911133,0.03808291699988331,1
I46_07_05.png,/kaggle/working/MDFS/data/KADID/extracted/kadid10k/images/I46_07_05.png,I46.png,46,7,5,1.63,0.875,20.790258407592773,0.03968235399952391,1
I46_08_02.png,/kaggle/working/MDFS/data/KADID/extracted/kadid10k/images/I46_08_02.png,I46.png,46,8,2,3.33,0.83,20.59947395324707,0.03910080300011032,1
I46_08_04.png,/kaggle/working/MDFS/data/KADID/extracted/kadid10k/images/I46_08_04.png,I46.png,46,8,4,1.37,0.482,25.175201416015625,0.03786412799945538,1
I46_09_01.png,/kaggle/working/MDFS/data/KADID/extracted/kadid10k/images/I46_09_01.png,I46.png,46,9,1,4.53,0.499,19.143869400024414,0.0393244050001158,1
I46_09_03.png,/kaggle/working/MDFS/data/KADID/extracted/kadid10k/images/I46_09_03.png,I46.png,46,9,3,3.67,0.943,22.37671661376953,0.039096851000067545,1
I46_09_05.png,/kaggle/working/MDFS/data/KADID/extracted/kadid10k/images/I46_09_05.png,I46.png,46,9,5,1.17,0.373,37.47671890258789,0.03801966899936815,1
I46_10_02.png,/kaggle/working/MDFS/data/KADID/extracted/kadid10k/images/I46_10_02.png,I46.png,46,10,2,4.43,0.559,19.461727142333984,0.03875443800006906,1
I46_10_04.png,/kaggle/working/MDFS/data/KADID/extracted/kadid10k/images/I46_10_04.png,I46.png,46,10,4,2.03,0.752,27.344173431396484,0.03708171000016591,1
I46_11_01.png,/kaggle/working/MDFS/data/KADID/extracted/kadid10k/images/I46_11_01.png,I46.png,46,11,1,4.23,0.803,20.40467071533203,0.03654134899989003,1
I46_11_03.png,/kaggle/working/MDFS/data/KADID/extracted/kadid10k/images/I46_11_03.png,I46.png,46,11,3,3.6,0.8,21.422077178955078,0.03825289500036888,1
I46_11_05.png,/kaggle/working/MDFS/data/KADID/extracted/kadid10k/images/I46_11_05.png,I46.png,46,11,5,2.3,0.69,25.215675354003906,0.03791182400073012,1
I46_12_02.png,/kaggle/working/MDFS/data/KADID/extracted/kadid10k/images/I46_12_02.png,I46.png,46,12,2,4.17,0.86,20.495040893554688,0.03786418799973035,1
I46_12_04.png,/kaggle/working/MDFS/data/KADID/extracted/kadid10k/images/I46_12_04.png,I46.png,46,12,4,3.13,0.718,22.646886825561523,0.03827425300005416,1
I46_13_01.png,/kaggle/working/MDFS/data/KADID/extracted/kadid10k/images/I46_13_01.png,I46.png,46,13,1,4.4,0.757,19.06996726989746,0.03977700999985245,1
I46_13_03.png,/kaggle/working/MDFS/data/KADID/extracted/kadid10k/images/I46_13_03.png,I46.png,46,13,3,3.37,0.912,20.50807762145996,0.039288042000407586,1
I46_13_05.png,/kaggle/working/MDFS/data/KADID/extracted/kadid10k/images/I46_13_05.png,I46.png,46,13,5,2.3,0.823,23.11121940612793,0.038484529000015755,1
I46_14_02.png,/kaggle/working/MDFS/data/KADID/extracted/kadid10k/images/I46_14_02.png,I46.png,46,14,2,3.77,0.844,20.23299789428711,0.03676711499974772,1
I46_14_04.png,/kaggle/working/MDFS/data/KADID/extracted/kadid10k/images/I46_14_04.png,I46.png,46,14,4,2.5,0.719,22.6281681060791,0.03718377800032613,1
I46_15_01.png,/kaggle/working/MDFS/data/KADID/extracted/kadid10k/images/I46_15_01.png,I46.png,46,15,1,4.23,0.667,20.016407012939453,0.04014262200053054,1
I46_15_03.png,/kaggle/working/MDFS/data/KADID/extracted/kadid10k/images/I46_15_03.png,I46.png,46,15,3,2.8,0.833,21.353151321411133,0.039788531999874976,1
I46_15_05.png,/kaggle/working/MDFS/data/KADID/extracted/kadid10k/images/I46_15_05.png,I46.png,46,15,5,1.3,0.458,23.534116744995117,0.03867755300052522,1
I46_16_02.png,/kaggle/working/MDFS/data/KADID/extracted/kadid10k/images/I46_16_02.png,I46.png,46,16,2,4.4,0.554,19.184635162353516,0.040867647999220935,1
I46_16_04.png,/kaggle/working/MDFS/data/KADID/extracted/kadid10k/images/I46_16_04.png,I46.png,46,16,4,2.43,0.92,20.27486801147461,0.040494265999768686,1
I46_17_01.png,/kaggle/working/MDFS/data/KADID/extracted/kadid10k/images/I46_17_01.png,I46.png,46,17,1,4.67,0.471,19.10021209716797,0.040410502999293385,1
I46_17_03.png,/kaggle/working/MDFS/data/KADID/extracted/kadid10k/images/I46_17_03.png,I46.png,46,17,3,4.27,0.727,19.036516189575195,0.04020815800049604,1
I46_17_05.png,/kaggle/working/MDFS/data/KADID/extracted/kadid10k/images/I46_17_05.png,I46.png,46,17,5,2.33,0.83,19.934871673583984,0.039536745000077644,1
I46_18_02.png,/kaggle/working/MDFS/data/KADID/extracted/kadid10k/images/I46_18_02.png,I46.png,46,18,2,4.57,0.667,19.199228286743164,0.042274530999748094,1
I46_18_04.png,/kaggle/working/MDFS/data/KADID/extracted/kadid10k/images/I46_18_04.png,I46.png,46,18,4,4.67,0.471,19.33628273010254,0.04038738200051739,1
I46_19_01.png,/kaggle/working/MDFS/data/KADID/extracted/kadid10k/images/I46_19_01.png,I46.png,46,19,1,4.53,0.499,18.96528434753418,0.04055017000064254,1
I46_19_03.png,/kaggle/working/MDFS/data/KADID/extracted/kadid10k/images/I46_19_03.png,I46.png,46,19,3,3.33,0.699,18.68284034729004,0.039206541000567086,1
I46_19_05.png,/kaggle/working/MDFS/data/KADID/extracted/kadid10k/images/I46_19_05.png,I46.png,46,19,5,1.33,0.471,25.978776931762695,0.039348634999441856,1
I46_20_02.png,/kaggle/working/MDFS/data/KADID/extracted/kadid10k/images/I46_20_02.png,I46.png,46,20,2,4.5,0.563,19.025657653808594,0.041276226000263705,1
I46_20_04.png,/kaggle/working/MDFS/data/KADID/extracted/kadid10k/images/I46_20_04.png,I46.png,46,20,4,4.23,0.761,18.993181228637695,0.041067234000365715,1
I46_21_01.png,/kaggle/working/MDFS/data/KADID/extracted/kadid10k/images/I46_21_01.png,I46.png,46,21,1,3.7,1.038,19.215789794921875,0.04067116699934559,1
I46_21_03.png,/kaggle/working/MDFS/data/KADID/extracted/kadid10k/images/I46_21_03.png,I46.png,46,21,3,2.43,0.955,19.884023666381836,0.03948838199994498,1
I46_21_05.png,/kaggle/working/MDFS/data/KADID/extracted/kadid10k/images/I46_21_05.png,I46.png,46,21,5,1.6,0.757,32.56365966796875,0.03713594999953784,1
I46_22_02.png,/kaggle/working/MDFS/data/KADID/extracted/kadid10k/images/I46_22_02.png,I46.png,46,22,2,4.67,0.537,19.462413787841797,0.038916404999326915,1
I46_22_04.png,/kaggle/working/MDFS/data/KADID/extracted/kadid10k/images/I46_22_04.png,I46.png,46,22,4,4.5,0.847,19.730253219604492,0.038199315999918326,1
I46_23_01.png,/kaggle/working/MDFS/data/KADID/extracted/kadid10k/images/I46_23_01.png,I46.png,46,23,1,2.83,1.241,18.98714828491211,0.0398340769997958,1
I46_23_03.png,/kaggle/working/MDFS/data/KADID/extracted/kadid10k/images/I46_23_03.png,I46.png,46,23,3,2.1,0.79,18.932132720947266,0.0387932349995026,1
I46_23_05.png,/kaggle/working/MDFS/data/KADID/extracted/kadid10k/images/I46_23_05.png,I46.png,46,23,5,1.87,0.763,18.989002227783203,0.039544150000438094,1
I46_24_02.png,/kaggle/working/MDFS/data/KADID/extracted/kadid10k/images/I46_24_02.png,I46.png,46,24,2,2.33,0.869,20.39776039123535,0.0401808449996679,1
I46_24_04.png,/kaggle/working/MDFS/data/KADID/extracted/kadid10k/images/I46_24_04.png,I46.png,46,24,4,1.43,0.667,23.49910545349121,0.04016891500032216,1
I46_25_01.png,/kaggle/working/MDFS/data/KADID/extracted/kadid10k/images/I46_25_01.png,I46.png,46,25,1,3.53,0.957,20.188308715820312,0.03952329700041446,1
I46_25_03.png,/kaggle/working/MDFS/data/KADID/extracted/kadid10k/images/I46_25_03.png,I46.png,46,25,3,4.57,0.496,19.314485549926758,0.04006708900033118,1
I46_25_05.png,/kaggle/working/MDFS/data/KADID/extracted/kadid10k/images/I46_25_05.png,I46.png,46,25,5,3.47,0.991,18.82502555847168,0.03914795399941795,1
I47_01_02.png,/kaggle/working/MDFS/data/KADID/extracted/kadid10k/images/I47_01_02.png,I47.png,47,1,2,4.27,0.727,18.01354217529297,0.03973788300027081,1
I47_01_04.png,/kaggle/working/MDFS/data/KADID/extracted/kadid10k/images/I47_01_04.png,I47.png,47,1,4,2.07,0.629,29.499170303344727,0.03807343100015714,1
I47_02_01.png,/kaggle/working/MDFS/data/KADID/extracted/kadid10k/images/I47_02_01.png,I47.png,47,2,1,4.27,0.727,19.33556365966797,0.039297369999985676,1
I47_02_03.png,/kaggle/working/MDFS/data/KADID/extracted/kadid10k/images/I47_02_03.png,I47.png,47,2,3,2.33,0.699,29.312593460083008,0.0385131499997442,1
I47_02_05.png,/kaggle/working/MDFS/data/KADID/extracted/kadid10k/images/I47_02_05.png,I47.png,47,2,5,1.37,0.482,33.60264587402344,0.03915993900045578,1
I47_03_02.png,/kaggle/working/MDFS/data/KADID/extracted/kadid10k/images/I47_03_02.png,I47.png,47,3,2,4.27,0.68,18.63155746459961,0.04063266800039855,1
I47_03_04.png,/kaggle/working/MDFS/data/KADID/extracted/kadid10k/images/I47_03_04.png,I47.png,47,3,4,2.4,0.712,21.714876174926758,0.03973544500058779,1
I47_04_01.png,/kaggle/working/MDFS/data/KADID/extracted/kadid10k/images/I47_04_01.png,I47.png,47,4,1,4.67,0.537,17.895206451416016,0.03928798899960384,1
I47_04_03.png,/kaggle/working/MDFS/data/KADID/extracted/kadid10k/images/I47_04_03.png,I47.png,47,4,3,1.6,0.554,20.80973243713379,0.03880900500007556,1
I47_04_05.png,/kaggle/working/MDFS/data/KADID/extracted/kadid10k/images/I47_04_05.png,I47.png,47,4,5,1.2,0.4,22.181682586669922,0.03816988000016863,1
I47_05_02.png,/kaggle/working/MDFS/data/KADID/extracted/kadid10k/images/I47_05_02.png,I47.png,47,5,2,2.47,0.957,18.564613342285156,0.0396862150000743,1
I47_05_04.png,/kaggle/working/MDFS/data/KADID/extracted/kadid10k/images/I47_05_04.png,I47.png,47,5,4,1.68,0.778,18.662260055541992,0.03959552200012695,1
I47_06_01.png,/kaggle/working/MDFS/data/KADID/extracted/kadid10k/images/I47_06_01.png,I47.png,47,6,1,3.83,0.934,20.357282638549805,0.03593056499994418,1
I47_06_03.png,/kaggle/working/MDFS/data/KADID/extracted/kadid10k/images/I47_06_03.png,I47.png,47,6,3,3.13,0.957,21.606287002563477,0.0354561959993589,1
I47_06_05.png,/kaggle/working/MDFS/data/KADID/extracted/kadid10k/images/I47_06_05.png,I47.png,47,6,5,2.33,0.907,24.903549194335938,0.03491597499942145,1
I47_07_02.png,/kaggle/working/MDFS/data/KADID/extracted/kadid10k/images/I47_07_02.png,I47.png,47,7,2,2.0,1.155,18.2052001953125,0.039749640000081854,1
I47_07_04.png,/kaggle/working/MDFS/data/KADID/extracted/kadid10k/images/I47_07_04.png,I47.png,47,7,4,2.27,1.236,22.901931762695312,0.03859560999990208,1
I47_08_01.png,/kaggle/working/MDFS/data/KADID/extracted/kadid10k/images/I47_08_01.png,I47.png,47,8,1,4.6,0.663,17.609819412231445,0.04121780500008754,1
I47_08_03.png,/kaggle/working/MDFS/data/KADID/extracted/kadid10k/images/I47_08_03.png,I47.png,47,8,3,2.53,0.991,19.77181053161621,0.03945448300055432,1
I47_08_05.png,/kaggle/working/MDFS/data/KADID/extracted/kadid10k/images/I47_08_05.png,I47.png,47,8,5,1.03,0.18,23.180147171020508,0.038273373000265565,1
I47_09_02.png,/kaggle/working/MDFS/data/KADID/extracted/kadid10k/images/I47_09_02.png,I47.png,47,9,2,4.2,0.909,19.38448143005371,0.039613350999388786,1
I47_09_04.png,/kaggle/working/MDFS/data/KADID/extracted/kadid10k/images/I47_09_04.png,I47.png,47,9,4,3.13,1.147,26.387313842773438,0.03908390899960068,1
I47_10_01.png,/kaggle/working/MDFS/data/KADID/extracted/kadid10k/images/I47_10_01.png,I47.png,47,10,1,4.37,0.752,19.239831924438477,0.03875067299941293,1
I47_10_03.png,/kaggle/working/MDFS/data/KADID/extracted/kadid10k/images/I47_10_03.png,I47.png,47,10,3,3.87,0.806,21.274280548095703,0.038837998999952106,1
I47_10_05.png,/kaggle/working/MDFS/data/KADID/extracted/kadid10k/images/I47_10_05.png,I47.png,47,10,5,1.3,0.458,32.11568832397461,0.03674338800010446,1
I47_11_02.png,/kaggle/working/MDFS/data/KADID/extracted/kadid10k/images/I47_11_02.png,I47.png,47,11,2,3.5,0.957,21.243600845336914,0.0379410879995703,1
I47_11_04.png,/kaggle/working/MDFS/data/KADID/extracted/kadid10k/images/I47_11_04.png,I47.png,47,11,4,2.63,0.912,24.585813522338867,0.037483795000298414,1
I47_12_01.png,/kaggle/working/MDFS/data/KADID/extracted/kadid10k/images/I47_12_01.png,I47.png,47,12,1,4.73,0.442,18.93507194519043,0.03709297499972308,1
I47_12_03.png,/kaggle/working/MDFS/data/KADID/extracted/kadid10k/images/I47_12_03.png,I47.png,47,12,3,3.17,0.934,22.37761116027832,0.03903367099974275,1
I47_12_05.png,/kaggle/working/MDFS/data/KADID/extracted/kadid10k/images/I47_12_05.png,I47.png,47,12,5,2.39,0.748,26.45275115966797,0.04736425600003713,1
I47_13_02.png,/kaggle/working/MDFS/data/KADID/extracted/kadid10k/images/I47_13_02.png,I47.png,47,13,2,2.8,0.872,19.840206146240234,0.037128023999684956,1
I47_13_04.png,/kaggle/working/MDFS/data/KADID/extracted/kadid10k/images/I47_13_04.png,I47.png,47,13,4,2.1,0.831,23.389036178588867,0.03843345700079226,1
I47_14_01.png,/kaggle/working/MDFS/data/KADID/extracted/kadid10k/images/I47_14_01.png,I47.png,47,14,1,4.83,0.373,18.329204559326172,0.03877769300015643,1
I47_14_03.png,/kaggle/working/MDFS/data/KADID/extracted/kadid10k/images/I47_14_03.png,I47.png,47,14,3,2.7,0.862,21.01105499267578,0.03942205399926024,1
I47_14_05.png,/kaggle/working/MDFS/data/KADID/extracted/kadid10k/images/I47_14_05.png,I47.png,47,14,5,1.87,0.562,25.706974029541016,0.039224080000167305,1
I47_15_02.png,/kaggle/working/MDFS/data/KADID/extracted/kadid10k/images/I47_15_02.png,I47.png,47,15,2,2.77,1.055,22.891082763671875,0.03974626899980649,1
I47_15_04.png,/kaggle/working/MDFS/data/KADID/extracted/kadid10k/images/I47_15_04.png,I47.png,47,15,4,1.6,0.611,24.253164291381836,0.03846016200077429,1
I47_16_01.png,/kaggle/working/MDFS/data/KADID/extracted/kadid10k/images/I47_16_01.png,I47.png,47,16,1,4.65,0.542,17.706478118896484,0.03974925600050483,1
I47_16_03.png,/kaggle/working/MDFS/data/KADID/extracted/kadid10k/images/I47_16_03.png,I47.png,47,16,3,3.73,0.814,18.158931732177734,0.039422024000487,1
I47_16_05.png,/kaggle/working/MDFS/data/KADID/extracted/kadid10k/images/I47_16_05.png,I47.png,47,16,5,1.9,0.87,20.193758010864258,0.03910705100042833,1
I47_17_02.png,/kaggle/working/MDFS/data/KADID/extracted/kadid10k/images/I47_17_02.png,I47.png,47,17,2,4.4,0.8,17.49575424194336,0.03889216200059309,1
I47_17_04.png,/kaggle/working/MDFS/data/KADID/extracted/kadid10k/images/I47_17_04.png,I47.png,47,17,4,3.8,0.833,17.481760025024414,0.03866818599999533,1
I47_18_01.png,/kaggle/working/MDFS/data/KADID/extracted/kadid10k/images/I47_18_01.png,I47.png,47,18,1,4.53,0.67,17.944107055664062,0.03970491800009768,1
I47_18_03.png,/kaggle/working/MDFS/data/KADID/extracted/kadid10k/images/I47_18_03.png,I47.png,47,18,3,4.63,0.547,17.609819412231445,0.039178176999485004,1
I47_18_05.png,/kaggle/working/MDFS/data/KADID/extracted/kadid10k/images/I47_18_05.png,I47.png,47,18,5,4.3,0.458,18.212190628051758,0.0373375910003233,1
I47_19_02.png,/kaggle/working/MDFS/data/KADID/extracted/kadid10k/images/I47_19_02.png,I47.png,47,19,2,4.33,0.65,17.725431442260742,0.037323264999940875,1
I47_19_04.png,/kaggle/working/MDFS/data/KADID/extracted/kadid10k/images/I47_19_04.png,I47.png,47,19,4,1.97,0.706,20.488420486450195,0.03800971600048797,1
I47_20_01.png,/kaggle/working/MDFS/data/KADID/extracted/kadid10k/images/I47_20_01.png,I47.png,47,20,1,4.43,0.761,17.5335636138916,0.04034875400066085,1
I47_20_03.png,/kaggle/working/MDFS/data/KADID/extracted/kadid10k/images/I47_20_03.png,I47.png,47,20,3,3.43,1.283,17.555389404296875,0.03991994399984833,1
I47_20_05.png,/kaggle/working/MDFS/data/KADID/extracted/kadid10k/images/I47_20_05.png,I47.png,47,20,5,3.07,1.209,17.54629898071289,0.039785588000086136,1
I47_21_02.png,/kaggle/working/MDFS/data/KADID/extracted/kadid10k/images/I47_21_02.png,I47.png,47,21,2,2.97,1.048,18.137388229370117,0.039251442999557185,1
I47_21_04.png,/kaggle/working/MDFS/data/KADID/extracted/kadid10k/images/I47_21_04.png,I47.png,47,21,4,2.93,0.998,19.041351318359375,0.03776276700045855,1
I47_22_01.png,/kaggle/working/MDFS/data/KADID/extracted/kadid10k/images/I47_22_01.png,I47.png,47,22,1,4.17,0.778,18.14380645751953,0.03845390199967369,1
I47_22_03.png,/kaggle/working/MDFS/data/KADID/extracted/kadid10k/images/I47_22_03.png,I47.png,47,22,3,3.63,1.11,18.43369483947754,0.03705095199984498,1
I47_22_05.png,/kaggle/working/MDFS/data/KADID/extracted/kadid10k/images/I47_22_05.png,I47.png,47,22,5,2.37,1.169,20.802112579345703,0.03579828700003418,1
I47_23_02.png,/kaggle/working/MDFS/data/KADID/extracted/kadid10k/images/I47_23_02.png,I47.png,47,23,2,2.1,0.907,17.65888023376465,0.03859370000009221,1
I47_23_04.png,/kaggle/working/MDFS/data/KADID/extracted/kadid10k/images/I47_23_04.png,I47.png,47,23,4,1.8,0.476,17.722501754760742,0.03880091999963042,1
I47_24_01.png,/kaggle/working/MDFS/data/KADID/extracted/kadid10k/images/I47_24_01.png,I47.png,47,24,1,4.0,0.632,18.029630661010742,0.03906308000023273,1
I47_24_03.png,/kaggle/working/MDFS/data/KADID/extracted/kadid10k/images/I47_24_03.png,I47.png,47,24,3,2.6,0.757,20.02263641357422,0.04005819699978019,1
I47_24_05.png,/kaggle/working/MDFS/data/KADID/extracted/kadid10k/images/I47_24_05.png,I47.png,47,24,5,1.3,0.458,23.971515655517578,0.0404029300007096,1
I47_25_02.png,/kaggle/working/MDFS/data/KADID/extracted/kadid10k/images/I47_25_02.png,I47.png,47,25,2,4.13,0.499,18.208572387695312,0.03980256999966514,1
I47_25_04.png,/kaggle/working/MDFS/data/KADID/extracted/kadid10k/images/I47_25_04.png,I47.png,47,25,4,4.2,0.476,17.6070499420166,0.040904681000029086,1
I48_01_01.png,/kaggle/working/MDFS/data/KADID/extracted/kadid10k/images/I48_01_01.png,I48.png,48,1,1,4.53,0.718,17.51941680908203,0.03934846199990716,1
I48_01_03.png,/kaggle/working/MDFS/data/KADID/extracted/kadid10k/images/I48_01_03.png,I48.png,48,1,3,3.5,0.957,20.933147430419922,0.04034873999989941,1
I48_01_05.png,/kaggle/working/MDFS/data/KADID/extracted/kadid10k/images/I48_01_05.png,I48.png,48,1,5,1.23,0.423,39.15032196044922,0.03944581299947458,1
I48_02_02.png,/kaggle/working/MDFS/data/KADID/extracted/kadid10k/images/I48_02_02.png,I48.png,48,2,2,3.03,0.752,22.464069366455078,0.04003786300017964,1
I48_02_04.png,/kaggle/working/MDFS/data/KADID/extracted/kadid10k/images/I48_02_04.png,I48.png,48,2,4,1.7,0.526,30.740280151367188,0.039855019000242464,1
I48_03_01.png,/kaggle/working/MDFS/data/KADID/extracted/kadid10k/images/I48_03_01.png,I48.png,48,3,1,4.53,0.562,17.51941680908203,0.03965335200064146,1
I48_03_03.png,/kaggle/working/MDFS/data/KADID/extracted/kadid10k/images/I48_03_03.png,I48.png,48,3,3,3.23,0.803,20.586729049682617,0.040594588999738335,1
I48_03_05.png,/kaggle/working/MDFS/data/KADID/extracted/kadid10k/images/I48_03_05.png,I48.png,48,3,5,2.13,0.763,24.2491397857666,0.040572447999693395,1
I48_04_02.png,/kaggle/working/MDFS/data/KADID/extracted/kadid10k/images/I48_04_02.png,I48.png,48,4,2,2.27,1.123,19.575050354003906,0.03895785699933185,1
I48_04_04.png,/kaggle/working/MDFS/data/KADID/extracted/kadid10k/images/I48_04_04.png,I48.png,48,4,4,1.43,0.667,23.277599334716797,0.037596047000079125,1
I48_05_01.png,/kaggle/working/MDFS/data/KADID/extracted/kadid10k/images/I48_05_01.png,I48.png,48,5,1,4.53,0.718,18.587045669555664,0.038813002000097185,1
I48_05_03.png,/kaggle/working/MDFS/data/KADID/extracted/kadid10k/images/I48_05_03.png,I48.png,48,5,3,1.8,0.702,18.602598190307617,0.038464341999315366,1
I48_05_05.png,/kaggle/working/MDFS/data/KADID/extracted/kadid10k/images/I48_05_05.png,I48.png,48,5,5,1.9,0.597,18.36200714111328,0.037749082000118506,1
I48_06_02.png,/kaggle/working/MDFS/data/KADID/extracted/kadid10k/images/I48_06_02.png,I48.png,48,6,2,4.1,0.831,20.571935653686523,0.0354892090008434,1
I48_06_04.png,/kaggle/working/MDFS/data/KADID/extracted/kadid10k/images/I48_06_04.png,I48.png,48,6,4,3.03,0.948,22.056026458740234,0.0367291929997009,1
I48_07_01.png,/kaggle/working/MDFS/data/KADID/extracted/kadid10k/images/I48_07_01.png,I48.png,48,7,1,2.77,0.803,17.930253982543945,0.04070527200019569,1
I48_07_03.png,/kaggle/working/MDFS/data/KADID/extracted/kadid10k/images/I48_07_03.png,I48.png,48,7,3,2.13,0.991,19.284311294555664,0.039613672999621485,1
I48_07_05.png,/kaggle/working/MDFS/data/KADID/extracted/kadid10k/images/I48_07_05.png,I48.png,48,7,5,2.37,0.983,19.266878128051758,0.04052590199989936,1
I48_08_02.png,/kaggle/working/MDFS/data/KADID/extracted/kadid10k/images/I48_08_02.png,I48.png,48,8,2,3.0,1.238,18.722354888916016,0.04021107500011567,1
I48_08_04.png,/kaggle/working/MDFS/data/KADID/extracted/kadid10k/images/I48_08_04.png,I48.png,48,8,4,1.57,0.616,22.70934295654297,0.039465093000217166,1
I48_09_01.png,/kaggle/working/MDFS/data/KADID/extracted/kadid10k/images/I48_09_01.png,I48.png,48,9,1,4.5,0.563,17.90214729309082,0.03930740199939464,1
I48_09_03.png,/kaggle/working/MDFS/data/KADID/extracted/kadid10k/images/I48_09_03.png,I48.png,48,9,3,4.63,0.482,19.84659767150879,0.039544203000332345,1
I48_09_05.png,/kaggle/working/MDFS/data/KADID/extracted/kadid10k/images/I48_09_05.png,I48.png,48,9,5,1.47,0.618,32.47915267944336,0.03976628599957621,1
I48_10_02.png,/kaggle/working/MDFS/data/KADID/extracted/kadid10k/images/I48_10_02.png,I48.png,48,10,2,4.5,0.847,20.003507614135742,0.03933170500022243,1
I48_10_04.png,/kaggle/working/MDFS/data/KADID/extracted/kadid10k/images/I48_10_04.png,I48.png,48,10,4,1.8,0.833,29.11400604248047,0.037469222999789054,1
I48_11_01.png,/kaggle/working/MDFS/data/KADID/extracted/kadid10k/images/I48_11_01.png,I48.png,48,11,1,3.77,1.023,20.301372528076172,0.038341286000104446,1
I48_11_03.png,/kaggle/working/MDFS/data/KADID/extracted/kadid10k/images/I48_11_03.png,I48.png,48,11,3,2.9,0.7,22.638288497924805,0.03828382000028796,1
I48_11_05.png,/kaggle/working/MDFS/data/KADID/extracted/kadid10k/images/I48_11_05.png,I48.png,48,11,5,2.1,0.473,28.416135787963867,0.03932550799981982,1
I48_12_02.png,/kaggle/working/MDFS/data/KADID/extracted/kadid10k/images/I48_12_02.png,I48.png,48,12,2,3.67,0.978,20.595529556274414,0.03805475499939348,1
I48_12_04.png,/kaggle/working/MDFS/data/KADID/extracted/kadid10k/images/I48_12_04.png,I48.png,48,12,4,2.77,0.667,24.505638122558594,0.03814893100025074,1
I48_13_01.png,/kaggle/working/MDFS/data/KADID/extracted/kadid10k/images/I48_13_01.png,I48.png,48,13,1,3.13,1.024,18.251585006713867,0.03962061700076447,1
I48_13_03.png,/kaggle/working/MDFS/data/KADID/extracted/kadid10k/images/I48_13_03.png,I48.png,48,13,3,2.47,0.618,21.81473731994629,0.03917177699986496,1
I48_13_05.png,/kaggle/working/MDFS/data/KADID/extracted/kadid10k/images/I48_13_05.png,I48.png,48,13,5,2.27,0.727,26.07453155517578,0.04002046999994491,1
I48_14_02.png,/kaggle/working/MDFS/data/KADID/extracted/kadid10k/images/I48_14_02.png,I48.png,48,14,2,2.97,0.983,19.572168350219727,0.03962742000021535,1
I48_14_04.png,/kaggle/working/MDFS/data/KADID/extracted/kadid10k/images/I48_14_04.png,I48.png,48,14,4,2.33,0.65,21.82386589050293,0.03905883100014762,1
I48_15_01.png,/kaggle/working/MDFS/data/KADID/extracted/kadid10k/images/I48_15_01.png,I48.png,48,15,1,3.3,0.971,20.67730712890625,0.040017850000367616,1
I48_15_03.png,/kaggle/working/MDFS/data/KADID/extracted/kadid10k/images/I48_15_03.png,I48.png,48,15,3,2.03,0.547,24.652265548706055,0.04007224299948575,1
I48_15_05.png,/kaggle/working/MDFS/data/KADID/extracted/kadid10k/images/I48_15_05.png,I48.png,48,15,5,1.73,0.727,28.73674201965332,0.039562439000292215,1
I48_16_02.png,/kaggle/working/MDFS/data/KADID/extracted/kadid10k/images/I48_16_02.png,I48.png,48,16,2,4.6,0.554,17.558109283447266,0.039748415999383724,1
I48_16_04.png,/kaggle/working/MDFS/data/KADID/extracted/kadid10k/images/I48_16_04.png,I48.png,48,16,4,2.6,0.841,18.03537940979004,0.039566445999298594,1
I48_17_01.png,/kaggle/working/MDFS/data/KADID/extracted/kadid10k/images/I48_17_01.png,I48.png,48,17,1,4.47,0.562,17.53693199157715,0.039519857999948727,1
I48_17_03.png,/kaggle/working/MDFS/data/KADID/extracted/kadid10k/images/I48_17_03.png,I48.png,48,17,3,4.47,0.499,17.549833297729492,0.039457208000385435,1
I48_17_05.png,/kaggle/working/MDFS/data/KADID/extracted/kadid10k/images/I48_17_05.png,I48.png,48,17,5,2.4,1.052,19.593021392822266,0.03789510299975518,1
I48_18_02.png,/kaggle/working/MDFS/data/KADID/extracted/kadid10k/images/I48_18_02.png,I48.png,48,18,2,4.63,0.547,17.581167221069336,0.0392801239995606,1
I48_18_04.png,/kaggle/working/MDFS/data/KADID/extracted/kadid10k/images/I48_18_04.png,I48.png,48,18,4,4.3,0.781,17.6957950592041,0.038576408000153606,1
I48_19_01.png,/kaggle/working/MDFS/data/KADID/extracted/kadid10k/images/I48_19_01.png,I48.png,48,19,1,4.7,0.458,17.500703811645508,0.03825727800085588,1
I48_19_03.png,/kaggle/working/MDFS/data/KADID/extracted/kadid10k/images/I48_19_03.png,I48.png,48,19,3,3.6,0.841,18.00542449951172,0.03775311400022474,1
I48_19_05.png,/kaggle/working/MDFS/data/KADID/extracted/kadid10k/images/I48_19_05.png,I48.png,48,19,5,1.5,0.563,22.30855369567871,0.03724371800035442,1
I48_20_02.png,/kaggle/working/MDFS/data/KADID/extracted/kadid10k/images/I48_20_02.png,I48.png,48,20,2,3.17,1.035,17.480716705322266,0.038372509000510036,1
I48_20_04.png,/kaggle/working/MDFS/data/KADID/extracted/kadid10k/images/I48_20_04.png,I48.png,48,20,4,2.4,0.879,17.61647605895996,0.0392510769997898,1
I48_21_01.png,/kaggle/working/MDFS/data/KADID/extracted/kadid10k/images/I48_21_01.png,I48.png,48,21,1,3.87,1.039,17.741910934448242,0.03963480900074501,1
I48_21_03.png,/kaggle/working/MDFS/data/KADID/extracted/kadid10k/images/I48_21_03.png,I48.png,48,21,3,2.93,0.854,18.40320587158203,0.039681655999629584,1
I48_21_05.png,/kaggle/working/MDFS/data/KADID/extracted/kadid10k/images/I48_21_05.png,I48.png,48,21,5,1.6,0.663,26.9827938079834,0.03753722100009327,1
I48_22_02.png,/kaggle/working/MDFS/data/KADID/extracted/kadid10k/images/I48_22_02.png,I48.png,48,22,2,3.03,1.016,18.790653228759766,0.03827403299965226,1
I48_22_04.png,/kaggle/working/MDFS/data/KADID/extracted/kadid10k/images/I48_22_04.png,I48.png,48,22,4,2.3,1.1,20.420087814331055,0.0368149159994573,1
I48_23_01.png,/kaggle/working/MDFS/data/KADID/extracted/kadid10k/images/I48_23_01.png,I48.png,48,23,1,3.23,1.174,17.515518188476562,0.03933293599948229,1
I48_23_03.png,/kaggle/working/MDFS/data/KADID/extracted/kadid10k/images/I48_23_03.png,I48.png,48,23,3,2.3,0.971,17.492156982421875,0.03833510500044213,1
I48_23_05.png,/kaggle/working/MDFS/data/KADID/extracted/kadid10k/images/I48_23_05.png,I48.png,48,23,5,1.97,0.706,17.76017951965332,0.03911822500049311,1
I48_24_02.png,/kaggle/working/MDFS/data/KADID/extracted/kadid10k/images/I48_24_02.png,I48.png,48,24,2,2.55,0.836,19.6117000579834,0.03857893700023851,1
I48_24_04.png,/kaggle/working/MDFS/data/KADID/extracted/kadid10k/images/I48_24_04.png,I48.png,48,24,4,1.4,0.611,22.20970344543457,0.03833966399997735,1
I48_25_01.png,/kaggle/working/MDFS/data/KADID/extracted/kadid10k/images/I48_25_01.png,I48.png,48,25,1,3.1,0.79,18.191390991210938,0.03867726499993296,1
I48_25_03.png,/kaggle/working/MDFS/data/KADID/extracted/kadid10k/images/I48_25_03.png,I48.png,48,25,3,4.13,0.618,17.531288146972656,0.03906198000004224,1
I48_25_05.png,/kaggle/working/MDFS/data/KADID/extracted/kadid10k/images/I48_25_05.png,I48.png,48,25,5,3.9,0.7,17.822547912597656,0.038906738000150654,1
I49_01_02.png,/kaggle/working/MDFS/data/KADID/extracted/kadid10k/images/I49_01_02.png,I49.png,49,1,2,4.63,0.482,18.830121994018555,0.03912174800007051,1
I49_01_04.png,/kaggle/working/MDFS/data/KADID/extracted/kadid10k/images/I49_01_04.png,I49.png,49,1,4,2.47,0.67,29.55904197692871,0.039375497000037285,1
I49_02_01.png,/kaggle/working/MDFS/data/KADID/extracted/kadid10k/images/I49_02_01.png,I49.png,49,2,1,4.27,0.772,20.33279800415039,0.0397477059996163,1
I49_02_03.png,/kaggle/working/MDFS/data/KADID/extracted/kadid10k/images/I49_02_03.png,I49.png,49,2,3,2.26,0.879,27.344776153564453,0.0391371830000935,1
I49_02_05.png,/kaggle/working/MDFS/data/KADID/extracted/kadid10k/images/I49_02_05.png,I49.png,49,2,5,1.77,0.616,32.35759353637695,0.038349897999978566,1
I49_03_02.png,/kaggle/working/MDFS/data/KADID/extracted/kadid10k/images/I49_03_02.png,I49.png,49,3,2,4.47,0.499,20.124265670776367,0.03904668700033653,1
I49_03_04.png,/kaggle/working/MDFS/data/KADID/extracted/kadid10k/images/I49_03_04.png,I49.png,49,3,4,2.5,0.671,22.36399269104004,0.0395215790003931,1
I49_04_01.png,/kaggle/working/MDFS/data/KADID/extracted/kadid10k/images/I49_04_01.png,I49.png,49,4,1,4.77,0.616,18.952911376953125,0.039162451999800396,1
I49_04_03.png,/kaggle/working/MDFS/data/KADID/extracted/kadid10k/images/I49_04_03.png,I49.png,49,4,3,1.93,0.727,19.088088989257812,0.03879279700049665,1
I49_04_05.png,/kaggle/working/MDFS/data/KADID/extracted/kadid10k/images/I49_04_05.png,I49.png,49,4,5,2.33,0.907,19.91843605041504,0.03876205899996421,1
I49_05_02.png,/kaggle/working/MDFS/data/KADID/extracted/kadid10k/images/I49_05_02.png,I49.png,49,5,2,3.4,0.917,19.277402877807617,0.038773086999754014,1
I49_05_04.png,/kaggle/working/MDFS/data/KADID/extracted/kadid10k/images/I49_05_04.png,I49.png,49,5,4,2.7,0.69,19.100229263305664,0.03825299399977666,1
I49_06_01.png,/kaggle/working/MDFS/data/KADID/extracted/kadid10k/images/I49_06_01.png,I49.png,49,6,1,4.53,0.499,19.854856491088867,0.03679959000055533,1
I49_06_03.png,/kaggle/working/MDFS/data/KADID/extracted/kadid10k/images/I49_06_03.png,I49.png,49,6,3,4.4,0.663,20.476377487182617,0.03720383200015931,1
I49_06_05.png,/kaggle/working/MDFS/data/KADID/extracted/kadid10k/images/I49_06_05.png,I49.png,49,6,5,2.93,0.929,23.599905014038086,0.037432724000609596,1
I49_07_02.png,/kaggle/working/MDFS/data/KADID/extracted/kadid10k/images/I49_07_02.png,I49.png,49,7,2,2.97,1.016,19.883453369140625,0.03872017499998037,1
I49_07_04.png,/kaggle/working/MDFS/data/KADID/extracted/kadid10k/images/I49_07_04.png,I49.png,49,7,4,2.73,1.062,21.697919845581055,0.037442592999468616,1
I49_08_01.png,/kaggle/working/MDFS/data/KADID/extracted/kadid10k/images/I49_08_01.png,I49.png,49,8,1,4.53,0.499,18.7351016998291,0.03821154100023705,1
I49_08_03.png,/kaggle/working/MDFS/data/KADID/extracted/kadid10k/images/I49_08_03.png,I49.png,49,8,3,3.0,0.894,18.869169235229492,0.03788487600013468,1
I49_08_05.png,/kaggle/working/MDFS/data/KADID/extracted/kadid10k/images/I49_08_05.png,I49.png,49,8,5,2.1,0.978,20.074485778808594,0.039102119000745006,1
I49_09_02.png,/kaggle/working/MDFS/data/KADID/extracted/kadid10k/images/I49_09_02.png,I49.png,49,9,2,4.63,0.482,20.228851318359375,0.03700221100007184,1
I49_09_04.png,/kaggle/working/MDFS/data/KADID/extracted/kadid10k/images/I49_09_04.png,I49.png,49,9,4,3.63,0.983,26.17975616455078,0.03815381900039938,1
I49_10_01.png,/kaggle/working/MDFS/data/KADID/extracted/kadid10k/images/I49_10_01.png,I49.png,49,10,1,4.57,0.496,21.349775314331055,0.038055174999499286,1
I49_10_03.png,/kaggle/working/MDFS/data/KADID/extracted/kadid10k/images/I49_10_03.png,I49.png,49,10,3,4.3,0.823,23.502756118774414,0.03971167300005618,1
I49_10_05.png,/kaggle/working/MDFS/data/KADID/extracted/kadid10k/images/I49_10_05.png,I49.png,49,10,5,1.37,0.482,33.16299819946289,0.0452286660001846,1
I49_11_02.png,/kaggle/working/MDFS/data/KADID/extracted/kadid10k/images/I49_11_02.png,I49.png,49,11,2,3.27,1.062,23.167278289794922,0.05856930800018745,1
I49_11_04.png,/kaggle/working/MDFS/data/KADID/extracted/kadid10k/images/I49_11_04.png,I49.png,49,11,4,2.8,0.945,26.50247573852539,0.034658013999433024,1
I49_12_01.png,/kaggle/working/MDFS/data/KADID/extracted/kadid10k/images/I49_12_01.png,I49.png,49,12,1,4.57,0.559,20.08049774169922,0.03802450300008786,1
I49_12_03.png,/kaggle/working/MDFS/data/KADID/extracted/kadid10k/images/I49_12_03.png,I49.png,49,12,3,3.17,0.898,24.280277252197266,0.03831767599967861,1
I49_12_05.png,/kaggle/working/MDFS/data/KADID/extracted/kadid10k/images/I49_12_05.png,I49.png,49,12,5,2.5,0.764,28.719820022583008,0.03817562899985205,1
I49_13_02.png,/kaggle/working/MDFS/data/KADID/extracted/kadid10k/images/I49_13_02.png,I49.png,49,13,2,2.52,0.666,21.237564086914062,0.038575242999286274,1
I49_13_04.png,/kaggle/working/MDFS/data/KADID/extracted/kadid10k/images/I49_13_04.png,I49.png,49,13,4,1.83,0.687,25.23922348022461,0.03938574600033462,1
I49_14_01.png,/kaggle/working/MDFS/data/KADID/extracted/kadid10k/images/I49_14_01.png,I49.png,49,14,1,4.83,0.373,18.820337295532227,0.03818275499997981,1
I49_14_03.png,/kaggle/working/MDFS/data/KADID/extracted/kadid10k/images/I49_14_03.png,I49.png,49,14,3,4.1,0.79,19.390024185180664,0.038054802999795356,1
I49_14_05.png,/kaggle/working/MDFS/data/KADID/extracted/kadid10k/images/I49_14_05.png,I49.png,49,14,5,3.13,0.921,20.958049774169922,0.03842522899958567,1
I49_15_02.png,/kaggle/working/MDFS/data/KADID/extracted/kadid10k/images/I49_15_02.png,I49.png,49,15,2,2.6,0.712,24.18610382080078,0.03969169499941927,1
I49_15_04.png,/kaggle/working/MDFS/data/KADID/extracted/kadid10k/images/I49_15_04.png,I49.png,49,15,4,1.23,0.496,27.026681900024414,0.039673944000242045,1
I49_16_01.png,/kaggle/working/MDFS/data/KADID/extracted/kadid10k/images/I49_16_01.png,I49.png,49,16,1,4.57,0.496,18.677949905395508,0.03962295000019367,1
I49_16_03.png,/kaggle/working/MDFS/data/KADID/extracted/kadid10k/images/I49_16_03.png,I49.png,49,16,3,3.93,0.814,18.5789852142334,0.03915505100030714,1
I49_16_05.png,/kaggle/working/MDFS/data/KADID/extracted/kadid10k/images/I49_16_05.png,I49.png,49,16,5,3.2,0.833,18.55061912536621,0.040193974999965576,1
I49_17_02.png,/kaggle/working/MDFS/data/KADID/extracted/kadid10k/images/I49_17_02.png,I49.png,49,17,2,4.67,0.471,18.870500564575195,0.03881655800068984,1
I49_17_04.png,/kaggle/working/MDFS/data/KADID/extracted/kadid10k/images/I49_17_04.png,I49.png,49,17,4,3.3,1.069,20.493242263793945,0.03823685699990165,1
I49_18_01.png,/kaggle/working/MDFS/data/KADID/extracted/kadid10k/images/I49_18_01.png,I49.png,49,18,1,4.6,0.49,18.610164642333984,0.03887761500027409,1
I49_18_03.png,/kaggle/working/MDFS/data/KADID/extracted/kadid10k/images/I49_18_03.png,I49.png,49,18,3,4.7,0.458,18.7351016998291,0.038645083000119484,1
I49_18_05.png,/kaggle/working/MDFS/data/KADID/extracted/kadid10k/images/I49_18_05.png,I49.png,49,18,5,3.73,0.629,21.757246017456055,0.03725552800005971,1
I49_19_02.png,/kaggle/working/MDFS/data/KADID/extracted/kadid10k/images/I49_19_02.png,I49.png,49,19,2,4.2,0.542,19.002561569213867,0.03752460299983795,1
I49_19_04.png,/kaggle/working/MDFS/data/KADID/extracted/kadid10k/images/I49_19_04.png,I49.png,49,19,4,1.87,0.67,20.976085662841797,0.03668889599975955,1
I49_20_01.png,/kaggle/working/MDFS/data/KADID/extracted/kadid10k/images/I49_20_01.png,I49.png,49,20,1,4.33,0.789,18.583904266357422,0.03828734099988651,1
I49_20_03.png,/kaggle/working/MDFS/data/KADID/extracted/kadid10k/images/I49_20_03.png,I49.png,49,20,3,3.77,1.055,18.35702896118164,0.038607901999967,1
I49_20_05.png,/kaggle/working/MDFS/data/KADID/extracted/kadid10k/images/I49_20_05.png,I49.png,49,20,5,3.23,1.283,18.45984649658203,0.039634900000237394,1
I49_21_02.png,/kaggle/working/MDFS/data/KADID/extracted/kadid10k/images/I49_21_02.png,I49.png,49,21,2,3.47,1.024,18.836669921875,0.039012973999888345,1
I49_21_04.png,/kaggle/working/MDFS/data/KADID/extracted/kadid10k/images/I49_21_04.png,I49.png,49,21,4,2.9,0.907,19.76007080078125,0.037678236999454384,1
I49_22_01.png,/kaggle/working/MDFS/data/KADID/extracted/kadid10k/images/I49_22_01.png,I49.png,49,22,1,4.3,0.936,19.60207748413086,0.03774270699977933,1
I49_22_03.png,/kaggle/working/MDFS/data/KADID/extracted/kadid10k/images/I49_22_03.png,I49.png,49,22,3,3.53,1.147,21.737627029418945,0.0371721229994364,1
I49_22_05.png,/kaggle/working/MDFS/data/KADID/extracted/kadid10k/images/I49_22_05.png,I49.png,49,22,5,2.47,0.846,24.940690994262695,0.03596488099992712,1
I49_23_02.png,/kaggle/working/MDFS/data/KADID/extracted/kadid10k/images/I49_23_02.png,I49.png,49,23,2,2.47,1.176,18.414644241333008,0.038141563999488426,1
I49_23_04.png,/kaggle/working/MDFS/data/KADID/extracted/kadid10k/images/I49_23_04.png,I49.png,49,23,4,2.13,0.562,18.236711502075195,0.03864233400054218,1
I49_24_01.png,/kaggle/working/MDFS/data/KADID/extracted/kadid10k/images/I49_24_01.png,I49.png,49,24,1,4.1,0.473,19.28978157043457,0.039469362999625446,1
I49_24_03.png,/kaggle/working/MDFS/data/KADID/extracted/kadid10k/images/I49_24_03.png,I49.png,49,24,3,2.93,0.892,21.33247184753418,0.039831093000429973,1
I49_24_05.png,/kaggle/working/MDFS/data/KADID/extracted/kadid10k/images/I49_24_05.png,I49.png,49,24,5,1.6,0.611,25.38636589050293,0.03988159700020333,1
I49_25_02.png,/kaggle/working/MDFS/data/KADID/extracted/kadid10k/images/I49_25_02.png,I49.png,49,25,2,4.0,0.73,20.086668014526367,0.03924310799993691,1
I49_25_04.png,/kaggle/working/MDFS/data/KADID/extracted/kadid10k/images/I49_25_04.png,I49.png,49,25,4,4.07,0.727,18.645212173461914,0.03931069200007187,1
I50_01_01.png,/kaggle/working/MDFS/data/KADID/extracted/kadid10k/images/I50_01_01.png,I50.png,50,1,1,4.57,0.559,17.196271896362305,0.03966968500026269,1
I50_01_03.png,/kaggle/working/MDFS/data/KADID/extracted/kadid10k/images/I50_01_03.png,I50.png,50,1,3,2.73,0.892,21.357410430908203,0.040386349999607773,1
I50_01_05.png,/kaggle/working/MDFS/data/KADID/extracted/kadid10k/images/I50_01_05.png,I50.png,50,1,5,1.2,0.476,40.28740692138672,0.03847271399990859,1
I50_02_02.png,/kaggle/working/MDFS/data/KADID/extracted/kadid10k/images/I50_02_02.png,I50.png,50,2,2,2.6,0.917,22.912168502807617,0.03951749200041377,1
I50_02_04.png,/kaggle/working/MDFS/data/KADID/extracted/kadid10k/images/I50_02_04.png,I50.png,50,2,4,1.33,0.537,30.769906997680664,0.038631782999800635,1
I50_03_01.png,/kaggle/working/MDFS/data/KADID/extracted/kadid10k/images/I50_03_01.png,I50.png,50,3,1,4.6,0.49,17.196271896362305,0.038333512999997765,1
I50_03_03.png,/kaggle/working/MDFS/data/KADID/extracted/kadid10k/images/I50_03_03.png,I50.png,50,3,3,2.77,0.92,21.04471206665039,0.03799222799989366,1
I50_03_05.png,/kaggle/working/MDFS/data/KADID/extracted/kadid10k/images/I50_03_05.png,I50.png,50,3,5,1.53,0.499,22.736160278320312,0.038661486999444605,1
I50_04_02.png,/kaggle/working/MDFS/data/KADID/extracted/kadid10k/images/I50_04_02.png,I50.png,50,4,2,2.57,1.086,18.760082244873047,0.03831107400037581,1
I50_04_04.png,/kaggle/working/MDFS/data/KADID/extracted/kadid10k/images/I50_04_04.png,I50.png,50,4,4,1.53,0.763,20.473012924194336,0.03768438400038576,1
I50_05_01.png,/kaggle/working/MDFS/data/KADID/extracted/kadid10k/images/I50_05_01.png,I50.png,50,5,1,3.83,0.82,17.738313674926758,0.038704906000020856,1
I50_05_03.png,/kaggle/working/MDFS/data/KADID/extracted/kadid10k/images/I50_05_03.png,I50.png,50,5,3,1.7,0.69,17.953083038330078,0.03949616200043238,1
I50_05_05.png,/kaggle/working/MDFS/data/KADID/extracted/kadid10k/images/I50_05_05.png,I50.png,50,5,5,1.67,0.471,17.539094924926758,0.039664517999881355,1
I50_06_02.png,/kaggle/working/MDFS/data/KADID/extracted/kadid10k/images/I50_06_02.png,I50.png,50,6,2,3.83,0.934,20.358501434326172,0.03711884699987422,1
I50_06_04.png,/kaggle/working/MDFS/data/KADID/extracted/kadid10k/images/I50_06_04.png,I50.png,50,6,4,3.07,1.181,21.65644645690918,0.03658102200006397,1
I50_07_01.png,/kaggle/working/MDFS/data/KADID/extracted/kadid10k/images/I50_07_01.png,I50.png,50,7,1,2.6,0.952,17.08311653137207,0.03842951400019956,1
I50_07_03.png,/kaggle/working/MDFS/data/KADID/extracted/kadid10k/images/I50_07_03.png,I50.png,50,7,3,1.93,0.929,19.011323928833008,0.037328030999560724,1
I50_07_05.png,/kaggle/working/MDFS/data/KADID/extracted/kadid10k/images/I50_07_05.png,I50.png,50,7,5,2.03,0.912,17.99503517150879,0.03762448799989215,1
I50_08_02.png,/kaggle/working/MDFS/data/KADID/extracted/kadid10k/images/I50_08_02.png,I50.png,50,8,2,3.13,1.147,18.2176513671875,0.03792895300011878,1
I50_08_04.png,/kaggle/working/MDFS/data/KADID/extracted/kadid10k/images/I50_08_04.png,I50.png,50,8,4,1.63,0.795,20.97565460205078,0.038270793999799935,1
I50_09_01.png,/kaggle/working/MDFS/data/KADID/extracted/kadid10k/images/I50_09_01.png,I50.png,50,9,1,4.43,0.716,18.071989059448242,0.03952897399994981,1
I50_09_03.png,/kaggle/working/MDFS/data/KADID/extracted/kadid10k/images/I50_09_03.png,I50.png,50,9,3,3.83,1.003,21.549150466918945,0.040822107999701984,1
I50_09_05.png,/kaggle/working/MDFS/data/KADID/extracted/kadid10k/images/I50_09_05.png,I50.png,50,9,5,1.27,0.573,35.34333419799805,0.039458989999729965,1
I50_10_02.png,/kaggle/working/MDFS/data/KADID/extracted/kadid10k/images/I50_10_02.png,I50.png,50,10,2,4.4,0.663,18.997596740722656,0.03983100599998579,1
I50_10_04.png,/kaggle/working/MDFS/data/KADID/extracted/kadid10k/images/I50_10_04.png,I50.png,50,10,4,2.27,0.772,28.170909881591797,0.038773811000282876,1
I50_11_01.png,/kaggle/working/MDFS/data/KADID/extracted/kadid10k/images/I50_11_01.png,I50.png,50,11,1,3.9,0.943,19.270795822143555,0.03821053200044844,1
I50_11_03.png,/kaggle/working/MDFS/data/KADID/extracted/kadid10k/images/I50_11_03.png,I50.png,50,11,3,3.17,0.734,21.742143630981445,0.0379953720002959,1
I50_11_05.png,/kaggle/working/MDFS/data/KADID/extracted/kadid10k/images/I50_11_05.png,I50.png,50,11,5,2.37,0.657,26.869150161743164,0.038549767000404245,1
I50_12_02.png,/kaggle/working/MDFS/data/KADID/extracted/kadid10k/images/I50_12_02.png,I50.png,50,12,2,3.17,1.067,19.64700698852539,0.037650821000170254,1
I50_12_04.png,/kaggle/working/MDFS/data/KADID/extracted/kadid10k/images/I50_12_04.png,I50.png,50,12,4,2.3,0.586,23.67995834350586,0.03824336299931019,1
I50_13_01.png,/kaggle/working/MDFS/data/KADID/extracted/kadid10k/images/I50_13_01.png,I50.png,50,13,1,3.63,0.836,17.673202514648438,0.0380339820003428,1
I50_13_03.png,/kaggle/working/MDFS/data/KADID/extracted/kadid10k/images/I50_13_03.png,I50.png,50,13,3,2.87,0.806,19.61857795715332,0.03753388099994481,1
I50_13_05.png,/kaggle/working/MDFS/data/KADID/extracted/kadid10k/images/I50_13_05.png,I50.png,50,13,5,2.03,0.657,23.707956314086914,0.03836083199985296,1
I50_14_02.png,/kaggle/working/MDFS/data/KADID/extracted/kadid10k/images/I50_14_02.png,I50.png,50,14,2,3.16,0.919,19.644458770751953,0.03924244700010604,1
I50_14_04.png,/kaggle/working/MDFS/data/KADID/extracted/kadid10k/images/I50_14_04.png,I50.png,50,14,4,2.13,0.846,22.82083511352539,0.03962794699964434,1
I50_15_01.png,/kaggle/working/MDFS/data/KADID/extracted/kadid10k/images/I50_15_01.png,I50.png,50,15,1,3.6,1.083,19.53313446044922,0.041532094000103825,1
I50_15_03.png,/kaggle/working/MDFS/data/KADID/extracted/kadid10k/images/I50_15_03.png,I50.png,50,15,3,2.23,0.803,21.990232467651367,0.04104593800002476,1
I50_15_05.png,/kaggle/working/MDFS/data/KADID/extracted/kadid10k/images/I50_15_05.png,I50.png,50,15,5,1.53,0.618,24.57227897644043,0.038525171000401315,1
I50_16_02.png,/kaggle/working/MDFS/data/KADID/extracted/kadid10k/images/I50_16_02.png,I50.png,50,16,2,4.23,0.716,17.171911239624023,0.039653423000345356,1
I50_16_04.png,/kaggle/working/MDFS/data/KADID/extracted/kadid10k/images/I50_16_04.png,I50.png,50,16,4,1.7,0.737,18.61068344116211,0.039106326999899466,1
I50_17_01.png,/kaggle/working/MDFS/data/KADID/extracted/kadid10k/images/I50_17_01.png,I50.png,50,17,1,4.33,0.699,17.20925521850586,0.03910117200030072,1
I50_17_03.png,/kaggle/working/MDFS/data/KADID/extracted/kadid10k/images/I50_17_03.png,I50.png,50,17,3,4.13,0.67,17.216814041137695,0.03849241800071468,1
I50_17_05.png,/kaggle/working/MDFS/data/KADID/extracted/kadid10k/images/I50_17_05.png,I50.png,50,17,5,2.57,0.989,19.059032440185547,0.03761049999957322,1
I50_18_02.png,/kaggle/working/MDFS/data/KADID/extracted/kadid10k/images/I50_18_02.png,I50.png,50,18,2,4.17,0.734,17.22110939025879,0.038591491999795835,1
I50_18_04.png,/kaggle/working/MDFS/data/KADID/extracted/kadid10k/images/I50_18_04.png,I50.png,50,18,4,4.27,0.68,17.374788284301758,0.04012902399972518,1
I50_19_01.png,/kaggle/working/MDFS/data/KADID/extracted/kadid10k/images/I50_19_01.png,I50.png,50,19,1,4.57,0.803,17.06060218811035,0.03863393499977974,1
I50_19_03.png,/kaggle/working/MDFS/data/KADID/extracted/kadid10k/images/I50_19_03.png,I50.png,50,19,3,3.83,0.934,17.287275314331055,0.038373736999346875,1
I50_19_05.png,/kaggle/working/MDFS/data/KADID/extracted/kadid10k/images/I50_19_05.png,I50.png,50,19,5,1.37,0.482,21.623069763183594,0.038583198999731394,1
I50_20_02.png,/kaggle/working/MDFS/data/KADID/extracted/kadid10k/images/I50_20_02.png,I50.png,50,20,2,3.87,0.846,17.240093231201172,0.039064009999492555,1
I50_20_04.png,/kaggle/working/MDFS/data/KADID/extracted/kadid10k/images/I50_20_04.png,I50.png,50,20,4,2.37,0.948,17.24106216430664,0.03909805400053301,1
I50_21_01.png,/kaggle/working/MDFS/data/KADID/extracted/kadid10k/images/I50_21_01.png,I50.png,50,21,1,4.37,0.836,17.09556770324707,0.039321973000369326,1
I50_21_03.png,/kaggle/working/MDFS/data/KADID/extracted/kadid10k/images/I50_21_03.png,I50.png,50,21,3,3.53,1.087,17.347801208496094,0.039024425000206975,1
I50_21_05.png,/kaggle/working/MDFS/data/KADID/extracted/kadid10k/images/I50_21_05.png,I50.png,50,21,5,1.52,0.561,27.850372314453125,0.03739790700001322,1
I50_22_02.png,/kaggle/working/MDFS/data/KADID/extracted/kadid10k/images/I50_22_02.png,I50.png,50,22,2,3.93,0.964,17.537078857421875,0.038788892999946256,1
I50_22_04.png,/kaggle/working/MDFS/data/KADID/extracted/kadid10k/images/I50_22_04.png,I50.png,50,22,4,3.73,0.998,17.871265411376953,0.03857860299922322,1
I50_23_01.png,/kaggle/working/MDFS/data/KADID/extracted/kadid10k/images/I50_23_01.png,I50.png,50,23,1,2.57,0.955,17.13351058959961,0.039596981000613596,1
I50_23_03.png,/kaggle/working/MDFS/data/KADID/extracted/kadid10k/images/I50_23_03.png,I50.png,50,23,3,2.2,0.653,17.20121192932129,0.0382255399999849,1
I50_23_05.png,/kaggle/working/MDFS/data/KADID/extracted/kadid10k/images/I50_23_05.png,I50.png,50,23,5,1.87,0.718,17.345521926879883,0.038711178000085056,1
I50_24_02.png,/kaggle/working/MDFS/data/KADID/extracted/kadid10k/images/I50_24_02.png,I50.png,50,24,2,2.6,0.757,19.807287216186523,0.038438253000094846,1
I50_24_04.png,/kaggle/working/MDFS/data/KADID/extracted/kadid10k/images/I50_24_04.png,I50.png,50,24,4,1.35,0.698,23.187667846679688,0.03777781299959315,1
I50_25_01.png,/kaggle/working/MDFS/data/KADID/extracted/kadid10k/images/I50_25_01.png,I50.png,50,25,1,3.0,0.968,18.420974731445312,0.03813991500010161,1
I50_25_03.png,/kaggle/working/MDFS/data/KADID/extracted/kadid10k/images/I50_25_03.png,I50.png,50,25,3,4.17,0.687,17.529254913330078,0.03784626400010893,1
I50_25_05.png,/kaggle/working/MDFS/data/KADID/extracted/kadid10k/images/I50_25_05.png,I50.png,50,25,5,3.57,0.844,17.08637809753418,0.03933692899954622,1
I51_01_02.png,/kaggle/working/MDFS/data/KADID/extracted/kadid10k/images/I51_01_02.png,I51.png,51,1,2,4.37,0.547,16.64188003540039,0.040293501000633114,1
I51_01_04.png,/kaggle/working/MDFS/data/KADID/extracted/kadid10k/images/I51_01_04.png,I51.png,51,1,4,1.53,0.562,28.326271057128906,0.0396055230003185,1
I51_02_01.png,/kaggle/working/MDFS/data/KADID/extracted/kadid10k/images/I51_02_01.png,I51.png,51,2,1,4.03,0.752,17.659557342529297,0.0403965599998628,1
I51_02_03.png,/kaggle/working/MDFS/data/KADID/extracted/kadid10k/images/I51_02_03.png,I51.png,51,2,3,1.73,0.772,25.072799682617188,0.03950561299916444,1
I51_02_05.png,/kaggle/working/MDFS/data/KADID/extracted/kadid10k/images/I51_02_05.png,I51.png,51,2,5,1.13,0.34,31.238691329956055,0.04035198200017476,1
I51_03_02.png,/kaggle/working/MDFS/data/KADID/extracted/kadid10k/images/I51_03_02.png,I51.png,51,3,2,4.03,0.706,17.47185707092285,0.041369259000020975,1
I51_03_04.png,/kaggle/working/MDFS/data/KADID/extracted/kadid10k/images/I51_03_04.png,I51.png,51,3,4,2.0,0.632,20.40570068359375,0.04060372699950676,1
I51_04_01.png,/kaggle/working/MDFS/data/KADID/extracted/kadid10k/images/I51_04_01.png,I51.png,51,4,1,4.7,0.458,17.302515029907227,0.041102170999693044,1
I51_04_03.png,/kaggle/working/MDFS/data/KADID/extracted/kadid10k/images/I51_04_03.png,I51.png,51,4,3,1.7,0.64,19.334827423095703,0.03956737299995439,1
I51_04_05.png,/kaggle/working/MDFS/data/KADID/extracted/kadid10k/images/I51_04_05.png,I51.png,51,4,5,1.17,0.453,21.2736759185791,0.03966447200036782,1
I51_05_02.png,/kaggle/working/MDFS/data/KADID/extracted/kadid10k/images/I51_05_02.png,I51.png,51,5,2,2.23,0.989,18.616756439208984,0.04077758299990819,1
I51_05_04.png,/kaggle/working/MDFS/data/KADID/extracted/kadid10k/images/I51_05_04.png,I51.png,51,5,4,1.5,0.563,17.882652282714844,0.04068026100048883,1
I51_06_01.png,/kaggle/working/MDFS/data/KADID/extracted/kadid10k/images/I51_06_01.png,I51.png,51,6,1,3.93,0.727,18.916624069213867,0.038479820000247855,1
I51_06_03.png,/kaggle/working/MDFS/data/KADID/extracted/kadid10k/images/I51_06_03.png,I51.png,51,6,3,3.77,0.869,19.527013778686523,0.037567946999843116,1
I51_06_05.png,/kaggle/working/MDFS/data/KADID/extracted/kadid10k/images/I51_06_05.png,I51.png,51,6,5,2.63,0.875,24.5955867767334,0.03568306400029542,1
I51_07_02.png,/kaggle/working/MDFS/data/KADID/extracted/kadid10k/images/I51_07_02.png,I51.png,51,7,2,2.27,0.964,19.25920867919922,0.03900473500016233,1
I51_07_04.png,/kaggle/working/MDFS/data/KADID/extracted/kadid10k/images/I51_07_04.png,I51.png,51,7,4,2.43,0.989,22.33984375,0.03764161700019031,1
I51_08_01.png,/kaggle/working/MDFS/data/KADID/extracted/kadid10k/images/I51_08_01.png,I51.png,51,8,1,4.67,0.471,17.384719848632812,0.03844602599929203,1
I51_08_03.png,/kaggle/working/MDFS/data/KADID/extracted/kadid10k/images/I51_08_03.png,I51.png,51,8,3,2.97,0.948,18.42334747314453,0.03822702800061961,1
I51_08_05.png,/kaggle/working/MDFS/data/KADID/extracted/kadid10k/images/I51_08_05.png,I51.png,51,8,5,1.5,0.719,20.617530822753906,0.03826078600013716,1
I51_09_02.png,/kaggle/working/MDFS/data/KADID/extracted/kadid10k/images/I51_09_02.png,I51.png,51,9,2,4.47,0.763,19.437883377075195,0.03968386899941834,1
I51_09_04.png,/kaggle/working/MDFS/data/KADID/extracted/kadid10k/images/I51_09_04.png,I51.png,51,9,4,1.93,0.442,27.285781860351562,0.039416459000676696,1
I51_10_01.png,/kaggle/working/MDFS/data/KADID/extracted/kadid10k/images/I51_10_01.png,I51.png,51,10,1,4.2,0.748,18.6502685546875,0.040532808000534715,1
I51_10_03.png,/kaggle/working/MDFS/data/KADID/extracted/kadid10k/images/I51_10_03.png,I51.png,51,10,3,3.67,0.869,19.768224716186523,0.04005337299986422,1
I51_10_05.png,/kaggle/working/MDFS/data/KADID/extracted/kadid10k/images/I51_10_05.png,I51.png,51,10,5,1.23,0.423,28.881147384643555,0.03811603899976035,1
I51_11_02.png,/kaggle/working/MDFS/data/KADID/extracted/kadid10k/images/I51_11_02.png,I51.png,51,11,2,2.93,0.573,20.693998336791992,0.038944718000493594,1
I51_11_04.png,/kaggle/working/MDFS/data/KADID/extracted/kadid10k/images/I51_11_04.png,I51.png,51,11,4,2.53,0.763,23.011003494262695,0.03836170900012803,1
I51_12_01.png,/kaggle/working/MDFS/data/KADID/extracted/kadid10k/images/I51_12_01.png,I51.png,51,12,1,4.43,0.616,18.190204620361328,0.039411396000105015,1
I51_12_03.png,/kaggle/working/MDFS/data/KADID/extracted/kadid10k/images/I51_12_03.png,I51.png,51,12,3,2.57,0.616,21.1462345123291,0.037905156000306306,1
I51_12_05.png,/kaggle/working/MDFS/data/KADID/extracted/kadid10k/images/I51_12_05.png,I51.png,51,12,5,2.27,0.573,24.292675018310547,0.037689392999709526,1
I51_13_02.png,/kaggle/working/MDFS/data/KADID/extracted/kadid10k/images/I51_13_02.png,I51.png,51,13,2,2.53,0.884,18.2158203125,0.03932320100011566,1
I51_13_04.png,/kaggle/working/MDFS/data/KADID/extracted/kadid10k/images/I51_13_04.png,I51.png,51,13,4,2.2,0.6,21.66714859008789,0.038613180000538705,1
I51_14_01.png,/kaggle/working/MDFS/data/KADID/extracted/kadid10k/images/I51_14_01.png,I51.png,51,14,1,4.4,0.663,17.943387985229492,0.03857960999994248,1
I51_14_03.png,/kaggle/working/MDFS/data/KADID/extracted/kadid10k/images/I51_14_03.png,I51.png,51,14,3,2.97,0.706,19.718252182006836,0.038303196000015305,1
I51_14_05.png,/kaggle/working/MDFS/data/KADID/extracted/kadid10k/images/I51_14_05.png,I51.png,51,14,5,1.93,0.772,22.652097702026367,0.03853228499974648,1
I51_15_02.png,/kaggle/working/MDFS/data/KADID/extracted/kadid10k/images/I51_15_02.png,I51.png,51,15,2,3.0,0.856,20.97478675842285,0.04112475399961113,1
I51_15_04.png,/kaggle/working/MDFS/data/KADID/extracted/kadid10k/images/I51_15_04.png,I51.png,51,15,4,1.69,0.682,23.684616088867188,0.03909179599941126,1
I51_16_01.png,/kaggle/working/MDFS/data/KADID/extracted/kadid10k/images/I51_16_01.png,I51.png,51,16,1,4.4,0.611,17.360183715820312,0.040034546999777376,1
I51_16_03.png,/kaggle/working/MDFS/data/KADID/extracted/kadid10k/images/I51_16_03.png,I51.png,51,16,3,3.7,0.781,17.32777214050293,0.04079533399999491,1
I51_16_05.png,/kaggle/working/MDFS/data/KADID/extracted/kadid10k/images/I51_16_05.png,I51.png,51,16,5,2.07,0.727,21.194087982177734,0.04049439600021287,1
I51_17_02.png,/kaggle/working/MDFS/data/KADID/extracted/kadid10k/images/I51_17_02.png,I51.png,51,17,2,4.67,0.471,17.422321319580078,0.041351077999934205,1
I51_17_04.png,/kaggle/working/MDFS/data/KADID/extracted/kadid10k/images/I51_17_04.png,I51.png,51,17,4,3.77,0.883,17.562824249267578,0.03972197300026892,1
I51_18_01.png,/kaggle/working/MDFS/data/KADID/extracted/kadid10k/images/I51_18_01.png,I51.png,51,18,1,4.3,0.458,17.588275909423828,0.04027179300010175,1
I51_18_03.png,/kaggle/working/MDFS/data/KADID/extracted/kadid10k/images/I51_18_03.png,I51.png,51,18,3,4.43,0.496,17.384719848632812,0.04027967899946816,1
I51_18_05.png,/kaggle/working/MDFS/data/KADID/extracted/kadid10k/images/I51_18_05.png,I51.png,51,18,5,4.03,0.752,17.788440704345703,0.04027069899984781,1
I51_19_02.png,/kaggle/working/MDFS/data/KADID/extracted/kadid10k/images/I51_19_02.png,I51.png,51,19,2,4.13,0.499,16.815914154052734,0.03983495200009202,1
I51_19_04.png,/kaggle/working/MDFS/data/KADID/extracted/kadid10k/images/I51_19_04.png,I51.png,51,19,4,1.57,0.496,19.142560958862305,0.0379116679996514,1
I51_20_01.png,/kaggle/working/MDFS/data/KADID/extracted/kadid10k/images/I51_20_01.png,I51.png,51,20,1,4.27,0.629,17.367568969726562,0.040747548000581446,1
I51_20_03.png,/kaggle/working/MDFS/data/KADID/extracted/kadid10k/images/I51_20_03.png,I51.png,51,20,3,4.13,0.884,17.246726989746094,0.04040808899935655,1
I51_20_05.png,/kaggle/working/MDFS/data/KADID/extracted/kadid10k/images/I51_20_05.png,I51.png,51,20,5,2.67,1.374,17.19746208190918,0.040457427000546886,1
I51_21_02.png,/kaggle/working/MDFS/data/KADID/extracted/kadid10k/images/I51_21_02.png,I51.png,51,21,2,3.0,0.966,17.178491592407227,0.03948560400021961,1
I51_21_04.png,/kaggle/working/MDFS/data/KADID/extracted/kadid10k/images/I51_21_04.png,I51.png,51,21,4,2.47,1.231,17.88481330871582,0.03809306400034984,1
I51_22_01.png,/kaggle/working/MDFS/data/KADID/extracted/kadid10k/images/I51_22_01.png,I51.png,51,22,1,4.07,0.814,17.72875213623047,0.03896717499992519,1
I51_22_03.png,/kaggle/working/MDFS/data/KADID/extracted/kadid10k/images/I51_22_03.png,I51.png,51,22,3,3.45,0.978,17.87886619567871,0.037471734000064316,1
I51_22_05.png,/kaggle/working/MDFS/data/KADID/extracted/kadid10k/images/I51_22_05.png,I51.png,51,22,5,2.33,0.83,18.845794677734375,0.03723272899969743,1
I51_23_02.png,/kaggle/working/MDFS/data/KADID/extracted/kadid10k/images/I51_23_02.png,I51.png,51,23,2,2.43,1.257,17.34330940246582,0.039428936000149406,1
I51_23_04.png,/kaggle/working/MDFS/data/KADID/extracted/kadid10k/images/I51_23_04.png,I51.png,51,23,4,2.2,0.833,17.34944725036621,0.038947398999880534,1
I51_24_01.png,/kaggle/working/MDFS/data/KADID/extracted/kadid10k/images/I51_24_01.png,I51.png,51,24,1,3.2,0.909,18.54033088684082,0.039153333000285784,1
I51_24_03.png,/kaggle/working/MDFS/data/KADID/extracted/kadid10k/images/I51_24_03.png,I51.png,51,24,3,1.43,0.496,21.251646041870117,0.03916595200007578,1
I51_24_05.png,/kaggle/working/MDFS/data/KADID/extracted/kadid10k/images/I51_24_05.png,I51.png,51,24,5,1.17,0.373,25.035459518432617,0.03816587500023161,1
I51_25_02.png,/kaggle/working/MDFS/data/KADID/extracted/kadid10k/images/I51_25_02.png,I51.png,51,25,2,4.13,0.67,17.750732421875,0.04058391600028699,1
I51_25_04.png,/kaggle/working/MDFS/data/KADID/extracted/kadid10k/images/I51_25_04.png,I51.png,51,25,4,4.07,0.772,17.24905014038086,0.03935780000028899,1
I52_01_01.png,/kaggle/working/MDFS/data/KADID/extracted/kadid10k/images/I52_01_01.png,I52.png,52,1,1,4.77,0.423,19.405616760253906,0.04040446500039252,1
I52_01_03.png,/kaggle/working/MDFS/data/KADID/extracted/kadid10k/images/I52_01_03.png,I52.png,52,1,3,2.73,0.772,20.752304077148438,0.04015718200025731,1
I52_01_05.png,/kaggle/working/MDFS/data/KADID/extracted/kadid10k/images/I52_01_05.png,I52.png,52,1,5,1.27,0.442,36.895137786865234,0.03946479800015368,1
I52_02_02.png,/kaggle/working/MDFS/data/KADID/extracted/kadid10k/images/I52_02_02.png,I52.png,52,2,2,2.94,0.669,21.83478355407715,0.040609498999401694,1
I52_02_04.png,/kaggle/working/MDFS/data/KADID/extracted/kadid10k/images/I52_02_04.png,I52.png,52,2,4,1.37,0.482,28.24083137512207,0.03958109999985027,1
I52_03_01.png,/kaggle/working/MDFS/data/KADID/extracted/kadid10k/images/I52_03_01.png,I52.png,52,3,1,4.7,0.458,19.405616760253906,0.04071454299992183,1
I52_03_03.png,/kaggle/working/MDFS/data/KADID/extracted/kadid10k/images/I52_03_03.png,I52.png,52,3,3,2.67,0.745,20.454025268554688,0.0401723499999207,1
I52_03_05.png,/kaggle/working/MDFS/data/KADID/extracted/kadid10k/images/I52_03_05.png,I52.png,52,3,5,1.6,0.611,22.599567413330078,0.03958253499968123,1
I52_04_02.png,/kaggle/working/MDFS/data/KADID/extracted/kadid10k/images/I52_04_02.png,I52.png,52,4,2,2.97,0.875,20.557016372680664,0.03989193599954888,1
I52_04_04.png,/kaggle/working/MDFS/data/KADID/extracted/kadid10k/images/I52_04_04.png,I52.png,52,4,4,1.5,0.563,21.626407623291016,0.03960372299934534,1
I52_05_01.png,/kaggle/working/MDFS/data/KADID/extracted/kadid10k/images/I52_05_01.png,I52.png,52,5,1,4.63,0.482,19.431175231933594,0.04135527299968089,1
I52_05_03.png,/kaggle/working/MDFS/data/KADID/extracted/kadid10k/images/I52_05_03.png,I52.png,52,5,3,2.37,0.836,19.646677017211914,0.04048159800004214,1
I52_05_05.png,/kaggle/working/MDFS/data/KADID/extracted/kadid10k/images/I52_05_05.png,I52.png,52,5,5,3.03,0.912,19.64179229736328,0.040426779999506834,1
I52_06_02.png,/kaggle/working/MDFS/data/KADID/extracted/kadid10k/images/I52_06_02.png,I52.png,52,6,2,4.2,0.792,20.805864334106445,0.03775032599969563,1
I52_06_04.png,/kaggle/working/MDFS/data/KADID/extracted/kadid10k/images/I52_06_04.png,I52.png,52,6,4,2.93,0.998,21.677934646606445,0.03734008600076777,1
I52_07_01.png,/kaggle/working/MDFS/data/KADID/extracted/kadid10k/images/I52_07_01.png,I52.png,52,7,1,2.43,0.989,20.37803840637207,0.03980225499981316,1
I52_07_03.png,/kaggle/working/MDFS/data/KADID/extracted/kadid10k/images/I52_07_03.png,I52.png,52,7,3,1.93,0.998,21.225379943847656,0.039004488000500714,1
I52_07_05.png,/kaggle/working/MDFS/data/KADID/extracted/kadid10k/images/I52_07_05.png,I52.png,52,7,5,1.83,0.82,20.775774002075195,0.03949577700041118,1
I52_08_02.png,/kaggle/working/MDFS/data/KADID/extracted/kadid10k/images/I52_08_02.png,I52.png,52,8,2,3.93,0.629,20.607820510864258,0.0393639420008185,1
I52_08_04.png,/kaggle/working/MDFS/data/KADID/extracted/kadid10k/images/I52_08_04.png,I52.png,52,8,4,2.2,0.945,22.88481330871582,0.03858806700009154,1
I52_09_01.png,/kaggle/working/MDFS/data/KADID/extracted/kadid10k/images/I52_09_01.png,I52.png,52,9,1,4.53,0.499,19.62598991394043,0.03982251300021744,1
I52_09_03.png,/kaggle/working/MDFS/data/KADID/extracted/kadid10k/images/I52_09_03.png,I52.png,52,9,3,2.53,1.056,23.28400421142578,0.04002403400045296,1
I52_09_05.png,/kaggle/working/MDFS/data/KADID/extracted/kadid10k/images/I52_09_05.png,I52.png,52,9,5,1.23,0.423,33.77939987182617,0.03908897400015121,1
I52_10_02.png,/kaggle/working/MDFS/data/KADID/extracted/kadid10k/images/I52_10_02.png,I52.png,52,10,2,3.7,1.038,20.328771591186523,0.03978536599970539,1
I52_10_04.png,/kaggle/working/MDFS/data/KADID/extracted/kadid10k/images/I52_10_04.png,I52.png,52,10,4,1.7,0.737,25.315065383911133,0.03794360899973981,1
I52_11_01.png,/kaggle/working/MDFS/data/KADID/extracted/kadid10k/images/I52_11_01.png,I52.png,52,11,1,3.63,0.875,20.81170082092285,0.03756142100064608,1
I52_11_03.png,/kaggle/working/MDFS/data/KADID/extracted/kadid10k/images/I52_11_03.png,I52.png,52,11,3,2.7,0.823,22.345550537109375,0.03894178300015483,1
I52_11_05.png,/kaggle/working/MDFS/data/KADID/extracted/kadid10k/images/I52_11_05.png,I52.png,52,11,5,2.07,0.727,25.3817138671875,0.040033135999692604,1
I52_12_02.png,/kaggle/working/MDFS/data/KADID/extracted/kadid10k/images/I52_12_02.png,I52.png,52,12,2,3.27,0.854,20.916261672973633,0.03965793999941525,1
I52_12_04.png,/kaggle/working/MDFS/data/KADID/extracted/kadid10k/images/I52_12_04.png,I52.png,52,12,4,2.47,0.806,23.078018188476562,0.0402501669996127,1
I52_13_01.png,/kaggle/working/MDFS/data/KADID/extracted/kadid10k/images/I52_13_01.png,I52.png,52,13,1,3.2,1.046,19.294118881225586,0.04123828299998422,1
I52_13_03.png,/kaggle/working/MDFS/data/KADID/extracted/kadid10k/images/I52_13_03.png,I52.png,52,13,3,2.67,0.65,22.04655647277832,0.04012737599987304,1
I52_13_05.png,/kaggle/working/MDFS/data/KADID/extracted/kadid10k/images/I52_13_05.png,I52.png,52,13,5,2.0,0.632,24.073833465576172,0.03973664499972074,1
I52_14_02.png,/kaggle/working/MDFS/data/KADID/extracted/kadid10k/images/I52_14_02.png,I52.png,52,14,2,3.47,0.806,20.665863037109375,0.039534946999992826,1
I52_14_04.png,/kaggle/working/MDFS/data/KADID/extracted/kadid10k/images/I52_14_04.png,I52.png,52,14,4,2.3,0.69,22.081567764282227,0.03942069900040224,1
I52_15_01.png,/kaggle/working/MDFS/data/KADID/extracted/kadid10k/images/I52_15_01.png,I52.png,52,15,1,3.8,0.792,20.44940185546875,0.04247221500008891,1
I52_15_03.png,/kaggle/working/MDFS/data/KADID/extracted/kadid10k/images/I52_15_03.png,I52.png,52,15,3,1.8,0.653,22.394437789916992,0.04084019900074054,1
I52_15_05.png,/kaggle/working/MDFS/data/KADID/extracted/kadid10k/images/I52_15_05.png,I52.png,52,15,5,1.33,0.471,23.87212371826172,0.03902009800003725,1
I52_16_02.png,/kaggle/working/MDFS/data/KADID/extracted/kadid10k/images/I52_16_02.png,I52.png,52,16,2,4.4,0.49,19.525634765625,0.04025517199988826,1
I52_16_04.png,/kaggle/working/MDFS/data/KADID/extracted/kadid10k/images/I52_16_04.png,I52.png,52,16,4,3.1,0.87,20.152034759521484,0.040841106000698346,1
I52_17_01.png,/kaggle/working/MDFS/data/KADID/extracted/kadid10k/images/I52_17_01.png,I52.png,52,17,1,4.67,0.471,19.38094711303711,0.04028836100042099,1
I52_17_03.png,/kaggle/working/MDFS/data/KADID/extracted/kadid10k/images/I52_17_03.png,I52.png,52,17,3,4.67,0.471,19.388057708740234,0.040391612999883364,1
I52_17_05.png,/kaggle/working/MDFS/data/KADID/extracted/kadid10k/images/I52_17_05.png,I52.png,52,17,5,2.5,0.992,21.334815979003906,0.03998970200063923,1
I52_18_02.png,/kaggle/working/MDFS/data/KADID/extracted/kadid10k/images/I52_18_02.png,I52.png,52,18,2,4.83,0.373,19.563962936401367,0.04061074400033249,1
I52_18_04.png,/kaggle/working/MDFS/data/KADID/extracted/kadid10k/images/I52_18_04.png,I52.png,52,18,4,4.73,0.629,19.60175323486328,0.04009216099984769,1
I52_19_01.png,/kaggle/working/MDFS/data/KADID/extracted/kadid10k/images/I52_19_01.png,I52.png,52,19,1,4.5,0.671,19.269393920898438,0.040295220999723824,1
I52_19_03.png,/kaggle/working/MDFS/data/KADID/extracted/kadid10k/images/I52_19_03.png,I52.png,52,19,3,2.7,0.936,19.341552734375,0.039353092999590444,1
I52_19_05.png,/kaggle/working/MDFS/data/KADID/extracted/kadid10k/images/I52_19_05.png,I52.png,52,19,5,1.13,0.34,25.255929946899414,0.03889707000053022,1
I52_20_02.png,/kaggle/working/MDFS/data/KADID/extracted/kadid10k/images/I52_20_02.png,I52.png,52,20,2,3.67,1.106,19.314096450805664,0.04067125300025509,1
I52_20_04.png,/kaggle/working/MDFS/data/KADID/extracted/kadid10k/images/I52_20_04.png,I52.png,52,20,4,3.3,1.242,19.06477928161621,0.040103258000272035,1
I52_21_01.png,/kaggle/working/MDFS/data/KADID/extracted/kadid10k/images/I52_21_01.png,I52.png,52,21,1,3.83,0.934,19.017471313476562,0.03998788700027944,1
I52_21_03.png,/kaggle/working/MDFS/data/KADID/extracted/kadid10k/images/I52_21_03.png,I52.png,52,21,3,2.6,0.917,19.37884521484375,0.038723138999557705,1
I52_21_05.png,/kaggle/working/MDFS/data/KADID/extracted/kadid10k/images/I52_21_05.png,I52.png,52,21,5,1.53,0.562,25.99667739868164,0.03632804800054146,1
I52_22_02.png,/kaggle/working/MDFS/data/KADID/extracted/kadid10k/images/I52_22_02.png,I52.png,52,22,2,3.43,0.92,19.423141479492188,0.037611040999763645,1
I52_22_04.png,/kaggle/working/MDFS/data/KADID/extracted/kadid10k/images/I52_22_04.png,I52.png,52,22,4,3.37,0.795,19.775169372558594,0.03677759899983357,1
I52_23_01.png,/kaggle/working/MDFS/data/KADID/extracted/kadid10k/images/I52_23_01.png,I52.png,52,23,1,2.43,1.146,19.2899112701416,0.03903769499993359,1
I52_23_03.png,/kaggle/working/MDFS/data/KADID/extracted/kadid10k/images/I52_23_03.png,I52.png,52,23,3,2.27,0.854,19.370521545410156,0.038991739000266534,1
I52_23_05.png,/kaggle/working/MDFS/data/KADID/extracted/kadid10k/images/I52_23_05.png,I52.png,52,23,5,2.2,0.909,19.385446548461914,0.04052726099962456,1
I52_24_02.png,/kaggle/working/MDFS/data/KADID/extracted/kadid10k/images/I52_24_02.png,I52.png,52,24,2,2.83,0.778,21.531702041625977,0.04091013499964902,1
I52_24_04.png,/kaggle/working/MDFS/data/KADID/extracted/kadid10k/images/I52_24_04.png,I52.png,52,24,4,1.67,0.65,23.959726333618164,0.03838467599962314,1
I52_25_01.png,/kaggle/working/MDFS/data/KADID/extracted/kadid10k/images/I52_25_01.png,I52.png,52,25,1,4.03,0.547,20.386489868164062,0.04052390899960301,1
I52_25_03.png,/kaggle/working/MDFS/data/KADID/extracted/kadid10k/images/I52_25_03.png,I52.png,52,25,3,4.37,0.605,19.684864044189453,0.04040272899965203,1
I52_25_05.png,/kaggle/working/MDFS/data/KADID/extracted/kadid10k/images/I52_25_05.png,I52.png,52,25,5,3.57,0.761,19.098705291748047,0.03980080899964378,1
I53_01_02.png,/kaggle/working/MDFS/data/KADID/extracted/kadid10k/images/I53_01_02.png,I53.png,53,1,2,4.63,0.482,17.467952728271484,0.038908227999854716,1
I53_01_04.png,/kaggle/working/MDFS/data/KADID/extracted/kadid10k/images/I53_01_04.png,I53.png,53,1,4,2.0,0.577,30.702896118164062,0.0393396709996523,1
I53_02_01.png,/kaggle/working/MDFS/data/KADID/extracted/kadid10k/images/I53_02_01.png,I53.png,53,2,1,4.39,0.549,18.464433670043945,0.03986972800066724,1
I53_02_03.png,/kaggle/working/MDFS/data/KADID/extracted/kadid10k/images/I53_02_03.png,I53.png,53,2,3,2.07,0.629,29.105207443237305,0.039030377000017324,1
I53_02_05.png,/kaggle/working/MDFS/data/KADID/extracted/kadid10k/images/I53_02_05.png,I53.png,53,2,5,1.39,0.487,33.623016357421875,0.03863852399990719,1
I53_03_02.png,/kaggle/working/MDFS/data/KADID/extracted/kadid10k/images/I53_03_02.png,I53.png,53,3,2,4.3,0.586,18.91942596435547,0.03957889699995576,1
I53_03_04.png,/kaggle/working/MDFS/data/KADID/extracted/kadid10k/images/I53_03_04.png,I53.png,53,3,4,2.53,0.718,20.402841567993164,0.03897939500075154,1
I53_04_01.png,/kaggle/working/MDFS/data/KADID/extracted/kadid10k/images/I53_04_01.png,I53.png,53,4,1,4.5,0.5,17.533485412597656,0.03832162500020786,1
I53_04_03.png,/kaggle/working/MDFS/data/KADID/extracted/kadid10k/images/I53_04_03.png,I53.png,53,4,3,1.53,0.562,20.45265769958496,0.03770460499981709,1
I53_04_05.png,/kaggle/working/MDFS/data/KADID/extracted/kadid10k/images/I53_04_05.png,I53.png,53,4,5,1.06,0.246,22.678953170776367,0.03649873399990611,1
I53_05_02.png,/kaggle/working/MDFS/data/KADID/extracted/kadid10k/images/I53_05_02.png,I53.png,53,5,2,2.57,0.989,19.11978530883789,0.038214227999560535,1
I53_05_04.png,/kaggle/working/MDFS/data/KADID/extracted/kadid10k/images/I53_05_04.png,I53.png,53,5,4,1.7,0.737,18.43212890625,0.03878322499986098,1
I53_06_01.png,/kaggle/working/MDFS/data/KADID/extracted/kadid10k/images/I53_06_01.png,I53.png,53,6,1,3.9,0.746,20.59619140625,0.037310023999452824,1
I53_06_03.png,/kaggle/working/MDFS/data/KADID/extracted/kadid10k/images/I53_06_03.png,I53.png,53,6,3,3.52,0.798,21.01692771911621,0.0379312969998864,1
I53_06_05.png,/kaggle/working/MDFS/data/KADID/extracted/kadid10k/images/I53_06_05.png,I53.png,53,6,5,2.03,0.657,23.031986236572266,0.03630297200015775,1
I53_07_02.png,/kaggle/working/MDFS/data/KADID/extracted/kadid10k/images/I53_07_02.png,I53.png,53,7,2,2.63,0.948,19.480119705200195,0.038231601999541454,1
I53_07_04.png,/kaggle/working/MDFS/data/KADID/extracted/kadid10k/images/I53_07_04.png,I53.png,53,7,4,2.47,0.991,22.1622314453125,0.036606229999961215,1
I53_08_01.png,/kaggle/working/MDFS/data/KADID/extracted/kadid10k/images/I53_08_01.png,I53.png,53,8,1,4.77,0.489,17.78055191040039,0.03831683800035535,1
I53_08_03.png,/kaggle/working/MDFS/data/KADID/extracted/kadid10k/images/I53_08_03.png,I53.png,53,8,3,2.43,0.955,19.39935874938965,0.03767389400036336,1
I53_08_05.png,/kaggle/working/MDFS/data/KADID/extracted/kadid10k/images/I53_08_05.png,I53.png,53,8,5,1.43,0.559,23.0622615814209,0.03826098300032754,1
I53_09_02.png,/kaggle/working/MDFS/data/KADID/extracted/kadid10k/images/I53_09_02.png,I53.png,53,9,2,4.77,0.496,18.216867446899414,0.03944435999983398,1
I53_09_04.png,/kaggle/working/MDFS/data/KADID/extracted/kadid10k/images/I53_09_04.png,I53.png,53,9,4,3.6,0.841,22.338165283203125,0.03969799500009685,1
I53_10_01.png,/kaggle/working/MDFS/data/KADID/extracted/kadid10k/images/I53_10_01.png,I53.png,53,10,1,4.57,0.616,19.152780532836914,0.04531396800030052,1
I53_10_03.png,/kaggle/working/MDFS/data/KADID/extracted/kadid10k/images/I53_10_03.png,I53.png,53,10,3,3.53,0.884,20.24370765686035,0.037861251999856904,1
I53_10_05.png,/kaggle/working/MDFS/data/KADID/extracted/kadid10k/images/I53_10_05.png,I53.png,53,10,5,1.27,0.442,29.49314308166504,0.03621095300059096,1
I53_11_02.png,/kaggle/working/MDFS/data/KADID/extracted/kadid10k/images/I53_11_02.png,I53.png,53,11,2,2.97,0.752,22.407917022705078,0.03884912400008034,1
I53_11_04.png,/kaggle/working/MDFS/data/KADID/extracted/kadid10k/images/I53_11_04.png,I53.png,53,11,4,2.57,0.761,25.44000816345215,0.039041423000526265,1
I53_12_01.png,/kaggle/working/MDFS/data/KADID/extracted/kadid10k/images/I53_12_01.png,I53.png,53,12,1,4.37,0.547,19.352262496948242,0.044513095999718644,1
I53_12_03.png,/kaggle/working/MDFS/data/KADID/extracted/kadid10k/images/I53_12_03.png,I53.png,53,12,3,2.83,0.778,23.30009651184082,0.0539832619997469,1
I53_12_05.png,/kaggle/working/MDFS/data/KADID/extracted/kadid10k/images/I53_12_05.png,I53.png,53,12,5,2.2,0.702,27.20796775817871,0.039649683999414265,1
I53_13_02.png,/kaggle/working/MDFS/data/KADID/extracted/kadid10k/images/I53_13_02.png,I53.png,53,13,2,2.47,0.806,23.483549118041992,0.037106701000084286,1
I53_13_04.png,/kaggle/working/MDFS/data/KADID/extracted/kadid10k/images/I53_13_04.png,I53.png,53,13,4,2.3,0.781,23.36688804626465,0.03629443899990292,1
I53_14_01.png,/kaggle/working/MDFS/data/KADID/extracted/kadid10k/images/I53_14_01.png,I53.png,53,14,1,4.47,0.806,19.22663116455078,0.03767585700006748,1
I53_14_03.png,/kaggle/working/MDFS/data/KADID/extracted/kadid10k/images/I53_14_03.png,I53.png,53,14,3,3.07,0.772,22.941547393798828,0.03845562799961044,1
I53_14_05.png,/kaggle/working/MDFS/data/KADID/extracted/kadid10k/images/I53_14_05.png,I53.png,53,14,5,1.97,0.706,26.873905181884766,0.03952225100056239,1
I53_15_02.png,/kaggle/working/MDFS/data/KADID/extracted/kadid10k/images/I53_15_02.png,I53.png,53,15,2,2.63,0.795,22.080900192260742,0.03967589500007307,1
I53_15_04.png,/kaggle/working/MDFS/data/KADID/extracted/kadid10k/images/I53_15_04.png,I53.png,53,15,4,1.57,0.559,24.81722640991211,0.039183906000289426,1
I53_16_01.png,/kaggle/working/MDFS/data/KADID/extracted/kadid10k/images/I53_16_01.png,I53.png,53,16,1,4.6,0.554,17.835268020629883,0.039161794999927224,1
I53_16_03.png,/kaggle/working/MDFS/data/KADID/extracted/kadid10k/images/I53_16_03.png,I53.png,53,16,3,3.6,0.879,17.89977264404297,0.039300116999584134,1
I53_16_05.png,/kaggle/working/MDFS/data/KADID/extracted/kadid10k/images/I53_16_05.png,I53.png,53,16,5,1.73,0.68,20.89731788635254,0.038055011999858834,1
I53_17_02.png,/kaggle/working/MDFS/data/KADID/extracted/kadid10k/images/I53_17_02.png,I53.png,53,17,2,4.6,0.49,17.721837997436523,0.038664933999825735,1
I53_17_04.png,/kaggle/working/MDFS/data/KADID/extracted/kadid10k/images/I53_17_04.png,I53.png,53,17,4,3.93,0.512,17.749250411987305,0.03784643600010895,1
I53_18_01.png,/kaggle/working/MDFS/data/KADID/extracted/kadid10k/images/I53_18_01.png,I53.png,53,18,1,4.2,0.542,18.019102096557617,0.03863656300018192,1
I53_18_03.png,/kaggle/working/MDFS/data/KADID/extracted/kadid10k/images/I53_18_03.png,I53.png,53,18,3,4.8,0.6,17.78055191040039,0.038361980999980005,1
I53_18_05.png,/kaggle/working/MDFS/data/KADID/extracted/kadid10k/images/I53_18_05.png,I53.png,53,18,5,3.87,0.718,18.117891311645508,0.03867398199963645,1
I53_19_02.png,/kaggle/working/MDFS/data/KADID/extracted/kadid10k/images/I53_19_02.png,I53.png,53,19,2,4.27,0.68,17.513757705688477,0.039669286999924225,1
I53_19_04.png,/kaggle/working/MDFS/data/KADID/extracted/kadid10k/images/I53_19_04.png,I53.png,53,19,4,1.83,0.778,18.96917724609375,0.03847141400001419,1
I53_20_01.png,/kaggle/working/MDFS/data/KADID/extracted/kadid10k/images/I53_20_01.png,I53.png,53,20,1,3.77,0.92,17.779788970947266,0.04023433699967427,1
I53_20_03.png,/kaggle/working/MDFS/data/KADID/extracted/kadid10k/images/I53_20_03.png,I53.png,53,20,3,3.47,0.991,17.852474212646484,0.04054752899992309,1
I53_20_05.png,/kaggle/working/MDFS/data/KADID/extracted/kadid10k/images/I53_20_05.png,I53.png,53,20,5,2.77,0.92,17.75615882873535,0.03938775599999644,1
I53_21_02.png,/kaggle/working/MDFS/data/KADID/extracted/kadid10k/images/I53_21_02.png,I53.png,53,21,2,3.07,0.814,17.737211227416992,0.03908765800042602,1
I53_21_04.png,/kaggle/working/MDFS/data/KADID/extracted/kadid10k/images/I53_21_04.png,I53.png,53,21,4,2.9,0.831,18.445249557495117,0.038288030000330764,1
I53_22_01.png,/kaggle/working/MDFS/data/KADID/extracted/kadid10k/images/I53_22_01.png,I53.png,53,22,1,3.47,1.118,18.424821853637695,0.03744240699961665,1
I53_22_03.png,/kaggle/working/MDFS/data/KADID/extracted/kadid10k/images/I53_22_03.png,I53.png,53,22,3,2.87,1.07,18.49909019470215,0.03690669999923557,1
I53_22_05.png,/kaggle/working/MDFS/data/KADID/extracted/kadid10k/images/I53_22_05.png,I53.png,53,22,5,2.47,0.749,21.119529724121094,0.03596725300030812,1
I53_23_02.png,/kaggle/working/MDFS/data/KADID/extracted/kadid10k/images/I53_23_02.png,I53.png,53,23,2,2.07,0.814,17.725435256958008,0.03793731400037359,1
I53_23_04.png,/kaggle/working/MDFS/data/KADID/extracted/kadid10k/images/I53_23_04.png,I53.png,53,23,4,2.37,0.836,17.575641632080078,0.03869155799930013,1
I53_24_01.png,/kaggle/working/MDFS/data/KADID/extracted/kadid10k/images/I53_24_01.png,I53.png,53,24,1,3.93,0.854,18.537612915039062,0.03900916299971868,1
I53_24_03.png,/kaggle/working/MDFS/data/KADID/extracted/kadid10k/images/I53_24_03.png,I53.png,53,24,3,2.53,0.846,20.942123413085938,0.04069612000057532,1
I53_24_05.png,/kaggle/working/MDFS/data/KADID/extracted/kadid10k/images/I53_24_05.png,I53.png,53,24,5,1.27,0.442,26.363994598388672,0.03959196100004192,1
I53_25_02.png,/kaggle/working/MDFS/data/KADID/extracted/kadid10k/images/I53_25_02.png,I53.png,53,25,2,3.97,0.782,18.06028938293457,0.03960722400006489,1
I53_25_04.png,/kaggle/working/MDFS/data/KADID/extracted/kadid10k/images/I53_25_04.png,I53.png,53,25,4,4.47,0.562,17.67905044555664,0.03968267299933359,1
I54_01_01.png,/kaggle/working/MDFS/data/KADID/extracted/kadid10k/images/I54_01_01.png,I54.png,54,1,1,4.84,0.368,16.964345932006836,0.04000827900017612,1
I54_01_03.png,/kaggle/working/MDFS/data/KADID/extracted/kadid10k/images/I54_01_03.png,I54.png,54,1,3,2.53,0.763,21.123855590820312,0.04001440200045181,1
I54_01_05.png,/kaggle/working/MDFS/data/KADID/extracted/kadid10k/images/I54_01_05.png,I54.png,54,1,5,1.1,0.3,39.58551025390625,0.038505943000018306,1
I54_02_02.png,/kaggle/working/MDFS/data/KADID/extracted/kadid10k/images/I54_02_02.png,I54.png,54,2,2,2.23,0.844,22.90433692932129,0.039143154000157665,1
I54_02_04.png,/kaggle/working/MDFS/data/KADID/extracted/kadid10k/images/I54_02_04.png,I54.png,54,2,4,1.2,0.4,25.51865005493164,0.03891554200072278,1
I54_03_01.png,/kaggle/working/MDFS/data/KADID/extracted/kadid10k/images/I54_03_01.png,I54.png,54,3,1,4.5,0.5,16.964345932006836,0.03837305599972751,1
I54_03_03.png,/kaggle/working/MDFS/data/KADID/extracted/kadid10k/images/I54_03_03.png,I54.png,54,3,3,2.1,0.87,20.742446899414062,0.03943134299970552,1
I54_03_05.png,/kaggle/working/MDFS/data/KADID/extracted/kadid10k/images/I54_03_05.png,I54.png,54,3,5,1.43,0.616,22.719797134399414,0.038337730999955966,1
I54_04_02.png,/kaggle/working/MDFS/data/KADID/extracted/kadid10k/images/I54_04_02.png,I54.png,54,4,2,3.23,0.989,18.656652450561523,0.03734767900004954,1
I54_04_04.png,/kaggle/working/MDFS/data/KADID/extracted/kadid10k/images/I54_04_04.png,I54.png,54,4,4,1.73,0.814,23.093719482421875,0.03703057100028673,1
I54_05_01.png,/kaggle/working/MDFS/data/KADID/extracted/kadid10k/images/I54_05_01.png,I54.png,54,5,1,4.37,0.706,18.48466682434082,0.03871966699989571,1
I54_05_03.png,/kaggle/working/MDFS/data/KADID/extracted/kadid10k/images/I54_05_03.png,I54.png,54,5,3,1.47,0.562,18.6057186126709,0.03874951699981466,1
I54_05_05.png,/kaggle/working/MDFS/data/KADID/extracted/kadid10k/images/I54_05_05.png,I54.png,54,5,5,1.47,0.562,18.192584991455078,0.03964392699981545,1
I54_06_02.png,/kaggle/working/MDFS/data/KADID/extracted/kadid10k/images/I54_06_02.png,I54.png,54,6,2,4.1,0.978,18.382095336914062,0.038116176000585256,1
I54_06_04.png,/kaggle/working/MDFS/data/KADID/extracted/kadid10k/images/I54_06_04.png,I54.png,54,6,4,2.83,0.898,20.220050811767578,0.037647060000381316,1
I54_07_01.png,/kaggle/working/MDFS/data/KADID/extracted/kadid10k/images/I54_07_01.png,I54.png,54,7,1,2.87,0.921,17.157068252563477,0.03920618200027093,1
I54_07_03.png,/kaggle/working/MDFS/data/KADID/extracted/kadid10k/images/I54_07_03.png,I54.png,54,7,3,1.94,0.669,18.953340530395508,0.03863542699946265,1
I54_07_05.png,/kaggle/working/MDFS/data/KADID/extracted/kadid10k/images/I54_07_05.png,I54.png,54,7,5,1.73,0.727,19.307695388793945,0.03831829400041897,1
I54_08_02.png,/kaggle/working/MDFS/data/KADID/extracted/kadid10k/images/I54_08_02.png,I54.png,54,8,2,3.53,0.991,17.483448028564453,0.037717335999332136,1
I54_08_04.png,/kaggle/working/MDFS/data/KADID/extracted/kadid10k/images/I54_08_04.png,I54.png,54,8,4,1.6,0.554,20.51051139831543,0.03731242800040491,1
I54_09_01.png,/kaggle/working/MDFS/data/KADID/extracted/kadid10k/images/I54_09_01.png,I54.png,54,9,1,4.3,0.823,17.714548110961914,0.037494973999855574,1
I54_09_03.png,/kaggle/working/MDFS/data/KADID/extracted/kadid10k/images/I54_09_03.png,I54.png,54,9,3,3.9,0.943,21.881195068359375,0.03875390099983633,1
I54_09_05.png,/kaggle/working/MDFS/data/KADID/extracted/kadid10k/images/I54_09_05.png,I54.png,54,9,5,1.17,0.373,33.9964714050293,0.03874864299996261,1
I54_10_02.png,/kaggle/working/MDFS/data/KADID/extracted/kadid10k/images/I54_10_02.png,I54.png,54,10,2,4.3,0.586,18.591228485107422,0.039115638000112085,1
I54_10_04.png,/kaggle/working/MDFS/data/KADID/extracted/kadid10k/images/I54_10_04.png,I54.png,54,10,4,2.0,0.816,26.534595489501953,0.03868391300056828,1
I54_11_01.png,/kaggle/working/MDFS/data/KADID/extracted/kadid10k/images/I54_11_01.png,I54.png,54,11,1,3.43,0.616,18.90032386779785,0.03867662500033475,1
I54_11_03.png,/kaggle/working/MDFS/data/KADID/extracted/kadid10k/images/I54_11_03.png,I54.png,54,11,3,2.83,0.898,20.612062454223633,0.038236414000493824,1
I54_11_05.png,/kaggle/working/MDFS/data/KADID/extracted/kadid10k/images/I54_11_05.png,I54.png,54,11,5,2.33,0.83,24.801347732543945,0.038485308999952395,1
I54_12_02.png,/kaggle/working/MDFS/data/KADID/extracted/kadid10k/images/I54_12_02.png,I54.png,54,12,2,3.37,0.836,19.2413272857666,0.037905676000264066,1
I54_12_04.png,/kaggle/working/MDFS/data/KADID/extracted/kadid10k/images/I54_12_04.png,I54.png,54,12,4,2.27,0.727,22.221097946166992,0.038118404000670125,1
I54_13_01.png,/kaggle/working/MDFS/data/KADID/extracted/kadid10k/images/I54_13_01.png,I54.png,54,13,1,3.37,0.948,17.475290298461914,0.03766400899985456,1
I54_13_03.png,/kaggle/working/MDFS/data/KADID/extracted/kadid10k/images/I54_13_03.png,I54.png,54,13,3,2.5,0.806,19.84400177001953,0.03746136099925934,1
I54_13_05.png,/kaggle/working/MDFS/data/KADID/extracted/kadid10k/images/I54_13_05.png,I54.png,54,13,5,1.9,0.597,23.237712860107422,0.03848209199986741,1
I54_14_02.png,/kaggle/working/MDFS/data/KADID/extracted/kadid10k/images/I54_14_02.png,I54.png,54,14,2,3.47,0.884,18.546340942382812,0.039298408999457024,1
I54_14_04.png,/kaggle/working/MDFS/data/KADID/extracted/kadid10k/images/I54_14_04.png,I54.png,54,14,4,2.6,0.663,20.552698135375977,0.038972426999862364,1
I54_15_01.png,/kaggle/working/MDFS/data/KADID/extracted/kadid10k/images/I54_15_01.png,I54.png,54,15,1,3.6,0.879,19.62696647644043,0.03951252499973634,1
I54_15_03.png,/kaggle/working/MDFS/data/KADID/extracted/kadid10k/images/I54_15_03.png,I54.png,54,15,3,1.9,0.746,22.685501098632812,0.0387454859992431,1
I54_15_05.png,/kaggle/working/MDFS/data/KADID/extracted/kadid10k/images/I54_15_05.png,I54.png,54,15,5,1.27,0.442,26.026836395263672,0.038473434000479756,1
I54_16_02.png,/kaggle/working/MDFS/data/KADID/extracted/kadid10k/images/I54_16_02.png,I54.png,54,16,2,4.17,0.687,17.039710998535156,0.03872934300034103,1
I54_16_04.png,/kaggle/working/MDFS/data/KADID/extracted/kadid10k/images/I54_16_04.png,I54.png,54,16,4,2.57,0.883,18.2385196685791,0.03792698500001279,1
I54_17_01.png,/kaggle/working/MDFS/data/KADID/extracted/kadid10k/images/I54_17_01.png,I54.png,54,17,1,4.6,0.663,16.961021423339844,0.03777699999955075,1
I54_17_03.png,/kaggle/working/MDFS/data/KADID/extracted/kadid10k/images/I54_17_03.png,I54.png,54,17,3,4.23,0.496,17.03643798828125,0.03781828299997869,1
I54_17_05.png,/kaggle/working/MDFS/data/KADID/extracted/kadid10k/images/I54_17_05.png,I54.png,54,17,5,1.97,0.948,21.036611557006836,0.03650427299999137,1
I54_18_02.png,/kaggle/working/MDFS/data/KADID/extracted/kadid10k/images/I54_18_02.png,I54.png,54,18,2,4.53,0.499,17.161100387573242,0.03963974399994186,1
I54_18_04.png,/kaggle/working/MDFS/data/KADID/extracted/kadid10k/images/I54_18_04.png,I54.png,54,18,4,4.45,0.559,17.325756072998047,0.03927252999983466,1
I54_19_01.png,/kaggle/working/MDFS/data/KADID/extracted/kadid10k/images/I54_19_01.png,I54.png,54,19,1,4.5,0.563,16.79964828491211,0.04002157100057957,1
I54_19_03.png,/kaggle/working/MDFS/data/KADID/extracted/kadid10k/images/I54_19_03.png,I54.png,54,19,3,3.33,0.745,16.909605026245117,0.04060830900016299,1
I54_19_05.png,/kaggle/working/MDFS/data/KADID/extracted/kadid10k/images/I54_19_05.png,I54.png,54,19,5,1.43,0.559,21.06545639038086,0.03963904100055515,1
I54_20_02.png,/kaggle/working/MDFS/data/KADID/extracted/kadid10k/images/I54_20_02.png,I54.png,54,20,2,3.87,1.087,17.0237979888916,0.04047389300012583,1
I54_20_04.png,/kaggle/working/MDFS/data/KADID/extracted/kadid10k/images/I54_20_04.png,I54.png,54,20,4,4.07,0.998,17.083698272705078,0.04072656900007132,1
I54_21_01.png,/kaggle/working/MDFS/data/KADID/extracted/kadid10k/images/I54_21_01.png,I54.png,54,21,1,4.67,0.537,17.308917999267578,0.04018674700000702,1
I54_21_03.png,/kaggle/working/MDFS/data/KADID/extracted/kadid10k/images/I54_21_03.png,I54.png,54,21,3,3.1,1.399,17.650508880615234,0.039092076999622805,1
I54_21_05.png,/kaggle/working/MDFS/data/KADID/extracted/kadid10k/images/I54_21_05.png,I54.png,54,21,5,1.63,1.169,26.7611083984375,0.036739941000632825,1
I54_22_02.png,/kaggle/working/MDFS/data/KADID/extracted/kadid10k/images/I54_22_02.png,I54.png,54,22,2,2.94,0.914,17.984514236450195,0.03762940200067533,1
I54_22_04.png,/kaggle/working/MDFS/data/KADID/extracted/kadid10k/images/I54_22_04.png,I54.png,54,22,4,2.73,1.031,18.117395401000977,0.036227902000064205,1
I54_23_01.png,/kaggle/working/MDFS/data/KADID/extracted/kadid10k/images/I54_23_01.png,I54.png,54,23,1,2.7,1.159,16.951183319091797,0.03744623300008243,1
I54_23_03.png,/kaggle/working/MDFS/data/KADID/extracted/kadid10k/images/I54_23_03.png,I54.png,54,23,3,2.07,0.892,17.23182487487793,0.03798250399995595,1
I54_23_05.png,/kaggle/working/MDFS/data/KADID/extracted/kadid10k/images/I54_23_05.png,I54.png,54,23,5,1.91,0.805,17.207555770874023,0.03874347599958128,1
I54_24_02.png,/kaggle/working/MDFS/data/KADID/extracted/kadid10k/images/I54_24_02.png,I54.png,54,24,2,2.1,0.831,21.37285614013672,0.03875994600002741,1
I54_24_04.png,/kaggle/working/MDFS/data/KADID/extracted/kadid10k/images/I54_24_04.png,I54.png,54,24,4,1.47,0.718,26.825145721435547,0.03921678599999723,1
I54_25_01.png,/kaggle/working/MDFS/data/KADID/extracted/kadid10k/images/I54_25_01.png,I54.png,54,25,1,3.87,0.618,18.5914306640625,0.03905639599997812,1
I54_25_03.png,/kaggle/working/MDFS/data/KADID/extracted/kadid10k/images/I54_25_03.png,I54.png,54,25,3,4.27,0.629,17.30004119873047,0.03875364800023817,1
I54_25_05.png,/kaggle/working/MDFS/data/KADID/extracted/kadid10k/images/I54_25_05.png,I54.png,54,25,5,3.4,0.8,16.688488006591797,0.03862118000051851,1
I55_01_02.png,/kaggle/working/MDFS/data/KADID/extracted/kadid10k/images/I55_01_02.png,I55.png,55,1,2,4.5,0.719,17.233253479003906,0.039849083999797585,1
I55_01_04.png,/kaggle/working/MDFS/data/KADID/extracted/kadid10k/images/I55_01_04.png,I55.png,55,1,4,1.8,0.702,30.022201538085938,0.03920648799976334,1
I55_02_01.png,/kaggle/working/MDFS/data/KADID/extracted/kadid10k/images/I55_02_01.png,I55.png,55,2,1,3.77,0.716,17.844026565551758,0.040006461999837484,1
I55_02_03.png,/kaggle/working/MDFS/data/KADID/extracted/kadid10k/images/I55_02_03.png,I55.png,55,2,3,1.63,0.605,24.724349975585938,0.03992085699974268,1
I55_02_05.png,/kaggle/working/MDFS/data/KADID/extracted/kadid10k/images/I55_02_05.png,I55.png,55,2,5,1.23,0.423,31.80381202697754,0.039036064999891096,1
I55_03_02.png,/kaggle/working/MDFS/data/KADID/extracted/kadid10k/images/I55_03_02.png,I55.png,55,3,2,4.0,0.894,19.340539932250977,0.03945163400021556,1
I55_03_04.png,/kaggle/working/MDFS/data/KADID/extracted/kadid10k/images/I55_03_04.png,I55.png,55,3,4,2.0,0.683,22.68012237548828,0.04046972500054835,1
I55_04_01.png,/kaggle/working/MDFS/data/KADID/extracted/kadid10k/images/I55_04_01.png,I55.png,55,4,1,4.61,0.549,18.252300262451172,0.038232939000408805,1
I55_04_03.png,/kaggle/working/MDFS/data/KADID/extracted/kadid10k/images/I55_04_03.png,I55.png,55,4,3,2.1,0.777,18.941787719726562,0.037952818000121624,1
I55_04_05.png,/kaggle/working/MDFS/data/KADID/extracted/kadid10k/images/I55_04_05.png,I55.png,55,4,5,1.5,0.5,19.348852157592773,0.037962993000292045,1
I55_05_02.png,/kaggle/working/MDFS/data/KADID/extracted/kadid10k/images/I55_05_02.png,I55.png,55,5,2,2.33,0.789,20.072446823120117,0.03846379100014019,1
I55_05_04.png,/kaggle/working/MDFS/data/KADID/extracted/kadid10k/images/I55_05_04.png,I55.png,55,5,4,1.5,0.5,19.47675895690918,0.03928366400032246,1
I55_06_01.png,/kaggle/working/MDFS/data/KADID/extracted/kadid10k/images/I55_06_01.png,I55.png,55,6,1,4.65,0.542,18.421428680419922,0.03898183199999039,1
I55_06_03.png,/kaggle/working/MDFS/data/KADID/extracted/kadid10k/images/I55_06_03.png,I55.png,55,6,3,3.87,0.884,19.02222442626953,0.038526123000337975,1
I55_06_05.png,/kaggle/working/MDFS/data/KADID/extracted/kadid10k/images/I55_06_05.png,I55.png,55,6,5,2.26,1.077,22.785476684570312,0.03708861699942645,1
I55_07_02.png,/kaggle/working/MDFS/data/KADID/extracted/kadid10k/images/I55_07_02.png,I55.png,55,7,2,2.67,0.869,19.43242645263672,0.03883472300003632,1
I55_07_04.png,/kaggle/working/MDFS/data/KADID/extracted/kadid10k/images/I55_07_04.png,I55.png,55,7,4,2.57,0.955,22.829591751098633,0.03742994999993243,1
I55_08_01.png,/kaggle/working/MDFS/data/KADID/extracted/kadid10k/images/I55_08_01.png,I55.png,55,8,1,4.67,0.471,17.75115203857422,0.03848029300024791,1
I55_08_03.png,/kaggle/working/MDFS/data/KADID/extracted/kadid10k/images/I55_08_03.png,I55.png,55,8,3,2.37,0.875,18.516660690307617,0.03761102399948868,1
I55_08_05.png,/kaggle/working/MDFS/data/KADID/extracted/kadid10k/images/I55_08_05.png,I55.png,55,8,5,1.87,0.846,20.291072845458984,0.03746894300002168,1
I55_09_02.png,/kaggle/working/MDFS/data/KADID/extracted/kadid10k/images/I55_09_02.png,I55.png,55,9,2,3.77,0.883,20.82747459411621,0.039451619999454124,1
I55_09_04.png,/kaggle/working/MDFS/data/KADID/extracted/kadid10k/images/I55_09_04.png,I55.png,55,9,4,2.07,0.814,29.11424446105957,0.04006436599956942,1
I55_10_01.png,/kaggle/working/MDFS/data/KADID/extracted/kadid10k/images/I55_10_01.png,I55.png,55,10,1,4.23,0.716,19.22856903076172,0.04000592499960476,1
I55_10_03.png,/kaggle/working/MDFS/data/KADID/extracted/kadid10k/images/I55_10_03.png,I55.png,55,10,3,4.27,0.573,20.944110870361328,0.04024786300033156,1
I55_10_05.png,/kaggle/working/MDFS/data/KADID/extracted/kadid10k/images/I55_10_05.png,I55.png,55,10,5,1.23,0.418,32.763702392578125,0.03857651300040743,1
I55_11_02.png,/kaggle/working/MDFS/data/KADID/extracted/kadid10k/images/I55_11_02.png,I55.png,55,11,2,4.2,0.748,19.9895076751709,0.040234882000731886,1
I55_11_04.png,/kaggle/working/MDFS/data/KADID/extracted/kadid10k/images/I55_11_04.png,I55.png,55,11,4,3.0,0.966,22.1168155670166,0.03976488500029518,1
I55_12_01.png,/kaggle/working/MDFS/data/KADID/extracted/kadid10k/images/I55_12_01.png,I55.png,55,12,1,4.4,0.554,18.211788177490234,0.039383932999953686,1
I55_12_03.png,/kaggle/working/MDFS/data/KADID/extracted/kadid10k/images/I55_12_03.png,I55.png,55,12,3,4.3,0.69,20.564607620239258,0.0389695780004331,1
I55_12_05.png,/kaggle/working/MDFS/data/KADID/extracted/kadid10k/images/I55_12_05.png,I55.png,55,12,5,2.9,0.79,23.76024055480957,0.03879714699996839,1
I55_13_02.png,/kaggle/working/MDFS/data/KADID/extracted/kadid10k/images/I55_13_02.png,I55.png,55,13,2,2.87,0.718,18.791309356689453,0.038815376000457036,1
I55_13_04.png,/kaggle/working/MDFS/data/KADID/extracted/kadid10k/images/I55_13_04.png,I55.png,55,13,4,2.37,0.752,21.43049430847168,0.039059130999703484,1
I55_14_01.png,/kaggle/working/MDFS/data/KADID/extracted/kadid10k/images/I55_14_01.png,I55.png,55,14,1,4.47,0.806,17.930768966674805,0.03759193400037475,1
I55_14_03.png,/kaggle/working/MDFS/data/KADID/extracted/kadid10k/images/I55_14_03.png,I55.png,55,14,3,4.3,0.69,19.830707550048828,0.03729243999987375,1
I55_14_05.png,/kaggle/working/MDFS/data/KADID/extracted/kadid10k/images/I55_14_05.png,I55.png,55,14,5,2.73,0.854,22.816354751586914,0.03711781400033942,1
I55_15_02.png,/kaggle/working/MDFS/data/KADID/extracted/kadid10k/images/I55_15_02.png,I55.png,55,15,2,2.6,0.611,21.21092414855957,0.03895897900019918,1
I55_15_04.png,/kaggle/working/MDFS/data/KADID/extracted/kadid10k/images/I55_15_04.png,I55.png,55,15,4,1.87,0.806,24.582115173339844,0.03823593700053607,1
I55_16_01.png,/kaggle/working/MDFS/data/KADID/extracted/kadid10k/images/I55_16_01.png,I55.png,55,16,1,4.57,0.496,17.76744270324707,0.03935053700024582,1
I55_16_03.png,/kaggle/working/MDFS/data/KADID/extracted/kadid10k/images/I55_16_03.png,I55.png,55,16,3,3.8,0.748,18.03070640563965,0.038903294000192545,1
I55_16_05.png,/kaggle/working/MDFS/data/KADID/extracted/kadid10k/images/I55_16_05.png,I55.png,55,16,5,1.87,0.763,21.07846450805664,0.0395249370003512,1
I55_17_02.png,/kaggle/working/MDFS/data/KADID/extracted/kadid10k/images/I55_17_02.png,I55.png,55,17,2,4.43,0.496,17.756208419799805,0.0390886759996647,1
I55_17_04.png,/kaggle/working/MDFS/data/KADID/extracted/kadid10k/images/I55_17_04.png,I55.png,55,17,4,3.5,0.806,17.90540885925293,0.03899977499986562,1
I55_18_01.png,/kaggle/working/MDFS/data/KADID/extracted/kadid10k/images/I55_18_01.png,I55.png,55,18,1,4.43,0.667,17.988061904907227,0.03881222100062587,1
I55_18_03.png,/kaggle/working/MDFS/data/KADID/extracted/kadid10k/images/I55_18_03.png,I55.png,55,18,3,4.53,0.499,17.75115203857422,0.038424797000516264,1
I55_18_05.png,/kaggle/working/MDFS/data/KADID/extracted/kadid10k/images/I55_18_05.png,I55.png,55,18,5,3.42,0.943,18.234525680541992,0.037572926000393636,1
I55_19_02.png,/kaggle/working/MDFS/data/KADID/extracted/kadid10k/images/I55_19_02.png,I55.png,55,19,2,3.8,0.653,17.471593856811523,0.038441783000052965,1
I55_19_04.png,/kaggle/working/MDFS/data/KADID/extracted/kadid10k/images/I55_19_04.png,I55.png,55,19,4,1.68,0.59,19.880329132080078,0.03822228999979416,1
I55_20_01.png,/kaggle/working/MDFS/data/KADID/extracted/kadid10k/images/I55_20_01.png,I55.png,55,20,1,4.43,0.92,17.765504837036133,0.037947349999740254,1
I55_20_03.png,/kaggle/working/MDFS/data/KADID/extracted/kadid10k/images/I55_20_03.png,I55.png,55,20,3,4.17,1.003,17.731252670288086,0.03865292499995121,1
I55_20_05.png,/kaggle/working/MDFS/data/KADID/extracted/kadid10k/images/I55_20_05.png,I55.png,55,20,5,3.43,1.359,17.64765739440918,0.039213177999954496,1
I55_21_02.png,/kaggle/working/MDFS/data/KADID/extracted/kadid10k/images/I55_21_02.png,I55.png,55,21,2,2.93,0.929,17.85966682434082,0.03985144299986132,1
I55_21_04.png,/kaggle/working/MDFS/data/KADID/extracted/kadid10k/images/I55_21_04.png,I55.png,55,21,4,2.4,0.8,19.086963653564453,0.03845152499980031,1
I55_22_01.png,/kaggle/working/MDFS/data/KADID/extracted/kadid10k/images/I55_22_01.png,I55.png,55,22,1,4.6,0.49,17.99972152709961,0.03953229100079625,1
I55_22_03.png,/kaggle/working/MDFS/data/KADID/extracted/kadid10k/images/I55_22_03.png,I55.png,55,22,3,4.33,0.869,18.305246353149414,0.03824904300017806,1
I55_22_05.png,/kaggle/working/MDFS/data/KADID/extracted/kadid10k/images/I55_22_05.png,I55.png,55,22,5,3.47,1.056,19.06583595275879,0.03750979300002655,1
I55_23_02.png,/kaggle/working/MDFS/data/KADID/extracted/kadid10k/images/I55_23_02.png,I55.png,55,23,2,2.4,0.987,17.722837448120117,0.03760700299972086,1
I55_23_04.png,/kaggle/working/MDFS/data/KADID/extracted/kadid10k/images/I55_23_04.png,I55.png,55,23,4,1.87,0.718,17.80707550048828,0.037503096999898844,1
I55_24_01.png,/kaggle/working/MDFS/data/KADID/extracted/kadid10k/images/I55_24_01.png,I55.png,55,24,1,3.03,1.016,19.489776611328125,0.03825341599986132,1
I55_24_03.png,/kaggle/working/MDFS/data/KADID/extracted/kadid10k/images/I55_24_03.png,I55.png,55,24,3,1.73,0.727,23.194189071655273,0.03842371800055844,1
I55_24_05.png,/kaggle/working/MDFS/data/KADID/extracted/kadid10k/images/I55_24_05.png,I55.png,55,24,5,1.1,0.3,31.793222427368164,0.03732566399958159,1
I55_25_02.png,/kaggle/working/MDFS/data/KADID/extracted/kadid10k/images/I55_25_02.png,I55.png,55,25,2,3.67,0.789,18.12734603881836,0.04007914800058643,1
I55_25_04.png,/kaggle/working/MDFS/data/KADID/extracted/kadid10k/images/I55_25_04.png,I55.png,55,25,4,4.3,0.69,17.748411178588867,0.039847676000135834,1
I56_01_01.png,/kaggle/working/MDFS/data/KADID/extracted/kadid10k/images/I56_01_01.png,I56.png,56,1,1,4.6,0.712,19.81084442138672,0.040369588999965345,1
I56_01_03.png,/kaggle/working/MDFS/data/KADID/extracted/kadid10k/images/I56_01_03.png,I56.png,56,1,3,2.87,0.806,22.67536163330078,0.04098522599997523,1
I56_01_05.png,/kaggle/working/MDFS/data/KADID/extracted/kadid10k/images/I56_01_05.png,I56.png,56,1,5,1.2,0.4,40.84323501586914,0.03972708800029068,1
I56_02_02.png,/kaggle/working/MDFS/data/KADID/extracted/kadid10k/images/I56_02_02.png,I56.png,56,2,2,2.5,0.847,24.715301513671875,0.0395839419998083,1
I56_02_04.png,/kaggle/working/MDFS/data/KADID/extracted/kadid10k/images/I56_02_04.png,I56.png,56,2,4,1.53,0.618,33.1888427734375,0.039537596999252855,1
I56_03_01.png,/kaggle/working/MDFS/data/KADID/extracted/kadid10k/images/I56_03_01.png,I56.png,56,3,1,4.63,0.482,19.81084442138672,0.03973839200079965,1
I56_03_03.png,/kaggle/working/MDFS/data/KADID/extracted/kadid10k/images/I56_03_03.png,I56.png,56,3,3,2.43,0.844,22.709924697875977,0.04027121299986902,1
I56_03_05.png,/kaggle/working/MDFS/data/KADID/extracted/kadid10k/images/I56_03_05.png,I56.png,56,3,5,1.6,0.611,24.450151443481445,0.03941584000040166,1
I56_04_02.png,/kaggle/working/MDFS/data/KADID/extracted/kadid10k/images/I56_04_02.png,I56.png,56,4,2,2.4,1.052,21.9126033782959,0.03806302099928871,1
I56_04_04.png,/kaggle/working/MDFS/data/KADID/extracted/kadid10k/images/I56_04_04.png,I56.png,56,4,4,1.83,0.969,24.358339309692383,0.038163623999935226,1
I56_05_01.png,/kaggle/working/MDFS/data/KADID/extracted/kadid10k/images/I56_05_01.png,I56.png,56,5,1,4.37,0.605,20.17092514038086,0.04030589600006351,1
I56_05_03.png,/kaggle/working/MDFS/data/KADID/extracted/kadid10k/images/I56_05_03.png,I56.png,56,5,3,2.07,0.998,20.865846633911133,0.0405808759996944,1
I56_05_05.png,/kaggle/working/MDFS/data/KADID/extracted/kadid10k/images/I56_05_05.png,I56.png,56,5,5,2.13,0.846,20.610933303833008,0.0396670099999028,1
I56_06_02.png,/kaggle/working/MDFS/data/KADID/extracted/kadid10k/images/I56_06_02.png,I56.png,56,6,2,3.6,0.917,22.583097457885742,0.03680654600066191,1
I56_06_04.png,/kaggle/working/MDFS/data/KADID/extracted/kadid10k/images/I56_06_04.png,I56.png,56,6,4,2.57,0.716,24.72256851196289,0.03610337000009167,1
I56_07_01.png,/kaggle/working/MDFS/data/KADID/extracted/kadid10k/images/I56_07_01.png,I56.png,56,7,1,2.2,1.046,19.125621795654297,0.04027273100018647,1
I56_07_03.png,/kaggle/working/MDFS/data/KADID/extracted/kadid10k/images/I56_07_03.png,I56.png,56,7,3,2.43,1.116,20.533876419067383,0.03865431600024749,1
I56_07_05.png,/kaggle/working/MDFS/data/KADID/extracted/kadid10k/images/I56_07_05.png,I56.png,56,7,5,2.37,1.169,19.739103317260742,0.03962117799983389,1
I56_08_02.png,/kaggle/working/MDFS/data/KADID/extracted/kadid10k/images/I56_08_02.png,I56.png,56,8,2,2.8,0.98,21.135656356811523,0.03945897199992032,1
I56_08_04.png,/kaggle/working/MDFS/data/KADID/extracted/kadid10k/images/I56_08_04.png,I56.png,56,8,4,1.6,0.712,23.765600204467773,0.03865592499914783,1
I56_09_01.png,/kaggle/working/MDFS/data/KADID/extracted/kadid10k/images/I56_09_01.png,I56.png,56,9,1,4.4,0.8,19.62798309326172,0.04022826599975815,1
I56_09_03.png,/kaggle/working/MDFS/data/KADID/extracted/kadid10k/images/I56_09_03.png,I56.png,56,9,3,4.67,0.471,20.505329132080078,0.03933158100062428,1
I56_09_05.png,/kaggle/working/MDFS/data/KADID/extracted/kadid10k/images/I56_09_05.png,I56.png,56,9,5,1.57,0.559,34.80961990356445,0.039820928999688476,1
I56_10_02.png,/kaggle/working/MDFS/data/KADID/extracted/kadid10k/images/I56_10_02.png,I56.png,56,10,2,4.13,0.921,21.64998435974121,0.038834158000099706,1
I56_10_04.png,/kaggle/working/MDFS/data/KADID/extracted/kadid10k/images/I56_10_04.png,I56.png,56,10,4,1.67,0.596,32.1127815246582,0.0363932370000839,1
I56_11_01.png,/kaggle/working/MDFS/data/KADID/extracted/kadid10k/images/I56_11_01.png,I56.png,56,11,1,3.67,0.83,21.555906295776367,0.03672071100027097,1
I56_11_03.png,/kaggle/working/MDFS/data/KADID/extracted/kadid10k/images/I56_11_03.png,I56.png,56,11,3,2.8,0.872,23.026432037353516,0.03696359300010954,1
I56_11_05.png,/kaggle/working/MDFS/data/KADID/extracted/kadid10k/images/I56_11_05.png,I56.png,56,11,5,2.03,0.407,27.257282257080078,0.0376673769997069,1
I56_12_02.png,/kaggle/working/MDFS/data/KADID/extracted/kadid10k/images/I56_12_02.png,I56.png,56,12,2,3.8,0.98,21.591903686523438,0.03844336800011661,1
I56_12_04.png,/kaggle/working/MDFS/data/KADID/extracted/kadid10k/images/I56_12_04.png,I56.png,56,12,4,2.67,0.789,24.21971321105957,0.039342148000287125,1
I56_13_01.png,/kaggle/working/MDFS/data/KADID/extracted/kadid10k/images/I56_13_01.png,I56.png,56,13,1,3.17,0.86,19.92432403564453,0.04028851200018835,1
I56_13_03.png,/kaggle/working/MDFS/data/KADID/extracted/kadid10k/images/I56_13_03.png,I56.png,56,13,3,2.53,0.806,22.390451431274414,0.03946316299970931,1
I56_13_05.png,/kaggle/working/MDFS/data/KADID/extracted/kadid10k/images/I56_13_05.png,I56.png,56,13,5,2.27,0.892,27.162782669067383,0.03973585000039748,1
I56_14_02.png,/kaggle/working/MDFS/data/KADID/extracted/kadid10k/images/I56_14_02.png,I56.png,56,14,2,3.5,0.992,21.229902267456055,0.038938464999773714,1
I56_14_04.png,/kaggle/working/MDFS/data/KADID/extracted/kadid10k/images/I56_14_04.png,I56.png,56,14,4,2.47,0.67,22.988250732421875,0.039523063999695296,1
I56_15_01.png,/kaggle/working/MDFS/data/KADID/extracted/kadid10k/images/I56_15_01.png,I56.png,56,15,1,3.77,0.803,21.012317657470703,0.04011243400054809,1
I56_15_03.png,/kaggle/working/MDFS/data/KADID/extracted/kadid10k/images/I56_15_03.png,I56.png,56,15,3,1.97,0.875,23.450721740722656,0.03886867000073835,1
I56_15_05.png,/kaggle/working/MDFS/data/KADID/extracted/kadid10k/images/I56_15_05.png,I56.png,56,15,5,1.43,0.559,25.827377319335938,0.03855844699955924,1
I56_16_02.png,/kaggle/working/MDFS/data/KADID/extracted/kadid10k/images/I56_16_02.png,I56.png,56,16,2,4.35,0.698,20.014257431030273,0.039349563999167,1
I56_16_04.png,/kaggle/working/MDFS/data/KADID/extracted/kadid10k/images/I56_16_04.png,I56.png,56,16,4,3.23,0.883,20.180984497070312,0.04029323099985049,1
I56_17_01.png,/kaggle/working/MDFS/data/KADID/extracted/kadid10k/images/I56_17_01.png,I56.png,56,17,1,4.58,0.708,19.762649536132812,0.0399999929995829,1
I56_17_03.png,/kaggle/working/MDFS/data/KADID/extracted/kadid10k/images/I56_17_03.png,I56.png,56,17,3,4.07,0.854,19.556182861328125,0.040310049999789044,1
I56_17_05.png,/kaggle/working/MDFS/data/KADID/extracted/kadid10k/images/I56_17_05.png,I56.png,56,17,5,1.94,0.84,22.507539749145508,0.03821762999996281,1
I56_18_02.png,/kaggle/working/MDFS/data/KADID/extracted/kadid10k/images/I56_18_02.png,I56.png,56,18,2,4.47,0.67,19.983295440673828,0.040233542999885685,1
I56_18_04.png,/kaggle/working/MDFS/data/KADID/extracted/kadid10k/images/I56_18_04.png,I56.png,56,18,4,4.3,0.69,19.890052795410156,0.03924430300048698,1
I56_19_01.png,/kaggle/working/MDFS/data/KADID/extracted/kadid10k/images/I56_19_01.png,I56.png,56,19,1,4.53,0.562,19.702173233032227,0.038693688999956066,1
I56_19_03.png,/kaggle/working/MDFS/data/KADID/extracted/kadid10k/images/I56_19_03.png,I56.png,56,19,3,3.67,0.943,19.393701553344727,0.03735026399954222,1
I56_19_05.png,/kaggle/working/MDFS/data/KADID/extracted/kadid10k/images/I56_19_05.png,I56.png,56,19,5,1.53,0.562,24.809118270874023,0.03765102800025488,1
I56_20_02.png,/kaggle/working/MDFS/data/KADID/extracted/kadid10k/images/I56_20_02.png,I56.png,56,20,2,3.43,1.023,19.740190505981445,0.040137994999895454,1
I56_20_04.png,/kaggle/working/MDFS/data/KADID/extracted/kadid10k/images/I56_20_04.png,I56.png,56,20,4,2.73,1.209,19.730731964111328,0.0401855300005991,1
I56_21_01.png,/kaggle/working/MDFS/data/KADID/extracted/kadid10k/images/I56_21_01.png,I56.png,56,21,1,4.03,0.948,19.655807495117188,0.040166347999729624,1
I56_21_03.png,/kaggle/working/MDFS/data/KADID/extracted/kadid10k/images/I56_21_03.png,I56.png,56,21,3,2.5,1.088,20.279132843017578,0.03974566700071591,1
I56_21_05.png,/kaggle/working/MDFS/data/KADID/extracted/kadid10k/images/I56_21_05.png,I56.png,56,21,5,1.53,0.562,29.981365203857422,0.03714596800000436,1
I56_22_02.png,/kaggle/working/MDFS/data/KADID/extracted/kadid10k/images/I56_22_02.png,I56.png,56,22,2,3.97,0.948,20.087656021118164,0.03838588000053278,1
I56_22_04.png,/kaggle/working/MDFS/data/KADID/extracted/kadid10k/images/I56_22_04.png,I56.png,56,22,4,2.63,1.016,20.32908821105957,0.03734177800015459,1
I56_23_01.png,/kaggle/working/MDFS/data/KADID/extracted/kadid10k/images/I56_23_01.png,I56.png,56,23,1,2.67,1.011,19.681001663208008,0.039348534000055224,1
I56_23_03.png,/kaggle/working/MDFS/data/KADID/extracted/kadid10k/images/I56_23_03.png,I56.png,56,23,3,2.1,0.79,19.84797477722168,0.03917695600011939,1
I56_23_05.png,/kaggle/working/MDFS/data/KADID/extracted/kadid10k/images/I56_23_05.png,I56.png,56,23,5,2.03,0.706,19.627613067626953,0.03989886099952855,1
I56_24_02.png,/kaggle/working/MDFS/data/KADID/extracted/kadid10k/images/I56_24_02.png,I56.png,56,24,2,2.27,0.629,21.003992080688477,0.03902760099936131,1
I56_24_04.png,/kaggle/working/MDFS/data/KADID/extracted/kadid10k/images/I56_24_04.png,I56.png,56,24,4,1.43,0.667,23.250545501708984,0.039639151000301354,1
I56_25_01.png,/kaggle/working/MDFS/data/KADID/extracted/kadid10k/images/I56_25_01.png,I56.png,56,25,1,3.13,0.806,20.138959884643555,0.03909966299943335,1
I56_25_03.png,/kaggle/working/MDFS/data/KADID/extracted/kadid10k/images/I56_25_03.png,I56.png,56,25,3,4.1,0.79,20.085683822631836,0.03816926000035892,1
I56_25_05.png,/kaggle/working/MDFS/data/KADID/extracted/kadid10k/images/I56_25_05.png,I56.png,56,25,5,2.7,0.862,19.300579071044922,0.03975533799984987,1
I57_01_02.png,/kaggle/working/MDFS/data/KADID/extracted/kadid10k/images/I57_01_02.png,I57.png,57,1,2,3.93,0.854,17.928171157836914,0.04113362800035247,1
I57_01_04.png,/kaggle/working/MDFS/data/KADID/extracted/kadid10k/images/I57_01_04.png,I57.png,57,1,4,1.7,0.823,31.308969497680664,0.03934149399992748,1
I57_02_01.png,/kaggle/working/MDFS/data/KADID/extracted/kadid10k/images/I57_02_01.png,I57.png,57,2,1,3.1,0.746,19.42639923095703,0.04143668600045203,1
I57_02_03.png,/kaggle/working/MDFS/data/KADID/extracted/kadid10k/images/I57_02_03.png,I57.png,57,2,3,1.27,0.442,27.023784637451172,0.03969964499992784,1
I57_02_05.png,/kaggle/working/MDFS/data/KADID/extracted/kadid10k/images/I57_02_05.png,I57.png,57,2,5,1.26,0.438,30.82908058166504,0.03863385200020275,1
I57_03_02.png,/kaggle/working/MDFS/data/KADID/extracted/kadid10k/images/I57_03_02.png,I57.png,57,3,2,3.8,0.833,18.82581329345703,0.04006194700014021,1
I57_03_04.png,/kaggle/working/MDFS/data/KADID/extracted/kadid10k/images/I57_03_04.png,I57.png,57,3,4,1.87,0.427,23.86423110961914,0.039840629000536865,1
I57_04_01.png,/kaggle/working/MDFS/data/KADID/extracted/kadid10k/images/I57_04_01.png,I57.png,57,4,1,3.9,0.746,19.56802749633789,0.040422828999908234,1
I57_04_03.png,/kaggle/working/MDFS/data/KADID/extracted/kadid10k/images/I57_04_03.png,I57.png,57,4,3,1.87,0.763,20.29670524597168,0.040043347000391805,1
I57_04_05.png,/kaggle/working/MDFS/data/KADID/extracted/kadid10k/images/I57_04_05.png,I57.png,57,4,5,1.37,0.605,21.02705955505371,0.039864474000751215,1
I57_05_02.png,/kaggle/working/MDFS/data/KADID/extracted/kadid10k/images/I57_05_02.png,I57.png,57,5,2,1.77,0.716,19.41388511657715,0.040427015999739524,1
I57_05_04.png,/kaggle/working/MDFS/data/KADID/extracted/kadid10k/images/I57_05_04.png,I57.png,57,5,4,1.43,0.844,18.91813850402832,0.04114491500058648,1
I57_06_01.png,/kaggle/working/MDFS/data/KADID/extracted/kadid10k/images/I57_06_01.png,I57.png,57,6,1,3.73,0.772,18.45509147644043,0.0395329490002041,1
I57_06_03.png,/kaggle/working/MDFS/data/KADID/extracted/kadid10k/images/I57_06_03.png,I57.png,57,6,3,3.67,0.789,18.933435440063477,0.038922487000490946,1
I57_06_05.png,/kaggle/working/MDFS/data/KADID/extracted/kadid10k/images/I57_06_05.png,I57.png,57,6,5,1.47,0.618,21.622533798217773,0.037124045999917143,1
I57_07_02.png,/kaggle/working/MDFS/data/KADID/extracted/kadid10k/images/I57_07_02.png,I57.png,57,7,2,2.1,0.978,18.971282958984375,0.03952171699984319,1
I57_07_04.png,/kaggle/working/MDFS/data/KADID/extracted/kadid10k/images/I57_07_04.png,I57.png,57,7,4,2.47,1.231,22.33765411376953,0.03766028399968491,1
I57_08_01.png,/kaggle/working/MDFS/data/KADID/extracted/kadid10k/images/I57_08_01.png,I57.png,57,8,1,4.43,0.803,17.744226455688477,0.04025793500022701,1
I57_08_03.png,/kaggle/working/MDFS/data/KADID/extracted/kadid10k/images/I57_08_03.png,I57.png,57,8,3,2.0,0.683,18.792936325073242,0.04043569199984631,1
I57_08_05.png,/kaggle/working/MDFS/data/KADID/extracted/kadid10k/images/I57_08_05.png,I57.png,57,8,5,1.17,0.373,22.387067794799805,0.03935317200011923,1
I57_09_02.png,/kaggle/working/MDFS/data/KADID/extracted/kadid10k/images/I57_09_02.png,I57.png,57,9,2,3.6,0.952,22.96954345703125,0.03842263699971227,1
I57_09_04.png,/kaggle/working/MDFS/data/KADID/extracted/kadid10k/images/I57_09_04.png,I57.png,57,9,4,2.23,0.716,30.6683292388916,0.03809689799982152,1
I57_10_01.png,/kaggle/working/MDFS/data/KADID/extracted/kadid10k/images/I57_10_01.png,I57.png,57,10,1,4.23,0.616,19.518953323364258,0.03895753800043167,1
I57_10_03.png,/kaggle/working/MDFS/data/KADID/extracted/kadid10k/images/I57_10_03.png,I57.png,57,10,3,3.83,0.969,21.35550308227539,0.03870096199989348,1
I57_10_05.png,/kaggle/working/MDFS/data/KADID/extracted/kadid10k/images/I57_10_05.png,I57.png,57,10,5,1.37,0.482,33.06237030029297,0.03730510900004447,1
I57_11_02.png,/kaggle/working/MDFS/data/KADID/extracted/kadid10k/images/I57_11_02.png,I57.png,57,11,2,4.17,1.003,18.785429000854492,0.039102800999899046,1
I57_11_04.png,/kaggle/working/MDFS/data/KADID/extracted/kadid10k/images/I57_11_04.png,I57.png,57,11,4,2.93,1.153,21.202518463134766,0.03837112499968498,1
I57_12_01.png,/kaggle/working/MDFS/data/KADID/extracted/kadid10k/images/I57_12_01.png,I57.png,57,12,1,4.5,0.671,17.654470443725586,0.042039967000164324,1
I57_12_03.png,/kaggle/working/MDFS/data/KADID/extracted/kadid10k/images/I57_12_03.png,I57.png,57,12,3,3.73,0.964,19.188899993896484,0.0371704730005149,1
I57_12_05.png,/kaggle/working/MDFS/data/KADID/extracted/kadid10k/images/I57_12_05.png,I57.png,57,12,5,2.47,0.718,21.86343002319336,0.037628322999808006,1
I57_13_02.png,/kaggle/working/MDFS/data/KADID/extracted/kadid10k/images/I57_13_02.png,I57.png,57,13,2,3.53,0.991,18.14835548400879,0.03946180699949764,1
I57_13_04.png,/kaggle/working/MDFS/data/KADID/extracted/kadid10k/images/I57_13_04.png,I57.png,57,13,4,2.37,0.752,20.735841751098633,0.03892859900042822,1
I57_14_01.png,/kaggle/working/MDFS/data/KADID/extracted/kadid10k/images/I57_14_01.png,I57.png,57,14,1,4.43,0.559,17.655803680419922,0.04939417900004628,1
I57_14_03.png,/kaggle/working/MDFS/data/KADID/extracted/kadid10k/images/I57_14_03.png,I57.png,57,14,3,3.23,0.92,19.83071517944336,0.04616725999949267,1
I57_14_05.png,/kaggle/working/MDFS/data/KADID/extracted/kadid10k/images/I57_14_05.png,I57.png,57,14,5,1.9,0.651,21.772348403930664,0.055532125999889104,1
I57_15_02.png,/kaggle/working/MDFS/data/KADID/extracted/kadid10k/images/I57_15_02.png,I57.png,57,15,2,3.23,0.883,20.516693115234375,0.03929026599962526,1
I57_15_04.png,/kaggle/working/MDFS/data/KADID/extracted/kadid10k/images/I57_15_04.png,I57.png,57,15,4,1.67,0.65,23.184362411499023,0.039362372999676154,1
I57_16_01.png,/kaggle/working/MDFS/data/KADID/extracted/kadid10k/images/I57_16_01.png,I57.png,57,16,1,4.32,0.642,17.808401107788086,0.040331555000193475,1
I57_16_03.png,/kaggle/working/MDFS/data/KADID/extracted/kadid10k/images/I57_16_03.png,I57.png,57,16,3,3.0,0.856,18.1121883392334,0.04023903100005555,1
I57_16_05.png,/kaggle/working/MDFS/data/KADID/extracted/kadid10k/images/I57_16_05.png,I57.png,57,16,5,1.33,0.596,22.892333984375,0.04029685099976632,1
I57_17_02.png,/kaggle/working/MDFS/data/KADID/extracted/kadid10k/images/I57_17_02.png,I57.png,57,17,2,4.47,0.562,17.672178268432617,0.03865677399971901,1
I57_17_04.png,/kaggle/working/MDFS/data/KADID/extracted/kadid10k/images/I57_17_04.png,I57.png,57,17,4,3.47,0.806,17.487316131591797,0.03950582499965094,1
I57_18_01.png,/kaggle/working/MDFS/data/KADID/extracted/kadid10k/images/I57_18_01.png,I57.png,57,18,1,3.77,0.803,18.044193267822266,0.0392165240000395,1
I57_18_03.png,/kaggle/working/MDFS/data/KADID/extracted/kadid10k/images/I57_18_03.png,I57.png,57,18,3,4.43,0.559,17.744226455688477,0.03892980199998419,1
I57_18_05.png,/kaggle/working/MDFS/data/KADID/extracted/kadid10k/images/I57_18_05.png,I57.png,57,18,5,3.9,0.831,18.006567001342773,0.03954821300067124,1
I57_19_02.png,/kaggle/working/MDFS/data/KADID/extracted/kadid10k/images/I57_19_02.png,I57.png,57,19,2,3.8,0.702,17.635940551757812,0.03888660000029631,1
I57_19_04.png,/kaggle/working/MDFS/data/KADID/extracted/kadid10k/images/I57_19_04.png,I57.png,57,19,4,1.63,0.605,19.8198299407959,0.03686808499969629,1
I57_20_01.png,/kaggle/working/MDFS/data/KADID/extracted/kadid10k/images/I57_20_01.png,I57.png,57,20,1,4.33,0.699,17.747947692871094,0.038393120000364434,1
I57_20_03.png,/kaggle/working/MDFS/data/KADID/extracted/kadid10k/images/I57_20_03.png,I57.png,57,20,3,3.9,1.058,17.654525756835938,0.038877328999660676,1
I57_20_05.png,/kaggle/working/MDFS/data/KADID/extracted/kadid10k/images/I57_20_05.png,I57.png,57,20,5,4.0,0.931,17.58453941345215,0.038766233999922406,1
I57_21_02.png,/kaggle/working/MDFS/data/KADID/extracted/kadid10k/images/I57_21_02.png,I57.png,57,21,2,2.67,0.907,18.019927978515625,0.039307325000663695,1
I57_21_04.png,/kaggle/working/MDFS/data/KADID/extracted/kadid10k/images/I57_21_04.png,I57.png,57,21,4,2.57,0.989,19.0904483795166,0.03728485999999975,1
I57_22_01.png,/kaggle/working/MDFS/data/KADID/extracted/kadid10k/images/I57_22_01.png,I57.png,57,22,1,4.47,0.562,17.807525634765625,0.0397984869996435,1
I57_22_03.png,/kaggle/working/MDFS/data/KADID/extracted/kadid10k/images/I57_22_03.png,I57.png,57,22,3,4.17,0.687,17.941558837890625,0.03979474700008723,1
I57_22_05.png,/kaggle/working/MDFS/data/KADID/extracted/kadid10k/images/I57_22_05.png,I57.png,57,22,5,3.97,0.706,18.786876678466797,0.03891677699994034,1
I57_23_02.png,/kaggle/working/MDFS/data/KADID/extracted/kadid10k/images/I57_23_02.png,I57.png,57,23,2,2.37,0.836,17.755348205566406,0.038814792999801284,1
I57_23_04.png,/kaggle/working/MDFS/data/KADID/extracted/kadid10k/images/I57_23_04.png,I57.png,57,23,4,2.0,0.894,17.60655975341797,0.03897123099977762,1
I57_24_01.png,/kaggle/working/MDFS/data/KADID/extracted/kadid10k/images/I57_24_01.png,I57.png,57,24,1,2.67,1.043,19.58493995666504,0.03863041299973702,1
I57_24_03.png,/kaggle/working/MDFS/data/KADID/extracted/kadid10k/images/I57_24_03.png,I57.png,57,24,3,1.43,0.559,23.68498992919922,0.03838347900000372,1
I57_24_05.png,/kaggle/working/MDFS/data/KADID/extracted/kadid10k/images/I57_24_05.png,I57.png,57,24,5,1.1,0.3,30.676916122436523,0.03427342399936606,1
I57_25_02.png,/kaggle/working/MDFS/data/KADID/extracted/kadid10k/images/I57_25_02.png,I57.png,57,25,2,3.57,0.616,17.960615158081055,0.03922700499970233,1
I57_25_04.png,/kaggle/working/MDFS/data/KADID/extracted/kadid10k/images/I57_25_04.png,I57.png,57,25,4,3.83,0.86,17.67784309387207,0.03992255999946792,1
I58_01_01.png,/kaggle/working/MDFS/data/KADID/extracted/kadid10k/images/I58_01_01.png,I58.png,58,1,1,4.73,0.512,19.77967071533203,0.038534971000444784,1
I58_01_03.png,/kaggle/working/MDFS/data/KADID/extracted/kadid10k/images/I58_01_03.png,I58.png,58,1,3,3.9,0.597,24.376564025878906,0.03962617199977103,1
I58_01_05.png,/kaggle/working/MDFS/data/KADID/extracted/kadid10k/images/I58_01_05.png,I58.png,58,1,5,1.53,0.618,37.58311462402344,0.038233358999605116,1
I58_02_02.png,/kaggle/working/MDFS/data/KADID/extracted/kadid10k/images/I58_02_02.png,I58.png,58,2,2,3.6,0.8,25.54439353942871,0.037816905999534356,1
I58_02_04.png,/kaggle/working/MDFS/data/KADID/extracted/kadid10k/images/I58_02_04.png,I58.png,58,2,4,1.97,0.795,31.10462760925293,0.036521236000226054,1
I58_03_01.png,/kaggle/working/MDFS/data/KADID/extracted/kadid10k/images/I58_03_01.png,I58.png,58,3,1,4.57,0.559,19.77967071533203,0.03646845699950063,1
I58_03_03.png,/kaggle/working/MDFS/data/KADID/extracted/kadid10k/images/I58_03_03.png,I58.png,58,3,3,3.4,0.952,22.82242202758789,0.0372410520003541,1
I58_03_05.png,/kaggle/working/MDFS/data/KADID/extracted/kadid10k/images/I58_03_05.png,I58.png,58,3,5,2.27,0.727,25.925365447998047,0.037323158000617696,1
I58_04_02.png,/kaggle/working/MDFS/data/KADID/extracted/kadid10k/images/I58_04_02.png,I58.png,58,4,2,2.5,0.957,23.370532989501953,0.038111949999802164,1
I58_04_04.png,/kaggle/working/MDFS/data/KADID/extracted/kadid10k/images/I58_04_04.png,I58.png,58,4,4,1.07,0.249,27.530261993408203,0.03770413300026121,1
I58_05_01.png,/kaggle/working/MDFS/data/KADID/extracted/kadid10k/images/I58_05_01.png,I58.png,58,5,1,4.63,0.605,19.997596740722656,0.04775789999985136,1
I58_05_03.png,/kaggle/working/MDFS/data/KADID/extracted/kadid10k/images/I58_05_03.png,I58.png,58,5,3,2.43,0.92,20.40682029724121,0.0402029480001147,1
I58_05_05.png,/kaggle/working/MDFS/data/KADID/extracted/kadid10k/images/I58_05_05.png,I58.png,58,5,5,3.4,1.02,20.104448318481445,0.036986324999816134,1
I58_06_02.png,/kaggle/working/MDFS/data/KADID/extracted/kadid10k/images/I58_06_02.png,I58.png,58,6,2,4.2,0.872,21.513675689697266,0.03721714299990708,1
I58_06_04.png,/kaggle/working/MDFS/data/KADID/extracted/kadid10k/images/I58_06_04.png,I58.png,58,6,4,2.6,0.712,22.980676651000977,0.036021996999807016,1
I58_07_01.png,/kaggle/working/MDFS/data/KADID/extracted/kadid10k/images/I58_07_01.png,I58.png,58,7,1,2.4,0.952,19.854764938354492,0.037296499999683874,1
I58_07_03.png,/kaggle/working/MDFS/data/KADID/extracted/kadid10k/images/I58_07_03.png,I58.png,58,7,3,2.2,1.077,20.228452682495117,0.03642552499968588,1
I58_07_05.png,/kaggle/working/MDFS/data/KADID/extracted/kadid10k/images/I58_07_05.png,I58.png,58,7,5,2.27,0.998,21.165586471557617,0.03737924300003215,1
I58_08_02.png,/kaggle/working/MDFS/data/KADID/extracted/kadid10k/images/I58_08_02.png,I58.png,58,8,2,4.03,0.752,21.41358184814453,0.03759536500001559,1
I58_08_04.png,/kaggle/working/MDFS/data/KADID/extracted/kadid10k/images/I58_08_04.png,I58.png,58,8,4,1.67,0.745,23.898271560668945,0.03836676500031899,1
I58_09_01.png,/kaggle/working/MDFS/data/KADID/extracted/kadid10k/images/I58_09_01.png,I58.png,58,9,1,4.63,0.482,20.048168182373047,0.03913002500030416,1
I58_09_03.png,/kaggle/working/MDFS/data/KADID/extracted/kadid10k/images/I58_09_03.png,I58.png,58,9,3,4.63,0.482,21.09722328186035,0.0383915660004277,1
I58_09_05.png,/kaggle/working/MDFS/data/KADID/extracted/kadid10k/images/I58_09_05.png,I58.png,58,9,5,1.8,0.98,32.238304138183594,0.038261198999862245,1
I58_10_02.png,/kaggle/working/MDFS/data/KADID/extracted/kadid10k/images/I58_10_02.png,I58.png,58,10,2,4.17,0.86,21.170089721679688,0.037923134000266145,1
I58_10_04.png,/kaggle/working/MDFS/data/KADID/extracted/kadid10k/images/I58_10_04.png,I58.png,58,10,4,1.8,0.542,27.72049331665039,0.03718874399964989,1
I58_11_01.png,/kaggle/working/MDFS/data/KADID/extracted/kadid10k/images/I58_11_01.png,I58.png,58,11,1,3.77,0.883,22.506776809692383,0.03650123699935648,1
I58_11_03.png,/kaggle/working/MDFS/data/KADID/extracted/kadid10k/images/I58_11_03.png,I58.png,58,11,3,2.9,0.79,24.05963134765625,0.03732939899964549,1
I58_11_05.png,/kaggle/working/MDFS/data/KADID/extracted/kadid10k/images/I58_11_05.png,I58.png,58,11,5,2.3,0.781,27.23982810974121,0.038507729999764706,1
I58_12_02.png,/kaggle/working/MDFS/data/KADID/extracted/kadid10k/images/I58_12_02.png,I58.png,58,12,2,3.43,0.803,22.573678970336914,0.03802937300042686,1
I58_12_04.png,/kaggle/working/MDFS/data/KADID/extracted/kadid10k/images/I58_12_04.png,I58.png,58,12,4,2.5,0.619,25.06172752380371,0.038357008999810205,1
I58_13_01.png,/kaggle/working/MDFS/data/KADID/extracted/kadid10k/images/I58_13_01.png,I58.png,58,13,1,3.1,0.7,20.688020706176758,0.03727060300025187,1
I58_13_03.png,/kaggle/working/MDFS/data/KADID/extracted/kadid10k/images/I58_13_03.png,I58.png,58,13,3,2.6,0.663,26.383045196533203,0.03771002499979659,1
I58_13_05.png,/kaggle/working/MDFS/data/KADID/extracted/kadid10k/images/I58_13_05.png,I58.png,58,13,5,1.83,0.637,26.398544311523438,0.03596932700020261,1
I58_14_02.png,/kaggle/working/MDFS/data/KADID/extracted/kadid10k/images/I58_14_02.png,I58.png,58,14,2,3.53,1.056,21.54351043701172,0.037200052999651234,1
I58_14_04.png,/kaggle/working/MDFS/data/KADID/extracted/kadid10k/images/I58_14_04.png,I58.png,58,14,4,2.8,0.748,22.87330436706543,0.038833061999866914,1
I58_15_01.png,/kaggle/working/MDFS/data/KADID/extracted/kadid10k/images/I58_15_01.png,I58.png,58,15,1,3.77,0.844,21.241870880126953,0.03949765800007299,1
I58_15_03.png,/kaggle/working/MDFS/data/KADID/extracted/kadid10k/images/I58_15_03.png,I58.png,58,15,3,2.4,0.712,23.585731506347656,0.03823087000000669,1
I58_15_05.png,/kaggle/working/MDFS/data/KADID/extracted/kadid10k/images/I58_15_05.png,I58.png,58,15,5,1.47,0.562,24.410457611083984,0.036981962000027124,1
I58_16_02.png,/kaggle/working/MDFS/data/KADID/extracted/kadid10k/images/I58_16_02.png,I58.png,58,16,2,4.57,0.559,19.47982406616211,0.036989356000049156,1
I58_16_04.png,/kaggle/working/MDFS/data/KADID/extracted/kadid10k/images/I58_16_04.png,I58.png,58,16,4,3.5,0.847,21.17978858947754,0.036527993000163406,1
I58_17_01.png,/kaggle/working/MDFS/data/KADID/extracted/kadid10k/images/I58_17_01.png,I58.png,58,17,1,4.77,0.423,19.84020233154297,0.03652772399982496,1
I58_17_03.png,/kaggle/working/MDFS/data/KADID/extracted/kadid10k/images/I58_17_03.png,I58.png,58,17,3,4.03,0.706,20.09684181213379,0.037141688000701834,1
I58_17_05.png,/kaggle/working/MDFS/data/KADID/extracted/kadid10k/images/I58_17_05.png,I58.png,58,17,5,2.17,1.035,22.800161361694336,0.03716451800028153,1
I58_18_02.png,/kaggle/working/MDFS/data/KADID/extracted/kadid10k/images/I58_18_02.png,I58.png,58,18,2,4.77,0.423,20.016220092773438,0.03843933999996807,1
I58_18_04.png,/kaggle/working/MDFS/data/KADID/extracted/kadid10k/images/I58_18_04.png,I58.png,58,18,4,4.27,0.68,20.683053970336914,0.03644414600057644,1
I58_19_01.png,/kaggle/working/MDFS/data/KADID/extracted/kadid10k/images/I58_19_01.png,I58.png,58,19,1,4.43,0.496,19.146453857421875,0.03632505400037189,1
I58_19_03.png,/kaggle/working/MDFS/data/KADID/extracted/kadid10k/images/I58_19_03.png,I58.png,58,19,3,3.4,0.757,20.80308723449707,0.03595793099975708,1
I58_19_05.png,/kaggle/working/MDFS/data/KADID/extracted/kadid10k/images/I58_19_05.png,I58.png,58,19,5,1.67,0.537,23.537492752075195,0.03688324999984616,1
I58_20_02.png,/kaggle/working/MDFS/data/KADID/extracted/kadid10k/images/I58_20_02.png,I58.png,58,20,2,4.5,0.847,19.694381713867188,0.039122488999964844,1
I58_20_04.png,/kaggle/working/MDFS/data/KADID/extracted/kadid10k/images/I58_20_04.png,I58.png,58,20,4,3.23,1.086,19.522035598754883,0.03855238300002384,1
I58_21_01.png,/kaggle/working/MDFS/data/KADID/extracted/kadid10k/images/I58_21_01.png,I58.png,58,21,1,4.23,0.705,19.80337905883789,0.0378800839998803,1
I58_21_03.png,/kaggle/working/MDFS/data/KADID/extracted/kadid10k/images/I58_21_03.png,I58.png,58,21,3,3.33,0.83,20.529048919677734,0.03702645099929214,1
I58_21_05.png,/kaggle/working/MDFS/data/KADID/extracted/kadid10k/images/I58_21_05.png,I58.png,58,21,5,1.97,0.706,25.828611373901367,0.03524024299986195,1
I58_22_02.png,/kaggle/working/MDFS/data/KADID/extracted/kadid10k/images/I58_22_02.png,I58.png,58,22,2,2.1,0.943,21.710779190063477,0.03566953400058992,1
I58_22_04.png,/kaggle/working/MDFS/data/KADID/extracted/kadid10k/images/I58_22_04.png,I58.png,58,22,4,2.03,0.836,23.792871475219727,0.036980638000386534,1
I58_23_01.png,/kaggle/working/MDFS/data/KADID/extracted/kadid10k/images/I58_23_01.png,I58.png,58,23,1,2.9,0.978,19.645328521728516,0.0382499919996917,1
I58_23_03.png,/kaggle/working/MDFS/data/KADID/extracted/kadid10k/images/I58_23_03.png,I58.png,58,23,3,2.33,0.869,19.749652862548828,0.037729800999841245,1
I58_23_05.png,/kaggle/working/MDFS/data/KADID/extracted/kadid10k/images/I58_23_05.png,I58.png,58,23,5,1.97,0.657,19.873437881469727,0.037239717000375094,1
I58_24_02.png,/kaggle/working/MDFS/data/KADID/extracted/kadid10k/images/I58_24_02.png,I58.png,58,24,2,3.57,0.883,21.726802825927734,0.03800467800010665,1
I58_24_04.png,/kaggle/working/MDFS/data/KADID/extracted/kadid10k/images/I58_24_04.png,I58.png,58,24,4,2.17,0.734,23.991939544677734,0.03846916400016198,1
I58_25_01.png,/kaggle/working/MDFS/data/KADID/extracted/kadid10k/images/I58_25_01.png,I58.png,58,25,1,3.5,0.957,21.50357437133789,0.03607500700036326,1
I58_25_03.png,/kaggle/working/MDFS/data/KADID/extracted/kadid10k/images/I58_25_03.png,I58.png,58,25,3,4.45,0.559,20.39899444580078,0.037547400999756064,1
I58_25_05.png,/kaggle/working/MDFS/data/KADID/extracted/kadid10k/images/I58_25_05.png,I58.png,58,25,5,3.53,0.921,20.0250186920166,0.038736768000489974,1
I59_01_02.png,/kaggle/working/MDFS/data/KADID/extracted/kadid10k/images/I59_01_02.png,I59.png,59,1,2,4.3,0.526,17.643680572509766,0.038928986999962945,1
I59_01_04.png,/kaggle/working/MDFS/data/KADID/extracted/kadid10k/images/I59_01_04.png,I59.png,59,1,4,1.8,0.653,28.73942756652832,0.038786840999819105,1
I59_02_01.png,/kaggle/working/MDFS/data/KADID/extracted/kadid10k/images/I59_02_01.png,I59.png,59,2,1,4.37,0.482,18.89512825012207,0.03877049899983831,1
I59_02_03.png,/kaggle/working/MDFS/data/KADID/extracted/kadid10k/images/I59_02_03.png,I59.png,59,2,3,1.73,0.68,26.830123901367188,0.03878675000032672,1
I59_02_05.png,/kaggle/working/MDFS/data/KADID/extracted/kadid10k/images/I59_02_05.png,I59.png,59,2,5,1.2,0.4,31.66388702392578,0.03852266499961843,1
I59_03_02.png,/kaggle/working/MDFS/data/KADID/extracted/kadid10k/images/I59_03_02.png,I59.png,59,3,2,4.27,0.512,18.855966567993164,0.03851792699970247,1
I59_03_04.png,/kaggle/working/MDFS/data/KADID/extracted/kadid10k/images/I59_03_04.png,I59.png,59,3,4,2.3,0.823,22.73485565185547,0.039016496999465744,1
I59_04_01.png,/kaggle/working/MDFS/data/KADID/extracted/kadid10k/images/I59_04_01.png,I59.png,59,4,1,4.6,0.49,17.735246658325195,0.03725278999991133,1
I59_04_03.png,/kaggle/working/MDFS/data/KADID/extracted/kadid10k/images/I59_04_03.png,I59.png,59,4,3,2.33,0.943,18.618877410888672,0.03775319899978058,1
I59_04_05.png,/kaggle/working/MDFS/data/KADID/extracted/kadid10k/images/I59_04_05.png,I59.png,59,4,5,2.07,0.772,19.427873611450195,0.039097255999877234,1
I59_05_02.png,/kaggle/working/MDFS/data/KADID/extracted/kadid10k/images/I59_05_02.png,I59.png,59,5,2,2.6,0.879,19.272869110107422,0.03865101700012019,1
I59_05_04.png,/kaggle/working/MDFS/data/KADID/extracted/kadid10k/images/I59_05_04.png,I59.png,59,5,4,1.27,0.442,19.372339248657227,0.03933455599963054,1
I59_06_01.png,/kaggle/working/MDFS/data/KADID/extracted/kadid10k/images/I59_06_01.png,I59.png,59,6,1,4.27,0.814,18.64152717590332,0.037384111000392295,1
I59_06_03.png,/kaggle/working/MDFS/data/KADID/extracted/kadid10k/images/I59_06_03.png,I59.png,59,6,3,3.87,0.921,19.393077850341797,0.036716816000080144,1
I59_06_05.png,/kaggle/working/MDFS/data/KADID/extracted/kadid10k/images/I59_06_05.png,I59.png,59,6,5,2.83,1.098,21.358501434326172,0.03509016500083817,1
I59_07_02.png,/kaggle/working/MDFS/data/KADID/extracted/kadid10k/images/I59_07_02.png,I59.png,59,7,2,2.4,0.917,17.914318084716797,0.0374385169998277,1
I59_07_04.png,/kaggle/working/MDFS/data/KADID/extracted/kadid10k/images/I59_07_04.png,I59.png,59,7,4,2.52,1.158,22.261146545410156,0.036959709000257135,1
I59_08_01.png,/kaggle/working/MDFS/data/KADID/extracted/kadid10k/images/I59_08_01.png,I59.png,59,8,1,4.7,0.458,17.225276947021484,0.039386364000165486,1
I59_08_03.png,/kaggle/working/MDFS/data/KADID/extracted/kadid10k/images/I59_08_03.png,I59.png,59,8,3,2.87,1.204,18.535701751708984,0.03908493099970656,1
I59_08_05.png,/kaggle/working/MDFS/data/KADID/extracted/kadid10k/images/I59_08_05.png,I59.png,59,8,5,1.87,0.884,20.214130401611328,0.03756932899977983,1
I59_09_02.png,/kaggle/working/MDFS/data/KADID/extracted/kadid10k/images/I59_09_02.png,I59.png,59,9,2,4.6,0.49,20.168609619140625,0.03855385299993941,1
I59_09_04.png,/kaggle/working/MDFS/data/KADID/extracted/kadid10k/images/I59_09_04.png,I59.png,59,9,4,3.1,1.075,27.492431640625,0.0399223130007158,1
I59_10_01.png,/kaggle/working/MDFS/data/KADID/extracted/kadid10k/images/I59_10_01.png,I59.png,59,10,1,4.77,0.418,18.92313575744629,0.03853095700014819,1
I59_10_03.png,/kaggle/working/MDFS/data/KADID/extracted/kadid10k/images/I59_10_03.png,I59.png,59,10,3,4.5,0.671,20.48555564880371,0.038363429000128235,1
I59_10_05.png,/kaggle/working/MDFS/data/KADID/extracted/kadid10k/images/I59_10_05.png,I59.png,59,10,5,1.47,0.562,32.27385711669922,0.03637185000025056,1
I59_11_02.png,/kaggle/working/MDFS/data/KADID/extracted/kadid10k/images/I59_11_02.png,I59.png,59,11,2,3.77,0.92,19.65570831298828,0.03720780799994827,1
I59_11_04.png,/kaggle/working/MDFS/data/KADID/extracted/kadid10k/images/I59_11_04.png,I59.png,59,11,4,3.0,0.931,22.605804443359375,0.038111083999865514,1
I59_12_01.png,/kaggle/working/MDFS/data/KADID/extracted/kadid10k/images/I59_12_01.png,I59.png,59,12,1,4.5,0.5,17.786251068115234,0.038132587000291096,1
I59_12_03.png,/kaggle/working/MDFS/data/KADID/extracted/kadid10k/images/I59_12_03.png,I59.png,59,12,3,3.6,0.841,20.55956268310547,0.03749949600023683,1
I59_12_05.png,/kaggle/working/MDFS/data/KADID/extracted/kadid10k/images/I59_12_05.png,I59.png,59,12,5,2.6,0.712,24.830324172973633,0.037387520000265795,1
I59_13_02.png,/kaggle/working/MDFS/data/KADID/extracted/kadid10k/images/I59_13_02.png,I59.png,59,13,2,3.2,1.013,18.299421310424805,0.038008073000128206,1
I59_13_04.png,/kaggle/working/MDFS/data/KADID/extracted/kadid10k/images/I59_13_04.png,I59.png,59,13,4,2.33,0.869,21.41608238220215,0.037793254000462184,1
I59_14_01.png,/kaggle/working/MDFS/data/KADID/extracted/kadid10k/images/I59_14_01.png,I59.png,59,14,1,4.87,0.34,17.787784576416016,0.03734932900079002,1
I59_14_03.png,/kaggle/working/MDFS/data/KADID/extracted/kadid10k/images/I59_14_03.png,I59.png,59,14,3,3.03,0.752,21.308137893676758,0.0381922320002559,1
I59_14_05.png,/kaggle/working/MDFS/data/KADID/extracted/kadid10k/images/I59_14_05.png,I59.png,59,14,5,2.23,0.716,25.209373474121094,0.038313312999889604,1
I59_15_02.png,/kaggle/working/MDFS/data/KADID/extracted/kadid10k/images/I59_15_02.png,I59.png,59,15,2,3.03,0.87,21.120288848876953,0.039155958000264945,1
I59_15_04.png,/kaggle/working/MDFS/data/KADID/extracted/kadid10k/images/I59_15_04.png,I59.png,59,15,4,1.8,0.476,24.07353973388672,0.03792433800026629,1
I59_16_01.png,/kaggle/working/MDFS/data/KADID/extracted/kadid10k/images/I59_16_01.png,I59.png,59,16,1,4.73,0.442,17.298812866210938,0.03779328800010262,1
I59_16_03.png,/kaggle/working/MDFS/data/KADID/extracted/kadid10k/images/I59_16_03.png,I59.png,59,16,3,3.83,0.687,17.656314849853516,0.03787118299987924,1
I59_16_05.png,/kaggle/working/MDFS/data/KADID/extracted/kadid10k/images/I59_16_05.png,I59.png,59,16,5,1.53,0.763,21.61220932006836,0.037376136000602855,1
I59_17_02.png,/kaggle/working/MDFS/data/KADID/extracted/kadid10k/images/I59_17_02.png,I59.png,59,17,2,4.39,0.83,17.16818618774414,0.03708936800012452,1
I59_17_04.png,/kaggle/working/MDFS/data/KADID/extracted/kadid10k/images/I59_17_04.png,I59.png,59,17,4,3.7,0.69,17.263118743896484,0.03943767900000239,1
I59_18_01.png,/kaggle/working/MDFS/data/KADID/extracted/kadid10k/images/I59_18_01.png,I59.png,59,18,1,4.43,0.667,17.490957260131836,0.05041331000029459,1
I59_18_03.png,/kaggle/working/MDFS/data/KADID/extracted/kadid10k/images/I59_18_03.png,I59.png,59,18,3,4.67,0.65,17.225276947021484,0.0375460289997136,1
I59_18_05.png,/kaggle/working/MDFS/data/KADID/extracted/kadid10k/images/I59_18_05.png,I59.png,59,18,5,3.93,0.629,17.541467666625977,0.03597521199935727,1
I59_19_02.png,/kaggle/working/MDFS/data/KADID/extracted/kadid10k/images/I59_19_02.png,I59.png,59,19,2,4.27,0.573,17.294509887695312,0.036839477000285115,1
I59_19_04.png,/kaggle/working/MDFS/data/KADID/extracted/kadid10k/images/I59_19_04.png,I59.png,59,19,4,2.0,0.73,19.954998016357422,0.03715799400015385,1
I59_20_01.png,/kaggle/working/MDFS/data/KADID/extracted/kadid10k/images/I59_20_01.png,I59.png,59,20,1,4.47,0.67,17.20638656616211,0.0385628039994117,1
I59_20_03.png,/kaggle/working/MDFS/data/KADID/extracted/kadid10k/images/I59_20_03.png,I59.png,59,20,3,4.07,1.031,17.16177749633789,0.03805672199996479,1
I59_20_05.png,/kaggle/working/MDFS/data/KADID/extracted/kadid10k/images/I59_20_05.png,I59.png,59,20,5,3.6,1.143,17.27266502380371,0.03759157500007859,1
I59_21_02.png,/kaggle/working/MDFS/data/KADID/extracted/kadid10k/images/I59_21_02.png,I59.png,59,21,2,3.67,1.075,17.619970321655273,0.03715181200004736,1
I59_21_04.png,/kaggle/working/MDFS/data/KADID/extracted/kadid10k/images/I59_21_04.png,I59.png,59,21,4,3.1,0.907,18.668664932250977,0.03517628700046771,1
I59_22_01.png,/kaggle/working/MDFS/data/KADID/extracted/kadid10k/images/I59_22_01.png,I59.png,59,22,1,4.4,0.554,17.39765167236328,0.03640338900004281,1
I59_22_03.png,/kaggle/working/MDFS/data/KADID/extracted/kadid10k/images/I59_22_03.png,I59.png,59,22,3,3.7,0.781,17.50145149230957,0.03760478799995326,1
I59_22_05.png,/kaggle/working/MDFS/data/KADID/extracted/kadid10k/images/I59_22_05.png,I59.png,59,22,5,3.4,1.052,18.54389190673828,0.03745172900016769,1
I59_23_02.png,/kaggle/working/MDFS/data/KADID/extracted/kadid10k/images/I59_23_02.png,I59.png,59,23,2,2.47,0.846,17.229402542114258,0.037494483000045875,1
I59_23_04.png,/kaggle/working/MDFS/data/KADID/extracted/kadid10k/images/I59_23_04.png,I59.png,59,23,4,2.4,0.917,17.28482437133789,0.03715698199994222,1
I59_24_01.png,/kaggle/working/MDFS/data/KADID/extracted/kadid10k/images/I59_24_01.png,I59.png,59,24,1,3.93,0.512,18.428058624267578,0.03705397900012031,1
I59_24_03.png,/kaggle/working/MDFS/data/KADID/extracted/kadid10k/images/I59_24_03.png,I59.png,59,24,3,2.4,0.712,21.98670196533203,0.03726159799953166,1
I59_24_05.png,/kaggle/working/MDFS/data/KADID/extracted/kadid10k/images/I59_24_05.png,I59.png,59,24,5,1.4,0.49,26.842973709106445,0.03684209099992586,1
I59_25_02.png,/kaggle/working/MDFS/data/KADID/extracted/kadid10k/images/I59_25_02.png,I59.png,59,25,2,3.87,0.67,17.47027015686035,0.03813584399995307,1
I59_25_04.png,/kaggle/working/MDFS/data/KADID/extracted/kadid10k/images/I59_25_04.png,I59.png,59,25,4,4.1,0.597,17.335437774658203,0.03767041999981302,1
I60_01_01.png,/kaggle/working/MDFS/data/KADID/extracted/kadid10k/images/I60_01_01.png,I60.png,60,1,1,4.47,0.499,18.817819595336914,0.03784414000074321,1
I60_01_03.png,/kaggle/working/MDFS/data/KADID/extracted/kadid10k/images/I60_01_03.png,I60.png,60,1,3,3.33,0.869,22.911409378051758,0.03757578499971714,1
I60_01_05.png,/kaggle/working/MDFS/data/KADID/extracted/kadid10k/images/I60_01_05.png,I60.png,60,1,5,1.57,0.496,37.244117736816406,0.03664024300087476,1
I60_02_02.png,/kaggle/working/MDFS/data/KADID/extracted/kadid10k/images/I60_02_02.png,I60.png,60,2,2,3.03,0.912,24.346847534179688,0.037691243999688595,1
I60_02_04.png,/kaggle/working/MDFS/data/KADID/extracted/kadid10k/images/I60_02_04.png,I60.png,60,2,4,1.23,0.423,31.071500778198242,0.0379331349995482,1
I60_03_01.png,/kaggle/working/MDFS/data/KADID/extracted/kadid10k/images/I60_03_01.png,I60.png,60,3,1,4.63,0.482,18.817819595336914,0.03896344799977669,1
I60_03_03.png,/kaggle/working/MDFS/data/KADID/extracted/kadid10k/images/I60_03_03.png,I60.png,60,3,3,3.13,0.806,21.8079833984375,0.039054627000041364,1
I60_03_05.png,/kaggle/working/MDFS/data/KADID/extracted/kadid10k/images/I60_03_05.png,I60.png,60,3,5,1.97,0.605,22.760513305664062,0.03954926200003683,1
I60_04_02.png,/kaggle/working/MDFS/data/KADID/extracted/kadid10k/images/I60_04_02.png,I60.png,60,4,2,1.97,0.706,21.233503341674805,0.03854529399995954,1
I60_04_04.png,/kaggle/working/MDFS/data/KADID/extracted/kadid10k/images/I60_04_04.png,I60.png,60,4,4,1.2,0.4,23.966838836669922,0.036987831000260485,1
I60_05_01.png,/kaggle/working/MDFS/data/KADID/extracted/kadid10k/images/I60_05_01.png,I60.png,60,5,1,4.7,0.526,18.88912010192871,0.0384126680000918,1
I60_05_03.png,/kaggle/working/MDFS/data/KADID/extracted/kadid10k/images/I60_05_03.png,I60.png,60,5,3,2.3,1.038,19.337600708007812,0.037876942999901075,1
I60_05_05.png,/kaggle/working/MDFS/data/KADID/extracted/kadid10k/images/I60_05_05.png,I60.png,60,5,5,2.67,0.943,19.234617233276367,0.038262290999227844,1
I60_06_02.png,/kaggle/working/MDFS/data/KADID/extracted/kadid10k/images/I60_06_02.png,I60.png,60,6,2,3.9,0.978,22.77128791809082,0.03578362200005358,1
I60_06_04.png,/kaggle/working/MDFS/data/KADID/extracted/kadid10k/images/I60_06_04.png,I60.png,60,6,4,3.1,0.978,23.257856369018555,0.03655943699959607,1
I60_07_01.png,/kaggle/working/MDFS/data/KADID/extracted/kadid10k/images/I60_07_01.png,I60.png,60,7,1,2.8,1.108,19.05738067626953,0.039053012000294984,1
I60_07_03.png,/kaggle/working/MDFS/data/KADID/extracted/kadid10k/images/I60_07_03.png,I60.png,60,7,3,1.87,0.846,19.887462615966797,0.039233581999724265,1
I60_07_05.png,/kaggle/working/MDFS/data/KADID/extracted/kadid10k/images/I60_07_05.png,I60.png,60,7,5,1.8,0.792,20.04229164123535,0.03925397700004396,1
I60_08_02.png,/kaggle/working/MDFS/data/KADID/extracted/kadid10k/images/I60_08_02.png,I60.png,60,8,2,3.03,0.875,20.95783233642578,0.038884007999513415,1
I60_08_04.png,/kaggle/working/MDFS/data/KADID/extracted/kadid10k/images/I60_08_04.png,I60.png,60,8,4,1.6,0.554,27.674579620361328,0.037952744999529386,1
I60_09_01.png,/kaggle/working/MDFS/data/KADID/extracted/kadid10k/images/I60_09_01.png,I60.png,60,9,1,4.53,0.562,19.212413787841797,0.03985447800005204,1
I60_09_03.png,/kaggle/working/MDFS/data/KADID/extracted/kadid10k/images/I60_09_03.png,I60.png,60,9,3,4.33,0.596,22.332632064819336,0.03946039599941287,1
I60_09_05.png,/kaggle/working/MDFS/data/KADID/extracted/kadid10k/images/I60_09_05.png,I60.png,60,9,5,1.4,0.49,34.273414611816406,0.038473401999908674,1
I60_10_02.png,/kaggle/working/MDFS/data/KADID/extracted/kadid10k/images/I60_10_02.png,I60.png,60,10,2,4.37,0.752,20.618877410888672,0.038158380000822945,1
I60_10_04.png,/kaggle/working/MDFS/data/KADID/extracted/kadid10k/images/I60_10_04.png,I60.png,60,10,4,2.43,1.086,27.432270050048828,0.03642095099985454,1
I60_11_01.png,/kaggle/working/MDFS/data/KADID/extracted/kadid10k/images/I60_11_01.png,I60.png,60,11,1,3.53,0.846,21.664039611816406,0.037464603000444185,1
I60_11_03.png,/kaggle/working/MDFS/data/KADID/extracted/kadid10k/images/I60_11_03.png,I60.png,60,11,3,3.07,0.772,23.196889877319336,0.03793147499982297,1
I60_11_05.png,/kaggle/working/MDFS/data/KADID/extracted/kadid10k/images/I60_11_05.png,I60.png,60,11,5,2.6,0.987,26.656211853027344,0.037536147999162495,1
I60_12_02.png,/kaggle/working/MDFS/data/KADID/extracted/kadid10k/images/I60_12_02.png,I60.png,60,12,2,4.0,0.775,21.89078140258789,0.037242774000333156,1
I60_12_04.png,/kaggle/working/MDFS/data/KADID/extracted/kadid10k/images/I60_12_04.png,I60.png,60,12,4,2.87,0.884,24.112146377563477,0.03617303500050184,1
I60_13_01.png,/kaggle/working/MDFS/data/KADID/extracted/kadid10k/images/I60_13_01.png,I60.png,60,13,1,3.67,0.83,19.107303619384766,0.038703172999703384,1
I60_13_03.png,/kaggle/working/MDFS/data/KADID/extracted/kadid10k/images/I60_13_03.png,I60.png,60,13,3,2.63,0.706,20.727148056030273,0.037390643000435375,1
I60_13_05.png,/kaggle/working/MDFS/data/KADID/extracted/kadid10k/images/I60_13_05.png,I60.png,60,13,5,2.27,0.727,25.043689727783203,0.03785005099962291,1
I60_14_02.png,/kaggle/working/MDFS/data/KADID/extracted/kadid10k/images/I60_14_02.png,I60.png,60,14,2,3.63,0.795,22.236019134521484,0.03826685500007443,1
I60_14_04.png,/kaggle/working/MDFS/data/KADID/extracted/kadid10k/images/I60_14_04.png,I60.png,60,14,4,2.73,0.964,24.490652084350586,0.038085760999820195,1
I60_15_01.png,/kaggle/working/MDFS/data/KADID/extracted/kadid10k/images/I60_15_01.png,I60.png,60,15,1,4.2,0.909,20.076274871826172,0.03857641800004785,1
I60_15_03.png,/kaggle/working/MDFS/data/KADID/extracted/kadid10k/images/I60_15_03.png,I60.png,60,15,3,2.3,0.823,22.88506317138672,0.03868517999944743,1
I60_15_05.png,/kaggle/working/MDFS/data/KADID/extracted/kadid10k/images/I60_15_05.png,I60.png,60,15,5,1.57,0.616,24.56879425048828,0.035594339000454056,1
I60_16_02.png,/kaggle/working/MDFS/data/KADID/extracted/kadid10k/images/I60_16_02.png,I60.png,60,16,2,4.53,0.499,18.764535903930664,0.03795051399993099,1
I60_16_04.png,/kaggle/working/MDFS/data/KADID/extracted/kadid10k/images/I60_16_04.png,I60.png,60,16,4,3.1,0.907,19.558656692504883,0.03799241199976677,1
I60_17_01.png,/kaggle/working/MDFS/data/KADID/extracted/kadid10k/images/I60_17_01.png,I60.png,60,17,1,4.47,0.499,18.841022491455078,0.03807537400007277,1
I60_17_03.png,/kaggle/working/MDFS/data/KADID/extracted/kadid10k/images/I60_17_03.png,I60.png,60,17,3,4.33,0.537,18.952116012573242,0.03909508000015194,1
I60_17_05.png,/kaggle/working/MDFS/data/KADID/extracted/kadid10k/images/I60_17_05.png,I60.png,60,17,5,2.4,0.987,20.77027130126953,0.03895306399954279,1
I60_18_02.png,/kaggle/working/MDFS/data/KADID/extracted/kadid10k/images/I60_18_02.png,I60.png,60,18,2,4.8,0.4,19.130786895751953,0.039833920000091894,1
I60_18_04.png,/kaggle/working/MDFS/data/KADID/extracted/kadid10k/images/I60_18_04.png,I60.png,60,18,4,4.63,0.482,19.10702896118164,0.039418561999809754,1
I60_19_01.png,/kaggle/working/MDFS/data/KADID/extracted/kadid10k/images/I60_19_01.png,I60.png,60,19,1,4.5,0.719,18.39917755126953,0.039478919999965,1
I60_19_03.png,/kaggle/working/MDFS/data/KADID/extracted/kadid10k/images/I60_19_03.png,I60.png,60,19,3,3.6,0.712,18.933120727539062,0.03754722099984065,1
I60_19_05.png,/kaggle/working/MDFS/data/KADID/extracted/kadid10k/images/I60_19_05.png,I60.png,60,19,5,1.37,0.482,25.456026077270508,0.03778744800001732,1
I60_20_02.png,/kaggle/working/MDFS/data/KADID/extracted/kadid10k/images/I60_20_02.png,I60.png,60,20,2,3.8,0.872,18.718046188354492,0.03903633299978537,1
I60_20_04.png,/kaggle/working/MDFS/data/KADID/extracted/kadid10k/images/I60_20_04.png,I60.png,60,20,4,3.63,1.08,18.62060546875,0.039532093000161694,1
I60_21_01.png,/kaggle/working/MDFS/data/KADID/extracted/kadid10k/images/I60_21_01.png,I60.png,60,21,1,3.93,0.814,18.917945861816406,0.03791947999980039,1
I60_21_03.png,/kaggle/working/MDFS/data/KADID/extracted/kadid10k/images/I60_21_03.png,I60.png,60,21,3,3.37,0.836,19.751577377319336,0.03675618299985217,1
I60_21_05.png,/kaggle/working/MDFS/data/KADID/extracted/kadid10k/images/I60_21_05.png,I60.png,60,21,5,1.93,0.929,29.974456787109375,0.03585117300008278,1
I60_22_02.png,/kaggle/working/MDFS/data/KADID/extracted/kadid10k/images/I60_22_02.png,I60.png,60,22,2,4.2,0.792,19.478097915649414,0.038388836000194715,1
I60_22_04.png,/kaggle/working/MDFS/data/KADID/extracted/kadid10k/images/I60_22_04.png,I60.png,60,22,4,3.4,1.083,19.321792602539062,0.037852495000151976,1
I60_23_01.png,/kaggle/working/MDFS/data/KADID/extracted/kadid10k/images/I60_23_01.png,I60.png,60,23,1,3.03,0.795,18.666309356689453,0.03884477300016442,1
I60_23_03.png,/kaggle/working/MDFS/data/KADID/extracted/kadid10k/images/I60_23_03.png,I60.png,60,23,3,2.3,0.862,18.586666107177734,0.038410221000049205,1
I60_23_05.png,/kaggle/working/MDFS/data/KADID/extracted/kadid10k/images/I60_23_05.png,I60.png,60,23,5,2.13,0.763,18.68349838256836,0.03813741100020707,1
I60_24_02.png,/kaggle/working/MDFS/data/KADID/extracted/kadid10k/images/I60_24_02.png,I60.png,60,24,2,2.9,1.012,20.595903396606445,0.037847184000384004,1
I60_24_04.png,/kaggle/working/MDFS/data/KADID/extracted/kadid10k/images/I60_24_04.png,I60.png,60,24,4,1.47,0.499,23.181529998779297,0.038091306999376684,1
I60_25_01.png,/kaggle/working/MDFS/data/KADID/extracted/kadid10k/images/I60_25_01.png,I60.png,60,25,1,3.13,1.147,19.958189010620117,0.03868771499946888,1
I60_25_03.png,/kaggle/working/MDFS/data/KADID/extracted/kadid10k/images/I60_25_03.png,I60.png,60,25,3,4.43,0.496,19.221967697143555,0.039123006999943755,1
I60_25_05.png,/kaggle/working/MDFS/data/KADID/extracted/kadid10k/images/I60_25_05.png,I60.png,60,25,5,3.8,0.748,17.920995712280273,0.038776352999775554,1
I61_01_02.png,/kaggle/working/MDFS/data/KADID/extracted/kadid10k/images/I61_01_02.png,I61.png,61,1,2,4.63,0.482,16.493675231933594,0.04006737700001395,1
I61_01_04.png,/kaggle/working/MDFS/data/KADID/extracted/kadid10k/images/I61_01_04.png,I61.png,61,1,4,1.97,0.706,28.894746780395508,0.03907889799938857,1
I61_02_01.png,/kaggle/working/MDFS/data/KADID/extracted/kadid10k/images/I61_02_01.png,I61.png,61,2,1,3.67,0.596,17.324886322021484,0.039275176000046486,1
I61_02_03.png,/kaggle/working/MDFS/data/KADID/extracted/kadid10k/images/I61_02_03.png,I61.png,61,2,3,1.67,0.65,24.496246337890625,0.037929635000182316,1
I61_02_05.png,/kaggle/working/MDFS/data/KADID/extracted/kadid10k/images/I61_02_05.png,I61.png,61,2,5,1.3,0.64,29.838430404663086,0.03723115799948573,1
I61_03_02.png,/kaggle/working/MDFS/data/KADID/extracted/kadid10k/images/I61_03_02.png,I61.png,61,3,2,4.03,0.647,18.052833557128906,0.03936330299984547,1
I61_03_04.png,/kaggle/working/MDFS/data/KADID/extracted/kadid10k/images/I61_03_04.png,I61.png,61,3,4,2.0,0.632,20.60074806213379,0.03716444300061994,1
I61_04_01.png,/kaggle/working/MDFS/data/KADID/extracted/kadid10k/images/I61_04_01.png,I61.png,61,4,1,4.27,0.772,17.536895751953125,0.037791471999298665,1
I61_04_03.png,/kaggle/working/MDFS/data/KADID/extracted/kadid10k/images/I61_04_03.png,I61.png,61,4,3,1.73,0.772,18.02277183532715,0.03802098600044701,1
I61_04_05.png,/kaggle/working/MDFS/data/KADID/extracted/kadid10k/images/I61_04_05.png,I61.png,61,4,5,1.23,0.423,18.92507553100586,0.037995873999534524,1
I61_05_02.png,/kaggle/working/MDFS/data/KADID/extracted/kadid10k/images/I61_05_02.png,I61.png,61,5,2,2.17,0.86,18.502538681030273,0.03930275699985941,1
I61_05_04.png,/kaggle/working/MDFS/data/KADID/extracted/kadid10k/images/I61_05_04.png,I61.png,61,5,4,1.83,0.734,17.9288330078125,0.03953792700031045,1
I61_06_01.png,/kaggle/working/MDFS/data/KADID/extracted/kadid10k/images/I61_06_01.png,I61.png,61,6,1,4.6,0.554,18.094873428344727,0.03790357199977734,1
I61_06_03.png,/kaggle/working/MDFS/data/KADID/extracted/kadid10k/images/I61_06_03.png,I61.png,61,6,3,4.33,0.699,18.631452560424805,0.036687210999843956,1
I61_06_05.png,/kaggle/working/MDFS/data/KADID/extracted/kadid10k/images/I61_06_05.png,I61.png,61,6,5,2.4,0.987,21.100139617919922,0.034078419999787,1
I61_07_02.png,/kaggle/working/MDFS/data/KADID/extracted/kadid10k/images/I61_07_02.png,I61.png,61,7,2,2.47,0.957,18.457761764526367,0.037668017000214604,1
I61_07_04.png,/kaggle/working/MDFS/data/KADID/extracted/kadid10k/images/I61_07_04.png,I61.png,61,7,4,2.8,1.046,22.52818489074707,0.03718756800026313,1
I61_08_01.png,/kaggle/working/MDFS/data/KADID/extracted/kadid10k/images/I61_08_01.png,I61.png,61,8,1,4.6,0.49,16.996829986572266,0.038928582000153256,1
I61_08_03.png,/kaggle/working/MDFS/data/KADID/extracted/kadid10k/images/I61_08_03.png,I61.png,61,8,3,3.1,0.978,17.319564819335938,0.03929156399954081,1
I61_08_05.png,/kaggle/working/MDFS/data/KADID/extracted/kadid10k/images/I61_08_05.png,I61.png,61,8,5,1.7,0.64,18.714994430541992,0.039525110999420576,1
I61_09_02.png,/kaggle/working/MDFS/data/KADID/extracted/kadid10k/images/I61_09_02.png,I61.png,61,9,2,3.4,0.917,20.555522918701172,0.03922113499993429,1
I61_09_04.png,/kaggle/working/MDFS/data/KADID/extracted/kadid10k/images/I61_09_04.png,I61.png,61,9,4,1.6,0.8,28.2242431640625,0.03819323900006566,1
I61_10_01.png,/kaggle/working/MDFS/data/KADID/extracted/kadid10k/images/I61_10_01.png,I61.png,61,10,1,4.27,0.772,18.290250778198242,0.03801782400023512,1
I61_10_03.png,/kaggle/working/MDFS/data/KADID/extracted/kadid10k/images/I61_10_03.png,I61.png,61,10,3,3.63,0.836,19.145658493041992,0.03794425499927456,1
I61_10_05.png,/kaggle/working/MDFS/data/KADID/extracted/kadid10k/images/I61_10_05.png,I61.png,61,10,5,1.47,0.562,29.494102478027344,0.034987204999197274,1
I61_11_02.png,/kaggle/working/MDFS/data/KADID/extracted/kadid10k/images/I61_11_02.png,I61.png,61,11,2,3.3,0.971,19.53403091430664,0.037884555000346154,1
I61_11_04.png,/kaggle/working/MDFS/data/KADID/extracted/kadid10k/images/I61_11_04.png,I61.png,61,11,4,2.6,0.757,21.456233978271484,0.0384658800003308,1
I61_12_01.png,/kaggle/working/MDFS/data/KADID/extracted/kadid10k/images/I61_12_01.png,I61.png,61,12,1,4.63,0.482,17.851425170898438,0.040779508000014175,1
I61_12_03.png,/kaggle/working/MDFS/data/KADID/extracted/kadid10k/images/I61_12_03.png,I61.png,61,12,3,3.23,0.667,20.13414764404297,0.03873139899951639,1
I61_12_05.png,/kaggle/working/MDFS/data/KADID/extracted/kadid10k/images/I61_12_05.png,I61.png,61,12,5,2.63,0.752,23.057403564453125,0.03795745800016448,1
I61_13_02.png,/kaggle/working/MDFS/data/KADID/extracted/kadid10k/images/I61_13_02.png,I61.png,61,13,2,2.83,0.969,18.4628849029541,0.03934030199980043,1
I61_13_04.png,/kaggle/working/MDFS/data/KADID/extracted/kadid10k/images/I61_13_04.png,I61.png,61,13,4,2.47,1.024,21.952510833740234,0.03941555300025357,1
I61_14_01.png,/kaggle/working/MDFS/data/KADID/extracted/kadid10k/images/I61_14_01.png,I61.png,61,14,1,4.47,0.499,17.413236618041992,0.03911573400000634,1
I61_14_03.png,/kaggle/working/MDFS/data/KADID/extracted/kadid10k/images/I61_14_03.png,I61.png,61,14,3,2.67,0.83,18.294206619262695,0.037905665999460325,1
I61_14_05.png,/kaggle/working/MDFS/data/KADID/extracted/kadid10k/images/I61_14_05.png,I61.png,61,14,5,2.3,0.737,20.192455291748047,0.03666738699939742,1
I61_15_02.png,/kaggle/working/MDFS/data/KADID/extracted/kadid10k/images/I61_15_02.png,I61.png,61,15,2,3.2,0.748,20.666275024414062,0.038981102000434475,1
I61_15_04.png,/kaggle/working/MDFS/data/KADID/extracted/kadid10k/images/I61_15_04.png,I61.png,61,15,4,1.8,0.4,22.838485717773438,0.03808448100062378,1
I61_16_01.png,/kaggle/working/MDFS/data/KADID/extracted/kadid10k/images/I61_16_01.png,I61.png,61,16,1,4.67,0.471,17.024524688720703,0.039509935000751284,1
I61_16_03.png,/kaggle/working/MDFS/data/KADID/extracted/kadid10k/images/I61_16_03.png,I61.png,61,16,3,3.57,0.92,17.233837127685547,0.03946479900059785,1
I61_16_05.png,/kaggle/working/MDFS/data/KADID/extracted/kadid10k/images/I61_16_05.png,I61.png,61,16,5,1.9,0.746,19.000329971313477,0.0390738539999802,1
I61_17_02.png,/kaggle/working/MDFS/data/KADID/extracted/kadid10k/images/I61_17_02.png,I61.png,61,17,2,4.5,0.5,17.024890899658203,0.03971341099986603,1
I61_17_04.png,/kaggle/working/MDFS/data/KADID/extracted/kadid10k/images/I61_17_04.png,I61.png,61,17,4,2.83,0.86,17.498502731323242,0.039834853999309416,1
I61_18_01.png,/kaggle/working/MDFS/data/KADID/extracted/kadid10k/images/I61_18_01.png,I61.png,61,18,1,4.1,0.651,17.331335067749023,0.06342828800006828,1
I61_18_03.png,/kaggle/working/MDFS/data/KADID/extracted/kadid10k/images/I61_18_03.png,I61.png,61,18,3,4.7,0.458,16.996829986572266,0.05233190999933868,1
I61_18_05.png,/kaggle/working/MDFS/data/KADID/extracted/kadid10k/images/I61_18_05.png,I61.png,61,18,5,3.63,0.795,18.13577651977539,0.03622230499968282,1
I61_19_02.png,/kaggle/working/MDFS/data/KADID/extracted/kadid10k/images/I61_19_02.png,I61.png,61,19,2,3.5,0.885,16.851078033447266,0.03774236499975814,1
I61_19_04.png,/kaggle/working/MDFS/data/KADID/extracted/kadid10k/images/I61_19_04.png,I61.png,61,19,4,1.57,0.559,19.475976943969727,0.03729055099938705,1
I61_20_01.png,/kaggle/working/MDFS/data/KADID/extracted/kadid10k/images/I61_20_01.png,I61.png,61,20,1,4.47,0.67,16.97060775756836,0.03884709199974168,1
I61_20_03.png,/kaggle/working/MDFS/data/KADID/extracted/kadid10k/images/I61_20_03.png,I61.png,61,20,3,4.43,0.803,17.048297882080078,0.0391647570004352,1
I61_20_05.png,/kaggle/working/MDFS/data/KADID/extracted/kadid10k/images/I61_20_05.png,I61.png,61,20,5,4.33,0.869,17.039295196533203,0.03962591599974985,1
I61_21_02.png,/kaggle/working/MDFS/data/KADID/extracted/kadid10k/images/I61_21_02.png,I61.png,61,21,2,3.27,0.929,17.0140438079834,0.03889282700038166,1
I61_21_04.png,/kaggle/working/MDFS/data/KADID/extracted/kadid10k/images/I61_21_04.png,I61.png,61,21,4,2.27,0.892,18.360013961791992,0.03761273100008111,1
I61_22_01.png,/kaggle/working/MDFS/data/KADID/extracted/kadid10k/images/I61_22_01.png,I61.png,61,22,1,4.27,0.772,17.411788940429688,0.038580055000238644,1
I61_22_03.png,/kaggle/working/MDFS/data/KADID/extracted/kadid10k/images/I61_22_03.png,I61.png,61,22,3,4.0,0.894,17.51184844970703,0.03756190999956743,1
I61_22_05.png,/kaggle/working/MDFS/data/KADID/extracted/kadid10k/images/I61_22_05.png,I61.png,61,22,5,2.7,0.737,18.298742294311523,0.037010885999734455,1
I61_23_02.png,/kaggle/working/MDFS/data/KADID/extracted/kadid10k/images/I61_23_02.png,I61.png,61,23,2,2.2,0.872,17.029468536376953,0.038454468000054476,1
I61_23_04.png,/kaggle/working/MDFS/data/KADID/extracted/kadid10k/images/I61_23_04.png,I61.png,61,23,4,2.23,0.883,16.981948852539062,0.03955545999997412,1
I61_24_01.png,/kaggle/working/MDFS/data/KADID/extracted/kadid10k/images/I61_24_01.png,I61.png,61,24,1,3.3,1.005,19.6749324798584,0.0382673430003706,1
I61_24_03.png,/kaggle/working/MDFS/data/KADID/extracted/kadid10k/images/I61_24_03.png,I61.png,61,24,3,1.67,0.65,22.983293533325195,0.037967542000842514,1
I61_24_05.png,/kaggle/working/MDFS/data/KADID/extracted/kadid10k/images/I61_24_05.png,I61.png,61,24,5,1.27,0.573,28.314495086669922,0.037167452999710804,1
I61_25_02.png,/kaggle/working/MDFS/data/KADID/extracted/kadid10k/images/I61_25_02.png,I61.png,61,25,2,3.67,0.83,17.802087783813477,0.03951871099980053,1
I61_25_04.png,/kaggle/working/MDFS/data/KADID/extracted/kadid10k/images/I61_25_04.png,I61.png,61,25,4,4.33,0.596,16.942150115966797,0.039110978999815416,1
I62_01_01.png,/kaggle/working/MDFS/data/KADID/extracted/kadid10k/images/I62_01_01.png,I62.png,62,1,1,4.63,0.657,16.978776931762695,0.03812012800062803,1
I62_01_03.png,/kaggle/working/MDFS/data/KADID/extracted/kadid10k/images/I62_01_03.png,I62.png,62,1,3,2.6,0.8,20.257856369018555,0.04001726099977532,1
I62_01_05.png,/kaggle/working/MDFS/data/KADID/extracted/kadid10k/images/I62_01_05.png,I62.png,62,1,5,1.43,0.496,37.19920349121094,0.03870063699923776,1
I62_02_02.png,/kaggle/working/MDFS/data/KADID/extracted/kadid10k/images/I62_02_02.png,I62.png,62,2,2,2.4,0.757,21.685344696044922,0.0391945030005445,1
I62_02_04.png,/kaggle/working/MDFS/data/KADID/extracted/kadid10k/images/I62_02_04.png,I62.png,62,2,4,1.47,0.562,25.431013107299805,0.03935086199999205,1
I62_03_01.png,/kaggle/working/MDFS/data/KADID/extracted/kadid10k/images/I62_03_01.png,I62.png,62,3,1,4.27,0.629,16.978776931762695,0.03844274499988387,1
I62_03_03.png,/kaggle/working/MDFS/data/KADID/extracted/kadid10k/images/I62_03_03.png,I62.png,62,3,3,2.3,0.781,20.16224479675293,0.03932286299914267,1
I62_03_05.png,/kaggle/working/MDFS/data/KADID/extracted/kadid10k/images/I62_03_05.png,I62.png,62,3,5,1.47,0.562,22.73323631286621,0.038710566999725415,1
I62_04_02.png,/kaggle/working/MDFS/data/KADID/extracted/kadid10k/images/I62_04_02.png,I62.png,62,4,2,2.6,1.02,18.157499313354492,0.037486442999579594,1
I62_04_04.png,/kaggle/working/MDFS/data/KADID/extracted/kadid10k/images/I62_04_04.png,I62.png,62,4,4,2.03,1.048,19.110706329345703,0.037475961000382085,1
I62_05_01.png,/kaggle/working/MDFS/data/KADID/extracted/kadid10k/images/I62_05_01.png,I62.png,62,5,1,4.5,0.671,18.031972885131836,0.0382734500008155,1
I62_05_03.png,/kaggle/working/MDFS/data/KADID/extracted/kadid10k/images/I62_05_03.png,I62.png,62,5,3,1.73,0.573,19.119455337524414,0.03857171400068182,1
I62_05_05.png,/kaggle/working/MDFS/data/KADID/extracted/kadid10k/images/I62_05_05.png,I62.png,62,5,5,1.57,0.496,18.952810287475586,0.0392310630004431,1
I62_06_02.png,/kaggle/working/MDFS/data/KADID/extracted/kadid10k/images/I62_06_02.png,I62.png,62,6,2,4.23,0.705,18.428428649902344,0.03638716499972361,1
I62_06_04.png,/kaggle/working/MDFS/data/KADID/extracted/kadid10k/images/I62_06_04.png,I62.png,62,6,4,3.3,0.862,20.040565490722656,0.0352088139998159,1
I62_07_01.png,/kaggle/working/MDFS/data/KADID/extracted/kadid10k/images/I62_07_01.png,I62.png,62,7,1,3.1,0.907,17.81802749633789,0.036979755999709596,1
I62_07_03.png,/kaggle/working/MDFS/data/KADID/extracted/kadid10k/images/I62_07_03.png,I62.png,62,7,3,2.87,0.991,19.92840003967285,0.036795103999793355,1
I62_07_05.png,/kaggle/working/MDFS/data/KADID/extracted/kadid10k/images/I62_07_05.png,I62.png,62,7,5,2.37,0.836,17.206253051757812,0.03860410499964928,1
I62_08_02.png,/kaggle/working/MDFS/data/KADID/extracted/kadid10k/images/I62_08_02.png,I62.png,62,8,2,3.37,0.657,17.309478759765625,0.03868888800025161,1
I62_08_04.png,/kaggle/working/MDFS/data/KADID/extracted/kadid10k/images/I62_08_04.png,I62.png,62,8,4,1.87,0.884,18.910829544067383,0.03803179399983492,1
I62_09_01.png,/kaggle/working/MDFS/data/KADID/extracted/kadid10k/images/I62_09_01.png,I62.png,62,9,1,4.43,0.496,18.077011108398438,0.03786221700011083,1
I62_09_03.png,/kaggle/working/MDFS/data/KADID/extracted/kadid10k/images/I62_09_03.png,I62.png,62,9,3,3.23,1.055,23.08125877380371,0.037347943999520794,1
I62_09_05.png,/kaggle/working/MDFS/data/KADID/extracted/kadid10k/images/I62_09_05.png,I62.png,62,9,5,1.57,0.667,34.60574722290039,0.03796502600016538,1
I62_10_02.png,/kaggle/working/MDFS/data/KADID/extracted/kadid10k/images/I62_10_02.png,I62.png,62,10,2,4.23,0.803,19.335187911987305,0.037388011000075494,1
I62_10_04.png,/kaggle/working/MDFS/data/KADID/extracted/kadid10k/images/I62_10_04.png,I62.png,62,10,4,1.77,0.667,28.594871520996094,0.03622272000029625,1
I62_11_01.png,/kaggle/working/MDFS/data/KADID/extracted/kadid10k/images/I62_11_01.png,I62.png,62,11,1,4.03,0.752,19.83478355407715,0.038003425000169955,1
I62_11_03.png,/kaggle/working/MDFS/data/KADID/extracted/kadid10k/images/I62_11_03.png,I62.png,62,11,3,2.57,0.955,22.461292266845703,0.03760860199963645,1
I62_11_05.png,/kaggle/working/MDFS/data/KADID/extracted/kadid10k/images/I62_11_05.png,I62.png,62,11,5,2.27,0.68,27.392520904541016,0.03813005599931785,1
I62_12_02.png,/kaggle/working/MDFS/data/KADID/extracted/kadid10k/images/I62_12_02.png,I62.png,62,12,2,4.1,0.746,20.536571502685547,0.037246130000312405,1
I62_12_04.png,/kaggle/working/MDFS/data/KADID/extracted/kadid10k/images/I62_12_04.png,I62.png,62,12,4,2.83,0.778,24.68717384338379,0.03678376199968625,1
I62_13_01.png,/kaggle/working/MDFS/data/KADID/extracted/kadid10k/images/I62_13_01.png,I62.png,62,13,1,3.31,0.882,17.43514633178711,0.03667161999965174,1
I62_13_03.png,/kaggle/working/MDFS/data/KADID/extracted/kadid10k/images/I62_13_03.png,I62.png,62,13,3,2.03,0.482,20.308147430419922,0.03819046700027684,1
I62_13_05.png,/kaggle/working/MDFS/data/KADID/extracted/kadid10k/images/I62_13_05.png,I62.png,62,13,5,2.13,0.67,24.783594131469727,0.03839966800023831,1
I62_14_02.png,/kaggle/working/MDFS/data/KADID/extracted/kadid10k/images/I62_14_02.png,I62.png,62,14,2,3.43,0.955,19.355051040649414,0.03865349599982437,1
I62_14_04.png,/kaggle/working/MDFS/data/KADID/extracted/kadid10k/images/I62_14_04.png,I62.png,62,14,4,2.47,0.884,21.258792877197266,0.03820335799991881,1
I62_15_01.png,/kaggle/working/MDFS/data/KADID/extracted/kadid10k/images/I62_15_01.png,I62.png,62,15,1,3.3,0.781,19.67178726196289,0.03800043899991579,1
I62_15_03.png,/kaggle/working/MDFS/data/KADID/extracted/kadid10k/images/I62_15_03.png,I62.png,62,15,3,2.0,0.816,23.31338882446289,0.03745305900065432,1
I62_15_05.png,/kaggle/working/MDFS/data/KADID/extracted/kadid10k/images/I62_15_05.png,I62.png,62,15,5,1.5,0.5,27.968303680419922,0.03665841099973477,1
I62_16_02.png,/kaggle/working/MDFS/data/KADID/extracted/kadid10k/images/I62_16_02.png,I62.png,62,16,2,4.47,0.562,17.137836456298828,0.037198414000158664,1
I62_16_04.png,/kaggle/working/MDFS/data/KADID/extracted/kadid10k/images/I62_16_04.png,I62.png,62,16,4,3.1,0.87,18.31782341003418,0.03707556199969986,1
I62_17_01.png,/kaggle/working/MDFS/data/KADID/extracted/kadid10k/images/I62_17_01.png,I62.png,62,17,1,4.5,0.563,16.90837860107422,0.038909877999685705,1
I62_17_03.png,/kaggle/working/MDFS/data/KADID/extracted/kadid10k/images/I62_17_03.png,I62.png,62,17,3,3.93,0.727,16.78130531311035,0.03833907900025224,1
I62_17_05.png,/kaggle/working/MDFS/data/KADID/extracted/kadid10k/images/I62_17_05.png,I62.png,62,17,5,1.7,0.737,19.862125396728516,0.036871925000014016,1
I62_18_02.png,/kaggle/working/MDFS/data/KADID/extracted/kadid10k/images/I62_18_02.png,I62.png,62,18,2,4.43,0.616,17.08864974975586,0.03828263400009746,1
I62_18_04.png,/kaggle/working/MDFS/data/KADID/extracted/kadid10k/images/I62_18_04.png,I62.png,62,18,4,3.87,0.618,17.253509521484375,0.03825072699964949,1
I62_19_01.png,/kaggle/working/MDFS/data/KADID/extracted/kadid10k/images/I62_19_01.png,I62.png,62,19,1,4.13,0.718,16.770835876464844,0.037198729000010644,1
I62_19_03.png,/kaggle/working/MDFS/data/KADID/extracted/kadid10k/images/I62_19_03.png,I62.png,62,19,3,2.93,0.854,17.114397048950195,0.037062858999888704,1
I62_19_05.png,/kaggle/working/MDFS/data/KADID/extracted/kadid10k/images/I62_19_05.png,I62.png,62,19,5,1.23,0.496,22.062374114990234,0.03742366400001629,1
I62_20_02.png,/kaggle/working/MDFS/data/KADID/extracted/kadid10k/images/I62_20_02.png,I62.png,62,20,2,4.27,0.814,16.91565704345703,0.038505624999743304,1
I62_20_04.png,/kaggle/working/MDFS/data/KADID/extracted/kadid10k/images/I62_20_04.png,I62.png,62,20,4,4.07,0.854,16.927433013916016,0.038952546000473376,1
I62_21_01.png,/kaggle/working/MDFS/data/KADID/extracted/kadid10k/images/I62_21_01.png,I62.png,62,21,1,4.13,0.806,17.321857452392578,0.03807620299994596,1
I62_21_03.png,/kaggle/working/MDFS/data/KADID/extracted/kadid10k/images/I62_21_03.png,I62.png,62,21,3,3.17,1.067,18.679153442382812,0.037649865000275895,1
I62_21_05.png,/kaggle/working/MDFS/data/KADID/extracted/kadid10k/images/I62_21_05.png,I62.png,62,21,5,1.37,0.657,30.523395538330078,0.03477915399980702,1
I62_22_02.png,/kaggle/working/MDFS/data/KADID/extracted/kadid10k/images/I62_22_02.png,I62.png,62,22,2,4.4,0.663,17.632089614868164,0.037149965999560663,1
I62_22_04.png,/kaggle/working/MDFS/data/KADID/extracted/kadid10k/images/I62_22_04.png,I62.png,62,22,4,3.73,0.854,18.35111427307129,0.03659179700025561,1
I62_23_01.png,/kaggle/working/MDFS/data/KADID/extracted/kadid10k/images/I62_23_01.png,I62.png,62,23,1,2.5,0.885,17.015756607055664,0.03916617800041422,1
I62_23_03.png,/kaggle/working/MDFS/data/KADID/extracted/kadid10k/images/I62_23_03.png,I62.png,62,23,3,1.9,0.597,16.983259201049805,0.03888543999983085,1
I62_23_05.png,/kaggle/working/MDFS/data/KADID/extracted/kadid10k/images/I62_23_05.png,I62.png,62,23,5,1.67,0.596,17.382034301757812,0.03893316999983654,1
I62_24_02.png,/kaggle/working/MDFS/data/KADID/extracted/kadid10k/images/I62_24_02.png,I62.png,62,24,2,2.6,0.663,20.143842697143555,0.039363177999803156,1
I62_24_04.png,/kaggle/working/MDFS/data/KADID/extracted/kadid10k/images/I62_24_04.png,I62.png,62,24,4,1.53,0.562,23.18244171142578,0.03712461800023448,1
I62_25_01.png,/kaggle/working/MDFS/data/KADID/extracted/kadid10k/images/I62_25_01.png,I62.png,62,25,1,3.17,0.734,18.568084716796875,0.03642655399926298,1
I62_25_03.png,/kaggle/working/MDFS/data/KADID/extracted/kadid10k/images/I62_25_03.png,I62.png,62,25,3,3.93,0.68,16.94320297241211,0.03714952700011054,1
I62_25_05.png,/kaggle/working/MDFS/data/KADID/extracted/kadid10k/images/I62_25_05.png,I62.png,62,25,5,3.4,0.879,16.950660705566406,0.037680532000194944,1
I63_01_02.png,/kaggle/working/MDFS/data/KADID/extracted/kadid10k/images/I63_01_02.png,I63.png,63,1,2,4.43,0.616,17.241718292236328,0.03965561600034562,1
I63_01_04.png,/kaggle/working/MDFS/data/KADID/extracted/kadid10k/images/I63_01_04.png,I63.png,63,1,4,1.87,0.67,29.847984313964844,0.03836412999953609,1
I63_02_01.png,/kaggle/working/MDFS/data/KADID/extracted/kadid10k/images/I63_02_01.png,I63.png,63,2,1,3.47,0.957,18.283849716186523,0.03931573299996671,1
I63_02_03.png,/kaggle/working/MDFS/data/KADID/extracted/kadid10k/images/I63_02_03.png,I63.png,63,2,3,1.57,0.559,25.414464950561523,0.03932068399990385,1
I63_02_05.png,/kaggle/working/MDFS/data/KADID/extracted/kadid10k/images/I63_02_05.png,I63.png,63,2,5,1.3,0.526,30.96744155883789,0.03897428199979913,1
I63_03_02.png,/kaggle/working/MDFS/data/KADID/extracted/kadid10k/images/I63_03_02.png,I63.png,63,3,2,3.83,0.934,18.54387664794922,0.039434333999452065,1
I63_03_04.png,/kaggle/working/MDFS/data/KADID/extracted/kadid10k/images/I63_03_04.png,I63.png,63,3,4,1.83,0.637,21.31620216369629,0.03865586000028998,1
I63_04_01.png,/kaggle/working/MDFS/data/KADID/extracted/kadid10k/images/I63_04_01.png,I63.png,63,4,1,4.33,0.699,18.362476348876953,0.038236796000092,1
I63_04_03.png,/kaggle/working/MDFS/data/KADID/extracted/kadid10k/images/I63_04_03.png,I63.png,63,4,3,1.63,0.875,19.085901260375977,0.03804399399996328,1
I63_04_05.png,/kaggle/working/MDFS/data/KADID/extracted/kadid10k/images/I63_04_05.png,I63.png,63,4,5,1.2,0.476,19.877595901489258,0.03752698800053622,1
I63_05_02.png,/kaggle/working/MDFS/data/KADID/extracted/kadid10k/images/I63_05_02.png,I63.png,63,5,2,2.33,0.745,19.3194580078125,0.03937429800043901,1
I63_05_04.png,/kaggle/working/MDFS/data/KADID/extracted/kadid10k/images/I63_05_04.png,I63.png,63,5,4,1.53,0.499,18.972705841064453,0.03854972299996007,1
I63_06_01.png,/kaggle/working/MDFS/data/KADID/extracted/kadid10k/images/I63_06_01.png,I63.png,63,6,1,3.63,0.912,19.003671646118164,0.03645306500038714,1
I63_06_03.png,/kaggle/working/MDFS/data/KADID/extracted/kadid10k/images/I63_06_03.png,I63.png,63,6,3,3.53,0.957,20.13395881652832,0.03679763299987826,1
I63_06_05.png,/kaggle/working/MDFS/data/KADID/extracted/kadid10k/images/I63_06_05.png,I63.png,63,6,5,1.67,0.65,22.684892654418945,0.035698820000106934,1
I63_07_02.png,/kaggle/working/MDFS/data/KADID/extracted/kadid10k/images/I63_07_02.png,I63.png,63,7,2,2.7,1.069,19.157419204711914,0.03910391599947616,1
I63_07_04.png,/kaggle/working/MDFS/data/KADID/extracted/kadid10k/images/I63_07_04.png,I63.png,63,7,4,2.43,1.146,22.227754592895508,0.03779856100027246,1
I63_08_01.png,/kaggle/working/MDFS/data/KADID/extracted/kadid10k/images/I63_08_01.png,I63.png,63,8,1,4.33,0.699,17.616180419921875,0.03878853199967125,1
I63_08_03.png,/kaggle/working/MDFS/data/KADID/extracted/kadid10k/images/I63_08_03.png,I63.png,63,8,3,2.17,1.003,18.541597366333008,0.039153488999545516,1
I63_08_05.png,/kaggle/working/MDFS/data/KADID/extracted/kadid10k/images/I63_08_05.png,I63.png,63,8,5,1.57,0.616,20.80870246887207,0.03854728900023474,1
I63_09_02.png,/kaggle/working/MDFS/data/KADID/extracted/kadid10k/images/I63_09_02.png,I63.png,63,9,2,3.93,0.727,20.96473503112793,0.039271306000046025,1
I63_09_04.png,/kaggle/working/MDFS/data/KADID/extracted/kadid10k/images/I63_09_04.png,I63.png,63,9,4,2.0,0.672,28.381349563598633,0.03850948600029369,1
I63_10_01.png,/kaggle/working/MDFS/data/KADID/extracted/kadid10k/images/I63_10_01.png,I63.png,63,10,1,4.07,0.892,18.634660720825195,0.039409394999893266,1
I63_10_03.png,/kaggle/working/MDFS/data/KADID/extracted/kadid10k/images/I63_10_03.png,I63.png,63,10,3,3.9,0.79,20.025693893432617,0.03939822899974388,1
I63_10_05.png,/kaggle/working/MDFS/data/KADID/extracted/kadid10k/images/I63_10_05.png,I63.png,63,10,5,1.7,0.737,31.193212509155273,0.03713066899945261,1
I63_11_02.png,/kaggle/working/MDFS/data/KADID/extracted/kadid10k/images/I63_11_02.png,I63.png,63,11,2,3.93,0.814,20.01932144165039,0.03794977300003666,1
I63_11_04.png,/kaggle/working/MDFS/data/KADID/extracted/kadid10k/images/I63_11_04.png,I63.png,63,11,4,3.07,0.929,21.774290084838867,0.03860746300051687,1
I63_12_01.png,/kaggle/working/MDFS/data/KADID/extracted/kadid10k/images/I63_12_01.png,I63.png,63,12,1,4.6,0.663,18.331890106201172,0.0381822760000432,1
I63_12_03.png,/kaggle/working/MDFS/data/KADID/extracted/kadid10k/images/I63_12_03.png,I63.png,63,12,3,3.57,0.844,20.316606521606445,0.03661837200070295,1
I63_12_05.png,/kaggle/working/MDFS/data/KADID/extracted/kadid10k/images/I63_12_05.png,I63.png,63,12,5,2.47,0.846,23.194875717163086,0.03718767700047465,1
I63_13_02.png,/kaggle/working/MDFS/data/KADID/extracted/kadid10k/images/I63_13_02.png,I63.png,63,13,2,3.1,0.79,18.397146224975586,0.03896550900026341,1
I63_13_04.png,/kaggle/working/MDFS/data/KADID/extracted/kadid10k/images/I63_13_04.png,I63.png,63,13,4,2.57,0.92,21.981521606445312,0.03861879199939722,1
I63_14_01.png,/kaggle/working/MDFS/data/KADID/extracted/kadid10k/images/I63_14_01.png,I63.png,63,14,1,4.61,0.605,17.794429779052734,0.03906341999936558,1
I63_14_03.png,/kaggle/working/MDFS/data/KADID/extracted/kadid10k/images/I63_14_03.png,I63.png,63,14,3,3.43,0.803,18.63063621520996,0.03923876799944992,1
I63_14_05.png,/kaggle/working/MDFS/data/KADID/extracted/kadid10k/images/I63_14_05.png,I63.png,63,14,5,2.33,0.83,20.67376708984375,0.037725103000411764,1
I63_15_02.png,/kaggle/working/MDFS/data/KADID/extracted/kadid10k/images/I63_15_02.png,I63.png,63,15,2,3.17,0.82,21.580810546875,0.04014565399938874,1
I63_15_04.png,/kaggle/working/MDFS/data/KADID/extracted/kadid10k/images/I63_15_04.png,I63.png,63,15,4,1.67,0.65,25.09299659729004,0.03760161500031245,1
I63_16_01.png,/kaggle/working/MDFS/data/KADID/extracted/kadid10k/images/I63_16_01.png,I63.png,63,16,1,4.53,0.763,17.661958694458008,0.03845186400030798,1
I63_16_03.png,/kaggle/working/MDFS/data/KADID/extracted/kadid10k/images/I63_16_03.png,I63.png,63,16,3,3.77,0.761,17.886789321899414,0.037968476999594714,1
I63_16_05.png,/kaggle/working/MDFS/data/KADID/extracted/kadid10k/images/I63_16_05.png,I63.png,63,16,5,2.43,1.055,19.062395095825195,0.03771380099988164,1
I63_17_02.png,/kaggle/working/MDFS/data/KADID/extracted/kadid10k/images/I63_17_02.png,I63.png,63,17,2,4.57,0.559,17.589336395263672,0.03793818800022564,1
I63_17_04.png,/kaggle/working/MDFS/data/KADID/extracted/kadid10k/images/I63_17_04.png,I63.png,63,17,4,3.3,1.005,17.645933151245117,0.03842796199933218,1
I63_18_01.png,/kaggle/working/MDFS/data/KADID/extracted/kadid10k/images/I63_18_01.png,I63.png,63,18,1,4.43,0.667,17.765792846679688,0.039399393999701715,1
I63_18_03.png,/kaggle/working/MDFS/data/KADID/extracted/kadid10k/images/I63_18_03.png,I63.png,63,18,3,4.53,0.562,17.616180419921875,0.03972120700018422,1
I63_18_05.png,/kaggle/working/MDFS/data/KADID/extracted/kadid10k/images/I63_18_05.png,I63.png,63,18,5,3.53,1.024,18.09564971923828,0.03886376599984942,1
I63_19_02.png,/kaggle/working/MDFS/data/KADID/extracted/kadid10k/images/I63_19_02.png,I63.png,63,19,2,3.9,0.651,17.466381072998047,0.03972035000060714,1
I63_19_04.png,/kaggle/working/MDFS/data/KADID/extracted/kadid10k/images/I63_19_04.png,I63.png,63,19,4,1.37,0.547,20.744043350219727,0.03911029199935001,1
I63_20_01.png,/kaggle/working/MDFS/data/KADID/extracted/kadid10k/images/I63_20_01.png,I63.png,63,20,1,4.67,0.65,17.508892059326172,0.04018716900009167,1
I63_20_03.png,/kaggle/working/MDFS/data/KADID/extracted/kadid10k/images/I63_20_03.png,I63.png,63,20,3,4.0,1.065,17.488943099975586,0.03965732200049388,1
I63_20_05.png,/kaggle/working/MDFS/data/KADID/extracted/kadid10k/images/I63_20_05.png,I63.png,63,20,5,3.9,1.136,17.513200759887695,0.03964941400045063,1
I63_21_02.png,/kaggle/working/MDFS/data/KADID/extracted/kadid10k/images/I63_21_02.png,I63.png,63,21,2,2.77,0.803,17.768831253051758,0.03920251699946675,1
I63_21_04.png,/kaggle/working/MDFS/data/KADID/extracted/kadid10k/images/I63_21_04.png,I63.png,63,21,4,2.5,0.847,18.792530059814453,0.03802009199989698,1
I63_22_01.png,/kaggle/working/MDFS/data/KADID/extracted/kadid10k/images/I63_22_01.png,I63.png,63,22,1,4.67,0.471,18.026607513427734,0.038844767000227876,1
I63_22_03.png,/kaggle/working/MDFS/data/KADID/extracted/kadid10k/images/I63_22_03.png,I63.png,63,22,3,4.3,0.586,17.994455337524414,0.03846823899948504,1
I63_22_05.png,/kaggle/working/MDFS/data/KADID/extracted/kadid10k/images/I63_22_05.png,I63.png,63,22,5,3.23,0.989,18.7825984954834,0.03679676699994161,1
I63_23_02.png,/kaggle/working/MDFS/data/KADID/extracted/kadid10k/images/I63_23_02.png,I63.png,63,23,2,2.5,1.118,17.53558349609375,0.039365140999507275,1
I63_23_04.png,/kaggle/working/MDFS/data/KADID/extracted/kadid10k/images/I63_23_04.png,I63.png,63,23,4,2.4,0.841,17.473312377929688,0.0382975760003319,1
I63_24_01.png,/kaggle/working/MDFS/data/KADID/extracted/kadid10k/images/I63_24_01.png,I63.png,63,24,1,3.37,0.875,19.267152786254883,0.038700955000422255,1
I63_24_03.png,/kaggle/working/MDFS/data/KADID/extracted/kadid10k/images/I63_24_03.png,I63.png,63,24,3,2.23,0.803,22.669214248657227,0.038859797999975854,1
I63_24_05.png,/kaggle/working/MDFS/data/KADID/extracted/kadid10k/images/I63_24_05.png,I63.png,63,24,5,1.5,0.671,28.423860549926758,0.03776222600026813,1
I63_25_02.png,/kaggle/working/MDFS/data/KADID/extracted/kadid10k/images/I63_25_02.png,I63.png,63,25,2,3.7,0.781,17.921648025512695,0.04104551599994011,1
I63_25_04.png,/kaggle/working/MDFS/data/KADID/extracted/kadid10k/images/I63_25_04.png,I63.png,63,25,4,3.97,0.875,17.69182014465332,0.03983588500068436,1
I64_01_01.png,/kaggle/working/MDFS/data/KADID/extracted/kadid10k/images/I64_01_01.png,I64.png,64,1,1,4.67,0.471,18.487550735473633,0.03906748200006405,1
I64_01_03.png,/kaggle/working/MDFS/data/KADID/extracted/kadid10k/images/I64_01_03.png,I64.png,64,1,3,3.23,0.844,21.744556427001953,0.03882400299971778,1
I64_01_05.png,/kaggle/working/MDFS/data/KADID/extracted/kadid10k/images/I64_01_05.png,I64.png,64,1,5,1.23,0.423,39.697017669677734,0.03801515200029826,1
I64_02_02.png,/kaggle/working/MDFS/data/KADID/extracted/kadid10k/images/I64_02_02.png,I64.png,64,2,2,2.5,0.885,23.34857749938965,0.03802848699979222,1
I64_02_04.png,/kaggle/working/MDFS/data/KADID/extracted/kadid10k/images/I64_02_04.png,I64.png,64,2,4,1.53,0.499,31.738576889038086,0.0370733019999534,1
I64_03_01.png,/kaggle/working/MDFS/data/KADID/extracted/kadid10k/images/I64_03_01.png,I64.png,64,3,1,4.67,0.471,18.487550735473633,0.03827866600022389,1
I64_03_03.png,/kaggle/working/MDFS/data/KADID/extracted/kadid10k/images/I64_03_03.png,I64.png,64,3,3,2.9,0.7,20.40677261352539,0.03777511400039657,1
I64_03_05.png,/kaggle/working/MDFS/data/KADID/extracted/kadid10k/images/I64_03_05.png,I64.png,64,3,5,1.77,0.667,23.410268783569336,0.03786253900034353,1
I64_04_02.png,/kaggle/working/MDFS/data/KADID/extracted/kadid10k/images/I64_04_02.png,I64.png,64,4,2,3.37,0.875,18.32802963256836,0.03881961400020373,1
I64_04_04.png,/kaggle/working/MDFS/data/KADID/extracted/kadid10k/images/I64_04_04.png,I64.png,64,4,4,1.63,0.706,18.36564064025879,0.03930664800009254,1
I64_05_01.png,/kaggle/working/MDFS/data/KADID/extracted/kadid10k/images/I64_05_01.png,I64.png,64,5,1,4.5,0.619,19.12180519104004,0.03890395800044644,1
I64_05_03.png,/kaggle/working/MDFS/data/KADID/extracted/kadid10k/images/I64_05_03.png,I64.png,64,5,3,1.57,0.616,19.854883193969727,0.03866449399993144,1
I64_05_05.png,/kaggle/working/MDFS/data/KADID/extracted/kadid10k/images/I64_05_05.png,I64.png,64,5,5,1.53,0.618,19.510961532592773,0.03789785800017853,1
I64_06_02.png,/kaggle/working/MDFS/data/KADID/extracted/kadid10k/images/I64_06_02.png,I64.png,64,6,2,3.97,0.875,20.053604125976562,0.035474149999572546,1
I64_06_04.png,/kaggle/working/MDFS/data/KADID/extracted/kadid10k/images/I64_06_04.png,I64.png,64,6,4,3.2,1.166,22.159202575683594,0.0345422789996519,1
I64_07_01.png,/kaggle/working/MDFS/data/KADID/extracted/kadid10k/images/I64_07_01.png,I64.png,64,7,1,2.87,0.957,19.960769653320312,0.038349804999597836,1
I64_07_03.png,/kaggle/working/MDFS/data/KADID/extracted/kadid10k/images/I64_07_03.png,I64.png,64,7,3,1.9,0.831,21.252769470214844,0.038607005999438115,1
I64_07_05.png,/kaggle/working/MDFS/data/KADID/extracted/kadid10k/images/I64_07_05.png,I64.png,64,7,5,2.03,0.875,18.158266067504883,0.0386370039996109,1
I64_08_02.png,/kaggle/working/MDFS/data/KADID/extracted/kadid10k/images/I64_08_02.png,I64.png,64,8,2,4.03,0.836,18.616077423095703,0.039127122000536474,1
I64_08_04.png,/kaggle/working/MDFS/data/KADID/extracted/kadid10k/images/I64_08_04.png,I64.png,64,8,4,2.07,0.892,19.735607147216797,0.03978547799943044,1
I64_09_01.png,/kaggle/working/MDFS/data/KADID/extracted/kadid10k/images/I64_09_01.png,I64.png,64,9,1,4.33,0.596,18.780467987060547,0.038161359999321576,1
I64_09_03.png,/kaggle/working/MDFS/data/KADID/extracted/kadid10k/images/I64_09_03.png,I64.png,64,9,3,3.67,0.869,21.95777130126953,0.038506382000377926,1
I64_09_05.png,/kaggle/working/MDFS/data/KADID/extracted/kadid10k/images/I64_09_05.png,I64.png,64,9,5,1.33,0.471,36.26029968261719,0.03715290800028015,1
I64_10_02.png,/kaggle/working/MDFS/data/KADID/extracted/kadid10k/images/I64_10_02.png,I64.png,64,10,2,3.93,0.854,19.58203887939453,0.03913178800030437,1
I64_10_04.png,/kaggle/working/MDFS/data/KADID/extracted/kadid10k/images/I64_10_04.png,I64.png,64,10,4,2.13,0.884,27.91718292236328,0.03594299299948034,1
I64_11_01.png,/kaggle/working/MDFS/data/KADID/extracted/kadid10k/images/I64_11_01.png,I64.png,64,11,1,3.74,0.841,20.909957885742188,0.036617712000406755,1
I64_11_03.png,/kaggle/working/MDFS/data/KADID/extracted/kadid10k/images/I64_11_03.png,I64.png,64,11,3,2.87,0.763,23.101444244384766,0.038266491000285896,1
I64_11_05.png,/kaggle/working/MDFS/data/KADID/extracted/kadid10k/images/I64_11_05.png,I64.png,64,11,5,2.63,0.547,26.83818244934082,0.03784915500000352,1
I64_12_02.png,/kaggle/working/MDFS/data/KADID/extracted/kadid10k/images/I64_12_02.png,I64.png,64,12,2,4.1,0.651,21.248140335083008,0.03777383200031181,1
I64_12_04.png,/kaggle/working/MDFS/data/KADID/extracted/kadid10k/images/I64_12_04.png,I64.png,64,12,4,2.84,0.514,24.68734359741211,0.03678877799939073,1
I64_13_01.png,/kaggle/working/MDFS/data/KADID/extracted/kadid10k/images/I64_13_01.png,I64.png,64,13,1,3.73,1.031,18.602832794189453,0.03836180200050876,1
I64_13_03.png,/kaggle/working/MDFS/data/KADID/extracted/kadid10k/images/I64_13_03.png,I64.png,64,13,3,2.9,0.746,20.69315528869629,0.038099346999842965,1
I64_13_05.png,/kaggle/working/MDFS/data/KADID/extracted/kadid10k/images/I64_13_05.png,I64.png,64,13,5,2.22,0.544,24.407955169677734,0.03724072000022716,1
I64_14_02.png,/kaggle/working/MDFS/data/KADID/extracted/kadid10k/images/I64_14_02.png,I64.png,64,14,2,3.83,0.82,20.762903213500977,0.037061811999592464,1
I64_14_04.png,/kaggle/working/MDFS/data/KADID/extracted/kadid10k/images/I64_14_04.png,I64.png,64,14,4,2.53,0.618,22.906904220581055,0.03856433700002526,1
I64_15_01.png,/kaggle/working/MDFS/data/KADID/extracted/kadid10k/images/I64_15_01.png,I64.png,64,15,1,3.8,0.945,19.34339714050293,0.040080886999930954,1
I64_15_03.png,/kaggle/working/MDFS/data/KADID/extracted/kadid10k/images/I64_15_03.png,I64.png,64,15,3,2.63,0.875,22.54688835144043,0.039409380000506644,1
I64_15_05.png,/kaggle/working/MDFS/data/KADID/extracted/kadid10k/images/I64_15_05.png,I64.png,64,15,5,1.47,0.562,25.501502990722656,0.03652641200005746,1
I64_16_02.png,/kaggle/working/MDFS/data/KADID/extracted/kadid10k/images/I64_16_02.png,I64.png,64,16,2,4.3,0.69,18.63041114807129,0.03769558200019674,1
I64_16_04.png,/kaggle/working/MDFS/data/KADID/extracted/kadid10k/images/I64_16_04.png,I64.png,64,16,4,2.63,0.875,18.610963821411133,0.03759253199950763,1
I64_17_01.png,/kaggle/working/MDFS/data/KADID/extracted/kadid10k/images/I64_17_01.png,I64.png,64,17,1,4.53,0.562,18.416278839111328,0.037640299000486266,1
I64_17_03.png,/kaggle/working/MDFS/data/KADID/extracted/kadid10k/images/I64_17_03.png,I64.png,64,17,3,4.27,0.573,18.18533706665039,0.037193937000665755,1
I64_17_05.png,/kaggle/working/MDFS/data/KADID/extracted/kadid10k/images/I64_17_05.png,I64.png,64,17,5,1.93,0.772,20.288471221923828,0.03778195199993206,1
I64_18_02.png,/kaggle/working/MDFS/data/KADID/extracted/kadid10k/images/I64_18_02.png,I64.png,64,18,2,4.53,0.618,18.71573257446289,0.03905079800006206,1
I64_18_04.png,/kaggle/working/MDFS/data/KADID/extracted/kadid10k/images/I64_18_04.png,I64.png,64,18,4,4.67,0.471,18.435792922973633,0.038916468999559584,1
I64_19_01.png,/kaggle/working/MDFS/data/KADID/extracted/kadid10k/images/I64_19_01.png,I64.png,64,19,1,4.27,0.573,17.711406707763672,0.038349673000084294,1
I64_19_03.png,/kaggle/working/MDFS/data/KADID/extracted/kadid10k/images/I64_19_03.png,I64.png,64,19,3,2.43,0.803,18.128976821899414,0.03703772900007607,1
I64_19_05.png,/kaggle/working/MDFS/data/KADID/extracted/kadid10k/images/I64_19_05.png,I64.png,64,19,5,1.27,0.442,25.263954162597656,0.03639774600014789,1
I64_20_02.png,/kaggle/working/MDFS/data/KADID/extracted/kadid10k/images/I64_20_02.png,I64.png,64,20,2,4.37,0.912,18.451953887939453,0.0381653490003373,1
I64_20_04.png,/kaggle/working/MDFS/data/KADID/extracted/kadid10k/images/I64_20_04.png,I64.png,64,20,4,3.9,0.907,18.428918838500977,0.038748728000427946,1
I64_21_01.png,/kaggle/working/MDFS/data/KADID/extracted/kadid10k/images/I64_21_01.png,I64.png,64,21,1,2.93,0.964,18.521076202392578,0.03895010199994431,1
I64_21_03.png,/kaggle/working/MDFS/data/KADID/extracted/kadid10k/images/I64_21_03.png,I64.png,64,21,3,2.7,0.862,19.49258804321289,0.03833092300010321,1
I64_21_05.png,/kaggle/working/MDFS/data/KADID/extracted/kadid10k/images/I64_21_05.png,I64.png,64,21,5,1.1,0.3,32.58851623535156,0.0361354950000532,1
I64_22_02.png,/kaggle/working/MDFS/data/KADID/extracted/kadid10k/images/I64_22_02.png,I64.png,64,22,2,4.33,0.699,19.190940856933594,0.037746277999758604,1
I64_22_04.png,/kaggle/working/MDFS/data/KADID/extracted/kadid10k/images/I64_22_04.png,I64.png,64,22,4,3.7,0.971,20.174007415771484,0.036685445999864896,1
I64_23_01.png,/kaggle/working/MDFS/data/KADID/extracted/kadid10k/images/I64_23_01.png,I64.png,64,23,1,3.17,1.067,18.453392028808594,0.03828040600001259,1
I64_23_03.png,/kaggle/working/MDFS/data/KADID/extracted/kadid10k/images/I64_23_03.png,I64.png,64,23,3,2.43,0.883,18.49850082397461,0.03829177700026776,1
I64_23_05.png,/kaggle/working/MDFS/data/KADID/extracted/kadid10k/images/I64_23_05.png,I64.png,64,23,5,2.43,0.883,18.273178100585938,0.03848397300043871,1
I64_24_02.png,/kaggle/working/MDFS/data/KADID/extracted/kadid10k/images/I64_24_02.png,I64.png,64,24,2,2.63,0.875,21.446041107177734,0.038071748000220396,1
I64_24_04.png,/kaggle/working/MDFS/data/KADID/extracted/kadid10k/images/I64_24_04.png,I64.png,64,24,4,1.8,0.833,24.769941329956055,0.03795673500007979,1
I64_25_01.png,/kaggle/working/MDFS/data/KADID/extracted/kadid10k/images/I64_25_01.png,I64.png,64,25,1,3.83,0.637,19.777202606201172,0.03936252699986653,1
I64_25_03.png,/kaggle/working/MDFS/data/KADID/extracted/kadid10k/images/I64_25_03.png,I64.png,64,25,3,4.4,0.757,18.76354217529297,0.03935232200001337,1
I64_25_05.png,/kaggle/working/MDFS/data/KADID/extracted/kadid10k/images/I64_25_05.png,I64.png,64,25,5,3.5,0.764,18.074756622314453,0.0384670819994426,1
I65_01_02.png,/kaggle/working/MDFS/data/KADID/extracted/kadid10k/images/I65_01_02.png,I65.png,65,1,2,4.4,0.757,17.333518981933594,0.03894139299973176,1
I65_01_04.png,/kaggle/working/MDFS/data/KADID/extracted/kadid10k/images/I65_01_04.png,I65.png,65,1,4,1.9,0.7,27.165695190429688,0.03863723300037236,1
I65_02_01.png,/kaggle/working/MDFS/data/KADID/extracted/kadid10k/images/I65_02_01.png,I65.png,65,2,1,3.53,0.67,18.494905471801758,0.03951758699986385,1
I65_02_03.png,/kaggle/working/MDFS/data/KADID/extracted/kadid10k/images/I65_02_03.png,I65.png,65,2,3,1.67,0.537,24.714096069335938,0.038146684999446734,1
I65_02_05.png,/kaggle/working/MDFS/data/KADID/extracted/kadid10k/images/I65_02_05.png,I65.png,65,2,5,1.13,0.34,31.660160064697266,0.03712715700021363,1
I65_03_02.png,/kaggle/working/MDFS/data/KADID/extracted/kadid10k/images/I65_03_02.png,I65.png,65,3,2,4.0,0.775,18.478515625,0.0392984529999012,1
I65_03_04.png,/kaggle/working/MDFS/data/KADID/extracted/kadid10k/images/I65_03_04.png,I65.png,65,3,4,1.87,0.67,20.57312774658203,0.03934064599980047,1
I65_04_01.png,/kaggle/working/MDFS/data/KADID/extracted/kadid10k/images/I65_04_01.png,I65.png,65,4,1,4.7,0.69,17.445049285888672,0.038503422999383474,1
I65_04_03.png,/kaggle/working/MDFS/data/KADID/extracted/kadid10k/images/I65_04_03.png,I65.png,65,4,3,1.83,0.82,19.01188087463379,0.03833019800003967,1
I65_04_05.png,/kaggle/working/MDFS/data/KADID/extracted/kadid10k/images/I65_04_05.png,I65.png,65,4,5,1.4,0.554,20.419673919677734,0.038429354000072635,1
I65_05_02.png,/kaggle/working/MDFS/data/KADID/extracted/kadid10k/images/I65_05_02.png,I65.png,65,5,2,2.3,0.69,18.58115577697754,0.04037372799939476,1
I65_05_04.png,/kaggle/working/MDFS/data/KADID/extracted/kadid10k/images/I65_05_04.png,I65.png,65,5,4,1.97,0.875,18.08135223388672,0.04041077900001255,1
I65_06_01.png,/kaggle/working/MDFS/data/KADID/extracted/kadid10k/images/I65_06_01.png,I65.png,65,6,1,4.2,0.6,19.66561508178711,0.038662218999888864,1
I65_06_03.png,/kaggle/working/MDFS/data/KADID/extracted/kadid10k/images/I65_06_03.png,I65.png,65,6,3,3.52,0.798,20.434261322021484,0.037288279000676994,1
I65_06_05.png,/kaggle/working/MDFS/data/KADID/extracted/kadid10k/images/I65_06_05.png,I65.png,65,6,5,2.53,0.957,22.428735733032227,0.03551117799997883,1
I65_07_02.png,/kaggle/working/MDFS/data/KADID/extracted/kadid10k/images/I65_07_02.png,I65.png,65,7,2,2.13,0.718,18.845489501953125,0.03834624199953396,1
I65_07_04.png,/kaggle/working/MDFS/data/KADID/extracted/kadid10k/images/I65_07_04.png,I65.png,65,7,4,2.6,1.083,22.104013442993164,0.03626008399987768,1
I65_08_01.png,/kaggle/working/MDFS/data/KADID/extracted/kadid10k/images/I65_08_01.png,I65.png,65,8,1,4.83,0.373,17.45772361755371,0.03858216800017544,1
I65_08_03.png,/kaggle/working/MDFS/data/KADID/extracted/kadid10k/images/I65_08_03.png,I65.png,65,8,3,2.93,1.062,18.723167419433594,0.039725582999381004,1
I65_08_05.png,/kaggle/working/MDFS/data/KADID/extracted/kadid10k/images/I65_08_05.png,I65.png,65,8,5,1.63,0.605,21.12149429321289,0.04016109599979245,1
I65_09_02.png,/kaggle/working/MDFS/data/KADID/extracted/kadid10k/images/I65_09_02.png,I65.png,65,9,2,4.4,0.841,20.043701171875,0.03977283600033843,1
I65_09_04.png,/kaggle/working/MDFS/data/KADID/extracted/kadid10k/images/I65_09_04.png,I65.png,65,9,4,1.9,0.746,28.2143611907959,0.040318170999853464,1
I65_10_01.png,/kaggle/working/MDFS/data/KADID/extracted/kadid10k/images/I65_10_01.png,I65.png,65,10,1,4.43,0.667,18.887571334838867,0.03837546599970665,1
I65_10_03.png,/kaggle/working/MDFS/data/KADID/extracted/kadid10k/images/I65_10_03.png,I65.png,65,10,3,3.77,0.716,20.18492317199707,0.03813245800029108,1
I65_10_05.png,/kaggle/working/MDFS/data/KADID/extracted/kadid10k/images/I65_10_05.png,I65.png,65,10,5,1.23,0.496,29.15890121459961,0.03659056200012856,1
I65_11_02.png,/kaggle/working/MDFS/data/KADID/extracted/kadid10k/images/I65_11_02.png,I65.png,65,11,2,3.17,0.86,21.78817367553711,0.03769979200023954,1
I65_11_04.png,/kaggle/working/MDFS/data/KADID/extracted/kadid10k/images/I65_11_04.png,I65.png,65,11,4,2.33,0.537,24.195161819458008,0.03679818399996293,1
I65_12_01.png,/kaggle/working/MDFS/data/KADID/extracted/kadid10k/images/I65_12_01.png,I65.png,65,12,1,4.5,0.671,19.103843688964844,0.03773713400005363,1
I65_12_03.png,/kaggle/working/MDFS/data/KADID/extracted/kadid10k/images/I65_12_03.png,I65.png,65,12,3,2.87,0.67,22.002714157104492,0.036852768000244396,1
I65_12_05.png,/kaggle/working/MDFS/data/KADID/extracted/kadid10k/images/I65_12_05.png,I65.png,65,12,5,1.9,0.473,25.508596420288086,0.0386919320008019,1
I65_13_02.png,/kaggle/working/MDFS/data/KADID/extracted/kadid10k/images/I65_13_02.png,I65.png,65,13,2,3.07,0.929,21.576454162597656,0.03967273299986118,1
I65_13_04.png,/kaggle/working/MDFS/data/KADID/extracted/kadid10k/images/I65_13_04.png,I65.png,65,13,4,1.83,0.637,23.10967254638672,0.03893059600068227,1
I65_14_01.png,/kaggle/working/MDFS/data/KADID/extracted/kadid10k/images/I65_14_01.png,I65.png,65,14,1,4.0,0.683,18.68276023864746,0.0394688699998369,1
I65_14_03.png,/kaggle/working/MDFS/data/KADID/extracted/kadid10k/images/I65_14_03.png,I65.png,65,14,3,2.63,0.795,22.302085876464844,0.03883961400060798,1
I65_14_05.png,/kaggle/working/MDFS/data/KADID/extracted/kadid10k/images/I65_14_05.png,I65.png,65,14,5,1.97,0.605,23.71626853942871,0.03864135999992868,1
I65_15_02.png,/kaggle/working/MDFS/data/KADID/extracted/kadid10k/images/I65_15_02.png,I65.png,65,15,2,2.43,0.716,22.13254165649414,0.040667887999916275,1
I65_15_04.png,/kaggle/working/MDFS/data/KADID/extracted/kadid10k/images/I65_15_04.png,I65.png,65,15,4,1.43,0.496,24.513914108276367,0.03925770700061548,1
I65_16_01.png,/kaggle/working/MDFS/data/KADID/extracted/kadid10k/images/I65_16_01.png,I65.png,65,16,1,4.67,0.471,17.433300018310547,0.03793239500009804,1
I65_16_03.png,/kaggle/working/MDFS/data/KADID/extracted/kadid10k/images/I65_16_03.png,I65.png,65,16,3,3.77,0.716,17.547605514526367,0.037842552999791224,1
I65_16_05.png,/kaggle/working/MDFS/data/KADID/extracted/kadid10k/images/I65_16_05.png,I65.png,65,16,5,1.71,0.632,20.050886154174805,0.03735993100053747,1
I65_17_02.png,/kaggle/working/MDFS/data/KADID/extracted/kadid10k/images/I65_17_02.png,I65.png,65,17,2,4.47,0.499,17.44388198852539,0.03843850300017948,1
I65_17_04.png,/kaggle/working/MDFS/data/KADID/extracted/kadid10k/images/I65_17_04.png,I65.png,65,17,4,3.6,0.663,17.517337799072266,0.03780400799951167,1
I65_18_01.png,/kaggle/working/MDFS/data/KADID/extracted/kadid10k/images/I65_18_01.png,I65.png,65,18,1,4.33,0.596,17.668729782104492,0.03868199000044115,1
I65_18_03.png,/kaggle/working/MDFS/data/KADID/extracted/kadid10k/images/I65_18_03.png,I65.png,65,18,3,4.5,0.563,17.45772361755371,0.03991238400067232,1
I65_18_05.png,/kaggle/working/MDFS/data/KADID/extracted/kadid10k/images/I65_18_05.png,I65.png,65,18,5,3.97,0.912,17.776052474975586,0.039395296000293456,1
I65_19_02.png,/kaggle/working/MDFS/data/KADID/extracted/kadid10k/images/I65_19_02.png,I65.png,65,19,2,3.93,0.573,17.42776870727539,0.03927354699953867,1
I65_19_04.png,/kaggle/working/MDFS/data/KADID/extracted/kadid10k/images/I65_19_04.png,I65.png,65,19,4,1.6,0.611,21.01191520690918,0.03818321600010677,1
I65_20_01.png,/kaggle/working/MDFS/data/KADID/extracted/kadid10k/images/I65_20_01.png,I65.png,65,20,1,4.6,0.49,17.385276794433594,0.03897691899965139,1
I65_20_03.png,/kaggle/working/MDFS/data/KADID/extracted/kadid10k/images/I65_20_03.png,I65.png,65,20,3,4.2,0.909,17.29209327697754,0.03926221800065832,1
I65_20_05.png,/kaggle/working/MDFS/data/KADID/extracted/kadid10k/images/I65_20_05.png,I65.png,65,20,5,3.2,1.275,17.335630416870117,0.038969816999269824,1
I65_21_02.png,/kaggle/working/MDFS/data/KADID/extracted/kadid10k/images/I65_21_02.png,I65.png,65,21,2,2.83,0.969,17.25339126586914,0.04459962799955974,1
I65_21_04.png,/kaggle/working/MDFS/data/KADID/extracted/kadid10k/images/I65_21_04.png,I65.png,65,21,4,2.33,0.978,18.085630416870117,0.05124313600026653,1
I65_22_01.png,/kaggle/working/MDFS/data/KADID/extracted/kadid10k/images/I65_22_01.png,I65.png,65,22,1,4.5,0.764,18.086181640625,0.04520858399973804,1
I65_22_03.png,/kaggle/working/MDFS/data/KADID/extracted/kadid10k/images/I65_22_03.png,I65.png,65,22,3,3.2,1.046,19.077550888061523,0.03380551899954298,1
I65_22_05.png,/kaggle/working/MDFS/data/KADID/extracted/kadid10k/images/I65_22_05.png,I65.png,65,22,5,2.17,0.778,20.6314697265625,0.034574111999972956,1
I65_23_02.png,/kaggle/working/MDFS/data/KADID/extracted/kadid10k/images/I65_23_02.png,I65.png,65,23,2,3.47,1.258,17.452842712402344,0.0385662480002793,1
I65_23_04.png,/kaggle/working/MDFS/data/KADID/extracted/kadid10k/images/I65_23_04.png,I65.png,65,23,4,2.2,1.166,17.408950805664062,0.03868599100042047,1
I65_24_01.png,/kaggle/working/MDFS/data/KADID/extracted/kadid10k/images/I65_24_01.png,I65.png,65,24,1,3.67,0.745,18.559797286987305,0.03839030100061791,1
I65_24_03.png,/kaggle/working/MDFS/data/KADID/extracted/kadid10k/images/I65_24_03.png,I65.png,65,24,3,2.07,0.68,20.658842086791992,0.03823872500015568,1
I65_24_05.png,/kaggle/working/MDFS/data/KADID/extracted/kadid10k/images/I65_24_05.png,I65.png,65,24,5,1.37,0.605,24.760303497314453,0.037767732000247634,1
I65_25_02.png,/kaggle/working/MDFS/data/KADID/extracted/kadid10k/images/I65_25_02.png,I65.png,65,25,2,4.07,0.573,17.590469360351562,0.037383459999546176,1
I65_25_04.png,/kaggle/working/MDFS/data/KADID/extracted/kadid10k/images/I65_25_04.png,I65.png,65,25,4,4.47,0.562,17.57142448425293,0.0380483839999215,1
I66_01_01.png,/kaggle/working/MDFS/data/KADID/extracted/kadid10k/images/I66_01_01.png,I66.png,66,1,1,4.63,0.482,17.145854949951172,0.03701575899958698,1
I66_01_03.png,/kaggle/working/MDFS/data/KADID/extracted/kadid10k/images/I66_01_03.png,I66.png,66,1,3,2.97,0.836,20.46208953857422,0.048223866999251186,1
I66_01_05.png,/kaggle/working/MDFS/data/KADID/extracted/kadid10k/images/I66_01_05.png,I66.png,66,1,5,1.4,0.554,37.97502899169922,0.03581355500045902,1
I66_02_02.png,/kaggle/working/MDFS/data/KADID/extracted/kadid10k/images/I66_02_02.png,I66.png,66,2,2,2.83,0.778,22.031593322753906,0.038364478999938,1
I66_02_04.png,/kaggle/working/MDFS/data/KADID/extracted/kadid10k/images/I66_02_04.png,I66.png,66,2,4,1.53,0.562,27.83258628845215,0.03886585300006118,1
I66_03_01.png,/kaggle/working/MDFS/data/KADID/extracted/kadid10k/images/I66_03_01.png,I66.png,66,3,1,4.63,0.482,17.145854949951172,0.03830531199946563,1
I66_03_03.png,/kaggle/working/MDFS/data/KADID/extracted/kadid10k/images/I66_03_03.png,I66.png,66,3,3,2.83,0.734,20.12343406677246,0.03938285900039773,1
I66_03_05.png,/kaggle/working/MDFS/data/KADID/extracted/kadid10k/images/I66_03_05.png,I66.png,66,3,5,1.5,0.563,23.02378273010254,0.037850996000088344,1
I66_04_02.png,/kaggle/working/MDFS/data/KADID/extracted/kadid10k/images/I66_04_02.png,I66.png,66,4,2,2.57,0.955,18.450937271118164,0.03871402299955662,1
I66_04_04.png,/kaggle/working/MDFS/data/KADID/extracted/kadid10k/images/I66_04_04.png,I66.png,66,4,4,1.67,0.907,19.161224365234375,0.038286173999949824,1
I66_05_01.png,/kaggle/working/MDFS/data/KADID/extracted/kadid10k/images/I66_05_01.png,I66.png,66,5,1,4.07,0.854,17.89313507080078,0.038632121999398805,1
I66_05_03.png,/kaggle/working/MDFS/data/KADID/extracted/kadid10k/images/I66_05_03.png,I66.png,66,5,3,1.9,0.746,17.942399978637695,0.03857925400006934,1
I66_05_05.png,/kaggle/working/MDFS/data/KADID/extracted/kadid10k/images/I66_05_05.png,I66.png,66,5,5,1.67,0.596,17.738218307495117,0.03846566599986545,1
I66_06_02.png,/kaggle/working/MDFS/data/KADID/extracted/kadid10k/images/I66_06_02.png,I66.png,66,6,2,4.0,0.632,20.0830135345459,0.03582905000075698,1
I66_06_04.png,/kaggle/working/MDFS/data/KADID/extracted/kadid10k/images/I66_06_04.png,I66.png,66,6,4,3.13,0.957,21.85179328918457,0.03581852600018465,1
I66_07_01.png,/kaggle/working/MDFS/data/KADID/extracted/kadid10k/images/I66_07_01.png,I66.png,66,7,1,2.63,0.948,17.412275314331055,0.039165216999208496,1
I66_07_03.png,/kaggle/working/MDFS/data/KADID/extracted/kadid10k/images/I66_07_03.png,I66.png,66,7,3,2.57,1.257,19.02867317199707,0.03904308900018805,1
I66_07_05.png,/kaggle/working/MDFS/data/KADID/extracted/kadid10k/images/I66_07_05.png,I66.png,66,7,5,2.0,0.775,17.66697883605957,0.039021208999656665,1
I66_08_02.png,/kaggle/working/MDFS/data/KADID/extracted/kadid10k/images/I66_08_02.png,I66.png,66,8,2,3.77,0.667,17.863317489624023,0.038803628999630746,1
I66_08_04.png,/kaggle/working/MDFS/data/KADID/extracted/kadid10k/images/I66_08_04.png,I66.png,66,8,4,1.97,0.912,19.169443130493164,0.03837739299979148,1
I66_09_01.png,/kaggle/working/MDFS/data/KADID/extracted/kadid10k/images/I66_09_01.png,I66.png,66,9,1,4.37,0.605,17.690824508666992,0.03859315899990179,1
I66_09_03.png,/kaggle/working/MDFS/data/KADID/extracted/kadid10k/images/I66_09_03.png,I66.png,66,9,3,4.17,0.734,21.674192428588867,0.039610646000255656,1
I66_09_05.png,/kaggle/working/MDFS/data/KADID/extracted/kadid10k/images/I66_09_05.png,I66.png,66,9,5,1.27,0.512,35.55618667602539,0.03965224599960493,1
I66_10_02.png,/kaggle/working/MDFS/data/KADID/extracted/kadid10k/images/I66_10_02.png,I66.png,66,10,2,4.5,0.5,18.965574264526367,0.03967164299956494,1
I66_10_04.png,/kaggle/working/MDFS/data/KADID/extracted/kadid10k/images/I66_10_04.png,I66.png,66,10,4,2.1,0.907,27.149700164794922,0.037000799999987066,1
I66_11_01.png,/kaggle/working/MDFS/data/KADID/extracted/kadid10k/images/I66_11_01.png,I66.png,66,11,1,4.0,0.73,18.737764358520508,0.03608767399964563,1
I66_11_03.png,/kaggle/working/MDFS/data/KADID/extracted/kadid10k/images/I66_11_03.png,I66.png,66,11,3,3.03,0.912,20.63898468017578,0.03711980599928211,1
I66_11_05.png,/kaggle/working/MDFS/data/KADID/extracted/kadid10k/images/I66_11_05.png,I66.png,66,11,5,2.27,0.727,25.001235961914062,0.03948651399969094,1
I66_12_02.png,/kaggle/working/MDFS/data/KADID/extracted/kadid10k/images/I66_12_02.png,I66.png,66,12,2,3.2,0.945,19.087060928344727,0.03792008300024463,1
I66_12_04.png,/kaggle/working/MDFS/data/KADID/extracted/kadid10k/images/I66_12_04.png,I66.png,66,12,4,2.67,0.699,22.546005249023438,0.03759579999950802,1
I66_13_01.png,/kaggle/working/MDFS/data/KADID/extracted/kadid10k/images/I66_13_01.png,I66.png,66,13,1,3.1,0.831,17.499698638916016,0.038980450999588356,1
I66_13_03.png,/kaggle/working/MDFS/data/KADID/extracted/kadid10k/images/I66_13_03.png,I66.png,66,13,3,2.4,0.841,19.20391082763672,0.03753025700007129,1
I66_13_05.png,/kaggle/working/MDFS/data/KADID/extracted/kadid10k/images/I66_13_05.png,I66.png,66,13,5,2.39,1.037,22.794471740722656,0.0365867939999589,1
I66_14_02.png,/kaggle/working/MDFS/data/KADID/extracted/kadid10k/images/I66_14_02.png,I66.png,66,14,2,3.93,0.727,17.9306640625,0.036173628000142344,1
I66_14_04.png,/kaggle/working/MDFS/data/KADID/extracted/kadid10k/images/I66_14_04.png,I66.png,66,14,4,3.0,0.775,19.24530601501465,0.0377255180001157,1
I66_15_01.png,/kaggle/working/MDFS/data/KADID/extracted/kadid10k/images/I66_15_01.png,I66.png,66,15,1,4.06,0.669,18.732194900512695,0.03974116100016545,1
I66_15_03.png,/kaggle/working/MDFS/data/KADID/extracted/kadid10k/images/I66_15_03.png,I66.png,66,15,3,2.43,0.716,21.817852020263672,0.038507865000610764,1
I66_15_05.png,/kaggle/working/MDFS/data/KADID/extracted/kadid10k/images/I66_15_05.png,I66.png,66,15,5,1.3,0.458,24.3134822845459,0.03663789100028225,1
I66_16_02.png,/kaggle/working/MDFS/data/KADID/extracted/kadid10k/images/I66_16_02.png,I66.png,66,16,2,4.4,0.611,17.12654685974121,0.03804212799968809,1
I66_16_04.png,/kaggle/working/MDFS/data/KADID/extracted/kadid10k/images/I66_16_04.png,I66.png,66,16,4,3.3,1.038,17.639362335205078,0.03772889799984114,1
I66_17_01.png,/kaggle/working/MDFS/data/KADID/extracted/kadid10k/images/I66_17_01.png,I66.png,66,17,1,4.6,0.663,17.119550704956055,0.0382414499999868,1
I66_17_03.png,/kaggle/working/MDFS/data/KADID/extracted/kadid10k/images/I66_17_03.png,I66.png,66,17,3,4.07,0.512,17.13807487487793,0.03707121499974164,1
I66_17_05.png,/kaggle/working/MDFS/data/KADID/extracted/kadid10k/images/I66_17_05.png,I66.png,66,17,5,1.6,0.757,22.03021812438965,0.03527794300043752,1
I66_18_02.png,/kaggle/working/MDFS/data/KADID/extracted/kadid10k/images/I66_18_02.png,I66.png,66,18,2,4.57,0.559,17.29676628112793,0.03962361699996109,1
I66_18_04.png,/kaggle/working/MDFS/data/KADID/extracted/kadid10k/images/I66_18_04.png,I66.png,66,18,4,4.27,0.814,17.66613006591797,0.038542585999493895,1
I66_19_01.png,/kaggle/working/MDFS/data/KADID/extracted/kadid10k/images/I66_19_01.png,I66.png,66,19,1,4.37,0.482,16.92511749267578,0.03789389199937432,1
I66_19_03.png,/kaggle/working/MDFS/data/KADID/extracted/kadid10k/images/I66_19_03.png,I66.png,66,19,3,3.43,0.716,17.301422119140625,0.03628474600009213,1
I66_19_05.png,/kaggle/working/MDFS/data/KADID/extracted/kadid10k/images/I66_19_05.png,I66.png,66,19,5,1.29,0.52,23.06310272216797,0.03631768800005375,1
I66_20_02.png,/kaggle/working/MDFS/data/KADID/extracted/kadid10k/images/I66_20_02.png,I66.png,66,20,2,4.3,0.823,17.170392990112305,0.03793215199948463,1
I66_20_04.png,/kaggle/working/MDFS/data/KADID/extracted/kadid10k/images/I66_20_04.png,I66.png,66,20,4,2.9,1.136,17.229755401611328,0.038479013000142004,1
I66_21_01.png,/kaggle/working/MDFS/data/KADID/extracted/kadid10k/images/I66_21_01.png,I66.png,66,21,1,3.93,0.814,17.457616806030273,0.040750142999968375,1
I66_21_03.png,/kaggle/working/MDFS/data/KADID/extracted/kadid10k/images/I66_21_03.png,I66.png,66,21,3,2.63,0.836,18.16473388671875,0.03810163399975863,1
I66_21_05.png,/kaggle/working/MDFS/data/KADID/extracted/kadid10k/images/I66_21_05.png,I66.png,66,21,5,1.27,0.442,27.101459503173828,0.03594921000058093,1
I66_22_02.png,/kaggle/working/MDFS/data/KADID/extracted/kadid10k/images/I66_22_02.png,I66.png,66,22,2,4.3,0.781,17.97028160095215,0.037212737999652745,1
I66_22_04.png,/kaggle/working/MDFS/data/KADID/extracted/kadid10k/images/I66_22_04.png,I66.png,66,22,4,3.53,0.846,18.45055389404297,0.03572893499949714,1
I66_23_01.png,/kaggle/working/MDFS/data/KADID/extracted/kadid10k/images/I66_23_01.png,I66.png,66,23,1,2.3,1.1,17.194713592529297,0.037941288000183704,1
I66_23_03.png,/kaggle/working/MDFS/data/KADID/extracted/kadid10k/images/I66_23_03.png,I66.png,66,23,3,2.7,1.069,17.269817352294922,0.037831849999747647,1
I66_23_05.png,/kaggle/working/MDFS/data/KADID/extracted/kadid10k/images/I66_23_05.png,I66.png,66,23,5,2.17,0.734,17.332752227783203,0.037917935000223224,1
I66_24_02.png,/kaggle/working/MDFS/data/KADID/extracted/kadid10k/images/I66_24_02.png,I66.png,66,24,2,2.3,0.781,19.341543197631836,0.03857143300047028,1
I66_24_04.png,/kaggle/working/MDFS/data/KADID/extracted/kadid10k/images/I66_24_04.png,I66.png,66,24,4,1.77,0.761,21.516328811645508,0.03888708799968299,1
I66_25_01.png,/kaggle/working/MDFS/data/KADID/extracted/kadid10k/images/I66_25_01.png,I66.png,66,25,1,3.43,0.883,18.368173599243164,0.03817222299949208,1
I66_25_03.png,/kaggle/working/MDFS/data/KADID/extracted/kadid10k/images/I66_25_03.png,I66.png,66,25,3,4.17,0.637,17.29592514038086,0.03827844100032962,1
I66_25_05.png,/kaggle/working/MDFS/data/KADID/extracted/kadid10k/images/I66_25_05.png,I66.png,66,25,5,3.17,0.82,17.155424118041992,0.03828351300035138,1
I67_01_02.png,/kaggle/working/MDFS/data/KADID/extracted/kadid10k/images/I67_01_02.png,I67.png,67,1,2,4.63,0.482,17.77811622619629,0.03868613600025128,1
I67_01_04.png,/kaggle/working/MDFS/data/KADID/extracted/kadid10k/images/I67_01_04.png,I67.png,67,1,4,1.9,0.539,31.005712509155273,0.03779763000056846,1
I67_02_01.png,/kaggle/working/MDFS/data/KADID/extracted/kadid10k/images/I67_02_01.png,I67.png,67,2,1,3.9,0.746,19.071487426757812,0.03938305199972092,1
I67_02_03.png,/kaggle/working/MDFS/data/KADID/extracted/kadid10k/images/I67_02_03.png,I67.png,67,2,3,1.7,0.737,29.078519821166992,0.038291402000140806,1
I67_02_05.png,/kaggle/working/MDFS/data/KADID/extracted/kadid10k/images/I67_02_05.png,I67.png,67,2,5,1.17,0.373,32.42485427856445,0.038331349000145565,1
I67_03_02.png,/kaggle/working/MDFS/data/KADID/extracted/kadid10k/images/I67_03_02.png,I67.png,67,3,2,4.37,0.547,19.10541534423828,0.039157193999926676,1
I67_03_04.png,/kaggle/working/MDFS/data/KADID/extracted/kadid10k/images/I67_03_04.png,I67.png,67,3,4,2.5,0.719,22.88494110107422,0.03953864499999327,1
I67_04_01.png,/kaggle/working/MDFS/data/KADID/extracted/kadid10k/images/I67_04_01.png,I67.png,67,4,1,4.27,0.629,18.024385452270508,0.039634107999518164,1
I67_04_03.png,/kaggle/working/MDFS/data/KADID/extracted/kadid10k/images/I67_04_03.png,I67.png,67,4,3,1.3,0.586,22.576974868774414,0.038056286000028194,1
I67_04_05.png,/kaggle/working/MDFS/data/KADID/extracted/kadid10k/images/I67_04_05.png,I67.png,67,4,5,1.07,0.249,24.059173583984375,0.03793924399997195,1
I67_05_02.png,/kaggle/working/MDFS/data/KADID/extracted/kadid10k/images/I67_05_02.png,I67.png,67,5,2,2.33,1.043,18.350465774536133,0.03978937500050961,1
I67_05_04.png,/kaggle/working/MDFS/data/KADID/extracted/kadid10k/images/I67_05_04.png,I67.png,67,5,4,2.03,0.657,18.3337459564209,0.03943519899985404,1
I67_06_01.png,/kaggle/working/MDFS/data/KADID/extracted/kadid10k/images/I67_06_01.png,I67.png,67,6,1,3.47,0.846,19.874948501586914,0.0365451520001443,1
I67_06_03.png,/kaggle/working/MDFS/data/KADID/extracted/kadid10k/images/I67_06_03.png,I67.png,67,6,3,2.93,0.772,20.933687210083008,0.03678147899972828,1
I67_06_05.png,/kaggle/working/MDFS/data/KADID/extracted/kadid10k/images/I67_06_05.png,I67.png,67,6,5,1.87,0.751,24.13487434387207,0.03390359500008344,1
I67_07_02.png,/kaggle/working/MDFS/data/KADID/extracted/kadid10k/images/I67_07_02.png,I67.png,67,7,2,1.7,0.823,18.497703552246094,0.039224519000526925,1
I67_07_04.png,/kaggle/working/MDFS/data/KADID/extracted/kadid10k/images/I67_07_04.png,I67.png,67,7,4,2.1,1.044,23.00065040588379,0.03856110200013063,1
I67_08_01.png,/kaggle/working/MDFS/data/KADID/extracted/kadid10k/images/I67_08_01.png,I67.png,67,8,1,4.53,0.618,17.870864868164062,0.04003739299969311,1
I67_08_03.png,/kaggle/working/MDFS/data/KADID/extracted/kadid10k/images/I67_08_03.png,I67.png,67,8,3,1.63,0.752,20.010269165039062,0.03946878900023876,1
I67_08_05.png,/kaggle/working/MDFS/data/KADID/extracted/kadid10k/images/I67_08_05.png,I67.png,67,8,5,1.07,0.249,24.7522029876709,0.03905071700046392,1
I67_09_02.png,/kaggle/working/MDFS/data/KADID/extracted/kadid10k/images/I67_09_02.png,I67.png,67,9,2,4.27,0.772,20.065319061279297,0.03874446700046974,1
I67_09_04.png,/kaggle/working/MDFS/data/KADID/extracted/kadid10k/images/I67_09_04.png,I67.png,67,9,4,2.07,0.573,29.502906799316406,0.03824967499986087,1
I67_10_01.png,/kaggle/working/MDFS/data/KADID/extracted/kadid10k/images/I67_10_01.png,I67.png,67,10,1,4.4,0.757,18.421222686767578,0.038494987999911245,1
I67_10_03.png,/kaggle/working/MDFS/data/KADID/extracted/kadid10k/images/I67_10_03.png,I67.png,67,10,3,3.97,0.752,19.67917823791504,0.03882034100024612,1
I67_10_05.png,/kaggle/working/MDFS/data/KADID/extracted/kadid10k/images/I67_10_05.png,I67.png,67,10,5,1.1,0.3,34.01053237915039,0.03656810500069696,1
I67_11_02.png,/kaggle/working/MDFS/data/KADID/extracted/kadid10k/images/I67_11_02.png,I67.png,67,11,2,3.42,0.752,19.292356491088867,0.03694115700000111,1
I67_11_04.png,/kaggle/working/MDFS/data/KADID/extracted/kadid10k/images/I67_11_04.png,I67.png,67,11,4,2.6,0.712,20.801925659179688,0.03714356799991947,1
I67_12_01.png,/kaggle/working/MDFS/data/KADID/extracted/kadid10k/images/I67_12_01.png,I67.png,67,12,1,4.57,0.496,18.23073387145996,0.03860543599967059,1
I67_12_03.png,/kaggle/working/MDFS/data/KADID/extracted/kadid10k/images/I67_12_03.png,I67.png,67,12,3,3.17,0.778,19.539764404296875,0.03772012899935362,1
I67_12_05.png,/kaggle/working/MDFS/data/KADID/extracted/kadid10k/images/I67_12_05.png,I67.png,67,12,5,2.43,0.761,21.91476058959961,0.0374018390002675,1
I67_13_02.png,/kaggle/working/MDFS/data/KADID/extracted/kadid10k/images/I67_13_02.png,I67.png,67,13,2,3.03,0.912,18.694936752319336,0.03951776099984272,1
I67_13_04.png,/kaggle/working/MDFS/data/KADID/extracted/kadid10k/images/I67_13_04.png,I67.png,67,13,4,2.57,0.92,20.951217651367188,0.03850013000010222,1
I67_14_01.png,/kaggle/working/MDFS/data/KADID/extracted/kadid10k/images/I67_14_01.png,I67.png,67,14,1,4.47,0.618,18.042068481445312,0.03824011899996549,1
I67_14_03.png,/kaggle/working/MDFS/data/KADID/extracted/kadid10k/images/I67_14_03.png,I67.png,67,14,3,3.13,0.763,18.898710250854492,0.036332560000118974,1
I67_14_05.png,/kaggle/working/MDFS/data/KADID/extracted/kadid10k/images/I67_14_05.png,I67.png,67,14,5,2.2,0.748,21.918981552124023,0.03714145499998267,1
I67_15_02.png,/kaggle/working/MDFS/data/KADID/extracted/kadid10k/images/I67_15_02.png,I67.png,67,15,2,2.53,0.806,19.497568130493164,0.03995393199966202,1
I67_15_04.png,/kaggle/working/MDFS/data/KADID/extracted/kadid10k/images/I67_15_04.png,I67.png,67,15,4,1.67,0.699,21.743728637695312,0.038445446999503474,1
I67_16_01.png,/kaggle/working/MDFS/data/KADID/extracted/kadid10k/images/I67_16_01.png,I67.png,67,16,1,4.2,0.792,17.863332748413086,0.04006950999973924,1
I67_16_03.png,/kaggle/working/MDFS/data/KADID/extracted/kadid10k/images/I67_16_03.png,I67.png,67,16,3,3.43,0.667,17.86408042907715,0.04046853500040015,1
I67_16_05.png,/kaggle/working/MDFS/data/KADID/extracted/kadid10k/images/I67_16_05.png,I67.png,67,16,5,1.83,0.778,19.910537719726562,0.041547042000274814,1
I67_17_02.png,/kaggle/working/MDFS/data/KADID/extracted/kadid10k/images/I67_17_02.png,I67.png,67,17,2,4.43,0.496,17.858562469482422,0.04013902299993788,1
I67_17_04.png,/kaggle/working/MDFS/data/KADID/extracted/kadid10k/images/I67_17_04.png,I67.png,67,17,4,3.33,0.869,17.8494815826416,0.04062579000037658,1
I67_18_01.png,/kaggle/working/MDFS/data/KADID/extracted/kadid10k/images/I67_18_01.png,I67.png,67,18,1,4.2,0.833,18.089946746826172,0.04034815399973013,1
I67_18_03.png,/kaggle/working/MDFS/data/KADID/extracted/kadid10k/images/I67_18_03.png,I67.png,67,18,3,4.73,0.442,17.870864868164062,0.04025296599957073,1
I67_18_05.png,/kaggle/working/MDFS/data/KADID/extracted/kadid10k/images/I67_18_05.png,I67.png,67,18,5,3.94,0.716,18.219892501831055,0.04004635099954612,1
I67_19_02.png,/kaggle/working/MDFS/data/KADID/extracted/kadid10k/images/I67_19_02.png,I67.png,67,19,2,3.91,0.63,17.811939239501953,0.03989774599995144,1
I67_19_04.png,/kaggle/working/MDFS/data/KADID/extracted/kadid10k/images/I67_19_04.png,I67.png,67,19,4,2.0,0.516,20.51063346862793,0.03752758699920378,1
I67_20_01.png,/kaggle/working/MDFS/data/KADID/extracted/kadid10k/images/I67_20_01.png,I67.png,67,20,1,4.23,0.844,17.862335205078125,0.04005839400088007,1
I67_20_03.png,/kaggle/working/MDFS/data/KADID/extracted/kadid10k/images/I67_20_03.png,I67.png,67,20,3,3.83,1.213,17.77906608581543,0.03976181100006215,1
I67_20_05.png,/kaggle/working/MDFS/data/KADID/extracted/kadid10k/images/I67_20_05.png,I67.png,67,20,5,3.13,1.176,17.782468795776367,0.040032853000411706,1
I67_21_02.png,/kaggle/working/MDFS/data/KADID/extracted/kadid10k/images/I67_21_02.png,I67.png,67,21,2,2.53,0.884,18.02402687072754,0.03890749799938931,1
I67_21_04.png,/kaggle/working/MDFS/data/KADID/extracted/kadid10k/images/I67_21_04.png,I67.png,67,21,4,2.07,0.727,19.35101890563965,0.03658220499983145,1
I67_22_01.png,/kaggle/working/MDFS/data/KADID/extracted/kadid10k/images/I67_22_01.png,I67.png,67,22,1,4.8,0.4,17.956235885620117,0.03886653699919407,1
I67_22_03.png,/kaggle/working/MDFS/data/KADID/extracted/kadid10k/images/I67_22_03.png,I67.png,67,22,3,4.33,0.65,17.995546340942383,0.037398233999738295,1
I67_22_05.png,/kaggle/working/MDFS/data/KADID/extracted/kadid10k/images/I67_22_05.png,I67.png,67,22,5,3.23,0.955,18.585390090942383,0.036138446999757434,1
I67_23_02.png,/kaggle/working/MDFS/data/KADID/extracted/kadid10k/images/I67_23_02.png,I67.png,67,23,2,2.13,0.718,17.885509490966797,0.039587958000083745,1
I67_23_04.png,/kaggle/working/MDFS/data/KADID/extracted/kadid10k/images/I67_23_04.png,I67.png,67,23,4,2.33,1.22,17.803369522094727,0.03935477399954834,1
I67_24_01.png,/kaggle/working/MDFS/data/KADID/extracted/kadid10k/images/I67_24_01.png,I67.png,67,24,1,3.23,0.92,19.251752853393555,0.03977828499955649,1
I67_24_03.png,/kaggle/working/MDFS/data/KADID/extracted/kadid10k/images/I67_24_03.png,I67.png,67,24,3,1.9,0.746,21.991992950439453,0.03964930599977379,1
I67_24_05.png,/kaggle/working/MDFS/data/KADID/extracted/kadid10k/images/I67_24_05.png,I67.png,67,24,5,1.13,0.34,26.363664627075195,0.03856261100008851,1
I67_25_02.png,/kaggle/working/MDFS/data/KADID/extracted/kadid10k/images/I67_25_02.png,I67.png,67,25,2,4.03,0.482,18.31024932861328,0.03957093000008172,1
I67_25_04.png,/kaggle/working/MDFS/data/KADID/extracted/kadid10k/images/I67_25_04.png,I67.png,67,25,4,3.77,0.883,17.747541427612305,0.039662787000452226,1
I68_01_01.png,/kaggle/working/MDFS/data/KADID/extracted/kadid10k/images/I68_01_01.png,I68.png,68,1,1,4.67,0.471,17.178165435791016,0.03690341499986971,1
I68_01_03.png,/kaggle/working/MDFS/data/KADID/extracted/kadid10k/images/I68_01_03.png,I68.png,68,1,3,2.6,0.712,20.937515258789062,0.03829851799946482,1
I68_01_05.png,/kaggle/working/MDFS/data/KADID/extracted/kadid10k/images/I68_01_05.png,I68.png,68,1,5,1.17,0.373,38.20479202270508,0.03714663099981408,1
I68_02_02.png,/kaggle/working/MDFS/data/KADID/extracted/kadid10k/images/I68_02_02.png,I68.png,68,2,2,2.2,0.792,22.80414581298828,0.03832052200050384,1
I68_02_04.png,/kaggle/working/MDFS/data/KADID/extracted/kadid10k/images/I68_02_04.png,I68.png,68,2,4,1.26,0.438,27.651323318481445,0.03664586299964867,1
I68_03_01.png,/kaggle/working/MDFS/data/KADID/extracted/kadid10k/images/I68_03_01.png,I68.png,68,3,1,4.57,0.559,17.178165435791016,0.037216367000837636,1
I68_03_03.png,/kaggle/working/MDFS/data/KADID/extracted/kadid10k/images/I68_03_03.png,I68.png,68,3,3,2.43,0.844,20.343460083007812,0.038361787000212644,1
I68_03_05.png,/kaggle/working/MDFS/data/KADID/extracted/kadid10k/images/I68_03_05.png,I68.png,68,3,5,1.4,0.611,23.66142463684082,0.03707088400005887,1
I68_04_02.png,/kaggle/working/MDFS/data/KADID/extracted/kadid10k/images/I68_04_02.png,I68.png,68,4,2,3.03,0.984,20.986474990844727,0.036382658999173145,1
I68_04_04.png,/kaggle/working/MDFS/data/KADID/extracted/kadid10k/images/I68_04_04.png,I68.png,68,4,4,1.47,0.718,23.320262908935547,0.03527305999978125,1
I68_05_01.png,/kaggle/working/MDFS/data/KADID/extracted/kadid10k/images/I68_05_01.png,I68.png,68,5,1,4.07,0.854,17.942167282104492,0.036711947999719996,1
I68_05_03.png,/kaggle/working/MDFS/data/KADID/extracted/kadid10k/images/I68_05_03.png,I68.png,68,5,3,1.5,0.671,18.15376091003418,0.03790893600034906,1
I68_05_05.png,/kaggle/working/MDFS/data/KADID/extracted/kadid10k/images/I68_05_05.png,I68.png,68,5,5,1.77,0.616,17.95561408996582,0.03932773999986239,1
I68_06_02.png,/kaggle/working/MDFS/data/KADID/extracted/kadid10k/images/I68_06_02.png,I68.png,68,6,2,3.43,0.989,19.164663314819336,0.03615713599992887,1
I68_06_04.png,/kaggle/working/MDFS/data/KADID/extracted/kadid10k/images/I68_06_04.png,I68.png,68,6,4,2.97,0.875,19.742244720458984,0.03501925300042785,1
I68_07_01.png,/kaggle/working/MDFS/data/KADID/extracted/kadid10k/images/I68_07_01.png,I68.png,68,7,1,2.73,0.892,17.42096519470215,0.03711105000002135,1
I68_07_03.png,/kaggle/working/MDFS/data/KADID/extracted/kadid10k/images/I68_07_03.png,I68.png,68,7,3,2.07,0.854,19.01503562927246,0.03601107599934039,1
I68_07_05.png,/kaggle/working/MDFS/data/KADID/extracted/kadid10k/images/I68_07_05.png,I68.png,68,7,5,1.47,0.618,19.125192642211914,0.037108290000105626,1
I68_08_02.png,/kaggle/working/MDFS/data/KADID/extracted/kadid10k/images/I68_08_02.png,I68.png,68,8,2,3.27,0.964,19.640125274658203,0.038451518999863765,1
I68_08_04.png,/kaggle/working/MDFS/data/KADID/extracted/kadid10k/images/I68_08_04.png,I68.png,68,8,4,1.8,0.833,22.748510360717773,0.03658170499966218,1
I68_09_01.png,/kaggle/working/MDFS/data/KADID/extracted/kadid10k/images/I68_09_01.png,I68.png,68,9,1,4.67,0.537,17.888471603393555,0.03710928899999999,1
I68_09_03.png,/kaggle/working/MDFS/data/KADID/extracted/kadid10k/images/I68_09_03.png,I68.png,68,9,3,3.65,1.064,21.718185424804688,0.03705818500020541,1
I68_09_05.png,/kaggle/working/MDFS/data/KADID/extracted/kadid10k/images/I68_09_05.png,I68.png,68,9,5,1.27,0.442,33.7151985168457,0.03703179300009651,1
I68_10_02.png,/kaggle/working/MDFS/data/KADID/extracted/kadid10k/images/I68_10_02.png,I68.png,68,10,2,4.13,0.718,19.4389705657959,0.03744086200003949,1
I68_10_04.png,/kaggle/working/MDFS/data/KADID/extracted/kadid10k/images/I68_10_04.png,I68.png,68,10,4,1.97,0.875,27.58977508544922,0.037492264000320574,1
I68_11_01.png,/kaggle/working/MDFS/data/KADID/extracted/kadid10k/images/I68_11_01.png,I68.png,68,11,1,3.9,0.907,18.9041805267334,0.03719828900011635,1
I68_11_03.png,/kaggle/working/MDFS/data/KADID/extracted/kadid10k/images/I68_11_03.png,I68.png,68,11,3,2.73,0.854,20.351137161254883,0.036824562000219885,1
I68_11_05.png,/kaggle/working/MDFS/data/KADID/extracted/kadid10k/images/I68_11_05.png,I68.png,68,11,5,2.17,0.637,24.493267059326172,0.0364737680001781,1
I68_12_02.png,/kaggle/working/MDFS/data/KADID/extracted/kadid10k/images/I68_12_02.png,I68.png,68,12,2,3.2,0.98,19.185304641723633,0.035828204999234003,1
I68_12_04.png,/kaggle/working/MDFS/data/KADID/extracted/kadid10k/images/I68_12_04.png,I68.png,68,12,4,2.5,0.75,21.779451370239258,0.037635052999576146,1
I68_13_01.png,/kaggle/working/MDFS/data/KADID/extracted/kadid10k/images/I68_13_01.png,I68.png,68,13,1,3.3,1.038,17.214574813842773,0.038197181000214186,1
I68_13_03.png,/kaggle/working/MDFS/data/KADID/extracted/kadid10k/images/I68_13_03.png,I68.png,68,13,3,2.77,0.716,18.7493953704834,0.037952940000650415,1
I68_13_05.png,/kaggle/working/MDFS/data/KADID/extracted/kadid10k/images/I68_13_05.png,I68.png,68,13,5,2.53,0.763,22.065332412719727,0.03676852099943062,1
I68_14_02.png,/kaggle/working/MDFS/data/KADID/extracted/kadid10k/images/I68_14_02.png,I68.png,68,14,2,3.33,0.869,19.034912109375,0.03661851500055491,1
I68_14_04.png,/kaggle/working/MDFS/data/KADID/extracted/kadid10k/images/I68_14_04.png,I68.png,68,14,4,2.5,0.847,21.55730438232422,0.036501831999885326,1
I68_15_01.png,/kaggle/working/MDFS/data/KADID/extracted/kadid10k/images/I68_15_01.png,I68.png,68,15,1,3.63,0.912,18.62940216064453,0.03751468599966756,1
I68_15_03.png,/kaggle/working/MDFS/data/KADID/extracted/kadid10k/images/I68_15_03.png,I68.png,68,15,3,2.0,0.856,21.217002868652344,0.03751935099990078,1
I68_15_05.png,/kaggle/working/MDFS/data/KADID/extracted/kadid10k/images/I68_15_05.png,I68.png,68,15,5,1.33,0.471,24.267772674560547,0.03782570499970461,1
I68_16_02.png,/kaggle/working/MDFS/data/KADID/extracted/kadid10k/images/I68_16_02.png,I68.png,68,16,2,4.43,0.559,17.192855834960938,0.03768657099953998,1
I68_16_04.png,/kaggle/working/MDFS/data/KADID/extracted/kadid10k/images/I68_16_04.png,I68.png,68,16,4,1.7,0.69,19.00840950012207,0.03674320300069667,1
I68_17_01.png,/kaggle/working/MDFS/data/KADID/extracted/kadid10k/images/I68_17_01.png,I68.png,68,17,1,4.5,0.563,17.184429168701172,0.03636914699927729,1
I68_17_03.png,/kaggle/working/MDFS/data/KADID/extracted/kadid10k/images/I68_17_03.png,I68.png,68,17,3,4.27,0.629,17.26840591430664,0.03660509299970727,1
I68_17_05.png,/kaggle/working/MDFS/data/KADID/extracted/kadid10k/images/I68_17_05.png,I68.png,68,17,5,2.27,1.031,19.300357818603516,0.03652043399961258,1
I68_18_02.png,/kaggle/working/MDFS/data/KADID/extracted/kadid10k/images/I68_18_02.png,I68.png,68,18,2,4.63,0.547,17.45147132873535,0.0373620899999878,1
I68_18_04.png,/kaggle/working/MDFS/data/KADID/extracted/kadid10k/images/I68_18_04.png,I68.png,68,18,4,4.53,0.562,17.489643096923828,0.037394268999378255,1
I68_19_01.png,/kaggle/working/MDFS/data/KADID/extracted/kadid10k/images/I68_19_01.png,I68.png,68,19,1,4.6,0.49,16.972354888916016,0.037111871999513824,1
I68_19_03.png,/kaggle/working/MDFS/data/KADID/extracted/kadid10k/images/I68_19_03.png,I68.png,68,19,3,2.77,0.761,17.129953384399414,0.036433852999834926,1
I68_19_05.png,/kaggle/working/MDFS/data/KADID/extracted/kadid10k/images/I68_19_05.png,I68.png,68,19,5,1.2,0.4,20.920394897460938,0.03612712699941767,1
I68_20_02.png,/kaggle/working/MDFS/data/KADID/extracted/kadid10k/images/I68_20_02.png,I68.png,68,20,2,4.0,1.09,17.17426300048828,0.03812964400003693,1
I68_20_04.png,/kaggle/working/MDFS/data/KADID/extracted/kadid10k/images/I68_20_04.png,I68.png,68,20,4,2.87,1.176,17.074661254882812,0.03941625199968257,1
I68_21_01.png,/kaggle/working/MDFS/data/KADID/extracted/kadid10k/images/I68_21_01.png,I68.png,68,21,1,4.23,0.869,16.947879791259766,0.0393171000005168,1
I68_21_03.png,/kaggle/working/MDFS/data/KADID/extracted/kadid10k/images/I68_21_03.png,I68.png,68,21,3,2.78,1.111,17.584869384765625,0.03768695700000535,1
I68_21_05.png,/kaggle/working/MDFS/data/KADID/extracted/kadid10k/images/I68_21_05.png,I68.png,68,21,5,1.43,0.716,26.032485961914062,0.03448692599977221,1
I68_22_02.png,/kaggle/working/MDFS/data/KADID/extracted/kadid10k/images/I68_22_02.png,I68.png,68,22,2,3.7,1.1,17.40625762939453,0.03556098899935023,1
I68_22_04.png,/kaggle/working/MDFS/data/KADID/extracted/kadid10k/images/I68_22_04.png,I68.png,68,22,4,3.33,1.3,17.580900192260742,0.035256647000096564,1
I68_23_01.png,/kaggle/working/MDFS/data/KADID/extracted/kadid10k/images/I68_23_01.png,I68.png,68,23,1,2.57,0.989,17.10589599609375,0.037906827999904635,1
I68_23_03.png,/kaggle/working/MDFS/data/KADID/extracted/kadid10k/images/I68_23_03.png,I68.png,68,23,3,2.5,0.922,17.120927810668945,0.03803872099979344,1
I68_23_05.png,/kaggle/working/MDFS/data/KADID/extracted/kadid10k/images/I68_23_05.png,I68.png,68,23,5,1.93,0.772,17.121801376342773,0.03687910200005717,1
I68_24_02.png,/kaggle/working/MDFS/data/KADID/extracted/kadid10k/images/I68_24_02.png,I68.png,68,24,2,1.93,0.68,20.48069190979004,0.03676456999983202,1
I68_24_04.png,/kaggle/working/MDFS/data/KADID/extracted/kadid10k/images/I68_24_04.png,I68.png,68,24,4,1.58,0.493,24.47221565246582,0.03678885199951765,1
I68_25_01.png,/kaggle/working/MDFS/data/KADID/extracted/kadid10k/images/I68_25_01.png,I68.png,68,25,1,3.5,0.847,18.83583641052246,0.037479999999959546,1
I68_25_03.png,/kaggle/working/MDFS/data/KADID/extracted/kadid10k/images/I68_25_03.png,I68.png,68,25,3,4.47,0.67,17.594970703125,0.037453504000040994,1
I68_25_05.png,/kaggle/working/MDFS/data/KADID/extracted/kadid10k/images/I68_25_05.png,I68.png,68,25,5,3.4,0.879,16.88314437866211,0.03857999599949835,1
I69_01_02.png,/kaggle/working/MDFS/data/KADID/extracted/kadid10k/images/I69_01_02.png,I69.png,69,1,2,4.63,0.547,17.726924896240234,0.03919427100026951,1
I69_01_04.png,/kaggle/working/MDFS/data/KADID/extracted/kadid10k/images/I69_01_04.png,I69.png,69,1,4,2.13,0.618,29.341711044311523,0.03797792600016692,1
I69_02_01.png,/kaggle/working/MDFS/data/KADID/extracted/kadid10k/images/I69_02_01.png,I69.png,69,2,1,4.03,0.657,18.914793014526367,0.038335221000124875,1
I69_02_03.png,/kaggle/working/MDFS/data/KADID/extracted/kadid10k/images/I69_02_03.png,I69.png,69,2,3,1.5,0.619,28.007701873779297,0.03758850000031089,1
I69_02_05.png,/kaggle/working/MDFS/data/KADID/extracted/kadid10k/images/I69_02_05.png,I69.png,69,2,5,1.4,0.49,33.59525680541992,0.03679799000019557,1
I69_03_02.png,/kaggle/working/MDFS/data/KADID/extracted/kadid10k/images/I69_03_02.png,I69.png,69,3,2,4.1,0.746,18.60883903503418,0.03823165199992218,1
I69_03_04.png,/kaggle/working/MDFS/data/KADID/extracted/kadid10k/images/I69_03_04.png,I69.png,69,3,4,2.4,0.757,22.018186569213867,0.03698933699979534,1
I69_04_01.png,/kaggle/working/MDFS/data/KADID/extracted/kadid10k/images/I69_04_01.png,I69.png,69,4,1,4.39,0.549,18.26275634765625,0.03826769100032834,1
I69_04_03.png,/kaggle/working/MDFS/data/KADID/extracted/kadid10k/images/I69_04_03.png,I69.png,69,4,3,1.57,0.616,19.005762100219727,0.03879162599969277,1
I69_04_05.png,/kaggle/working/MDFS/data/KADID/extracted/kadid10k/images/I69_04_05.png,I69.png,69,4,5,1.17,0.373,19.977920532226562,0.03928146999987803,1
I69_05_02.png,/kaggle/working/MDFS/data/KADID/extracted/kadid10k/images/I69_05_02.png,I69.png,69,5,2,3.0,1.0,18.337369918823242,0.039883966999695986,1
I69_05_04.png,/kaggle/working/MDFS/data/KADID/extracted/kadid10k/images/I69_05_04.png,I69.png,69,5,4,2.13,0.763,18.081890106201172,0.03971537699999317,1
I69_06_01.png,/kaggle/working/MDFS/data/KADID/extracted/kadid10k/images/I69_06_01.png,I69.png,69,6,1,4.27,0.512,19.443296432495117,0.03689209500043944,1
I69_06_03.png,/kaggle/working/MDFS/data/KADID/extracted/kadid10k/images/I69_06_03.png,I69.png,69,6,3,3.63,0.948,20.16803550720215,0.03561478200026613,1
I69_06_05.png,/kaggle/working/MDFS/data/KADID/extracted/kadid10k/images/I69_06_05.png,I69.png,69,6,5,2.73,0.929,23.07076072692871,0.03396811200036609,1
I69_07_02.png,/kaggle/working/MDFS/data/KADID/extracted/kadid10k/images/I69_07_02.png,I69.png,69,7,2,2.48,1.103,19.170507431030273,0.039193317000354,1
I69_07_04.png,/kaggle/working/MDFS/data/KADID/extracted/kadid10k/images/I69_07_04.png,I69.png,69,7,4,2.3,1.069,21.420635223388672,0.037689764999413455,1
I69_08_01.png,/kaggle/working/MDFS/data/KADID/extracted/kadid10k/images/I69_08_01.png,I69.png,69,8,1,4.3,0.737,17.50637435913086,0.04000086999985797,1
I69_08_03.png,/kaggle/working/MDFS/data/KADID/extracted/kadid10k/images/I69_08_03.png,I69.png,69,8,3,3.23,0.883,18.518442153930664,0.03964370300036535,1
I69_08_05.png,/kaggle/working/MDFS/data/KADID/extracted/kadid10k/images/I69_08_05.png,I69.png,69,8,5,1.57,0.616,20.02664566040039,0.03939866099972278,1
I69_09_02.png,/kaggle/working/MDFS/data/KADID/extracted/kadid10k/images/I69_09_02.png,I69.png,69,9,2,4.67,0.471,19.506860733032227,0.03982191699924442,1
I69_09_04.png,/kaggle/working/MDFS/data/KADID/extracted/kadid10k/images/I69_09_04.png,I69.png,69,9,4,3.1,0.978,27.356809616088867,0.03936084999986633,1
I69_10_01.png,/kaggle/working/MDFS/data/KADID/extracted/kadid10k/images/I69_10_01.png,I69.png,69,10,1,4.07,0.814,19.2637882232666,0.03886285099997622,1
I69_10_03.png,/kaggle/working/MDFS/data/KADID/extracted/kadid10k/images/I69_10_03.png,I69.png,69,10,3,4.0,0.73,21.828767776489258,0.0373108769999817,1
I69_10_05.png,/kaggle/working/MDFS/data/KADID/extracted/kadid10k/images/I69_10_05.png,I69.png,69,10,5,1.27,0.442,33.947662353515625,0.034654342999601795,1
I69_11_02.png,/kaggle/working/MDFS/data/KADID/extracted/kadid10k/images/I69_11_02.png,I69.png,69,11,2,3.27,0.929,21.506305694580078,0.03730399500000203,1
I69_11_04.png,/kaggle/working/MDFS/data/KADID/extracted/kadid10k/images/I69_11_04.png,I69.png,69,11,4,2.77,0.705,24.53526496887207,0.03764973600027588,1
I69_12_01.png,/kaggle/working/MDFS/data/KADID/extracted/kadid10k/images/I69_12_01.png,I69.png,69,12,1,4.37,0.657,18.70757484436035,0.03808815000047616,1
I69_12_03.png,/kaggle/working/MDFS/data/KADID/extracted/kadid10k/images/I69_12_03.png,I69.png,69,12,3,3.13,0.806,22.551485061645508,0.0377791699993395,1
I69_12_05.png,/kaggle/working/MDFS/data/KADID/extracted/kadid10k/images/I69_12_05.png,I69.png,69,12,5,2.27,0.68,25.84387969970703,0.03784736600027827,1
I69_13_02.png,/kaggle/working/MDFS/data/KADID/extracted/kadid10k/images/I69_13_02.png,I69.png,69,13,2,2.97,0.983,18.814884185791016,0.03850766100003966,1
I69_13_04.png,/kaggle/working/MDFS/data/KADID/extracted/kadid10k/images/I69_13_04.png,I69.png,69,13,4,2.57,0.883,23.826152801513672,0.03650402900075278,1
I69_14_01.png,/kaggle/working/MDFS/data/KADID/extracted/kadid10k/images/I69_14_01.png,I69.png,69,14,1,4.6,0.554,17.855642318725586,0.03665808100049617,1
I69_14_03.png,/kaggle/working/MDFS/data/KADID/extracted/kadid10k/images/I69_14_03.png,I69.png,69,14,3,3.17,1.067,19.336517333984375,0.036374762000377814,1
I69_14_05.png,/kaggle/working/MDFS/data/KADID/extracted/kadid10k/images/I69_14_05.png,I69.png,69,14,5,2.47,0.846,22.724618911743164,0.038065562000156206,1
I69_15_02.png,/kaggle/working/MDFS/data/KADID/extracted/kadid10k/images/I69_15_02.png,I69.png,69,15,2,2.93,0.772,22.38092613220215,0.03879164400041191,1
I69_15_04.png,/kaggle/working/MDFS/data/KADID/extracted/kadid10k/images/I69_15_04.png,I69.png,69,15,4,1.59,0.655,24.52271270751953,0.036953204999917943,1
I69_16_01.png,/kaggle/working/MDFS/data/KADID/extracted/kadid10k/images/I69_16_01.png,I69.png,69,16,1,4.57,0.559,17.519269943237305,0.038143346000651945,1
I69_16_03.png,/kaggle/working/MDFS/data/KADID/extracted/kadid10k/images/I69_16_03.png,I69.png,69,16,3,3.77,0.761,17.511272430419922,0.037869838000005984,1
I69_16_05.png,/kaggle/working/MDFS/data/KADID/extracted/kadid10k/images/I69_16_05.png,I69.png,69,16,5,2.43,0.92,20.024097442626953,0.03764043800038053,1
I69_17_02.png,/kaggle/working/MDFS/data/KADID/extracted/kadid10k/images/I69_17_02.png,I69.png,69,17,2,4.77,0.423,17.484115600585938,0.0382583690006868,1
I69_17_04.png,/kaggle/working/MDFS/data/KADID/extracted/kadid10k/images/I69_17_04.png,I69.png,69,17,4,3.5,0.957,17.692455291748047,0.039132308999796805,1
I69_18_01.png,/kaggle/working/MDFS/data/KADID/extracted/kadid10k/images/I69_18_01.png,I69.png,69,18,1,4.07,0.772,17.437219619750977,0.03861282899924845,1
I69_18_03.png,/kaggle/working/MDFS/data/KADID/extracted/kadid10k/images/I69_18_03.png,I69.png,69,18,3,4.67,0.471,17.50637435913086,0.039213817000018025,1
I69_18_05.png,/kaggle/working/MDFS/data/KADID/extracted/kadid10k/images/I69_18_05.png,I69.png,69,18,5,4.17,0.582,17.694950103759766,0.038934290000725014,1
I69_19_02.png,/kaggle/working/MDFS/data/KADID/extracted/kadid10k/images/I69_19_02.png,I69.png,69,19,2,4.13,0.618,17.602991104125977,0.04018820599958417,1
I69_19_04.png,/kaggle/working/MDFS/data/KADID/extracted/kadid10k/images/I69_19_04.png,I69.png,69,19,4,2.0,0.856,20.66817283630371,0.038348779000443756,1
I69_20_01.png,/kaggle/working/MDFS/data/KADID/extracted/kadid10k/images/I69_20_01.png,I69.png,69,20,1,4.5,0.5,17.435758590698242,0.03888609699970402,1
I69_20_03.png,/kaggle/working/MDFS/data/KADID/extracted/kadid10k/images/I69_20_03.png,I69.png,69,20,3,4.3,0.737,17.51215362548828,0.03970271800062619,1
I69_20_05.png,/kaggle/working/MDFS/data/KADID/extracted/kadid10k/images/I69_20_05.png,I69.png,69,20,5,3.37,1.278,17.490888595581055,0.038539401999514666,1
I69_21_02.png,/kaggle/working/MDFS/data/KADID/extracted/kadid10k/images/I69_21_02.png,I69.png,69,21,2,3.2,0.748,17.775169372558594,0.0370058490007068,1
I69_21_04.png,/kaggle/working/MDFS/data/KADID/extracted/kadid10k/images/I69_21_04.png,I69.png,69,21,4,3.23,1.174,18.77647590637207,0.03527917500014155,1
I69_22_01.png,/kaggle/working/MDFS/data/KADID/extracted/kadid10k/images/I69_22_01.png,I69.png,69,22,1,4.23,0.559,17.493818283081055,0.03629720700064354,1
I69_22_03.png,/kaggle/working/MDFS/data/KADID/extracted/kadid10k/images/I69_22_03.png,I69.png,69,22,3,4.07,0.68,17.776962280273438,0.03713267500006623,1
I69_22_05.png,/kaggle/working/MDFS/data/KADID/extracted/kadid10k/images/I69_22_05.png,I69.png,69,22,5,2.87,1.204,20.613500595092773,0.03661354699943331,1
I69_23_02.png,/kaggle/working/MDFS/data/KADID/extracted/kadid10k/images/I69_23_02.png,I69.png,69,23,2,2.68,1.202,17.51268768310547,0.03915550700003223,1
I69_23_04.png,/kaggle/working/MDFS/data/KADID/extracted/kadid10k/images/I69_23_04.png,I69.png,69,23,4,2.6,0.917,17.58089828491211,0.06630445399969176,1
I69_24_01.png,/kaggle/working/MDFS/data/KADID/extracted/kadid10k/images/I69_24_01.png,I69.png,69,24,1,3.87,0.806,18.22526741027832,0.03657364399987273,1
I69_24_03.png,/kaggle/working/MDFS/data/KADID/extracted/kadid10k/images/I69_24_03.png,I69.png,69,24,3,2.47,0.921,20.45207977294922,0.03835604899995815,1
I69_24_05.png,/kaggle/working/MDFS/data/KADID/extracted/kadid10k/images/I69_24_05.png,I69.png,69,24,5,1.37,0.547,24.60603141784668,0.03817840600004274,1
I69_25_02.png,/kaggle/working/MDFS/data/KADID/extracted/kadid10k/images/I69_25_02.png,I69.png,69,25,2,4.07,0.512,17.456668853759766,0.039653824999732024,1
I69_25_04.png,/kaggle/working/MDFS/data/KADID/extracted/kadid10k/images/I69_25_04.png,I69.png,69,25,4,3.73,0.727,17.77685546875,0.0591487239998969,1
I70_01_01.png,/kaggle/working/MDFS/data/KADID/extracted/kadid10k/images/I70_01_01.png,I70.png,70,1,1,4.73,0.442,18.69940948486328,0.04420162599944888,1
I70_01_03.png,/kaggle/working/MDFS/data/KADID/extracted/kadid10k/images/I70_01_03.png,I70.png,70,1,3,2.9,0.817,22.780672073364258,0.037305949999790755,1
I70_01_05.png,/kaggle/working/MDFS/data/KADID/extracted/kadid10k/images/I70_01_05.png,I70.png,70,1,5,1.23,0.423,39.917484283447266,0.037054530999739654,1
I70_02_02.png,/kaggle/working/MDFS/data/KADID/extracted/kadid10k/images/I70_02_02.png,I70.png,70,2,2,2.7,0.69,24.323686599731445,0.03761457299970061,1
I70_02_04.png,/kaggle/working/MDFS/data/KADID/extracted/kadid10k/images/I70_02_04.png,I70.png,70,2,4,1.63,0.605,32.761756896972656,0.037506932999349374,1
I70_03_01.png,/kaggle/working/MDFS/data/KADID/extracted/kadid10k/images/I70_03_01.png,I70.png,70,3,1,4.63,0.482,18.69940948486328,0.038453193999885116,1
I70_03_03.png,/kaggle/working/MDFS/data/KADID/extracted/kadid10k/images/I70_03_03.png,I70.png,70,3,3,2.93,0.929,21.746843338012695,0.03921914800048398,1
I70_03_05.png,/kaggle/working/MDFS/data/KADID/extracted/kadid10k/images/I70_03_05.png,I70.png,70,3,5,1.73,0.68,24.407413482666016,0.03918008300024667,1
I70_04_02.png,/kaggle/working/MDFS/data/KADID/extracted/kadid10k/images/I70_04_02.png,I70.png,70,4,2,2.93,0.929,19.582454681396484,0.03936958499980392,1
I70_04_04.png,/kaggle/working/MDFS/data/KADID/extracted/kadid10k/images/I70_04_04.png,I70.png,70,4,4,1.33,0.471,21.15519905090332,0.03990178299955005,1
I70_05_01.png,/kaggle/working/MDFS/data/KADID/extracted/kadid10k/images/I70_05_01.png,I70.png,70,5,1,4.23,0.559,19.40593719482422,0.04045692899944697,1
I70_05_03.png,/kaggle/working/MDFS/data/KADID/extracted/kadid10k/images/I70_05_03.png,I70.png,70,5,3,1.83,0.778,20.147062301635742,0.03942723899945122,1
I70_05_05.png,/kaggle/working/MDFS/data/KADID/extracted/kadid10k/images/I70_05_05.png,I70.png,70,5,5,1.7,0.69,19.999711990356445,0.0397537109993209,1
I70_06_02.png,/kaggle/working/MDFS/data/KADID/extracted/kadid10k/images/I70_06_02.png,I70.png,70,6,2,3.9,0.87,21.093698501586914,0.035652320000735926,1
I70_06_04.png,/kaggle/working/MDFS/data/KADID/extracted/kadid10k/images/I70_06_04.png,I70.png,70,6,4,2.5,0.992,22.797088623046875,0.03393760199924145,1
I70_07_01.png,/kaggle/working/MDFS/data/KADID/extracted/kadid10k/images/I70_07_01.png,I70.png,70,7,1,2.3,0.737,19.480712890625,0.03801828399991791,1
I70_07_03.png,/kaggle/working/MDFS/data/KADID/extracted/kadid10k/images/I70_07_03.png,I70.png,70,7,3,2.17,0.969,20.51681900024414,0.03798928400010482,1
I70_07_05.png,/kaggle/working/MDFS/data/KADID/extracted/kadid10k/images/I70_07_05.png,I70.png,70,7,5,1.77,0.716,19.020898818969727,0.03904385500027274,1
I70_08_02.png,/kaggle/working/MDFS/data/KADID/extracted/kadid10k/images/I70_08_02.png,I70.png,70,8,2,3.8,0.542,19.260034561157227,0.039938277999681304,1
I70_08_04.png,/kaggle/working/MDFS/data/KADID/extracted/kadid10k/images/I70_08_04.png,I70.png,70,8,4,1.43,0.559,21.104848861694336,0.04086085600010847,1
I70_09_01.png,/kaggle/working/MDFS/data/KADID/extracted/kadid10k/images/I70_09_01.png,I70.png,70,9,1,4.6,0.49,19.030454635620117,0.03949091799950111,1
I70_09_03.png,/kaggle/working/MDFS/data/KADID/extracted/kadid10k/images/I70_09_03.png,I70.png,70,9,3,4.07,0.854,22.521074295043945,0.03902093299984699,1
I70_09_05.png,/kaggle/working/MDFS/data/KADID/extracted/kadid10k/images/I70_09_05.png,I70.png,70,9,5,1.23,0.616,34.46376419067383,0.039164965999589185,1
I70_10_02.png,/kaggle/working/MDFS/data/KADID/extracted/kadid10k/images/I70_10_02.png,I70.png,70,10,2,4.4,0.712,19.469701766967773,0.03894412999943597,1
I70_10_04.png,/kaggle/working/MDFS/data/KADID/extracted/kadid10k/images/I70_10_04.png,I70.png,70,10,4,2.23,0.844,26.3076114654541,0.03753501299979689,1
I70_11_01.png,/kaggle/working/MDFS/data/KADID/extracted/kadid10k/images/I70_11_01.png,I70.png,70,11,1,4.4,0.757,20.990571975708008,0.03688422499999433,1
I70_11_03.png,/kaggle/working/MDFS/data/KADID/extracted/kadid10k/images/I70_11_03.png,I70.png,70,11,3,2.83,0.898,23.01223373413086,0.035966020000159915,1
I70_11_05.png,/kaggle/working/MDFS/data/KADID/extracted/kadid10k/images/I70_11_05.png,I70.png,70,11,5,2.03,0.547,25.894559860229492,0.03663798300021881,1
I70_12_02.png,/kaggle/working/MDFS/data/KADID/extracted/kadid10k/images/I70_12_02.png,I70.png,70,12,2,4.03,0.912,21.32450294494629,0.0370764399995096,1
I70_12_04.png,/kaggle/working/MDFS/data/KADID/extracted/kadid10k/images/I70_12_04.png,I70.png,70,12,4,2.5,0.847,24.40216636657715,0.03802654599985544,1
I70_13_01.png,/kaggle/working/MDFS/data/KADID/extracted/kadid10k/images/I70_13_01.png,I70.png,70,13,1,3.77,0.989,19.008161544799805,0.039108150000174646,1
I70_13_03.png,/kaggle/working/MDFS/data/KADID/extracted/kadid10k/images/I70_13_03.png,I70.png,70,13,3,2.53,0.806,21.695404052734375,0.03921932299999753,1
I70_13_05.png,/kaggle/working/MDFS/data/KADID/extracted/kadid10k/images/I70_13_05.png,I70.png,70,13,5,2.07,0.772,26.172082901000977,0.039074880999578454,1
I70_14_02.png,/kaggle/working/MDFS/data/KADID/extracted/kadid10k/images/I70_14_02.png,I70.png,70,14,2,3.73,1.031,21.6427001953125,0.037167280000176106,1
I70_14_04.png,/kaggle/working/MDFS/data/KADID/extracted/kadid10k/images/I70_14_04.png,I70.png,70,14,4,2.47,0.846,23.790264129638672,0.03795112500029063,1
I70_15_01.png,/kaggle/working/MDFS/data/KADID/extracted/kadid10k/images/I70_15_01.png,I70.png,70,15,1,4.13,0.67,19.77960777282715,0.03936416400028975,1
I70_15_03.png,/kaggle/working/MDFS/data/KADID/extracted/kadid10k/images/I70_15_03.png,I70.png,70,15,3,2.5,0.719,22.285470962524414,0.03835965800044505,1
I70_15_05.png,/kaggle/working/MDFS/data/KADID/extracted/kadid10k/images/I70_15_05.png,I70.png,70,15,5,1.6,0.49,25.81171417236328,0.03771675400003005,1
I70_16_02.png,/kaggle/working/MDFS/data/KADID/extracted/kadid10k/images/I70_16_02.png,I70.png,70,16,2,4.7,0.458,18.82040786743164,0.0395712449999337,1
I70_16_04.png,/kaggle/working/MDFS/data/KADID/extracted/kadid10k/images/I70_16_04.png,I70.png,70,16,4,2.83,1.003,19.584596633911133,0.03876408900032402,1
I70_17_01.png,/kaggle/working/MDFS/data/KADID/extracted/kadid10k/images/I70_17_01.png,I70.png,70,17,1,4.7,0.526,18.60898780822754,0.04002886499984015,1
I70_17_03.png,/kaggle/working/MDFS/data/KADID/extracted/kadid10k/images/I70_17_03.png,I70.png,70,17,3,4.53,0.499,18.381746292114258,0.039050359000611934,1
I70_17_05.png,/kaggle/working/MDFS/data/KADID/extracted/kadid10k/images/I70_17_05.png,I70.png,70,17,5,2.43,0.955,20.14297103881836,0.038901091999832715,1
I70_18_02.png,/kaggle/working/MDFS/data/KADID/extracted/kadid10k/images/I70_18_02.png,I70.png,70,18,2,4.57,0.496,18.652666091918945,0.03892859699953988,1
I70_18_04.png,/kaggle/working/MDFS/data/KADID/extracted/kadid10k/images/I70_18_04.png,I70.png,70,18,4,4.8,0.476,18.838895797729492,0.03885507500035601,1
I70_19_01.png,/kaggle/working/MDFS/data/KADID/extracted/kadid10k/images/I70_19_01.png,I70.png,70,19,1,4.43,0.716,17.964284896850586,0.03982248600004823,1
I70_19_03.png,/kaggle/working/MDFS/data/KADID/extracted/kadid10k/images/I70_19_03.png,I70.png,70,19,3,3.17,0.969,18.46261978149414,0.03782599899932393,1
I70_19_05.png,/kaggle/working/MDFS/data/KADID/extracted/kadid10k/images/I70_19_05.png,I70.png,70,19,5,1.37,0.482,26.165443420410156,0.036625212999751966,1
I70_20_02.png,/kaggle/working/MDFS/data/KADID/extracted/kadid10k/images/I70_20_02.png,I70.png,70,20,2,4.1,1.044,18.684450149536133,0.03903402600008121,1
I70_20_04.png,/kaggle/working/MDFS/data/KADID/extracted/kadid10k/images/I70_20_04.png,I70.png,70,20,4,3.17,0.969,18.527097702026367,0.03888518900021154,1
I70_21_01.png,/kaggle/working/MDFS/data/KADID/extracted/kadid10k/images/I70_21_01.png,I70.png,70,21,1,3.47,0.991,18.688823699951172,0.03822904699973151,1
I70_21_03.png,/kaggle/working/MDFS/data/KADID/extracted/kadid10k/images/I70_21_03.png,I70.png,70,21,3,2.77,1.086,20.058900833129883,0.037383498000053805,1
I70_21_05.png,/kaggle/working/MDFS/data/KADID/extracted/kadid10k/images/I70_21_05.png,I70.png,70,21,5,1.43,0.559,33.580718994140625,0.035889425999812374,1
I70_22_02.png,/kaggle/working/MDFS/data/KADID/extracted/kadid10k/images/I70_22_02.png,I70.png,70,22,2,4.53,0.718,19.7188777923584,0.038485032000608044,1
I70_22_04.png,/kaggle/working/MDFS/data/KADID/extracted/kadid10k/images/I70_22_04.png,I70.png,70,22,4,3.7,0.9,20.206968307495117,0.03766820700002427,1
I70_23_01.png,/kaggle/working/MDFS/data/KADID/extracted/kadid10k/images/I70_23_01.png,I70.png,70,23,1,3.4,1.172,18.666702270507812,0.039031125999827054,1
I70_23_03.png,/kaggle/working/MDFS/data/KADID/extracted/kadid10k/images/I70_23_03.png,I70.png,70,23,3,2.47,1.118,18.50507926940918,0.03787110300072527,1
I70_23_05.png,/kaggle/working/MDFS/data/KADID/extracted/kadid10k/images/I70_23_05.png,I70.png,70,23,5,2.33,0.943,18.604476928710938,0.03850397299993347,1
I70_24_02.png,/kaggle/working/MDFS/data/KADID/extracted/kadid10k/images/I70_24_02.png,I70.png,70,24,2,2.33,0.907,19.745973587036133,0.03829985599986685,1
I70_24_04.png,/kaggle/working/MDFS/data/KADID/extracted/kadid10k/images/I70_24_04.png,I70.png,70,24,4,2.07,1.062,22.47018051147461,0.03812786399976176,1
I70_25_01.png,/kaggle/working/MDFS/data/KADID/extracted/kadid10k/images/I70_25_01.png,I70.png,70,25,1,3.8,0.945,19.21123695373535,0.03857861600044998,1
I70_25_03.png,/kaggle/working/MDFS/data/KADID/extracted/kadid10k/images/I70_25_03.png,I70.png,70,25,3,4.63,0.482,18.651227951049805,0.03961223799979052,1
I70_25_05.png,/kaggle/working/MDFS/data/KADID/extracted/kadid10k/images/I70_25_05.png,I70.png,70,25,5,3.0,1.125,18.53219223022461,0.03977554900029645,1
I71_01_02.png,/kaggle/working/MDFS/data/KADID/extracted/kadid10k/images/I71_01_02.png,I71.png,71,1,2,4.34,0.775,17.32810401916504,0.03955717200005893,1
I71_01_04.png,/kaggle/working/MDFS/data/KADID/extracted/kadid10k/images/I71_01_04.png,I71.png,71,1,4,1.4,0.49,28.142396926879883,0.03819486500015046,1
I71_02_01.png,/kaggle/working/MDFS/data/KADID/extracted/kadid10k/images/I71_02_01.png,I71.png,71,2,1,3.68,0.778,18.36472511291504,0.03891284900055325,1
I71_02_03.png,/kaggle/working/MDFS/data/KADID/extracted/kadid10k/images/I71_02_03.png,I71.png,71,2,3,1.77,0.616,25.58740234375,0.03759299200009991,1
I71_02_05.png,/kaggle/working/MDFS/data/KADID/extracted/kadid10k/images/I71_02_05.png,I71.png,71,2,5,1.27,0.442,31.430803298950195,0.036309710999375966,1
I71_03_02.png,/kaggle/working/MDFS/data/KADID/extracted/kadid10k/images/I71_03_02.png,I71.png,71,3,2,3.3,1.069,17.95376968383789,0.03838876000008895,1
I71_03_04.png,/kaggle/working/MDFS/data/KADID/extracted/kadid10k/images/I71_03_04.png,I71.png,71,3,4,2.03,0.605,21.24834632873535,0.037516248999963864,1
I71_04_01.png,/kaggle/working/MDFS/data/KADID/extracted/kadid10k/images/I71_04_01.png,I71.png,71,4,1,4.1,0.7,18.179367065429688,0.037313146999622404,1
I71_04_03.png,/kaggle/working/MDFS/data/KADID/extracted/kadid10k/images/I71_04_03.png,I71.png,71,4,3,1.37,0.657,22.730249404907227,0.03705037899999297,1
I71_04_05.png,/kaggle/working/MDFS/data/KADID/extracted/kadid10k/images/I71_04_05.png,I71.png,71,4,5,1.2,0.4,25.673044204711914,0.03628736100017704,1
I71_05_02.png,/kaggle/working/MDFS/data/KADID/extracted/kadid10k/images/I71_05_02.png,I71.png,71,5,2,2.27,0.929,18.493724822998047,0.037667863000024226,1
I71_05_04.png,/kaggle/working/MDFS/data/KADID/extracted/kadid10k/images/I71_05_04.png,I71.png,71,5,4,1.87,0.884,18.124666213989258,0.037596391000079166,1
I71_06_01.png,/kaggle/working/MDFS/data/KADID/extracted/kadid10k/images/I71_06_01.png,I71.png,71,6,1,3.7,0.862,18.645261764526367,0.03437901400047849,1
I71_06_03.png,/kaggle/working/MDFS/data/KADID/extracted/kadid10k/images/I71_06_03.png,I71.png,71,6,3,3.33,1.106,19.133005142211914,0.03507707999960985,1
I71_06_05.png,/kaggle/working/MDFS/data/KADID/extracted/kadid10k/images/I71_06_05.png,I71.png,71,6,5,2.67,0.978,21.174951553344727,0.03520980400026019,1
I71_07_02.png,/kaggle/working/MDFS/data/KADID/extracted/kadid10k/images/I71_07_02.png,I71.png,71,7,2,2.47,0.991,18.1794376373291,0.03796670900010213,1
I71_07_04.png,/kaggle/working/MDFS/data/KADID/extracted/kadid10k/images/I71_07_04.png,I71.png,71,7,4,2.0,0.816,22.040170669555664,0.03571806400032074,1
I71_08_01.png,/kaggle/working/MDFS/data/KADID/extracted/kadid10k/images/I71_08_01.png,I71.png,71,8,1,4.77,0.423,17.21657943725586,0.03744847199959622,1
I71_08_03.png,/kaggle/working/MDFS/data/KADID/extracted/kadid10k/images/I71_08_03.png,I71.png,71,8,3,2.52,0.837,21.309755325317383,0.036996622000515345,1
I71_08_05.png,/kaggle/working/MDFS/data/KADID/extracted/kadid10k/images/I71_08_05.png,I71.png,71,8,5,1.27,0.573,25.789220809936523,0.03652422199957073,1
I71_09_02.png,/kaggle/working/MDFS/data/KADID/extracted/kadid10k/images/I71_09_02.png,I71.png,71,9,2,3.87,0.846,19.315250396728516,0.037524318000578205,1
I71_09_04.png,/kaggle/working/MDFS/data/KADID/extracted/kadid10k/images/I71_09_04.png,I71.png,71,9,4,1.87,0.618,26.22587776184082,0.03776008100066974,1
I71_10_01.png,/kaggle/working/MDFS/data/KADID/extracted/kadid10k/images/I71_10_01.png,I71.png,71,10,1,4.27,0.772,18.698850631713867,0.03701633400032733,1
I71_10_03.png,/kaggle/working/MDFS/data/KADID/extracted/kadid10k/images/I71_10_03.png,I71.png,71,10,3,3.19,0.93,19.92532730102539,0.036382680000315304,1
I71_10_05.png,/kaggle/working/MDFS/data/KADID/extracted/kadid10k/images/I71_10_05.png,I71.png,71,10,5,1.33,0.471,28.068340301513672,0.035627000000204134,1
I71_11_02.png,/kaggle/working/MDFS/data/KADID/extracted/kadid10k/images/I71_11_02.png,I71.png,71,11,2,2.83,0.734,19.768508911132812,0.03824354199969093,1
I71_11_04.png,/kaggle/working/MDFS/data/KADID/extracted/kadid10k/images/I71_11_04.png,I71.png,71,11,4,2.47,0.921,22.01598358154297,0.0381751479999366,1
I71_12_01.png,/kaggle/working/MDFS/data/KADID/extracted/kadid10k/images/I71_12_01.png,I71.png,71,12,1,4.27,0.68,18.038864135742188,0.0380421079998996,1
I71_12_03.png,/kaggle/working/MDFS/data/KADID/extracted/kadid10k/images/I71_12_03.png,I71.png,71,12,3,2.77,0.716,20.39179039001465,0.03682846799983963,1
I71_12_05.png,/kaggle/working/MDFS/data/KADID/extracted/kadid10k/images/I71_12_05.png,I71.png,71,12,5,2.2,0.792,23.245786666870117,0.036750019999999495,1
I71_13_02.png,/kaggle/working/MDFS/data/KADID/extracted/kadid10k/images/I71_13_02.png,I71.png,71,13,2,2.6,0.841,18.087255477905273,0.037981899000442354,1
I71_13_04.png,/kaggle/working/MDFS/data/KADID/extracted/kadid10k/images/I71_13_04.png,I71.png,71,13,4,2.4,0.663,20.870086669921875,0.037585662999845226,1
I71_14_01.png,/kaggle/working/MDFS/data/KADID/extracted/kadid10k/images/I71_14_01.png,I71.png,71,14,1,3.7,0.823,17.928150177001953,0.03788724799960619,1
I71_14_03.png,/kaggle/working/MDFS/data/KADID/extracted/kadid10k/images/I71_14_03.png,I71.png,71,14,3,2.37,0.752,20.03800392150879,0.03785856499962392,1
I71_14_05.png,/kaggle/working/MDFS/data/KADID/extracted/kadid10k/images/I71_14_05.png,I71.png,71,14,5,1.67,0.65,24.673725128173828,0.03742622599929746,1
I71_15_02.png,/kaggle/working/MDFS/data/KADID/extracted/kadid10k/images/I71_15_02.png,I71.png,71,15,2,1.83,0.734,20.03220558166504,0.038421489999564074,1
I71_15_04.png,/kaggle/working/MDFS/data/KADID/extracted/kadid10k/images/I71_15_04.png,I71.png,71,15,4,1.3,0.458,22.0831298828125,0.037177864000113914,1
I71_16_01.png,/kaggle/working/MDFS/data/KADID/extracted/kadid10k/images/I71_16_01.png,I71.png,71,16,1,4.33,0.699,17.253034591674805,0.03755108800032758,1
I71_16_03.png,/kaggle/working/MDFS/data/KADID/extracted/kadid10k/images/I71_16_03.png,I71.png,71,16,3,3.5,0.719,17.653993606567383,0.037302755000382604,1
I71_16_05.png,/kaggle/working/MDFS/data/KADID/extracted/kadid10k/images/I71_16_05.png,I71.png,71,16,5,1.4,0.611,21.385435104370117,0.03687603799971839,1
I71_17_02.png,/kaggle/working/MDFS/data/KADID/extracted/kadid10k/images/I71_17_02.png,I71.png,71,17,2,4.4,0.554,17.221519470214844,0.03878790700036916,1
I71_17_04.png,/kaggle/working/MDFS/data/KADID/extracted/kadid10k/images/I71_17_04.png,I71.png,71,17,4,3.63,0.547,17.432266235351562,0.038527924999471,1
I71_18_01.png,/kaggle/working/MDFS/data/KADID/extracted/kadid10k/images/I71_18_01.png,I71.png,71,18,1,3.73,0.772,18.009017944335938,0.037979092000568926,1
I71_18_03.png,/kaggle/working/MDFS/data/KADID/extracted/kadid10k/images/I71_18_03.png,I71.png,71,18,3,4.63,0.482,17.21657943725586,0.03739729599965358,1
I71_18_05.png,/kaggle/working/MDFS/data/KADID/extracted/kadid10k/images/I71_18_05.png,I71.png,71,18,5,3.81,0.692,17.578611373901367,0.03751394099981553,1
I71_19_02.png,/kaggle/working/MDFS/data/KADID/extracted/kadid10k/images/I71_19_02.png,I71.png,71,19,2,3.7,0.69,16.69978904724121,0.0372797800000626,1
I71_19_04.png,/kaggle/working/MDFS/data/KADID/extracted/kadid10k/images/I71_19_04.png,I71.png,71,19,4,1.53,0.618,18.66395378112793,0.03626006400008919,1
I71_20_01.png,/kaggle/working/MDFS/data/KADID/extracted/kadid10k/images/I71_20_01.png,I71.png,71,20,1,4.47,0.618,17.223783493041992,0.03826807999939774,1
I71_20_03.png,/kaggle/working/MDFS/data/KADID/extracted/kadid10k/images/I71_20_03.png,I71.png,71,20,3,2.73,1.181,17.240612030029297,0.03855144899989682,1
I71_20_05.png,/kaggle/working/MDFS/data/KADID/extracted/kadid10k/images/I71_20_05.png,I71.png,71,20,5,2.63,0.948,17.20616912841797,0.03786979600045015,1
I71_21_02.png,/kaggle/working/MDFS/data/KADID/extracted/kadid10k/images/I71_21_02.png,I71.png,71,21,2,2.93,1.123,17.38890838623047,0.03765735999968456,1
I71_21_04.png,/kaggle/working/MDFS/data/KADID/extracted/kadid10k/images/I71_21_04.png,I71.png,71,21,4,2.63,0.983,18.046045303344727,0.03639637299966125,1
I71_22_01.png,/kaggle/working/MDFS/data/KADID/extracted/kadid10k/images/I71_22_01.png,I71.png,71,22,1,4.0,1.0,17.766178131103516,0.03559754699926998,1
I71_22_03.png,/kaggle/working/MDFS/data/KADID/extracted/kadid10k/images/I71_22_03.png,I71.png,71,22,3,3.5,0.957,17.89451789855957,0.036610755999390676,1
I71_22_05.png,/kaggle/working/MDFS/data/KADID/extracted/kadid10k/images/I71_22_05.png,I71.png,71,22,5,2.53,0.991,18.312641143798828,0.03686641599961149,1
I71_23_02.png,/kaggle/working/MDFS/data/KADID/extracted/kadid10k/images/I71_23_02.png,I71.png,71,23,2,2.43,0.844,17.25925636291504,0.03921247800008132,1
I71_23_04.png,/kaggle/working/MDFS/data/KADID/extracted/kadid10k/images/I71_23_04.png,I71.png,71,23,4,2.03,0.752,17.278337478637695,0.038608515999840165,1
I71_24_01.png,/kaggle/working/MDFS/data/KADID/extracted/kadid10k/images/I71_24_01.png,I71.png,71,24,1,3.77,0.716,18.4051570892334,0.038549760000023525,1
I71_24_03.png,/kaggle/working/MDFS/data/KADID/extracted/kadid10k/images/I71_24_03.png,I71.png,71,24,3,2.27,0.727,20.55402946472168,0.03820214800089161,1
I71_24_05.png,/kaggle/working/MDFS/data/KADID/extracted/kadid10k/images/I71_24_05.png,I71.png,71,24,5,1.3,0.526,24.21758460998535,0.03809033100060333,1
I71_25_02.png,/kaggle/working/MDFS/data/KADID/extracted/kadid10k/images/I71_25_02.png,I71.png,71,25,2,3.73,0.814,17.880102157592773,0.037846909999643685,1
I71_25_04.png,/kaggle/working/MDFS/data/KADID/extracted/kadid10k/images/I71_25_04.png,I71.png,71,25,4,4.3,0.526,17.093339920043945,0.03917405199990753,1
I72_01_01.png,/kaggle/working/MDFS/data/KADID/extracted/kadid10k/images/I72_01_01.png,I72.png,72,1,1,4.33,0.745,18.031269073486328,0.03950951000024361,1
I72_01_03.png,/kaggle/working/MDFS/data/KADID/extracted/kadid10k/images/I72_01_03.png,I72.png,72,1,3,2.63,0.752,21.056983947753906,0.03854448399943067,1
I72_01_05.png,/kaggle/working/MDFS/data/KADID/extracted/kadid10k/images/I72_01_05.png,I72.png,72,1,5,1.03,0.18,37.75761032104492,0.03660933999981353,1
I72_02_02.png,/kaggle/working/MDFS/data/KADID/extracted/kadid10k/images/I72_02_02.png,I72.png,72,2,2,2.33,0.907,22.57126235961914,0.03983528400021896,1
I72_02_04.png,/kaggle/working/MDFS/data/KADID/extracted/kadid10k/images/I72_02_04.png,I72.png,72,2,4,1.27,0.442,26.984237670898438,0.037995738000063284,1
I72_03_01.png,/kaggle/working/MDFS/data/KADID/extracted/kadid10k/images/I72_03_01.png,I72.png,72,3,1,4.53,0.618,18.031269073486328,0.03867212900058803,1
I72_03_03.png,/kaggle/working/MDFS/data/KADID/extracted/kadid10k/images/I72_03_03.png,I72.png,72,3,3,2.93,0.772,20.508934020996094,0.0381821779992606,1
I72_03_05.png,/kaggle/working/MDFS/data/KADID/extracted/kadid10k/images/I72_03_05.png,I72.png,72,3,5,1.5,0.5,22.81757926940918,0.037177711999902385,1
I72_04_02.png,/kaggle/working/MDFS/data/KADID/extracted/kadid10k/images/I72_04_02.png,I72.png,72,4,2,2.63,1.048,18.461435317993164,0.03822864300036599,1
I72_04_04.png,/kaggle/working/MDFS/data/KADID/extracted/kadid10k/images/I72_04_04.png,I72.png,72,4,4,1.5,0.719,19.138830184936523,0.03691722200073855,1
I72_05_01.png,/kaggle/working/MDFS/data/KADID/extracted/kadid10k/images/I72_05_01.png,I72.png,72,5,1,4.17,0.82,18.904680252075195,0.03794964400003664,1
I72_05_03.png,/kaggle/working/MDFS/data/KADID/extracted/kadid10k/images/I72_05_03.png,I72.png,72,5,3,1.57,0.616,19.10999870300293,0.038676564000525104,1
I72_05_05.png,/kaggle/working/MDFS/data/KADID/extracted/kadid10k/images/I72_05_05.png,I72.png,72,5,5,1.27,0.442,18.673175811767578,0.03978688600000169,1
I72_06_02.png,/kaggle/working/MDFS/data/KADID/extracted/kadid10k/images/I72_06_02.png,I72.png,72,6,2,3.83,0.734,18.723308563232422,0.03755040500072937,1
I72_06_04.png,/kaggle/working/MDFS/data/KADID/extracted/kadid10k/images/I72_06_04.png,I72.png,72,6,4,2.7,0.737,21.194843292236328,0.035444998999992094,1
I72_07_01.png,/kaggle/working/MDFS/data/KADID/extracted/kadid10k/images/I72_07_01.png,I72.png,72,7,1,2.4,1.083,18.421113967895508,0.03855397700044705,1
I72_07_03.png,/kaggle/working/MDFS/data/KADID/extracted/kadid10k/images/I72_07_03.png,I72.png,72,7,3,2.27,0.929,19.885581970214844,0.03715037799975107,1
I72_07_05.png,/kaggle/working/MDFS/data/KADID/extracted/kadid10k/images/I72_07_05.png,I72.png,72,7,5,2.23,0.844,18.824825286865234,0.037468124000042735,1
I72_08_02.png,/kaggle/working/MDFS/data/KADID/extracted/kadid10k/images/I72_08_02.png,I72.png,72,8,2,3.33,0.869,18.31647491455078,0.03817289299968252,1
I72_08_04.png,/kaggle/working/MDFS/data/KADID/extracted/kadid10k/images/I72_08_04.png,I72.png,72,8,4,1.3,0.586,19.499488830566406,0.03839497399985703,1
I72_09_01.png,/kaggle/working/MDFS/data/KADID/extracted/kadid10k/images/I72_09_01.png,I72.png,72,9,1,4.47,0.763,18.626358032226562,0.03873139600000286,1
I72_09_03.png,/kaggle/working/MDFS/data/KADID/extracted/kadid10k/images/I72_09_03.png,I72.png,72,9,3,4.06,0.704,22.270240783691406,0.03975725200052693,1
I72_09_05.png,/kaggle/working/MDFS/data/KADID/extracted/kadid10k/images/I72_09_05.png,I72.png,72,9,5,1.4,0.49,33.717376708984375,0.03928375000032247,1
I72_10_02.png,/kaggle/working/MDFS/data/KADID/extracted/kadid10k/images/I72_10_02.png,I72.png,72,10,2,4.03,0.912,20.131052017211914,0.0389947840003515,1
I72_10_04.png,/kaggle/working/MDFS/data/KADID/extracted/kadid10k/images/I72_10_04.png,I72.png,72,10,4,1.83,0.778,27.688886642456055,0.037345468000239634,1
I72_11_01.png,/kaggle/working/MDFS/data/KADID/extracted/kadid10k/images/I72_11_01.png,I72.png,72,11,1,3.93,0.727,19.32866668701172,0.03787240399924485,1
I72_11_03.png,/kaggle/working/MDFS/data/KADID/extracted/kadid10k/images/I72_11_03.png,I72.png,72,11,3,3.0,0.966,21.910106658935547,0.03760240799965686,1
I72_11_05.png,/kaggle/working/MDFS/data/KADID/extracted/kadid10k/images/I72_11_05.png,I72.png,72,11,5,2.33,0.745,25.896961212158203,0.037336852999942494,1
I72_12_02.png,/kaggle/working/MDFS/data/KADID/extracted/kadid10k/images/I72_12_02.png,I72.png,72,12,2,3.53,0.884,19.726606369018555,0.03744425900003989,1
I72_12_04.png,/kaggle/working/MDFS/data/KADID/extracted/kadid10k/images/I72_12_04.png,I72.png,72,12,4,2.63,0.836,23.60375213623047,0.037614371000017854,1
I72_13_01.png,/kaggle/working/MDFS/data/KADID/extracted/kadid10k/images/I72_13_01.png,I72.png,72,13,1,3.87,0.884,18.416223526000977,0.04035489099987899,1
I72_13_03.png,/kaggle/working/MDFS/data/KADID/extracted/kadid10k/images/I72_13_03.png,I72.png,72,13,3,2.63,0.752,20.4265193939209,0.038988581000012346,1
I72_13_05.png,/kaggle/working/MDFS/data/KADID/extracted/kadid10k/images/I72_13_05.png,I72.png,72,13,5,2.1,0.746,25.517154693603516,0.03900434800016228,1
I72_14_02.png,/kaggle/working/MDFS/data/KADID/extracted/kadid10k/images/I72_14_02.png,I72.png,72,14,2,3.23,0.716,21.37002944946289,0.037437115000102494,1
I72_14_04.png,/kaggle/working/MDFS/data/KADID/extracted/kadid10k/images/I72_14_04.png,I72.png,72,14,4,2.43,0.616,21.973115921020508,0.03687956599969766,1
I72_15_01.png,/kaggle/working/MDFS/data/KADID/extracted/kadid10k/images/I72_15_01.png,I72.png,72,15,1,3.77,0.761,19.656517028808594,0.03913979900062259,1
I72_15_03.png,/kaggle/working/MDFS/data/KADID/extracted/kadid10k/images/I72_15_03.png,I72.png,72,15,3,2.47,0.884,22.54630470275879,0.03688023700033227,1
I72_15_05.png,/kaggle/working/MDFS/data/KADID/extracted/kadid10k/images/I72_15_05.png,I72.png,72,15,5,1.57,0.496,25.996604919433594,0.03575850600009289,1
I72_16_02.png,/kaggle/working/MDFS/data/KADID/extracted/kadid10k/images/I72_16_02.png,I72.png,72,16,2,4.0,0.816,18.19548988342285,0.038469097000415786,1
I72_16_04.png,/kaggle/working/MDFS/data/KADID/extracted/kadid10k/images/I72_16_04.png,I72.png,72,16,4,2.33,0.907,21.760578155517578,0.03814966400022968,1
I72_17_01.png,/kaggle/working/MDFS/data/KADID/extracted/kadid10k/images/I72_17_01.png,I72.png,72,17,1,4.5,0.563,18.009069442749023,0.03975195499970141,1
I72_17_03.png,/kaggle/working/MDFS/data/KADID/extracted/kadid10k/images/I72_17_03.png,I72.png,72,17,3,4.6,0.49,17.996503829956055,0.03967056500005128,1
I72_17_05.png,/kaggle/working/MDFS/data/KADID/extracted/kadid10k/images/I72_17_05.png,I72.png,72,17,5,2.2,0.748,19.70633888244629,0.03963316199951805,1
I72_18_02.png,/kaggle/working/MDFS/data/KADID/extracted/kadid10k/images/I72_18_02.png,I72.png,72,18,2,4.23,0.616,18.353788375854492,0.038927831999899354,1
I72_18_04.png,/kaggle/working/MDFS/data/KADID/extracted/kadid10k/images/I72_18_04.png,I72.png,72,18,4,4.17,0.734,18.23832130432129,0.03852501700021094,1
I72_19_01.png,/kaggle/working/MDFS/data/KADID/extracted/kadid10k/images/I72_19_01.png,I72.png,72,19,1,4.2,0.6,17.918773651123047,0.03830161399946519,1
I72_19_03.png,/kaggle/working/MDFS/data/KADID/extracted/kadid10k/images/I72_19_03.png,I72.png,72,19,3,2.5,0.847,18.01692771911621,0.0375144449999425,1
I72_19_05.png,/kaggle/working/MDFS/data/KADID/extracted/kadid10k/images/I72_19_05.png,I72.png,72,19,5,1.3,0.458,23.703161239624023,0.03543491900018125,1
I72_20_02.png,/kaggle/working/MDFS/data/KADID/extracted/kadid10k/images/I72_20_02.png,I72.png,72,20,2,3.9,0.978,18.012821197509766,0.03968905100009579,1
I72_20_04.png,/kaggle/working/MDFS/data/KADID/extracted/kadid10k/images/I72_20_04.png,I72.png,72,20,4,3.6,1.2,17.909040451049805,0.03871026000069833,1
I72_21_01.png,/kaggle/working/MDFS/data/KADID/extracted/kadid10k/images/I72_21_01.png,I72.png,72,21,1,3.73,1.031,17.73469352722168,0.03856791299949691,1
I72_21_03.png,/kaggle/working/MDFS/data/KADID/extracted/kadid10k/images/I72_21_03.png,I72.png,72,21,3,1.97,0.822,18.57396697998047,0.0380820650007081,1
I72_21_05.png,/kaggle/working/MDFS/data/KADID/extracted/kadid10k/images/I72_21_05.png,I72.png,72,21,5,1.23,0.423,29.59604263305664,0.03656283899999835,1
I72_22_02.png,/kaggle/working/MDFS/data/KADID/extracted/kadid10k/images/I72_22_02.png,I72.png,72,22,2,4.1,0.746,18.349716186523438,0.037656188999790174,1
I72_22_04.png,/kaggle/working/MDFS/data/KADID/extracted/kadid10k/images/I72_22_04.png,I72.png,72,22,4,3.53,1.118,19.3071231842041,0.03593448500032537,1
I72_23_01.png,/kaggle/working/MDFS/data/KADID/extracted/kadid10k/images/I72_23_01.png,I72.png,72,23,1,2.2,0.98,17.972017288208008,0.037693338000281074,1
I72_23_03.png,/kaggle/working/MDFS/data/KADID/extracted/kadid10k/images/I72_23_03.png,I72.png,72,23,3,1.93,0.727,18.024492263793945,0.03738478000013856,1
I72_23_05.png,/kaggle/working/MDFS/data/KADID/extracted/kadid10k/images/I72_23_05.png,I72.png,72,23,5,1.97,0.782,17.890928268432617,0.038431459999628714,1
I72_24_02.png,/kaggle/working/MDFS/data/KADID/extracted/kadid10k/images/I72_24_02.png,I72.png,72,24,2,1.8,0.748,21.109437942504883,0.039080222999473335,1
I72_24_04.png,/kaggle/working/MDFS/data/KADID/extracted/kadid10k/images/I72_24_04.png,I72.png,72,24,4,1.27,0.442,23.647939682006836,0.039007112000035704,1
I72_25_01.png,/kaggle/working/MDFS/data/KADID/extracted/kadid10k/images/I72_25_01.png,I72.png,72,25,1,2.5,0.885,19.743776321411133,0.03883562099963456,1
I72_25_03.png,/kaggle/working/MDFS/data/KADID/extracted/kadid10k/images/I72_25_03.png,I72.png,72,25,3,4.07,0.929,18.143835067749023,0.03814797499944689,1
I72_25_05.png,/kaggle/working/MDFS/data/KADID/extracted/kadid10k/images/I72_25_05.png,I72.png,72,25,5,3.5,0.764,17.934364318847656,0.037910906999968574,1
I73_01_02.png,/kaggle/working/MDFS/data/KADID/extracted/kadid10k/images/I73_01_02.png,I73.png,73,1,2,4.6,0.49,17.486474990844727,0.03686538200054201,1
I73_01_04.png,/kaggle/working/MDFS/data/KADID/extracted/kadid10k/images/I73_01_04.png,I73.png,73,1,4,1.93,0.512,27.85542869567871,0.03659396800048853,1
I73_02_01.png,/kaggle/working/MDFS/data/KADID/extracted/kadid10k/images/I73_02_01.png,I73.png,73,2,1,4.33,0.745,17.740835189819336,0.03748554600042553,1
I73_02_03.png,/kaggle/working/MDFS/data/KADID/extracted/kadid10k/images/I73_02_03.png,I73.png,73,2,3,1.8,0.653,23.702016830444336,0.03766720499970688,1
I73_02_05.png,/kaggle/working/MDFS/data/KADID/extracted/kadid10k/images/I73_02_05.png,I73.png,73,2,5,1.17,0.373,28.993371963500977,0.03845510200062563,1
I73_03_02.png,/kaggle/working/MDFS/data/KADID/extracted/kadid10k/images/I73_03_02.png,I73.png,73,3,2,4.43,0.716,18.00305938720703,0.0383208889998059,1
I73_03_04.png,/kaggle/working/MDFS/data/KADID/extracted/kadid10k/images/I73_03_04.png,I73.png,73,3,4,2.2,0.702,19.26419448852539,0.03901434900035383,1
I73_04_01.png,/kaggle/working/MDFS/data/KADID/extracted/kadid10k/images/I73_04_01.png,I73.png,73,4,1,4.5,0.5,18.018022537231445,0.0381756780006981,1
I73_04_03.png,/kaggle/working/MDFS/data/KADID/extracted/kadid10k/images/I73_04_03.png,I73.png,73,4,3,2.03,0.948,20.65620231628418,0.03722503599965421,1
I73_04_05.png,/kaggle/working/MDFS/data/KADID/extracted/kadid10k/images/I73_04_05.png,I73.png,73,4,5,1.4,0.49,21.978178024291992,0.03666338299990457,1
I73_05_02.png,/kaggle/working/MDFS/data/KADID/extracted/kadid10k/images/I73_05_02.png,I73.png,73,5,2,3.2,1.194,18.995084762573242,0.038228950000302575,1
I73_05_04.png,/kaggle/working/MDFS/data/KADID/extracted/kadid10k/images/I73_05_04.png,I73.png,73,5,4,2.47,1.056,18.630233764648438,0.03835373000038089,1
I73_06_01.png,/kaggle/working/MDFS/data/KADID/extracted/kadid10k/images/I73_06_01.png,I73.png,73,6,1,4.53,0.499,19.16550064086914,0.03726176999953168,1
I73_06_03.png,/kaggle/working/MDFS/data/KADID/extracted/kadid10k/images/I73_06_03.png,I73.png,73,6,3,4.07,0.772,19.60723114013672,0.037924353000562405,1
I73_06_05.png,/kaggle/working/MDFS/data/KADID/extracted/kadid10k/images/I73_06_05.png,I73.png,73,6,5,3.2,1.013,21.816434860229492,0.03557338399969012,1
I73_07_02.png,/kaggle/working/MDFS/data/KADID/extracted/kadid10k/images/I73_07_02.png,I73.png,73,7,2,2.57,0.989,18.950456619262695,0.038376454999706766,1
I73_07_04.png,/kaggle/working/MDFS/data/KADID/extracted/kadid10k/images/I73_07_04.png,I73.png,73,7,4,2.37,1.048,21.725143432617188,0.03708690999974351,1
I73_08_01.png,/kaggle/working/MDFS/data/KADID/extracted/kadid10k/images/I73_08_01.png,I73.png,73,8,1,4.57,0.559,18.092458724975586,0.03758250000009866,1
I73_08_03.png,/kaggle/working/MDFS/data/KADID/extracted/kadid10k/images/I73_08_03.png,I73.png,73,8,3,2.97,0.836,19.623645782470703,0.037660725000023376,1
I73_08_05.png,/kaggle/working/MDFS/data/KADID/extracted/kadid10k/images/I73_08_05.png,I73.png,73,8,5,1.94,0.619,22.303808212280273,0.03773686499971518,1
I73_09_02.png,/kaggle/working/MDFS/data/KADID/extracted/kadid10k/images/I73_09_02.png,I73.png,73,9,2,3.93,0.629,20.52889060974121,0.03927669499989861,1
I73_09_04.png,/kaggle/working/MDFS/data/KADID/extracted/kadid10k/images/I73_09_04.png,I73.png,73,9,4,1.8,0.653,27.401090621948242,0.0402301059993988,1
I73_10_01.png,/kaggle/working/MDFS/data/KADID/extracted/kadid10k/images/I73_10_01.png,I73.png,73,10,1,4.53,0.67,18.959564208984375,0.038758317999963765,1
I73_10_03.png,/kaggle/working/MDFS/data/KADID/extracted/kadid10k/images/I73_10_03.png,I73.png,73,10,3,3.63,0.875,19.538454055786133,0.03798851699957595,1
I73_10_05.png,/kaggle/working/MDFS/data/KADID/extracted/kadid10k/images/I73_10_05.png,I73.png,73,10,5,1.27,0.442,28.491119384765625,0.03630468800020026,1
I73_11_02.png,/kaggle/working/MDFS/data/KADID/extracted/kadid10k/images/I73_11_02.png,I73.png,73,11,2,3.53,0.67,21.061031341552734,0.036813722000260896,1
I73_11_04.png,/kaggle/working/MDFS/data/KADID/extracted/kadid10k/images/I73_11_04.png,I73.png,73,11,4,2.73,0.68,23.381418228149414,0.035803159000352025,1
I73_12_01.png,/kaggle/working/MDFS/data/KADID/extracted/kadid10k/images/I73_12_01.png,I73.png,73,12,1,4.6,0.663,19.03498077392578,0.036805773000196496,1
I73_12_03.png,/kaggle/working/MDFS/data/KADID/extracted/kadid10k/images/I73_12_03.png,I73.png,73,12,3,3.03,0.875,21.3886775970459,0.03806223300034617,1
I73_12_05.png,/kaggle/working/MDFS/data/KADID/extracted/kadid10k/images/I73_12_05.png,I73.png,73,12,5,2.23,0.616,24.950517654418945,0.03788171999985934,1
I73_13_02.png,/kaggle/working/MDFS/data/KADID/extracted/kadid10k/images/I73_13_02.png,I73.png,73,13,2,2.73,0.727,19.829824447631836,0.03780539499985025,1
I73_13_04.png,/kaggle/working/MDFS/data/KADID/extracted/kadid10k/images/I73_13_04.png,I73.png,73,13,4,2.4,0.841,23.551420211791992,0.03761888099961652,1
I73_14_01.png,/kaggle/working/MDFS/data/KADID/extracted/kadid10k/images/I73_14_01.png,I73.png,73,14,1,4.6,0.554,18.862550735473633,0.03703501500058337,1
I73_14_03.png,/kaggle/working/MDFS/data/KADID/extracted/kadid10k/images/I73_14_03.png,I73.png,73,14,3,2.73,0.772,20.69170570373535,0.03632050699980027,1
I73_14_05.png,/kaggle/working/MDFS/data/KADID/extracted/kadid10k/images/I73_14_05.png,I73.png,73,14,5,1.93,0.629,23.833677291870117,0.03699833099926764,1
I73_15_02.png,/kaggle/working/MDFS/data/KADID/extracted/kadid10k/images/I73_15_02.png,I73.png,73,15,2,2.63,0.706,21.110797882080078,0.03866368799936026,1
I73_15_04.png,/kaggle/working/MDFS/data/KADID/extracted/kadid10k/images/I73_15_04.png,I73.png,73,15,4,1.8,0.4,23.197608947753906,0.03872801199941023,1
I73_16_01.png,/kaggle/working/MDFS/data/KADID/extracted/kadid10k/images/I73_16_01.png,I73.png,73,16,1,4.57,0.667,18.054222106933594,0.03836096999930305,1
I73_16_03.png,/kaggle/working/MDFS/data/KADID/extracted/kadid10k/images/I73_16_03.png,I73.png,73,16,3,4.0,0.577,18.031339645385742,0.038125963999846135,1
I73_16_05.png,/kaggle/working/MDFS/data/KADID/extracted/kadid10k/images/I73_16_05.png,I73.png,73,16,5,2.17,1.003,21.261938095092773,0.036681623000731634,1
I73_17_02.png,/kaggle/working/MDFS/data/KADID/extracted/kadid10k/images/I73_17_02.png,I73.png,73,17,2,4.6,0.49,18.127391815185547,0.037063810999825364,1
I73_17_04.png,/kaggle/working/MDFS/data/KADID/extracted/kadid10k/images/I73_17_04.png,I73.png,73,17,4,3.83,0.637,18.26171112060547,0.03715199999987817,1
I73_18_01.png,/kaggle/working/MDFS/data/KADID/extracted/kadid10k/images/I73_18_01.png,I73.png,73,18,1,4.17,0.687,18.30512809753418,0.03785407600025792,1
I73_18_03.png,/kaggle/working/MDFS/data/KADID/extracted/kadid10k/images/I73_18_03.png,I73.png,73,18,3,4.63,0.482,18.092458724975586,0.03815080099957413,1
I73_18_05.png,/kaggle/working/MDFS/data/KADID/extracted/kadid10k/images/I73_18_05.png,I73.png,73,18,5,4.27,0.512,18.453887939453125,0.03826809200018033,1
I73_19_02.png,/kaggle/working/MDFS/data/KADID/extracted/kadid10k/images/I73_19_02.png,I73.png,73,19,2,4.03,0.605,17.689592361450195,0.03772788300011598,1
I73_19_04.png,/kaggle/working/MDFS/data/KADID/extracted/kadid10k/images/I73_19_04.png,I73.png,73,19,4,1.67,0.471,19.175573348999023,0.03728686799968273,1
I73_20_01.png,/kaggle/working/MDFS/data/KADID/extracted/kadid10k/images/I73_20_01.png,I73.png,73,20,1,3.33,0.978,18.03797721862793,0.03756443400015996,1
I73_20_03.png,/kaggle/working/MDFS/data/KADID/extracted/kadid10k/images/I73_20_03.png,I73.png,73,20,3,2.43,1.086,17.896114349365234,0.03787832299985894,1
I73_20_05.png,/kaggle/working/MDFS/data/KADID/extracted/kadid10k/images/I73_20_05.png,I73.png,73,20,5,2.4,0.8,17.90767478942871,0.03724599099950865,1
I73_21_02.png,/kaggle/working/MDFS/data/KADID/extracted/kadid10k/images/I73_21_02.png,I73.png,73,21,2,2.7,0.823,17.898822784423828,0.03810441499990702,1
I73_21_04.png,/kaggle/working/MDFS/data/KADID/extracted/kadid10k/images/I73_21_04.png,I73.png,73,21,4,2.07,0.814,18.870452880859375,0.03750345400021615,1
I73_22_01.png,/kaggle/working/MDFS/data/KADID/extracted/kadid10k/images/I73_22_01.png,I73.png,73,22,1,4.33,0.596,18.448190689086914,0.03752276799968968,1
I73_22_03.png,/kaggle/working/MDFS/data/KADID/extracted/kadid10k/images/I73_22_03.png,I73.png,73,22,3,3.8,0.98,18.815723419189453,0.03808602499975677,1
I73_22_05.png,/kaggle/working/MDFS/data/KADID/extracted/kadid10k/images/I73_22_05.png,I73.png,73,22,5,2.93,0.964,20.129981994628906,0.03578112200011674,1
I73_23_02.png,/kaggle/working/MDFS/data/KADID/extracted/kadid10k/images/I73_23_02.png,I73.png,73,23,2,2.33,0.65,18.049148559570312,0.038988852000329643,1
I73_23_04.png,/kaggle/working/MDFS/data/KADID/extracted/kadid10k/images/I73_23_04.png,I73.png,73,23,4,2.07,0.854,18.059011459350586,0.03916212300009647,1
I73_24_01.png,/kaggle/working/MDFS/data/KADID/extracted/kadid10k/images/I73_24_01.png,I73.png,73,24,1,4.3,0.64,19.09425926208496,0.04014802400070039,1
I73_24_03.png,/kaggle/working/MDFS/data/KADID/extracted/kadid10k/images/I73_24_03.png,I73.png,73,24,3,2.47,0.806,20.621252059936523,0.03919799600043916,1
I73_24_05.png,/kaggle/working/MDFS/data/KADID/extracted/kadid10k/images/I73_24_05.png,I73.png,73,24,5,1.53,0.718,23.907670974731445,0.037841631000446796,1
I73_25_02.png,/kaggle/working/MDFS/data/KADID/extracted/kadid10k/images/I73_25_02.png,I73.png,73,25,2,4.09,0.514,18.19539451599121,0.03883755100014241,1
I73_25_04.png,/kaggle/working/MDFS/data/KADID/extracted/kadid10k/images/I73_25_04.png,I73.png,73,25,4,4.23,0.616,18.092878341674805,0.03952437899988581,1
I74_01_01.png,/kaggle/working/MDFS/data/KADID/extracted/kadid10k/images/I74_01_01.png,I74.png,74,1,1,4.7,0.458,17.85791778564453,0.04065515999991476,1
I74_01_03.png,/kaggle/working/MDFS/data/KADID/extracted/kadid10k/images/I74_01_03.png,I74.png,74,1,3,3.0,0.73,21.870361328125,0.04007672099942283,1
I74_01_05.png,/kaggle/working/MDFS/data/KADID/extracted/kadid10k/images/I74_01_05.png,I74.png,74,1,5,1.4,0.554,39.27823257446289,0.039373006999994686,1
I74_02_02.png,/kaggle/working/MDFS/data/KADID/extracted/kadid10k/images/I74_02_02.png,I74.png,74,2,2,2.87,0.763,23.649402618408203,0.040342023000448535,1
I74_02_04.png,/kaggle/working/MDFS/data/KADID/extracted/kadid10k/images/I74_02_04.png,I74.png,74,2,4,1.37,0.605,29.617759704589844,0.04391150900028151,1
I74_03_01.png,/kaggle/working/MDFS/data/KADID/extracted/kadid10k/images/I74_03_01.png,I74.png,74,3,1,4.57,0.559,17.85791778564453,0.03966110600049433,1
I74_03_03.png,/kaggle/working/MDFS/data/KADID/extracted/kadid10k/images/I74_03_03.png,I74.png,74,3,3,3.0,0.718,21.607892990112305,0.03974244399978488,1
I74_03_05.png,/kaggle/working/MDFS/data/KADID/extracted/kadid10k/images/I74_03_05.png,I74.png,74,3,5,1.73,0.814,23.4982967376709,0.03936326199982432,1
I74_04_02.png,/kaggle/working/MDFS/data/KADID/extracted/kadid10k/images/I74_04_02.png,I74.png,74,4,2,2.9,1.075,19.43079376220703,0.040051737999419856,1
I74_04_04.png,/kaggle/working/MDFS/data/KADID/extracted/kadid10k/images/I74_04_04.png,I74.png,74,4,4,2.13,0.763,19.545244216918945,0.059974339000291366,1
I74_05_01.png,/kaggle/working/MDFS/data/KADID/extracted/kadid10k/images/I74_05_01.png,I74.png,74,5,1,4.6,0.49,18.506675720214844,0.0486041309995926,1
I74_05_03.png,/kaggle/working/MDFS/data/KADID/extracted/kadid10k/images/I74_05_03.png,I74.png,74,5,3,1.8,0.748,19.122095108032227,0.039488420999987284,1
I74_05_05.png,/kaggle/working/MDFS/data/KADID/extracted/kadid10k/images/I74_05_05.png,I74.png,74,5,5,1.3,0.526,18.72406005859375,0.0393296440006452,1
I74_06_02.png,/kaggle/working/MDFS/data/KADID/extracted/kadid10k/images/I74_06_02.png,I74.png,74,6,2,4.23,0.496,19.24492645263672,0.036434755000300356,1
I74_06_04.png,/kaggle/working/MDFS/data/KADID/extracted/kadid10k/images/I74_06_04.png,I74.png,74,6,4,3.23,0.883,21.102157592773438,0.03620601300008275,1
I74_07_01.png,/kaggle/working/MDFS/data/KADID/extracted/kadid10k/images/I74_07_01.png,I74.png,74,7,1,2.73,1.153,18.126827239990234,0.0393689180000365,1
I74_07_03.png,/kaggle/working/MDFS/data/KADID/extracted/kadid10k/images/I74_07_03.png,I74.png,74,7,3,2.8,1.222,19.92812728881836,0.03921994599932077,1
I74_07_05.png,/kaggle/working/MDFS/data/KADID/extracted/kadid10k/images/I74_07_05.png,I74.png,74,7,5,2.4,0.952,19.52314567565918,0.03900899499967636,1
I74_08_02.png,/kaggle/working/MDFS/data/KADID/extracted/kadid10k/images/I74_08_02.png,I74.png,74,8,2,3.0,0.916,18.545949935913086,0.03923527499955526,1
I74_08_04.png,/kaggle/working/MDFS/data/KADID/extracted/kadid10k/images/I74_08_04.png,I74.png,74,8,4,1.83,0.778,20.435239791870117,0.03964928499954112,1
I74_09_01.png,/kaggle/working/MDFS/data/KADID/extracted/kadid10k/images/I74_09_01.png,I74.png,74,9,1,4.4,0.49,18.446331024169922,0.039343534000181535,1
I74_09_03.png,/kaggle/working/MDFS/data/KADID/extracted/kadid10k/images/I74_09_03.png,I74.png,74,9,3,4.03,0.706,21.618350982666016,0.038735631000236026,1
I74_09_05.png,/kaggle/working/MDFS/data/KADID/extracted/kadid10k/images/I74_09_05.png,I74.png,74,9,5,1.23,0.423,34.81988525390625,0.03797973600012483,1
I74_10_02.png,/kaggle/working/MDFS/data/KADID/extracted/kadid10k/images/I74_10_02.png,I74.png,74,10,2,4.5,0.563,18.99520492553711,0.03869483200014656,1
I74_10_04.png,/kaggle/working/MDFS/data/KADID/extracted/kadid10k/images/I74_10_04.png,I74.png,74,10,4,2.9,0.978,28.050933837890625,0.04868437400000403,1
I74_11_01.png,/kaggle/working/MDFS/data/KADID/extracted/kadid10k/images/I74_11_01.png,I74.png,74,11,1,4.4,0.611,19.01517677307129,0.035455932000331813,1
I74_11_03.png,/kaggle/working/MDFS/data/KADID/extracted/kadid10k/images/I74_11_03.png,I74.png,74,11,3,3.73,0.998,21.833982467651367,0.03542895699956716,1
I74_11_05.png,/kaggle/working/MDFS/data/KADID/extracted/kadid10k/images/I74_11_05.png,I74.png,74,11,5,3.23,0.844,26.18950653076172,0.0360738859999401,1
I74_12_02.png,/kaggle/working/MDFS/data/KADID/extracted/kadid10k/images/I74_12_02.png,I74.png,74,12,2,4.37,0.605,19.312681198120117,0.03775855700041575,1
I74_12_04.png,/kaggle/working/MDFS/data/KADID/extracted/kadid10k/images/I74_12_04.png,I74.png,74,12,4,3.58,0.908,23.53635025024414,0.03871295400040253,1
I74_13_01.png,/kaggle/working/MDFS/data/KADID/extracted/kadid10k/images/I74_13_01.png,I74.png,74,13,1,4.2,0.945,17.926057815551758,0.0404284109999935,1
I74_13_03.png,/kaggle/working/MDFS/data/KADID/extracted/kadid10k/images/I74_13_03.png,I74.png,74,13,3,3.0,1.095,20.604265213012695,0.03932030600026337,1
I74_13_05.png,/kaggle/working/MDFS/data/KADID/extracted/kadid10k/images/I74_13_05.png,I74.png,74,13,5,2.13,0.67,23.605737686157227,0.03792160600005445,1
I74_14_02.png,/kaggle/working/MDFS/data/KADID/extracted/kadid10k/images/I74_14_02.png,I74.png,74,14,2,4.3,0.781,20.9361629486084,0.038016427000002295,1
I74_14_04.png,/kaggle/working/MDFS/data/KADID/extracted/kadid10k/images/I74_14_04.png,I74.png,74,14,4,3.0,0.816,24.557228088378906,0.03677474699998129,1
I74_15_01.png,/kaggle/working/MDFS/data/KADID/extracted/kadid10k/images/I74_15_01.png,I74.png,74,15,1,4.07,0.814,19.39336585998535,0.03942641400044522,1
I74_15_03.png,/kaggle/working/MDFS/data/KADID/extracted/kadid10k/images/I74_15_03.png,I74.png,74,15,3,2.53,0.618,22.029338836669922,0.03896351099956519,1
I74_15_05.png,/kaggle/working/MDFS/data/KADID/extracted/kadid10k/images/I74_15_05.png,I74.png,74,15,5,1.87,0.562,25.322559356689453,0.0382283600001756,1
I74_16_02.png,/kaggle/working/MDFS/data/KADID/extracted/kadid10k/images/I74_16_02.png,I74.png,74,16,2,4.42,0.661,18.02610206604004,0.03817717499987339,1
I74_16_04.png,/kaggle/working/MDFS/data/KADID/extracted/kadid10k/images/I74_16_04.png,I74.png,74,16,4,2.6,0.879,19.464447021484375,0.038704069000232266,1
I74_17_01.png,/kaggle/working/MDFS/data/KADID/extracted/kadid10k/images/I74_17_01.png,I74.png,74,17,1,4.8,0.4,17.815092086791992,0.039471502999731456,1
I74_17_03.png,/kaggle/working/MDFS/data/KADID/extracted/kadid10k/images/I74_17_03.png,I74.png,74,17,3,4.17,0.898,17.704633712768555,0.039500359000157914,1
I74_17_05.png,/kaggle/working/MDFS/data/KADID/extracted/kadid10k/images/I74_17_05.png,I74.png,74,17,5,2.67,0.978,19.418855667114258,0.038865376000103424,1
I74_18_02.png,/kaggle/working/MDFS/data/KADID/extracted/kadid10k/images/I74_18_02.png,I74.png,74,18,2,4.6,0.49,17.902040481567383,0.03949981999994634,1
I74_18_04.png,/kaggle/working/MDFS/data/KADID/extracted/kadid10k/images/I74_18_04.png,I74.png,74,18,4,4.4,0.49,18.113080978393555,0.03940731300008338,1
I74_19_01.png,/kaggle/working/MDFS/data/KADID/extracted/kadid10k/images/I74_19_01.png,I74.png,74,19,1,4.33,0.745,17.82033348083496,0.042042429000503034,1
I74_19_03.png,/kaggle/working/MDFS/data/KADID/extracted/kadid10k/images/I74_19_03.png,I74.png,74,19,3,2.73,0.727,18.532686233520508,0.03841105500032427,1
I74_19_05.png,/kaggle/working/MDFS/data/KADID/extracted/kadid10k/images/I74_19_05.png,I74.png,74,19,5,1.53,0.499,26.6026611328125,0.038376570999389514,1
I74_20_02.png,/kaggle/working/MDFS/data/KADID/extracted/kadid10k/images/I74_20_02.png,I74.png,74,20,2,3.67,1.135,17.824007034301758,0.03944744000000355,1
I74_20_04.png,/kaggle/working/MDFS/data/KADID/extracted/kadid10k/images/I74_20_04.png,I74.png,74,20,4,3.1,1.136,17.926057815551758,0.03864970999984507,1
I74_21_01.png,/kaggle/working/MDFS/data/KADID/extracted/kadid10k/images/I74_21_01.png,I74.png,74,21,1,3.93,1.031,18.191303253173828,0.03921046899995417,1
I74_21_03.png,/kaggle/working/MDFS/data/KADID/extracted/kadid10k/images/I74_21_03.png,I74.png,74,21,3,2.27,0.68,19.45273780822754,0.037055110999972385,1
I74_21_05.png,/kaggle/working/MDFS/data/KADID/extracted/kadid10k/images/I74_21_05.png,I74.png,74,21,5,1.47,0.618,31.745725631713867,0.0341617040003257,1
I74_22_02.png,/kaggle/working/MDFS/data/KADID/extracted/kadid10k/images/I74_22_02.png,I74.png,74,22,2,4.5,0.563,18.125211715698242,0.03921816599995509,1
I74_22_04.png,/kaggle/working/MDFS/data/KADID/extracted/kadid10k/images/I74_22_04.png,I74.png,74,22,4,4.4,0.554,18.83363914489746,0.03877256600026158,1
I74_23_01.png,/kaggle/working/MDFS/data/KADID/extracted/kadid10k/images/I74_23_01.png,I74.png,74,23,1,2.27,1.031,17.940715789794922,0.04081962100008241,1
I74_23_03.png,/kaggle/working/MDFS/data/KADID/extracted/kadid10k/images/I74_23_03.png,I74.png,74,23,3,2.23,0.883,17.998504638671875,0.040151524000066274,1
I74_23_05.png,/kaggle/working/MDFS/data/KADID/extracted/kadid10k/images/I74_23_05.png,I74.png,74,23,5,2.03,0.795,18.27233123779297,0.03932485999939672,1
I74_24_02.png,/kaggle/working/MDFS/data/KADID/extracted/kadid10k/images/I74_24_02.png,I74.png,74,24,2,2.63,0.875,22.41179084777832,0.03917002699927252,1
I74_24_04.png,/kaggle/working/MDFS/data/KADID/extracted/kadid10k/images/I74_24_04.png,I74.png,74,24,4,1.73,0.727,27.787044525146484,0.0382077020003635,1
I74_25_01.png,/kaggle/working/MDFS/data/KADID/extracted/kadid10k/images/I74_25_01.png,I74.png,74,25,1,3.5,0.992,18.696327209472656,0.0394091580001259,1
I74_25_03.png,/kaggle/working/MDFS/data/KADID/extracted/kadid10k/images/I74_25_03.png,I74.png,74,25,3,4.43,0.559,17.923839569091797,0.03920478700001695,1
I74_25_05.png,/kaggle/working/MDFS/data/KADID/extracted/kadid10k/images/I74_25_05.png,I74.png,74,25,5,3.03,0.875,17.966190338134766,0.038399688999561477,1
I75_01_02.png,/kaggle/working/MDFS/data/KADID/extracted/kadid10k/images/I75_01_02.png,I75.png,75,1,2,4.43,0.496,18.071470260620117,0.03883282500009955,1
I75_01_04.png,/kaggle/working/MDFS/data/KADID/extracted/kadid10k/images/I75_01_04.png,I75.png,75,1,4,1.87,0.718,32.28844451904297,0.037689828999646124,1
I75_02_01.png,/kaggle/working/MDFS/data/KADID/extracted/kadid10k/images/I75_02_01.png,I75.png,75,2,1,4.03,0.752,19.18350601196289,0.038426262000029965,1
I75_02_03.png,/kaggle/working/MDFS/data/KADID/extracted/kadid10k/images/I75_02_03.png,I75.png,75,2,3,1.52,0.561,31.3560733795166,0.037175571999796375,1
I75_02_05.png,/kaggle/working/MDFS/data/KADID/extracted/kadid10k/images/I75_02_05.png,I75.png,75,2,5,1.27,0.512,36.74639129638672,0.03747713100074179,1
I75_03_02.png,/kaggle/working/MDFS/data/KADID/extracted/kadid10k/images/I75_03_02.png,I75.png,75,3,2,3.97,0.657,18.47018051147461,0.04008415599946602,1
I75_03_04.png,/kaggle/working/MDFS/data/KADID/extracted/kadid10k/images/I75_03_04.png,I75.png,75,3,4,2.03,0.795,21.41287612915039,0.03973852699982672,1
I75_04_01.png,/kaggle/working/MDFS/data/KADID/extracted/kadid10k/images/I75_04_01.png,I75.png,75,4,1,4.47,0.562,18.088502883911133,0.03915417400003207,1
I75_04_03.png,/kaggle/working/MDFS/data/KADID/extracted/kadid10k/images/I75_04_03.png,I75.png,75,4,3,1.73,0.854,23.88695526123047,0.03843877600047563,1
I75_04_05.png,/kaggle/working/MDFS/data/KADID/extracted/kadid10k/images/I75_04_05.png,I75.png,75,4,5,1.6,0.663,29.02722930908203,0.037840562000383215,1
I75_05_02.png,/kaggle/working/MDFS/data/KADID/extracted/kadid10k/images/I75_05_02.png,I75.png,75,5,2,1.93,0.727,19.535905838012695,0.03990673099997366,1
I75_05_04.png,/kaggle/working/MDFS/data/KADID/extracted/kadid10k/images/I75_05_04.png,I75.png,75,5,4,1.6,0.663,19.23946189880371,0.03898214800028654,1
I75_06_01.png,/kaggle/working/MDFS/data/KADID/extracted/kadid10k/images/I75_06_01.png,I75.png,75,6,1,4.33,0.596,20.333568572998047,0.036233317000551324,1
I75_06_03.png,/kaggle/working/MDFS/data/KADID/extracted/kadid10k/images/I75_06_03.png,I75.png,75,6,3,3.93,0.929,21.23438262939453,0.034326070999668445,1
I75_06_05.png,/kaggle/working/MDFS/data/KADID/extracted/kadid10k/images/I75_06_05.png,I75.png,75,6,5,2.8,0.945,23.289562225341797,0.03525411400005396,1
I75_07_02.png,/kaggle/working/MDFS/data/KADID/extracted/kadid10k/images/I75_07_02.png,I75.png,75,7,2,2.53,0.957,19.557960510253906,0.03970578700045735,1
I75_07_04.png,/kaggle/working/MDFS/data/KADID/extracted/kadid10k/images/I75_07_04.png,I75.png,75,7,4,2.13,1.1,22.142427444458008,0.03784929799985548,1
I75_08_01.png,/kaggle/working/MDFS/data/KADID/extracted/kadid10k/images/I75_08_01.png,I75.png,75,8,1,4.67,0.471,18.648229598999023,0.038576152000132424,1
I75_08_03.png,/kaggle/working/MDFS/data/KADID/extracted/kadid10k/images/I75_08_03.png,I75.png,75,8,3,2.6,0.8,22.065929412841797,0.03795018499931757,1
I75_08_05.png,/kaggle/working/MDFS/data/KADID/extracted/kadid10k/images/I75_08_05.png,I75.png,75,8,5,1.83,0.687,26.1279354095459,0.03686561299946334,1
I75_09_02.png,/kaggle/working/MDFS/data/KADID/extracted/kadid10k/images/I75_09_02.png,I75.png,75,9,2,4.53,0.562,18.956830978393555,0.03770410500055732,1
I75_09_04.png,/kaggle/working/MDFS/data/KADID/extracted/kadid10k/images/I75_09_04.png,I75.png,75,9,4,3.4,0.879,23.924318313598633,0.037610213000334625,1
I75_10_01.png,/kaggle/working/MDFS/data/KADID/extracted/kadid10k/images/I75_10_01.png,I75.png,75,10,1,4.13,0.763,20.1549129486084,0.03794007399937982,1
I75_10_03.png,/kaggle/working/MDFS/data/KADID/extracted/kadid10k/images/I75_10_03.png,I75.png,75,10,3,3.77,0.616,21.743934631347656,0.038208002000828856,1
I75_10_05.png,/kaggle/working/MDFS/data/KADID/extracted/kadid10k/images/I75_10_05.png,I75.png,75,10,5,1.23,0.423,31.729862213134766,0.03556183500040788,1
I75_11_02.png,/kaggle/working/MDFS/data/KADID/extracted/kadid10k/images/I75_11_02.png,I75.png,75,11,2,3.1,0.978,22.141536712646484,0.036777598000298894,1
I75_11_04.png,/kaggle/working/MDFS/data/KADID/extracted/kadid10k/images/I75_11_04.png,I75.png,75,11,4,2.77,0.667,24.653963088989258,0.036233904999789956,1
I75_12_01.png,/kaggle/working/MDFS/data/KADID/extracted/kadid10k/images/I75_12_01.png,I75.png,75,12,1,4.53,0.499,19.986745834350586,0.036676491999969585,1
I75_12_03.png,/kaggle/working/MDFS/data/KADID/extracted/kadid10k/images/I75_12_03.png,I75.png,75,12,3,3.03,0.706,22.78447723388672,0.03765935399951559,1
I75_12_05.png,/kaggle/working/MDFS/data/KADID/extracted/kadid10k/images/I75_12_05.png,I75.png,75,12,5,2.4,0.611,26.505964279174805,0.037478674999874784,1
I75_13_02.png,/kaggle/working/MDFS/data/KADID/extracted/kadid10k/images/I75_13_02.png,I75.png,75,13,2,2.57,0.844,20.11705780029297,0.03771388999939518,1
I75_13_04.png,/kaggle/working/MDFS/data/KADID/extracted/kadid10k/images/I75_13_04.png,I75.png,75,13,4,2.43,0.667,24.608779907226562,0.03638060299999779,1
I75_14_01.png,/kaggle/working/MDFS/data/KADID/extracted/kadid10k/images/I75_14_01.png,I75.png,75,14,1,4.2,0.542,19.943391799926758,0.03622979099964141,1
I75_14_03.png,/kaggle/working/MDFS/data/KADID/extracted/kadid10k/images/I75_14_03.png,I75.png,75,14,3,2.87,0.921,22.171842575073242,0.03583501800039812,1
I75_14_05.png,/kaggle/working/MDFS/data/KADID/extracted/kadid10k/images/I75_14_05.png,I75.png,75,14,5,2.0,0.632,26.58332061767578,0.03736911199939641,1
I75_15_02.png,/kaggle/working/MDFS/data/KADID/extracted/kadid10k/images/I75_15_02.png,I75.png,75,15,2,2.7,0.781,21.790098190307617,0.0397568959997443,1
I75_15_04.png,/kaggle/working/MDFS/data/KADID/extracted/kadid10k/images/I75_15_04.png,I75.png,75,15,4,1.67,0.596,24.68840217590332,0.03756043999965186,1
I75_16_01.png,/kaggle/working/MDFS/data/KADID/extracted/kadid10k/images/I75_16_01.png,I75.png,75,16,1,4.53,0.499,18.607694625854492,0.03827977299988561,1
I75_16_03.png,/kaggle/working/MDFS/data/KADID/extracted/kadid10k/images/I75_16_03.png,I75.png,75,16,3,3.5,0.671,18.594173431396484,0.038289150000309746,1
I75_16_05.png,/kaggle/working/MDFS/data/KADID/extracted/kadid10k/images/I75_16_05.png,I75.png,75,16,5,1.87,0.718,22.45187759399414,0.03666847400018014,1
I75_17_02.png,/kaggle/working/MDFS/data/KADID/extracted/kadid10k/images/I75_17_02.png,I75.png,75,17,2,4.5,0.5,18.71839141845703,0.03769371900034457,1
I75_17_04.png,/kaggle/working/MDFS/data/KADID/extracted/kadid10k/images/I75_17_04.png,I75.png,75,17,4,3.27,0.929,18.9835147857666,0.03786896000019624,1
I75_18_01.png,/kaggle/working/MDFS/data/KADID/extracted/kadid10k/images/I75_18_01.png,I75.png,75,18,1,4.2,0.476,19.128843307495117,0.03795832200012228,1
I75_18_03.png,/kaggle/working/MDFS/data/KADID/extracted/kadid10k/images/I75_18_03.png,I75.png,75,18,3,4.8,0.4,18.648229598999023,0.038896923999345745,1
I75_18_05.png,/kaggle/working/MDFS/data/KADID/extracted/kadid10k/images/I75_18_05.png,I75.png,75,18,5,3.5,0.764,19.510595321655273,0.040011294000578346,1
I75_19_02.png,/kaggle/working/MDFS/data/KADID/extracted/kadid10k/images/I75_19_02.png,I75.png,75,19,2,3.97,0.547,17.880687713623047,0.039116072000069835,1
I75_19_04.png,/kaggle/working/MDFS/data/KADID/extracted/kadid10k/images/I75_19_04.png,I75.png,75,19,4,1.67,0.537,19.3181209564209,0.03730976800034114,1
I75_20_01.png,/kaggle/working/MDFS/data/KADID/extracted/kadid10k/images/I75_20_01.png,I75.png,75,20,1,3.33,1.247,18.63351058959961,0.040134613000191166,1
I75_20_03.png,/kaggle/working/MDFS/data/KADID/extracted/kadid10k/images/I75_20_03.png,I75.png,75,20,3,2.87,0.921,18.43256187438965,0.03898655000011786,1
I75_20_05.png,/kaggle/working/MDFS/data/KADID/extracted/kadid10k/images/I75_20_05.png,I75.png,75,20,5,3.07,1.031,18.527099609375,0.03885551500025031,1
I75_21_02.png,/kaggle/working/MDFS/data/KADID/extracted/kadid10k/images/I75_21_02.png,I75.png,75,21,2,2.33,0.83,18.419654846191406,0.03803492000042752,1
I75_21_04.png,/kaggle/working/MDFS/data/KADID/extracted/kadid10k/images/I75_21_04.png,I75.png,75,21,4,2.3,0.69,19.083724975585938,0.03673018600056821,1
I75_22_01.png,/kaggle/working/MDFS/data/KADID/extracted/kadid10k/images/I75_22_01.png,I75.png,75,22,1,4.4,0.611,19.362966537475586,0.03657405000012659,1
I75_22_03.png,/kaggle/working/MDFS/data/KADID/extracted/kadid10k/images/I75_22_03.png,I75.png,75,22,3,3.63,0.706,19.69060707092285,0.036840969999502704,1
I75_22_05.png,/kaggle/working/MDFS/data/KADID/extracted/kadid10k/images/I75_22_05.png,I75.png,75,22,5,2.37,0.875,22.667327880859375,0.037025350000476465,1
I75_23_02.png,/kaggle/working/MDFS/data/KADID/extracted/kadid10k/images/I75_23_02.png,I75.png,75,23,2,2.33,0.869,18.456132888793945,0.03998245200000383,1
I75_23_04.png,/kaggle/working/MDFS/data/KADID/extracted/kadid10k/images/I75_23_04.png,I75.png,75,23,4,1.83,0.734,18.32019805908203,0.03943156100012857,1
I75_24_01.png,/kaggle/working/MDFS/data/KADID/extracted/kadid10k/images/I75_24_01.png,I75.png,75,24,1,3.53,0.763,19.60944366455078,0.03950183500001003,1
I75_24_03.png,/kaggle/working/MDFS/data/KADID/extracted/kadid10k/images/I75_24_03.png,I75.png,75,24,3,2.3,0.586,21.40192985534668,0.03916409399971599,1
I75_24_05.png,/kaggle/working/MDFS/data/KADID/extracted/kadid10k/images/I75_24_05.png,I75.png,75,24,5,1.4,0.554,25.71611976623535,0.039116328000091016,1
I75_25_02.png,/kaggle/working/MDFS/data/KADID/extracted/kadid10k/images/I75_25_02.png,I75.png,75,25,2,3.8,0.833,19.21000099182129,0.039029701999425015,1
I75_25_04.png,/kaggle/working/MDFS/data/KADID/extracted/kadid10k/images/I75_25_04.png,I75.png,75,25,4,3.97,0.605,18.52060317993164,0.04043132599963428,1
I76_01_01.png,/kaggle/working/MDFS/data/KADID/extracted/kadid10k/images/I76_01_01.png,I76.png,76,1,1,4.71,0.454,17.738670349121094,0.03858254399983707,1
I76_01_03.png,/kaggle/working/MDFS/data/KADID/extracted/kadid10k/images/I76_01_03.png,I76.png,76,1,3,2.87,0.957,21.35546875,0.03905436399963946,1
I76_01_05.png,/kaggle/working/MDFS/data/KADID/extracted/kadid10k/images/I76_01_05.png,I76.png,76,1,5,1.33,0.537,37.73893356323242,0.03752175000045099,1
I76_02_02.png,/kaggle/working/MDFS/data/KADID/extracted/kadid10k/images/I76_02_02.png,I76.png,76,2,2,2.6,0.757,23.053714752197266,0.038949503999901935,1
I76_02_04.png,/kaggle/working/MDFS/data/KADID/extracted/kadid10k/images/I76_02_04.png,I76.png,76,2,4,1.27,0.442,25.32471466064453,0.03828662199975952,1
I76_03_01.png,/kaggle/working/MDFS/data/KADID/extracted/kadid10k/images/I76_03_01.png,I76.png,76,3,1,4.7,0.458,17.738670349121094,0.03814523199980613,1
I76_03_03.png,/kaggle/working/MDFS/data/KADID/extracted/kadid10k/images/I76_03_03.png,I76.png,76,3,3,2.53,0.718,21.2417049407959,0.039460055999370525,1
I76_03_05.png,/kaggle/working/MDFS/data/KADID/extracted/kadid10k/images/I76_03_05.png,I76.png,76,3,5,1.63,0.657,22.875505447387695,0.03849477800031309,1
I76_04_02.png,/kaggle/working/MDFS/data/KADID/extracted/kadid10k/images/I76_04_02.png,I76.png,76,4,2,2.57,0.92,19.418834686279297,0.0398642390000532,1
I76_04_04.png,/kaggle/working/MDFS/data/KADID/extracted/kadid10k/images/I76_04_04.png,I76.png,76,4,4,1.58,0.661,20.50840187072754,0.039590131000295514,1
I76_05_01.png,/kaggle/working/MDFS/data/KADID/extracted/kadid10k/images/I76_05_01.png,I76.png,76,5,1,4.5,0.563,18.474157333374023,0.03805882599954202,1
I76_05_03.png,/kaggle/working/MDFS/data/KADID/extracted/kadid10k/images/I76_05_03.png,I76.png,76,5,3,1.73,0.573,20.306751251220703,0.038495050000165065,1
I76_05_05.png,/kaggle/working/MDFS/data/KADID/extracted/kadid10k/images/I76_05_05.png,I76.png,76,5,5,1.77,0.616,20.062210083007812,0.03822307500013267,1
I76_06_02.png,/kaggle/working/MDFS/data/KADID/extracted/kadid10k/images/I76_06_02.png,I76.png,76,6,2,3.97,0.836,18.94930076599121,0.03636298599940346,1
I76_06_04.png,/kaggle/working/MDFS/data/KADID/extracted/kadid10k/images/I76_06_04.png,I76.png,76,6,4,3.07,0.998,20.001678466796875,0.03551290199993673,1
I76_07_01.png,/kaggle/working/MDFS/data/KADID/extracted/kadid10k/images/I76_07_01.png,I76.png,76,7,1,3.07,0.892,18.033008575439453,0.03846136599986494,1
I76_07_03.png,/kaggle/working/MDFS/data/KADID/extracted/kadid10k/images/I76_07_03.png,I76.png,76,7,3,2.6,0.952,19.665437698364258,0.03900150499976007,1
I76_07_05.png,/kaggle/working/MDFS/data/KADID/extracted/kadid10k/images/I76_07_05.png,I76.png,76,7,5,2.13,1.087,18.653806686401367,0.03963328800000454,1
I76_08_02.png,/kaggle/working/MDFS/data/KADID/extracted/kadid10k/images/I76_08_02.png,I76.png,76,8,2,3.3,0.9,18.35125732421875,0.03962999899977149,1
I76_08_04.png,/kaggle/working/MDFS/data/KADID/extracted/kadid10k/images/I76_08_04.png,I76.png,76,8,4,1.57,0.616,19.810176849365234,0.03958710700044321,1
I76_09_01.png,/kaggle/working/MDFS/data/KADID/extracted/kadid10k/images/I76_09_01.png,I76.png,76,9,1,4.23,0.803,19.766815185546875,0.03867796299982729,1
I76_09_03.png,/kaggle/working/MDFS/data/KADID/extracted/kadid10k/images/I76_09_03.png,I76.png,76,9,3,3.1,0.79,25.797805786132812,0.03960191299938742,1
I76_09_05.png,/kaggle/working/MDFS/data/KADID/extracted/kadid10k/images/I76_09_05.png,I76.png,76,9,5,1.47,0.499,34.36109161376953,0.03815129099984915,1
I76_10_02.png,/kaggle/working/MDFS/data/KADID/extracted/kadid10k/images/I76_10_02.png,I76.png,76,10,2,4.07,0.964,19.509931564331055,0.03839947899996332,1
I76_10_04.png,/kaggle/working/MDFS/data/KADID/extracted/kadid10k/images/I76_10_04.png,I76.png,76,10,4,1.87,0.67,29.377761840820312,0.03744134599946847,1
I76_11_01.png,/kaggle/working/MDFS/data/KADID/extracted/kadid10k/images/I76_11_01.png,I76.png,76,11,1,4.07,0.854,19.229888916015625,0.037994399999661255,1
I76_11_03.png,/kaggle/working/MDFS/data/KADID/extracted/kadid10k/images/I76_11_03.png,I76.png,76,11,3,3.17,0.82,21.05018424987793,0.03815893200044229,1
I76_11_05.png,/kaggle/working/MDFS/data/KADID/extracted/kadid10k/images/I76_11_05.png,I76.png,76,11,5,2.3,0.64,24.666440963745117,0.03768167899943364,1
I76_12_02.png,/kaggle/working/MDFS/data/KADID/extracted/kadid10k/images/I76_12_02.png,I76.png,76,12,2,3.7,0.971,19.7054443359375,0.038373430000319786,1
I76_12_04.png,/kaggle/working/MDFS/data/KADID/extracted/kadid10k/images/I76_12_04.png,I76.png,76,12,4,2.77,0.761,22.403751373291016,0.03836109700023371,1
I76_13_01.png,/kaggle/working/MDFS/data/KADID/extracted/kadid10k/images/I76_13_01.png,I76.png,76,13,1,4.13,0.957,17.931501388549805,0.03934656999990693,1
I76_13_03.png,/kaggle/working/MDFS/data/KADID/extracted/kadid10k/images/I76_13_03.png,I76.png,76,13,3,2.63,0.795,19.402069091796875,0.038995929000520846,1
I76_13_05.png,/kaggle/working/MDFS/data/KADID/extracted/kadid10k/images/I76_13_05.png,I76.png,76,13,5,2.23,0.616,22.855609893798828,0.03904669900020963,1
I76_14_02.png,/kaggle/working/MDFS/data/KADID/extracted/kadid10k/images/I76_14_02.png,I76.png,76,14,2,3.97,0.948,19.067434310913086,0.03814241399959428,1
I76_14_04.png,/kaggle/working/MDFS/data/KADID/extracted/kadid10k/images/I76_14_04.png,I76.png,76,14,4,3.17,1.128,20.64688491821289,0.037537543999860645,1
I76_15_01.png,/kaggle/working/MDFS/data/KADID/extracted/kadid10k/images/I76_15_01.png,I76.png,76,15,1,3.84,0.723,19.183393478393555,0.03989881699999387,1
I76_15_03.png,/kaggle/working/MDFS/data/KADID/extracted/kadid10k/images/I76_15_03.png,I76.png,76,15,3,2.6,1.052,21.94431495666504,0.03879686800064519,1
I76_15_05.png,/kaggle/working/MDFS/data/KADID/extracted/kadid10k/images/I76_15_05.png,I76.png,76,15,5,1.37,0.482,25.347291946411133,0.03628126399962639,1
I76_16_02.png,/kaggle/working/MDFS/data/KADID/extracted/kadid10k/images/I76_16_02.png,I76.png,76,16,2,4.23,0.616,17.761322021484375,0.03783184299936693,1
I76_16_04.png,/kaggle/working/MDFS/data/KADID/extracted/kadid10k/images/I76_16_04.png,I76.png,76,16,4,2.33,0.907,17.7779598236084,0.039326072999756434,1
I76_17_01.png,/kaggle/working/MDFS/data/KADID/extracted/kadid10k/images/I76_17_01.png,I76.png,76,17,1,4.63,0.482,17.69325065612793,0.039278925999497005,1
I76_17_03.png,/kaggle/working/MDFS/data/KADID/extracted/kadid10k/images/I76_17_03.png,I76.png,76,17,3,4.13,0.618,17.34354019165039,0.039399298999342136,1
I76_17_05.png,/kaggle/working/MDFS/data/KADID/extracted/kadid10k/images/I76_17_05.png,I76.png,76,17,5,1.87,0.846,19.188520431518555,0.038307535000058124,1
I76_18_02.png,/kaggle/working/MDFS/data/KADID/extracted/kadid10k/images/I76_18_02.png,I76.png,76,18,2,4.47,0.562,17.977365493774414,0.038677921000271454,1
I76_18_04.png,/kaggle/working/MDFS/data/KADID/extracted/kadid10k/images/I76_18_04.png,I76.png,76,18,4,4.27,0.68,17.66425132751465,0.03857225100000505,1
I76_19_01.png,/kaggle/working/MDFS/data/KADID/extracted/kadid10k/images/I76_19_01.png,I76.png,76,19,1,4.2,0.833,17.266088485717773,0.038101484999970126,1
I76_19_03.png,/kaggle/working/MDFS/data/KADID/extracted/kadid10k/images/I76_19_03.png,I76.png,76,19,3,3.07,0.772,17.616363525390625,0.036381671000526694,1
I76_19_05.png,/kaggle/working/MDFS/data/KADID/extracted/kadid10k/images/I76_19_05.png,I76.png,76,19,5,1.33,0.537,23.452428817749023,0.03648580399931234,1
I76_20_02.png,/kaggle/working/MDFS/data/KADID/extracted/kadid10k/images/I76_20_02.png,I76.png,76,20,2,4.37,0.836,17.76323127746582,0.03816895299951284,1
I76_20_04.png,/kaggle/working/MDFS/data/KADID/extracted/kadid10k/images/I76_20_04.png,I76.png,76,20,4,4.0,1.033,17.823862075805664,0.03855397200004518,1
I76_21_01.png,/kaggle/working/MDFS/data/KADID/extracted/kadid10k/images/I76_21_01.png,I76.png,76,21,1,3.83,0.734,18.092618942260742,0.03955497999959334,1
I76_21_03.png,/kaggle/working/MDFS/data/KADID/extracted/kadid10k/images/I76_21_03.png,I76.png,76,21,3,2.57,0.989,20.139122009277344,0.03854844899979071,1
I76_21_05.png,/kaggle/working/MDFS/data/KADID/extracted/kadid10k/images/I76_21_05.png,I76.png,76,21,5,1.17,0.373,36.50864028930664,0.03607109600034164,1
I76_22_02.png,/kaggle/working/MDFS/data/KADID/extracted/kadid10k/images/I76_22_02.png,I76.png,76,22,2,4.47,0.618,18.138412475585938,0.03871455700027582,1
I76_22_04.png,/kaggle/working/MDFS/data/KADID/extracted/kadid10k/images/I76_22_04.png,I76.png,76,22,4,4.2,0.945,18.49099349975586,0.03752386799988017,1
I76_23_01.png,/kaggle/working/MDFS/data/KADID/extracted/kadid10k/images/I76_23_01.png,I76.png,76,23,1,2.73,0.998,17.688512802124023,0.037871780000386934,1
I76_23_03.png,/kaggle/working/MDFS/data/KADID/extracted/kadid10k/images/I76_23_03.png,I76.png,76,23,3,2.27,0.998,17.698326110839844,0.03755004899994674,1
I76_23_05.png,/kaggle/working/MDFS/data/KADID/extracted/kadid10k/images/I76_23_05.png,I76.png,76,23,5,1.77,0.803,17.53881072998047,0.03772855000079289,1
I76_24_02.png,/kaggle/working/MDFS/data/KADID/extracted/kadid10k/images/I76_24_02.png,I76.png,76,24,2,2.3,0.936,22.293996810913086,0.038641068000288215,1
I76_24_04.png,/kaggle/working/MDFS/data/KADID/extracted/kadid10k/images/I76_24_04.png,I76.png,76,24,4,1.53,0.718,26.899978637695312,0.03787344500051404,1
I76_25_01.png,/kaggle/working/MDFS/data/KADID/extracted/kadid10k/images/I76_25_01.png,I76.png,76,25,1,3.17,0.969,19.383798599243164,0.03962598300040554,1
I76_25_03.png,/kaggle/working/MDFS/data/KADID/extracted/kadid10k/images/I76_25_03.png,I76.png,76,25,3,3.87,0.884,18.04021644592285,0.0390050620007969,1
I76_25_05.png,/kaggle/working/MDFS/data/KADID/extracted/kadid10k/images/I76_25_05.png,I76.png,76,25,5,3.27,0.929,17.115327835083008,0.03833774299982906,1
I77_01_02.png,/kaggle/working/MDFS/data/KADID/extracted/kadid10k/images/I77_01_02.png,I77.png,77,1,2,4.6,0.712,17.821287155151367,0.039333263999651535,1
I77_01_04.png,/kaggle/working/MDFS/data/KADID/extracted/kadid10k/images/I77_01_04.png,I77.png,77,1,4,2.0,0.577,29.060302734375,0.03859825200015621,1
I77_02_01.png,/kaggle/working/MDFS/data/KADID/extracted/kadid10k/images/I77_02_01.png,I77.png,77,2,1,3.81,0.93,18.52971649169922,0.0391193999994357,1
I77_02_03.png,/kaggle/working/MDFS/data/KADID/extracted/kadid10k/images/I77_02_03.png,I77.png,77,2,3,1.87,0.618,23.55063819885254,0.03950265500043315,1
I77_02_05.png,/kaggle/working/MDFS/data/KADID/extracted/kadid10k/images/I77_02_05.png,I77.png,77,2,5,1.47,0.499,32.40982437133789,0.036884531999930914,1
I77_03_02.png,/kaggle/working/MDFS/data/KADID/extracted/kadid10k/images/I77_03_02.png,I77.png,77,3,2,4.07,0.814,18.937023162841797,0.038167030999829876,1
I77_03_04.png,/kaggle/working/MDFS/data/KADID/extracted/kadid10k/images/I77_03_04.png,I77.png,77,3,4,2.07,0.629,20.646060943603516,0.038617158999841195,1
I77_04_01.png,/kaggle/working/MDFS/data/KADID/extracted/kadid10k/images/I77_04_01.png,I77.png,77,4,1,4.47,0.618,18.08872413635254,0.038220073000047705,1
I77_04_03.png,/kaggle/working/MDFS/data/KADID/extracted/kadid10k/images/I77_04_03.png,I77.png,77,4,3,1.43,0.616,20.34046173095703,0.03806630000053701,1
I77_04_05.png,/kaggle/working/MDFS/data/KADID/extracted/kadid10k/images/I77_04_05.png,I77.png,77,4,5,1.3,0.458,21.70208168029785,0.037350088000494,1
I77_05_02.png,/kaggle/working/MDFS/data/KADID/extracted/kadid10k/images/I77_05_02.png,I77.png,77,5,2,2.57,0.955,18.744359970092773,0.03849683400039794,1
I77_05_04.png,/kaggle/working/MDFS/data/KADID/extracted/kadid10k/images/I77_05_04.png,I77.png,77,5,4,2.3,1.13,18.203201293945312,0.038154745000611,1
I77_06_01.png,/kaggle/working/MDFS/data/KADID/extracted/kadid10k/images/I77_06_01.png,I77.png,77,6,1,4.37,0.752,20.56136703491211,0.03541202399992471,1
I77_06_03.png,/kaggle/working/MDFS/data/KADID/extracted/kadid10k/images/I77_06_03.png,I77.png,77,6,3,4.0,0.931,21.815696716308594,0.03533599900038098,1
I77_06_05.png,/kaggle/working/MDFS/data/KADID/extracted/kadid10k/images/I77_06_05.png,I77.png,77,6,5,2.73,0.892,24.033262252807617,0.037148687999433605,1
I77_07_02.png,/kaggle/working/MDFS/data/KADID/extracted/kadid10k/images/I77_07_02.png,I77.png,77,7,2,2.3,1.069,19.391555786132812,0.039070596999408735,1
I77_07_04.png,/kaggle/working/MDFS/data/KADID/extracted/kadid10k/images/I77_07_04.png,I77.png,77,7,4,2.23,1.116,24.007898330688477,0.037891570999818214,1
I77_08_01.png,/kaggle/working/MDFS/data/KADID/extracted/kadid10k/images/I77_08_01.png,I77.png,77,8,1,4.73,0.442,18.319496154785156,0.039098028999433154,1
I77_08_03.png,/kaggle/working/MDFS/data/KADID/extracted/kadid10k/images/I77_08_03.png,I77.png,77,8,3,2.07,0.964,20.66577911376953,0.03844224300064525,1
I77_08_05.png,/kaggle/working/MDFS/data/KADID/extracted/kadid10k/images/I77_08_05.png,I77.png,77,8,5,1.27,0.442,24.33209800720215,0.03683241500039003,1
I77_09_02.png,/kaggle/working/MDFS/data/KADID/extracted/kadid10k/images/I77_09_02.png,I77.png,77,9,2,4.13,0.618,21.198400497436523,0.03840124399994238,1
I77_09_04.png,/kaggle/working/MDFS/data/KADID/extracted/kadid10k/images/I77_09_04.png,I77.png,77,9,4,2.27,0.573,27.960664749145508,0.03846653300024627,1
I77_10_01.png,/kaggle/working/MDFS/data/KADID/extracted/kadid10k/images/I77_10_01.png,I77.png,77,10,1,4.47,0.499,19.096542358398438,0.038865971999257454,1
I77_10_03.png,/kaggle/working/MDFS/data/KADID/extracted/kadid10k/images/I77_10_03.png,I77.png,77,10,3,4.3,0.737,20.28701400756836,0.039306915000452136,1
I77_10_05.png,/kaggle/working/MDFS/data/KADID/extracted/kadid10k/images/I77_10_05.png,I77.png,77,10,5,1.39,0.549,29.22156524658203,0.03721007900003315,1
I77_11_02.png,/kaggle/working/MDFS/data/KADID/extracted/kadid10k/images/I77_11_02.png,I77.png,77,11,2,3.73,0.854,21.690217971801758,0.03850734199932049,1
I77_11_04.png,/kaggle/working/MDFS/data/KADID/extracted/kadid10k/images/I77_11_04.png,I77.png,77,11,4,2.73,0.772,23.536304473876953,0.037180162000368,1
I77_12_01.png,/kaggle/working/MDFS/data/KADID/extracted/kadid10k/images/I77_12_01.png,I77.png,77,12,1,4.53,0.499,19.938434600830078,0.037109212999894226,1
I77_12_03.png,/kaggle/working/MDFS/data/KADID/extracted/kadid10k/images/I77_12_03.png,I77.png,77,12,3,3.47,0.957,21.945087432861328,0.03636533899953065,1
I77_12_05.png,/kaggle/working/MDFS/data/KADID/extracted/kadid10k/images/I77_12_05.png,I77.png,77,12,5,2.4,0.757,24.693410873413086,0.036226014999556355,1
I77_13_02.png,/kaggle/working/MDFS/data/KADID/extracted/kadid10k/images/I77_13_02.png,I77.png,77,13,2,3.23,0.883,19.30666732788086,0.038561551999919175,1
I77_13_04.png,/kaggle/working/MDFS/data/KADID/extracted/kadid10k/images/I77_13_04.png,I77.png,77,13,4,2.3,0.781,21.535030364990234,0.038703807999809214,1
I77_14_01.png,/kaggle/working/MDFS/data/KADID/extracted/kadid10k/images/I77_14_01.png,I77.png,77,14,1,4.57,0.667,19.12964630126953,0.039165817000139214,1
I77_14_03.png,/kaggle/working/MDFS/data/KADID/extracted/kadid10k/images/I77_14_03.png,I77.png,77,14,3,3.63,0.875,20.575580596923828,0.03833509100059018,1
I77_14_05.png,/kaggle/working/MDFS/data/KADID/extracted/kadid10k/images/I77_14_05.png,I77.png,77,14,5,2.07,0.772,23.361949920654297,0.03734928799985937,1
I77_15_02.png,/kaggle/working/MDFS/data/KADID/extracted/kadid10k/images/I77_15_02.png,I77.png,77,15,2,2.77,0.844,21.59348487854004,0.038585952000175894,1
I77_15_04.png,/kaggle/working/MDFS/data/KADID/extracted/kadid10k/images/I77_15_04.png,I77.png,77,15,4,1.8,0.542,23.7320499420166,0.0363609500000166,1
I77_16_01.png,/kaggle/working/MDFS/data/KADID/extracted/kadid10k/images/I77_16_01.png,I77.png,77,16,1,4.4,0.554,18.436935424804688,0.03771900999981881,1
I77_16_03.png,/kaggle/working/MDFS/data/KADID/extracted/kadid10k/images/I77_16_03.png,I77.png,77,16,3,3.77,0.667,18.66657066345215,0.037666594999791414,1
I77_16_05.png,/kaggle/working/MDFS/data/KADID/extracted/kadid10k/images/I77_16_05.png,I77.png,77,16,5,2.1,0.831,19.941368103027344,0.03863218800051982,1
I77_17_02.png,/kaggle/working/MDFS/data/KADID/extracted/kadid10k/images/I77_17_02.png,I77.png,77,17,2,4.77,0.423,18.24552345275879,0.03888960600033897,1
I77_17_04.png,/kaggle/working/MDFS/data/KADID/extracted/kadid10k/images/I77_17_04.png,I77.png,77,17,4,3.77,0.831,18.42732048034668,0.03899949200058472,1
I77_18_01.png,/kaggle/working/MDFS/data/KADID/extracted/kadid10k/images/I77_18_01.png,I77.png,77,18,1,4.4,0.554,18.577659606933594,0.03915795799912303,1
I77_18_03.png,/kaggle/working/MDFS/data/KADID/extracted/kadid10k/images/I77_18_03.png,I77.png,77,18,3,4.5,0.719,18.319496154785156,0.03919102899999416,1
I77_18_05.png,/kaggle/working/MDFS/data/KADID/extracted/kadid10k/images/I77_18_05.png,I77.png,77,18,5,4.13,0.718,18.869335174560547,0.0380850850006027,1
I77_19_02.png,/kaggle/working/MDFS/data/KADID/extracted/kadid10k/images/I77_19_02.png,I77.png,77,19,2,4.1,0.539,18.0106258392334,0.03899256200020318,1
I77_19_04.png,/kaggle/working/MDFS/data/KADID/extracted/kadid10k/images/I77_19_04.png,I77.png,77,19,4,2.23,0.559,21.59263801574707,0.036471304999395215,1
I77_20_01.png,/kaggle/working/MDFS/data/KADID/extracted/kadid10k/images/I77_20_01.png,I77.png,77,20,1,4.67,0.471,18.305715560913086,0.03740888599986647,1
I77_20_03.png,/kaggle/working/MDFS/data/KADID/extracted/kadid10k/images/I77_20_03.png,I77.png,77,20,3,4.17,0.969,18.14468002319336,0.03728990600029647,1
I77_20_05.png,/kaggle/working/MDFS/data/KADID/extracted/kadid10k/images/I77_20_05.png,I77.png,77,20,5,3.87,0.991,18.048006057739258,0.038469798000733135,1
I77_21_02.png,/kaggle/working/MDFS/data/KADID/extracted/kadid10k/images/I77_21_02.png,I77.png,77,21,2,3.0,0.842,18.392913818359375,0.03935430100045778,1
I77_21_04.png,/kaggle/working/MDFS/data/KADID/extracted/kadid10k/images/I77_21_04.png,I77.png,77,21,4,2.7,0.862,19.535907745361328,0.03833798300001945,1
I77_22_01.png,/kaggle/working/MDFS/data/KADID/extracted/kadid10k/images/I77_22_01.png,I77.png,77,22,1,4.6,0.663,19.028453826904297,0.03824979700038966,1
I77_22_03.png,/kaggle/working/MDFS/data/KADID/extracted/kadid10k/images/I77_22_03.png,I77.png,77,22,3,4.27,0.854,19.4212646484375,0.037173783000071126,1
I77_22_05.png,/kaggle/working/MDFS/data/KADID/extracted/kadid10k/images/I77_22_05.png,I77.png,77,22,5,3.67,0.978,20.403085708618164,0.03562256900022476,1
I77_23_02.png,/kaggle/working/MDFS/data/KADID/extracted/kadid10k/images/I77_23_02.png,I77.png,77,23,2,2.0,1.065,18.312759399414062,0.037718874999882246,1
I77_23_04.png,/kaggle/working/MDFS/data/KADID/extracted/kadid10k/images/I77_23_04.png,I77.png,77,23,4,2.17,0.82,18.188854217529297,0.037499392999961856,1
I77_24_01.png,/kaggle/working/MDFS/data/KADID/extracted/kadid10k/images/I77_24_01.png,I77.png,77,24,1,4.03,0.752,19.10568618774414,0.038596954999775335,1
I77_24_03.png,/kaggle/working/MDFS/data/KADID/extracted/kadid10k/images/I77_24_03.png,I77.png,77,24,3,2.17,0.778,21.04326820373535,0.039286556999286404,1
I77_24_05.png,/kaggle/working/MDFS/data/KADID/extracted/kadid10k/images/I77_24_05.png,I77.png,77,24,5,1.27,0.442,25.01696014404297,0.03845525099950464,1
I77_25_02.png,/kaggle/working/MDFS/data/KADID/extracted/kadid10k/images/I77_25_02.png,I77.png,77,25,2,3.87,0.618,18.638059616088867,0.03934305199982191,1
I77_25_04.png,/kaggle/working/MDFS/data/KADID/extracted/kadid10k/images/I77_25_04.png,I77.png,77,25,4,4.17,0.734,18.35007095336914,0.039176061999569356,1
I78_01_01.png,/kaggle/working/MDFS/data/KADID/extracted/kadid10k/images/I78_01_01.png,I78.png,78,1,1,4.5,0.5,18.186847686767578,0.03652831599993078,1
I78_01_03.png,/kaggle/working/MDFS/data/KADID/extracted/kadid10k/images/I78_01_03.png,I78.png,78,1,3,3.0,0.632,20.081125259399414,0.03741639999952895,1
I78_01_05.png,/kaggle/working/MDFS/data/KADID/extracted/kadid10k/images/I78_01_05.png,I78.png,78,1,5,1.67,0.699,39.547054290771484,0.03705216800062772,1
I78_02_02.png,/kaggle/working/MDFS/data/KADID/extracted/kadid10k/images/I78_02_02.png,I78.png,78,2,2,2.9,0.79,21.16073989868164,0.03698456900019664,1
I78_02_04.png,/kaggle/working/MDFS/data/KADID/extracted/kadid10k/images/I78_02_04.png,I78.png,78,2,4,1.67,0.596,28.674163818359375,0.037014700999861816,1
I78_03_01.png,/kaggle/working/MDFS/data/KADID/extracted/kadid10k/images/I78_03_01.png,I78.png,78,3,1,4.67,0.471,18.186847686767578,0.037235958000565006,1
I78_03_03.png,/kaggle/working/MDFS/data/KADID/extracted/kadid10k/images/I78_03_03.png,I78.png,78,3,3,2.87,0.884,19.25200080871582,0.03828063600030873,1
I78_03_05.png,/kaggle/working/MDFS/data/KADID/extracted/kadid10k/images/I78_03_05.png,I78.png,78,3,5,2.1,0.651,21.539342880249023,0.036173497999698156,1
I78_04_02.png,/kaggle/working/MDFS/data/KADID/extracted/kadid10k/images/I78_04_02.png,I78.png,78,4,2,2.87,1.056,18.94101905822754,0.036078355999961786,1
I78_04_04.png,/kaggle/working/MDFS/data/KADID/extracted/kadid10k/images/I78_04_04.png,I78.png,78,4,4,1.5,0.661,20.755037307739258,0.03513722399929975,1
I78_05_01.png,/kaggle/working/MDFS/data/KADID/extracted/kadid10k/images/I78_05_01.png,I78.png,78,5,1,4.27,0.892,18.847023010253906,0.03701461200034828,1
I78_05_03.png,/kaggle/working/MDFS/data/KADID/extracted/kadid10k/images/I78_05_03.png,I78.png,78,5,3,2.3,0.69,18.821395874023438,0.03753885999958584,1
I78_05_05.png,/kaggle/working/MDFS/data/KADID/extracted/kadid10k/images/I78_05_05.png,I78.png,78,5,5,2.2,0.833,18.659156799316406,0.036710254999889,1
I78_06_02.png,/kaggle/working/MDFS/data/KADID/extracted/kadid10k/images/I78_06_02.png,I78.png,78,6,2,4.33,0.745,19.722211837768555,0.03919398600010027,1
I78_06_04.png,/kaggle/working/MDFS/data/KADID/extracted/kadid10k/images/I78_06_04.png,I78.png,78,6,4,4.07,0.854,20.93661880493164,0.03479156000048533,1
I78_07_01.png,/kaggle/working/MDFS/data/KADID/extracted/kadid10k/images/I78_07_01.png,I78.png,78,7,1,3.43,0.955,19.261240005493164,0.035726742000406375,1
I78_07_03.png,/kaggle/working/MDFS/data/KADID/extracted/kadid10k/images/I78_07_03.png,I78.png,78,7,3,2.37,1.08,19.586584091186523,0.03690882600039913,1
I78_07_05.png,/kaggle/working/MDFS/data/KADID/extracted/kadid10k/images/I78_07_05.png,I78.png,78,7,5,2.47,1.204,19.61562156677246,0.03688422800041735,1
I78_08_02.png,/kaggle/working/MDFS/data/KADID/extracted/kadid10k/images/I78_08_02.png,I78.png,78,8,2,3.33,0.869,18.690805435180664,0.037545375999798125,1
I78_08_04.png,/kaggle/working/MDFS/data/KADID/extracted/kadid10k/images/I78_08_04.png,I78.png,78,8,4,1.77,0.716,20.705078125,0.05696936799995456,1
I78_09_01.png,/kaggle/working/MDFS/data/KADID/extracted/kadid10k/images/I78_09_01.png,I78.png,78,9,1,4.68,0.467,18.13880729675293,0.04747590999977547,1
I78_09_03.png,/kaggle/working/MDFS/data/KADID/extracted/kadid10k/images/I78_09_03.png,I78.png,78,9,3,4.0,0.683,23.24238395690918,0.03686103299969545,1
I78_09_05.png,/kaggle/working/MDFS/data/KADID/extracted/kadid10k/images/I78_09_05.png,I78.png,78,9,5,1.2,0.4,36.50886535644531,0.0379112750006243,1
I78_10_02.png,/kaggle/working/MDFS/data/KADID/extracted/kadid10k/images/I78_10_02.png,I78.png,78,10,2,4.3,0.781,20.871540069580078,0.03591913099990052,1
I78_10_04.png,/kaggle/working/MDFS/data/KADID/extracted/kadid10k/images/I78_10_04.png,I78.png,78,10,4,1.6,0.554,25.924694061279297,0.035297472999445745,1
I78_11_01.png,/kaggle/working/MDFS/data/KADID/extracted/kadid10k/images/I78_11_01.png,I78.png,78,11,1,3.7,0.69,20.59716796875,0.03755870300028619,1
I78_11_03.png,/kaggle/working/MDFS/data/KADID/extracted/kadid10k/images/I78_11_03.png,I78.png,78,11,3,3.0,0.856,23.495973587036133,0.03877409799952147,1
I78_11_05.png,/kaggle/working/MDFS/data/KADID/extracted/kadid10k/images/I78_11_05.png,I78.png,78,11,5,2.43,0.616,29.218128204345703,0.037744422999821836,1
I78_12_02.png,/kaggle/working/MDFS/data/KADID/extracted/kadid10k/images/I78_12_02.png,I78.png,78,12,2,3.63,0.912,21.260282516479492,0.03740689699952782,1
I78_12_04.png,/kaggle/working/MDFS/data/KADID/extracted/kadid10k/images/I78_12_04.png,I78.png,78,12,4,2.67,0.65,25.32895851135254,0.03719061799984047,1
I78_13_01.png,/kaggle/working/MDFS/data/KADID/extracted/kadid10k/images/I78_13_01.png,I78.png,78,13,1,3.67,0.978,19.1580810546875,0.0356921999991755,1
I78_13_03.png,/kaggle/working/MDFS/data/KADID/extracted/kadid10k/images/I78_13_03.png,I78.png,78,13,3,3.03,0.875,22.4958553314209,0.036793824999222124,1
I78_13_05.png,/kaggle/working/MDFS/data/KADID/extracted/kadid10k/images/I78_13_05.png,I78.png,78,13,5,2.3,0.69,26.780202865600586,0.03777048400024796,1
I78_14_02.png,/kaggle/working/MDFS/data/KADID/extracted/kadid10k/images/I78_14_02.png,I78.png,78,14,2,3.6,0.879,21.143781661987305,0.03846847400018305,1
I78_14_04.png,/kaggle/working/MDFS/data/KADID/extracted/kadid10k/images/I78_14_04.png,I78.png,78,14,4,2.53,0.846,26.04838752746582,0.03786606999983633,1
I78_15_01.png,/kaggle/working/MDFS/data/KADID/extracted/kadid10k/images/I78_15_01.png,I78.png,78,15,1,3.77,0.761,20.7713565826416,0.03824662500028353,1
I78_15_03.png,/kaggle/working/MDFS/data/KADID/extracted/kadid10k/images/I78_15_03.png,I78.png,78,15,3,2.0,0.683,22.995662689208984,0.04753902799984644,1
I78_15_05.png,/kaggle/working/MDFS/data/KADID/extracted/kadid10k/images/I78_15_05.png,I78.png,78,15,5,1.53,0.562,25.81195068359375,0.04442646400002559,1
I78_16_02.png,/kaggle/working/MDFS/data/KADID/extracted/kadid10k/images/I78_16_02.png,I78.png,78,16,2,4.37,0.482,18.140623092651367,0.03574631300034525,1
I78_16_04.png,/kaggle/working/MDFS/data/KADID/extracted/kadid10k/images/I78_16_04.png,I78.png,78,16,4,3.0,0.966,19.714096069335938,0.03670440400037478,1
I78_17_01.png,/kaggle/working/MDFS/data/KADID/extracted/kadid10k/images/I78_17_01.png,I78.png,78,17,1,4.57,0.559,18.235414505004883,0.03788981899924693,1
I78_17_03.png,/kaggle/working/MDFS/data/KADID/extracted/kadid10k/images/I78_17_03.png,I78.png,78,17,3,4.43,0.716,18.439044952392578,0.037050147000627476,1
I78_17_05.png,/kaggle/working/MDFS/data/KADID/extracted/kadid10k/images/I78_17_05.png,I78.png,78,17,5,2.9,1.012,19.993696212768555,0.03620771600071748,1
I78_18_02.png,/kaggle/working/MDFS/data/KADID/extracted/kadid10k/images/I78_18_02.png,I78.png,78,18,2,4.5,0.563,18.21918296813965,0.036702587000036146,1
I78_18_04.png,/kaggle/working/MDFS/data/KADID/extracted/kadid10k/images/I78_18_04.png,I78.png,78,18,4,4.6,0.49,18.333776473999023,0.03675575899978867,1
I78_19_01.png,/kaggle/working/MDFS/data/KADID/extracted/kadid10k/images/I78_19_01.png,I78.png,78,19,1,4.7,0.526,18.12151336669922,0.037784849999297876,1
I78_19_03.png,/kaggle/working/MDFS/data/KADID/extracted/kadid10k/images/I78_19_03.png,I78.png,78,19,3,3.1,1.136,18.443601608276367,0.037722256999586534,1
I78_19_05.png,/kaggle/working/MDFS/data/KADID/extracted/kadid10k/images/I78_19_05.png,I78.png,78,19,5,1.23,0.423,22.77194595336914,0.037635937000231934,1
I78_20_02.png,/kaggle/working/MDFS/data/KADID/extracted/kadid10k/images/I78_20_02.png,I78.png,78,20,2,3.4,1.306,18.15130615234375,0.03702162199988379,1
I78_20_04.png,/kaggle/working/MDFS/data/KADID/extracted/kadid10k/images/I78_20_04.png,I78.png,78,20,4,2.73,1.34,18.18526840209961,0.036313134000010905,1
I78_21_01.png,/kaggle/working/MDFS/data/KADID/extracted/kadid10k/images/I78_21_01.png,I78.png,78,21,1,2.73,0.892,18.284887313842773,0.0360275470002307,1
I78_21_03.png,/kaggle/working/MDFS/data/KADID/extracted/kadid10k/images/I78_21_03.png,I78.png,78,21,3,2.47,0.67,19.140972137451172,0.03797764499995537,1
I78_21_05.png,/kaggle/working/MDFS/data/KADID/extracted/kadid10k/images/I78_21_05.png,I78.png,78,21,5,1.5,0.5,27.027572631835938,0.03648346899990429,1
I78_22_02.png,/kaggle/working/MDFS/data/KADID/extracted/kadid10k/images/I78_22_02.png,I78.png,78,22,2,3.2,0.98,18.65909194946289,0.036589876999642,1
I78_22_04.png,/kaggle/working/MDFS/data/KADID/extracted/kadid10k/images/I78_22_04.png,I78.png,78,22,4,2.7,1.005,20.176713943481445,0.035094732000288786,1
I78_23_01.png,/kaggle/working/MDFS/data/KADID/extracted/kadid10k/images/I78_23_01.png,I78.png,78,23,1,2.13,0.921,18.160093307495117,0.036212123000041174,1
I78_23_03.png,/kaggle/working/MDFS/data/KADID/extracted/kadid10k/images/I78_23_03.png,I78.png,78,23,3,2.27,0.772,18.303098678588867,0.03750692300036462,1
I78_23_05.png,/kaggle/working/MDFS/data/KADID/extracted/kadid10k/images/I78_23_05.png,I78.png,78,23,5,2.17,0.734,18.29037857055664,0.03985188000024209,1
I78_24_02.png,/kaggle/working/MDFS/data/KADID/extracted/kadid10k/images/I78_24_02.png,I78.png,78,24,2,2.77,0.803,21.311777114868164,0.038256104999163654,1
I78_24_04.png,/kaggle/working/MDFS/data/KADID/extracted/kadid10k/images/I78_24_04.png,I78.png,78,24,4,1.73,0.629,23.87386703491211,0.038223117000597995,1
I78_25_01.png,/kaggle/working/MDFS/data/KADID/extracted/kadid10k/images/I78_25_01.png,I78.png,78,25,1,3.6,0.879,18.724620819091797,0.03768823100017471,1
I78_25_03.png,/kaggle/working/MDFS/data/KADID/extracted/kadid10k/images/I78_25_03.png,I78.png,78,25,3,4.33,0.65,18.300256729125977,0.036476975999903516,1
I78_25_05.png,/kaggle/working/MDFS/data/KADID/extracted/kadid10k/images/I78_25_05.png,I78.png,78,25,5,3.03,0.795,18.253870010375977,0.03638426599991362,1
I79_01_02.png,/kaggle/working/MDFS/data/KADID/extracted/kadid10k/images/I79_01_02.png,I79.png,79,1,2,4.63,0.605,19.702688217163086,0.03911224399962521,1
I79_01_04.png,/kaggle/working/MDFS/data/KADID/extracted/kadid10k/images/I79_01_04.png,I79.png,79,1,4,2.47,0.763,30.918642044067383,0.03912557500007097,1
I79_02_01.png,/kaggle/working/MDFS/data/KADID/extracted/kadid10k/images/I79_02_01.png,I79.png,79,2,1,4.17,0.82,21.49688720703125,0.03928254600032233,1
I79_02_03.png,/kaggle/working/MDFS/data/KADID/extracted/kadid10k/images/I79_02_03.png,I79.png,79,2,3,2.3,0.64,30.651020050048828,0.03910030900078709,1
I79_02_05.png,/kaggle/working/MDFS/data/KADID/extracted/kadid10k/images/I79_02_05.png,I79.png,79,2,5,1.57,0.616,33.82876968383789,0.039536239999506506,1
I79_03_02.png,/kaggle/working/MDFS/data/KADID/extracted/kadid10k/images/I79_03_02.png,I79.png,79,3,2,4.23,0.667,20.574539184570312,0.0404730850004853,1
I79_03_04.png,/kaggle/working/MDFS/data/KADID/extracted/kadid10k/images/I79_03_04.png,I79.png,79,3,4,2.97,0.795,23.76616668701172,0.03988571900026727,1
I79_04_01.png,/kaggle/working/MDFS/data/KADID/extracted/kadid10k/images/I79_04_01.png,I79.png,79,4,1,4.53,0.67,20.488487243652344,0.039814455999476195,1
I79_04_03.png,/kaggle/working/MDFS/data/KADID/extracted/kadid10k/images/I79_04_03.png,I79.png,79,4,3,1.47,0.562,27.134347915649414,0.0383323059995746,1
I79_04_05.png,/kaggle/working/MDFS/data/KADID/extracted/kadid10k/images/I79_04_05.png,I79.png,79,4,5,1.13,0.34,30.309003829956055,0.03747504799957824,1
I79_05_02.png,/kaggle/working/MDFS/data/KADID/extracted/kadid10k/images/I79_05_02.png,I79.png,79,5,2,3.37,0.795,20.598186492919922,0.03906412000014825,1
I79_05_04.png,/kaggle/working/MDFS/data/KADID/extracted/kadid10k/images/I79_05_04.png,I79.png,79,5,4,2.63,1.016,20.388959884643555,0.03868376999980683,1
I79_06_01.png,/kaggle/working/MDFS/data/KADID/extracted/kadid10k/images/I79_06_01.png,I79.png,79,6,1,4.2,0.702,21.795888900756836,0.03579077399990638,1
I79_06_03.png,/kaggle/working/MDFS/data/KADID/extracted/kadid10k/images/I79_06_03.png,I79.png,79,6,3,3.7,0.781,23.250741958618164,0.03554125900063809,1
I79_06_05.png,/kaggle/working/MDFS/data/KADID/extracted/kadid10k/images/I79_06_05.png,I79.png,79,6,5,2.43,1.086,25.219085693359375,0.035690085999704024,1
I79_07_02.png,/kaggle/working/MDFS/data/KADID/extracted/kadid10k/images/I79_07_02.png,I79.png,79,7,2,2.13,1.024,20.236108779907227,0.03946484399966721,1
I79_07_04.png,/kaggle/working/MDFS/data/KADID/extracted/kadid10k/images/I79_07_04.png,I79.png,79,7,4,1.83,0.898,24.261781692504883,0.03747177199966245,1
I79_08_01.png,/kaggle/working/MDFS/data/KADID/extracted/kadid10k/images/I79_08_01.png,I79.png,79,8,1,4.53,0.499,19.239839553833008,0.038560085000426625,1
I79_08_03.png,/kaggle/working/MDFS/data/KADID/extracted/kadid10k/images/I79_08_03.png,I79.png,79,8,3,2.81,1.06,23.18692398071289,0.03820481999991898,1
I79_08_05.png,/kaggle/working/MDFS/data/KADID/extracted/kadid10k/images/I79_08_05.png,I79.png,79,8,5,1.43,0.92,26.622005462646484,0.037750393999886,1
I79_09_02.png,/kaggle/working/MDFS/data/KADID/extracted/kadid10k/images/I79_09_02.png,I79.png,79,9,2,4.43,0.559,21.133150100708008,0.0422791769997275,1
I79_09_04.png,/kaggle/working/MDFS/data/KADID/extracted/kadid10k/images/I79_09_04.png,I79.png,79,9,4,2.23,0.716,30.07366943359375,0.0399509950002539,1
I79_10_01.png,/kaggle/working/MDFS/data/KADID/extracted/kadid10k/images/I79_10_01.png,I79.png,79,10,1,4.23,0.716,20.24538230895996,0.03894734499954211,1
I79_10_03.png,/kaggle/working/MDFS/data/KADID/extracted/kadid10k/images/I79_10_03.png,I79.png,79,10,3,4.03,0.752,22.11408042907715,0.03865539499929582,1
I79_10_05.png,/kaggle/working/MDFS/data/KADID/extracted/kadid10k/images/I79_10_05.png,I79.png,79,10,5,1.43,0.616,34.6850700378418,0.03687325500050065,1
I79_11_02.png,/kaggle/working/MDFS/data/KADID/extracted/kadid10k/images/I79_11_02.png,I79.png,79,11,2,3.4,0.879,22.837833404541016,0.037371955999333295,1
I79_11_04.png,/kaggle/working/MDFS/data/KADID/extracted/kadid10k/images/I79_11_04.png,I79.png,79,11,4,3.03,0.752,25.06162452697754,0.03916062300049816,1
I79_12_01.png,/kaggle/working/MDFS/data/KADID/extracted/kadid10k/images/I79_12_01.png,I79.png,79,12,1,4.67,0.471,20.402301788330078,0.03958858900023188,1
I79_12_03.png,/kaggle/working/MDFS/data/KADID/extracted/kadid10k/images/I79_12_03.png,I79.png,79,12,3,3.43,0.761,23.304439544677734,0.03880935800043517,1
I79_12_05.png,/kaggle/working/MDFS/data/KADID/extracted/kadid10k/images/I79_12_05.png,I79.png,79,12,5,2.37,0.706,26.329849243164062,0.037627747999977146,1
I79_13_02.png,/kaggle/working/MDFS/data/KADID/extracted/kadid10k/images/I79_13_02.png,I79.png,79,13,2,2.87,0.846,21.196727752685547,0.038490334000016446,1
I79_13_04.png,/kaggle/working/MDFS/data/KADID/extracted/kadid10k/images/I79_13_04.png,I79.png,79,13,4,2.27,0.814,24.564722061157227,0.03744704400014598,1
I79_14_01.png,/kaggle/working/MDFS/data/KADID/extracted/kadid10k/images/I79_14_01.png,I79.png,79,14,1,4.68,0.532,19.67919158935547,0.03823372399983782,1
I79_14_03.png,/kaggle/working/MDFS/data/KADID/extracted/kadid10k/images/I79_14_03.png,I79.png,79,14,3,3.6,0.879,21.716856002807617,0.036273566000090796,1
I79_14_05.png,/kaggle/working/MDFS/data/KADID/extracted/kadid10k/images/I79_14_05.png,I79.png,79,14,5,2.4,0.757,25.023681640625,0.036896935000186204,1
I79_15_02.png,/kaggle/working/MDFS/data/KADID/extracted/kadid10k/images/I79_15_02.png,I79.png,79,15,2,3.07,0.854,20.802444458007812,0.03962710199994035,1
I79_15_04.png,/kaggle/working/MDFS/data/KADID/extracted/kadid10k/images/I79_15_04.png,I79.png,79,15,4,2.1,0.7,22.888839721679688,0.038164061999850674,1
I79_16_01.png,/kaggle/working/MDFS/data/KADID/extracted/kadid10k/images/I79_16_01.png,I79.png,79,16,1,4.3,0.586,19.20669174194336,0.03943469800015009,1
I79_16_03.png,/kaggle/working/MDFS/data/KADID/extracted/kadid10k/images/I79_16_03.png,I79.png,79,16,3,3.57,0.761,19.303085327148438,0.039450469000257726,1
I79_16_05.png,/kaggle/working/MDFS/data/KADID/extracted/kadid10k/images/I79_16_05.png,I79.png,79,16,5,2.47,1.118,20.27070426940918,0.038718724000318616,1
I79_17_02.png,/kaggle/working/MDFS/data/KADID/extracted/kadid10k/images/I79_17_02.png,I79.png,79,17,2,4.63,0.547,19.221403121948242,0.03915100399990479,1
I79_17_04.png,/kaggle/working/MDFS/data/KADID/extracted/kadid10k/images/I79_17_04.png,I79.png,79,17,4,3.9,0.79,19.464872360229492,0.04015141499985475,1
I79_18_01.png,/kaggle/working/MDFS/data/KADID/extracted/kadid10k/images/I79_18_01.png,I79.png,79,18,1,4.42,0.61,19.43025779724121,0.039116938000006485,1
I79_18_03.png,/kaggle/working/MDFS/data/KADID/extracted/kadid10k/images/I79_18_03.png,I79.png,79,18,3,4.6,0.49,19.239839553833008,0.040061122000224714,1
I79_18_05.png,/kaggle/working/MDFS/data/KADID/extracted/kadid10k/images/I79_18_05.png,I79.png,79,18,5,3.8,0.748,19.997943878173828,0.040133591999619966,1
I79_19_02.png,/kaggle/working/MDFS/data/KADID/extracted/kadid10k/images/I79_19_02.png,I79.png,79,19,2,4.37,0.706,19.630706787109375,0.04111538799952541,1
I79_19_04.png,/kaggle/working/MDFS/data/KADID/extracted/kadid10k/images/I79_19_04.png,I79.png,79,19,4,2.6,0.8,21.643375396728516,0.037860362000174064,1
I79_20_01.png,/kaggle/working/MDFS/data/KADID/extracted/kadid10k/images/I79_20_01.png,I79.png,79,20,1,4.4,0.841,19.140474319458008,0.03885490900029254,1
I79_20_03.png,/kaggle/working/MDFS/data/KADID/extracted/kadid10k/images/I79_20_03.png,I79.png,79,20,3,2.57,1.146,19.110334396362305,0.03965429599975323,1
I79_20_05.png,/kaggle/working/MDFS/data/KADID/extracted/kadid10k/images/I79_20_05.png,I79.png,79,20,5,3.0,1.211,18.911516189575195,0.03973967199999606,1
I79_21_02.png,/kaggle/working/MDFS/data/KADID/extracted/kadid10k/images/I79_21_02.png,I79.png,79,21,2,3.73,0.892,19.802387237548828,0.03830254799959221,1
I79_21_04.png,/kaggle/working/MDFS/data/KADID/extracted/kadid10k/images/I79_21_04.png,I79.png,79,21,4,3.4,0.757,20.85453224182129,0.0365066399999705,1
I79_22_01.png,/kaggle/working/MDFS/data/KADID/extracted/kadid10k/images/I79_22_01.png,I79.png,79,22,1,4.53,0.763,19.356889724731445,0.03854308299924014,1
I79_22_03.png,/kaggle/working/MDFS/data/KADID/extracted/kadid10k/images/I79_22_03.png,I79.png,79,22,3,4.27,0.854,19.586462020874023,0.03899462899971695,1
I79_22_05.png,/kaggle/working/MDFS/data/KADID/extracted/kadid10k/images/I79_22_05.png,I79.png,79,22,5,2.4,0.879,20.58048439025879,0.03903900099976454,1
I79_23_02.png,/kaggle/working/MDFS/data/KADID/extracted/kadid10k/images/I79_23_02.png,I79.png,79,23,2,2.7,1.005,19.003971099853516,0.04040338300001167,1
I79_23_04.png,/kaggle/working/MDFS/data/KADID/extracted/kadid10k/images/I79_23_04.png,I79.png,79,23,4,2.5,1.118,19.109947204589844,0.03998873100044875,1
I79_24_01.png,/kaggle/working/MDFS/data/KADID/extracted/kadid10k/images/I79_24_01.png,I79.png,79,24,1,3.87,0.67,19.779558181762695,0.03999127600036445,1
I79_24_03.png,/kaggle/working/MDFS/data/KADID/extracted/kadid10k/images/I79_24_03.png,I79.png,79,24,3,2.4,0.712,21.62541961669922,0.039679323000200384,1
I79_24_05.png,/kaggle/working/MDFS/data/KADID/extracted/kadid10k/images/I79_24_05.png,I79.png,79,24,5,1.57,0.559,25.75889778137207,0.0377137160003258,1
I79_25_02.png,/kaggle/working/MDFS/data/KADID/extracted/kadid10k/images/I79_25_02.png,I79.png,79,25,2,3.93,0.629,19.923660278320312,0.03997135900044668,1
I79_25_04.png,/kaggle/working/MDFS/data/KADID/extracted/kadid10k/images/I79_25_04.png,I79.png,79,25,4,3.8,0.833,19.11725425720215,0.038764795000133745,1
I80_01_01.png,/kaggle/working/MDFS/data/KADID/extracted/kadid10k/images/I80_01_01.png,I80.png,80,1,1,4.63,0.482,18.115697860717773,0.038068610999289376,1
I80_01_03.png,/kaggle/working/MDFS/data/KADID/extracted/kadid10k/images/I80_01_03.png,I80.png,80,1,3,3.27,0.854,21.064298629760742,0.038762927000789205,1
I80_01_05.png,/kaggle/working/MDFS/data/KADID/extracted/kadid10k/images/I80_01_05.png,I80.png,80,1,5,1.53,0.562,40.2755126953125,0.03719400699992548,1
I80_02_02.png,/kaggle/working/MDFS/data/KADID/extracted/kadid10k/images/I80_02_02.png,I80.png,80,2,2,3.03,0.657,22.69247817993164,0.03788817900021968,1
I80_02_04.png,/kaggle/working/MDFS/data/KADID/extracted/kadid10k/images/I80_02_04.png,I80.png,80,2,4,1.47,0.499,30.01970100402832,0.03887902099995699,1
I80_03_01.png,/kaggle/working/MDFS/data/KADID/extracted/kadid10k/images/I80_03_01.png,I80.png,80,3,1,4.5,0.563,18.115697860717773,0.03864579400033108,1
I80_03_03.png,/kaggle/working/MDFS/data/KADID/extracted/kadid10k/images/I80_03_03.png,I80.png,80,3,3,3.13,0.884,20.582338333129883,0.039576792999469035,1
I80_03_05.png,/kaggle/working/MDFS/data/KADID/extracted/kadid10k/images/I80_03_05.png,I80.png,80,3,5,1.9,0.651,22.040607452392578,0.04015598899968609,1
I80_04_02.png,/kaggle/working/MDFS/data/KADID/extracted/kadid10k/images/I80_04_02.png,I80.png,80,4,2,1.93,0.814,19.82003402709961,0.0399647369995364,1
I80_04_04.png,/kaggle/working/MDFS/data/KADID/extracted/kadid10k/images/I80_04_04.png,I80.png,80,4,4,1.87,0.884,21.4453182220459,0.039677727999333,1
I80_05_01.png,/kaggle/working/MDFS/data/KADID/extracted/kadid10k/images/I80_05_01.png,I80.png,80,5,1,4.23,0.616,18.16075325012207,0.04004819400051929,1
I80_05_03.png,/kaggle/working/MDFS/data/KADID/extracted/kadid10k/images/I80_05_03.png,I80.png,80,5,3,2.8,0.909,18.78546905517578,0.03993911199995637,1
I80_05_05.png,/kaggle/working/MDFS/data/KADID/extracted/kadid10k/images/I80_05_05.png,I80.png,80,5,5,2.7,1.005,18.255542755126953,0.04002390499954345,1
I80_06_02.png,/kaggle/working/MDFS/data/KADID/extracted/kadid10k/images/I80_06_02.png,I80.png,80,6,2,4.2,0.748,19.495054244995117,0.03801363200000196,1
I80_06_04.png,/kaggle/working/MDFS/data/KADID/extracted/kadid10k/images/I80_06_04.png,I80.png,80,6,4,3.53,0.884,21.00571632385254,0.03649606099952507,1
I80_07_01.png,/kaggle/working/MDFS/data/KADID/extracted/kadid10k/images/I80_07_01.png,I80.png,80,7,1,2.57,1.055,17.882410049438477,0.03860539700053778,1
I80_07_03.png,/kaggle/working/MDFS/data/KADID/extracted/kadid10k/images/I80_07_03.png,I80.png,80,7,3,2.27,1.181,19.209945678710938,0.03822191099970951,1
I80_07_05.png,/kaggle/working/MDFS/data/KADID/extracted/kadid10k/images/I80_07_05.png,I80.png,80,7,5,2.13,0.957,19.141632080078125,0.03893282899935002,1
I80_08_02.png,/kaggle/working/MDFS/data/KADID/extracted/kadid10k/images/I80_08_02.png,I80.png,80,8,2,2.83,0.934,19.17984962463379,0.03885317100048269,1
I80_08_04.png,/kaggle/working/MDFS/data/KADID/extracted/kadid10k/images/I80_08_04.png,I80.png,80,8,4,1.93,0.964,21.312692642211914,0.038080334000369476,1
I80_09_01.png,/kaggle/working/MDFS/data/KADID/extracted/kadid10k/images/I80_09_01.png,I80.png,80,9,1,4.7,0.458,18.81298065185547,0.03997166300086974,1
I80_09_03.png,/kaggle/working/MDFS/data/KADID/extracted/kadid10k/images/I80_09_03.png,I80.png,80,9,3,3.74,0.879,22.089675903320312,0.03967624300003081,1
I80_09_05.png,/kaggle/working/MDFS/data/KADID/extracted/kadid10k/images/I80_09_05.png,I80.png,80,9,5,1.87,0.763,33.309173583984375,0.038937426999837044,1
I80_10_02.png,/kaggle/working/MDFS/data/KADID/extracted/kadid10k/images/I80_10_02.png,I80.png,80,10,2,4.5,0.764,20.049571990966797,0.03970756699982303,1
I80_10_04.png,/kaggle/working/MDFS/data/KADID/extracted/kadid10k/images/I80_10_04.png,I80.png,80,10,4,1.6,0.554,27.57246208190918,0.03763052100021014,1
I80_11_01.png,/kaggle/working/MDFS/data/KADID/extracted/kadid10k/images/I80_11_01.png,I80.png,80,11,1,4.47,0.67,19.57365608215332,0.03824890099986078,1
I80_11_03.png,/kaggle/working/MDFS/data/KADID/extracted/kadid10k/images/I80_11_03.png,I80.png,80,11,3,3.6,0.611,21.846437454223633,0.03781941800025379,1
I80_11_05.png,/kaggle/working/MDFS/data/KADID/extracted/kadid10k/images/I80_11_05.png,I80.png,80,11,5,2.47,0.763,25.534191131591797,0.03735589699954289,1
I80_12_02.png,/kaggle/working/MDFS/data/KADID/extracted/kadid10k/images/I80_12_02.png,I80.png,80,12,2,4.43,0.616,19.914649963378906,0.03710944899921742,1
I80_12_04.png,/kaggle/working/MDFS/data/KADID/extracted/kadid10k/images/I80_12_04.png,I80.png,80,12,4,3.1,0.978,23.25630760192871,0.03675496199957706,1
I80_13_01.png,/kaggle/working/MDFS/data/KADID/extracted/kadid10k/images/I80_13_01.png,I80.png,80,13,1,4.13,0.991,18.075685501098633,0.038152258999616606,1
I80_13_03.png,/kaggle/working/MDFS/data/KADID/extracted/kadid10k/images/I80_13_03.png,I80.png,80,13,3,2.97,0.875,20.517669677734375,0.03799718800019036,1
I80_13_05.png,/kaggle/working/MDFS/data/KADID/extracted/kadid10k/images/I80_13_05.png,I80.png,80,13,5,2.33,0.65,25.189197540283203,0.03907734899985371,1
I80_14_02.png,/kaggle/working/MDFS/data/KADID/extracted/kadid10k/images/I80_14_02.png,I80.png,80,14,2,4.07,0.68,19.149436950683594,0.038443200000074285,1
I80_14_04.png,/kaggle/working/MDFS/data/KADID/extracted/kadid10k/images/I80_14_04.png,I80.png,80,14,4,3.03,0.948,21.322471618652344,0.03772422000020015,1
I80_15_01.png,/kaggle/working/MDFS/data/KADID/extracted/kadid10k/images/I80_15_01.png,I80.png,80,15,1,3.83,0.687,20.029829025268555,0.0394337669995366,1
I80_15_03.png,/kaggle/working/MDFS/data/KADID/extracted/kadid10k/images/I80_15_03.png,I80.png,80,15,3,3.27,0.929,21.593732833862305,0.03907240299940895,1
I80_15_05.png,/kaggle/working/MDFS/data/KADID/extracted/kadid10k/images/I80_15_05.png,I80.png,80,15,5,1.93,0.573,24.329524993896484,0.03771141800007172,1
I80_16_02.png,/kaggle/working/MDFS/data/KADID/extracted/kadid10k/images/I80_16_02.png,I80.png,80,16,2,4.03,0.836,18.109474182128906,0.03975091499978589,1
I80_16_04.png,/kaggle/working/MDFS/data/KADID/extracted/kadid10k/images/I80_16_04.png,I80.png,80,16,4,2.8,1.194,18.802946090698242,0.039635264999560604,1
I80_17_01.png,/kaggle/working/MDFS/data/KADID/extracted/kadid10k/images/I80_17_01.png,I80.png,80,17,1,4.67,0.596,18.111061096191406,0.03976815300029557,1
I80_17_03.png,/kaggle/working/MDFS/data/KADID/extracted/kadid10k/images/I80_17_03.png,I80.png,80,17,3,4.07,0.629,18.12736701965332,0.04017134600053396,1
I80_17_05.png,/kaggle/working/MDFS/data/KADID/extracted/kadid10k/images/I80_17_05.png,I80.png,80,17,5,2.37,0.948,19.87407684326172,0.037617979000060586,1
I80_18_02.png,/kaggle/working/MDFS/data/KADID/extracted/kadid10k/images/I80_18_02.png,I80.png,80,18,2,4.6,0.554,18.13292694091797,0.0386089389994595,1
I80_18_04.png,/kaggle/working/MDFS/data/KADID/extracted/kadid10k/images/I80_18_04.png,I80.png,80,18,4,4.27,0.442,18.225017547607422,0.03862475599999016,1
I80_19_01.png,/kaggle/working/MDFS/data/KADID/extracted/kadid10k/images/I80_19_01.png,I80.png,80,19,1,4.43,0.616,18.01546859741211,0.038541754000107176,1
I80_19_03.png,/kaggle/working/MDFS/data/KADID/extracted/kadid10k/images/I80_19_03.png,I80.png,80,19,3,3.53,0.846,18.65546226501465,0.03886171199974342,1
I80_19_05.png,/kaggle/working/MDFS/data/KADID/extracted/kadid10k/images/I80_19_05.png,I80.png,80,19,5,1.4,0.49,22.65023422241211,0.038537010999789345,1
I80_20_02.png,/kaggle/working/MDFS/data/KADID/extracted/kadid10k/images/I80_20_02.png,I80.png,80,20,2,4.13,0.991,18.078157424926758,0.03939842199997656,1
I80_20_04.png,/kaggle/working/MDFS/data/KADID/extracted/kadid10k/images/I80_20_04.png,I80.png,80,20,4,3.73,0.998,18.002948760986328,0.03931124800055841,1
I80_21_01.png,/kaggle/working/MDFS/data/KADID/extracted/kadid10k/images/I80_21_01.png,I80.png,80,21,1,4.13,0.991,18.177452087402344,0.03888950400050817,1
I80_21_03.png,/kaggle/working/MDFS/data/KADID/extracted/kadid10k/images/I80_21_03.png,I80.png,80,21,3,3.47,0.846,18.690685272216797,0.038319064999996044,1
I80_21_05.png,/kaggle/working/MDFS/data/KADID/extracted/kadid10k/images/I80_21_05.png,I80.png,80,21,5,1.63,0.657,27.723419189453125,0.03427903800002241,1
I80_22_02.png,/kaggle/working/MDFS/data/KADID/extracted/kadid10k/images/I80_22_02.png,I80.png,80,22,2,4.47,0.718,18.152660369873047,0.037832774999515095,1
I80_22_04.png,/kaggle/working/MDFS/data/KADID/extracted/kadid10k/images/I80_22_04.png,I80.png,80,22,4,3.73,0.964,18.543031692504883,0.03779320000012376,1
I80_23_01.png,/kaggle/working/MDFS/data/KADID/extracted/kadid10k/images/I80_23_01.png,I80.png,80,23,1,3.1,1.136,18.054277420043945,0.04010147400003916,1
I80_23_03.png,/kaggle/working/MDFS/data/KADID/extracted/kadid10k/images/I80_23_03.png,I80.png,80,23,3,2.5,0.764,18.003978729248047,0.03993995000018913,1
I80_23_05.png,/kaggle/working/MDFS/data/KADID/extracted/kadid10k/images/I80_23_05.png,I80.png,80,23,5,2.23,0.803,18.042404174804688,0.0400520779994622,1
I80_24_02.png,/kaggle/working/MDFS/data/KADID/extracted/kadid10k/images/I80_24_02.png,I80.png,80,24,2,2.73,0.929,20.55137825012207,0.04012606099968252,1
I80_24_04.png,/kaggle/working/MDFS/data/KADID/extracted/kadid10k/images/I80_24_04.png,I80.png,80,24,4,1.6,0.611,23.70915412902832,0.040057026999420486,1
I80_25_01.png,/kaggle/working/MDFS/data/KADID/extracted/kadid10k/images/I80_25_01.png,I80.png,80,25,1,3.1,0.856,18.448923110961914,0.040522426000279665,1
I80_25_03.png,/kaggle/working/MDFS/data/KADID/extracted/kadid10k/images/I80_25_03.png,I80.png,80,25,3,3.97,0.752,18.086563110351562,0.04032805200040457,1
I80_25_05.png,/kaggle/working/MDFS/data/KADID/extracted/kadid10k/images/I80_25_05.png,I80.png,80,25,5,3.03,0.912,18.571374893188477,0.03949290699983976,1
I81_01_02.png,/kaggle/working/MDFS/data/KADID/extracted/kadid10k/images/I81_01_02.png,I81.png,81,1,2,4.5,0.563,17.695106506347656,0.03992179699980625,1
I81_01_04.png,/kaggle/working/MDFS/data/KADID/extracted/kadid10k/images/I81_01_04.png,I81.png,81,1,4,1.87,0.707,31.781747817993164,0.03943227499985369,1
I81_02_01.png,/kaggle/working/MDFS/data/KADID/extracted/kadid10k/images/I81_02_01.png,I81.png,81,2,1,3.87,0.846,18.602005004882812,0.039434468000763445,1
I81_02_03.png,/kaggle/working/MDFS/data/KADID/extracted/kadid10k/images/I81_02_03.png,I81.png,81,2,3,1.8,0.6,29.701839447021484,0.03936797400001524,1
I81_02_05.png,/kaggle/working/MDFS/data/KADID/extracted/kadid10k/images/I81_02_05.png,I81.png,81,2,5,1.27,0.512,37.29057693481445,0.038834615999803646,1
I81_03_02.png,/kaggle/working/MDFS/data/KADID/extracted/kadid10k/images/I81_03_02.png,I81.png,81,3,2,4.27,0.68,17.874635696411133,0.03925505000006524,1
I81_03_04.png,/kaggle/working/MDFS/data/KADID/extracted/kadid10k/images/I81_03_04.png,I81.png,81,3,4,2.17,0.778,19.894397735595703,0.039552926999931515,1
I81_04_01.png,/kaggle/working/MDFS/data/KADID/extracted/kadid10k/images/I81_04_01.png,I81.png,81,4,1,4.5,0.563,17.601526260375977,0.03941875300006359,1
I81_04_03.png,/kaggle/working/MDFS/data/KADID/extracted/kadid10k/images/I81_04_03.png,I81.png,81,4,3,1.33,0.537,19.63908576965332,0.038970326000708155,1
I81_04_05.png,/kaggle/working/MDFS/data/KADID/extracted/kadid10k/images/I81_04_05.png,I81.png,81,4,5,1.23,0.423,21.123205184936523,0.03858006500013289,1
I81_05_02.png,/kaggle/working/MDFS/data/KADID/extracted/kadid10k/images/I81_05_02.png,I81.png,81,5,2,2.47,0.846,19.004518508911133,0.040270284000143874,1
I81_05_04.png,/kaggle/working/MDFS/data/KADID/extracted/kadid10k/images/I81_05_04.png,I81.png,81,5,4,1.27,0.442,18.79269027709961,0.040184896999562625,1
I81_06_01.png,/kaggle/working/MDFS/data/KADID/extracted/kadid10k/images/I81_06_01.png,I81.png,81,6,1,3.17,0.778,21.224756240844727,0.03572399000040605,1
I81_06_03.png,/kaggle/working/MDFS/data/KADID/extracted/kadid10k/images/I81_06_03.png,I81.png,81,6,3,2.9,0.79,22.312734603881836,0.03647089900005085,1
I81_06_05.png,/kaggle/working/MDFS/data/KADID/extracted/kadid10k/images/I81_06_05.png,I81.png,81,6,5,1.93,0.629,25.606538772583008,0.0362647450001532,1
I81_07_02.png,/kaggle/working/MDFS/data/KADID/extracted/kadid10k/images/I81_07_02.png,I81.png,81,7,2,2.27,0.727,19.05367660522461,0.03959958799987362,1
I81_07_04.png,/kaggle/working/MDFS/data/KADID/extracted/kadid10k/images/I81_07_04.png,I81.png,81,7,4,2.27,1.031,22.512910842895508,0.03781760600031703,1
I81_08_01.png,/kaggle/working/MDFS/data/KADID/extracted/kadid10k/images/I81_08_01.png,I81.png,81,8,1,4.53,0.718,17.785478591918945,0.04012306799995713,1
I81_08_03.png,/kaggle/working/MDFS/data/KADID/extracted/kadid10k/images/I81_08_03.png,I81.png,81,8,3,2.73,0.814,19.109399795532227,0.03911103199970967,1
I81_08_05.png,/kaggle/working/MDFS/data/KADID/extracted/kadid10k/images/I81_08_05.png,I81.png,81,8,5,1.2,0.4,22.787277221679688,0.03824623000036809,1
I81_09_02.png,/kaggle/working/MDFS/data/KADID/extracted/kadid10k/images/I81_09_02.png,I81.png,81,9,2,4.71,0.454,18.649282455444336,0.03949588999967091,1
I81_09_04.png,/kaggle/working/MDFS/data/KADID/extracted/kadid10k/images/I81_09_04.png,I81.png,81,9,4,2.47,0.921,25.6544189453125,0.03915382600007433,1
I81_10_01.png,/kaggle/working/MDFS/data/KADID/extracted/kadid10k/images/I81_10_01.png,I81.png,81,10,1,4.03,0.912,18.776329040527344,0.03872852599943144,1
I81_10_03.png,/kaggle/working/MDFS/data/KADID/extracted/kadid10k/images/I81_10_03.png,I81.png,81,10,3,3.35,0.785,20.40581703186035,0.040076747999592044,1
I81_10_05.png,/kaggle/working/MDFS/data/KADID/extracted/kadid10k/images/I81_10_05.png,I81.png,81,10,5,1.23,0.423,34.443119049072266,0.0370441960003518,1
I81_11_02.png,/kaggle/working/MDFS/data/KADID/extracted/kadid10k/images/I81_11_02.png,I81.png,81,11,2,2.4,0.663,22.793489456176758,0.038765633000366506,1
I81_11_04.png,/kaggle/working/MDFS/data/KADID/extracted/kadid10k/images/I81_11_04.png,I81.png,81,11,4,2.13,0.67,26.078441619873047,0.03868769900054758,1
I81_12_01.png,/kaggle/working/MDFS/data/KADID/extracted/kadid10k/images/I81_12_01.png,I81.png,81,12,1,4.43,0.496,19.463144302368164,0.039044369000293955,1
I81_12_03.png,/kaggle/working/MDFS/data/KADID/extracted/kadid10k/images/I81_12_03.png,I81.png,81,12,3,2.67,0.789,23.751882553100586,0.038761704000535246,1
I81_12_05.png,/kaggle/working/MDFS/data/KADID/extracted/kadid10k/images/I81_12_05.png,I81.png,81,12,5,2.27,0.727,27.956541061401367,0.0381112180002674,1
I81_13_02.png,/kaggle/working/MDFS/data/KADID/extracted/kadid10k/images/I81_13_02.png,I81.png,81,13,2,2.87,0.67,20.02543067932129,0.03980580700044811,1
I81_13_04.png,/kaggle/working/MDFS/data/KADID/extracted/kadid10k/images/I81_13_04.png,I81.png,81,13,4,2.2,0.653,22.94855499267578,0.03895462100081204,1
I81_14_01.png,/kaggle/working/MDFS/data/KADID/extracted/kadid10k/images/I81_14_01.png,I81.png,81,14,1,4.33,0.596,19.01656723022461,0.03780785199978709,1
I81_14_03.png,/kaggle/working/MDFS/data/KADID/extracted/kadid10k/images/I81_14_03.png,I81.png,81,14,3,2.7,0.862,22.0432186126709,0.03759592400001566,1
I81_14_05.png,/kaggle/working/MDFS/data/KADID/extracted/kadid10k/images/I81_14_05.png,I81.png,81,14,5,1.67,0.471,26.22998046875,0.037546470999586745,1
I81_15_02.png,/kaggle/working/MDFS/data/KADID/extracted/kadid10k/images/I81_15_02.png,I81.png,81,15,2,1.8,0.542,22.078371047973633,0.03801878500053135,1
I81_15_04.png,/kaggle/working/MDFS/data/KADID/extracted/kadid10k/images/I81_15_04.png,I81.png,81,15,4,1.45,0.498,25.329038619995117,0.03717154900004971,1
I81_16_01.png,/kaggle/working/MDFS/data/KADID/extracted/kadid10k/images/I81_16_01.png,I81.png,81,16,1,4.63,0.482,17.79032325744629,0.040307889000359864,1
I81_16_03.png,/kaggle/working/MDFS/data/KADID/extracted/kadid10k/images/I81_16_03.png,I81.png,81,16,3,3.67,0.745,17.877891540527344,0.03993490900029428,1
I81_16_05.png,/kaggle/working/MDFS/data/KADID/extracted/kadid10k/images/I81_16_05.png,I81.png,81,16,5,1.57,0.559,20.29656982421875,0.03939935400012473,1
I81_17_02.png,/kaggle/working/MDFS/data/KADID/extracted/kadid10k/images/I81_17_02.png,I81.png,81,17,2,4.73,0.442,17.783994674682617,0.04023452100045688,1
I81_17_04.png,/kaggle/working/MDFS/data/KADID/extracted/kadid10k/images/I81_17_04.png,I81.png,81,17,4,3.73,0.68,17.858299255371094,0.03948458499962726,1
I81_18_01.png,/kaggle/working/MDFS/data/KADID/extracted/kadid10k/images/I81_18_01.png,I81.png,81,18,1,4.27,0.512,17.830272674560547,0.03956041200035543,1
I81_18_03.png,/kaggle/working/MDFS/data/KADID/extracted/kadid10k/images/I81_18_03.png,I81.png,81,18,3,4.73,0.442,17.785478591918945,0.03897662999952445,1
I81_18_05.png,/kaggle/working/MDFS/data/KADID/extracted/kadid10k/images/I81_18_05.png,I81.png,81,18,5,4.2,0.542,18.066884994506836,0.038938510999287246,1
I81_19_02.png,/kaggle/working/MDFS/data/KADID/extracted/kadid10k/images/I81_19_02.png,I81.png,81,19,2,4.33,0.65,17.744348526000977,0.03878425199945923,1
I81_19_04.png,/kaggle/working/MDFS/data/KADID/extracted/kadid10k/images/I81_19_04.png,I81.png,81,19,4,1.6,0.49,20.468629837036133,0.037071781999657105,1
I81_20_01.png,/kaggle/working/MDFS/data/KADID/extracted/kadid10k/images/I81_20_01.png,I81.png,81,20,1,4.2,0.748,17.702577590942383,0.039740821000123105,1
I81_20_03.png,/kaggle/working/MDFS/data/KADID/extracted/kadid10k/images/I81_20_03.png,I81.png,81,20,3,4.07,0.998,17.708980560302734,0.04083548900052847,1
I81_20_05.png,/kaggle/working/MDFS/data/KADID/extracted/kadid10k/images/I81_20_05.png,I81.png,81,20,5,1.33,0.471,17.640810012817383,0.040596527999696264,1
I81_21_02.png,/kaggle/working/MDFS/data/KADID/extracted/kadid10k/images/I81_21_02.png,I81.png,81,21,2,2.33,0.699,18.08704948425293,0.03750100199977169,1
I81_21_04.png,/kaggle/working/MDFS/data/KADID/extracted/kadid10k/images/I81_21_04.png,I81.png,81,21,4,2.0,0.775,18.481159210205078,0.036250839999411255,1
I81_22_01.png,/kaggle/working/MDFS/data/KADID/extracted/kadid10k/images/I81_22_01.png,I81.png,81,22,1,4.0,1.155,18.315698623657227,0.038048728000831034,1
I81_22_03.png,/kaggle/working/MDFS/data/KADID/extracted/kadid10k/images/I81_22_03.png,I81.png,81,22,3,3.37,0.795,18.602176666259766,0.037698676000218256,1
I81_22_05.png,/kaggle/working/MDFS/data/KADID/extracted/kadid10k/images/I81_22_05.png,I81.png,81,22,5,1.9,0.79,20.207788467407227,0.03725796900016576,1
I81_23_02.png,/kaggle/working/MDFS/data/KADID/extracted/kadid10k/images/I81_23_02.png,I81.png,81,23,2,1.9,0.7,17.715011596679688,0.040386071000284574,1
I81_23_04.png,/kaggle/working/MDFS/data/KADID/extracted/kadid10k/images/I81_23_04.png,I81.png,81,23,4,1.67,0.745,17.67059898376465,0.03937776699967799,1
I81_24_01.png,/kaggle/working/MDFS/data/KADID/extracted/kadid10k/images/I81_24_01.png,I81.png,81,24,1,3.47,0.718,17.96883201599121,0.04022700600035023,1
I81_24_03.png,/kaggle/working/MDFS/data/KADID/extracted/kadid10k/images/I81_24_03.png,I81.png,81,24,3,2.23,0.989,19.221031188964844,0.03959781599951384,1
I81_24_05.png,/kaggle/working/MDFS/data/KADID/extracted/kadid10k/images/I81_24_05.png,I81.png,81,24,5,1.37,0.547,23.64946174621582,0.040444857000693446,1
I81_25_02.png,/kaggle/working/MDFS/data/KADID/extracted/kadid10k/images/I81_25_02.png,I81.png,81,25,2,3.73,0.772,17.84746742248535,0.039671716000157176,1
I81_25_04.png,/kaggle/working/MDFS/data/KADID/extracted/kadid10k/images/I81_25_04.png,I81.png,81,25,4,4.13,0.499,17.91863441467285,0.039484830999754195,1
