filename,image_path,distortion_type,reference_path,mos
baby_blur_0.001_jpg_100.jpg,/kaggle/working/MDFS/data/MDIVL/extracted/MDIVL/MDIVL/Data_Blur_JPEG/baby_blur_0.001_jpg_100.jpg,Multiply Dist.,MDIVL/MDIVL/MD_IVLreference/OCEreferenceMD/baby.png,96.8683
baby_blur_0.001_jpg_50.jpg,/kaggle/working/MDFS/data/MDIVL/extracted/MDIVL/MDIVL/Data_Blur_JPEG/baby_blur_0.001_jpg_50.jpg,Multiply Dist.,MDIVL/MDIVL/MD_IVLreference/OCEreferenceMD/baby.png,90.1947
baby_blur_0.001_jpg_30.jpg,/kaggle/working/MDFS/data/MDIVL/extracted/MDIVL/MDIVL/Data_Blur_JPEG/baby_blur_0.001_jpg_30.jpg,Multiply Dist.,MDIVL/MDIVL/MD_IVLreference/OCEreferenceMD/baby.png,68.3884
baby_blur_0.001_jpg_20.jpg,/kaggle/working/MDFS/data/MDIVL/extracted/MDIVL/MDIVL/Data_Blur_JPEG/baby_blur_0.001_jpg_20.jpg,Multiply Dist.,MDIVL/MDIVL/MD_IVLreference/OCEreferenceMD/baby.png,55.0593
baby_blur_0.001_jpg_10.jpg,/kaggle/working/MDFS/data/MDIVL/extracted/MDIVL/MDIVL/Data_Blur_JPEG/baby_blur_0.001_jpg_10.jpg,Multiply Dist.,MDIVL/MDIVL/MD_IVLreference/OCEreferenceMD/baby.png,16.3002
baby_blur_0.66_jpg_100.jpg,/kaggle/working/MDFS/data/MDIVL/extracted/MDIVL/MDIVL/Data_Blur_JPEG/baby_blur_0.66_jpg_100.jpg,Multiply Dist.,MDIVL/MDIVL/MD_IVLreference/OCEreferenceMD/baby.png,93.3151
baby_blur_0.66_jpg_50.jpg,/kaggle/working/MDFS/data/MDIVL/extracted/MDIVL/MDIVL/Data_Blur_JPEG/baby_blur_0.66_jpg_50.jpg,Multiply Dist.,MDIVL/MDIVL/MD_IVLreference/OCEreferenceMD/baby.png,84.0241
baby_blur_0.66_jpg_30.jpg,/kaggle/working/MDFS/data/MDIVL/extracted/MDIVL/MDIVL/Data_Blur_JPEG/baby_blur_0.66_jpg_30.jpg,Multiply Dist.,MDIVL/MDIVL/MD_IVLreference/OCEreferenceMD/baby.png,70.6908
baby_blur_0.66_jpg_20.jpg,/kaggle/working/MDFS/data/MDIVL/extracted/MDIVL/MDIVL/Data_Blur_JPEG/baby_blur_0.66_jpg_20.jpg,Multiply Dist.,MDIVL/MDIVL/MD_IVLreference/OCEreferenceMD/baby.png,50.9056
baby_blur_0.66_jpg_10.jpg,/kaggle/working/MDFS/data/MDIVL/extracted/MDIVL/MDIVL/Data_Blur_JPEG/baby_blur_0.66_jpg_10.jpg,Multiply Dist.,MDIVL/MDIVL/MD_IVLreference/OCEreferenceMD/baby.png,18.463
baby_blur_1.33_jpg_100.jpg,/kaggle/working/MDFS/data/MDIVL/extracted/MDIVL/MDIVL/Data_Blur_JPEG/baby_blur_1.33_jpg_100.jpg,Multiply Dist.,MDIVL/MDIVL/MD_IVLreference/OCEreferenceMD/baby.png,77.5018
baby_blur_1.33_jpg_50.jpg,/kaggle/working/MDFS/data/MDIVL/extracted/MDIVL/MDIVL/Data_Blur_JPEG/baby_blur_1.33_jpg_50.jpg,Multiply Dist.,MDIVL/MDIVL/MD_IVLreference/OCEreferenceMD/baby.png,77.6471
baby_blur_1.33_jpg_30.jpg,/kaggle/working/MDFS/data/MDIVL/extracted/MDIVL/MDIVL/Data_Blur_JPEG/baby_blur_1.33_jpg_30.jpg,Multiply Dist.,MDIVL/MDIVL/MD_IVLreference/OCEreferenceMD/baby.png,68.713
baby_blur_1.33_jpg_20.jpg,/kaggle/working/MDFS/data/MDIVL/extracted/MDIVL/MDIVL/Data_Blur_JPEG/baby_blur_1.33_jpg_20.jpg,Multiply Dist.,MDIVL/MDIVL/MD_IVLreference/OCEreferenceMD/baby.png,31.0164
baby_blur_1.33_jpg_10.jpg,/kaggle/working/MDFS/data/MDIVL/extracted/MDIVL/MDIVL/Data_Blur_JPEG/baby_blur_1.33_jpg_10.jpg,Multiply Dist.,MDIVL/MDIVL/MD_IVLreference/OCEreferenceMD/baby.png,16.9657
baby_blur_2_jpg_100.jpg,/kaggle/working/MDFS/data/MDIVL/extracted/MDIVL/MDIVL/Data_Blur_JPEG/baby_blur_2_jpg_100.jpg,Multiply Dist.,MDIVL/MDIVL/MD_IVLreference/OCEreferenceMD/baby.png,61.0287
baby_blur_2_jpg_50.jpg,/kaggle/working/MDFS/data/MDIVL/extracted/MDIVL/MDIVL/Data_Blur_JPEG/baby_blur_2_jpg_50.jpg,Multiply Dist.,MDIVL/MDIVL/MD_IVLreference/OCEreferenceMD/baby.png,66.136
baby_blur_2_jpg_30.jpg,/kaggle/working/MDFS/data/MDIVL/extracted/MDIVL/MDIVL/Data_Blur_JPEG/baby_blur_2_jpg_30.jpg,Multiply Dist.,MDIVL/MDIVL/MD_IVLreference/OCEreferenceMD/baby.png,54.3708
baby_blur_2_jpg_20.jpg,/kaggle/working/MDFS/data/MDIVL/extracted/MDIVL/MDIVL/Data_Blur_JPEG/baby_blur_2_jpg_20.jpg,Multiply Dist.,MDIVL/MDIVL/MD_IVLreference/OCEreferenceMD/baby.png,39.4276
baby_blur_2_jpg_10.jpg,/kaggle/working/MDFS/data/MDIVL/extracted/MDIVL/MDIVL/Data_Blur_JPEG/baby_blur_2_jpg_10.jpg,Multiply Dist.,MDIVL/MDIVL/MD_IVLreference/OCEreferenceMD/baby.png,10.4106
baby_blur_2.66_jpg_100.jpg,/kaggle/working/MDFS/data/MDIVL/extracted/MDIVL/MDIVL/Data_Blur_JPEG/baby_blur_2.66_jpg_100.jpg,Multiply Dist.,MDIVL/MDIVL/MD_IVLreference/OCEreferenceMD/baby.png,46.9969
baby_blur_2.66_jpg_50.jpg,/kaggle/working/MDFS/data/MDIVL/extracted/MDIVL/MDIVL/Data_Blur_JPEG/baby_blur_2.66_jpg_50.jpg,Multiply Dist.,MDIVL/MDIVL/MD_IVLreference/OCEreferenceMD/baby.png,52.1753
baby_blur_2.66_jpg_30.jpg,/kaggle/working/MDFS/data/MDIVL/extracted/MDIVL/MDIVL/Data_Blur_JPEG/baby_blur_2.66_jpg_30.jpg,Multiply Dist.,MDIVL/MDIVL/MD_IVLreference/OCEreferenceMD/baby.png,35.1571
baby_blur_2.66_jpg_20.jpg,/kaggle/working/MDFS/data/MDIVL/extracted/MDIVL/MDIVL/Data_Blur_JPEG/baby_blur_2.66_jpg_20.jpg,Multiply Dist.,MDIVL/MDIVL/MD_IVLreference/OCEreferenceMD/baby.png,31.9761
baby_blur_2.66_jpg_10.jpg,/kaggle/working/MDFS/data/MDIVL/extracted/MDIVL/MDIVL/Data_Blur_JPEG/baby_blur_2.66_jpg_10.jpg,Multiply Dist.,MDIVL/MDIVL/MD_IVLreference/OCEreferenceMD/baby.png,8.8482
baby_blur_3.33_jpg_100.jpg,/kaggle/working/MDFS/data/MDIVL/extracted/MDIVL/MDIVL/Data_Blur_JPEG/baby_blur_3.33_jpg_100.jpg,Multiply Dist.,MDIVL/MDIVL/MD_IVLreference/OCEreferenceMD/baby.png,33.4478
baby_blur_3.33_jpg_50.jpg,/kaggle/working/MDFS/data/MDIVL/extracted/MDIVL/MDIVL/Data_Blur_JPEG/baby_blur_3.33_jpg_50.jpg,Multiply Dist.,MDIVL/MDIVL/MD_IVLreference/OCEreferenceMD/baby.png,31.5803
baby_blur_3.33_jpg_30.jpg,/kaggle/working/MDFS/data/MDIVL/extracted/MDIVL/MDIVL/Data_Blur_JPEG/baby_blur_3.33_jpg_30.jpg,Multiply Dist.,MDIVL/MDIVL/MD_IVLreference/OCEreferenceMD/baby.png,31.3958
baby_blur_3.33_jpg_20.jpg,/kaggle/working/MDFS/data/MDIVL/extracted/MDIVL/MDIVL/Data_Blur_JPEG/baby_blur_3.33_jpg_20.jpg,Multiply Dist.,MDIVL/MDIVL/MD_IVLreference/OCEreferenceMD/baby.png,26.8548
baby_blur_3.33_jpg_10.jpg,/kaggle/working/MDFS/data/MDIVL/extracted/MDIVL/MDIVL/Data_Blur_JPEG/baby_blur_3.33_jpg_10.jpg,Multiply Dist.,MDIVL/MDIVL/MD_IVLreference/OCEreferenceMD/baby.png,13.9807
baby_blur_4_jpg_100.jpg,/kaggle/working/MDFS/data/MDIVL/extracted/MDIVL/MDIVL/Data_Blur_JPEG/baby_blur_4_jpg_100.jpg,Multiply Dist.,MDIVL/MDIVL/MD_IVLreference/OCEreferenceMD/baby.png,28.3057
baby_blur_4_jpg_50.jpg,/kaggle/working/MDFS/data/MDIVL/extracted/MDIVL/MDIVL/Data_Blur_JPEG/baby_blur_4_jpg_50.jpg,Multiply Dist.,MDIVL/MDIVL/MD_IVLreference/OCEreferenceMD/baby.png,24.2533
baby_blur_4_jpg_30.jpg,/kaggle/working/MDFS/data/MDIVL/extracted/MDIVL/MDIVL/Data_Blur_JPEG/baby_blur_4_jpg_30.jpg,Multiply Dist.,MDIVL/MDIVL/MD_IVLreference/OCEreferenceMD/baby.png,21.5057
baby_blur_4_jpg_20.jpg,/kaggle/working/MDFS/data/MDIVL/extracted/MDIVL/MDIVL/Data_Blur_JPEG/baby_blur_4_jpg_20.jpg,Multiply Dist.,MDIVL/MDIVL/MD_IVLreference/OCEreferenceMD/baby.png,27.5418
baby_blur_4_jpg_10.jpg,/kaggle/working/MDFS/data/MDIVL/extracted/MDIVL/MDIVL/Data_Blur_JPEG/baby_blur_4_jpg_10.jpg,Multiply Dist.,MDIVL/MDIVL/MD_IVLreference/OCEreferenceMD/baby.png,1.4105
bus_blur_0.001_jpg_100.jpg,/kaggle/working/MDFS/data/MDIVL/extracted/MDIVL/MDIVL/Data_Blur_JPEG/bus_blur_0.001_jpg_100.jpg,Multiply Dist.,MDIVL/MDIVL/MD_IVLreference/OCEreferenceMD/bus.png,91.9614
bus_blur_0.001_jpg_50.jpg,/kaggle/working/MDFS/data/MDIVL/extracted/MDIVL/MDIVL/Data_Blur_JPEG/bus_blur_0.001_jpg_50.jpg,Multiply Dist.,MDIVL/MDIVL/MD_IVLreference/OCEreferenceMD/bus.png,87.1131
bus_blur_0.001_jpg_30.jpg,/kaggle/working/MDFS/data/MDIVL/extracted/MDIVL/MDIVL/Data_Blur_JPEG/bus_blur_0.001_jpg_30.jpg,Multiply Dist.,MDIVL/MDIVL/MD_IVLreference/OCEreferenceMD/bus.png,75.2607
bus_blur_0.001_jpg_20.jpg,/kaggle/working/MDFS/data/MDIVL/extracted/MDIVL/MDIVL/Data_Blur_JPEG/bus_blur_0.001_jpg_20.jpg,Multiply Dist.,MDIVL/MDIVL/MD_IVLreference/OCEreferenceMD/bus.png,73.3856
bus_blur_0.001_jpg_10.jpg,/kaggle/working/MDFS/data/MDIVL/extracted/MDIVL/MDIVL/Data_Blur_JPEG/bus_blur_0.001_jpg_10.jpg,Multiply Dist.,MDIVL/MDIVL/MD_IVLreference/OCEreferenceMD/bus.png,31.557
bus_blur_0.66_jpg_100.jpg,/kaggle/working/MDFS/data/MDIVL/extracted/MDIVL/MDIVL/Data_Blur_JPEG/bus_blur_0.66_jpg_100.jpg,Multiply Dist.,MDIVL/MDIVL/MD_IVLreference/OCEreferenceMD/bus.png,77.5686
bus_blur_0.66_jpg_50.jpg,/kaggle/working/MDFS/data/MDIVL/extracted/MDIVL/MDIVL/Data_Blur_JPEG/bus_blur_0.66_jpg_50.jpg,Multiply Dist.,MDIVL/MDIVL/MD_IVLreference/OCEreferenceMD/bus.png,78.7099
bus_blur_0.66_jpg_30.jpg,/kaggle/working/MDFS/data/MDIVL/extracted/MDIVL/MDIVL/Data_Blur_JPEG/bus_blur_0.66_jpg_30.jpg,Multiply Dist.,MDIVL/MDIVL/MD_IVLreference/OCEreferenceMD/bus.png,69.695
bus_blur_0.66_jpg_20.jpg,/kaggle/working/MDFS/data/MDIVL/extracted/MDIVL/MDIVL/Data_Blur_JPEG/bus_blur_0.66_jpg_20.jpg,Multiply Dist.,MDIVL/MDIVL/MD_IVLreference/OCEreferenceMD/bus.png,64.121
bus_blur_0.66_jpg_10.jpg,/kaggle/working/MDFS/data/MDIVL/extracted/MDIVL/MDIVL/Data_Blur_JPEG/bus_blur_0.66_jpg_10.jpg,Multiply Dist.,MDIVL/MDIVL/MD_IVLreference/OCEreferenceMD/bus.png,25.9957
bus_blur_1.33_jpg_100.jpg,/kaggle/working/MDFS/data/MDIVL/extracted/MDIVL/MDIVL/Data_Blur_JPEG/bus_blur_1.33_jpg_100.jpg,Multiply Dist.,MDIVL/MDIVL/MD_IVLreference/OCEreferenceMD/bus.png,49.8472
bus_blur_1.33_jpg_50.jpg,/kaggle/working/MDFS/data/MDIVL/extracted/MDIVL/MDIVL/Data_Blur_JPEG/bus_blur_1.33_jpg_50.jpg,Multiply Dist.,MDIVL/MDIVL/MD_IVLreference/OCEreferenceMD/bus.png,53.0881
bus_blur_1.33_jpg_30.jpg,/kaggle/working/MDFS/data/MDIVL/extracted/MDIVL/MDIVL/Data_Blur_JPEG/bus_blur_1.33_jpg_30.jpg,Multiply Dist.,MDIVL/MDIVL/MD_IVLreference/OCEreferenceMD/bus.png,48.8382
bus_blur_1.33_jpg_20.jpg,/kaggle/working/MDFS/data/MDIVL/extracted/MDIVL/MDIVL/Data_Blur_JPEG/bus_blur_1.33_jpg_20.jpg,Multiply Dist.,MDIVL/MDIVL/MD_IVLreference/OCEreferenceMD/bus.png,46.7907
bus_blur_1.33_jpg_10.jpg,/kaggle/working/MDFS/data/MDIVL/extracted/MDIVL/MDIVL/Data_Blur_JPEG/bus_blur_1.33_jpg_10.jpg,Multiply Dist.,MDIVL/MDIVL/MD_IVLreference/OCEreferenceMD/bus.png,21.0604
bus_blur_2_jpg_100.jpg,/kaggle/working/MDFS/data/MDIVL/extracted/MDIVL/MDIVL/Data_Blur_JPEG/bus_blur_2_jpg_100.jpg,Multiply Dist.,MDIVL/MDIVL/MD_IVLreference/OCEreferenceMD/bus.png,45.3331
bus_blur_2_jpg_50.jpg,/kaggle/working/MDFS/data/MDIVL/extracted/MDIVL/MDIVL/Data_Blur_JPEG/bus_blur_2_jpg_50.jpg,Multiply Dist.,MDIVL/MDIVL/MD_IVLreference/OCEreferenceMD/bus.png,33.8499
bus_blur_2_jpg_30.jpg,/kaggle/working/MDFS/data/MDIVL/extracted/MDIVL/MDIVL/Data_Blur_JPEG/bus_blur_2_jpg_30.jpg,Multiply Dist.,MDIVL/MDIVL/MD_IVLreference/OCEreferenceMD/bus.png,29.8978
bus_blur_2_jpg_20.jpg,/kaggle/working/MDFS/data/MDIVL/extracted/MDIVL/MDIVL/Data_Blur_JPEG/bus_blur_2_jpg_20.jpg,Multiply Dist.,MDIVL/MDIVL/MD_IVLreference/OCEreferenceMD/bus.png,28.0526
bus_blur_2_jpg_10.jpg,/kaggle/working/MDFS/data/MDIVL/extracted/MDIVL/MDIVL/Data_Blur_JPEG/bus_blur_2_jpg_10.jpg,Multiply Dist.,MDIVL/MDIVL/MD_IVLreference/OCEreferenceMD/bus.png,14.3476
bus_blur_2.66_jpg_100.jpg,/kaggle/working/MDFS/data/MDIVL/extracted/MDIVL/MDIVL/Data_Blur_JPEG/bus_blur_2.66_jpg_100.jpg,Multiply Dist.,MDIVL/MDIVL/MD_IVLreference/OCEreferenceMD/bus.png,24.0281
bus_blur_2.66_jpg_50.jpg,/kaggle/working/MDFS/data/MDIVL/extracted/MDIVL/MDIVL/Data_Blur_JPEG/bus_blur_2.66_jpg_50.jpg,Multiply Dist.,MDIVL/MDIVL/MD_IVLreference/OCEreferenceMD/bus.png,33.3824
bus_blur_2.66_jpg_30.jpg,/kaggle/working/MDFS/data/MDIVL/extracted/MDIVL/MDIVL/Data_Blur_JPEG/bus_blur_2.66_jpg_30.jpg,Multiply Dist.,MDIVL/MDIVL/MD_IVLreference/OCEreferenceMD/bus.png,22.9737
bus_blur_2.66_jpg_20.jpg,/kaggle/working/MDFS/data/MDIVL/extracted/MDIVL/MDIVL/Data_Blur_JPEG/bus_blur_2.66_jpg_20.jpg,Multiply Dist.,MDIVL/MDIVL/MD_IVLreference/OCEreferenceMD/bus.png,21.9161
bus_blur_2.66_jpg_10.jpg,/kaggle/working/MDFS/data/MDIVL/extracted/MDIVL/MDIVL/Data_Blur_JPEG/bus_blur_2.66_jpg_10.jpg,Multiply Dist.,MDIVL/MDIVL/MD_IVLreference/OCEreferenceMD/bus.png,7.7519
bus_blur_3.33_jpg_100.jpg,/kaggle/working/MDFS/data/MDIVL/extracted/MDIVL/MDIVL/Data_Blur_JPEG/bus_blur_3.33_jpg_100.jpg,Multiply Dist.,MDIVL/MDIVL/MD_IVLreference/OCEreferenceMD/bus.png,16.9926
bus_blur_3.33_jpg_50.jpg,/kaggle/working/MDFS/data/MDIVL/extracted/MDIVL/MDIVL/Data_Blur_JPEG/bus_blur_3.33_jpg_50.jpg,Multiply Dist.,MDIVL/MDIVL/MD_IVLreference/OCEreferenceMD/bus.png,20.2996
bus_blur_3.33_jpg_30.jpg,/kaggle/working/MDFS/data/MDIVL/extracted/MDIVL/MDIVL/Data_Blur_JPEG/bus_blur_3.33_jpg_30.jpg,Multiply Dist.,MDIVL/MDIVL/MD_IVLreference/OCEreferenceMD/bus.png,20.7842
bus_blur_3.33_jpg_20.jpg,/kaggle/working/MDFS/data/MDIVL/extracted/MDIVL/MDIVL/Data_Blur_JPEG/bus_blur_3.33_jpg_20.jpg,Multiply Dist.,MDIVL/MDIVL/MD_IVLreference/OCEreferenceMD/bus.png,16.2147
bus_blur_3.33_jpg_10.jpg,/kaggle/working/MDFS/data/MDIVL/extracted/MDIVL/MDIVL/Data_Blur_JPEG/bus_blur_3.33_jpg_10.jpg,Multiply Dist.,MDIVL/MDIVL/MD_IVLreference/OCEreferenceMD/bus.png,6.5769
bus_blur_4_jpg_100.jpg,/kaggle/working/MDFS/data/MDIVL/extracted/MDIVL/MDIVL/Data_Blur_JPEG/bus_blur_4_jpg_100.jpg,Multiply Dist.,MDIVL/MDIVL/MD_IVLreference/OCEreferenceMD/bus.png,20.4998
bus_blur_4_jpg_50.jpg,/kaggle/working/MDFS/data/MDIVL/extracted/MDIVL/MDIVL/Data_Blur_JPEG/bus_blur_4_jpg_50.jpg,Multiply Dist.,MDIVL/MDIVL/MD_IVLreference/OCEreferenceMD/bus.png,14.1316
bus_blur_4_jpg_30.jpg,/kaggle/working/MDFS/data/MDIVL/extracted/MDIVL/MDIVL/Data_Blur_JPEG/bus_blur_4_jpg_30.jpg,Multiply Dist.,MDIVL/MDIVL/MD_IVLreference/OCEreferenceMD/bus.png,14.4165
bus_blur_4_jpg_20.jpg,/kaggle/working/MDFS/data/MDIVL/extracted/MDIVL/MDIVL/Data_Blur_JPEG/bus_blur_4_jpg_20.jpg,Multiply Dist.,MDIVL/MDIVL/MD_IVLreference/OCEreferenceMD/bus.png,14.2646
bus_blur_4_jpg_10.jpg,/kaggle/working/MDFS/data/MDIVL/extracted/MDIVL/MDIVL/Data_Blur_JPEG/bus_blur_4_jpg_10.jpg,Multiply Dist.,MDIVL/MDIVL/MD_IVLreference/OCEreferenceMD/bus.png,6.4857
candies_blur_0.001_jpg_100.jpg,/kaggle/working/MDFS/data/MDIVL/extracted/MDIVL/MDIVL/Data_Blur_JPEG/candies_blur_0.001_jpg_100.jpg,Multiply Dist.,MDIVL/MDIVL/MD_IVLreference/OCEreferenceMD/candies.png,94.9847
candies_blur_0.001_jpg_50.jpg,/kaggle/working/MDFS/data/MDIVL/extracted/MDIVL/MDIVL/Data_Blur_JPEG/candies_blur_0.001_jpg_50.jpg,Multiply Dist.,MDIVL/MDIVL/MD_IVLreference/OCEreferenceMD/candies.png,89.7824
candies_blur_0.001_jpg_30.jpg,/kaggle/working/MDFS/data/MDIVL/extracted/MDIVL/MDIVL/Data_Blur_JPEG/candies_blur_0.001_jpg_30.jpg,Multiply Dist.,MDIVL/MDIVL/MD_IVLreference/OCEreferenceMD/candies.png,87.6286
candies_blur_0.001_jpg_20.jpg,/kaggle/working/MDFS/data/MDIVL/extracted/MDIVL/MDIVL/Data_Blur_JPEG/candies_blur_0.001_jpg_20.jpg,Multiply Dist.,MDIVL/MDIVL/MD_IVLreference/OCEreferenceMD/candies.png,80.7124
candies_blur_0.001_jpg_10.jpg,/kaggle/working/MDFS/data/MDIVL/extracted/MDIVL/MDIVL/Data_Blur_JPEG/candies_blur_0.001_jpg_10.jpg,Multiply Dist.,MDIVL/MDIVL/MD_IVLreference/OCEreferenceMD/candies.png,55.1869
candies_blur_0.66_jpg_100.jpg,/kaggle/working/MDFS/data/MDIVL/extracted/MDIVL/MDIVL/Data_Blur_JPEG/candies_blur_0.66_jpg_100.jpg,Multiply Dist.,MDIVL/MDIVL/MD_IVLreference/OCEreferenceMD/candies.png,89.3454
candies_blur_0.66_jpg_50.jpg,/kaggle/working/MDFS/data/MDIVL/extracted/MDIVL/MDIVL/Data_Blur_JPEG/candies_blur_0.66_jpg_50.jpg,Multiply Dist.,MDIVL/MDIVL/MD_IVLreference/OCEreferenceMD/candies.png,82.0205
candies_blur_0.66_jpg_30.jpg,/kaggle/working/MDFS/data/MDIVL/extracted/MDIVL/MDIVL/Data_Blur_JPEG/candies_blur_0.66_jpg_30.jpg,Multiply Dist.,MDIVL/MDIVL/MD_IVLreference/OCEreferenceMD/candies.png,78.2785
candies_blur_0.66_jpg_20.jpg,/kaggle/working/MDFS/data/MDIVL/extracted/MDIVL/MDIVL/Data_Blur_JPEG/candies_blur_0.66_jpg_20.jpg,Multiply Dist.,MDIVL/MDIVL/MD_IVLreference/OCEreferenceMD/candies.png,67.546
candies_blur_0.66_jpg_10.jpg,/kaggle/working/MDFS/data/MDIVL/extracted/MDIVL/MDIVL/Data_Blur_JPEG/candies_blur_0.66_jpg_10.jpg,Multiply Dist.,MDIVL/MDIVL/MD_IVLreference/OCEreferenceMD/candies.png,43.4106
candies_blur_1.33_jpg_100.jpg,/kaggle/working/MDFS/data/MDIVL/extracted/MDIVL/MDIVL/Data_Blur_JPEG/candies_blur_1.33_jpg_100.jpg,Multiply Dist.,MDIVL/MDIVL/MD_IVLreference/OCEreferenceMD/candies.png,67.3601
candies_blur_1.33_jpg_50.jpg,/kaggle/working/MDFS/data/MDIVL/extracted/MDIVL/MDIVL/Data_Blur_JPEG/candies_blur_1.33_jpg_50.jpg,Multiply Dist.,MDIVL/MDIVL/MD_IVLreference/OCEreferenceMD/candies.png,59.7086
candies_blur_1.33_jpg_30.jpg,/kaggle/working/MDFS/data/MDIVL/extracted/MDIVL/MDIVL/Data_Blur_JPEG/candies_blur_1.33_jpg_30.jpg,Multiply Dist.,MDIVL/MDIVL/MD_IVLreference/OCEreferenceMD/candies.png,55.4641
candies_blur_1.33_jpg_20.jpg,/kaggle/working/MDFS/data/MDIVL/extracted/MDIVL/MDIVL/Data_Blur_JPEG/candies_blur_1.33_jpg_20.jpg,Multiply Dist.,MDIVL/MDIVL/MD_IVLreference/OCEreferenceMD/candies.png,55.248
candies_blur_1.33_jpg_10.jpg,/kaggle/working/MDFS/data/MDIVL/extracted/MDIVL/MDIVL/Data_Blur_JPEG/candies_blur_1.33_jpg_10.jpg,Multiply Dist.,MDIVL/MDIVL/MD_IVLreference/OCEreferenceMD/candies.png,36.1696
candies_blur_2_jpg_100.jpg,/kaggle/working/MDFS/data/MDIVL/extracted/MDIVL/MDIVL/Data_Blur_JPEG/candies_blur_2_jpg_100.jpg,Multiply Dist.,MDIVL/MDIVL/MD_IVLreference/OCEreferenceMD/candies.png,43.9692
candies_blur_2_jpg_50.jpg,/kaggle/working/MDFS/data/MDIVL/extracted/MDIVL/MDIVL/Data_Blur_JPEG/candies_blur_2_jpg_50.jpg,Multiply Dist.,MDIVL/MDIVL/MD_IVLreference/OCEreferenceMD/candies.png,35.9169
candies_blur_2_jpg_30.jpg,/kaggle/working/MDFS/data/MDIVL/extracted/MDIVL/MDIVL/Data_Blur_JPEG/candies_blur_2_jpg_30.jpg,Multiply Dist.,MDIVL/MDIVL/MD_IVLreference/OCEreferenceMD/candies.png,34.7955
candies_blur_2_jpg_20.jpg,/kaggle/working/MDFS/data/MDIVL/extracted/MDIVL/MDIVL/Data_Blur_JPEG/candies_blur_2_jpg_20.jpg,Multiply Dist.,MDIVL/MDIVL/MD_IVLreference/OCEreferenceMD/candies.png,30.7136
candies_blur_2_jpg_10.jpg,/kaggle/working/MDFS/data/MDIVL/extracted/MDIVL/MDIVL/Data_Blur_JPEG/candies_blur_2_jpg_10.jpg,Multiply Dist.,MDIVL/MDIVL/MD_IVLreference/OCEreferenceMD/candies.png,22.3415
candies_blur_2.66_jpg_100.jpg,/kaggle/working/MDFS/data/MDIVL/extracted/MDIVL/MDIVL/Data_Blur_JPEG/candies_blur_2.66_jpg_100.jpg,Multiply Dist.,MDIVL/MDIVL/MD_IVLreference/OCEreferenceMD/candies.png,26.2224
candies_blur_2.66_jpg_50.jpg,/kaggle/working/MDFS/data/MDIVL/extracted/MDIVL/MDIVL/Data_Blur_JPEG/candies_blur_2.66_jpg_50.jpg,Multiply Dist.,MDIVL/MDIVL/MD_IVLreference/OCEreferenceMD/candies.png,25.1522
candies_blur_2.66_jpg_30.jpg,/kaggle/working/MDFS/data/MDIVL/extracted/MDIVL/MDIVL/Data_Blur_JPEG/candies_blur_2.66_jpg_30.jpg,Multiply Dist.,MDIVL/MDIVL/MD_IVLreference/OCEreferenceMD/candies.png,23.2028
candies_blur_2.66_jpg_20.jpg,/kaggle/working/MDFS/data/MDIVL/extracted/MDIVL/MDIVL/Data_Blur_JPEG/candies_blur_2.66_jpg_20.jpg,Multiply Dist.,MDIVL/MDIVL/MD_IVLreference/OCEreferenceMD/candies.png,25.2023
candies_blur_2.66_jpg_10.jpg,/kaggle/working/MDFS/data/MDIVL/extracted/MDIVL/MDIVL/Data_Blur_JPEG/candies_blur_2.66_jpg_10.jpg,Multiply Dist.,MDIVL/MDIVL/MD_IVLreference/OCEreferenceMD/candies.png,18.0195
candies_blur_3.33_jpg_100.jpg,/kaggle/working/MDFS/data/MDIVL/extracted/MDIVL/MDIVL/Data_Blur_JPEG/candies_blur_3.33_jpg_100.jpg,Multiply Dist.,MDIVL/MDIVL/MD_IVLreference/OCEreferenceMD/candies.png,20.6604
candies_blur_3.33_jpg_50.jpg,/kaggle/working/MDFS/data/MDIVL/extracted/MDIVL/MDIVL/Data_Blur_JPEG/candies_blur_3.33_jpg_50.jpg,Multiply Dist.,MDIVL/MDIVL/MD_IVLreference/OCEreferenceMD/candies.png,18.8824
candies_blur_3.33_jpg_30.jpg,/kaggle/working/MDFS/data/MDIVL/extracted/MDIVL/MDIVL/Data_Blur_JPEG/candies_blur_3.33_jpg_30.jpg,Multiply Dist.,MDIVL/MDIVL/MD_IVLreference/OCEreferenceMD/candies.png,23.1299
candies_blur_3.33_jpg_20.jpg,/kaggle/working/MDFS/data/MDIVL/extracted/MDIVL/MDIVL/Data_Blur_JPEG/candies_blur_3.33_jpg_20.jpg,Multiply Dist.,MDIVL/MDIVL/MD_IVLreference/OCEreferenceMD/candies.png,17.2774
candies_blur_3.33_jpg_10.jpg,/kaggle/working/MDFS/data/MDIVL/extracted/MDIVL/MDIVL/Data_Blur_JPEG/candies_blur_3.33_jpg_10.jpg,Multiply Dist.,MDIVL/MDIVL/MD_IVLreference/OCEreferenceMD/candies.png,12.3469
candies_blur_4_jpg_100.jpg,/kaggle/working/MDFS/data/MDIVL/extracted/MDIVL/MDIVL/Data_Blur_JPEG/candies_blur_4_jpg_100.jpg,Multiply Dist.,MDIVL/MDIVL/MD_IVLreference/OCEreferenceMD/candies.png,20.1541
candies_blur_4_jpg_50.jpg,/kaggle/working/MDFS/data/MDIVL/extracted/MDIVL/MDIVL/Data_Blur_JPEG/candies_blur_4_jpg_50.jpg,Multiply Dist.,MDIVL/MDIVL/MD_IVLreference/OCEreferenceMD/candies.png,13.7526
candies_blur_4_jpg_30.jpg,/kaggle/working/MDFS/data/MDIVL/extracted/MDIVL/MDIVL/Data_Blur_JPEG/candies_blur_4_jpg_30.jpg,Multiply Dist.,MDIVL/MDIVL/MD_IVLreference/OCEreferenceMD/candies.png,20.9755
candies_blur_4_jpg_20.jpg,/kaggle/working/MDFS/data/MDIVL/extracted/MDIVL/MDIVL/Data_Blur_JPEG/candies_blur_4_jpg_20.jpg,Multiply Dist.,MDIVL/MDIVL/MD_IVLreference/OCEreferenceMD/candies.png,11.9278
candies_blur_4_jpg_10.jpg,/kaggle/working/MDFS/data/MDIVL/extracted/MDIVL/MDIVL/Data_Blur_JPEG/candies_blur_4_jpg_10.jpg,Multiply Dist.,MDIVL/MDIVL/MD_IVLreference/OCEreferenceMD/candies.png,2.5819
chianti_blur_0.001_jpg_100.jpg,/kaggle/working/MDFS/data/MDIVL/extracted/MDIVL/MDIVL/Data_Blur_JPEG/chianti_blur_0.001_jpg_100.jpg,Multiply Dist.,MDIVL/MDIVL/MD_IVLreference/OCEreferenceMD/chianti.png,88.9741
chianti_blur_0.001_jpg_50.jpg,/kaggle/working/MDFS/data/MDIVL/extracted/MDIVL/MDIVL/Data_Blur_JPEG/chianti_blur_0.001_jpg_50.jpg,Multiply Dist.,MDIVL/MDIVL/MD_IVLreference/OCEreferenceMD/chianti.png,82.8294
chianti_blur_0.001_jpg_30.jpg,/kaggle/working/MDFS/data/MDIVL/extracted/MDIVL/MDIVL/Data_Blur_JPEG/chianti_blur_0.001_jpg_30.jpg,Multiply Dist.,MDIVL/MDIVL/MD_IVLreference/OCEreferenceMD/chianti.png,68.1893
chianti_blur_0.001_jpg_20.jpg,/kaggle/working/MDFS/data/MDIVL/extracted/MDIVL/MDIVL/Data_Blur_JPEG/chianti_blur_0.001_jpg_20.jpg,Multiply Dist.,MDIVL/MDIVL/MD_IVLreference/OCEreferenceMD/chianti.png,41.2645
chianti_blur_0.001_jpg_10.jpg,/kaggle/working/MDFS/data/MDIVL/extracted/MDIVL/MDIVL/Data_Blur_JPEG/chianti_blur_0.001_jpg_10.jpg,Multiply Dist.,MDIVL/MDIVL/MD_IVLreference/OCEreferenceMD/chianti.png,19.464
chianti_blur_0.66_jpg_100.jpg,/kaggle/working/MDFS/data/MDIVL/extracted/MDIVL/MDIVL/Data_Blur_JPEG/chianti_blur_0.66_jpg_100.jpg,Multiply Dist.,MDIVL/MDIVL/MD_IVLreference/OCEreferenceMD/chianti.png,87.3786
chianti_blur_0.66_jpg_50.jpg,/kaggle/working/MDFS/data/MDIVL/extracted/MDIVL/MDIVL/Data_Blur_JPEG/chianti_blur_0.66_jpg_50.jpg,Multiply Dist.,MDIVL/MDIVL/MD_IVLreference/OCEreferenceMD/chianti.png,68.9999
chianti_blur_0.66_jpg_30.jpg,/kaggle/working/MDFS/data/MDIVL/extracted/MDIVL/MDIVL/Data_Blur_JPEG/chianti_blur_0.66_jpg_30.jpg,Multiply Dist.,MDIVL/MDIVL/MD_IVLreference/OCEreferenceMD/chianti.png,57.2551
chianti_blur_0.66_jpg_20.jpg,/kaggle/working/MDFS/data/MDIVL/extracted/MDIVL/MDIVL/Data_Blur_JPEG/chianti_blur_0.66_jpg_20.jpg,Multiply Dist.,MDIVL/MDIVL/MD_IVLreference/OCEreferenceMD/chianti.png,48.8117
chianti_blur_0.66_jpg_10.jpg,/kaggle/working/MDFS/data/MDIVL/extracted/MDIVL/MDIVL/Data_Blur_JPEG/chianti_blur_0.66_jpg_10.jpg,Multiply Dist.,MDIVL/MDIVL/MD_IVLreference/OCEreferenceMD/chianti.png,27.4122
chianti_blur_1.33_jpg_100.jpg,/kaggle/working/MDFS/data/MDIVL/extracted/MDIVL/MDIVL/Data_Blur_JPEG/chianti_blur_1.33_jpg_100.jpg,Multiply Dist.,MDIVL/MDIVL/MD_IVLreference/OCEreferenceMD/chianti.png,60.0749
chianti_blur_1.33_jpg_50.jpg,/kaggle/working/MDFS/data/MDIVL/extracted/MDIVL/MDIVL/Data_Blur_JPEG/chianti_blur_1.33_jpg_50.jpg,Multiply Dist.,MDIVL/MDIVL/MD_IVLreference/OCEreferenceMD/chianti.png,44.1619
chianti_blur_1.33_jpg_30.jpg,/kaggle/working/MDFS/data/MDIVL/extracted/MDIVL/MDIVL/Data_Blur_JPEG/chianti_blur_1.33_jpg_30.jpg,Multiply Dist.,MDIVL/MDIVL/MD_IVLreference/OCEreferenceMD/chianti.png,41.0478
chianti_blur_1.33_jpg_20.jpg,/kaggle/working/MDFS/data/MDIVL/extracted/MDIVL/MDIVL/Data_Blur_JPEG/chianti_blur_1.33_jpg_20.jpg,Multiply Dist.,MDIVL/MDIVL/MD_IVLreference/OCEreferenceMD/chianti.png,30.8894
chianti_blur_1.33_jpg_10.jpg,/kaggle/working/MDFS/data/MDIVL/extracted/MDIVL/MDIVL/Data_Blur_JPEG/chianti_blur_1.33_jpg_10.jpg,Multiply Dist.,MDIVL/MDIVL/MD_IVLreference/OCEreferenceMD/chianti.png,17.2282
chianti_blur_2_jpg_100.jpg,/kaggle/working/MDFS/data/MDIVL/extracted/MDIVL/MDIVL/Data_Blur_JPEG/chianti_blur_2_jpg_100.jpg,Multiply Dist.,MDIVL/MDIVL/MD_IVLreference/OCEreferenceMD/chianti.png,40.5927
chianti_blur_2_jpg_50.jpg,/kaggle/working/MDFS/data/MDIVL/extracted/MDIVL/MDIVL/Data_Blur_JPEG/chianti_blur_2_jpg_50.jpg,Multiply Dist.,MDIVL/MDIVL/MD_IVLreference/OCEreferenceMD/chianti.png,31.0234
chianti_blur_2_jpg_30.jpg,/kaggle/working/MDFS/data/MDIVL/extracted/MDIVL/MDIVL/Data_Blur_JPEG/chianti_blur_2_jpg_30.jpg,Multiply Dist.,MDIVL/MDIVL/MD_IVLreference/OCEreferenceMD/chianti.png,27.2309
chianti_blur_2_jpg_20.jpg,/kaggle/working/MDFS/data/MDIVL/extracted/MDIVL/MDIVL/Data_Blur_JPEG/chianti_blur_2_jpg_20.jpg,Multiply Dist.,MDIVL/MDIVL/MD_IVLreference/OCEreferenceMD/chianti.png,25.7743
chianti_blur_2_jpg_10.jpg,/kaggle/working/MDFS/data/MDIVL/extracted/MDIVL/MDIVL/Data_Blur_JPEG/chianti_blur_2_jpg_10.jpg,Multiply Dist.,MDIVL/MDIVL/MD_IVLreference/OCEreferenceMD/chianti.png,10.4234
chianti_blur_2.66_jpg_100.jpg,/kaggle/working/MDFS/data/MDIVL/extracted/MDIVL/MDIVL/Data_Blur_JPEG/chianti_blur_2.66_jpg_100.jpg,Multiply Dist.,MDIVL/MDIVL/MD_IVLreference/OCEreferenceMD/chianti.png,32.6454
chianti_blur_2.66_jpg_50.jpg,/kaggle/working/MDFS/data/MDIVL/extracted/MDIVL/MDIVL/Data_Blur_JPEG/chianti_blur_2.66_jpg_50.jpg,Multiply Dist.,MDIVL/MDIVL/MD_IVLreference/OCEreferenceMD/chianti.png,24.9661
chianti_blur_2.66_jpg_30.jpg,/kaggle/working/MDFS/data/MDIVL/extracted/MDIVL/MDIVL/Data_Blur_JPEG/chianti_blur_2.66_jpg_30.jpg,Multiply Dist.,MDIVL/MDIVL/MD_IVLreference/OCEreferenceMD/chianti.png,23.4227
chianti_blur_2.66_jpg_20.jpg,/kaggle/working/MDFS/data/MDIVL/extracted/MDIVL/MDIVL/Data_Blur_JPEG/chianti_blur_2.66_jpg_20.jpg,Multiply Dist.,MDIVL/MDIVL/MD_IVLreference/OCEreferenceMD/chianti.png,17.1024
chianti_blur_2.66_jpg_10.jpg,/kaggle/working/MDFS/data/MDIVL/extracted/MDIVL/MDIVL/Data_Blur_JPEG/chianti_blur_2.66_jpg_10.jpg,Multiply Dist.,MDIVL/MDIVL/MD_IVLreference/OCEreferenceMD/chianti.png,12.437
chianti_blur_3.33_jpg_100.jpg,/kaggle/working/MDFS/data/MDIVL/extracted/MDIVL/MDIVL/Data_Blur_JPEG/chianti_blur_3.33_jpg_100.jpg,Multiply Dist.,MDIVL/MDIVL/MD_IVLreference/OCEreferenceMD/chianti.png,23.0501
chianti_blur_3.33_jpg_50.jpg,/kaggle/working/MDFS/data/MDIVL/extracted/MDIVL/MDIVL/Data_Blur_JPEG/chianti_blur_3.33_jpg_50.jpg,Multiply Dist.,MDIVL/MDIVL/MD_IVLreference/OCEreferenceMD/chianti.png,20.2631
chianti_blur_3.33_jpg_30.jpg,/kaggle/working/MDFS/data/MDIVL/extracted/MDIVL/MDIVL/Data_Blur_JPEG/chianti_blur_3.33_jpg_30.jpg,Multiply Dist.,MDIVL/MDIVL/MD_IVLreference/OCEreferenceMD/chianti.png,17.3024
chianti_blur_3.33_jpg_20.jpg,/kaggle/working/MDFS/data/MDIVL/extracted/MDIVL/MDIVL/Data_Blur_JPEG/chianti_blur_3.33_jpg_20.jpg,Multiply Dist.,MDIVL/MDIVL/MD_IVLreference/OCEreferenceMD/chianti.png,21.5503
chianti_blur_3.33_jpg_10.jpg,/kaggle/working/MDFS/data/MDIVL/extracted/MDIVL/MDIVL/Data_Blur_JPEG/chianti_blur_3.33_jpg_10.jpg,Multiply Dist.,MDIVL/MDIVL/MD_IVLreference/OCEreferenceMD/chianti.png,12.1145
chianti_blur_4_jpg_100.jpg,/kaggle/working/MDFS/data/MDIVL/extracted/MDIVL/MDIVL/Data_Blur_JPEG/chianti_blur_4_jpg_100.jpg,Multiply Dist.,MDIVL/MDIVL/MD_IVLreference/OCEreferenceMD/chianti.png,15.2435
chianti_blur_4_jpg_50.jpg,/kaggle/working/MDFS/data/MDIVL/extracted/MDIVL/MDIVL/Data_Blur_JPEG/chianti_blur_4_jpg_50.jpg,Multiply Dist.,MDIVL/MDIVL/MD_IVLreference/OCEreferenceMD/chianti.png,13.3875
chianti_blur_4_jpg_30.jpg,/kaggle/working/MDFS/data/MDIVL/extracted/MDIVL/MDIVL/Data_Blur_JPEG/chianti_blur_4_jpg_30.jpg,Multiply Dist.,MDIVL/MDIVL/MD_IVLreference/OCEreferenceMD/chianti.png,18.043
chianti_blur_4_jpg_20.jpg,/kaggle/working/MDFS/data/MDIVL/extracted/MDIVL/MDIVL/Data_Blur_JPEG/chianti_blur_4_jpg_20.jpg,Multiply Dist.,MDIVL/MDIVL/MD_IVLreference/OCEreferenceMD/chianti.png,15.854
chianti_blur_4_jpg_10.jpg,/kaggle/working/MDFS/data/MDIVL/extracted/MDIVL/MDIVL/Data_Blur_JPEG/chianti_blur_4_jpg_10.jpg,Multiply Dist.,MDIVL/MDIVL/MD_IVLreference/OCEreferenceMD/chianti.png,4.6732
dancers1_blur_0.001_jpg_100.jpg,/kaggle/working/MDFS/data/MDIVL/extracted/MDIVL/MDIVL/Data_Blur_JPEG/dancers1_blur_0.001_jpg_100.jpg,Multiply Dist.,MDIVL/MDIVL/MD_IVLreference/OCEreferenceMD/dancers1.png,90.8768
dancers1_blur_0.001_jpg_50.jpg,/kaggle/working/MDFS/data/MDIVL/extracted/MDIVL/MDIVL/Data_Blur_JPEG/dancers1_blur_0.001_jpg_50.jpg,Multiply Dist.,MDIVL/MDIVL/MD_IVLreference/OCEreferenceMD/dancers1.png,72.5012
dancers1_blur_0.001_jpg_30.jpg,/kaggle/working/MDFS/data/MDIVL/extracted/MDIVL/MDIVL/Data_Blur_JPEG/dancers1_blur_0.001_jpg_30.jpg,Multiply Dist.,MDIVL/MDIVL/MD_IVLreference/OCEreferenceMD/dancers1.png,68.81
dancers1_blur_0.001_jpg_20.jpg,/kaggle/working/MDFS/data/MDIVL/extracted/MDIVL/MDIVL/Data_Blur_JPEG/dancers1_blur_0.001_jpg_20.jpg,Multiply Dist.,MDIVL/MDIVL/MD_IVLreference/OCEreferenceMD/dancers1.png,49.428
dancers1_blur_0.001_jpg_10.jpg,/kaggle/working/MDFS/data/MDIVL/extracted/MDIVL/MDIVL/Data_Blur_JPEG/dancers1_blur_0.001_jpg_10.jpg,Multiply Dist.,MDIVL/MDIVL/MD_IVLreference/OCEreferenceMD/dancers1.png,26.4824
dancers1_blur_0.66_jpg_100.jpg,/kaggle/working/MDFS/data/MDIVL/extracted/MDIVL/MDIVL/Data_Blur_JPEG/dancers1_blur_0.66_jpg_100.jpg,Multiply Dist.,MDIVL/MDIVL/MD_IVLreference/OCEreferenceMD/dancers1.png,77.9161
dancers1_blur_0.66_jpg_50.jpg,/kaggle/working/MDFS/data/MDIVL/extracted/MDIVL/MDIVL/Data_Blur_JPEG/dancers1_blur_0.66_jpg_50.jpg,Multiply Dist.,MDIVL/MDIVL/MD_IVLreference/OCEreferenceMD/dancers1.png,74.7707
dancers1_blur_0.66_jpg_30.jpg,/kaggle/working/MDFS/data/MDIVL/extracted/MDIVL/MDIVL/Data_Blur_JPEG/dancers1_blur_0.66_jpg_30.jpg,Multiply Dist.,MDIVL/MDIVL/MD_IVLreference/OCEreferenceMD/dancers1.png,62.4951
dancers1_blur_0.66_jpg_20.jpg,/kaggle/working/MDFS/data/MDIVL/extracted/MDIVL/MDIVL/Data_Blur_JPEG/dancers1_blur_0.66_jpg_20.jpg,Multiply Dist.,MDIVL/MDIVL/MD_IVLreference/OCEreferenceMD/dancers1.png,55.3994
dancers1_blur_0.66_jpg_10.jpg,/kaggle/working/MDFS/data/MDIVL/extracted/MDIVL/MDIVL/Data_Blur_JPEG/dancers1_blur_0.66_jpg_10.jpg,Multiply Dist.,MDIVL/MDIVL/MD_IVLreference/OCEreferenceMD/dancers1.png,22.9941
dancers1_blur_1.33_jpg_100.jpg,/kaggle/working/MDFS/data/MDIVL/extracted/MDIVL/MDIVL/Data_Blur_JPEG/dancers1_blur_1.33_jpg_100.jpg,Multiply Dist.,MDIVL/MDIVL/MD_IVLreference/OCEreferenceMD/dancers1.png,74.0363
dancers1_blur_1.33_jpg_50.jpg,/kaggle/working/MDFS/data/MDIVL/extracted/MDIVL/MDIVL/Data_Blur_JPEG/dancers1_blur_1.33_jpg_50.jpg,Multiply Dist.,MDIVL/MDIVL/MD_IVLreference/OCEreferenceMD/dancers1.png,67.274
dancers1_blur_1.33_jpg_30.jpg,/kaggle/working/MDFS/data/MDIVL/extracted/MDIVL/MDIVL/Data_Blur_JPEG/dancers1_blur_1.33_jpg_30.jpg,Multiply Dist.,MDIVL/MDIVL/MD_IVLreference/OCEreferenceMD/dancers1.png,52.8786
dancers1_blur_1.33_jpg_20.jpg,/kaggle/working/MDFS/data/MDIVL/extracted/MDIVL/MDIVL/Data_Blur_JPEG/dancers1_blur_1.33_jpg_20.jpg,Multiply Dist.,MDIVL/MDIVL/MD_IVLreference/OCEreferenceMD/dancers1.png,45.4185
dancers1_blur_1.33_jpg_10.jpg,/kaggle/working/MDFS/data/MDIVL/extracted/MDIVL/MDIVL/Data_Blur_JPEG/dancers1_blur_1.33_jpg_10.jpg,Multiply Dist.,MDIVL/MDIVL/MD_IVLreference/OCEreferenceMD/dancers1.png,26.7455
dancers1_blur_2_jpg_100.jpg,/kaggle/working/MDFS/data/MDIVL/extracted/MDIVL/MDIVL/Data_Blur_JPEG/dancers1_blur_2_jpg_100.jpg,Multiply Dist.,MDIVL/MDIVL/MD_IVLreference/OCEreferenceMD/dancers1.png,44.8103
dancers1_blur_2_jpg_50.jpg,/kaggle/working/MDFS/data/MDIVL/extracted/MDIVL/MDIVL/Data_Blur_JPEG/dancers1_blur_2_jpg_50.jpg,Multiply Dist.,MDIVL/MDIVL/MD_IVLreference/OCEreferenceMD/dancers1.png,42.9157
dancers1_blur_2_jpg_30.jpg,/kaggle/working/MDFS/data/MDIVL/extracted/MDIVL/MDIVL/Data_Blur_JPEG/dancers1_blur_2_jpg_30.jpg,Multiply Dist.,MDIVL/MDIVL/MD_IVLreference/OCEreferenceMD/dancers1.png,40.708
dancers1_blur_2_jpg_20.jpg,/kaggle/working/MDFS/data/MDIVL/extracted/MDIVL/MDIVL/Data_Blur_JPEG/dancers1_blur_2_jpg_20.jpg,Multiply Dist.,MDIVL/MDIVL/MD_IVLreference/OCEreferenceMD/dancers1.png,31.4651
dancers1_blur_2_jpg_10.jpg,/kaggle/working/MDFS/data/MDIVL/extracted/MDIVL/MDIVL/Data_Blur_JPEG/dancers1_blur_2_jpg_10.jpg,Multiply Dist.,MDIVL/MDIVL/MD_IVLreference/OCEreferenceMD/dancers1.png,15.5176
dancers1_blur_2.66_jpg_100.jpg,/kaggle/working/MDFS/data/MDIVL/extracted/MDIVL/MDIVL/Data_Blur_JPEG/dancers1_blur_2.66_jpg_100.jpg,Multiply Dist.,MDIVL/MDIVL/MD_IVLreference/OCEreferenceMD/dancers1.png,35.4686
dancers1_blur_2.66_jpg_50.jpg,/kaggle/working/MDFS/data/MDIVL/extracted/MDIVL/MDIVL/Data_Blur_JPEG/dancers1_blur_2.66_jpg_50.jpg,Multiply Dist.,MDIVL/MDIVL/MD_IVLreference/OCEreferenceMD/dancers1.png,35.9178
dancers1_blur_2.66_jpg_30.jpg,/kaggle/working/MDFS/data/MDIVL/extracted/MDIVL/MDIVL/Data_Blur_JPEG/dancers1_blur_2.66_jpg_30.jpg,Multiply Dist.,MDIVL/MDIVL/MD_IVLreference/OCEreferenceMD/dancers1.png,31.4928
dancers1_blur_2.66_jpg_20.jpg,/kaggle/working/MDFS/data/MDIVL/extracted/MDIVL/MDIVL/Data_Blur_JPEG/dancers1_blur_2.66_jpg_20.jpg,Multiply Dist.,MDIVL/MDIVL/MD_IVLreference/OCEreferenceMD/dancers1.png,21.7499
dancers1_blur_2.66_jpg_10.jpg,/kaggle/working/MDFS/data/MDIVL/extracted/MDIVL/MDIVL/Data_Blur_JPEG/dancers1_blur_2.66_jpg_10.jpg,Multiply Dist.,MDIVL/MDIVL/MD_IVLreference/OCEreferenceMD/dancers1.png,13.0196
dancers1_blur_3.33_jpg_100.jpg,/kaggle/working/MDFS/data/MDIVL/extracted/MDIVL/MDIVL/Data_Blur_JPEG/dancers1_blur_3.33_jpg_100.jpg,Multiply Dist.,MDIVL/MDIVL/MD_IVLreference/OCEreferenceMD/dancers1.png,30.0896
dancers1_blur_3.33_jpg_50.jpg,/kaggle/working/MDFS/data/MDIVL/extracted/MDIVL/MDIVL/Data_Blur_JPEG/dancers1_blur_3.33_jpg_50.jpg,Multiply Dist.,MDIVL/MDIVL/MD_IVLreference/OCEreferenceMD/dancers1.png,24.5276
dancers1_blur_3.33_jpg_30.jpg,/kaggle/working/MDFS/data/MDIVL/extracted/MDIVL/MDIVL/Data_Blur_JPEG/dancers1_blur_3.33_jpg_30.jpg,Multiply Dist.,MDIVL/MDIVL/MD_IVLreference/OCEreferenceMD/dancers1.png,32.2298
dancers1_blur_3.33_jpg_20.jpg,/kaggle/working/MDFS/data/MDIVL/extracted/MDIVL/MDIVL/Data_Blur_JPEG/dancers1_blur_3.33_jpg_20.jpg,Multiply Dist.,MDIVL/MDIVL/MD_IVLreference/OCEreferenceMD/dancers1.png,18.8895
dancers1_blur_3.33_jpg_10.jpg,/kaggle/working/MDFS/data/MDIVL/extracted/MDIVL/MDIVL/Data_Blur_JPEG/dancers1_blur_3.33_jpg_10.jpg,Multiply Dist.,MDIVL/MDIVL/MD_IVLreference/OCEreferenceMD/dancers1.png,9.4537
dancers1_blur_4_jpg_100.jpg,/kaggle/working/MDFS/data/MDIVL/extracted/MDIVL/MDIVL/Data_Blur_JPEG/dancers1_blur_4_jpg_100.jpg,Multiply Dist.,MDIVL/MDIVL/MD_IVLreference/OCEreferenceMD/dancers1.png,21.0695
dancers1_blur_4_jpg_50.jpg,/kaggle/working/MDFS/data/MDIVL/extracted/MDIVL/MDIVL/Data_Blur_JPEG/dancers1_blur_4_jpg_50.jpg,Multiply Dist.,MDIVL/MDIVL/MD_IVLreference/OCEreferenceMD/dancers1.png,18.976
dancers1_blur_4_jpg_30.jpg,/kaggle/working/MDFS/data/MDIVL/extracted/MDIVL/MDIVL/Data_Blur_JPEG/dancers1_blur_4_jpg_30.jpg,Multiply Dist.,MDIVL/MDIVL/MD_IVLreference/OCEreferenceMD/dancers1.png,16.9015
dancers1_blur_4_jpg_20.jpg,/kaggle/working/MDFS/data/MDIVL/extracted/MDIVL/MDIVL/Data_Blur_JPEG/dancers1_blur_4_jpg_20.jpg,Multiply Dist.,MDIVL/MDIVL/MD_IVLreference/OCEreferenceMD/dancers1.png,10.5771
dancers1_blur_4_jpg_10.jpg,/kaggle/working/MDFS/data/MDIVL/extracted/MDIVL/MDIVL/Data_Blur_JPEG/dancers1_blur_4_jpg_10.jpg,Multiply Dist.,MDIVL/MDIVL/MD_IVLreference/OCEreferenceMD/dancers1.png,8.177
home_blur_0.001_jpg_100.jpg,/kaggle/working/MDFS/data/MDIVL/extracted/MDIVL/MDIVL/Data_Blur_JPEG/home_blur_0.001_jpg_100.jpg,Multiply Dist.,MDIVL/MDIVL/MD_IVLreference/OCEreferenceMD/home.png,95.2376
home_blur_0.001_jpg_50.jpg,/kaggle/working/MDFS/data/MDIVL/extracted/MDIVL/MDIVL/Data_Blur_JPEG/home_blur_0.001_jpg_50.jpg,Multiply Dist.,MDIVL/MDIVL/MD_IVLreference/OCEreferenceMD/home.png,81.2112
home_blur_0.001_jpg_30.jpg,/kaggle/working/MDFS/data/MDIVL/extracted/MDIVL/MDIVL/Data_Blur_JPEG/home_blur_0.001_jpg_30.jpg,Multiply Dist.,MDIVL/MDIVL/MD_IVLreference/OCEreferenceMD/home.png,70.1706
home_blur_0.001_jpg_20.jpg,/kaggle/working/MDFS/data/MDIVL/extracted/MDIVL/MDIVL/Data_Blur_JPEG/home_blur_0.001_jpg_20.jpg,Multiply Dist.,MDIVL/MDIVL/MD_IVLreference/OCEreferenceMD/home.png,47.8844
home_blur_0.001_jpg_10.jpg,/kaggle/working/MDFS/data/MDIVL/extracted/MDIVL/MDIVL/Data_Blur_JPEG/home_blur_0.001_jpg_10.jpg,Multiply Dist.,MDIVL/MDIVL/MD_IVLreference/OCEreferenceMD/home.png,22.3661
home_blur_0.66_jpg_100.jpg,/kaggle/working/MDFS/data/MDIVL/extracted/MDIVL/MDIVL/Data_Blur_JPEG/home_blur_0.66_jpg_100.jpg,Multiply Dist.,MDIVL/MDIVL/MD_IVLreference/OCEreferenceMD/home.png,88.1255
home_blur_0.66_jpg_50.jpg,/kaggle/working/MDFS/data/MDIVL/extracted/MDIVL/MDIVL/Data_Blur_JPEG/home_blur_0.66_jpg_50.jpg,Multiply Dist.,MDIVL/MDIVL/MD_IVLreference/OCEreferenceMD/home.png,84.4434
home_blur_0.66_jpg_30.jpg,/kaggle/working/MDFS/data/MDIVL/extracted/MDIVL/MDIVL/Data_Blur_JPEG/home_blur_0.66_jpg_30.jpg,Multiply Dist.,MDIVL/MDIVL/MD_IVLreference/OCEreferenceMD/home.png,71.1076
home_blur_0.66_jpg_20.jpg,/kaggle/working/MDFS/data/MDIVL/extracted/MDIVL/MDIVL/Data_Blur_JPEG/home_blur_0.66_jpg_20.jpg,Multiply Dist.,MDIVL/MDIVL/MD_IVLreference/OCEreferenceMD/home.png,52.9201
home_blur_0.66_jpg_10.jpg,/kaggle/working/MDFS/data/MDIVL/extracted/MDIVL/MDIVL/Data_Blur_JPEG/home_blur_0.66_jpg_10.jpg,Multiply Dist.,MDIVL/MDIVL/MD_IVLreference/OCEreferenceMD/home.png,15.9512
home_blur_1.33_jpg_100.jpg,/kaggle/working/MDFS/data/MDIVL/extracted/MDIVL/MDIVL/Data_Blur_JPEG/home_blur_1.33_jpg_100.jpg,Multiply Dist.,MDIVL/MDIVL/MD_IVLreference/OCEreferenceMD/home.png,57.2823
home_blur_1.33_jpg_50.jpg,/kaggle/working/MDFS/data/MDIVL/extracted/MDIVL/MDIVL/Data_Blur_JPEG/home_blur_1.33_jpg_50.jpg,Multiply Dist.,MDIVL/MDIVL/MD_IVLreference/OCEreferenceMD/home.png,58.7412
home_blur_1.33_jpg_30.jpg,/kaggle/working/MDFS/data/MDIVL/extracted/MDIVL/MDIVL/Data_Blur_JPEG/home_blur_1.33_jpg_30.jpg,Multiply Dist.,MDIVL/MDIVL/MD_IVLreference/OCEreferenceMD/home.png,60.5851
home_blur_1.33_jpg_20.jpg,/kaggle/working/MDFS/data/MDIVL/extracted/MDIVL/MDIVL/Data_Blur_JPEG/home_blur_1.33_jpg_20.jpg,Multiply Dist.,MDIVL/MDIVL/MD_IVLreference/OCEreferenceMD/home.png,31.7438
home_blur_1.33_jpg_10.jpg,/kaggle/working/MDFS/data/MDIVL/extracted/MDIVL/MDIVL/Data_Blur_JPEG/home_blur_1.33_jpg_10.jpg,Multiply Dist.,MDIVL/MDIVL/MD_IVLreference/OCEreferenceMD/home.png,10.6636
home_blur_2_jpg_100.jpg,/kaggle/working/MDFS/data/MDIVL/extracted/MDIVL/MDIVL/Data_Blur_JPEG/home_blur_2_jpg_100.jpg,Multiply Dist.,MDIVL/MDIVL/MD_IVLreference/OCEreferenceMD/home.png,46.0514
home_blur_2_jpg_50.jpg,/kaggle/working/MDFS/data/MDIVL/extracted/MDIVL/MDIVL/Data_Blur_JPEG/home_blur_2_jpg_50.jpg,Multiply Dist.,MDIVL/MDIVL/MD_IVLreference/OCEreferenceMD/home.png,38.2801
home_blur_2_jpg_30.jpg,/kaggle/working/MDFS/data/MDIVL/extracted/MDIVL/MDIVL/Data_Blur_JPEG/home_blur_2_jpg_30.jpg,Multiply Dist.,MDIVL/MDIVL/MD_IVLreference/OCEreferenceMD/home.png,35.394
home_blur_2_jpg_20.jpg,/kaggle/working/MDFS/data/MDIVL/extracted/MDIVL/MDIVL/Data_Blur_JPEG/home_blur_2_jpg_20.jpg,Multiply Dist.,MDIVL/MDIVL/MD_IVLreference/OCEreferenceMD/home.png,31.9986
home_blur_2_jpg_10.jpg,/kaggle/working/MDFS/data/MDIVL/extracted/MDIVL/MDIVL/Data_Blur_JPEG/home_blur_2_jpg_10.jpg,Multiply Dist.,MDIVL/MDIVL/MD_IVLreference/OCEreferenceMD/home.png,13.0964
home_blur_2.66_jpg_100.jpg,/kaggle/working/MDFS/data/MDIVL/extracted/MDIVL/MDIVL/Data_Blur_JPEG/home_blur_2.66_jpg_100.jpg,Multiply Dist.,MDIVL/MDIVL/MD_IVLreference/OCEreferenceMD/home.png,28.6059
home_blur_2.66_jpg_50.jpg,/kaggle/working/MDFS/data/MDIVL/extracted/MDIVL/MDIVL/Data_Blur_JPEG/home_blur_2.66_jpg_50.jpg,Multiply Dist.,MDIVL/MDIVL/MD_IVLreference/OCEreferenceMD/home.png,31.7202
home_blur_2.66_jpg_30.jpg,/kaggle/working/MDFS/data/MDIVL/extracted/MDIVL/MDIVL/Data_Blur_JPEG/home_blur_2.66_jpg_30.jpg,Multiply Dist.,MDIVL/MDIVL/MD_IVLreference/OCEreferenceMD/home.png,27.6464
home_blur_2.66_jpg_20.jpg,/kaggle/working/MDFS/data/MDIVL/extracted/MDIVL/MDIVL/Data_Blur_JPEG/home_blur_2.66_jpg_20.jpg,Multiply Dist.,MDIVL/MDIVL/MD_IVLreference/OCEreferenceMD/home.png,29.2998
home_blur_2.66_jpg_10.jpg,/kaggle/working/MDFS/data/MDIVL/extracted/MDIVL/MDIVL/Data_Blur_JPEG/home_blur_2.66_jpg_10.jpg,Multiply Dist.,MDIVL/MDIVL/MD_IVLreference/OCEreferenceMD/home.png,7.1954
home_blur_3.33_jpg_100.jpg,/kaggle/working/MDFS/data/MDIVL/extracted/MDIVL/MDIVL/Data_Blur_JPEG/home_blur_3.33_jpg_100.jpg,Multiply Dist.,MDIVL/MDIVL/MD_IVLreference/OCEreferenceMD/home.png,19.0129
home_blur_3.33_jpg_50.jpg,/kaggle/working/MDFS/data/MDIVL/extracted/MDIVL/MDIVL/Data_Blur_JPEG/home_blur_3.33_jpg_50.jpg,Multiply Dist.,MDIVL/MDIVL/MD_IVLreference/OCEreferenceMD/home.png,25.56
home_blur_3.33_jpg_30.jpg,/kaggle/working/MDFS/data/MDIVL/extracted/MDIVL/MDIVL/Data_Blur_JPEG/home_blur_3.33_jpg_30.jpg,Multiply Dist.,MDIVL/MDIVL/MD_IVLreference/OCEreferenceMD/home.png,22.0432
home_blur_3.33_jpg_20.jpg,/kaggle/working/MDFS/data/MDIVL/extracted/MDIVL/MDIVL/Data_Blur_JPEG/home_blur_3.33_jpg_20.jpg,Multiply Dist.,MDIVL/MDIVL/MD_IVLreference/OCEreferenceMD/home.png,18.4819
home_blur_3.33_jpg_10.jpg,/kaggle/working/MDFS/data/MDIVL/extracted/MDIVL/MDIVL/Data_Blur_JPEG/home_blur_3.33_jpg_10.jpg,Multiply Dist.,MDIVL/MDIVL/MD_IVLreference/OCEreferenceMD/home.png,3.1178
home_blur_4_jpg_100.jpg,/kaggle/working/MDFS/data/MDIVL/extracted/MDIVL/MDIVL/Data_Blur_JPEG/home_blur_4_jpg_100.jpg,Multiply Dist.,MDIVL/MDIVL/MD_IVLreference/OCEreferenceMD/home.png,15.1149
home_blur_4_jpg_50.jpg,/kaggle/working/MDFS/data/MDIVL/extracted/MDIVL/MDIVL/Data_Blur_JPEG/home_blur_4_jpg_50.jpg,Multiply Dist.,MDIVL/MDIVL/MD_IVLreference/OCEreferenceMD/home.png,16.4763
home_blur_4_jpg_30.jpg,/kaggle/working/MDFS/data/MDIVL/extracted/MDIVL/MDIVL/Data_Blur_JPEG/home_blur_4_jpg_30.jpg,Multiply Dist.,MDIVL/MDIVL/MD_IVLreference/OCEreferenceMD/home.png,10.0564
home_blur_4_jpg_20.jpg,/kaggle/working/MDFS/data/MDIVL/extracted/MDIVL/MDIVL/Data_Blur_JPEG/home_blur_4_jpg_20.jpg,Multiply Dist.,MDIVL/MDIVL/MD_IVLreference/OCEreferenceMD/home.png,9.8779
home_blur_4_jpg_10.jpg,/kaggle/working/MDFS/data/MDIVL/extracted/MDIVL/MDIVL/Data_Blur_JPEG/home_blur_4_jpg_10.jpg,Multiply Dist.,MDIVL/MDIVL/MD_IVLreference/OCEreferenceMD/home.png,5.0479
manikin_blur_0.001_jpg_100.jpg,/kaggle/working/MDFS/data/MDIVL/extracted/MDIVL/MDIVL/Data_Blur_JPEG/manikin_blur_0.001_jpg_100.jpg,Multiply Dist.,MDIVL/MDIVL/MD_IVLreference/OCEreferenceMD/manikin.png,94.7707
manikin_blur_0.001_jpg_50.jpg,/kaggle/working/MDFS/data/MDIVL/extracted/MDIVL/MDIVL/Data_Blur_JPEG/manikin_blur_0.001_jpg_50.jpg,Multiply Dist.,MDIVL/MDIVL/MD_IVLreference/OCEreferenceMD/manikin.png,91.9119
manikin_blur_0.001_jpg_30.jpg,/kaggle/working/MDFS/data/MDIVL/extracted/MDIVL/MDIVL/Data_Blur_JPEG/manikin_blur_0.001_jpg_30.jpg,Multiply Dist.,MDIVL/MDIVL/MD_IVLreference/OCEreferenceMD/manikin.png,70.7627
manikin_blur_0.001_jpg_20.jpg,/kaggle/working/MDFS/data/MDIVL/extracted/MDIVL/MDIVL/Data_Blur_JPEG/manikin_blur_0.001_jpg_20.jpg,Multiply Dist.,MDIVL/MDIVL/MD_IVLreference/OCEreferenceMD/manikin.png,44.6775
manikin_blur_0.001_jpg_10.jpg,/kaggle/working/MDFS/data/MDIVL/extracted/MDIVL/MDIVL/Data_Blur_JPEG/manikin_blur_0.001_jpg_10.jpg,Multiply Dist.,MDIVL/MDIVL/MD_IVLreference/OCEreferenceMD/manikin.png,10.4173
manikin_blur_0.66_jpg_100.jpg,/kaggle/working/MDFS/data/MDIVL/extracted/MDIVL/MDIVL/Data_Blur_JPEG/manikin_blur_0.66_jpg_100.jpg,Multiply Dist.,MDIVL/MDIVL/MD_IVLreference/OCEreferenceMD/manikin.png,89.9733
manikin_blur_0.66_jpg_50.jpg,/kaggle/working/MDFS/data/MDIVL/extracted/MDIVL/MDIVL/Data_Blur_JPEG/manikin_blur_0.66_jpg_50.jpg,Multiply Dist.,MDIVL/MDIVL/MD_IVLreference/OCEreferenceMD/manikin.png,77.4028
manikin_blur_0.66_jpg_30.jpg,/kaggle/working/MDFS/data/MDIVL/extracted/MDIVL/MDIVL/Data_Blur_JPEG/manikin_blur_0.66_jpg_30.jpg,Multiply Dist.,MDIVL/MDIVL/MD_IVLreference/OCEreferenceMD/manikin.png,64.6386
manikin_blur_0.66_jpg_20.jpg,/kaggle/working/MDFS/data/MDIVL/extracted/MDIVL/MDIVL/Data_Blur_JPEG/manikin_blur_0.66_jpg_20.jpg,Multiply Dist.,MDIVL/MDIVL/MD_IVLreference/OCEreferenceMD/manikin.png,43.9413
manikin_blur_0.66_jpg_10.jpg,/kaggle/working/MDFS/data/MDIVL/extracted/MDIVL/MDIVL/Data_Blur_JPEG/manikin_blur_0.66_jpg_10.jpg,Multiply Dist.,MDIVL/MDIVL/MD_IVLreference/OCEreferenceMD/manikin.png,22.0216
manikin_blur_1.33_jpg_100.jpg,/kaggle/working/MDFS/data/MDIVL/extracted/MDIVL/MDIVL/Data_Blur_JPEG/manikin_blur_1.33_jpg_100.jpg,Multiply Dist.,MDIVL/MDIVL/MD_IVLreference/OCEreferenceMD/manikin.png,85.3018
manikin_blur_1.33_jpg_50.jpg,/kaggle/working/MDFS/data/MDIVL/extracted/MDIVL/MDIVL/Data_Blur_JPEG/manikin_blur_1.33_jpg_50.jpg,Multiply Dist.,MDIVL/MDIVL/MD_IVLreference/OCEreferenceMD/manikin.png,65.4741
manikin_blur_1.33_jpg_30.jpg,/kaggle/working/MDFS/data/MDIVL/extracted/MDIVL/MDIVL/Data_Blur_JPEG/manikin_blur_1.33_jpg_30.jpg,Multiply Dist.,MDIVL/MDIVL/MD_IVLreference/OCEreferenceMD/manikin.png,56.4297
manikin_blur_1.33_jpg_20.jpg,/kaggle/working/MDFS/data/MDIVL/extracted/MDIVL/MDIVL/Data_Blur_JPEG/manikin_blur_1.33_jpg_20.jpg,Multiply Dist.,MDIVL/MDIVL/MD_IVLreference/OCEreferenceMD/manikin.png,30.7624
manikin_blur_1.33_jpg_10.jpg,/kaggle/working/MDFS/data/MDIVL/extracted/MDIVL/MDIVL/Data_Blur_JPEG/manikin_blur_1.33_jpg_10.jpg,Multiply Dist.,MDIVL/MDIVL/MD_IVLreference/OCEreferenceMD/manikin.png,14.4167
manikin_blur_2_jpg_100.jpg,/kaggle/working/MDFS/data/MDIVL/extracted/MDIVL/MDIVL/Data_Blur_JPEG/manikin_blur_2_jpg_100.jpg,Multiply Dist.,MDIVL/MDIVL/MD_IVLreference/OCEreferenceMD/manikin.png,48.9526
manikin_blur_2_jpg_50.jpg,/kaggle/working/MDFS/data/MDIVL/extracted/MDIVL/MDIVL/Data_Blur_JPEG/manikin_blur_2_jpg_50.jpg,Multiply Dist.,MDIVL/MDIVL/MD_IVLreference/OCEreferenceMD/manikin.png,44.7958
manikin_blur_2_jpg_30.jpg,/kaggle/working/MDFS/data/MDIVL/extracted/MDIVL/MDIVL/Data_Blur_JPEG/manikin_blur_2_jpg_30.jpg,Multiply Dist.,MDIVL/MDIVL/MD_IVLreference/OCEreferenceMD/manikin.png,41.8676
manikin_blur_2_jpg_20.jpg,/kaggle/working/MDFS/data/MDIVL/extracted/MDIVL/MDIVL/Data_Blur_JPEG/manikin_blur_2_jpg_20.jpg,Multiply Dist.,MDIVL/MDIVL/MD_IVLreference/OCEreferenceMD/manikin.png,35.7655
manikin_blur_2_jpg_10.jpg,/kaggle/working/MDFS/data/MDIVL/extracted/MDIVL/MDIVL/Data_Blur_JPEG/manikin_blur_2_jpg_10.jpg,Multiply Dist.,MDIVL/MDIVL/MD_IVLreference/OCEreferenceMD/manikin.png,9.8655
manikin_blur_2.66_jpg_100.jpg,/kaggle/working/MDFS/data/MDIVL/extracted/MDIVL/MDIVL/Data_Blur_JPEG/manikin_blur_2.66_jpg_100.jpg,Multiply Dist.,MDIVL/MDIVL/MD_IVLreference/OCEreferenceMD/manikin.png,34.2194
manikin_blur_2.66_jpg_50.jpg,/kaggle/working/MDFS/data/MDIVL/extracted/MDIVL/MDIVL/Data_Blur_JPEG/manikin_blur_2.66_jpg_50.jpg,Multiply Dist.,MDIVL/MDIVL/MD_IVLreference/OCEreferenceMD/manikin.png,32.5201
manikin_blur_2.66_jpg_30.jpg,/kaggle/working/MDFS/data/MDIVL/extracted/MDIVL/MDIVL/Data_Blur_JPEG/manikin_blur_2.66_jpg_30.jpg,Multiply Dist.,MDIVL/MDIVL/MD_IVLreference/OCEreferenceMD/manikin.png,28.3203
manikin_blur_2.66_jpg_20.jpg,/kaggle/working/MDFS/data/MDIVL/extracted/MDIVL/MDIVL/Data_Blur_JPEG/manikin_blur_2.66_jpg_20.jpg,Multiply Dist.,MDIVL/MDIVL/MD_IVLreference/OCEreferenceMD/manikin.png,31.8736
manikin_blur_2.66_jpg_10.jpg,/kaggle/working/MDFS/data/MDIVL/extracted/MDIVL/MDIVL/Data_Blur_JPEG/manikin_blur_2.66_jpg_10.jpg,Multiply Dist.,MDIVL/MDIVL/MD_IVLreference/OCEreferenceMD/manikin.png,7.4606
manikin_blur_3.33_jpg_100.jpg,/kaggle/working/MDFS/data/MDIVL/extracted/MDIVL/MDIVL/Data_Blur_JPEG/manikin_blur_3.33_jpg_100.jpg,Multiply Dist.,MDIVL/MDIVL/MD_IVLreference/OCEreferenceMD/manikin.png,28.3113
manikin_blur_3.33_jpg_50.jpg,/kaggle/working/MDFS/data/MDIVL/extracted/MDIVL/MDIVL/Data_Blur_JPEG/manikin_blur_3.33_jpg_50.jpg,Multiply Dist.,MDIVL/MDIVL/MD_IVLreference/OCEreferenceMD/manikin.png,27.2963
manikin_blur_3.33_jpg_30.jpg,/kaggle/working/MDFS/data/MDIVL/extracted/MDIVL/MDIVL/Data_Blur_JPEG/manikin_blur_3.33_jpg_30.jpg,Multiply Dist.,MDIVL/MDIVL/MD_IVLreference/OCEreferenceMD/manikin.png,20.6734
manikin_blur_3.33_jpg_20.jpg,/kaggle/working/MDFS/data/MDIVL/extracted/MDIVL/MDIVL/Data_Blur_JPEG/manikin_blur_3.33_jpg_20.jpg,Multiply Dist.,MDIVL/MDIVL/MD_IVLreference/OCEreferenceMD/manikin.png,18.1061
manikin_blur_3.33_jpg_10.jpg,/kaggle/working/MDFS/data/MDIVL/extracted/MDIVL/MDIVL/Data_Blur_JPEG/manikin_blur_3.33_jpg_10.jpg,Multiply Dist.,MDIVL/MDIVL/MD_IVLreference/OCEreferenceMD/manikin.png,7.6577
manikin_blur_4_jpg_100.jpg,/kaggle/working/MDFS/data/MDIVL/extracted/MDIVL/MDIVL/Data_Blur_JPEG/manikin_blur_4_jpg_100.jpg,Multiply Dist.,MDIVL/MDIVL/MD_IVLreference/OCEreferenceMD/manikin.png,20.2121
manikin_blur_4_jpg_50.jpg,/kaggle/working/MDFS/data/MDIVL/extracted/MDIVL/MDIVL/Data_Blur_JPEG/manikin_blur_4_jpg_50.jpg,Multiply Dist.,MDIVL/MDIVL/MD_IVLreference/OCEreferenceMD/manikin.png,21.1254
manikin_blur_4_jpg_30.jpg,/kaggle/working/MDFS/data/MDIVL/extracted/MDIVL/MDIVL/Data_Blur_JPEG/manikin_blur_4_jpg_30.jpg,Multiply Dist.,MDIVL/MDIVL/MD_IVLreference/OCEreferenceMD/manikin.png,12.5812
manikin_blur_4_jpg_20.jpg,/kaggle/working/MDFS/data/MDIVL/extracted/MDIVL/MDIVL/Data_Blur_JPEG/manikin_blur_4_jpg_20.jpg,Multiply Dist.,MDIVL/MDIVL/MD_IVLreference/OCEreferenceMD/manikin.png,12.9788
manikin_blur_4_jpg_10.jpg,/kaggle/working/MDFS/data/MDIVL/extracted/MDIVL/MDIVL/Data_Blur_JPEG/manikin_blur_4_jpg_10.jpg,Multiply Dist.,MDIVL/MDIVL/MD_IVLreference/OCEreferenceMD/manikin.png,2.2205
metro_blur_0.001_jpg_100.jpg,/kaggle/working/MDFS/data/MDIVL/extracted/MDIVL/MDIVL/Data_Blur_JPEG/metro_blur_0.001_jpg_100.jpg,Multiply Dist.,MDIVL/MDIVL/MD_IVLreference/OCEreferenceMD/metro.png,91.058
metro_blur_0.001_jpg_50.jpg,/kaggle/working/MDFS/data/MDIVL/extracted/MDIVL/MDIVL/Data_Blur_JPEG/metro_blur_0.001_jpg_50.jpg,Multiply Dist.,MDIVL/MDIVL/MD_IVLreference/OCEreferenceMD/metro.png,69.7408
metro_blur_0.001_jpg_30.jpg,/kaggle/working/MDFS/data/MDIVL/extracted/MDIVL/MDIVL/Data_Blur_JPEG/metro_blur_0.001_jpg_30.jpg,Multiply Dist.,MDIVL/MDIVL/MD_IVLreference/OCEreferenceMD/metro.png,48.954
metro_blur_0.001_jpg_20.jpg,/kaggle/working/MDFS/data/MDIVL/extracted/MDIVL/MDIVL/Data_Blur_JPEG/metro_blur_0.001_jpg_20.jpg,Multiply Dist.,MDIVL/MDIVL/MD_IVLreference/OCEreferenceMD/metro.png,37.7305
metro_blur_0.001_jpg_10.jpg,/kaggle/working/MDFS/data/MDIVL/extracted/MDIVL/MDIVL/Data_Blur_JPEG/metro_blur_0.001_jpg_10.jpg,Multiply Dist.,MDIVL/MDIVL/MD_IVLreference/OCEreferenceMD/metro.png,30.3593
metro_blur_0.66_jpg_100.jpg,/kaggle/working/MDFS/data/MDIVL/extracted/MDIVL/MDIVL/Data_Blur_JPEG/metro_blur_0.66_jpg_100.jpg,Multiply Dist.,MDIVL/MDIVL/MD_IVLreference/OCEreferenceMD/metro.png,84.6897
metro_blur_0.66_jpg_50.jpg,/kaggle/working/MDFS/data/MDIVL/extracted/MDIVL/MDIVL/Data_Blur_JPEG/metro_blur_0.66_jpg_50.jpg,Multiply Dist.,MDIVL/MDIVL/MD_IVLreference/OCEreferenceMD/metro.png,73.5081
metro_blur_0.66_jpg_30.jpg,/kaggle/working/MDFS/data/MDIVL/extracted/MDIVL/MDIVL/Data_Blur_JPEG/metro_blur_0.66_jpg_30.jpg,Multiply Dist.,MDIVL/MDIVL/MD_IVLreference/OCEreferenceMD/metro.png,55.5983
metro_blur_0.66_jpg_20.jpg,/kaggle/working/MDFS/data/MDIVL/extracted/MDIVL/MDIVL/Data_Blur_JPEG/metro_blur_0.66_jpg_20.jpg,Multiply Dist.,MDIVL/MDIVL/MD_IVLreference/OCEreferenceMD/metro.png,34.5443
metro_blur_0.66_jpg_10.jpg,/kaggle/working/MDFS/data/MDIVL/extracted/MDIVL/MDIVL/Data_Blur_JPEG/metro_blur_0.66_jpg_10.jpg,Multiply Dist.,MDIVL/MDIVL/MD_IVLreference/OCEreferenceMD/metro.png,11.4302
metro_blur_1.33_jpg_100.jpg,/kaggle/working/MDFS/data/MDIVL/extracted/MDIVL/MDIVL/Data_Blur_JPEG/metro_blur_1.33_jpg_100.jpg,Multiply Dist.,MDIVL/MDIVL/MD_IVLreference/OCEreferenceMD/metro.png,74.9311
metro_blur_1.33_jpg_50.jpg,/kaggle/working/MDFS/data/MDIVL/extracted/MDIVL/MDIVL/Data_Blur_JPEG/metro_blur_1.33_jpg_50.jpg,Multiply Dist.,MDIVL/MDIVL/MD_IVLreference/OCEreferenceMD/metro.png,57.5382
metro_blur_1.33_jpg_30.jpg,/kaggle/working/MDFS/data/MDIVL/extracted/MDIVL/MDIVL/Data_Blur_JPEG/metro_blur_1.33_jpg_30.jpg,Multiply Dist.,MDIVL/MDIVL/MD_IVLreference/OCEreferenceMD/metro.png,44.0323
metro_blur_1.33_jpg_20.jpg,/kaggle/working/MDFS/data/MDIVL/extracted/MDIVL/MDIVL/Data_Blur_JPEG/metro_blur_1.33_jpg_20.jpg,Multiply Dist.,MDIVL/MDIVL/MD_IVLreference/OCEreferenceMD/metro.png,47.2693
metro_blur_1.33_jpg_10.jpg,/kaggle/working/MDFS/data/MDIVL/extracted/MDIVL/MDIVL/Data_Blur_JPEG/metro_blur_1.33_jpg_10.jpg,Multiply Dist.,MDIVL/MDIVL/MD_IVLreference/OCEreferenceMD/metro.png,13.4481
metro_blur_2_jpg_100.jpg,/kaggle/working/MDFS/data/MDIVL/extracted/MDIVL/MDIVL/Data_Blur_JPEG/metro_blur_2_jpg_100.jpg,Multiply Dist.,MDIVL/MDIVL/MD_IVLreference/OCEreferenceMD/metro.png,48.9598
metro_blur_2_jpg_50.jpg,/kaggle/working/MDFS/data/MDIVL/extracted/MDIVL/MDIVL/Data_Blur_JPEG/metro_blur_2_jpg_50.jpg,Multiply Dist.,MDIVL/MDIVL/MD_IVLreference/OCEreferenceMD/metro.png,48.7182
metro_blur_2_jpg_30.jpg,/kaggle/working/MDFS/data/MDIVL/extracted/MDIVL/MDIVL/Data_Blur_JPEG/metro_blur_2_jpg_30.jpg,Multiply Dist.,MDIVL/MDIVL/MD_IVLreference/OCEreferenceMD/metro.png,40.2526
metro_blur_2_jpg_20.jpg,/kaggle/working/MDFS/data/MDIVL/extracted/MDIVL/MDIVL/Data_Blur_JPEG/metro_blur_2_jpg_20.jpg,Multiply Dist.,MDIVL/MDIVL/MD_IVLreference/OCEreferenceMD/metro.png,28.9014
metro_blur_2_jpg_10.jpg,/kaggle/working/MDFS/data/MDIVL/extracted/MDIVL/MDIVL/Data_Blur_JPEG/metro_blur_2_jpg_10.jpg,Multiply Dist.,MDIVL/MDIVL/MD_IVLreference/OCEreferenceMD/metro.png,17.4882
metro_blur_2.66_jpg_100.jpg,/kaggle/working/MDFS/data/MDIVL/extracted/MDIVL/MDIVL/Data_Blur_JPEG/metro_blur_2.66_jpg_100.jpg,Multiply Dist.,MDIVL/MDIVL/MD_IVLreference/OCEreferenceMD/metro.png,40.785
metro_blur_2.66_jpg_50.jpg,/kaggle/working/MDFS/data/MDIVL/extracted/MDIVL/MDIVL/Data_Blur_JPEG/metro_blur_2.66_jpg_50.jpg,Multiply Dist.,MDIVL/MDIVL/MD_IVLreference/OCEreferenceMD/metro.png,37.4426
metro_blur_2.66_jpg_30.jpg,/kaggle/working/MDFS/data/MDIVL/extracted/MDIVL/MDIVL/Data_Blur_JPEG/metro_blur_2.66_jpg_30.jpg,Multiply Dist.,MDIVL/MDIVL/MD_IVLreference/OCEreferenceMD/metro.png,27.4851
metro_blur_2.66_jpg_20.jpg,/kaggle/working/MDFS/data/MDIVL/extracted/MDIVL/MDIVL/Data_Blur_JPEG/metro_blur_2.66_jpg_20.jpg,Multiply Dist.,MDIVL/MDIVL/MD_IVLreference/OCEreferenceMD/metro.png,26.3045
metro_blur_2.66_jpg_10.jpg,/kaggle/working/MDFS/data/MDIVL/extracted/MDIVL/MDIVL/Data_Blur_JPEG/metro_blur_2.66_jpg_10.jpg,Multiply Dist.,MDIVL/MDIVL/MD_IVLreference/OCEreferenceMD/metro.png,16.0144
metro_blur_3.33_jpg_100.jpg,/kaggle/working/MDFS/data/MDIVL/extracted/MDIVL/MDIVL/Data_Blur_JPEG/metro_blur_3.33_jpg_100.jpg,Multiply Dist.,MDIVL/MDIVL/MD_IVLreference/OCEreferenceMD/metro.png,39.1536
metro_blur_3.33_jpg_50.jpg,/kaggle/working/MDFS/data/MDIVL/extracted/MDIVL/MDIVL/Data_Blur_JPEG/metro_blur_3.33_jpg_50.jpg,Multiply Dist.,MDIVL/MDIVL/MD_IVLreference/OCEreferenceMD/metro.png,25.918
metro_blur_3.33_jpg_30.jpg,/kaggle/working/MDFS/data/MDIVL/extracted/MDIVL/MDIVL/Data_Blur_JPEG/metro_blur_3.33_jpg_30.jpg,Multiply Dist.,MDIVL/MDIVL/MD_IVLreference/OCEreferenceMD/metro.png,23.9602
metro_blur_3.33_jpg_20.jpg,/kaggle/working/MDFS/data/MDIVL/extracted/MDIVL/MDIVL/Data_Blur_JPEG/metro_blur_3.33_jpg_20.jpg,Multiply Dist.,MDIVL/MDIVL/MD_IVLreference/OCEreferenceMD/metro.png,18.9431
metro_blur_3.33_jpg_10.jpg,/kaggle/working/MDFS/data/MDIVL/extracted/MDIVL/MDIVL/Data_Blur_JPEG/metro_blur_3.33_jpg_10.jpg,Multiply Dist.,MDIVL/MDIVL/MD_IVLreference/OCEreferenceMD/metro.png,7.4108
metro_blur_4_jpg_100.jpg,/kaggle/working/MDFS/data/MDIVL/extracted/MDIVL/MDIVL/Data_Blur_JPEG/metro_blur_4_jpg_100.jpg,Multiply Dist.,MDIVL/MDIVL/MD_IVLreference/OCEreferenceMD/metro.png,27.9643
metro_blur_4_jpg_50.jpg,/kaggle/working/MDFS/data/MDIVL/extracted/MDIVL/MDIVL/Data_Blur_JPEG/metro_blur_4_jpg_50.jpg,Multiply Dist.,MDIVL/MDIVL/MD_IVLreference/OCEreferenceMD/metro.png,28.2002
metro_blur_4_jpg_30.jpg,/kaggle/working/MDFS/data/MDIVL/extracted/MDIVL/MDIVL/Data_Blur_JPEG/metro_blur_4_jpg_30.jpg,Multiply Dist.,MDIVL/MDIVL/MD_IVLreference/OCEreferenceMD/metro.png,22.9729
metro_blur_4_jpg_20.jpg,/kaggle/working/MDFS/data/MDIVL/extracted/MDIVL/MDIVL/Data_Blur_JPEG/metro_blur_4_jpg_20.jpg,Multiply Dist.,MDIVL/MDIVL/MD_IVLreference/OCEreferenceMD/metro.png,19.0046
metro_blur_4_jpg_10.jpg,/kaggle/working/MDFS/data/MDIVL/extracted/MDIVL/MDIVL/Data_Blur_JPEG/metro_blur_4_jpg_10.jpg,Multiply Dist.,MDIVL/MDIVL/MD_IVLreference/OCEreferenceMD/metro.png,10.6571
mountain_blur_0.001_jpg_100.jpg,/kaggle/working/MDFS/data/MDIVL/extracted/MDIVL/MDIVL/Data_Blur_JPEG/mountain_blur_0.001_jpg_100.jpg,Multiply Dist.,MDIVL/MDIVL/MD_IVLreference/OCEreferenceMD/mountain.png,94.6987
mountain_blur_0.001_jpg_50.jpg,/kaggle/working/MDFS/data/MDIVL/extracted/MDIVL/MDIVL/Data_Blur_JPEG/mountain_blur_0.001_jpg_50.jpg,Multiply Dist.,MDIVL/MDIVL/MD_IVLreference/OCEreferenceMD/mountain.png,89.7108
mountain_blur_0.001_jpg_30.jpg,/kaggle/working/MDFS/data/MDIVL/extracted/MDIVL/MDIVL/Data_Blur_JPEG/mountain_blur_0.001_jpg_30.jpg,Multiply Dist.,MDIVL/MDIVL/MD_IVLreference/OCEreferenceMD/mountain.png,65.4215
mountain_blur_0.001_jpg_20.jpg,/kaggle/working/MDFS/data/MDIVL/extracted/MDIVL/MDIVL/Data_Blur_JPEG/mountain_blur_0.001_jpg_20.jpg,Multiply Dist.,MDIVL/MDIVL/MD_IVLreference/OCEreferenceMD/mountain.png,46.4658
mountain_blur_0.001_jpg_10.jpg,/kaggle/working/MDFS/data/MDIVL/extracted/MDIVL/MDIVL/Data_Blur_JPEG/mountain_blur_0.001_jpg_10.jpg,Multiply Dist.,MDIVL/MDIVL/MD_IVLreference/OCEreferenceMD/mountain.png,24.0574
mountain_blur_0.66_jpg_100.jpg,/kaggle/working/MDFS/data/MDIVL/extracted/MDIVL/MDIVL/Data_Blur_JPEG/mountain_blur_0.66_jpg_100.jpg,Multiply Dist.,MDIVL/MDIVL/MD_IVLreference/OCEreferenceMD/mountain.png,87.3094
mountain_blur_0.66_jpg_50.jpg,/kaggle/working/MDFS/data/MDIVL/extracted/MDIVL/MDIVL/Data_Blur_JPEG/mountain_blur_0.66_jpg_50.jpg,Multiply Dist.,MDIVL/MDIVL/MD_IVLreference/OCEreferenceMD/mountain.png,79.6717
mountain_blur_0.66_jpg_30.jpg,/kaggle/working/MDFS/data/MDIVL/extracted/MDIVL/MDIVL/Data_Blur_JPEG/mountain_blur_0.66_jpg_30.jpg,Multiply Dist.,MDIVL/MDIVL/MD_IVLreference/OCEreferenceMD/mountain.png,76.3188
mountain_blur_0.66_jpg_20.jpg,/kaggle/working/MDFS/data/MDIVL/extracted/MDIVL/MDIVL/Data_Blur_JPEG/mountain_blur_0.66_jpg_20.jpg,Multiply Dist.,MDIVL/MDIVL/MD_IVLreference/OCEreferenceMD/mountain.png,54.0201
mountain_blur_0.66_jpg_10.jpg,/kaggle/working/MDFS/data/MDIVL/extracted/MDIVL/MDIVL/Data_Blur_JPEG/mountain_blur_0.66_jpg_10.jpg,Multiply Dist.,MDIVL/MDIVL/MD_IVLreference/OCEreferenceMD/mountain.png,17.0872
mountain_blur_1.33_jpg_100.jpg,/kaggle/working/MDFS/data/MDIVL/extracted/MDIVL/MDIVL/Data_Blur_JPEG/mountain_blur_1.33_jpg_100.jpg,Multiply Dist.,MDIVL/MDIVL/MD_IVLreference/OCEreferenceMD/mountain.png,64.1755
mountain_blur_1.33_jpg_50.jpg,/kaggle/working/MDFS/data/MDIVL/extracted/MDIVL/MDIVL/Data_Blur_JPEG/mountain_blur_1.33_jpg_50.jpg,Multiply Dist.,MDIVL/MDIVL/MD_IVLreference/OCEreferenceMD/mountain.png,59.5908
mountain_blur_1.33_jpg_30.jpg,/kaggle/working/MDFS/data/MDIVL/extracted/MDIVL/MDIVL/Data_Blur_JPEG/mountain_blur_1.33_jpg_30.jpg,Multiply Dist.,MDIVL/MDIVL/MD_IVLreference/OCEreferenceMD/mountain.png,46.4584
mountain_blur_1.33_jpg_20.jpg,/kaggle/working/MDFS/data/MDIVL/extracted/MDIVL/MDIVL/Data_Blur_JPEG/mountain_blur_1.33_jpg_20.jpg,Multiply Dist.,MDIVL/MDIVL/MD_IVLreference/OCEreferenceMD/mountain.png,33.3898
mountain_blur_1.33_jpg_10.jpg,/kaggle/working/MDFS/data/MDIVL/extracted/MDIVL/MDIVL/Data_Blur_JPEG/mountain_blur_1.33_jpg_10.jpg,Multiply Dist.,MDIVL/MDIVL/MD_IVLreference/OCEreferenceMD/mountain.png,24.388
mountain_blur_2_jpg_100.jpg,/kaggle/working/MDFS/data/MDIVL/extracted/MDIVL/MDIVL/Data_Blur_JPEG/mountain_blur_2_jpg_100.jpg,Multiply Dist.,MDIVL/MDIVL/MD_IVLreference/OCEreferenceMD/mountain.png,43.7539
mountain_blur_2_jpg_50.jpg,/kaggle/working/MDFS/data/MDIVL/extracted/MDIVL/MDIVL/Data_Blur_JPEG/mountain_blur_2_jpg_50.jpg,Multiply Dist.,MDIVL/MDIVL/MD_IVLreference/OCEreferenceMD/mountain.png,37.5165
mountain_blur_2_jpg_30.jpg,/kaggle/working/MDFS/data/MDIVL/extracted/MDIVL/MDIVL/Data_Blur_JPEG/mountain_blur_2_jpg_30.jpg,Multiply Dist.,MDIVL/MDIVL/MD_IVLreference/OCEreferenceMD/mountain.png,32.5248
mountain_blur_2_jpg_20.jpg,/kaggle/working/MDFS/data/MDIVL/extracted/MDIVL/MDIVL/Data_Blur_JPEG/mountain_blur_2_jpg_20.jpg,Multiply Dist.,MDIVL/MDIVL/MD_IVLreference/OCEreferenceMD/mountain.png,21.9539
mountain_blur_2_jpg_10.jpg,/kaggle/working/MDFS/data/MDIVL/extracted/MDIVL/MDIVL/Data_Blur_JPEG/mountain_blur_2_jpg_10.jpg,Multiply Dist.,MDIVL/MDIVL/MD_IVLreference/OCEreferenceMD/mountain.png,8.3261
mountain_blur_2.66_jpg_100.jpg,/kaggle/working/MDFS/data/MDIVL/extracted/MDIVL/MDIVL/Data_Blur_JPEG/mountain_blur_2.66_jpg_100.jpg,Multiply Dist.,MDIVL/MDIVL/MD_IVLreference/OCEreferenceMD/mountain.png,28.0216
mountain_blur_2.66_jpg_50.jpg,/kaggle/working/MDFS/data/MDIVL/extracted/MDIVL/MDIVL/Data_Blur_JPEG/mountain_blur_2.66_jpg_50.jpg,Multiply Dist.,MDIVL/MDIVL/MD_IVLreference/OCEreferenceMD/mountain.png,24.1465
mountain_blur_2.66_jpg_30.jpg,/kaggle/working/MDFS/data/MDIVL/extracted/MDIVL/MDIVL/Data_Blur_JPEG/mountain_blur_2.66_jpg_30.jpg,Multiply Dist.,MDIVL/MDIVL/MD_IVLreference/OCEreferenceMD/mountain.png,25.6805
mountain_blur_2.66_jpg_20.jpg,/kaggle/working/MDFS/data/MDIVL/extracted/MDIVL/MDIVL/Data_Blur_JPEG/mountain_blur_2.66_jpg_20.jpg,Multiply Dist.,MDIVL/MDIVL/MD_IVLreference/OCEreferenceMD/mountain.png,19.1217
mountain_blur_2.66_jpg_10.jpg,/kaggle/working/MDFS/data/MDIVL/extracted/MDIVL/MDIVL/Data_Blur_JPEG/mountain_blur_2.66_jpg_10.jpg,Multiply Dist.,MDIVL/MDIVL/MD_IVLreference/OCEreferenceMD/mountain.png,8.1345
mountain_blur_3.33_jpg_100.jpg,/kaggle/working/MDFS/data/MDIVL/extracted/MDIVL/MDIVL/Data_Blur_JPEG/mountain_blur_3.33_jpg_100.jpg,Multiply Dist.,MDIVL/MDIVL/MD_IVLreference/OCEreferenceMD/mountain.png,17.9889
mountain_blur_3.33_jpg_50.jpg,/kaggle/working/MDFS/data/MDIVL/extracted/MDIVL/MDIVL/Data_Blur_JPEG/mountain_blur_3.33_jpg_50.jpg,Multiply Dist.,MDIVL/MDIVL/MD_IVLreference/OCEreferenceMD/mountain.png,24.4451
mountain_blur_3.33_jpg_30.jpg,/kaggle/working/MDFS/data/MDIVL/extracted/MDIVL/MDIVL/Data_Blur_JPEG/mountain_blur_3.33_jpg_30.jpg,Multiply Dist.,MDIVL/MDIVL/MD_IVLreference/OCEreferenceMD/mountain.png,20.2648
mountain_blur_3.33_jpg_20.jpg,/kaggle/working/MDFS/data/MDIVL/extracted/MDIVL/MDIVL/Data_Blur_JPEG/mountain_blur_3.33_jpg_20.jpg,Multiply Dist.,MDIVL/MDIVL/MD_IVLreference/OCEreferenceMD/mountain.png,15.2634
mountain_blur_3.33_jpg_10.jpg,/kaggle/working/MDFS/data/MDIVL/extracted/MDIVL/MDIVL/Data_Blur_JPEG/mountain_blur_3.33_jpg_10.jpg,Multiply Dist.,MDIVL/MDIVL/MD_IVLreference/OCEreferenceMD/mountain.png,10.202
mountain_blur_4_jpg_100.jpg,/kaggle/working/MDFS/data/MDIVL/extracted/MDIVL/MDIVL/Data_Blur_JPEG/mountain_blur_4_jpg_100.jpg,Multiply Dist.,MDIVL/MDIVL/MD_IVLreference/OCEreferenceMD/mountain.png,14.8458
mountain_blur_4_jpg_50.jpg,/kaggle/working/MDFS/data/MDIVL/extracted/MDIVL/MDIVL/Data_Blur_JPEG/mountain_blur_4_jpg_50.jpg,Multiply Dist.,MDIVL/MDIVL/MD_IVLreference/OCEreferenceMD/mountain.png,14.3902
mountain_blur_4_jpg_30.jpg,/kaggle/working/MDFS/data/MDIVL/extracted/MDIVL/MDIVL/Data_Blur_JPEG/mountain_blur_4_jpg_30.jpg,Multiply Dist.,MDIVL/MDIVL/MD_IVLreference/OCEreferenceMD/mountain.png,16.1816
mountain_blur_4_jpg_20.jpg,/kaggle/working/MDFS/data/MDIVL/extracted/MDIVL/MDIVL/Data_Blur_JPEG/mountain_blur_4_jpg_20.jpg,Multiply Dist.,MDIVL/MDIVL/MD_IVLreference/OCEreferenceMD/mountain.png,14.2993
mountain_blur_4_jpg_10.jpg,/kaggle/working/MDFS/data/MDIVL/extracted/MDIVL/MDIVL/Data_Blur_JPEG/mountain_blur_4_jpg_10.jpg,Multiply Dist.,MDIVL/MDIVL/MD_IVLreference/OCEreferenceMD/mountain.png,2.2634
snow_blur_0.001_jpg_100.jpg,/kaggle/working/MDFS/data/MDIVL/extracted/MDIVL/MDIVL/Data_Blur_JPEG/snow_blur_0.001_jpg_100.jpg,Multiply Dist.,MDIVL/MDIVL/MD_IVLreference/OCEreferenceMD/snow.png,96.0861
snow_blur_0.001_jpg_50.jpg,/kaggle/working/MDFS/data/MDIVL/extracted/MDIVL/MDIVL/Data_Blur_JPEG/snow_blur_0.001_jpg_50.jpg,Multiply Dist.,MDIVL/MDIVL/MD_IVLreference/OCEreferenceMD/snow.png,90.1178
snow_blur_0.001_jpg_30.jpg,/kaggle/working/MDFS/data/MDIVL/extracted/MDIVL/MDIVL/Data_Blur_JPEG/snow_blur_0.001_jpg_30.jpg,Multiply Dist.,MDIVL/MDIVL/MD_IVLreference/OCEreferenceMD/snow.png,79.7047
snow_blur_0.001_jpg_20.jpg,/kaggle/working/MDFS/data/MDIVL/extracted/MDIVL/MDIVL/Data_Blur_JPEG/snow_blur_0.001_jpg_20.jpg,Multiply Dist.,MDIVL/MDIVL/MD_IVLreference/OCEreferenceMD/snow.png,57.1169
snow_blur_0.001_jpg_10.jpg,/kaggle/working/MDFS/data/MDIVL/extracted/MDIVL/MDIVL/Data_Blur_JPEG/snow_blur_0.001_jpg_10.jpg,Multiply Dist.,MDIVL/MDIVL/MD_IVLreference/OCEreferenceMD/snow.png,33.0176
snow_blur_0.66_jpg_100.jpg,/kaggle/working/MDFS/data/MDIVL/extracted/MDIVL/MDIVL/Data_Blur_JPEG/snow_blur_0.66_jpg_100.jpg,Multiply Dist.,MDIVL/MDIVL/MD_IVLreference/OCEreferenceMD/snow.png,93.8361
snow_blur_0.66_jpg_50.jpg,/kaggle/working/MDFS/data/MDIVL/extracted/MDIVL/MDIVL/Data_Blur_JPEG/snow_blur_0.66_jpg_50.jpg,Multiply Dist.,MDIVL/MDIVL/MD_IVLreference/OCEreferenceMD/snow.png,81.9711
snow_blur_0.66_jpg_30.jpg,/kaggle/working/MDFS/data/MDIVL/extracted/MDIVL/MDIVL/Data_Blur_JPEG/snow_blur_0.66_jpg_30.jpg,Multiply Dist.,MDIVL/MDIVL/MD_IVLreference/OCEreferenceMD/snow.png,72.0796
snow_blur_0.66_jpg_20.jpg,/kaggle/working/MDFS/data/MDIVL/extracted/MDIVL/MDIVL/Data_Blur_JPEG/snow_blur_0.66_jpg_20.jpg,Multiply Dist.,MDIVL/MDIVL/MD_IVLreference/OCEreferenceMD/snow.png,54.8917
snow_blur_0.66_jpg_10.jpg,/kaggle/working/MDFS/data/MDIVL/extracted/MDIVL/MDIVL/Data_Blur_JPEG/snow_blur_0.66_jpg_10.jpg,Multiply Dist.,MDIVL/MDIVL/MD_IVLreference/OCEreferenceMD/snow.png,18.8893
snow_blur_1.33_jpg_100.jpg,/kaggle/working/MDFS/data/MDIVL/extracted/MDIVL/MDIVL/Data_Blur_JPEG/snow_blur_1.33_jpg_100.jpg,Multiply Dist.,MDIVL/MDIVL/MD_IVLreference/OCEreferenceMD/snow.png,60.9606
snow_blur_1.33_jpg_50.jpg,/kaggle/working/MDFS/data/MDIVL/extracted/MDIVL/MDIVL/Data_Blur_JPEG/snow_blur_1.33_jpg_50.jpg,Multiply Dist.,MDIVL/MDIVL/MD_IVLreference/OCEreferenceMD/snow.png,58.2941
snow_blur_1.33_jpg_30.jpg,/kaggle/working/MDFS/data/MDIVL/extracted/MDIVL/MDIVL/Data_Blur_JPEG/snow_blur_1.33_jpg_30.jpg,Multiply Dist.,MDIVL/MDIVL/MD_IVLreference/OCEreferenceMD/snow.png,58.8186
snow_blur_1.33_jpg_20.jpg,/kaggle/working/MDFS/data/MDIVL/extracted/MDIVL/MDIVL/Data_Blur_JPEG/snow_blur_1.33_jpg_20.jpg,Multiply Dist.,MDIVL/MDIVL/MD_IVLreference/OCEreferenceMD/snow.png,39.1988
snow_blur_1.33_jpg_10.jpg,/kaggle/working/MDFS/data/MDIVL/extracted/MDIVL/MDIVL/Data_Blur_JPEG/snow_blur_1.33_jpg_10.jpg,Multiply Dist.,MDIVL/MDIVL/MD_IVLreference/OCEreferenceMD/snow.png,28.2804
snow_blur_2_jpg_100.jpg,/kaggle/working/MDFS/data/MDIVL/extracted/MDIVL/MDIVL/Data_Blur_JPEG/snow_blur_2_jpg_100.jpg,Multiply Dist.,MDIVL/MDIVL/MD_IVLreference/OCEreferenceMD/snow.png,37.367
snow_blur_2_jpg_50.jpg,/kaggle/working/MDFS/data/MDIVL/extracted/MDIVL/MDIVL/Data_Blur_JPEG/snow_blur_2_jpg_50.jpg,Multiply Dist.,MDIVL/MDIVL/MD_IVLreference/OCEreferenceMD/snow.png,30.6011
snow_blur_2_jpg_30.jpg,/kaggle/working/MDFS/data/MDIVL/extracted/MDIVL/MDIVL/Data_Blur_JPEG/snow_blur_2_jpg_30.jpg,Multiply Dist.,MDIVL/MDIVL/MD_IVLreference/OCEreferenceMD/snow.png,39.3273
snow_blur_2_jpg_20.jpg,/kaggle/working/MDFS/data/MDIVL/extracted/MDIVL/MDIVL/Data_Blur_JPEG/snow_blur_2_jpg_20.jpg,Multiply Dist.,MDIVL/MDIVL/MD_IVLreference/OCEreferenceMD/snow.png,40.306
snow_blur_2_jpg_10.jpg,/kaggle/working/MDFS/data/MDIVL/extracted/MDIVL/MDIVL/Data_Blur_JPEG/snow_blur_2_jpg_10.jpg,Multiply Dist.,MDIVL/MDIVL/MD_IVLreference/OCEreferenceMD/snow.png,15.3261
snow_blur_2.66_jpg_100.jpg,/kaggle/working/MDFS/data/MDIVL/extracted/MDIVL/MDIVL/Data_Blur_JPEG/snow_blur_2.66_jpg_100.jpg,Multiply Dist.,MDIVL/MDIVL/MD_IVLreference/OCEreferenceMD/snow.png,31.6557
snow_blur_2.66_jpg_50.jpg,/kaggle/working/MDFS/data/MDIVL/extracted/MDIVL/MDIVL/Data_Blur_JPEG/snow_blur_2.66_jpg_50.jpg,Multiply Dist.,MDIVL/MDIVL/MD_IVLreference/OCEreferenceMD/snow.png,36.0888
snow_blur_2.66_jpg_30.jpg,/kaggle/working/MDFS/data/MDIVL/extracted/MDIVL/MDIVL/Data_Blur_JPEG/snow_blur_2.66_jpg_30.jpg,Multiply Dist.,MDIVL/MDIVL/MD_IVLreference/OCEreferenceMD/snow.png,42.8162
snow_blur_2.66_jpg_20.jpg,/kaggle/working/MDFS/data/MDIVL/extracted/MDIVL/MDIVL/Data_Blur_JPEG/snow_blur_2.66_jpg_20.jpg,Multiply Dist.,MDIVL/MDIVL/MD_IVLreference/OCEreferenceMD/snow.png,24.7442
snow_blur_2.66_jpg_10.jpg,/kaggle/working/MDFS/data/MDIVL/extracted/MDIVL/MDIVL/Data_Blur_JPEG/snow_blur_2.66_jpg_10.jpg,Multiply Dist.,MDIVL/MDIVL/MD_IVLreference/OCEreferenceMD/snow.png,16.6746
snow_blur_3.33_jpg_100.jpg,/kaggle/working/MDFS/data/MDIVL/extracted/MDIVL/MDIVL/Data_Blur_JPEG/snow_blur_3.33_jpg_100.jpg,Multiply Dist.,MDIVL/MDIVL/MD_IVLreference/OCEreferenceMD/snow.png,19.7505
snow_blur_3.33_jpg_50.jpg,/kaggle/working/MDFS/data/MDIVL/extracted/MDIVL/MDIVL/Data_Blur_JPEG/snow_blur_3.33_jpg_50.jpg,Multiply Dist.,MDIVL/MDIVL/MD_IVLreference/OCEreferenceMD/snow.png,23.7397
snow_blur_3.33_jpg_30.jpg,/kaggle/working/MDFS/data/MDIVL/extracted/MDIVL/MDIVL/Data_Blur_JPEG/snow_blur_3.33_jpg_30.jpg,Multiply Dist.,MDIVL/MDIVL/MD_IVLreference/OCEreferenceMD/snow.png,24.9638
snow_blur_3.33_jpg_20.jpg,/kaggle/working/MDFS/data/MDIVL/extracted/MDIVL/MDIVL/Data_Blur_JPEG/snow_blur_3.33_jpg_20.jpg,Multiply Dist.,MDIVL/MDIVL/MD_IVLreference/OCEreferenceMD/snow.png,19.912
snow_blur_3.33_jpg_10.jpg,/kaggle/working/MDFS/data/MDIVL/extracted/MDIVL/MDIVL/Data_Blur_JPEG/snow_blur_3.33_jpg_10.jpg,Multiply Dist.,MDIVL/MDIVL/MD_IVLreference/OCEreferenceMD/snow.png,9.4945
snow_blur_4_jpg_100.jpg,/kaggle/working/MDFS/data/MDIVL/extracted/MDIVL/MDIVL/Data_Blur_JPEG/snow_blur_4_jpg_100.jpg,Multiply Dist.,MDIVL/MDIVL/MD_IVLreference/OCEreferenceMD/snow.png,17.2783
snow_blur_4_jpg_50.jpg,/kaggle/working/MDFS/data/MDIVL/extracted/MDIVL/MDIVL/Data_Blur_JPEG/snow_blur_4_jpg_50.jpg,Multiply Dist.,MDIVL/MDIVL/MD_IVLreference/OCEreferenceMD/snow.png,17.0184
snow_blur_4_jpg_30.jpg,/kaggle/working/MDFS/data/MDIVL/extracted/MDIVL/MDIVL/Data_Blur_JPEG/snow_blur_4_jpg_30.jpg,Multiply Dist.,MDIVL/MDIVL/MD_IVLreference/OCEreferenceMD/snow.png,17.1172
snow_blur_4_jpg_20.jpg,/kaggle/working/MDFS/data/MDIVL/extracted/MDIVL/MDIVL/Data_Blur_JPEG/snow_blur_4_jpg_20.jpg,Multiply Dist.,MDIVL/MDIVL/MD_IVLreference/OCEreferenceMD/snow.png,18.2942
snow_blur_4_jpg_10.jpg,/kaggle/working/MDFS/data/MDIVL/extracted/MDIVL/MDIVL/Data_Blur_JPEG/snow_blur_4_jpg_10.jpg,Multiply Dist.,MDIVL/MDIVL/MD_IVLreference/OCEreferenceMD/snow.png,7.2461
baby_noise_1_jpg_100.jpg,/kaggle/working/MDFS/data/MDIVL/extracted/MDIVL/MDIVL/Data_Noise_JPEG/baby_noise_1_jpg_100.jpg,Multiply Dist.,MDIVL/MDIVL/MD_IVLreference/OCEreferenceMD/baby.png,95.4916
baby_noise_1_jpg_50.jpg,/kaggle/working/MDFS/data/MDIVL/extracted/MDIVL/MDIVL/Data_Noise_JPEG/baby_noise_1_jpg_50.jpg,Multiply Dist.,MDIVL/MDIVL/MD_IVLreference/OCEreferenceMD/baby.png,78.9218
baby_noise_1_jpg_30.jpg,/kaggle/working/MDFS/data/MDIVL/extracted/MDIVL/MDIVL/Data_Noise_JPEG/baby_noise_1_jpg_30.jpg,Multiply Dist.,MDIVL/MDIVL/MD_IVLreference/OCEreferenceMD/baby.png,57.6525
baby_noise_1_jpg_10.jpg,/kaggle/working/MDFS/data/MDIVL/extracted/MDIVL/MDIVL/Data_Noise_JPEG/baby_noise_1_jpg_10.jpg,Multiply Dist.,MDIVL/MDIVL/MD_IVLreference/OCEreferenceMD/baby.png,8.7065
baby_noise_2_jpg_100.jpg,/kaggle/working/MDFS/data/MDIVL/extracted/MDIVL/MDIVL/Data_Noise_JPEG/baby_noise_2_jpg_100.jpg,Multiply Dist.,MDIVL/MDIVL/MD_IVLreference/OCEreferenceMD/baby.png,94.3584
baby_noise_2_jpg_50.jpg,/kaggle/working/MDFS/data/MDIVL/extracted/MDIVL/MDIVL/Data_Noise_JPEG/baby_noise_2_jpg_50.jpg,Multiply Dist.,MDIVL/MDIVL/MD_IVLreference/OCEreferenceMD/baby.png,82.5519
baby_noise_2_jpg_30.jpg,/kaggle/working/MDFS/data/MDIVL/extracted/MDIVL/MDIVL/Data_Noise_JPEG/baby_noise_2_jpg_30.jpg,Multiply Dist.,MDIVL/MDIVL/MD_IVLreference/OCEreferenceMD/baby.png,68.208
baby_noise_2_jpg_10.jpg,/kaggle/working/MDFS/data/MDIVL/extracted/MDIVL/MDIVL/Data_Noise_JPEG/baby_noise_2_jpg_10.jpg,Multiply Dist.,MDIVL/MDIVL/MD_IVLreference/OCEreferenceMD/baby.png,8.0194
baby_noise_3_jpg_100.jpg,/kaggle/working/MDFS/data/MDIVL/extracted/MDIVL/MDIVL/Data_Noise_JPEG/baby_noise_3_jpg_100.jpg,Multiply Dist.,MDIVL/MDIVL/MD_IVLreference/OCEreferenceMD/baby.png,80.9275
baby_noise_3_jpg_50.jpg,/kaggle/working/MDFS/data/MDIVL/extracted/MDIVL/MDIVL/Data_Noise_JPEG/baby_noise_3_jpg_50.jpg,Multiply Dist.,MDIVL/MDIVL/MD_IVLreference/OCEreferenceMD/baby.png,66.8644
baby_noise_3_jpg_30.jpg,/kaggle/working/MDFS/data/MDIVL/extracted/MDIVL/MDIVL/Data_Noise_JPEG/baby_noise_3_jpg_30.jpg,Multiply Dist.,MDIVL/MDIVL/MD_IVLreference/OCEreferenceMD/baby.png,57.4441
baby_noise_3_jpg_10.jpg,/kaggle/working/MDFS/data/MDIVL/extracted/MDIVL/MDIVL/Data_Noise_JPEG/baby_noise_3_jpg_10.jpg,Multiply Dist.,MDIVL/MDIVL/MD_IVLreference/OCEreferenceMD/baby.png,5.9587
baby_noise_4_jpg_100.jpg,/kaggle/working/MDFS/data/MDIVL/extracted/MDIVL/MDIVL/Data_Noise_JPEG/baby_noise_4_jpg_100.jpg,Multiply Dist.,MDIVL/MDIVL/MD_IVLreference/OCEreferenceMD/baby.png,72.4134
baby_noise_4_jpg_50.jpg,/kaggle/working/MDFS/data/MDIVL/extracted/MDIVL/MDIVL/Data_Noise_JPEG/baby_noise_4_jpg_50.jpg,Multiply Dist.,MDIVL/MDIVL/MD_IVLreference/OCEreferenceMD/baby.png,74.6128
baby_noise_4_jpg_30.jpg,/kaggle/working/MDFS/data/MDIVL/extracted/MDIVL/MDIVL/Data_Noise_JPEG/baby_noise_4_jpg_30.jpg,Multiply Dist.,MDIVL/MDIVL/MD_IVLreference/OCEreferenceMD/baby.png,50.2269
baby_noise_4_jpg_10.jpg,/kaggle/working/MDFS/data/MDIVL/extracted/MDIVL/MDIVL/Data_Noise_JPEG/baby_noise_4_jpg_10.jpg,Multiply Dist.,MDIVL/MDIVL/MD_IVLreference/OCEreferenceMD/baby.png,21.35
baby_noise_5_jpg_100.jpg,/kaggle/working/MDFS/data/MDIVL/extracted/MDIVL/MDIVL/Data_Noise_JPEG/baby_noise_5_jpg_100.jpg,Multiply Dist.,MDIVL/MDIVL/MD_IVLreference/OCEreferenceMD/baby.png,59.8321
baby_noise_5_jpg_50.jpg,/kaggle/working/MDFS/data/MDIVL/extracted/MDIVL/MDIVL/Data_Noise_JPEG/baby_noise_5_jpg_50.jpg,Multiply Dist.,MDIVL/MDIVL/MD_IVLreference/OCEreferenceMD/baby.png,57.0163
baby_noise_5_jpg_30.jpg,/kaggle/working/MDFS/data/MDIVL/extracted/MDIVL/MDIVL/Data_Noise_JPEG/baby_noise_5_jpg_30.jpg,Multiply Dist.,MDIVL/MDIVL/MD_IVLreference/OCEreferenceMD/baby.png,40.1076
baby_noise_5_jpg_10.jpg,/kaggle/working/MDFS/data/MDIVL/extracted/MDIVL/MDIVL/Data_Noise_JPEG/baby_noise_5_jpg_10.jpg,Multiply Dist.,MDIVL/MDIVL/MD_IVLreference/OCEreferenceMD/baby.png,15.3864
baby_noise_6_jpg_100.jpg,/kaggle/working/MDFS/data/MDIVL/extracted/MDIVL/MDIVL/Data_Noise_JPEG/baby_noise_6_jpg_100.jpg,Multiply Dist.,MDIVL/MDIVL/MD_IVLreference/OCEreferenceMD/baby.png,44.9765
baby_noise_6_jpg_50.jpg,/kaggle/working/MDFS/data/MDIVL/extracted/MDIVL/MDIVL/Data_Noise_JPEG/baby_noise_6_jpg_50.jpg,Multiply Dist.,MDIVL/MDIVL/MD_IVLreference/OCEreferenceMD/baby.png,47.0149
baby_noise_6_jpg_30.jpg,/kaggle/working/MDFS/data/MDIVL/extracted/MDIVL/MDIVL/Data_Noise_JPEG/baby_noise_6_jpg_30.jpg,Multiply Dist.,MDIVL/MDIVL/MD_IVLreference/OCEreferenceMD/baby.png,46.3176
baby_noise_6_jpg_10.jpg,/kaggle/working/MDFS/data/MDIVL/extracted/MDIVL/MDIVL/Data_Noise_JPEG/baby_noise_6_jpg_10.jpg,Multiply Dist.,MDIVL/MDIVL/MD_IVLreference/OCEreferenceMD/baby.png,9.4128
baby_noise_8_jpg_100.jpg,/kaggle/working/MDFS/data/MDIVL/extracted/MDIVL/MDIVL/Data_Noise_JPEG/baby_noise_8_jpg_100.jpg,Multiply Dist.,MDIVL/MDIVL/MD_IVLreference/OCEreferenceMD/baby.png,41.5563
baby_noise_8_jpg_50.jpg,/kaggle/working/MDFS/data/MDIVL/extracted/MDIVL/MDIVL/Data_Noise_JPEG/baby_noise_8_jpg_50.jpg,Multiply Dist.,MDIVL/MDIVL/MD_IVLreference/OCEreferenceMD/baby.png,35.6045
baby_noise_8_jpg_30.jpg,/kaggle/working/MDFS/data/MDIVL/extracted/MDIVL/MDIVL/Data_Noise_JPEG/baby_noise_8_jpg_30.jpg,Multiply Dist.,MDIVL/MDIVL/MD_IVLreference/OCEreferenceMD/baby.png,32.6536
baby_noise_8_jpg_10.jpg,/kaggle/working/MDFS/data/MDIVL/extracted/MDIVL/MDIVL/Data_Noise_JPEG/baby_noise_8_jpg_10.jpg,Multiply Dist.,MDIVL/MDIVL/MD_IVLreference/OCEreferenceMD/baby.png,8.9813
baby_noise_10_jpg_100.jpg,/kaggle/working/MDFS/data/MDIVL/extracted/MDIVL/MDIVL/Data_Noise_JPEG/baby_noise_10_jpg_100.jpg,Multiply Dist.,MDIVL/MDIVL/MD_IVLreference/OCEreferenceMD/baby.png,36.3554
baby_noise_10_jpg_50.jpg,/kaggle/working/MDFS/data/MDIVL/extracted/MDIVL/MDIVL/Data_Noise_JPEG/baby_noise_10_jpg_50.jpg,Multiply Dist.,MDIVL/MDIVL/MD_IVLreference/OCEreferenceMD/baby.png,27.4404
baby_noise_10_jpg_30.jpg,/kaggle/working/MDFS/data/MDIVL/extracted/MDIVL/MDIVL/Data_Noise_JPEG/baby_noise_10_jpg_30.jpg,Multiply Dist.,MDIVL/MDIVL/MD_IVLreference/OCEreferenceMD/baby.png,28.5806
baby_noise_10_jpg_10.jpg,/kaggle/working/MDFS/data/MDIVL/extracted/MDIVL/MDIVL/Data_Noise_JPEG/baby_noise_10_jpg_10.jpg,Multiply Dist.,MDIVL/MDIVL/MD_IVLreference/OCEreferenceMD/baby.png,8.2909
baby_noise_12_jpg_100.jpg,/kaggle/working/MDFS/data/MDIVL/extracted/MDIVL/MDIVL/Data_Noise_JPEG/baby_noise_12_jpg_100.jpg,Multiply Dist.,MDIVL/MDIVL/MD_IVLreference/OCEreferenceMD/baby.png,33.7822
baby_noise_12_jpg_50.jpg,/kaggle/working/MDFS/data/MDIVL/extracted/MDIVL/MDIVL/Data_Noise_JPEG/baby_noise_12_jpg_50.jpg,Multiply Dist.,MDIVL/MDIVL/MD_IVLreference/OCEreferenceMD/baby.png,20.7609
baby_noise_12_jpg_30.jpg,/kaggle/working/MDFS/data/MDIVL/extracted/MDIVL/MDIVL/Data_Noise_JPEG/baby_noise_12_jpg_30.jpg,Multiply Dist.,MDIVL/MDIVL/MD_IVLreference/OCEreferenceMD/baby.png,26.4697
baby_noise_12_jpg_10.jpg,/kaggle/working/MDFS/data/MDIVL/extracted/MDIVL/MDIVL/Data_Noise_JPEG/baby_noise_12_jpg_10.jpg,Multiply Dist.,MDIVL/MDIVL/MD_IVLreference/OCEreferenceMD/baby.png,5.4013
baby_noise_14_jpg_100.jpg,/kaggle/working/MDFS/data/MDIVL/extracted/MDIVL/MDIVL/Data_Noise_JPEG/baby_noise_14_jpg_100.jpg,Multiply Dist.,MDIVL/MDIVL/MD_IVLreference/OCEreferenceMD/baby.png,26.1124
baby_noise_14_jpg_50.jpg,/kaggle/working/MDFS/data/MDIVL/extracted/MDIVL/MDIVL/Data_Noise_JPEG/baby_noise_14_jpg_50.jpg,Multiply Dist.,MDIVL/MDIVL/MD_IVLreference/OCEreferenceMD/baby.png,18.6604
baby_noise_14_jpg_30.jpg,/kaggle/working/MDFS/data/MDIVL/extracted/MDIVL/MDIVL/Data_Noise_JPEG/baby_noise_14_jpg_30.jpg,Multiply Dist.,MDIVL/MDIVL/MD_IVLreference/OCEreferenceMD/baby.png,20.2145
baby_noise_14_jpg_10.jpg,/kaggle/working/MDFS/data/MDIVL/extracted/MDIVL/MDIVL/Data_Noise_JPEG/baby_noise_14_jpg_10.jpg,Multiply Dist.,MDIVL/MDIVL/MD_IVLreference/OCEreferenceMD/baby.png,19.7783
bus_noise_1_jpg_100.jpg,/kaggle/working/MDFS/data/MDIVL/extracted/MDIVL/MDIVL/Data_Noise_JPEG/bus_noise_1_jpg_100.jpg,Multiply Dist.,MDIVL/MDIVL/MD_IVLreference/OCEreferenceMD/bus.png,86.2164
bus_noise_1_jpg_50.jpg,/kaggle/working/MDFS/data/MDIVL/extracted/MDIVL/MDIVL/Data_Noise_JPEG/bus_noise_1_jpg_50.jpg,Multiply Dist.,MDIVL/MDIVL/MD_IVLreference/OCEreferenceMD/bus.png,83.1667
bus_noise_1_jpg_30.jpg,/kaggle/working/MDFS/data/MDIVL/extracted/MDIVL/MDIVL/Data_Noise_JPEG/bus_noise_1_jpg_30.jpg,Multiply Dist.,MDIVL/MDIVL/MD_IVLreference/OCEreferenceMD/bus.png,69.6393
bus_noise_1_jpg_10.jpg,/kaggle/working/MDFS/data/MDIVL/extracted/MDIVL/MDIVL/Data_Noise_JPEG/bus_noise_1_jpg_10.jpg,Multiply Dist.,MDIVL/MDIVL/MD_IVLreference/OCEreferenceMD/bus.png,23.7787
bus_noise_2_jpg_100.jpg,/kaggle/working/MDFS/data/MDIVL/extracted/MDIVL/MDIVL/Data_Noise_JPEG/bus_noise_2_jpg_100.jpg,Multiply Dist.,MDIVL/MDIVL/MD_IVLreference/OCEreferenceMD/bus.png,84.701
bus_noise_2_jpg_50.jpg,/kaggle/working/MDFS/data/MDIVL/extracted/MDIVL/MDIVL/Data_Noise_JPEG/bus_noise_2_jpg_50.jpg,Multiply Dist.,MDIVL/MDIVL/MD_IVLreference/OCEreferenceMD/bus.png,72.9624
bus_noise_2_jpg_30.jpg,/kaggle/working/MDFS/data/MDIVL/extracted/MDIVL/MDIVL/Data_Noise_JPEG/bus_noise_2_jpg_30.jpg,Multiply Dist.,MDIVL/MDIVL/MD_IVLreference/OCEreferenceMD/bus.png,56.8036
bus_noise_2_jpg_10.jpg,/kaggle/working/MDFS/data/MDIVL/extracted/MDIVL/MDIVL/Data_Noise_JPEG/bus_noise_2_jpg_10.jpg,Multiply Dist.,MDIVL/MDIVL/MD_IVLreference/OCEreferenceMD/bus.png,42.6856
bus_noise_3_jpg_100.jpg,/kaggle/working/MDFS/data/MDIVL/extracted/MDIVL/MDIVL/Data_Noise_JPEG/bus_noise_3_jpg_100.jpg,Multiply Dist.,MDIVL/MDIVL/MD_IVLreference/OCEreferenceMD/bus.png,79.4873
bus_noise_3_jpg_50.jpg,/kaggle/working/MDFS/data/MDIVL/extracted/MDIVL/MDIVL/Data_Noise_JPEG/bus_noise_3_jpg_50.jpg,Multiply Dist.,MDIVL/MDIVL/MD_IVLreference/OCEreferenceMD/bus.png,73.4094
bus_noise_3_jpg_30.jpg,/kaggle/working/MDFS/data/MDIVL/extracted/MDIVL/MDIVL/Data_Noise_JPEG/bus_noise_3_jpg_30.jpg,Multiply Dist.,MDIVL/MDIVL/MD_IVLreference/OCEreferenceMD/bus.png,52.6012
bus_noise_3_jpg_10.jpg,/kaggle/working/MDFS/data/MDIVL/extracted/MDIVL/MDIVL/Data_Noise_JPEG/bus_noise_3_jpg_10.jpg,Multiply Dist.,MDIVL/MDIVL/MD_IVLreference/OCEreferenceMD/bus.png,18.3322
bus_noise_4_jpg_100.jpg,/kaggle/working/MDFS/data/MDIVL/extracted/MDIVL/MDIVL/Data_Noise_JPEG/bus_noise_4_jpg_100.jpg,Multiply Dist.,MDIVL/MDIVL/MD_IVLreference/OCEreferenceMD/bus.png,58.3454
bus_noise_4_jpg_50.jpg,/kaggle/working/MDFS/data/MDIVL/extracted/MDIVL/MDIVL/Data_Noise_JPEG/bus_noise_4_jpg_50.jpg,Multiply Dist.,MDIVL/MDIVL/MD_IVLreference/OCEreferenceMD/bus.png,72.0415
bus_noise_4_jpg_30.jpg,/kaggle/working/MDFS/data/MDIVL/extracted/MDIVL/MDIVL/Data_Noise_JPEG/bus_noise_4_jpg_30.jpg,Multiply Dist.,MDIVL/MDIVL/MD_IVLreference/OCEreferenceMD/bus.png,64.0327
bus_noise_4_jpg_10.jpg,/kaggle/working/MDFS/data/MDIVL/extracted/MDIVL/MDIVL/Data_Noise_JPEG/bus_noise_4_jpg_10.jpg,Multiply Dist.,MDIVL/MDIVL/MD_IVLreference/OCEreferenceMD/bus.png,43.0497
bus_noise_5_jpg_100.jpg,/kaggle/working/MDFS/data/MDIVL/extracted/MDIVL/MDIVL/Data_Noise_JPEG/bus_noise_5_jpg_100.jpg,Multiply Dist.,MDIVL/MDIVL/MD_IVLreference/OCEreferenceMD/bus.png,64.4415
bus_noise_5_jpg_50.jpg,/kaggle/working/MDFS/data/MDIVL/extracted/MDIVL/MDIVL/Data_Noise_JPEG/bus_noise_5_jpg_50.jpg,Multiply Dist.,MDIVL/MDIVL/MD_IVLreference/OCEreferenceMD/bus.png,67.214
bus_noise_5_jpg_30.jpg,/kaggle/working/MDFS/data/MDIVL/extracted/MDIVL/MDIVL/Data_Noise_JPEG/bus_noise_5_jpg_30.jpg,Multiply Dist.,MDIVL/MDIVL/MD_IVLreference/OCEreferenceMD/bus.png,42.5333
bus_noise_5_jpg_10.jpg,/kaggle/working/MDFS/data/MDIVL/extracted/MDIVL/MDIVL/Data_Noise_JPEG/bus_noise_5_jpg_10.jpg,Multiply Dist.,MDIVL/MDIVL/MD_IVLreference/OCEreferenceMD/bus.png,21.7887
bus_noise_6_jpg_100.jpg,/kaggle/working/MDFS/data/MDIVL/extracted/MDIVL/MDIVL/Data_Noise_JPEG/bus_noise_6_jpg_100.jpg,Multiply Dist.,MDIVL/MDIVL/MD_IVLreference/OCEreferenceMD/bus.png,43.7217
bus_noise_6_jpg_50.jpg,/kaggle/working/MDFS/data/MDIVL/extracted/MDIVL/MDIVL/Data_Noise_JPEG/bus_noise_6_jpg_50.jpg,Multiply Dist.,MDIVL/MDIVL/MD_IVLreference/OCEreferenceMD/bus.png,49.8779
bus_noise_6_jpg_30.jpg,/kaggle/working/MDFS/data/MDIVL/extracted/MDIVL/MDIVL/Data_Noise_JPEG/bus_noise_6_jpg_30.jpg,Multiply Dist.,MDIVL/MDIVL/MD_IVLreference/OCEreferenceMD/bus.png,37.2142
bus_noise_6_jpg_10.jpg,/kaggle/working/MDFS/data/MDIVL/extracted/MDIVL/MDIVL/Data_Noise_JPEG/bus_noise_6_jpg_10.jpg,Multiply Dist.,MDIVL/MDIVL/MD_IVLreference/OCEreferenceMD/bus.png,21.2658
bus_noise_8_jpg_100.jpg,/kaggle/working/MDFS/data/MDIVL/extracted/MDIVL/MDIVL/Data_Noise_JPEG/bus_noise_8_jpg_100.jpg,Multiply Dist.,MDIVL/MDIVL/MD_IVLreference/OCEreferenceMD/bus.png,44.1389
bus_noise_8_jpg_50.jpg,/kaggle/working/MDFS/data/MDIVL/extracted/MDIVL/MDIVL/Data_Noise_JPEG/bus_noise_8_jpg_50.jpg,Multiply Dist.,MDIVL/MDIVL/MD_IVLreference/OCEreferenceMD/bus.png,41.9226
bus_noise_8_jpg_30.jpg,/kaggle/working/MDFS/data/MDIVL/extracted/MDIVL/MDIVL/Data_Noise_JPEG/bus_noise_8_jpg_30.jpg,Multiply Dist.,MDIVL/MDIVL/MD_IVLreference/OCEreferenceMD/bus.png,41.7047
bus_noise_8_jpg_10.jpg,/kaggle/working/MDFS/data/MDIVL/extracted/MDIVL/MDIVL/Data_Noise_JPEG/bus_noise_8_jpg_10.jpg,Multiply Dist.,MDIVL/MDIVL/MD_IVLreference/OCEreferenceMD/bus.png,21.786
bus_noise_10_jpg_100.jpg,/kaggle/working/MDFS/data/MDIVL/extracted/MDIVL/MDIVL/Data_Noise_JPEG/bus_noise_10_jpg_100.jpg,Multiply Dist.,MDIVL/MDIVL/MD_IVLreference/OCEreferenceMD/bus.png,31.6831
bus_noise_10_jpg_50.jpg,/kaggle/working/MDFS/data/MDIVL/extracted/MDIVL/MDIVL/Data_Noise_JPEG/bus_noise_10_jpg_50.jpg,Multiply Dist.,MDIVL/MDIVL/MD_IVLreference/OCEreferenceMD/bus.png,35.9845
bus_noise_10_jpg_30.jpg,/kaggle/working/MDFS/data/MDIVL/extracted/MDIVL/MDIVL/Data_Noise_JPEG/bus_noise_10_jpg_30.jpg,Multiply Dist.,MDIVL/MDIVL/MD_IVLreference/OCEreferenceMD/bus.png,31.7996
bus_noise_10_jpg_10.jpg,/kaggle/working/MDFS/data/MDIVL/extracted/MDIVL/MDIVL/Data_Noise_JPEG/bus_noise_10_jpg_10.jpg,Multiply Dist.,MDIVL/MDIVL/MD_IVLreference/OCEreferenceMD/bus.png,16.0053
bus_noise_12_jpg_100.jpg,/kaggle/working/MDFS/data/MDIVL/extracted/MDIVL/MDIVL/Data_Noise_JPEG/bus_noise_12_jpg_100.jpg,Multiply Dist.,MDIVL/MDIVL/MD_IVLreference/OCEreferenceMD/bus.png,29.3512
bus_noise_12_jpg_50.jpg,/kaggle/working/MDFS/data/MDIVL/extracted/MDIVL/MDIVL/Data_Noise_JPEG/bus_noise_12_jpg_50.jpg,Multiply Dist.,MDIVL/MDIVL/MD_IVLreference/OCEreferenceMD/bus.png,31.7447
bus_noise_12_jpg_30.jpg,/kaggle/working/MDFS/data/MDIVL/extracted/MDIVL/MDIVL/Data_Noise_JPEG/bus_noise_12_jpg_30.jpg,Multiply Dist.,MDIVL/MDIVL/MD_IVLreference/OCEreferenceMD/bus.png,26.9558
bus_noise_12_jpg_10.jpg,/kaggle/working/MDFS/data/MDIVL/extracted/MDIVL/MDIVL/Data_Noise_JPEG/bus_noise_12_jpg_10.jpg,Multiply Dist.,MDIVL/MDIVL/MD_IVLreference/OCEreferenceMD/bus.png,25.5965
bus_noise_14_jpg_100.jpg,/kaggle/working/MDFS/data/MDIVL/extracted/MDIVL/MDIVL/Data_Noise_JPEG/bus_noise_14_jpg_100.jpg,Multiply Dist.,MDIVL/MDIVL/MD_IVLreference/OCEreferenceMD/bus.png,23.687
bus_noise_14_jpg_50.jpg,/kaggle/working/MDFS/data/MDIVL/extracted/MDIVL/MDIVL/Data_Noise_JPEG/bus_noise_14_jpg_50.jpg,Multiply Dist.,MDIVL/MDIVL/MD_IVLreference/OCEreferenceMD/bus.png,27.6046
bus_noise_14_jpg_30.jpg,/kaggle/working/MDFS/data/MDIVL/extracted/MDIVL/MDIVL/Data_Noise_JPEG/bus_noise_14_jpg_30.jpg,Multiply Dist.,MDIVL/MDIVL/MD_IVLreference/OCEreferenceMD/bus.png,34.4709
bus_noise_14_jpg_10.jpg,/kaggle/working/MDFS/data/MDIVL/extracted/MDIVL/MDIVL/Data_Noise_JPEG/bus_noise_14_jpg_10.jpg,Multiply Dist.,MDIVL/MDIVL/MD_IVLreference/OCEreferenceMD/bus.png,9.15
candies_noise_1_jpg_100.jpg,/kaggle/working/MDFS/data/MDIVL/extracted/MDIVL/MDIVL/Data_Noise_JPEG/candies_noise_1_jpg_100.jpg,Multiply Dist.,MDIVL/MDIVL/MD_IVLreference/OCEreferenceMD/candies.png,79.5219
candies_noise_1_jpg_50.jpg,/kaggle/working/MDFS/data/MDIVL/extracted/MDIVL/MDIVL/Data_Noise_JPEG/candies_noise_1_jpg_50.jpg,Multiply Dist.,MDIVL/MDIVL/MD_IVLreference/OCEreferenceMD/candies.png,89.1221
candies_noise_1_jpg_30.jpg,/kaggle/working/MDFS/data/MDIVL/extracted/MDIVL/MDIVL/Data_Noise_JPEG/candies_noise_1_jpg_30.jpg,Multiply Dist.,MDIVL/MDIVL/MD_IVLreference/OCEreferenceMD/candies.png,82.1228
candies_noise_1_jpg_10.jpg,/kaggle/working/MDFS/data/MDIVL/extracted/MDIVL/MDIVL/Data_Noise_JPEG/candies_noise_1_jpg_10.jpg,Multiply Dist.,MDIVL/MDIVL/MD_IVLreference/OCEreferenceMD/candies.png,56.5551
candies_noise_2_jpg_100.jpg,/kaggle/working/MDFS/data/MDIVL/extracted/MDIVL/MDIVL/Data_Noise_JPEG/candies_noise_2_jpg_100.jpg,Multiply Dist.,MDIVL/MDIVL/MD_IVLreference/OCEreferenceMD/candies.png,85.1451
candies_noise_2_jpg_50.jpg,/kaggle/working/MDFS/data/MDIVL/extracted/MDIVL/MDIVL/Data_Noise_JPEG/candies_noise_2_jpg_50.jpg,Multiply Dist.,MDIVL/MDIVL/MD_IVLreference/OCEreferenceMD/candies.png,84.0729
candies_noise_2_jpg_30.jpg,/kaggle/working/MDFS/data/MDIVL/extracted/MDIVL/MDIVL/Data_Noise_JPEG/candies_noise_2_jpg_30.jpg,Multiply Dist.,MDIVL/MDIVL/MD_IVLreference/OCEreferenceMD/candies.png,72.8388
candies_noise_2_jpg_10.jpg,/kaggle/working/MDFS/data/MDIVL/extracted/MDIVL/MDIVL/Data_Noise_JPEG/candies_noise_2_jpg_10.jpg,Multiply Dist.,MDIVL/MDIVL/MD_IVLreference/OCEreferenceMD/candies.png,39.9062
candies_noise_3_jpg_100.jpg,/kaggle/working/MDFS/data/MDIVL/extracted/MDIVL/MDIVL/Data_Noise_JPEG/candies_noise_3_jpg_100.jpg,Multiply Dist.,MDIVL/MDIVL/MD_IVLreference/OCEreferenceMD/candies.png,82.0312
candies_noise_3_jpg_50.jpg,/kaggle/working/MDFS/data/MDIVL/extracted/MDIVL/MDIVL/Data_Noise_JPEG/candies_noise_3_jpg_50.jpg,Multiply Dist.,MDIVL/MDIVL/MD_IVLreference/OCEreferenceMD/candies.png,82.1172
candies_noise_3_jpg_30.jpg,/kaggle/working/MDFS/data/MDIVL/extracted/MDIVL/MDIVL/Data_Noise_JPEG/candies_noise_3_jpg_30.jpg,Multiply Dist.,MDIVL/MDIVL/MD_IVLreference/OCEreferenceMD/candies.png,70.6457
candies_noise_3_jpg_10.jpg,/kaggle/working/MDFS/data/MDIVL/extracted/MDIVL/MDIVL/Data_Noise_JPEG/candies_noise_3_jpg_10.jpg,Multiply Dist.,MDIVL/MDIVL/MD_IVLreference/OCEreferenceMD/candies.png,41.6013
candies_noise_4_jpg_100.jpg,/kaggle/working/MDFS/data/MDIVL/extracted/MDIVL/MDIVL/Data_Noise_JPEG/candies_noise_4_jpg_100.jpg,Multiply Dist.,MDIVL/MDIVL/MD_IVLreference/OCEreferenceMD/candies.png,75.4092
candies_noise_4_jpg_50.jpg,/kaggle/working/MDFS/data/MDIVL/extracted/MDIVL/MDIVL/Data_Noise_JPEG/candies_noise_4_jpg_50.jpg,Multiply Dist.,MDIVL/MDIVL/MD_IVLreference/OCEreferenceMD/candies.png,52.2376
candies_noise_4_jpg_30.jpg,/kaggle/working/MDFS/data/MDIVL/extracted/MDIVL/MDIVL/Data_Noise_JPEG/candies_noise_4_jpg_30.jpg,Multiply Dist.,MDIVL/MDIVL/MD_IVLreference/OCEreferenceMD/candies.png,66.1548
candies_noise_4_jpg_10.jpg,/kaggle/working/MDFS/data/MDIVL/extracted/MDIVL/MDIVL/Data_Noise_JPEG/candies_noise_4_jpg_10.jpg,Multiply Dist.,MDIVL/MDIVL/MD_IVLreference/OCEreferenceMD/candies.png,29.1501
candies_noise_5_jpg_100.jpg,/kaggle/working/MDFS/data/MDIVL/extracted/MDIVL/MDIVL/Data_Noise_JPEG/candies_noise_5_jpg_100.jpg,Multiply Dist.,MDIVL/MDIVL/MD_IVLreference/OCEreferenceMD/candies.png,57.9192
candies_noise_5_jpg_50.jpg,/kaggle/working/MDFS/data/MDIVL/extracted/MDIVL/MDIVL/Data_Noise_JPEG/candies_noise_5_jpg_50.jpg,Multiply Dist.,MDIVL/MDIVL/MD_IVLreference/OCEreferenceMD/candies.png,66.8633
candies_noise_5_jpg_30.jpg,/kaggle/working/MDFS/data/MDIVL/extracted/MDIVL/MDIVL/Data_Noise_JPEG/candies_noise_5_jpg_30.jpg,Multiply Dist.,MDIVL/MDIVL/MD_IVLreference/OCEreferenceMD/candies.png,66.6017
candies_noise_5_jpg_10.jpg,/kaggle/working/MDFS/data/MDIVL/extracted/MDIVL/MDIVL/Data_Noise_JPEG/candies_noise_5_jpg_10.jpg,Multiply Dist.,MDIVL/MDIVL/MD_IVLreference/OCEreferenceMD/candies.png,31.3875
candies_noise_6_jpg_100.jpg,/kaggle/working/MDFS/data/MDIVL/extracted/MDIVL/MDIVL/Data_Noise_JPEG/candies_noise_6_jpg_100.jpg,Multiply Dist.,MDIVL/MDIVL/MD_IVLreference/OCEreferenceMD/candies.png,62.8226
candies_noise_6_jpg_50.jpg,/kaggle/working/MDFS/data/MDIVL/extracted/MDIVL/MDIVL/Data_Noise_JPEG/candies_noise_6_jpg_50.jpg,Multiply Dist.,MDIVL/MDIVL/MD_IVLreference/OCEreferenceMD/candies.png,57.0429
candies_noise_6_jpg_30.jpg,/kaggle/working/MDFS/data/MDIVL/extracted/MDIVL/MDIVL/Data_Noise_JPEG/candies_noise_6_jpg_30.jpg,Multiply Dist.,MDIVL/MDIVL/MD_IVLreference/OCEreferenceMD/candies.png,54.9242
candies_noise_6_jpg_10.jpg,/kaggle/working/MDFS/data/MDIVL/extracted/MDIVL/MDIVL/Data_Noise_JPEG/candies_noise_6_jpg_10.jpg,Multiply Dist.,MDIVL/MDIVL/MD_IVLreference/OCEreferenceMD/candies.png,40.197
candies_noise_8_jpg_100.jpg,/kaggle/working/MDFS/data/MDIVL/extracted/MDIVL/MDIVL/Data_Noise_JPEG/candies_noise_8_jpg_100.jpg,Multiply Dist.,MDIVL/MDIVL/MD_IVLreference/OCEreferenceMD/candies.png,54.9517
candies_noise_8_jpg_50.jpg,/kaggle/working/MDFS/data/MDIVL/extracted/MDIVL/MDIVL/Data_Noise_JPEG/candies_noise_8_jpg_50.jpg,Multiply Dist.,MDIVL/MDIVL/MD_IVLreference/OCEreferenceMD/candies.png,49.3967
candies_noise_8_jpg_30.jpg,/kaggle/working/MDFS/data/MDIVL/extracted/MDIVL/MDIVL/Data_Noise_JPEG/candies_noise_8_jpg_30.jpg,Multiply Dist.,MDIVL/MDIVL/MD_IVLreference/OCEreferenceMD/candies.png,43.5268
candies_noise_8_jpg_10.jpg,/kaggle/working/MDFS/data/MDIVL/extracted/MDIVL/MDIVL/Data_Noise_JPEG/candies_noise_8_jpg_10.jpg,Multiply Dist.,MDIVL/MDIVL/MD_IVLreference/OCEreferenceMD/candies.png,29.2392
candies_noise_10_jpg_100.jpg,/kaggle/working/MDFS/data/MDIVL/extracted/MDIVL/MDIVL/Data_Noise_JPEG/candies_noise_10_jpg_100.jpg,Multiply Dist.,MDIVL/MDIVL/MD_IVLreference/OCEreferenceMD/candies.png,51.2522
candies_noise_10_jpg_50.jpg,/kaggle/working/MDFS/data/MDIVL/extracted/MDIVL/MDIVL/Data_Noise_JPEG/candies_noise_10_jpg_50.jpg,Multiply Dist.,MDIVL/MDIVL/MD_IVLreference/OCEreferenceMD/candies.png,49.3723
candies_noise_10_jpg_30.jpg,/kaggle/working/MDFS/data/MDIVL/extracted/MDIVL/MDIVL/Data_Noise_JPEG/candies_noise_10_jpg_30.jpg,Multiply Dist.,MDIVL/MDIVL/MD_IVLreference/OCEreferenceMD/candies.png,32.547
candies_noise_10_jpg_10.jpg,/kaggle/working/MDFS/data/MDIVL/extracted/MDIVL/MDIVL/Data_Noise_JPEG/candies_noise_10_jpg_10.jpg,Multiply Dist.,MDIVL/MDIVL/MD_IVLreference/OCEreferenceMD/candies.png,41.6195
candies_noise_12_jpg_100.jpg,/kaggle/working/MDFS/data/MDIVL/extracted/MDIVL/MDIVL/Data_Noise_JPEG/candies_noise_12_jpg_100.jpg,Multiply Dist.,MDIVL/MDIVL/MD_IVLreference/OCEreferenceMD/candies.png,46.9302
candies_noise_12_jpg_50.jpg,/kaggle/working/MDFS/data/MDIVL/extracted/MDIVL/MDIVL/Data_Noise_JPEG/candies_noise_12_jpg_50.jpg,Multiply Dist.,MDIVL/MDIVL/MD_IVLreference/OCEreferenceMD/candies.png,35.5803
candies_noise_12_jpg_30.jpg,/kaggle/working/MDFS/data/MDIVL/extracted/MDIVL/MDIVL/Data_Noise_JPEG/candies_noise_12_jpg_30.jpg,Multiply Dist.,MDIVL/MDIVL/MD_IVLreference/OCEreferenceMD/candies.png,43.2644
candies_noise_12_jpg_10.jpg,/kaggle/working/MDFS/data/MDIVL/extracted/MDIVL/MDIVL/Data_Noise_JPEG/candies_noise_12_jpg_10.jpg,Multiply Dist.,MDIVL/MDIVL/MD_IVLreference/OCEreferenceMD/candies.png,36.5594
candies_noise_14_jpg_100.jpg,/kaggle/working/MDFS/data/MDIVL/extracted/MDIVL/MDIVL/Data_Noise_JPEG/candies_noise_14_jpg_100.jpg,Multiply Dist.,MDIVL/MDIVL/MD_IVLreference/OCEreferenceMD/candies.png,34.9568
candies_noise_14_jpg_50.jpg,/kaggle/working/MDFS/data/MDIVL/extracted/MDIVL/MDIVL/Data_Noise_JPEG/candies_noise_14_jpg_50.jpg,Multiply Dist.,MDIVL/MDIVL/MD_IVLreference/OCEreferenceMD/candies.png,31.9124
candies_noise_14_jpg_30.jpg,/kaggle/working/MDFS/data/MDIVL/extracted/MDIVL/MDIVL/Data_Noise_JPEG/candies_noise_14_jpg_30.jpg,Multiply Dist.,MDIVL/MDIVL/MD_IVLreference/OCEreferenceMD/candies.png,31.6818
candies_noise_14_jpg_10.jpg,/kaggle/working/MDFS/data/MDIVL/extracted/MDIVL/MDIVL/Data_Noise_JPEG/candies_noise_14_jpg_10.jpg,Multiply Dist.,MDIVL/MDIVL/MD_IVLreference/OCEreferenceMD/candies.png,33.0672
chianti_noise_1_jpg_100.jpg,/kaggle/working/MDFS/data/MDIVL/extracted/MDIVL/MDIVL/Data_Noise_JPEG/chianti_noise_1_jpg_100.jpg,Multiply Dist.,MDIVL/MDIVL/MD_IVLreference/OCEreferenceMD/chianti.png,89.1305
chianti_noise_1_jpg_50.jpg,/kaggle/working/MDFS/data/MDIVL/extracted/MDIVL/MDIVL/Data_Noise_JPEG/chianti_noise_1_jpg_50.jpg,Multiply Dist.,MDIVL/MDIVL/MD_IVLreference/OCEreferenceMD/chianti.png,69.2225
chianti_noise_1_jpg_30.jpg,/kaggle/working/MDFS/data/MDIVL/extracted/MDIVL/MDIVL/Data_Noise_JPEG/chianti_noise_1_jpg_30.jpg,Multiply Dist.,MDIVL/MDIVL/MD_IVLreference/OCEreferenceMD/chianti.png,61.8654
chianti_noise_1_jpg_10.jpg,/kaggle/working/MDFS/data/MDIVL/extracted/MDIVL/MDIVL/Data_Noise_JPEG/chianti_noise_1_jpg_10.jpg,Multiply Dist.,MDIVL/MDIVL/MD_IVLreference/OCEreferenceMD/chianti.png,14.6002
chianti_noise_2_jpg_100.jpg,/kaggle/working/MDFS/data/MDIVL/extracted/MDIVL/MDIVL/Data_Noise_JPEG/chianti_noise_2_jpg_100.jpg,Multiply Dist.,MDIVL/MDIVL/MD_IVLreference/OCEreferenceMD/chianti.png,73.0293
chianti_noise_2_jpg_50.jpg,/kaggle/working/MDFS/data/MDIVL/extracted/MDIVL/MDIVL/Data_Noise_JPEG/chianti_noise_2_jpg_50.jpg,Multiply Dist.,MDIVL/MDIVL/MD_IVLreference/OCEreferenceMD/chianti.png,75.8955
chianti_noise_2_jpg_30.jpg,/kaggle/working/MDFS/data/MDIVL/extracted/MDIVL/MDIVL/Data_Noise_JPEG/chianti_noise_2_jpg_30.jpg,Multiply Dist.,MDIVL/MDIVL/MD_IVLreference/OCEreferenceMD/chianti.png,43.3816
chianti_noise_2_jpg_10.jpg,/kaggle/working/MDFS/data/MDIVL/extracted/MDIVL/MDIVL/Data_Noise_JPEG/chianti_noise_2_jpg_10.jpg,Multiply Dist.,MDIVL/MDIVL/MD_IVLreference/OCEreferenceMD/chianti.png,15.0052
chianti_noise_3_jpg_100.jpg,/kaggle/working/MDFS/data/MDIVL/extracted/MDIVL/MDIVL/Data_Noise_JPEG/chianti_noise_3_jpg_100.jpg,Multiply Dist.,MDIVL/MDIVL/MD_IVLreference/OCEreferenceMD/chianti.png,64.9233
chianti_noise_3_jpg_50.jpg,/kaggle/working/MDFS/data/MDIVL/extracted/MDIVL/MDIVL/Data_Noise_JPEG/chianti_noise_3_jpg_50.jpg,Multiply Dist.,MDIVL/MDIVL/MD_IVLreference/OCEreferenceMD/chianti.png,59.9987
chianti_noise_3_jpg_30.jpg,/kaggle/working/MDFS/data/MDIVL/extracted/MDIVL/MDIVL/Data_Noise_JPEG/chianti_noise_3_jpg_30.jpg,Multiply Dist.,MDIVL/MDIVL/MD_IVLreference/OCEreferenceMD/chianti.png,38.5529
chianti_noise_3_jpg_10.jpg,/kaggle/working/MDFS/data/MDIVL/extracted/MDIVL/MDIVL/Data_Noise_JPEG/chianti_noise_3_jpg_10.jpg,Multiply Dist.,MDIVL/MDIVL/MD_IVLreference/OCEreferenceMD/chianti.png,22.4938
chianti_noise_4_jpg_100.jpg,/kaggle/working/MDFS/data/MDIVL/extracted/MDIVL/MDIVL/Data_Noise_JPEG/chianti_noise_4_jpg_100.jpg,Multiply Dist.,MDIVL/MDIVL/MD_IVLreference/OCEreferenceMD/chianti.png,66.5748
chianti_noise_4_jpg_50.jpg,/kaggle/working/MDFS/data/MDIVL/extracted/MDIVL/MDIVL/Data_Noise_JPEG/chianti_noise_4_jpg_50.jpg,Multiply Dist.,MDIVL/MDIVL/MD_IVLreference/OCEreferenceMD/chianti.png,48.7317
chianti_noise_4_jpg_30.jpg,/kaggle/working/MDFS/data/MDIVL/extracted/MDIVL/MDIVL/Data_Noise_JPEG/chianti_noise_4_jpg_30.jpg,Multiply Dist.,MDIVL/MDIVL/MD_IVLreference/OCEreferenceMD/chianti.png,43.5524
chianti_noise_4_jpg_10.jpg,/kaggle/working/MDFS/data/MDIVL/extracted/MDIVL/MDIVL/Data_Noise_JPEG/chianti_noise_4_jpg_10.jpg,Multiply Dist.,MDIVL/MDIVL/MD_IVLreference/OCEreferenceMD/chianti.png,10.6845
chianti_noise_5_jpg_100.jpg,/kaggle/working/MDFS/data/MDIVL/extracted/MDIVL/MDIVL/Data_Noise_JPEG/chianti_noise_5_jpg_100.jpg,Multiply Dist.,MDIVL/MDIVL/MD_IVLreference/OCEreferenceMD/chianti.png,53.497
chianti_noise_5_jpg_50.jpg,/kaggle/working/MDFS/data/MDIVL/extracted/MDIVL/MDIVL/Data_Noise_JPEG/chianti_noise_5_jpg_50.jpg,Multiply Dist.,MDIVL/MDIVL/MD_IVLreference/OCEreferenceMD/chianti.png,38.2502
chianti_noise_5_jpg_30.jpg,/kaggle/working/MDFS/data/MDIVL/extracted/MDIVL/MDIVL/Data_Noise_JPEG/chianti_noise_5_jpg_30.jpg,Multiply Dist.,MDIVL/MDIVL/MD_IVLreference/OCEreferenceMD/chianti.png,49.8082
chianti_noise_5_jpg_10.jpg,/kaggle/working/MDFS/data/MDIVL/extracted/MDIVL/MDIVL/Data_Noise_JPEG/chianti_noise_5_jpg_10.jpg,Multiply Dist.,MDIVL/MDIVL/MD_IVLreference/OCEreferenceMD/chianti.png,11.9914
chianti_noise_6_jpg_100.jpg,/kaggle/working/MDFS/data/MDIVL/extracted/MDIVL/MDIVL/Data_Noise_JPEG/chianti_noise_6_jpg_100.jpg,Multiply Dist.,MDIVL/MDIVL/MD_IVLreference/OCEreferenceMD/chianti.png,40.8268
chianti_noise_6_jpg_50.jpg,/kaggle/working/MDFS/data/MDIVL/extracted/MDIVL/MDIVL/Data_Noise_JPEG/chianti_noise_6_jpg_50.jpg,Multiply Dist.,MDIVL/MDIVL/MD_IVLreference/OCEreferenceMD/chianti.png,38.9325
chianti_noise_6_jpg_30.jpg,/kaggle/working/MDFS/data/MDIVL/extracted/MDIVL/MDIVL/Data_Noise_JPEG/chianti_noise_6_jpg_30.jpg,Multiply Dist.,MDIVL/MDIVL/MD_IVLreference/OCEreferenceMD/chianti.png,33.9828
chianti_noise_6_jpg_10.jpg,/kaggle/working/MDFS/data/MDIVL/extracted/MDIVL/MDIVL/Data_Noise_JPEG/chianti_noise_6_jpg_10.jpg,Multiply Dist.,MDIVL/MDIVL/MD_IVLreference/OCEreferenceMD/chianti.png,14.7689
chianti_noise_8_jpg_100.jpg,/kaggle/working/MDFS/data/MDIVL/extracted/MDIVL/MDIVL/Data_Noise_JPEG/chianti_noise_8_jpg_100.jpg,Multiply Dist.,MDIVL/MDIVL/MD_IVLreference/OCEreferenceMD/chianti.png,35.1319
chianti_noise_8_jpg_50.jpg,/kaggle/working/MDFS/data/MDIVL/extracted/MDIVL/MDIVL/Data_Noise_JPEG/chianti_noise_8_jpg_50.jpg,Multiply Dist.,MDIVL/MDIVL/MD_IVLreference/OCEreferenceMD/chianti.png,29.3765
chianti_noise_8_jpg_30.jpg,/kaggle/working/MDFS/data/MDIVL/extracted/MDIVL/MDIVL/Data_Noise_JPEG/chianti_noise_8_jpg_30.jpg,Multiply Dist.,MDIVL/MDIVL/MD_IVLreference/OCEreferenceMD/chianti.png,32.6056
chianti_noise_8_jpg_10.jpg,/kaggle/working/MDFS/data/MDIVL/extracted/MDIVL/MDIVL/Data_Noise_JPEG/chianti_noise_8_jpg_10.jpg,Multiply Dist.,MDIVL/MDIVL/MD_IVLreference/OCEreferenceMD/chianti.png,14.5842
chianti_noise_10_jpg_100.jpg,/kaggle/working/MDFS/data/MDIVL/extracted/MDIVL/MDIVL/Data_Noise_JPEG/chianti_noise_10_jpg_100.jpg,Multiply Dist.,MDIVL/MDIVL/MD_IVLreference/OCEreferenceMD/chianti.png,28.2303
chianti_noise_10_jpg_50.jpg,/kaggle/working/MDFS/data/MDIVL/extracted/MDIVL/MDIVL/Data_Noise_JPEG/chianti_noise_10_jpg_50.jpg,Multiply Dist.,MDIVL/MDIVL/MD_IVLreference/OCEreferenceMD/chianti.png,21.5783
chianti_noise_10_jpg_30.jpg,/kaggle/working/MDFS/data/MDIVL/extracted/MDIVL/MDIVL/Data_Noise_JPEG/chianti_noise_10_jpg_30.jpg,Multiply Dist.,MDIVL/MDIVL/MD_IVLreference/OCEreferenceMD/chianti.png,24.7412
chianti_noise_10_jpg_10.jpg,/kaggle/working/MDFS/data/MDIVL/extracted/MDIVL/MDIVL/Data_Noise_JPEG/chianti_noise_10_jpg_10.jpg,Multiply Dist.,MDIVL/MDIVL/MD_IVLreference/OCEreferenceMD/chianti.png,16.4284
chianti_noise_12_jpg_100.jpg,/kaggle/working/MDFS/data/MDIVL/extracted/MDIVL/MDIVL/Data_Noise_JPEG/chianti_noise_12_jpg_100.jpg,Multiply Dist.,MDIVL/MDIVL/MD_IVLreference/OCEreferenceMD/chianti.png,24.75
chianti_noise_12_jpg_50.jpg,/kaggle/working/MDFS/data/MDIVL/extracted/MDIVL/MDIVL/Data_Noise_JPEG/chianti_noise_12_jpg_50.jpg,Multiply Dist.,MDIVL/MDIVL/MD_IVLreference/OCEreferenceMD/chianti.png,25.5205
chianti_noise_12_jpg_30.jpg,/kaggle/working/MDFS/data/MDIVL/extracted/MDIVL/MDIVL/Data_Noise_JPEG/chianti_noise_12_jpg_30.jpg,Multiply Dist.,MDIVL/MDIVL/MD_IVLreference/OCEreferenceMD/chianti.png,20.7847
chianti_noise_12_jpg_10.jpg,/kaggle/working/MDFS/data/MDIVL/extracted/MDIVL/MDIVL/Data_Noise_JPEG/chianti_noise_12_jpg_10.jpg,Multiply Dist.,MDIVL/MDIVL/MD_IVLreference/OCEreferenceMD/chianti.png,14.3751
chianti_noise_14_jpg_100.jpg,/kaggle/working/MDFS/data/MDIVL/extracted/MDIVL/MDIVL/Data_Noise_JPEG/chianti_noise_14_jpg_100.jpg,Multiply Dist.,MDIVL/MDIVL/MD_IVLreference/OCEreferenceMD/chianti.png,21.4358
chianti_noise_14_jpg_50.jpg,/kaggle/working/MDFS/data/MDIVL/extracted/MDIVL/MDIVL/Data_Noise_JPEG/chianti_noise_14_jpg_50.jpg,Multiply Dist.,MDIVL/MDIVL/MD_IVLreference/OCEreferenceMD/chianti.png,23.0679
chianti_noise_14_jpg_30.jpg,/kaggle/working/MDFS/data/MDIVL/extracted/MDIVL/MDIVL/Data_Noise_JPEG/chianti_noise_14_jpg_30.jpg,Multiply Dist.,MDIVL/MDIVL/MD_IVLreference/OCEreferenceMD/chianti.png,18.6583
chianti_noise_14_jpg_10.jpg,/kaggle/working/MDFS/data/MDIVL/extracted/MDIVL/MDIVL/Data_Noise_JPEG/chianti_noise_14_jpg_10.jpg,Multiply Dist.,MDIVL/MDIVL/MD_IVLreference/OCEreferenceMD/chianti.png,15.2456
dancers1_noise_1_jpg_100.jpg,/kaggle/working/MDFS/data/MDIVL/extracted/MDIVL/MDIVL/Data_Noise_JPEG/dancers1_noise_1_jpg_100.jpg,Multiply Dist.,MDIVL/MDIVL/MD_IVLreference/OCEreferenceMD/dancers1.png,97.9742
dancers1_noise_1_jpg_50.jpg,/kaggle/working/MDFS/data/MDIVL/extracted/MDIVL/MDIVL/Data_Noise_JPEG/dancers1_noise_1_jpg_50.jpg,Multiply Dist.,MDIVL/MDIVL/MD_IVLreference/OCEreferenceMD/dancers1.png,74.4718
dancers1_noise_1_jpg_30.jpg,/kaggle/working/MDFS/data/MDIVL/extracted/MDIVL/MDIVL/Data_Noise_JPEG/dancers1_noise_1_jpg_30.jpg,Multiply Dist.,MDIVL/MDIVL/MD_IVLreference/OCEreferenceMD/dancers1.png,51.862
dancers1_noise_1_jpg_10.jpg,/kaggle/working/MDFS/data/MDIVL/extracted/MDIVL/MDIVL/Data_Noise_JPEG/dancers1_noise_1_jpg_10.jpg,Multiply Dist.,MDIVL/MDIVL/MD_IVLreference/OCEreferenceMD/dancers1.png,16.1862
dancers1_noise_2_jpg_100.jpg,/kaggle/working/MDFS/data/MDIVL/extracted/MDIVL/MDIVL/Data_Noise_JPEG/dancers1_noise_2_jpg_100.jpg,Multiply Dist.,MDIVL/MDIVL/MD_IVLreference/OCEreferenceMD/dancers1.png,84.2547
dancers1_noise_2_jpg_50.jpg,/kaggle/working/MDFS/data/MDIVL/extracted/MDIVL/MDIVL/Data_Noise_JPEG/dancers1_noise_2_jpg_50.jpg,Multiply Dist.,MDIVL/MDIVL/MD_IVLreference/OCEreferenceMD/dancers1.png,74.3518
dancers1_noise_2_jpg_30.jpg,/kaggle/working/MDFS/data/MDIVL/extracted/MDIVL/MDIVL/Data_Noise_JPEG/dancers1_noise_2_jpg_30.jpg,Multiply Dist.,MDIVL/MDIVL/MD_IVLreference/OCEreferenceMD/dancers1.png,74.3321
dancers1_noise_2_jpg_10.jpg,/kaggle/working/MDFS/data/MDIVL/extracted/MDIVL/MDIVL/Data_Noise_JPEG/dancers1_noise_2_jpg_10.jpg,Multiply Dist.,MDIVL/MDIVL/MD_IVLreference/OCEreferenceMD/dancers1.png,22.617
dancers1_noise_3_jpg_100.jpg,/kaggle/working/MDFS/data/MDIVL/extracted/MDIVL/MDIVL/Data_Noise_JPEG/dancers1_noise_3_jpg_100.jpg,Multiply Dist.,MDIVL/MDIVL/MD_IVLreference/OCEreferenceMD/dancers1.png,64.4795
dancers1_noise_3_jpg_50.jpg,/kaggle/working/MDFS/data/MDIVL/extracted/MDIVL/MDIVL/Data_Noise_JPEG/dancers1_noise_3_jpg_50.jpg,Multiply Dist.,MDIVL/MDIVL/MD_IVLreference/OCEreferenceMD/dancers1.png,68.0847
dancers1_noise_3_jpg_30.jpg,/kaggle/working/MDFS/data/MDIVL/extracted/MDIVL/MDIVL/Data_Noise_JPEG/dancers1_noise_3_jpg_30.jpg,Multiply Dist.,MDIVL/MDIVL/MD_IVLreference/OCEreferenceMD/dancers1.png,55.9822
dancers1_noise_3_jpg_10.jpg,/kaggle/working/MDFS/data/MDIVL/extracted/MDIVL/MDIVL/Data_Noise_JPEG/dancers1_noise_3_jpg_10.jpg,Multiply Dist.,MDIVL/MDIVL/MD_IVLreference/OCEreferenceMD/dancers1.png,17.4367
dancers1_noise_4_jpg_100.jpg,/kaggle/working/MDFS/data/MDIVL/extracted/MDIVL/MDIVL/Data_Noise_JPEG/dancers1_noise_4_jpg_100.jpg,Multiply Dist.,MDIVL/MDIVL/MD_IVLreference/OCEreferenceMD/dancers1.png,74.3835
dancers1_noise_4_jpg_50.jpg,/kaggle/working/MDFS/data/MDIVL/extracted/MDIVL/MDIVL/Data_Noise_JPEG/dancers1_noise_4_jpg_50.jpg,Multiply Dist.,MDIVL/MDIVL/MD_IVLreference/OCEreferenceMD/dancers1.png,54.1325
dancers1_noise_4_jpg_30.jpg,/kaggle/working/MDFS/data/MDIVL/extracted/MDIVL/MDIVL/Data_Noise_JPEG/dancers1_noise_4_jpg_30.jpg,Multiply Dist.,MDIVL/MDIVL/MD_IVLreference/OCEreferenceMD/dancers1.png,70.272
dancers1_noise_4_jpg_10.jpg,/kaggle/working/MDFS/data/MDIVL/extracted/MDIVL/MDIVL/Data_Noise_JPEG/dancers1_noise_4_jpg_10.jpg,Multiply Dist.,MDIVL/MDIVL/MD_IVLreference/OCEreferenceMD/dancers1.png,19.1011
dancers1_noise_5_jpg_100.jpg,/kaggle/working/MDFS/data/MDIVL/extracted/MDIVL/MDIVL/Data_Noise_JPEG/dancers1_noise_5_jpg_100.jpg,Multiply Dist.,MDIVL/MDIVL/MD_IVLreference/OCEreferenceMD/dancers1.png,52.9458
dancers1_noise_5_jpg_50.jpg,/kaggle/working/MDFS/data/MDIVL/extracted/MDIVL/MDIVL/Data_Noise_JPEG/dancers1_noise_5_jpg_50.jpg,Multiply Dist.,MDIVL/MDIVL/MD_IVLreference/OCEreferenceMD/dancers1.png,58.3595
dancers1_noise_5_jpg_30.jpg,/kaggle/working/MDFS/data/MDIVL/extracted/MDIVL/MDIVL/Data_Noise_JPEG/dancers1_noise_5_jpg_30.jpg,Multiply Dist.,MDIVL/MDIVL/MD_IVLreference/OCEreferenceMD/dancers1.png,41.8675
dancers1_noise_5_jpg_10.jpg,/kaggle/working/MDFS/data/MDIVL/extracted/MDIVL/MDIVL/Data_Noise_JPEG/dancers1_noise_5_jpg_10.jpg,Multiply Dist.,MDIVL/MDIVL/MD_IVLreference/OCEreferenceMD/dancers1.png,15.9314
dancers1_noise_6_jpg_100.jpg,/kaggle/working/MDFS/data/MDIVL/extracted/MDIVL/MDIVL/Data_Noise_JPEG/dancers1_noise_6_jpg_100.jpg,Multiply Dist.,MDIVL/MDIVL/MD_IVLreference/OCEreferenceMD/dancers1.png,52.9699
dancers1_noise_6_jpg_50.jpg,/kaggle/working/MDFS/data/MDIVL/extracted/MDIVL/MDIVL/Data_Noise_JPEG/dancers1_noise_6_jpg_50.jpg,Multiply Dist.,MDIVL/MDIVL/MD_IVLreference/OCEreferenceMD/dancers1.png,41.4065
dancers1_noise_6_jpg_30.jpg,/kaggle/working/MDFS/data/MDIVL/extracted/MDIVL/MDIVL/Data_Noise_JPEG/dancers1_noise_6_jpg_30.jpg,Multiply Dist.,MDIVL/MDIVL/MD_IVLreference/OCEreferenceMD/dancers1.png,39.5507
dancers1_noise_6_jpg_10.jpg,/kaggle/working/MDFS/data/MDIVL/extracted/MDIVL/MDIVL/Data_Noise_JPEG/dancers1_noise_6_jpg_10.jpg,Multiply Dist.,MDIVL/MDIVL/MD_IVLreference/OCEreferenceMD/dancers1.png,21.905
dancers1_noise_8_jpg_100.jpg,/kaggle/working/MDFS/data/MDIVL/extracted/MDIVL/MDIVL/Data_Noise_JPEG/dancers1_noise_8_jpg_100.jpg,Multiply Dist.,MDIVL/MDIVL/MD_IVLreference/OCEreferenceMD/dancers1.png,31.0178
dancers1_noise_8_jpg_50.jpg,/kaggle/working/MDFS/data/MDIVL/extracted/MDIVL/MDIVL/Data_Noise_JPEG/dancers1_noise_8_jpg_50.jpg,Multiply Dist.,MDIVL/MDIVL/MD_IVLreference/OCEreferenceMD/dancers1.png,34.6379
dancers1_noise_8_jpg_30.jpg,/kaggle/working/MDFS/data/MDIVL/extracted/MDIVL/MDIVL/Data_Noise_JPEG/dancers1_noise_8_jpg_30.jpg,Multiply Dist.,MDIVL/MDIVL/MD_IVLreference/OCEreferenceMD/dancers1.png,30.6066
dancers1_noise_8_jpg_10.jpg,/kaggle/working/MDFS/data/MDIVL/extracted/MDIVL/MDIVL/Data_Noise_JPEG/dancers1_noise_8_jpg_10.jpg,Multiply Dist.,MDIVL/MDIVL/MD_IVLreference/OCEreferenceMD/dancers1.png,16.9056
dancers1_noise_10_jpg_100.jpg,/kaggle/working/MDFS/data/MDIVL/extracted/MDIVL/MDIVL/Data_Noise_JPEG/dancers1_noise_10_jpg_100.jpg,Multiply Dist.,MDIVL/MDIVL/MD_IVLreference/OCEreferenceMD/dancers1.png,35.6284
dancers1_noise_10_jpg_50.jpg,/kaggle/working/MDFS/data/MDIVL/extracted/MDIVL/MDIVL/Data_Noise_JPEG/dancers1_noise_10_jpg_50.jpg,Multiply Dist.,MDIVL/MDIVL/MD_IVLreference/OCEreferenceMD/dancers1.png,33.7059
dancers1_noise_10_jpg_30.jpg,/kaggle/working/MDFS/data/MDIVL/extracted/MDIVL/MDIVL/Data_Noise_JPEG/dancers1_noise_10_jpg_30.jpg,Multiply Dist.,MDIVL/MDIVL/MD_IVLreference/OCEreferenceMD/dancers1.png,29.2711
dancers1_noise_10_jpg_10.jpg,/kaggle/working/MDFS/data/MDIVL/extracted/MDIVL/MDIVL/Data_Noise_JPEG/dancers1_noise_10_jpg_10.jpg,Multiply Dist.,MDIVL/MDIVL/MD_IVLreference/OCEreferenceMD/dancers1.png,20.2863
dancers1_noise_12_jpg_100.jpg,/kaggle/working/MDFS/data/MDIVL/extracted/MDIVL/MDIVL/Data_Noise_JPEG/dancers1_noise_12_jpg_100.jpg,Multiply Dist.,MDIVL/MDIVL/MD_IVLreference/OCEreferenceMD/dancers1.png,29.1813
dancers1_noise_12_jpg_50.jpg,/kaggle/working/MDFS/data/MDIVL/extracted/MDIVL/MDIVL/Data_Noise_JPEG/dancers1_noise_12_jpg_50.jpg,Multiply Dist.,MDIVL/MDIVL/MD_IVLreference/OCEreferenceMD/dancers1.png,23.2009
dancers1_noise_12_jpg_30.jpg,/kaggle/working/MDFS/data/MDIVL/extracted/MDIVL/MDIVL/Data_Noise_JPEG/dancers1_noise_12_jpg_30.jpg,Multiply Dist.,MDIVL/MDIVL/MD_IVLreference/OCEreferenceMD/dancers1.png,25.9241
dancers1_noise_12_jpg_10.jpg,/kaggle/working/MDFS/data/MDIVL/extracted/MDIVL/MDIVL/Data_Noise_JPEG/dancers1_noise_12_jpg_10.jpg,Multiply Dist.,MDIVL/MDIVL/MD_IVLreference/OCEreferenceMD/dancers1.png,16.3527
dancers1_noise_14_jpg_100.jpg,/kaggle/working/MDFS/data/MDIVL/extracted/MDIVL/MDIVL/Data_Noise_JPEG/dancers1_noise_14_jpg_100.jpg,Multiply Dist.,MDIVL/MDIVL/MD_IVLreference/OCEreferenceMD/dancers1.png,22.0751
dancers1_noise_14_jpg_50.jpg,/kaggle/working/MDFS/data/MDIVL/extracted/MDIVL/MDIVL/Data_Noise_JPEG/dancers1_noise_14_jpg_50.jpg,Multiply Dist.,MDIVL/MDIVL/MD_IVLreference/OCEreferenceMD/dancers1.png,24.2188
dancers1_noise_14_jpg_30.jpg,/kaggle/working/MDFS/data/MDIVL/extracted/MDIVL/MDIVL/Data_Noise_JPEG/dancers1_noise_14_jpg_30.jpg,Multiply Dist.,MDIVL/MDIVL/MD_IVLreference/OCEreferenceMD/dancers1.png,21.8656
dancers1_noise_14_jpg_10.jpg,/kaggle/working/MDFS/data/MDIVL/extracted/MDIVL/MDIVL/Data_Noise_JPEG/dancers1_noise_14_jpg_10.jpg,Multiply Dist.,MDIVL/MDIVL/MD_IVLreference/OCEreferenceMD/dancers1.png,7.5904
home_noise_1_jpg_100.jpg,/kaggle/working/MDFS/data/MDIVL/extracted/MDIVL/MDIVL/Data_Noise_JPEG/home_noise_1_jpg_100.jpg,Multiply Dist.,MDIVL/MDIVL/MD_IVLreference/OCEreferenceMD/home.png,90.867
home_noise_1_jpg_50.jpg,/kaggle/working/MDFS/data/MDIVL/extracted/MDIVL/MDIVL/Data_Noise_JPEG/home_noise_1_jpg_50.jpg,Multiply Dist.,MDIVL/MDIVL/MD_IVLreference/OCEreferenceMD/home.png,81.5705
home_noise_1_jpg_30.jpg,/kaggle/working/MDFS/data/MDIVL/extracted/MDIVL/MDIVL/Data_Noise_JPEG/home_noise_1_jpg_30.jpg,Multiply Dist.,MDIVL/MDIVL/MD_IVLreference/OCEreferenceMD/home.png,74.8509
home_noise_1_jpg_10.jpg,/kaggle/working/MDFS/data/MDIVL/extracted/MDIVL/MDIVL/Data_Noise_JPEG/home_noise_1_jpg_10.jpg,Multiply Dist.,MDIVL/MDIVL/MD_IVLreference/OCEreferenceMD/home.png,13.5195
home_noise_2_jpg_100.jpg,/kaggle/working/MDFS/data/MDIVL/extracted/MDIVL/MDIVL/Data_Noise_JPEG/home_noise_2_jpg_100.jpg,Multiply Dist.,MDIVL/MDIVL/MD_IVLreference/OCEreferenceMD/home.png,84.5114
home_noise_2_jpg_50.jpg,/kaggle/working/MDFS/data/MDIVL/extracted/MDIVL/MDIVL/Data_Noise_JPEG/home_noise_2_jpg_50.jpg,Multiply Dist.,MDIVL/MDIVL/MD_IVLreference/OCEreferenceMD/home.png,80.6447
home_noise_2_jpg_30.jpg,/kaggle/working/MDFS/data/MDIVL/extracted/MDIVL/MDIVL/Data_Noise_JPEG/home_noise_2_jpg_30.jpg,Multiply Dist.,MDIVL/MDIVL/MD_IVLreference/OCEreferenceMD/home.png,55.9287
home_noise_2_jpg_10.jpg,/kaggle/working/MDFS/data/MDIVL/extracted/MDIVL/MDIVL/Data_Noise_JPEG/home_noise_2_jpg_10.jpg,Multiply Dist.,MDIVL/MDIVL/MD_IVLreference/OCEreferenceMD/home.png,21.145
home_noise_3_jpg_100.jpg,/kaggle/working/MDFS/data/MDIVL/extracted/MDIVL/MDIVL/Data_Noise_JPEG/home_noise_3_jpg_100.jpg,Multiply Dist.,MDIVL/MDIVL/MD_IVLreference/OCEreferenceMD/home.png,78.4845
home_noise_3_jpg_50.jpg,/kaggle/working/MDFS/data/MDIVL/extracted/MDIVL/MDIVL/Data_Noise_JPEG/home_noise_3_jpg_50.jpg,Multiply Dist.,MDIVL/MDIVL/MD_IVLreference/OCEreferenceMD/home.png,79.1332
home_noise_3_jpg_30.jpg,/kaggle/working/MDFS/data/MDIVL/extracted/MDIVL/MDIVL/Data_Noise_JPEG/home_noise_3_jpg_30.jpg,Multiply Dist.,MDIVL/MDIVL/MD_IVLreference/OCEreferenceMD/home.png,63.0569
home_noise_3_jpg_10.jpg,/kaggle/working/MDFS/data/MDIVL/extracted/MDIVL/MDIVL/Data_Noise_JPEG/home_noise_3_jpg_10.jpg,Multiply Dist.,MDIVL/MDIVL/MD_IVLreference/OCEreferenceMD/home.png,20.2837
home_noise_4_jpg_100.jpg,/kaggle/working/MDFS/data/MDIVL/extracted/MDIVL/MDIVL/Data_Noise_JPEG/home_noise_4_jpg_100.jpg,Multiply Dist.,MDIVL/MDIVL/MD_IVLreference/OCEreferenceMD/home.png,64.9765
home_noise_4_jpg_50.jpg,/kaggle/working/MDFS/data/MDIVL/extracted/MDIVL/MDIVL/Data_Noise_JPEG/home_noise_4_jpg_50.jpg,Multiply Dist.,MDIVL/MDIVL/MD_IVLreference/OCEreferenceMD/home.png,58.9123
home_noise_4_jpg_30.jpg,/kaggle/working/MDFS/data/MDIVL/extracted/MDIVL/MDIVL/Data_Noise_JPEG/home_noise_4_jpg_30.jpg,Multiply Dist.,MDIVL/MDIVL/MD_IVLreference/OCEreferenceMD/home.png,67.9969
home_noise_4_jpg_10.jpg,/kaggle/working/MDFS/data/MDIVL/extracted/MDIVL/MDIVL/Data_Noise_JPEG/home_noise_4_jpg_10.jpg,Multiply Dist.,MDIVL/MDIVL/MD_IVLreference/OCEreferenceMD/home.png,19.5246
home_noise_5_jpg_100.jpg,/kaggle/working/MDFS/data/MDIVL/extracted/MDIVL/MDIVL/Data_Noise_JPEG/home_noise_5_jpg_100.jpg,Multiply Dist.,MDIVL/MDIVL/MD_IVLreference/OCEreferenceMD/home.png,63.0704
home_noise_5_jpg_50.jpg,/kaggle/working/MDFS/data/MDIVL/extracted/MDIVL/MDIVL/Data_Noise_JPEG/home_noise_5_jpg_50.jpg,Multiply Dist.,MDIVL/MDIVL/MD_IVLreference/OCEreferenceMD/home.png,53.0567
home_noise_5_jpg_30.jpg,/kaggle/working/MDFS/data/MDIVL/extracted/MDIVL/MDIVL/Data_Noise_JPEG/home_noise_5_jpg_30.jpg,Multiply Dist.,MDIVL/MDIVL/MD_IVLreference/OCEreferenceMD/home.png,42.9369
home_noise_5_jpg_10.jpg,/kaggle/working/MDFS/data/MDIVL/extracted/MDIVL/MDIVL/Data_Noise_JPEG/home_noise_5_jpg_10.jpg,Multiply Dist.,MDIVL/MDIVL/MD_IVLreference/OCEreferenceMD/home.png,12.8108
home_noise_6_jpg_100.jpg,/kaggle/working/MDFS/data/MDIVL/extracted/MDIVL/MDIVL/Data_Noise_JPEG/home_noise_6_jpg_100.jpg,Multiply Dist.,MDIVL/MDIVL/MD_IVLreference/OCEreferenceMD/home.png,54.2859
home_noise_6_jpg_50.jpg,/kaggle/working/MDFS/data/MDIVL/extracted/MDIVL/MDIVL/Data_Noise_JPEG/home_noise_6_jpg_50.jpg,Multiply Dist.,MDIVL/MDIVL/MD_IVLreference/OCEreferenceMD/home.png,39.2376
home_noise_6_jpg_30.jpg,/kaggle/working/MDFS/data/MDIVL/extracted/MDIVL/MDIVL/Data_Noise_JPEG/home_noise_6_jpg_30.jpg,Multiply Dist.,MDIVL/MDIVL/MD_IVLreference/OCEreferenceMD/home.png,53.6593
home_noise_6_jpg_10.jpg,/kaggle/working/MDFS/data/MDIVL/extracted/MDIVL/MDIVL/Data_Noise_JPEG/home_noise_6_jpg_10.jpg,Multiply Dist.,MDIVL/MDIVL/MD_IVLreference/OCEreferenceMD/home.png,16.5367
home_noise_8_jpg_100.jpg,/kaggle/working/MDFS/data/MDIVL/extracted/MDIVL/MDIVL/Data_Noise_JPEG/home_noise_8_jpg_100.jpg,Multiply Dist.,MDIVL/MDIVL/MD_IVLreference/OCEreferenceMD/home.png,42.9704
home_noise_8_jpg_50.jpg,/kaggle/working/MDFS/data/MDIVL/extracted/MDIVL/MDIVL/Data_Noise_JPEG/home_noise_8_jpg_50.jpg,Multiply Dist.,MDIVL/MDIVL/MD_IVLreference/OCEreferenceMD/home.png,38.5762
home_noise_8_jpg_30.jpg,/kaggle/working/MDFS/data/MDIVL/extracted/MDIVL/MDIVL/Data_Noise_JPEG/home_noise_8_jpg_30.jpg,Multiply Dist.,MDIVL/MDIVL/MD_IVLreference/OCEreferenceMD/home.png,46.6586
home_noise_8_jpg_10.jpg,/kaggle/working/MDFS/data/MDIVL/extracted/MDIVL/MDIVL/Data_Noise_JPEG/home_noise_8_jpg_10.jpg,Multiply Dist.,MDIVL/MDIVL/MD_IVLreference/OCEreferenceMD/home.png,16.7576
home_noise_10_jpg_100.jpg,/kaggle/working/MDFS/data/MDIVL/extracted/MDIVL/MDIVL/Data_Noise_JPEG/home_noise_10_jpg_100.jpg,Multiply Dist.,MDIVL/MDIVL/MD_IVLreference/OCEreferenceMD/home.png,35.1523
home_noise_10_jpg_50.jpg,/kaggle/working/MDFS/data/MDIVL/extracted/MDIVL/MDIVL/Data_Noise_JPEG/home_noise_10_jpg_50.jpg,Multiply Dist.,MDIVL/MDIVL/MD_IVLreference/OCEreferenceMD/home.png,25.0309
home_noise_10_jpg_30.jpg,/kaggle/working/MDFS/data/MDIVL/extracted/MDIVL/MDIVL/Data_Noise_JPEG/home_noise_10_jpg_30.jpg,Multiply Dist.,MDIVL/MDIVL/MD_IVLreference/OCEreferenceMD/home.png,27.0764
home_noise_10_jpg_10.jpg,/kaggle/working/MDFS/data/MDIVL/extracted/MDIVL/MDIVL/Data_Noise_JPEG/home_noise_10_jpg_10.jpg,Multiply Dist.,MDIVL/MDIVL/MD_IVLreference/OCEreferenceMD/home.png,20.8681
home_noise_12_jpg_100.jpg,/kaggle/working/MDFS/data/MDIVL/extracted/MDIVL/MDIVL/Data_Noise_JPEG/home_noise_12_jpg_100.jpg,Multiply Dist.,MDIVL/MDIVL/MD_IVLreference/OCEreferenceMD/home.png,33.8706
home_noise_12_jpg_50.jpg,/kaggle/working/MDFS/data/MDIVL/extracted/MDIVL/MDIVL/Data_Noise_JPEG/home_noise_12_jpg_50.jpg,Multiply Dist.,MDIVL/MDIVL/MD_IVLreference/OCEreferenceMD/home.png,20.6473
home_noise_12_jpg_30.jpg,/kaggle/working/MDFS/data/MDIVL/extracted/MDIVL/MDIVL/Data_Noise_JPEG/home_noise_12_jpg_30.jpg,Multiply Dist.,MDIVL/MDIVL/MD_IVLreference/OCEreferenceMD/home.png,29.3153
home_noise_12_jpg_10.jpg,/kaggle/working/MDFS/data/MDIVL/extracted/MDIVL/MDIVL/Data_Noise_JPEG/home_noise_12_jpg_10.jpg,Multiply Dist.,MDIVL/MDIVL/MD_IVLreference/OCEreferenceMD/home.png,16.0584
home_noise_14_jpg_100.jpg,/kaggle/working/MDFS/data/MDIVL/extracted/MDIVL/MDIVL/Data_Noise_JPEG/home_noise_14_jpg_100.jpg,Multiply Dist.,MDIVL/MDIVL/MD_IVLreference/OCEreferenceMD/home.png,24.708
home_noise_14_jpg_50.jpg,/kaggle/working/MDFS/data/MDIVL/extracted/MDIVL/MDIVL/Data_Noise_JPEG/home_noise_14_jpg_50.jpg,Multiply Dist.,MDIVL/MDIVL/MD_IVLreference/OCEreferenceMD/home.png,17.7142
home_noise_14_jpg_30.jpg,/kaggle/working/MDFS/data/MDIVL/extracted/MDIVL/MDIVL/Data_Noise_JPEG/home_noise_14_jpg_30.jpg,Multiply Dist.,MDIVL/MDIVL/MD_IVLreference/OCEreferenceMD/home.png,15.8403
home_noise_14_jpg_10.jpg,/kaggle/working/MDFS/data/MDIVL/extracted/MDIVL/MDIVL/Data_Noise_JPEG/home_noise_14_jpg_10.jpg,Multiply Dist.,MDIVL/MDIVL/MD_IVLreference/OCEreferenceMD/home.png,10.8862
manikin_noise_1_jpg_100.jpg,/kaggle/working/MDFS/data/MDIVL/extracted/MDIVL/MDIVL/Data_Noise_JPEG/manikin_noise_1_jpg_100.jpg,Multiply Dist.,MDIVL/MDIVL/MD_IVLreference/OCEreferenceMD/manikin.png,93.4257
manikin_noise_1_jpg_50.jpg,/kaggle/working/MDFS/data/MDIVL/extracted/MDIVL/MDIVL/Data_Noise_JPEG/manikin_noise_1_jpg_50.jpg,Multiply Dist.,MDIVL/MDIVL/MD_IVLreference/OCEreferenceMD/manikin.png,79.5541
manikin_noise_1_jpg_30.jpg,/kaggle/working/MDFS/data/MDIVL/extracted/MDIVL/MDIVL/Data_Noise_JPEG/manikin_noise_1_jpg_30.jpg,Multiply Dist.,MDIVL/MDIVL/MD_IVLreference/OCEreferenceMD/manikin.png,49.8788
manikin_noise_1_jpg_10.jpg,/kaggle/working/MDFS/data/MDIVL/extracted/MDIVL/MDIVL/Data_Noise_JPEG/manikin_noise_1_jpg_10.jpg,Multiply Dist.,MDIVL/MDIVL/MD_IVLreference/OCEreferenceMD/manikin.png,16.9112
manikin_noise_2_jpg_100.jpg,/kaggle/working/MDFS/data/MDIVL/extracted/MDIVL/MDIVL/Data_Noise_JPEG/manikin_noise_2_jpg_100.jpg,Multiply Dist.,MDIVL/MDIVL/MD_IVLreference/OCEreferenceMD/manikin.png,81.6542
manikin_noise_2_jpg_50.jpg,/kaggle/working/MDFS/data/MDIVL/extracted/MDIVL/MDIVL/Data_Noise_JPEG/manikin_noise_2_jpg_50.jpg,Multiply Dist.,MDIVL/MDIVL/MD_IVLreference/OCEreferenceMD/manikin.png,69.1026
manikin_noise_2_jpg_30.jpg,/kaggle/working/MDFS/data/MDIVL/extracted/MDIVL/MDIVL/Data_Noise_JPEG/manikin_noise_2_jpg_30.jpg,Multiply Dist.,MDIVL/MDIVL/MD_IVLreference/OCEreferenceMD/manikin.png,43.6697
manikin_noise_2_jpg_10.jpg,/kaggle/working/MDFS/data/MDIVL/extracted/MDIVL/MDIVL/Data_Noise_JPEG/manikin_noise_2_jpg_10.jpg,Multiply Dist.,MDIVL/MDIVL/MD_IVLreference/OCEreferenceMD/manikin.png,18.3248
manikin_noise_3_jpg_100.jpg,/kaggle/working/MDFS/data/MDIVL/extracted/MDIVL/MDIVL/Data_Noise_JPEG/manikin_noise_3_jpg_100.jpg,Multiply Dist.,MDIVL/MDIVL/MD_IVLreference/OCEreferenceMD/manikin.png,63.1584
manikin_noise_3_jpg_50.jpg,/kaggle/working/MDFS/data/MDIVL/extracted/MDIVL/MDIVL/Data_Noise_JPEG/manikin_noise_3_jpg_50.jpg,Multiply Dist.,MDIVL/MDIVL/MD_IVLreference/OCEreferenceMD/manikin.png,59.3308
manikin_noise_3_jpg_30.jpg,/kaggle/working/MDFS/data/MDIVL/extracted/MDIVL/MDIVL/Data_Noise_JPEG/manikin_noise_3_jpg_30.jpg,Multiply Dist.,MDIVL/MDIVL/MD_IVLreference/OCEreferenceMD/manikin.png,53.5101
manikin_noise_3_jpg_10.jpg,/kaggle/working/MDFS/data/MDIVL/extracted/MDIVL/MDIVL/Data_Noise_JPEG/manikin_noise_3_jpg_10.jpg,Multiply Dist.,MDIVL/MDIVL/MD_IVLreference/OCEreferenceMD/manikin.png,14.5427
manikin_noise_4_jpg_100.jpg,/kaggle/working/MDFS/data/MDIVL/extracted/MDIVL/MDIVL/Data_Noise_JPEG/manikin_noise_4_jpg_100.jpg,Multiply Dist.,MDIVL/MDIVL/MD_IVLreference/OCEreferenceMD/manikin.png,65.2268
manikin_noise_4_jpg_50.jpg,/kaggle/working/MDFS/data/MDIVL/extracted/MDIVL/MDIVL/Data_Noise_JPEG/manikin_noise_4_jpg_50.jpg,Multiply Dist.,MDIVL/MDIVL/MD_IVLreference/OCEreferenceMD/manikin.png,53.6275
manikin_noise_4_jpg_30.jpg,/kaggle/working/MDFS/data/MDIVL/extracted/MDIVL/MDIVL/Data_Noise_JPEG/manikin_noise_4_jpg_30.jpg,Multiply Dist.,MDIVL/MDIVL/MD_IVLreference/OCEreferenceMD/manikin.png,61.6544
manikin_noise_4_jpg_10.jpg,/kaggle/working/MDFS/data/MDIVL/extracted/MDIVL/MDIVL/Data_Noise_JPEG/manikin_noise_4_jpg_10.jpg,Multiply Dist.,MDIVL/MDIVL/MD_IVLreference/OCEreferenceMD/manikin.png,11.5379
manikin_noise_5_jpg_100.jpg,/kaggle/working/MDFS/data/MDIVL/extracted/MDIVL/MDIVL/Data_Noise_JPEG/manikin_noise_5_jpg_100.jpg,Multiply Dist.,MDIVL/MDIVL/MD_IVLreference/OCEreferenceMD/manikin.png,50.552
manikin_noise_5_jpg_50.jpg,/kaggle/working/MDFS/data/MDIVL/extracted/MDIVL/MDIVL/Data_Noise_JPEG/manikin_noise_5_jpg_50.jpg,Multiply Dist.,MDIVL/MDIVL/MD_IVLreference/OCEreferenceMD/manikin.png,46.884
manikin_noise_5_jpg_30.jpg,/kaggle/working/MDFS/data/MDIVL/extracted/MDIVL/MDIVL/Data_Noise_JPEG/manikin_noise_5_jpg_30.jpg,Multiply Dist.,MDIVL/MDIVL/MD_IVLreference/OCEreferenceMD/manikin.png,33.0438
manikin_noise_5_jpg_10.jpg,/kaggle/working/MDFS/data/MDIVL/extracted/MDIVL/MDIVL/Data_Noise_JPEG/manikin_noise_5_jpg_10.jpg,Multiply Dist.,MDIVL/MDIVL/MD_IVLreference/OCEreferenceMD/manikin.png,12.3085
manikin_noise_6_jpg_100.jpg,/kaggle/working/MDFS/data/MDIVL/extracted/MDIVL/MDIVL/Data_Noise_JPEG/manikin_noise_6_jpg_100.jpg,Multiply Dist.,MDIVL/MDIVL/MD_IVLreference/OCEreferenceMD/manikin.png,40.0491
manikin_noise_6_jpg_50.jpg,/kaggle/working/MDFS/data/MDIVL/extracted/MDIVL/MDIVL/Data_Noise_JPEG/manikin_noise_6_jpg_50.jpg,Multiply Dist.,MDIVL/MDIVL/MD_IVLreference/OCEreferenceMD/manikin.png,39.5233
manikin_noise_6_jpg_30.jpg,/kaggle/working/MDFS/data/MDIVL/extracted/MDIVL/MDIVL/Data_Noise_JPEG/manikin_noise_6_jpg_30.jpg,Multiply Dist.,MDIVL/MDIVL/MD_IVLreference/OCEreferenceMD/manikin.png,34.1904
manikin_noise_6_jpg_10.jpg,/kaggle/working/MDFS/data/MDIVL/extracted/MDIVL/MDIVL/Data_Noise_JPEG/manikin_noise_6_jpg_10.jpg,Multiply Dist.,MDIVL/MDIVL/MD_IVLreference/OCEreferenceMD/manikin.png,16.1937
manikin_noise_8_jpg_100.jpg,/kaggle/working/MDFS/data/MDIVL/extracted/MDIVL/MDIVL/Data_Noise_JPEG/manikin_noise_8_jpg_100.jpg,Multiply Dist.,MDIVL/MDIVL/MD_IVLreference/OCEreferenceMD/manikin.png,36.3123
manikin_noise_8_jpg_50.jpg,/kaggle/working/MDFS/data/MDIVL/extracted/MDIVL/MDIVL/Data_Noise_JPEG/manikin_noise_8_jpg_50.jpg,Multiply Dist.,MDIVL/MDIVL/MD_IVLreference/OCEreferenceMD/manikin.png,29.0687
manikin_noise_8_jpg_30.jpg,/kaggle/working/MDFS/data/MDIVL/extracted/MDIVL/MDIVL/Data_Noise_JPEG/manikin_noise_8_jpg_30.jpg,Multiply Dist.,MDIVL/MDIVL/MD_IVLreference/OCEreferenceMD/manikin.png,30.9668
manikin_noise_8_jpg_10.jpg,/kaggle/working/MDFS/data/MDIVL/extracted/MDIVL/MDIVL/Data_Noise_JPEG/manikin_noise_8_jpg_10.jpg,Multiply Dist.,MDIVL/MDIVL/MD_IVLreference/OCEreferenceMD/manikin.png,14.5779
manikin_noise_10_jpg_100.jpg,/kaggle/working/MDFS/data/MDIVL/extracted/MDIVL/MDIVL/Data_Noise_JPEG/manikin_noise_10_jpg_100.jpg,Multiply Dist.,MDIVL/MDIVL/MD_IVLreference/OCEreferenceMD/manikin.png,23.499
manikin_noise_10_jpg_50.jpg,/kaggle/working/MDFS/data/MDIVL/extracted/MDIVL/MDIVL/Data_Noise_JPEG/manikin_noise_10_jpg_50.jpg,Multiply Dist.,MDIVL/MDIVL/MD_IVLreference/OCEreferenceMD/manikin.png,31.3318
manikin_noise_10_jpg_30.jpg,/kaggle/working/MDFS/data/MDIVL/extracted/MDIVL/MDIVL/Data_Noise_JPEG/manikin_noise_10_jpg_30.jpg,Multiply Dist.,MDIVL/MDIVL/MD_IVLreference/OCEreferenceMD/manikin.png,25.7699
manikin_noise_10_jpg_10.jpg,/kaggle/working/MDFS/data/MDIVL/extracted/MDIVL/MDIVL/Data_Noise_JPEG/manikin_noise_10_jpg_10.jpg,Multiply Dist.,MDIVL/MDIVL/MD_IVLreference/OCEreferenceMD/manikin.png,10.5859
manikin_noise_12_jpg_100.jpg,/kaggle/working/MDFS/data/MDIVL/extracted/MDIVL/MDIVL/Data_Noise_JPEG/manikin_noise_12_jpg_100.jpg,Multiply Dist.,MDIVL/MDIVL/MD_IVLreference/OCEreferenceMD/manikin.png,17.5313
manikin_noise_12_jpg_50.jpg,/kaggle/working/MDFS/data/MDIVL/extracted/MDIVL/MDIVL/Data_Noise_JPEG/manikin_noise_12_jpg_50.jpg,Multiply Dist.,MDIVL/MDIVL/MD_IVLreference/OCEreferenceMD/manikin.png,27.953
manikin_noise_12_jpg_30.jpg,/kaggle/working/MDFS/data/MDIVL/extracted/MDIVL/MDIVL/Data_Noise_JPEG/manikin_noise_12_jpg_30.jpg,Multiply Dist.,MDIVL/MDIVL/MD_IVLreference/OCEreferenceMD/manikin.png,26.2174
manikin_noise_12_jpg_10.jpg,/kaggle/working/MDFS/data/MDIVL/extracted/MDIVL/MDIVL/Data_Noise_JPEG/manikin_noise_12_jpg_10.jpg,Multiply Dist.,MDIVL/MDIVL/MD_IVLreference/OCEreferenceMD/manikin.png,12.3324
manikin_noise_14_jpg_100.jpg,/kaggle/working/MDFS/data/MDIVL/extracted/MDIVL/MDIVL/Data_Noise_JPEG/manikin_noise_14_jpg_100.jpg,Multiply Dist.,MDIVL/MDIVL/MD_IVLreference/OCEreferenceMD/manikin.png,20.877
manikin_noise_14_jpg_50.jpg,/kaggle/working/MDFS/data/MDIVL/extracted/MDIVL/MDIVL/Data_Noise_JPEG/manikin_noise_14_jpg_50.jpg,Multiply Dist.,MDIVL/MDIVL/MD_IVLreference/OCEreferenceMD/manikin.png,17.4697
manikin_noise_14_jpg_30.jpg,/kaggle/working/MDFS/data/MDIVL/extracted/MDIVL/MDIVL/Data_Noise_JPEG/manikin_noise_14_jpg_30.jpg,Multiply Dist.,MDIVL/MDIVL/MD_IVLreference/OCEreferenceMD/manikin.png,25.2682
manikin_noise_14_jpg_10.jpg,/kaggle/working/MDFS/data/MDIVL/extracted/MDIVL/MDIVL/Data_Noise_JPEG/manikin_noise_14_jpg_10.jpg,Multiply Dist.,MDIVL/MDIVL/MD_IVLreference/OCEreferenceMD/manikin.png,11.4447
metro_noise_1_jpg_100.jpg,/kaggle/working/MDFS/data/MDIVL/extracted/MDIVL/MDIVL/Data_Noise_JPEG/metro_noise_1_jpg_100.jpg,Multiply Dist.,MDIVL/MDIVL/MD_IVLreference/OCEreferenceMD/metro.png,94.0713
metro_noise_1_jpg_50.jpg,/kaggle/working/MDFS/data/MDIVL/extracted/MDIVL/MDIVL/Data_Noise_JPEG/metro_noise_1_jpg_50.jpg,Multiply Dist.,MDIVL/MDIVL/MD_IVLreference/OCEreferenceMD/metro.png,85.2034
metro_noise_1_jpg_30.jpg,/kaggle/working/MDFS/data/MDIVL/extracted/MDIVL/MDIVL/Data_Noise_JPEG/metro_noise_1_jpg_30.jpg,Multiply Dist.,MDIVL/MDIVL/MD_IVLreference/OCEreferenceMD/metro.png,68.403
metro_noise_1_jpg_10.jpg,/kaggle/working/MDFS/data/MDIVL/extracted/MDIVL/MDIVL/Data_Noise_JPEG/metro_noise_1_jpg_10.jpg,Multiply Dist.,MDIVL/MDIVL/MD_IVLreference/OCEreferenceMD/metro.png,23.3902
metro_noise_2_jpg_100.jpg,/kaggle/working/MDFS/data/MDIVL/extracted/MDIVL/MDIVL/Data_Noise_JPEG/metro_noise_2_jpg_100.jpg,Multiply Dist.,MDIVL/MDIVL/MD_IVLreference/OCEreferenceMD/metro.png,84.8513
metro_noise_2_jpg_50.jpg,/kaggle/working/MDFS/data/MDIVL/extracted/MDIVL/MDIVL/Data_Noise_JPEG/metro_noise_2_jpg_50.jpg,Multiply Dist.,MDIVL/MDIVL/MD_IVLreference/OCEreferenceMD/metro.png,69.0786
metro_noise_2_jpg_30.jpg,/kaggle/working/MDFS/data/MDIVL/extracted/MDIVL/MDIVL/Data_Noise_JPEG/metro_noise_2_jpg_30.jpg,Multiply Dist.,MDIVL/MDIVL/MD_IVLreference/OCEreferenceMD/metro.png,54.1872
metro_noise_2_jpg_10.jpg,/kaggle/working/MDFS/data/MDIVL/extracted/MDIVL/MDIVL/Data_Noise_JPEG/metro_noise_2_jpg_10.jpg,Multiply Dist.,MDIVL/MDIVL/MD_IVLreference/OCEreferenceMD/metro.png,15.6673
metro_noise_3_jpg_100.jpg,/kaggle/working/MDFS/data/MDIVL/extracted/MDIVL/MDIVL/Data_Noise_JPEG/metro_noise_3_jpg_100.jpg,Multiply Dist.,MDIVL/MDIVL/MD_IVLreference/OCEreferenceMD/metro.png,46.7675
metro_noise_3_jpg_50.jpg,/kaggle/working/MDFS/data/MDIVL/extracted/MDIVL/MDIVL/Data_Noise_JPEG/metro_noise_3_jpg_50.jpg,Multiply Dist.,MDIVL/MDIVL/MD_IVLreference/OCEreferenceMD/metro.png,70.3192
metro_noise_3_jpg_30.jpg,/kaggle/working/MDFS/data/MDIVL/extracted/MDIVL/MDIVL/Data_Noise_JPEG/metro_noise_3_jpg_30.jpg,Multiply Dist.,MDIVL/MDIVL/MD_IVLreference/OCEreferenceMD/metro.png,39.4885
metro_noise_3_jpg_10.jpg,/kaggle/working/MDFS/data/MDIVL/extracted/MDIVL/MDIVL/Data_Noise_JPEG/metro_noise_3_jpg_10.jpg,Multiply Dist.,MDIVL/MDIVL/MD_IVLreference/OCEreferenceMD/metro.png,12.6857
metro_noise_4_jpg_100.jpg,/kaggle/working/MDFS/data/MDIVL/extracted/MDIVL/MDIVL/Data_Noise_JPEG/metro_noise_4_jpg_100.jpg,Multiply Dist.,MDIVL/MDIVL/MD_IVLreference/OCEreferenceMD/metro.png,70.759
metro_noise_4_jpg_50.jpg,/kaggle/working/MDFS/data/MDIVL/extracted/MDIVL/MDIVL/Data_Noise_JPEG/metro_noise_4_jpg_50.jpg,Multiply Dist.,MDIVL/MDIVL/MD_IVLreference/OCEreferenceMD/metro.png,50.2769
metro_noise_4_jpg_30.jpg,/kaggle/working/MDFS/data/MDIVL/extracted/MDIVL/MDIVL/Data_Noise_JPEG/metro_noise_4_jpg_30.jpg,Multiply Dist.,MDIVL/MDIVL/MD_IVLreference/OCEreferenceMD/metro.png,56.9035
metro_noise_4_jpg_10.jpg,/kaggle/working/MDFS/data/MDIVL/extracted/MDIVL/MDIVL/Data_Noise_JPEG/metro_noise_4_jpg_10.jpg,Multiply Dist.,MDIVL/MDIVL/MD_IVLreference/OCEreferenceMD/metro.png,18.4481
metro_noise_5_jpg_100.jpg,/kaggle/working/MDFS/data/MDIVL/extracted/MDIVL/MDIVL/Data_Noise_JPEG/metro_noise_5_jpg_100.jpg,Multiply Dist.,MDIVL/MDIVL/MD_IVLreference/OCEreferenceMD/metro.png,47.0302
metro_noise_5_jpg_50.jpg,/kaggle/working/MDFS/data/MDIVL/extracted/MDIVL/MDIVL/Data_Noise_JPEG/metro_noise_5_jpg_50.jpg,Multiply Dist.,MDIVL/MDIVL/MD_IVLreference/OCEreferenceMD/metro.png,57.3382
metro_noise_5_jpg_30.jpg,/kaggle/working/MDFS/data/MDIVL/extracted/MDIVL/MDIVL/Data_Noise_JPEG/metro_noise_5_jpg_30.jpg,Multiply Dist.,MDIVL/MDIVL/MD_IVLreference/OCEreferenceMD/metro.png,47.0847
metro_noise_5_jpg_10.jpg,/kaggle/working/MDFS/data/MDIVL/extracted/MDIVL/MDIVL/Data_Noise_JPEG/metro_noise_5_jpg_10.jpg,Multiply Dist.,MDIVL/MDIVL/MD_IVLreference/OCEreferenceMD/metro.png,14.9929
metro_noise_6_jpg_100.jpg,/kaggle/working/MDFS/data/MDIVL/extracted/MDIVL/MDIVL/Data_Noise_JPEG/metro_noise_6_jpg_100.jpg,Multiply Dist.,MDIVL/MDIVL/MD_IVLreference/OCEreferenceMD/metro.png,37.1327
metro_noise_6_jpg_50.jpg,/kaggle/working/MDFS/data/MDIVL/extracted/MDIVL/MDIVL/Data_Noise_JPEG/metro_noise_6_jpg_50.jpg,Multiply Dist.,MDIVL/MDIVL/MD_IVLreference/OCEreferenceMD/metro.png,40.902
metro_noise_6_jpg_30.jpg,/kaggle/working/MDFS/data/MDIVL/extracted/MDIVL/MDIVL/Data_Noise_JPEG/metro_noise_6_jpg_30.jpg,Multiply Dist.,MDIVL/MDIVL/MD_IVLreference/OCEreferenceMD/metro.png,39.9678
metro_noise_6_jpg_10.jpg,/kaggle/working/MDFS/data/MDIVL/extracted/MDIVL/MDIVL/Data_Noise_JPEG/metro_noise_6_jpg_10.jpg,Multiply Dist.,MDIVL/MDIVL/MD_IVLreference/OCEreferenceMD/metro.png,11.6633
metro_noise_8_jpg_100.jpg,/kaggle/working/MDFS/data/MDIVL/extracted/MDIVL/MDIVL/Data_Noise_JPEG/metro_noise_8_jpg_100.jpg,Multiply Dist.,MDIVL/MDIVL/MD_IVLreference/OCEreferenceMD/metro.png,38.6544
metro_noise_8_jpg_50.jpg,/kaggle/working/MDFS/data/MDIVL/extracted/MDIVL/MDIVL/Data_Noise_JPEG/metro_noise_8_jpg_50.jpg,Multiply Dist.,MDIVL/MDIVL/MD_IVLreference/OCEreferenceMD/metro.png,26.1179
metro_noise_8_jpg_30.jpg,/kaggle/working/MDFS/data/MDIVL/extracted/MDIVL/MDIVL/Data_Noise_JPEG/metro_noise_8_jpg_30.jpg,Multiply Dist.,MDIVL/MDIVL/MD_IVLreference/OCEreferenceMD/metro.png,28.4842
metro_noise_8_jpg_10.jpg,/kaggle/working/MDFS/data/MDIVL/extracted/MDIVL/MDIVL/Data_Noise_JPEG/metro_noise_8_jpg_10.jpg,Multiply Dist.,MDIVL/MDIVL/MD_IVLreference/OCEreferenceMD/metro.png,13.769
metro_noise_10_jpg_100.jpg,/kaggle/working/MDFS/data/MDIVL/extracted/MDIVL/MDIVL/Data_Noise_JPEG/metro_noise_10_jpg_100.jpg,Multiply Dist.,MDIVL/MDIVL/MD_IVLreference/OCEreferenceMD/metro.png,31.5813
metro_noise_10_jpg_50.jpg,/kaggle/working/MDFS/data/MDIVL/extracted/MDIVL/MDIVL/Data_Noise_JPEG/metro_noise_10_jpg_50.jpg,Multiply Dist.,MDIVL/MDIVL/MD_IVLreference/OCEreferenceMD/metro.png,32.1706
metro_noise_10_jpg_30.jpg,/kaggle/working/MDFS/data/MDIVL/extracted/MDIVL/MDIVL/Data_Noise_JPEG/metro_noise_10_jpg_30.jpg,Multiply Dist.,MDIVL/MDIVL/MD_IVLreference/OCEreferenceMD/metro.png,21.9665
metro_noise_10_jpg_10.jpg,/kaggle/working/MDFS/data/MDIVL/extracted/MDIVL/MDIVL/Data_Noise_JPEG/metro_noise_10_jpg_10.jpg,Multiply Dist.,MDIVL/MDIVL/MD_IVLreference/OCEreferenceMD/metro.png,18.7715
metro_noise_12_jpg_100.jpg,/kaggle/working/MDFS/data/MDIVL/extracted/MDIVL/MDIVL/Data_Noise_JPEG/metro_noise_12_jpg_100.jpg,Multiply Dist.,MDIVL/MDIVL/MD_IVLreference/OCEreferenceMD/metro.png,22.4144
metro_noise_12_jpg_50.jpg,/kaggle/working/MDFS/data/MDIVL/extracted/MDIVL/MDIVL/Data_Noise_JPEG/metro_noise_12_jpg_50.jpg,Multiply Dist.,MDIVL/MDIVL/MD_IVLreference/OCEreferenceMD/metro.png,30.4355
metro_noise_12_jpg_30.jpg,/kaggle/working/MDFS/data/MDIVL/extracted/MDIVL/MDIVL/Data_Noise_JPEG/metro_noise_12_jpg_30.jpg,Multiply Dist.,MDIVL/MDIVL/MD_IVLreference/OCEreferenceMD/metro.png,23.8856
metro_noise_12_jpg_10.jpg,/kaggle/working/MDFS/data/MDIVL/extracted/MDIVL/MDIVL/Data_Noise_JPEG/metro_noise_12_jpg_10.jpg,Multiply Dist.,MDIVL/MDIVL/MD_IVLreference/OCEreferenceMD/metro.png,16.592
metro_noise_14_jpg_100.jpg,/kaggle/working/MDFS/data/MDIVL/extracted/MDIVL/MDIVL/Data_Noise_JPEG/metro_noise_14_jpg_100.jpg,Multiply Dist.,MDIVL/MDIVL/MD_IVLreference/OCEreferenceMD/metro.png,23.3055
metro_noise_14_jpg_50.jpg,/kaggle/working/MDFS/data/MDIVL/extracted/MDIVL/MDIVL/Data_Noise_JPEG/metro_noise_14_jpg_50.jpg,Multiply Dist.,MDIVL/MDIVL/MD_IVLreference/OCEreferenceMD/metro.png,17.5699
metro_noise_14_jpg_30.jpg,/kaggle/working/MDFS/data/MDIVL/extracted/MDIVL/MDIVL/Data_Noise_JPEG/metro_noise_14_jpg_30.jpg,Multiply Dist.,MDIVL/MDIVL/MD_IVLreference/OCEreferenceMD/metro.png,23.0352
metro_noise_14_jpg_10.jpg,/kaggle/working/MDFS/data/MDIVL/extracted/MDIVL/MDIVL/Data_Noise_JPEG/metro_noise_14_jpg_10.jpg,Multiply Dist.,MDIVL/MDIVL/MD_IVLreference/OCEreferenceMD/metro.png,15.4826
mountain_noise_1_jpg_100.jpg,/kaggle/working/MDFS/data/MDIVL/extracted/MDIVL/MDIVL/Data_Noise_JPEG/mountain_noise_1_jpg_100.jpg,Multiply Dist.,MDIVL/MDIVL/MD_IVLreference/OCEreferenceMD/mountain.png,83.4046
mountain_noise_1_jpg_50.jpg,/kaggle/working/MDFS/data/MDIVL/extracted/MDIVL/MDIVL/Data_Noise_JPEG/mountain_noise_1_jpg_50.jpg,Multiply Dist.,MDIVL/MDIVL/MD_IVLreference/OCEreferenceMD/mountain.png,78.0113
mountain_noise_1_jpg_30.jpg,/kaggle/working/MDFS/data/MDIVL/extracted/MDIVL/MDIVL/Data_Noise_JPEG/mountain_noise_1_jpg_30.jpg,Multiply Dist.,MDIVL/MDIVL/MD_IVLreference/OCEreferenceMD/mountain.png,65.1346
mountain_noise_1_jpg_10.jpg,/kaggle/working/MDFS/data/MDIVL/extracted/MDIVL/MDIVL/Data_Noise_JPEG/mountain_noise_1_jpg_10.jpg,Multiply Dist.,MDIVL/MDIVL/MD_IVLreference/OCEreferenceMD/mountain.png,12.2319
mountain_noise_2_jpg_100.jpg,/kaggle/working/MDFS/data/MDIVL/extracted/MDIVL/MDIVL/Data_Noise_JPEG/mountain_noise_2_jpg_100.jpg,Multiply Dist.,MDIVL/MDIVL/MD_IVLreference/OCEreferenceMD/mountain.png,77.6004
mountain_noise_2_jpg_50.jpg,/kaggle/working/MDFS/data/MDIVL/extracted/MDIVL/MDIVL/Data_Noise_JPEG/mountain_noise_2_jpg_50.jpg,Multiply Dist.,MDIVL/MDIVL/MD_IVLreference/OCEreferenceMD/mountain.png,76.5568
mountain_noise_2_jpg_30.jpg,/kaggle/working/MDFS/data/MDIVL/extracted/MDIVL/MDIVL/Data_Noise_JPEG/mountain_noise_2_jpg_30.jpg,Multiply Dist.,MDIVL/MDIVL/MD_IVLreference/OCEreferenceMD/mountain.png,57.793
mountain_noise_2_jpg_10.jpg,/kaggle/working/MDFS/data/MDIVL/extracted/MDIVL/MDIVL/Data_Noise_JPEG/mountain_noise_2_jpg_10.jpg,Multiply Dist.,MDIVL/MDIVL/MD_IVLreference/OCEreferenceMD/mountain.png,6.9992
mountain_noise_3_jpg_100.jpg,/kaggle/working/MDFS/data/MDIVL/extracted/MDIVL/MDIVL/Data_Noise_JPEG/mountain_noise_3_jpg_100.jpg,Multiply Dist.,MDIVL/MDIVL/MD_IVLreference/OCEreferenceMD/mountain.png,72.5764
mountain_noise_3_jpg_50.jpg,/kaggle/working/MDFS/data/MDIVL/extracted/MDIVL/MDIVL/Data_Noise_JPEG/mountain_noise_3_jpg_50.jpg,Multiply Dist.,MDIVL/MDIVL/MD_IVLreference/OCEreferenceMD/mountain.png,68.5132
mountain_noise_3_jpg_30.jpg,/kaggle/working/MDFS/data/MDIVL/extracted/MDIVL/MDIVL/Data_Noise_JPEG/mountain_noise_3_jpg_30.jpg,Multiply Dist.,MDIVL/MDIVL/MD_IVLreference/OCEreferenceMD/mountain.png,58.6156
mountain_noise_3_jpg_10.jpg,/kaggle/working/MDFS/data/MDIVL/extracted/MDIVL/MDIVL/Data_Noise_JPEG/mountain_noise_3_jpg_10.jpg,Multiply Dist.,MDIVL/MDIVL/MD_IVLreference/OCEreferenceMD/mountain.png,25.4389
mountain_noise_4_jpg_100.jpg,/kaggle/working/MDFS/data/MDIVL/extracted/MDIVL/MDIVL/Data_Noise_JPEG/mountain_noise_4_jpg_100.jpg,Multiply Dist.,MDIVL/MDIVL/MD_IVLreference/OCEreferenceMD/mountain.png,66.8581
mountain_noise_4_jpg_50.jpg,/kaggle/working/MDFS/data/MDIVL/extracted/MDIVL/MDIVL/Data_Noise_JPEG/mountain_noise_4_jpg_50.jpg,Multiply Dist.,MDIVL/MDIVL/MD_IVLreference/OCEreferenceMD/mountain.png,51.5317
mountain_noise_4_jpg_30.jpg,/kaggle/working/MDFS/data/MDIVL/extracted/MDIVL/MDIVL/Data_Noise_JPEG/mountain_noise_4_jpg_30.jpg,Multiply Dist.,MDIVL/MDIVL/MD_IVLreference/OCEreferenceMD/mountain.png,45.7894
mountain_noise_4_jpg_10.jpg,/kaggle/working/MDFS/data/MDIVL/extracted/MDIVL/MDIVL/Data_Noise_JPEG/mountain_noise_4_jpg_10.jpg,Multiply Dist.,MDIVL/MDIVL/MD_IVLreference/OCEreferenceMD/mountain.png,16.3342
mountain_noise_5_jpg_100.jpg,/kaggle/working/MDFS/data/MDIVL/extracted/MDIVL/MDIVL/Data_Noise_JPEG/mountain_noise_5_jpg_100.jpg,Multiply Dist.,MDIVL/MDIVL/MD_IVLreference/OCEreferenceMD/mountain.png,50.8533
mountain_noise_5_jpg_50.jpg,/kaggle/working/MDFS/data/MDIVL/extracted/MDIVL/MDIVL/Data_Noise_JPEG/mountain_noise_5_jpg_50.jpg,Multiply Dist.,MDIVL/MDIVL/MD_IVLreference/OCEreferenceMD/mountain.png,45.0935
mountain_noise_5_jpg_30.jpg,/kaggle/working/MDFS/data/MDIVL/extracted/MDIVL/MDIVL/Data_Noise_JPEG/mountain_noise_5_jpg_30.jpg,Multiply Dist.,MDIVL/MDIVL/MD_IVLreference/OCEreferenceMD/mountain.png,47.2604
mountain_noise_5_jpg_10.jpg,/kaggle/working/MDFS/data/MDIVL/extracted/MDIVL/MDIVL/Data_Noise_JPEG/mountain_noise_5_jpg_10.jpg,Multiply Dist.,MDIVL/MDIVL/MD_IVLreference/OCEreferenceMD/mountain.png,23.6219
mountain_noise_6_jpg_100.jpg,/kaggle/working/MDFS/data/MDIVL/extracted/MDIVL/MDIVL/Data_Noise_JPEG/mountain_noise_6_jpg_100.jpg,Multiply Dist.,MDIVL/MDIVL/MD_IVLreference/OCEreferenceMD/mountain.png,48.9644
mountain_noise_6_jpg_50.jpg,/kaggle/working/MDFS/data/MDIVL/extracted/MDIVL/MDIVL/Data_Noise_JPEG/mountain_noise_6_jpg_50.jpg,Multiply Dist.,MDIVL/MDIVL/MD_IVLreference/OCEreferenceMD/mountain.png,42.5074
mountain_noise_6_jpg_30.jpg,/kaggle/working/MDFS/data/MDIVL/extracted/MDIVL/MDIVL/Data_Noise_JPEG/mountain_noise_6_jpg_30.jpg,Multiply Dist.,MDIVL/MDIVL/MD_IVLreference/OCEreferenceMD/mountain.png,42.269
mountain_noise_6_jpg_10.jpg,/kaggle/working/MDFS/data/MDIVL/extracted/MDIVL/MDIVL/Data_Noise_JPEG/mountain_noise_6_jpg_10.jpg,Multiply Dist.,MDIVL/MDIVL/MD_IVLreference/OCEreferenceMD/mountain.png,21.1958
mountain_noise_8_jpg_100.jpg,/kaggle/working/MDFS/data/MDIVL/extracted/MDIVL/MDIVL/Data_Noise_JPEG/mountain_noise_8_jpg_100.jpg,Multiply Dist.,MDIVL/MDIVL/MD_IVLreference/OCEreferenceMD/mountain.png,44.0492
mountain_noise_8_jpg_50.jpg,/kaggle/working/MDFS/data/MDIVL/extracted/MDIVL/MDIVL/Data_Noise_JPEG/mountain_noise_8_jpg_50.jpg,Multiply Dist.,MDIVL/MDIVL/MD_IVLreference/OCEreferenceMD/mountain.png,36.2886
mountain_noise_8_jpg_30.jpg,/kaggle/working/MDFS/data/MDIVL/extracted/MDIVL/MDIVL/Data_Noise_JPEG/mountain_noise_8_jpg_30.jpg,Multiply Dist.,MDIVL/MDIVL/MD_IVLreference/OCEreferenceMD/mountain.png,33.3294
mountain_noise_8_jpg_10.jpg,/kaggle/working/MDFS/data/MDIVL/extracted/MDIVL/MDIVL/Data_Noise_JPEG/mountain_noise_8_jpg_10.jpg,Multiply Dist.,MDIVL/MDIVL/MD_IVLreference/OCEreferenceMD/mountain.png,15.6966
mountain_noise_10_jpg_100.jpg,/kaggle/working/MDFS/data/MDIVL/extracted/MDIVL/MDIVL/Data_Noise_JPEG/mountain_noise_10_jpg_100.jpg,Multiply Dist.,MDIVL/MDIVL/MD_IVLreference/OCEreferenceMD/mountain.png,32.1401
mountain_noise_10_jpg_50.jpg,/kaggle/working/MDFS/data/MDIVL/extracted/MDIVL/MDIVL/Data_Noise_JPEG/mountain_noise_10_jpg_50.jpg,Multiply Dist.,MDIVL/MDIVL/MD_IVLreference/OCEreferenceMD/mountain.png,28.9457
mountain_noise_10_jpg_30.jpg,/kaggle/working/MDFS/data/MDIVL/extracted/MDIVL/MDIVL/Data_Noise_JPEG/mountain_noise_10_jpg_30.jpg,Multiply Dist.,MDIVL/MDIVL/MD_IVLreference/OCEreferenceMD/mountain.png,30.3137
mountain_noise_10_jpg_10.jpg,/kaggle/working/MDFS/data/MDIVL/extracted/MDIVL/MDIVL/Data_Noise_JPEG/mountain_noise_10_jpg_10.jpg,Multiply Dist.,MDIVL/MDIVL/MD_IVLreference/OCEreferenceMD/mountain.png,8.765
mountain_noise_12_jpg_100.jpg,/kaggle/working/MDFS/data/MDIVL/extracted/MDIVL/MDIVL/Data_Noise_JPEG/mountain_noise_12_jpg_100.jpg,Multiply Dist.,MDIVL/MDIVL/MD_IVLreference/OCEreferenceMD/mountain.png,21.8898
mountain_noise_12_jpg_50.jpg,/kaggle/working/MDFS/data/MDIVL/extracted/MDIVL/MDIVL/Data_Noise_JPEG/mountain_noise_12_jpg_50.jpg,Multiply Dist.,MDIVL/MDIVL/MD_IVLreference/OCEreferenceMD/mountain.png,26.502
mountain_noise_12_jpg_30.jpg,/kaggle/working/MDFS/data/MDIVL/extracted/MDIVL/MDIVL/Data_Noise_JPEG/mountain_noise_12_jpg_30.jpg,Multiply Dist.,MDIVL/MDIVL/MD_IVLreference/OCEreferenceMD/mountain.png,23.9839
mountain_noise_12_jpg_10.jpg,/kaggle/working/MDFS/data/MDIVL/extracted/MDIVL/MDIVL/Data_Noise_JPEG/mountain_noise_12_jpg_10.jpg,Multiply Dist.,MDIVL/MDIVL/MD_IVLreference/OCEreferenceMD/mountain.png,15.7024
mountain_noise_14_jpg_100.jpg,/kaggle/working/MDFS/data/MDIVL/extracted/MDIVL/MDIVL/Data_Noise_JPEG/mountain_noise_14_jpg_100.jpg,Multiply Dist.,MDIVL/MDIVL/MD_IVLreference/OCEreferenceMD/mountain.png,26.9658
mountain_noise_14_jpg_50.jpg,/kaggle/working/MDFS/data/MDIVL/extracted/MDIVL/MDIVL/Data_Noise_JPEG/mountain_noise_14_jpg_50.jpg,Multiply Dist.,MDIVL/MDIVL/MD_IVLreference/OCEreferenceMD/mountain.png,23.1372
mountain_noise_14_jpg_30.jpg,/kaggle/working/MDFS/data/MDIVL/extracted/MDIVL/MDIVL/Data_Noise_JPEG/mountain_noise_14_jpg_30.jpg,Multiply Dist.,MDIVL/MDIVL/MD_IVLreference/OCEreferenceMD/mountain.png,23.6027
mountain_noise_14_jpg_10.jpg,/kaggle/working/MDFS/data/MDIVL/extracted/MDIVL/MDIVL/Data_Noise_JPEG/mountain_noise_14_jpg_10.jpg,Multiply Dist.,MDIVL/MDIVL/MD_IVLreference/OCEreferenceMD/mountain.png,9.7082
snow_noise_1_jpg_100.jpg,/kaggle/working/MDFS/data/MDIVL/extracted/MDIVL/MDIVL/Data_Noise_JPEG/snow_noise_1_jpg_100.jpg,Multiply Dist.,MDIVL/MDIVL/MD_IVLreference/OCEreferenceMD/snow.png,91.8674
snow_noise_1_jpg_50.jpg,/kaggle/working/MDFS/data/MDIVL/extracted/MDIVL/MDIVL/Data_Noise_JPEG/snow_noise_1_jpg_50.jpg,Multiply Dist.,MDIVL/MDIVL/MD_IVLreference/OCEreferenceMD/snow.png,78.7838
snow_noise_1_jpg_30.jpg,/kaggle/working/MDFS/data/MDIVL/extracted/MDIVL/MDIVL/Data_Noise_JPEG/snow_noise_1_jpg_30.jpg,Multiply Dist.,MDIVL/MDIVL/MD_IVLreference/OCEreferenceMD/snow.png,56.1316
snow_noise_1_jpg_10.jpg,/kaggle/working/MDFS/data/MDIVL/extracted/MDIVL/MDIVL/Data_Noise_JPEG/snow_noise_1_jpg_10.jpg,Multiply Dist.,MDIVL/MDIVL/MD_IVLreference/OCEreferenceMD/snow.png,18.2198
snow_noise_2_jpg_100.jpg,/kaggle/working/MDFS/data/MDIVL/extracted/MDIVL/MDIVL/Data_Noise_JPEG/snow_noise_2_jpg_100.jpg,Multiply Dist.,MDIVL/MDIVL/MD_IVLreference/OCEreferenceMD/snow.png,84.348
snow_noise_2_jpg_50.jpg,/kaggle/working/MDFS/data/MDIVL/extracted/MDIVL/MDIVL/Data_Noise_JPEG/snow_noise_2_jpg_50.jpg,Multiply Dist.,MDIVL/MDIVL/MD_IVLreference/OCEreferenceMD/snow.png,81.2304
snow_noise_2_jpg_30.jpg,/kaggle/working/MDFS/data/MDIVL/extracted/MDIVL/MDIVL/Data_Noise_JPEG/snow_noise_2_jpg_30.jpg,Multiply Dist.,MDIVL/MDIVL/MD_IVLreference/OCEreferenceMD/snow.png,59.8759
snow_noise_2_jpg_10.jpg,/kaggle/working/MDFS/data/MDIVL/extracted/MDIVL/MDIVL/Data_Noise_JPEG/snow_noise_2_jpg_10.jpg,Multiply Dist.,MDIVL/MDIVL/MD_IVLreference/OCEreferenceMD/snow.png,18.5008
snow_noise_3_jpg_100.jpg,/kaggle/working/MDFS/data/MDIVL/extracted/MDIVL/MDIVL/Data_Noise_JPEG/snow_noise_3_jpg_100.jpg,Multiply Dist.,MDIVL/MDIVL/MD_IVLreference/OCEreferenceMD/snow.png,84.621
snow_noise_3_jpg_50.jpg,/kaggle/working/MDFS/data/MDIVL/extracted/MDIVL/MDIVL/Data_Noise_JPEG/snow_noise_3_jpg_50.jpg,Multiply Dist.,MDIVL/MDIVL/MD_IVLreference/OCEreferenceMD/snow.png,64.3158
snow_noise_3_jpg_30.jpg,/kaggle/working/MDFS/data/MDIVL/extracted/MDIVL/MDIVL/Data_Noise_JPEG/snow_noise_3_jpg_30.jpg,Multiply Dist.,MDIVL/MDIVL/MD_IVLreference/OCEreferenceMD/snow.png,72.0567
snow_noise_3_jpg_10.jpg,/kaggle/working/MDFS/data/MDIVL/extracted/MDIVL/MDIVL/Data_Noise_JPEG/snow_noise_3_jpg_10.jpg,Multiply Dist.,MDIVL/MDIVL/MD_IVLreference/OCEreferenceMD/snow.png,21.6237
snow_noise_4_jpg_100.jpg,/kaggle/working/MDFS/data/MDIVL/extracted/MDIVL/MDIVL/Data_Noise_JPEG/snow_noise_4_jpg_100.jpg,Multiply Dist.,MDIVL/MDIVL/MD_IVLreference/OCEreferenceMD/snow.png,77.3916
snow_noise_4_jpg_50.jpg,/kaggle/working/MDFS/data/MDIVL/extracted/MDIVL/MDIVL/Data_Noise_JPEG/snow_noise_4_jpg_50.jpg,Multiply Dist.,MDIVL/MDIVL/MD_IVLreference/OCEreferenceMD/snow.png,59.6537
snow_noise_4_jpg_30.jpg,/kaggle/working/MDFS/data/MDIVL/extracted/MDIVL/MDIVL/Data_Noise_JPEG/snow_noise_4_jpg_30.jpg,Multiply Dist.,MDIVL/MDIVL/MD_IVLreference/OCEreferenceMD/snow.png,40.8576
snow_noise_4_jpg_10.jpg,/kaggle/working/MDFS/data/MDIVL/extracted/MDIVL/MDIVL/Data_Noise_JPEG/snow_noise_4_jpg_10.jpg,Multiply Dist.,MDIVL/MDIVL/MD_IVLreference/OCEreferenceMD/snow.png,23.1576
snow_noise_5_jpg_100.jpg,/kaggle/working/MDFS/data/MDIVL/extracted/MDIVL/MDIVL/Data_Noise_JPEG/snow_noise_5_jpg_100.jpg,Multiply Dist.,MDIVL/MDIVL/MD_IVLreference/OCEreferenceMD/snow.png,68.305
snow_noise_5_jpg_50.jpg,/kaggle/working/MDFS/data/MDIVL/extracted/MDIVL/MDIVL/Data_Noise_JPEG/snow_noise_5_jpg_50.jpg,Multiply Dist.,MDIVL/MDIVL/MD_IVLreference/OCEreferenceMD/snow.png,51.4719
snow_noise_5_jpg_30.jpg,/kaggle/working/MDFS/data/MDIVL/extracted/MDIVL/MDIVL/Data_Noise_JPEG/snow_noise_5_jpg_30.jpg,Multiply Dist.,MDIVL/MDIVL/MD_IVLreference/OCEreferenceMD/snow.png,50.6866
snow_noise_5_jpg_10.jpg,/kaggle/working/MDFS/data/MDIVL/extracted/MDIVL/MDIVL/Data_Noise_JPEG/snow_noise_5_jpg_10.jpg,Multiply Dist.,MDIVL/MDIVL/MD_IVLreference/OCEreferenceMD/snow.png,18.5849
snow_noise_6_jpg_100.jpg,/kaggle/working/MDFS/data/MDIVL/extracted/MDIVL/MDIVL/Data_Noise_JPEG/snow_noise_6_jpg_100.jpg,Multiply Dist.,MDIVL/MDIVL/MD_IVLreference/OCEreferenceMD/snow.png,44.6082
snow_noise_6_jpg_50.jpg,/kaggle/working/MDFS/data/MDIVL/extracted/MDIVL/MDIVL/Data_Noise_JPEG/snow_noise_6_jpg_50.jpg,Multiply Dist.,MDIVL/MDIVL/MD_IVLreference/OCEreferenceMD/snow.png,42.6306
snow_noise_6_jpg_30.jpg,/kaggle/working/MDFS/data/MDIVL/extracted/MDIVL/MDIVL/Data_Noise_JPEG/snow_noise_6_jpg_30.jpg,Multiply Dist.,MDIVL/MDIVL/MD_IVLreference/OCEreferenceMD/snow.png,32.3225
snow_noise_6_jpg_10.jpg,/kaggle/working/MDFS/data/MDIVL/extracted/MDIVL/MDIVL/Data_Noise_JPEG/snow_noise_6_jpg_10.jpg,Multiply Dist.,MDIVL/MDIVL/MD_IVLreference/OCEreferenceMD/snow.png,27.3696
snow_noise_8_jpg_100.jpg,/kaggle/working/MDFS/data/MDIVL/extracted/MDIVL/MDIVL/Data_Noise_JPEG/snow_noise_8_jpg_100.jpg,Multiply Dist.,MDIVL/MDIVL/MD_IVLreference/OCEreferenceMD/snow.png,43.023
snow_noise_8_jpg_50.jpg,/kaggle/working/MDFS/data/MDIVL/extracted/MDIVL/MDIVL/Data_Noise_JPEG/snow_noise_8_jpg_50.jpg,Multiply Dist.,MDIVL/MDIVL/MD_IVLreference/OCEreferenceMD/snow.png,42.8729
snow_noise_8_jpg_30.jpg,/kaggle/working/MDFS/data/MDIVL/extracted/MDIVL/MDIVL/Data_Noise_JPEG/snow_noise_8_jpg_30.jpg,Multiply Dist.,MDIVL/MDIVL/MD_IVLreference/OCEreferenceMD/snow.png,33.8007
snow_noise_8_jpg_10.jpg,/kaggle/working/MDFS/data/MDIVL/extracted/MDIVL/MDIVL/Data_Noise_JPEG/snow_noise_8_jpg_10.jpg,Multiply Dist.,MDIVL/MDIVL/MD_IVLreference/OCEreferenceMD/snow.png,14.5749
snow_noise_10_jpg_100.jpg,/kaggle/working/MDFS/data/MDIVL/extracted/MDIVL/MDIVL/Data_Noise_JPEG/snow_noise_10_jpg_100.jpg,Multiply Dist.,MDIVL/MDIVL/MD_IVLreference/OCEreferenceMD/snow.png,45.3685
snow_noise_10_jpg_50.jpg,/kaggle/working/MDFS/data/MDIVL/extracted/MDIVL/MDIVL/Data_Noise_JPEG/snow_noise_10_jpg_50.jpg,Multiply Dist.,MDIVL/MDIVL/MD_IVLreference/OCEreferenceMD/snow.png,29.5497
snow_noise_10_jpg_30.jpg,/kaggle/working/MDFS/data/MDIVL/extracted/MDIVL/MDIVL/Data_Noise_JPEG/snow_noise_10_jpg_30.jpg,Multiply Dist.,MDIVL/MDIVL/MD_IVLreference/OCEreferenceMD/snow.png,28.2457
snow_noise_10_jpg_10.jpg,/kaggle/working/MDFS/data/MDIVL/extracted/MDIVL/MDIVL/Data_Noise_JPEG/snow_noise_10_jpg_10.jpg,Multiply Dist.,MDIVL/MDIVL/MD_IVLreference/OCEreferenceMD/snow.png,12.05
snow_noise_12_jpg_100.jpg,/kaggle/working/MDFS/data/MDIVL/extracted/MDIVL/MDIVL/Data_Noise_JPEG/snow_noise_12_jpg_100.jpg,Multiply Dist.,MDIVL/MDIVL/MD_IVLreference/OCEreferenceMD/snow.png,28.3559
snow_noise_12_jpg_50.jpg,/kaggle/working/MDFS/data/MDIVL/extracted/MDIVL/MDIVL/Data_Noise_JPEG/snow_noise_12_jpg_50.jpg,Multiply Dist.,MDIVL/MDIVL/MD_IVLreference/OCEreferenceMD/snow.png,23.1596
snow_noise_12_jpg_30.jpg,/kaggle/working/MDFS/data/MDIVL/extracted/MDIVL/MDIVL/Data_Noise_JPEG/snow_noise_12_jpg_30.jpg,Multiply Dist.,MDIVL/MDIVL/MD_IVLreference/OCEreferenceMD/snow.png,24.3985
snow_noise_12_jpg_10.jpg,/kaggle/working/MDFS/data/MDIVL/extracted/MDIVL/MDIVL/Data_Noise_JPEG/snow_noise_12_jpg_10.jpg,Multiply Dist.,MDIVL/MDIVL/MD_IVLreference/OCEreferenceMD/snow.png,14.2365
snow_noise_14_jpg_100.jpg,/kaggle/working/MDFS/data/MDIVL/extracted/MDIVL/MDIVL/Data_Noise_JPEG/snow_noise_14_jpg_100.jpg,Multiply Dist.,MDIVL/MDIVL/MD_IVLreference/OCEreferenceMD/snow.png,23.2263
snow_noise_14_jpg_50.jpg,/kaggle/working/MDFS/data/MDIVL/extracted/MDIVL/MDIVL/Data_Noise_JPEG/snow_noise_14_jpg_50.jpg,Multiply Dist.,MDIVL/MDIVL/MD_IVLreference/OCEreferenceMD/snow.png,19.3714
snow_noise_14_jpg_30.jpg,/kaggle/working/MDFS/data/MDIVL/extracted/MDIVL/MDIVL/Data_Noise_JPEG/snow_noise_14_jpg_30.jpg,Multiply Dist.,MDIVL/MDIVL/MD_IVLreference/OCEreferenceMD/snow.png,24.4507
snow_noise_14_jpg_10.jpg,/kaggle/working/MDFS/data/MDIVL/extracted/MDIVL/MDIVL/Data_Noise_JPEG/snow_noise_14_jpg_10.jpg,Multiply Dist.,MDIVL/MDIVL/MD_IVLreference/OCEreferenceMD/snow.png,6.2775
