filename,image_path,distortion_type,reference_path,mos,mdfs_raw_score,runtime_seconds,worker_gpu
baby_blur_0.001_jpg_100.jpg,/kaggle/working/MDFS/data/MDIVL/extracted/MDIVL/MDIVL/Data_Blur_JPEG/baby_blur_0.001_jpg_100.jpg,Multiply Dist.,MDIVL/MDIVL/MD_IVLreference/OCEreferenceMD/baby.png,96.8683,20.048677444458008,0.537474550999832,0
baby_blur_0.001_jpg_30.jpg,/kaggle/working/MDFS/data/MDIVL/extracted/MDIVL/MDIVL/Data_Blur_JPEG/baby_blur_0.001_jpg_30.jpg,Multiply Dist.,MDIVL/MDIVL/MD_IVLreference/OCEreferenceMD/baby.png,68.3884,25.69971466064453,0.1037857229985093,0
baby_blur_0.001_jpg_10.jpg,/kaggle/working/MDFS/data/MDIVL/extracted/MDIVL/MDIVL/Data_Blur_JPEG/baby_blur_0.001_jpg_10.jpg,Multiply Dist.,MDIVL/MDIVL/MD_IVLreference/OCEreferenceMD/baby.png,16.3002,32.642845153808594,0.0953154079998057,0
baby_blur_0.66_jpg_50.jpg,/kaggle/working/MDFS/data/MDIVL/extracted/MDIVL/MDIVL/Data_Blur_JPEG/baby_blur_0.66_jpg_50.jpg,Multiply Dist.,MDIVL/MDIVL/MD_IVLreference/OCEreferenceMD/baby.png,84.0241,23.69499015808105,0.0853908829994907,0
baby_blur_0.66_jpg_20.jpg,/kaggle/working/MDFS/data/MDIVL/extracted/MDIVL/MDIVL/Data_Blur_JPEG/baby_blur_0.66_jpg_20.jpg,Multiply Dist.,MDIVL/MDIVL/MD_IVLreference/OCEreferenceMD/baby.png,50.9056,28.889989852905277,0.0847590150005999,0
baby_blur_1.33_jpg_100.jpg,/kaggle/working/MDFS/data/MDIVL/extracted/MDIVL/MDIVL/Data_Blur_JPEG/baby_blur_1.33_jpg_100.jpg,Multiply Dist.,MDIVL/MDIVL/MD_IVLreference/OCEreferenceMD/baby.png,77.5018,24.227798461914062,0.0888461660015309,0
baby_blur_1.33_jpg_30.jpg,/kaggle/working/MDFS/data/MDIVL/extracted/MDIVL/MDIVL/Data_Blur_JPEG/baby_blur_1.33_jpg_30.jpg,Multiply Dist.,MDIVL/MDIVL/MD_IVLreference/OCEreferenceMD/baby.png,68.713,27.347265243530277,0.0853541690012207,0
baby_blur_1.33_jpg_10.jpg,/kaggle/working/MDFS/data/MDIVL/extracted/MDIVL/MDIVL/Data_Blur_JPEG/baby_blur_1.33_jpg_10.jpg,Multiply Dist.,MDIVL/MDIVL/MD_IVLreference/OCEreferenceMD/baby.png,16.9657,33.36626434326172,0.0843943069994566,0
baby_blur_2_jpg_50.jpg,/kaggle/working/MDFS/data/MDIVL/extracted/MDIVL/MDIVL/Data_Blur_JPEG/baby_blur_2_jpg_50.jpg,Multiply Dist.,MDIVL/MDIVL/MD_IVLreference/OCEreferenceMD/baby.png,66.136,25.90997886657715,0.0848075109988713,0
baby_blur_2_jpg_20.jpg,/kaggle/working/MDFS/data/MDIVL/extracted/MDIVL/MDIVL/Data_Blur_JPEG/baby_blur_2_jpg_20.jpg,Multiply Dist.,MDIVL/MDIVL/MD_IVLreference/OCEreferenceMD/baby.png,39.4276,30.39435386657715,0.0843086610002501,0
baby_blur_2.66_jpg_100.jpg,/kaggle/working/MDFS/data/MDIVL/extracted/MDIVL/MDIVL/Data_Blur_JPEG/baby_blur_2.66_jpg_100.jpg,Multiply Dist.,MDIVL/MDIVL/MD_IVLreference/OCEreferenceMD/baby.png,46.9969,33.04226303100586,0.0865864930001407,0
baby_blur_2.66_jpg_30.jpg,/kaggle/working/MDFS/data/MDIVL/extracted/MDIVL/MDIVL/Data_Blur_JPEG/baby_blur_2.66_jpg_30.jpg,Multiply Dist.,MDIVL/MDIVL/MD_IVLreference/OCEreferenceMD/baby.png,35.1571,28.869617462158203,0.085475497000516,0
baby_blur_2.66_jpg_10.jpg,/kaggle/working/MDFS/data/MDIVL/extracted/MDIVL/MDIVL/Data_Blur_JPEG/baby_blur_2.66_jpg_10.jpg,Multiply Dist.,MDIVL/MDIVL/MD_IVLreference/OCEreferenceMD/baby.png,8.8482,34.38016128540039,0.0838116109989641,0
baby_blur_3.33_jpg_50.jpg,/kaggle/working/MDFS/data/MDIVL/extracted/MDIVL/MDIVL/Data_Blur_JPEG/baby_blur_3.33_jpg_50.jpg,Multiply Dist.,MDIVL/MDIVL/MD_IVLreference/OCEreferenceMD/baby.png,31.5803,27.61168670654297,0.0844205069988675,0
baby_blur_3.33_jpg_20.jpg,/kaggle/working/MDFS/data/MDIVL/extracted/MDIVL/MDIVL/Data_Blur_JPEG/baby_blur_3.33_jpg_20.jpg,Multiply Dist.,MDIVL/MDIVL/MD_IVLreference/OCEreferenceMD/baby.png,26.8548,31.05574989318848,0.0852873969997745,0
baby_blur_4_jpg_100.jpg,/kaggle/working/MDFS/data/MDIVL/extracted/MDIVL/MDIVL/Data_Blur_JPEG/baby_blur_4_jpg_100.jpg,Multiply Dist.,MDIVL/MDIVL/MD_IVLreference/OCEreferenceMD/baby.png,28.3057,36.76393127441406,0.0865379999995639,0
baby_blur_4_jpg_30.jpg,/kaggle/working/MDFS/data/MDIVL/extracted/MDIVL/MDIVL/Data_Blur_JPEG/baby_blur_4_jpg_30.jpg,Multiply Dist.,MDIVL/MDIVL/MD_IVLreference/OCEreferenceMD/baby.png,21.5057,30.23399543762207,0.084931854999013,0
baby_blur_4_jpg_10.jpg,/kaggle/working/MDFS/data/MDIVL/extracted/MDIVL/MDIVL/Data_Blur_JPEG/baby_blur_4_jpg_10.jpg,Multiply Dist.,MDIVL/MDIVL/MD_IVLreference/OCEreferenceMD/baby.png,1.4105,35.52579116821289,0.08547122300115,0
bus_blur_0.001_jpg_50.jpg,/kaggle/working/MDFS/data/MDIVL/extracted/MDIVL/MDIVL/Data_Blur_JPEG/bus_blur_0.001_jpg_50.jpg,Multiply Dist.,MDIVL/MDIVL/MD_IVLreference/OCEreferenceMD/bus.png,87.1131,20.02368927001953,0.086160603999815,0
bus_blur_0.001_jpg_20.jpg,/kaggle/working/MDFS/data/MDIVL/extracted/MDIVL/MDIVL/Data_Blur_JPEG/bus_blur_0.001_jpg_20.jpg,Multiply Dist.,MDIVL/MDIVL/MD_IVLreference/OCEreferenceMD/bus.png,73.3856,22.04682731628418,0.0855850499992811,0
bus_blur_0.66_jpg_100.jpg,/kaggle/working/MDFS/data/MDIVL/extracted/MDIVL/MDIVL/Data_Blur_JPEG/bus_blur_0.66_jpg_100.jpg,Multiply Dist.,MDIVL/MDIVL/MD_IVLreference/OCEreferenceMD/bus.png,77.5686,19.73421859741211,0.0894940689995564,0
bus_blur_0.66_jpg_30.jpg,/kaggle/working/MDFS/data/MDIVL/extracted/MDIVL/MDIVL/Data_Blur_JPEG/bus_blur_0.66_jpg_30.jpg,Multiply Dist.,MDIVL/MDIVL/MD_IVLreference/OCEreferenceMD/bus.png,69.695,21.672069549560547,0.0856951690002461,0
bus_blur_0.66_jpg_10.jpg,/kaggle/working/MDFS/data/MDIVL/extracted/MDIVL/MDIVL/Data_Blur_JPEG/bus_blur_0.66_jpg_10.jpg,Multiply Dist.,MDIVL/MDIVL/MD_IVLreference/OCEreferenceMD/bus.png,25.9957,26.508132934570312,0.0857549270003801,0
bus_blur_1.33_jpg_50.jpg,/kaggle/working/MDFS/data/MDIVL/extracted/MDIVL/MDIVL/Data_Blur_JPEG/bus_blur_1.33_jpg_50.jpg,Multiply Dist.,MDIVL/MDIVL/MD_IVLreference/OCEreferenceMD/bus.png,53.0881,22.924636840820312,0.0850759290005953,0
bus_blur_1.33_jpg_20.jpg,/kaggle/working/MDFS/data/MDIVL/extracted/MDIVL/MDIVL/Data_Blur_JPEG/bus_blur_1.33_jpg_20.jpg,Multiply Dist.,MDIVL/MDIVL/MD_IVLreference/OCEreferenceMD/bus.png,46.7907,25.226768493652344,0.0844720259992755,0
bus_blur_2_jpg_100.jpg,/kaggle/working/MDFS/data/MDIVL/extracted/MDIVL/MDIVL/Data_Blur_JPEG/bus_blur_2_jpg_100.jpg,Multiply Dist.,MDIVL/MDIVL/MD_IVLreference/OCEreferenceMD/bus.png,45.3331,27.564115524291992,0.0881292950016359,0
bus_blur_2_jpg_30.jpg,/kaggle/working/MDFS/data/MDIVL/extracted/MDIVL/MDIVL/Data_Blur_JPEG/bus_blur_2_jpg_30.jpg,Multiply Dist.,MDIVL/MDIVL/MD_IVLreference/OCEreferenceMD/bus.png,29.8978,25.724557876586918,0.0855197389992099,0
bus_blur_2_jpg_10.jpg,/kaggle/working/MDFS/data/MDIVL/extracted/MDIVL/MDIVL/Data_Blur_JPEG/bus_blur_2_jpg_10.jpg,Multiply Dist.,MDIVL/MDIVL/MD_IVLreference/OCEreferenceMD/bus.png,14.3476,30.85244369506836,0.0848887550000654,0
bus_blur_2.66_jpg_50.jpg,/kaggle/working/MDFS/data/MDIVL/extracted/MDIVL/MDIVL/Data_Blur_JPEG/bus_blur_2.66_jpg_50.jpg,Multiply Dist.,MDIVL/MDIVL/MD_IVLreference/OCEreferenceMD/bus.png,33.3824,25.52801322937012,0.0852526599992415,0
bus_blur_2.66_jpg_20.jpg,/kaggle/working/MDFS/data/MDIVL/extracted/MDIVL/MDIVL/Data_Blur_JPEG/bus_blur_2.66_jpg_20.jpg,Multiply Dist.,MDIVL/MDIVL/MD_IVLreference/OCEreferenceMD/bus.png,21.9161,28.05765914916992,0.0860773629992763,0
bus_blur_3.33_jpg_100.jpg,/kaggle/working/MDFS/data/MDIVL/extracted/MDIVL/MDIVL/Data_Blur_JPEG/bus_blur_3.33_jpg_100.jpg,Multiply Dist.,MDIVL/MDIVL/MD_IVLreference/OCEreferenceMD/bus.png,16.9926,33.91425323486328,0.0881566589996509,0
bus_blur_3.33_jpg_30.jpg,/kaggle/working/MDFS/data/MDIVL/extracted/MDIVL/MDIVL/Data_Blur_JPEG/bus_blur_3.33_jpg_30.jpg,Multiply Dist.,MDIVL/MDIVL/MD_IVLreference/OCEreferenceMD/bus.png,20.7842,27.444862365722656,0.0855079660013871,0
bus_blur_3.33_jpg_10.jpg,/kaggle/working/MDFS/data/MDIVL/extracted/MDIVL/MDIVL/Data_Blur_JPEG/bus_blur_3.33_jpg_10.jpg,Multiply Dist.,MDIVL/MDIVL/MD_IVLreference/OCEreferenceMD/bus.png,6.5769,32.797080993652344,0.0841924460000882,0
bus_blur_4_jpg_50.jpg,/kaggle/working/MDFS/data/MDIVL/extracted/MDIVL/MDIVL/Data_Blur_JPEG/bus_blur_4_jpg_50.jpg,Multiply Dist.,MDIVL/MDIVL/MD_IVLreference/OCEreferenceMD/bus.png,14.1316,26.860246658325195,0.0863526760003878,0
bus_blur_4_jpg_20.jpg,/kaggle/working/MDFS/data/MDIVL/extracted/MDIVL/MDIVL/Data_Blur_JPEG/bus_blur_4_jpg_20.jpg,Multiply Dist.,MDIVL/MDIVL/MD_IVLreference/OCEreferenceMD/bus.png,14.2646,29.73392105102539,0.0851415840006666,0
candies_blur_0.001_jpg_100.jpg,/kaggle/working/MDFS/data/MDIVL/extracted/MDIVL/MDIVL/Data_Blur_JPEG/candies_blur_0.001_jpg_100.jpg,Multiply Dist.,MDIVL/MDIVL/MD_IVLreference/OCEreferenceMD/candies.png,94.9847,20.04281234741211,0.0896297090002917,0
candies_blur_0.001_jpg_30.jpg,/kaggle/working/MDFS/data/MDIVL/extracted/MDIVL/MDIVL/Data_Blur_JPEG/candies_blur_0.001_jpg_30.jpg,Multiply Dist.,MDIVL/MDIVL/MD_IVLreference/OCEreferenceMD/candies.png,87.6286,21.8999080657959,0.0861319949999597,0
candies_blur_0.001_jpg_10.jpg,/kaggle/working/MDFS/data/MDIVL/extracted/MDIVL/MDIVL/Data_Blur_JPEG/candies_blur_0.001_jpg_10.jpg,Multiply Dist.,MDIVL/MDIVL/MD_IVLreference/OCEreferenceMD/candies.png,55.1869,26.991209030151367,0.0859482930009107,0
candies_blur_0.66_jpg_50.jpg,/kaggle/working/MDFS/data/MDIVL/extracted/MDIVL/MDIVL/Data_Blur_JPEG/candies_blur_0.66_jpg_50.jpg,Multiply Dist.,MDIVL/MDIVL/MD_IVLreference/OCEreferenceMD/candies.png,82.0205,21.79245948791504,0.0864026529998227,0
candies_blur_0.66_jpg_20.jpg,/kaggle/working/MDFS/data/MDIVL/extracted/MDIVL/MDIVL/Data_Blur_JPEG/candies_blur_0.66_jpg_20.jpg,Multiply Dist.,MDIVL/MDIVL/MD_IVLreference/OCEreferenceMD/candies.png,67.546,24.41655921936035,0.0848685870005283,0
candies_blur_1.33_jpg_100.jpg,/kaggle/working/MDFS/data/MDIVL/extracted/MDIVL/MDIVL/Data_Blur_JPEG/candies_blur_1.33_jpg_100.jpg,Multiply Dist.,MDIVL/MDIVL/MD_IVLreference/OCEreferenceMD/candies.png,67.3601,25.73077964782715,0.088148638000348,0
candies_blur_1.33_jpg_30.jpg,/kaggle/working/MDFS/data/MDIVL/extracted/MDIVL/MDIVL/Data_Blur_JPEG/candies_blur_1.33_jpg_30.jpg,Multiply Dist.,MDIVL/MDIVL/MD_IVLreference/OCEreferenceMD/candies.png,55.4641,24.81011390686035,0.0864740310007619,0
candies_blur_1.33_jpg_10.jpg,/kaggle/working/MDFS/data/MDIVL/extracted/MDIVL/MDIVL/Data_Blur_JPEG/candies_blur_1.33_jpg_10.jpg,Multiply Dist.,MDIVL/MDIVL/MD_IVLreference/OCEreferenceMD/candies.png,36.1696,30.066518783569336,0.0859244500006752,0
candies_blur_2_jpg_50.jpg,/kaggle/working/MDFS/data/MDIVL/extracted/MDIVL/MDIVL/Data_Blur_JPEG/candies_blur_2_jpg_50.jpg,Multiply Dist.,MDIVL/MDIVL/MD_IVLreference/OCEreferenceMD/candies.png,35.9169,25.180814743041992,0.0851839679999102,0
candies_blur_2_jpg_20.jpg,/kaggle/working/MDFS/data/MDIVL/extracted/MDIVL/MDIVL/Data_Blur_JPEG/candies_blur_2_jpg_20.jpg,Multiply Dist.,MDIVL/MDIVL/MD_IVLreference/OCEreferenceMD/candies.png,30.7136,28.15000915527344,0.0864495109999552,0
candies_blur_2.66_jpg_100.jpg,/kaggle/working/MDFS/data/MDIVL/extracted/MDIVL/MDIVL/Data_Blur_JPEG/candies_blur_2.66_jpg_100.jpg,Multiply Dist.,MDIVL/MDIVL/MD_IVLreference/OCEreferenceMD/candies.png,26.2224,32.56367111206055,0.087879963000887,0
candies_blur_2.66_jpg_30.jpg,/kaggle/working/MDFS/data/MDIVL/extracted/MDIVL/MDIVL/Data_Blur_JPEG/candies_blur_2.66_jpg_30.jpg,Multiply Dist.,MDIVL/MDIVL/MD_IVLreference/OCEreferenceMD/candies.png,23.2028,27.194334030151367,0.086682805998862,0
candies_blur_2.66_jpg_10.jpg,/kaggle/working/MDFS/data/MDIVL/extracted/MDIVL/MDIVL/Data_Blur_JPEG/candies_blur_2.66_jpg_10.jpg,Multiply Dist.,MDIVL/MDIVL/MD_IVLreference/OCEreferenceMD/candies.png,18.0195,33.09210586547852,0.085078299000088,0
candies_blur_3.33_jpg_50.jpg,/kaggle/working/MDFS/data/MDIVL/extracted/MDIVL/MDIVL/Data_Blur_JPEG/candies_blur_3.33_jpg_50.jpg,Multiply Dist.,MDIVL/MDIVL/MD_IVLreference/OCEreferenceMD/candies.png,18.8824,27.382266998291016,0.0868221919990901,0
candies_blur_3.33_jpg_20.jpg,/kaggle/working/MDFS/data/MDIVL/extracted/MDIVL/MDIVL/Data_Blur_JPEG/candies_blur_3.33_jpg_20.jpg,Multiply Dist.,MDIVL/MDIVL/MD_IVLreference/OCEreferenceMD/candies.png,17.2774,30.33056259155273,0.0860543410017271,0
candies_blur_4_jpg_100.jpg,/kaggle/working/MDFS/data/MDIVL/extracted/MDIVL/MDIVL/Data_Blur_JPEG/candies_blur_4_jpg_100.jpg,Multiply Dist.,MDIVL/MDIVL/MD_IVLreference/OCEreferenceMD/candies.png,20.1541,36.777462005615234,0.0876864350011601,0
candies_blur_4_jpg_30.jpg,/kaggle/working/MDFS/data/MDIVL/extracted/MDIVL/MDIVL/Data_Blur_JPEG/candies_blur_4_jpg_30.jpg,Multiply Dist.,MDIVL/MDIVL/MD_IVLreference/OCEreferenceMD/candies.png,20.9755,29.29517364501953,0.0852702959982707,0
candies_blur_4_jpg_10.jpg,/kaggle/working/MDFS/data/MDIVL/extracted/MDIVL/MDIVL/Data_Blur_JPEG/candies_blur_4_jpg_10.jpg,Multiply Dist.,MDIVL/MDIVL/MD_IVLreference/OCEreferenceMD/candies.png,2.5819,33.85489654541016,0.0854734680015099,0
chianti_blur_0.001_jpg_50.jpg,/kaggle/working/MDFS/data/MDIVL/extracted/MDIVL/MDIVL/Data_Blur_JPEG/chianti_blur_0.001_jpg_50.jpg,Multiply Dist.,MDIVL/MDIVL/MD_IVLreference/OCEreferenceMD/chianti.png,82.8294,20.56475067138672,0.0867793270008405,0
chianti_blur_0.001_jpg_20.jpg,/kaggle/working/MDFS/data/MDIVL/extracted/MDIVL/MDIVL/Data_Blur_JPEG/chianti_blur_0.001_jpg_20.jpg,Multiply Dist.,MDIVL/MDIVL/MD_IVLreference/OCEreferenceMD/chianti.png,41.2645,23.96810340881348,0.0860914730001241,0
chianti_blur_0.66_jpg_100.jpg,/kaggle/working/MDFS/data/MDIVL/extracted/MDIVL/MDIVL/Data_Blur_JPEG/chianti_blur_0.66_jpg_100.jpg,Multiply Dist.,MDIVL/MDIVL/MD_IVLreference/OCEreferenceMD/chianti.png,87.3786,20.192459106445312,0.0894181820003723,0
chianti_blur_0.66_jpg_30.jpg,/kaggle/working/MDFS/data/MDIVL/extracted/MDIVL/MDIVL/Data_Blur_JPEG/chianti_blur_0.66_jpg_30.jpg,Multiply Dist.,MDIVL/MDIVL/MD_IVLreference/OCEreferenceMD/chianti.png,57.2551,22.916318893432617,0.0862802020001254,0
chianti_blur_0.66_jpg_10.jpg,/kaggle/working/MDFS/data/MDIVL/extracted/MDIVL/MDIVL/Data_Blur_JPEG/chianti_blur_0.66_jpg_10.jpg,Multiply Dist.,MDIVL/MDIVL/MD_IVLreference/OCEreferenceMD/chianti.png,27.4122,28.851459503173828,0.0864884809998329,0
chianti_blur_1.33_jpg_50.jpg,/kaggle/working/MDFS/data/MDIVL/extracted/MDIVL/MDIVL/Data_Blur_JPEG/chianti_blur_1.33_jpg_50.jpg,Multiply Dist.,MDIVL/MDIVL/MD_IVLreference/OCEreferenceMD/chianti.png,44.1619,22.888845443725582,0.0865509909999673,0
chianti_blur_1.33_jpg_20.jpg,/kaggle/working/MDFS/data/MDIVL/extracted/MDIVL/MDIVL/Data_Blur_JPEG/chianti_blur_1.33_jpg_20.jpg,Multiply Dist.,MDIVL/MDIVL/MD_IVLreference/OCEreferenceMD/chianti.png,30.8894,26.28368759155273,0.0846929999988788,0
chianti_blur_2_jpg_100.jpg,/kaggle/working/MDFS/data/MDIVL/extracted/MDIVL/MDIVL/Data_Blur_JPEG/chianti_blur_2_jpg_100.jpg,Multiply Dist.,MDIVL/MDIVL/MD_IVLreference/OCEreferenceMD/chianti.png,40.5927,29.723957061767575,0.0877996709987201,0
chianti_blur_2_jpg_30.jpg,/kaggle/working/MDFS/data/MDIVL/extracted/MDIVL/MDIVL/Data_Blur_JPEG/chianti_blur_2_jpg_30.jpg,Multiply Dist.,MDIVL/MDIVL/MD_IVLreference/OCEreferenceMD/chianti.png,27.2309,25.35747718811035,0.0840556370003469,0
chianti_blur_2_jpg_10.jpg,/kaggle/working/MDFS/data/MDIVL/extracted/MDIVL/MDIVL/Data_Blur_JPEG/chianti_blur_2_jpg_10.jpg,Multiply Dist.,MDIVL/MDIVL/MD_IVLreference/OCEreferenceMD/chianti.png,10.4234,31.34842109680176,0.0847995530002663,0
chianti_blur_2.66_jpg_50.jpg,/kaggle/working/MDFS/data/MDIVL/extracted/MDIVL/MDIVL/Data_Blur_JPEG/chianti_blur_2.66_jpg_50.jpg,Multiply Dist.,MDIVL/MDIVL/MD_IVLreference/OCEreferenceMD/chianti.png,24.9661,24.85295295715332,0.0867359860003489,0
chianti_blur_2.66_jpg_20.jpg,/kaggle/working/MDFS/data/MDIVL/extracted/MDIVL/MDIVL/Data_Blur_JPEG/chianti_blur_2.66_jpg_20.jpg,Multiply Dist.,MDIVL/MDIVL/MD_IVLreference/OCEreferenceMD/chianti.png,17.1024,27.90613555908203,0.0850838000005751,0
chianti_blur_3.33_jpg_100.jpg,/kaggle/working/MDFS/data/MDIVL/extracted/MDIVL/MDIVL/Data_Blur_JPEG/chianti_blur_3.33_jpg_100.jpg,Multiply Dist.,MDIVL/MDIVL/MD_IVLreference/OCEreferenceMD/chianti.png,23.0501,35.114871978759766,0.0876542050009447,0
chianti_blur_3.33_jpg_30.jpg,/kaggle/working/MDFS/data/MDIVL/extracted/MDIVL/MDIVL/Data_Blur_JPEG/chianti_blur_3.33_jpg_30.jpg,Multiply Dist.,MDIVL/MDIVL/MD_IVLreference/OCEreferenceMD/chianti.png,17.3024,27.29656410217285,0.0852692119988205,0
chianti_blur_3.33_jpg_10.jpg,/kaggle/working/MDFS/data/MDIVL/extracted/MDIVL/MDIVL/Data_Blur_JPEG/chianti_blur_3.33_jpg_10.jpg,Multiply Dist.,MDIVL/MDIVL/MD_IVLreference/OCEreferenceMD/chianti.png,12.1145,32.11790466308594,0.0849925029997393,0
chianti_blur_4_jpg_50.jpg,/kaggle/working/MDFS/data/MDIVL/extracted/MDIVL/MDIVL/Data_Blur_JPEG/chianti_blur_4_jpg_50.jpg,Multiply Dist.,MDIVL/MDIVL/MD_IVLreference/OCEreferenceMD/chianti.png,13.3875,26.69855117797852,0.0853880239992577,0
chianti_blur_4_jpg_20.jpg,/kaggle/working/MDFS/data/MDIVL/extracted/MDIVL/MDIVL/Data_Blur_JPEG/chianti_blur_4_jpg_20.jpg,Multiply Dist.,MDIVL/MDIVL/MD_IVLreference/OCEreferenceMD/chianti.png,15.854,29.60696792602539,0.0864289370001643,0
dancers1_blur_0.001_jpg_100.jpg,/kaggle/working/MDFS/data/MDIVL/extracted/MDIVL/MDIVL/Data_Blur_JPEG/dancers1_blur_0.001_jpg_100.jpg,Multiply Dist.,MDIVL/MDIVL/MD_IVLreference/OCEreferenceMD/dancers1.png,90.8768,20.746376037597656,0.0898152019999543,0
dancers1_blur_0.001_jpg_30.jpg,/kaggle/working/MDFS/data/MDIVL/extracted/MDIVL/MDIVL/Data_Blur_JPEG/dancers1_blur_0.001_jpg_30.jpg,Multiply Dist.,MDIVL/MDIVL/MD_IVLreference/OCEreferenceMD/dancers1.png,68.81,23.05841827392578,0.0865872490012407,0
dancers1_blur_0.001_jpg_10.jpg,/kaggle/working/MDFS/data/MDIVL/extracted/MDIVL/MDIVL/Data_Blur_JPEG/dancers1_blur_0.001_jpg_10.jpg,Multiply Dist.,MDIVL/MDIVL/MD_IVLreference/OCEreferenceMD/dancers1.png,26.4824,28.811988830566406,0.0853811870001663,0
dancers1_blur_0.66_jpg_50.jpg,/kaggle/working/MDFS/data/MDIVL/extracted/MDIVL/MDIVL/Data_Blur_JPEG/dancers1_blur_0.66_jpg_50.jpg,Multiply Dist.,MDIVL/MDIVL/MD_IVLreference/OCEreferenceMD/dancers1.png,74.7707,22.55516624450684,0.0855715809993853,0
dancers1_blur_0.66_jpg_20.jpg,/kaggle/working/MDFS/data/MDIVL/extracted/MDIVL/MDIVL/Data_Blur_JPEG/dancers1_blur_0.66_jpg_20.jpg,Multiply Dist.,MDIVL/MDIVL/MD_IVLreference/OCEreferenceMD/dancers1.png,55.3994,25.500465393066406,0.0857203949999529,0
dancers1_blur_1.33_jpg_100.jpg,/kaggle/working/MDFS/data/MDIVL/extracted/MDIVL/MDIVL/Data_Blur_JPEG/dancers1_blur_1.33_jpg_100.jpg,Multiply Dist.,MDIVL/MDIVL/MD_IVLreference/OCEreferenceMD/dancers1.png,74.0363,26.471281051635746,0.0874675560007745,0
dancers1_blur_1.33_jpg_30.jpg,/kaggle/working/MDFS/data/MDIVL/extracted/MDIVL/MDIVL/Data_Blur_JPEG/dancers1_blur_1.33_jpg_30.jpg,Multiply Dist.,MDIVL/MDIVL/MD_IVLreference/OCEreferenceMD/dancers1.png,52.8786,25.67151641845703,0.0867106500008958,0
dancers1_blur_1.33_jpg_10.jpg,/kaggle/working/MDFS/data/MDIVL/extracted/MDIVL/MDIVL/Data_Blur_JPEG/dancers1_blur_1.33_jpg_10.jpg,Multiply Dist.,MDIVL/MDIVL/MD_IVLreference/OCEreferenceMD/dancers1.png,26.7455,31.003162384033203,0.0855458240002917,0
dancers1_blur_2_jpg_50.jpg,/kaggle/working/MDFS/data/MDIVL/extracted/MDIVL/MDIVL/Data_Blur_JPEG/dancers1_blur_2_jpg_50.jpg,Multiply Dist.,MDIVL/MDIVL/MD_IVLreference/OCEreferenceMD/dancers1.png,42.9157,25.29143714904785,0.0859185350000188,0
dancers1_blur_2_jpg_20.jpg,/kaggle/working/MDFS/data/MDIVL/extracted/MDIVL/MDIVL/Data_Blur_JPEG/dancers1_blur_2_jpg_20.jpg,Multiply Dist.,MDIVL/MDIVL/MD_IVLreference/OCEreferenceMD/dancers1.png,31.4651,28.45621109008789,0.0898740339998767,0
dancers1_blur_2.66_jpg_100.jpg,/kaggle/working/MDFS/data/MDIVL/extracted/MDIVL/MDIVL/Data_Blur_JPEG/dancers1_blur_2.66_jpg_100.jpg,Multiply Dist.,MDIVL/MDIVL/MD_IVLreference/OCEreferenceMD/dancers1.png,35.4686,33.34663391113281,0.0874419310002849,0
dancers1_blur_2.66_jpg_30.jpg,/kaggle/working/MDFS/data/MDIVL/extracted/MDIVL/MDIVL/Data_Blur_JPEG/dancers1_blur_2.66_jpg_30.jpg,Multiply Dist.,MDIVL/MDIVL/MD_IVLreference/OCEreferenceMD/dancers1.png,31.4928,27.764270782470703,0.086221965999357,0
dancers1_blur_2.66_jpg_10.jpg,/kaggle/working/MDFS/data/MDIVL/extracted/MDIVL/MDIVL/Data_Blur_JPEG/dancers1_blur_2.66_jpg_10.jpg,Multiply Dist.,MDIVL/MDIVL/MD_IVLreference/OCEreferenceMD/dancers1.png,13.0196,33.181880950927734,0.093999487999099,0
dancers1_blur_3.33_jpg_50.jpg,/kaggle/working/MDFS/data/MDIVL/extracted/MDIVL/MDIVL/Data_Blur_JPEG/dancers1_blur_3.33_jpg_50.jpg,Multiply Dist.,MDIVL/MDIVL/MD_IVLreference/OCEreferenceMD/dancers1.png,24.5276,26.886310577392575,0.0864219699997193,0
dancers1_blur_3.33_jpg_20.jpg,/kaggle/working/MDFS/data/MDIVL/extracted/MDIVL/MDIVL/Data_Blur_JPEG/dancers1_blur_3.33_jpg_20.jpg,Multiply Dist.,MDIVL/MDIVL/MD_IVLreference/OCEreferenceMD/dancers1.png,18.8895,30.11774253845215,0.0859229910001886,0
dancers1_blur_4_jpg_100.jpg,/kaggle/working/MDFS/data/MDIVL/extracted/MDIVL/MDIVL/Data_Blur_JPEG/dancers1_blur_4_jpg_100.jpg,Multiply Dist.,MDIVL/MDIVL/MD_IVLreference/OCEreferenceMD/dancers1.png,21.0695,36.36015319824219,0.0877860769996914,0
dancers1_blur_4_jpg_30.jpg,/kaggle/working/MDFS/data/MDIVL/extracted/MDIVL/MDIVL/Data_Blur_JPEG/dancers1_blur_4_jpg_30.jpg,Multiply Dist.,MDIVL/MDIVL/MD_IVLreference/OCEreferenceMD/dancers1.png,16.9015,28.99977684020996,0.0857729780000227,0
dancers1_blur_4_jpg_10.jpg,/kaggle/working/MDFS/data/MDIVL/extracted/MDIVL/MDIVL/Data_Blur_JPEG/dancers1_blur_4_jpg_10.jpg,Multiply Dist.,MDIVL/MDIVL/MD_IVLreference/OCEreferenceMD/dancers1.png,8.177,34.47248458862305,0.0855855209993023,0
home_blur_0.001_jpg_50.jpg,/kaggle/working/MDFS/data/MDIVL/extracted/MDIVL/MDIVL/Data_Blur_JPEG/home_blur_0.001_jpg_50.jpg,Multiply Dist.,MDIVL/MDIVL/MD_IVLreference/OCEreferenceMD/home.png,81.2112,20.45192146301269,0.0868910059998597,0
home_blur_0.001_jpg_20.jpg,/kaggle/working/MDFS/data/MDIVL/extracted/MDIVL/MDIVL/Data_Blur_JPEG/home_blur_0.001_jpg_20.jpg,Multiply Dist.,MDIVL/MDIVL/MD_IVLreference/OCEreferenceMD/home.png,47.8844,23.227598190307617,0.0859942740007682,0
home_blur_0.66_jpg_100.jpg,/kaggle/working/MDFS/data/MDIVL/extracted/MDIVL/MDIVL/Data_Blur_JPEG/home_blur_0.66_jpg_100.jpg,Multiply Dist.,MDIVL/MDIVL/MD_IVLreference/OCEreferenceMD/home.png,88.1255,20.31499290466309,0.0887114609995478,0
home_blur_0.66_jpg_30.jpg,/kaggle/working/MDFS/data/MDIVL/extracted/MDIVL/MDIVL/Data_Blur_JPEG/home_blur_0.66_jpg_30.jpg,Multiply Dist.,MDIVL/MDIVL/MD_IVLreference/OCEreferenceMD/home.png,71.1076,22.530784606933597,0.0863491059990337,0
home_blur_0.66_jpg_10.jpg,/kaggle/working/MDFS/data/MDIVL/extracted/MDIVL/MDIVL/Data_Blur_JPEG/home_blur_0.66_jpg_10.jpg,Multiply Dist.,MDIVL/MDIVL/MD_IVLreference/OCEreferenceMD/home.png,15.9512,27.465038299560547,0.0866072360004182,0
home_blur_1.33_jpg_50.jpg,/kaggle/working/MDFS/data/MDIVL/extracted/MDIVL/MDIVL/Data_Blur_JPEG/home_blur_1.33_jpg_50.jpg,Multiply Dist.,MDIVL/MDIVL/MD_IVLreference/OCEreferenceMD/home.png,58.7412,23.27803611755371,0.0863924120003503,0
home_blur_1.33_jpg_20.jpg,/kaggle/working/MDFS/data/MDIVL/extracted/MDIVL/MDIVL/Data_Blur_JPEG/home_blur_1.33_jpg_20.jpg,Multiply Dist.,MDIVL/MDIVL/MD_IVLreference/OCEreferenceMD/home.png,31.7438,26.11453437805176,0.0868705960001534,0
home_blur_2_jpg_100.jpg,/kaggle/working/MDFS/data/MDIVL/extracted/MDIVL/MDIVL/Data_Blur_JPEG/home_blur_2_jpg_100.jpg,Multiply Dist.,MDIVL/MDIVL/MD_IVLreference/OCEreferenceMD/home.png,46.0514,28.630794525146484,0.08815633300037,0
home_blur_2_jpg_30.jpg,/kaggle/working/MDFS/data/MDIVL/extracted/MDIVL/MDIVL/Data_Blur_JPEG/home_blur_2_jpg_30.jpg,Multiply Dist.,MDIVL/MDIVL/MD_IVLreference/OCEreferenceMD/home.png,35.394,25.863052368164062,0.0861940860013419,0
home_blur_2_jpg_10.jpg,/kaggle/working/MDFS/data/MDIVL/extracted/MDIVL/MDIVL/Data_Blur_JPEG/home_blur_2_jpg_10.jpg,Multiply Dist.,MDIVL/MDIVL/MD_IVLreference/OCEreferenceMD/home.png,13.0964,30.560829162597656,0.0859156010010337,0
home_blur_2.66_jpg_50.jpg,/kaggle/working/MDFS/data/MDIVL/extracted/MDIVL/MDIVL/Data_Blur_JPEG/home_blur_2.66_jpg_50.jpg,Multiply Dist.,MDIVL/MDIVL/MD_IVLreference/OCEreferenceMD/home.png,31.7202,25.34091186523437,0.0859084090006945,0
home_blur_2.66_jpg_20.jpg,/kaggle/working/MDFS/data/MDIVL/extracted/MDIVL/MDIVL/Data_Blur_JPEG/home_blur_2.66_jpg_20.jpg,Multiply Dist.,MDIVL/MDIVL/MD_IVLreference/OCEreferenceMD/home.png,29.2998,27.875938415527344,0.0865339419997326,0
home_blur_3.33_jpg_100.jpg,/kaggle/working/MDFS/data/MDIVL/extracted/MDIVL/MDIVL/Data_Blur_JPEG/home_blur_3.33_jpg_100.jpg,Multiply Dist.,MDIVL/MDIVL/MD_IVLreference/OCEreferenceMD/home.png,19.0129,34.64734649658203,0.0881018880008923,0
home_blur_3.33_jpg_30.jpg,/kaggle/working/MDFS/data/MDIVL/extracted/MDIVL/MDIVL/Data_Blur_JPEG/home_blur_3.33_jpg_30.jpg,Multiply Dist.,MDIVL/MDIVL/MD_IVLreference/OCEreferenceMD/home.png,22.0432,27.38709831237793,0.086655895000149,0
home_blur_3.33_jpg_10.jpg,/kaggle/working/MDFS/data/MDIVL/extracted/MDIVL/MDIVL/Data_Blur_JPEG/home_blur_3.33_jpg_10.jpg,Multiply Dist.,MDIVL/MDIVL/MD_IVLreference/OCEreferenceMD/home.png,3.1178,31.863204956054688,0.0880357799997,0
home_blur_4_jpg_50.jpg,/kaggle/working/MDFS/data/MDIVL/extracted/MDIVL/MDIVL/Data_Blur_JPEG/home_blur_4_jpg_50.jpg,Multiply Dist.,MDIVL/MDIVL/MD_IVLreference/OCEreferenceMD/home.png,16.4763,26.880823135375977,0.0865362439999444,0
home_blur_4_jpg_20.jpg,/kaggle/working/MDFS/data/MDIVL/extracted/MDIVL/MDIVL/Data_Blur_JPEG/home_blur_4_jpg_20.jpg,Multiply Dist.,MDIVL/MDIVL/MD_IVLreference/OCEreferenceMD/home.png,9.8779,29.31410789489746,0.0875408610008889,0
manikin_blur_0.001_jpg_100.jpg,/kaggle/working/MDFS/data/MDIVL/extracted/MDIVL/MDIVL/Data_Blur_JPEG/manikin_blur_0.001_jpg_100.jpg,Multiply Dist.,MDIVL/MDIVL/MD_IVLreference/OCEreferenceMD/manikin.png,94.7707,19.913244247436523,0.0884427820001292,0
manikin_blur_0.001_jpg_30.jpg,/kaggle/working/MDFS/data/MDIVL/extracted/MDIVL/MDIVL/Data_Blur_JPEG/manikin_blur_0.001_jpg_30.jpg,Multiply Dist.,MDIVL/MDIVL/MD_IVLreference/OCEreferenceMD/manikin.png,70.7627,24.223583221435547,0.0857908449997921,0
manikin_blur_0.001_jpg_10.jpg,/kaggle/working/MDFS/data/MDIVL/extracted/MDIVL/MDIVL/Data_Blur_JPEG/manikin_blur_0.001_jpg_10.jpg,Multiply Dist.,MDIVL/MDIVL/MD_IVLreference/OCEreferenceMD/manikin.png,10.4173,29.786527633666992,0.0854014470005495,0
manikin_blur_0.66_jpg_50.jpg,/kaggle/working/MDFS/data/MDIVL/extracted/MDIVL/MDIVL/Data_Blur_JPEG/manikin_blur_0.66_jpg_50.jpg,Multiply Dist.,MDIVL/MDIVL/MD_IVLreference/OCEreferenceMD/manikin.png,77.4028,23.045698165893555,0.0861208080004871,0
manikin_blur_0.66_jpg_20.jpg,/kaggle/working/MDFS/data/MDIVL/extracted/MDIVL/MDIVL/Data_Blur_JPEG/manikin_blur_0.66_jpg_20.jpg,Multiply Dist.,MDIVL/MDIVL/MD_IVLreference/OCEreferenceMD/manikin.png,43.9413,25.955883026123047,0.0873280890009482,0
manikin_blur_1.33_jpg_100.jpg,/kaggle/working/MDFS/data/MDIVL/extracted/MDIVL/MDIVL/Data_Blur_JPEG/manikin_blur_1.33_jpg_100.jpg,Multiply Dist.,MDIVL/MDIVL/MD_IVLreference/OCEreferenceMD/manikin.png,85.3018,25.61216163635254,0.0867038289998163,0
manikin_blur_1.33_jpg_30.jpg,/kaggle/working/MDFS/data/MDIVL/extracted/MDIVL/MDIVL/Data_Blur_JPEG/manikin_blur_1.33_jpg_30.jpg,Multiply Dist.,MDIVL/MDIVL/MD_IVLreference/OCEreferenceMD/manikin.png,56.4297,25.53690719604492,0.0876332530006038,0
manikin_blur_1.33_jpg_10.jpg,/kaggle/working/MDFS/data/MDIVL/extracted/MDIVL/MDIVL/Data_Blur_JPEG/manikin_blur_1.33_jpg_10.jpg,Multiply Dist.,MDIVL/MDIVL/MD_IVLreference/OCEreferenceMD/manikin.png,14.4167,30.453222274780277,0.0866310319997865,0
manikin_blur_2_jpg_50.jpg,/kaggle/working/MDFS/data/MDIVL/extracted/MDIVL/MDIVL/Data_Blur_JPEG/manikin_blur_2_jpg_50.jpg,Multiply Dist.,MDIVL/MDIVL/MD_IVLreference/OCEreferenceMD/manikin.png,44.7958,25.67923355102539,0.0876294819991017,0
manikin_blur_2_jpg_20.jpg,/kaggle/working/MDFS/data/MDIVL/extracted/MDIVL/MDIVL/Data_Blur_JPEG/manikin_blur_2_jpg_20.jpg,Multiply Dist.,MDIVL/MDIVL/MD_IVLreference/OCEreferenceMD/manikin.png,35.7655,27.84357643127441,0.0862589900007151,0
manikin_blur_2.66_jpg_100.jpg,/kaggle/working/MDFS/data/MDIVL/extracted/MDIVL/MDIVL/Data_Blur_JPEG/manikin_blur_2.66_jpg_100.jpg,Multiply Dist.,MDIVL/MDIVL/MD_IVLreference/OCEreferenceMD/manikin.png,34.2194,33.06822967529297,0.088146231999417,0
manikin_blur_2.66_jpg_30.jpg,/kaggle/working/MDFS/data/MDIVL/extracted/MDIVL/MDIVL/Data_Blur_JPEG/manikin_blur_2.66_jpg_30.jpg,Multiply Dist.,MDIVL/MDIVL/MD_IVLreference/OCEreferenceMD/manikin.png,28.3203,27.73855972290039,0.0862542609993397,0
manikin_blur_2.66_jpg_10.jpg,/kaggle/working/MDFS/data/MDIVL/extracted/MDIVL/MDIVL/Data_Blur_JPEG/manikin_blur_2.66_jpg_10.jpg,Multiply Dist.,MDIVL/MDIVL/MD_IVLreference/OCEreferenceMD/manikin.png,7.4606,32.106712341308594,0.0861556339987146,0
manikin_blur_3.33_jpg_50.jpg,/kaggle/working/MDFS/data/MDIVL/extracted/MDIVL/MDIVL/Data_Blur_JPEG/manikin_blur_3.33_jpg_50.jpg,Multiply Dist.,MDIVL/MDIVL/MD_IVLreference/OCEreferenceMD/manikin.png,27.2963,28.02242851257324,0.085161691000394,0
manikin_blur_3.33_jpg_20.jpg,/kaggle/working/MDFS/data/MDIVL/extracted/MDIVL/MDIVL/Data_Blur_JPEG/manikin_blur_3.33_jpg_20.jpg,Multiply Dist.,MDIVL/MDIVL/MD_IVLreference/OCEreferenceMD/manikin.png,18.1061,29.75164031982422,0.0864867939999385,0
manikin_blur_4_jpg_100.jpg,/kaggle/working/MDFS/data/MDIVL/extracted/MDIVL/MDIVL/Data_Blur_JPEG/manikin_blur_4_jpg_100.jpg,Multiply Dist.,MDIVL/MDIVL/MD_IVLreference/OCEreferenceMD/manikin.png,20.2121,36.04731369018555,0.0870881280006869,0
manikin_blur_4_jpg_30.jpg,/kaggle/working/MDFS/data/MDIVL/extracted/MDIVL/MDIVL/Data_Blur_JPEG/manikin_blur_4_jpg_30.jpg,Multiply Dist.,MDIVL/MDIVL/MD_IVLreference/OCEreferenceMD/manikin.png,12.5812,29.17576789855957,0.0865553819985507,0
manikin_blur_4_jpg_10.jpg,/kaggle/working/MDFS/data/MDIVL/extracted/MDIVL/MDIVL/Data_Blur_JPEG/manikin_blur_4_jpg_10.jpg,Multiply Dist.,MDIVL/MDIVL/MD_IVLreference/OCEreferenceMD/manikin.png,2.2205,33.058650970458984,0.0859338350001053,0
metro_blur_0.001_jpg_50.jpg,/kaggle/working/MDFS/data/MDIVL/extracted/MDIVL/MDIVL/Data_Blur_JPEG/metro_blur_0.001_jpg_50.jpg,Multiply Dist.,MDIVL/MDIVL/MD_IVLreference/OCEreferenceMD/metro.png,69.7408,23.798263549804688,0.0864716650012269,0
metro_blur_0.001_jpg_20.jpg,/kaggle/working/MDFS/data/MDIVL/extracted/MDIVL/MDIVL/Data_Blur_JPEG/metro_blur_0.001_jpg_20.jpg,Multiply Dist.,MDIVL/MDIVL/MD_IVLreference/OCEreferenceMD/metro.png,37.7305,27.292388916015625,0.0860676390002481,0
metro_blur_0.66_jpg_100.jpg,/kaggle/working/MDFS/data/MDIVL/extracted/MDIVL/MDIVL/Data_Blur_JPEG/metro_blur_0.66_jpg_100.jpg,Multiply Dist.,MDIVL/MDIVL/MD_IVLreference/OCEreferenceMD/metro.png,84.6897,22.70500373840332,0.0897435249989939,0
metro_blur_0.66_jpg_30.jpg,/kaggle/working/MDFS/data/MDIVL/extracted/MDIVL/MDIVL/Data_Blur_JPEG/metro_blur_0.66_jpg_30.jpg,Multiply Dist.,MDIVL/MDIVL/MD_IVLreference/OCEreferenceMD/metro.png,55.5983,25.544605255126957,0.0879788480015122,0
metro_blur_0.66_jpg_10.jpg,/kaggle/working/MDFS/data/MDIVL/extracted/MDIVL/MDIVL/Data_Blur_JPEG/metro_blur_0.66_jpg_10.jpg,Multiply Dist.,MDIVL/MDIVL/MD_IVLreference/OCEreferenceMD/metro.png,11.4302,30.05327415466309,0.0863967569985106,0
metro_blur_1.33_jpg_50.jpg,/kaggle/working/MDFS/data/MDIVL/extracted/MDIVL/MDIVL/Data_Blur_JPEG/metro_blur_1.33_jpg_50.jpg,Multiply Dist.,MDIVL/MDIVL/MD_IVLreference/OCEreferenceMD/metro.png,57.5382,24.63702392578125,0.0871936040002765,0
metro_blur_1.33_jpg_20.jpg,/kaggle/working/MDFS/data/MDIVL/extracted/MDIVL/MDIVL/Data_Blur_JPEG/metro_blur_1.33_jpg_20.jpg,Multiply Dist.,MDIVL/MDIVL/MD_IVLreference/OCEreferenceMD/metro.png,47.2693,28.071727752685547,0.0876583249992108,0
metro_blur_2_jpg_100.jpg,/kaggle/working/MDFS/data/MDIVL/extracted/MDIVL/MDIVL/Data_Blur_JPEG/metro_blur_2_jpg_100.jpg,Multiply Dist.,MDIVL/MDIVL/MD_IVLreference/OCEreferenceMD/metro.png,48.9598,31.80697250366211,0.0885032539990788,0
metro_blur_2_jpg_30.jpg,/kaggle/working/MDFS/data/MDIVL/extracted/MDIVL/MDIVL/Data_Blur_JPEG/metro_blur_2_jpg_30.jpg,Multiply Dist.,MDIVL/MDIVL/MD_IVLreference/OCEreferenceMD/metro.png,40.2526,27.17827033996582,0.086516245999519,0
metro_blur_2_jpg_10.jpg,/kaggle/working/MDFS/data/MDIVL/extracted/MDIVL/MDIVL/Data_Blur_JPEG/metro_blur_2_jpg_10.jpg,Multiply Dist.,MDIVL/MDIVL/MD_IVLreference/OCEreferenceMD/metro.png,17.4882,31.565269470214844,0.0877250699995784,0
metro_blur_2.66_jpg_50.jpg,/kaggle/working/MDFS/data/MDIVL/extracted/MDIVL/MDIVL/Data_Blur_JPEG/metro_blur_2.66_jpg_50.jpg,Multiply Dist.,MDIVL/MDIVL/MD_IVLreference/OCEreferenceMD/metro.png,37.4426,25.99952888488769,0.0859447240000008,0
metro_blur_2.66_jpg_20.jpg,/kaggle/working/MDFS/data/MDIVL/extracted/MDIVL/MDIVL/Data_Blur_JPEG/metro_blur_2.66_jpg_20.jpg,Multiply Dist.,MDIVL/MDIVL/MD_IVLreference/OCEreferenceMD/metro.png,26.3045,29.340869903564453,0.0854474980005761,0
metro_blur_3.33_jpg_100.jpg,/kaggle/working/MDFS/data/MDIVL/extracted/MDIVL/MDIVL/Data_Blur_JPEG/metro_blur_3.33_jpg_100.jpg,Multiply Dist.,MDIVL/MDIVL/MD_IVLreference/OCEreferenceMD/metro.png,39.1536,34.59081268310547,0.0887535949987068,0
metro_blur_3.33_jpg_30.jpg,/kaggle/working/MDFS/data/MDIVL/extracted/MDIVL/MDIVL/Data_Blur_JPEG/metro_blur_3.33_jpg_30.jpg,Multiply Dist.,MDIVL/MDIVL/MD_IVLreference/OCEreferenceMD/metro.png,23.9602,28.294166564941406,0.0865184230005979,0
metro_blur_3.33_jpg_10.jpg,/kaggle/working/MDFS/data/MDIVL/extracted/MDIVL/MDIVL/Data_Blur_JPEG/metro_blur_3.33_jpg_10.jpg,Multiply Dist.,MDIVL/MDIVL/MD_IVLreference/OCEreferenceMD/metro.png,7.4108,32.50342559814453,0.0872495240000716,0
metro_blur_4_jpg_50.jpg,/kaggle/working/MDFS/data/MDIVL/extracted/MDIVL/MDIVL/Data_Blur_JPEG/metro_blur_4_jpg_50.jpg,Multiply Dist.,MDIVL/MDIVL/MD_IVLreference/OCEreferenceMD/metro.png,28.2002,26.997875213623047,0.0873958749998564,0
metro_blur_4_jpg_20.jpg,/kaggle/working/MDFS/data/MDIVL/extracted/MDIVL/MDIVL/Data_Blur_JPEG/metro_blur_4_jpg_20.jpg,Multiply Dist.,MDIVL/MDIVL/MD_IVLreference/OCEreferenceMD/metro.png,19.0046,30.119070053100582,0.0858465299988893,0
mountain_blur_0.001_jpg_100.jpg,/kaggle/working/MDFS/data/MDIVL/extracted/MDIVL/MDIVL/Data_Blur_JPEG/mountain_blur_0.001_jpg_100.jpg,Multiply Dist.,MDIVL/MDIVL/MD_IVLreference/OCEreferenceMD/mountain.png,94.6987,19.60124015808105,0.0917152390011324,0
mountain_blur_0.001_jpg_30.jpg,/kaggle/working/MDFS/data/MDIVL/extracted/MDIVL/MDIVL/Data_Blur_JPEG/mountain_blur_0.001_jpg_30.jpg,Multiply Dist.,MDIVL/MDIVL/MD_IVLreference/OCEreferenceMD/mountain.png,65.4215,23.941783905029297,0.088360855999781,0
mountain_blur_0.001_jpg_10.jpg,/kaggle/working/MDFS/data/MDIVL/extracted/MDIVL/MDIVL/Data_Blur_JPEG/mountain_blur_0.001_jpg_10.jpg,Multiply Dist.,MDIVL/MDIVL/MD_IVLreference/OCEreferenceMD/mountain.png,24.0574,29.424678802490234,0.0888214589995186,0
mountain_blur_0.66_jpg_50.jpg,/kaggle/working/MDFS/data/MDIVL/extracted/MDIVL/MDIVL/Data_Blur_JPEG/mountain_blur_0.66_jpg_50.jpg,Multiply Dist.,MDIVL/MDIVL/MD_IVLreference/OCEreferenceMD/mountain.png,79.6717,22.992280960083008,0.0880261969996354,0
mountain_blur_0.66_jpg_20.jpg,/kaggle/working/MDFS/data/MDIVL/extracted/MDIVL/MDIVL/Data_Blur_JPEG/mountain_blur_0.66_jpg_20.jpg,Multiply Dist.,MDIVL/MDIVL/MD_IVLreference/OCEreferenceMD/mountain.png,54.0201,27.011579513549805,0.0877868619991204,0
mountain_blur_1.33_jpg_100.jpg,/kaggle/working/MDFS/data/MDIVL/extracted/MDIVL/MDIVL/Data_Blur_JPEG/mountain_blur_1.33_jpg_100.jpg,Multiply Dist.,MDIVL/MDIVL/MD_IVLreference/OCEreferenceMD/mountain.png,64.1755,24.02077865600586,0.0903670110001257,0
mountain_blur_1.33_jpg_30.jpg,/kaggle/working/MDFS/data/MDIVL/extracted/MDIVL/MDIVL/Data_Blur_JPEG/mountain_blur_1.33_jpg_30.jpg,Multiply Dist.,MDIVL/MDIVL/MD_IVLreference/OCEreferenceMD/mountain.png,46.4584,25.88652229309082,0.088997429000301,0
mountain_blur_1.33_jpg_10.jpg,/kaggle/working/MDFS/data/MDIVL/extracted/MDIVL/MDIVL/Data_Blur_JPEG/mountain_blur_1.33_jpg_10.jpg,Multiply Dist.,MDIVL/MDIVL/MD_IVLreference/OCEreferenceMD/mountain.png,24.388,31.5710391998291,0.0881226919991604,0
mountain_blur_2_jpg_50.jpg,/kaggle/working/MDFS/data/MDIVL/extracted/MDIVL/MDIVL/Data_Blur_JPEG/mountain_blur_2_jpg_50.jpg,Multiply Dist.,MDIVL/MDIVL/MD_IVLreference/OCEreferenceMD/mountain.png,37.5165,25.10324478149414,0.0864998050001304,0
mountain_blur_2_jpg_20.jpg,/kaggle/working/MDFS/data/MDIVL/extracted/MDIVL/MDIVL/Data_Blur_JPEG/mountain_blur_2_jpg_20.jpg,Multiply Dist.,MDIVL/MDIVL/MD_IVLreference/OCEreferenceMD/mountain.png,21.9539,29.07979202270508,0.0881273059985687,0
mountain_blur_2.66_jpg_100.jpg,/kaggle/working/MDFS/data/MDIVL/extracted/MDIVL/MDIVL/Data_Blur_JPEG/mountain_blur_2.66_jpg_100.jpg,Multiply Dist.,MDIVL/MDIVL/MD_IVLreference/OCEreferenceMD/mountain.png,28.0216,30.95166778564453,0.0883369650000531,0
mountain_blur_2.66_jpg_30.jpg,/kaggle/working/MDFS/data/MDIVL/extracted/MDIVL/MDIVL/Data_Blur_JPEG/mountain_blur_2.66_jpg_30.jpg,Multiply Dist.,MDIVL/MDIVL/MD_IVLreference/OCEreferenceMD/mountain.png,25.6805,27.546157836914062,0.0865142190014012,0
mountain_blur_2.66_jpg_10.jpg,/kaggle/working/MDFS/data/MDIVL/extracted/MDIVL/MDIVL/Data_Blur_JPEG/mountain_blur_2.66_jpg_10.jpg,Multiply Dist.,MDIVL/MDIVL/MD_IVLreference/OCEreferenceMD/mountain.png,8.1345,33.05423355102539,0.0869138990001374,0
mountain_blur_3.33_jpg_50.jpg,/kaggle/working/MDFS/data/MDIVL/extracted/MDIVL/MDIVL/Data_Blur_JPEG/mountain_blur_3.33_jpg_50.jpg,Multiply Dist.,MDIVL/MDIVL/MD_IVLreference/OCEreferenceMD/mountain.png,24.4451,27.05159950256348,0.0888681060005183,0
mountain_blur_3.33_jpg_20.jpg,/kaggle/working/MDFS/data/MDIVL/extracted/MDIVL/MDIVL/Data_Blur_JPEG/mountain_blur_3.33_jpg_20.jpg,Multiply Dist.,MDIVL/MDIVL/MD_IVLreference/OCEreferenceMD/mountain.png,15.2634,30.28142738342285,0.087972510000327,0
mountain_blur_4_jpg_100.jpg,/kaggle/working/MDFS/data/MDIVL/extracted/MDIVL/MDIVL/Data_Blur_JPEG/mountain_blur_4_jpg_100.jpg,Multiply Dist.,MDIVL/MDIVL/MD_IVLreference/OCEreferenceMD/mountain.png,14.8458,34.041316986083984,0.0895411560013599,0
mountain_blur_4_jpg_30.jpg,/kaggle/working/MDFS/data/MDIVL/extracted/MDIVL/MDIVL/Data_Blur_JPEG/mountain_blur_4_jpg_30.jpg,Multiply Dist.,MDIVL/MDIVL/MD_IVLreference/OCEreferenceMD/mountain.png,16.1816,29.60179710388184,0.0877685110008315,0
mountain_blur_4_jpg_10.jpg,/kaggle/working/MDFS/data/MDIVL/extracted/MDIVL/MDIVL/Data_Blur_JPEG/mountain_blur_4_jpg_10.jpg,Multiply Dist.,MDIVL/MDIVL/MD_IVLreference/OCEreferenceMD/mountain.png,2.2634,33.961769104003906,0.0856648650005809,0
snow_blur_0.001_jpg_50.jpg,/kaggle/working/MDFS/data/MDIVL/extracted/MDIVL/MDIVL/Data_Blur_JPEG/snow_blur_0.001_jpg_50.jpg,Multiply Dist.,MDIVL/MDIVL/MD_IVLreference/OCEreferenceMD/snow.png,90.1178,21.17706871032715,0.0879038160001073,0
snow_blur_0.001_jpg_20.jpg,/kaggle/working/MDFS/data/MDIVL/extracted/MDIVL/MDIVL/Data_Blur_JPEG/snow_blur_0.001_jpg_20.jpg,Multiply Dist.,MDIVL/MDIVL/MD_IVLreference/OCEreferenceMD/snow.png,57.1169,24.813777923583984,0.0874854140001843,0
snow_blur_0.66_jpg_100.jpg,/kaggle/working/MDFS/data/MDIVL/extracted/MDIVL/MDIVL/Data_Blur_JPEG/snow_blur_0.66_jpg_100.jpg,Multiply Dist.,MDIVL/MDIVL/MD_IVLreference/OCEreferenceMD/snow.png,93.8361,20.088598251342773,0.0901278009987436,0
snow_blur_0.66_jpg_30.jpg,/kaggle/working/MDFS/data/MDIVL/extracted/MDIVL/MDIVL/Data_Blur_JPEG/snow_blur_0.66_jpg_30.jpg,Multiply Dist.,MDIVL/MDIVL/MD_IVLreference/OCEreferenceMD/snow.png,72.0796,23.874122619628903,0.0869436769989988,0
snow_blur_0.66_jpg_10.jpg,/kaggle/working/MDFS/data/MDIVL/extracted/MDIVL/MDIVL/Data_Blur_JPEG/snow_blur_0.66_jpg_10.jpg,Multiply Dist.,MDIVL/MDIVL/MD_IVLreference/OCEreferenceMD/snow.png,18.8893,29.46517944335937,0.0879050679995998,0
snow_blur_1.33_jpg_50.jpg,/kaggle/working/MDFS/data/MDIVL/extracted/MDIVL/MDIVL/Data_Blur_JPEG/snow_blur_1.33_jpg_50.jpg,Multiply Dist.,MDIVL/MDIVL/MD_IVLreference/OCEreferenceMD/snow.png,58.2941,23.53781509399414,0.0896123300008184,0
snow_blur_1.33_jpg_20.jpg,/kaggle/working/MDFS/data/MDIVL/extracted/MDIVL/MDIVL/Data_Blur_JPEG/snow_blur_1.33_jpg_20.jpg,Multiply Dist.,MDIVL/MDIVL/MD_IVLreference/OCEreferenceMD/snow.png,39.1988,26.867094039916992,0.0875108139989606,0
snow_blur_2_jpg_100.jpg,/kaggle/working/MDFS/data/MDIVL/extracted/MDIVL/MDIVL/Data_Blur_JPEG/snow_blur_2_jpg_100.jpg,Multiply Dist.,MDIVL/MDIVL/MD_IVLreference/OCEreferenceMD/snow.png,37.367,30.397172927856445,0.0897262420003244,0
snow_blur_2_jpg_30.jpg,/kaggle/working/MDFS/data/MDIVL/extracted/MDIVL/MDIVL/Data_Blur_JPEG/snow_blur_2_jpg_30.jpg,Multiply Dist.,MDIVL/MDIVL/MD_IVLreference/OCEreferenceMD/snow.png,39.3273,26.257036209106445,0.086679701000321,0
snow_blur_2_jpg_10.jpg,/kaggle/working/MDFS/data/MDIVL/extracted/MDIVL/MDIVL/Data_Blur_JPEG/snow_blur_2_jpg_10.jpg,Multiply Dist.,MDIVL/MDIVL/MD_IVLreference/OCEreferenceMD/snow.png,15.3261,31.81011962890625,0.0876129340012994,0
snow_blur_2.66_jpg_50.jpg,/kaggle/working/MDFS/data/MDIVL/extracted/MDIVL/MDIVL/Data_Blur_JPEG/snow_blur_2.66_jpg_50.jpg,Multiply Dist.,MDIVL/MDIVL/MD_IVLreference/OCEreferenceMD/snow.png,36.0888,25.455581665039062,0.0883876289990439,0
snow_blur_2.66_jpg_20.jpg,/kaggle/working/MDFS/data/MDIVL/extracted/MDIVL/MDIVL/Data_Blur_JPEG/snow_blur_2.66_jpg_20.jpg,Multiply Dist.,MDIVL/MDIVL/MD_IVLreference/OCEreferenceMD/snow.png,24.7442,28.725685119628903,0.0866788269995595,0
snow_blur_3.33_jpg_100.jpg,/kaggle/working/MDFS/data/MDIVL/extracted/MDIVL/MDIVL/Data_Blur_JPEG/snow_blur_3.33_jpg_100.jpg,Multiply Dist.,MDIVL/MDIVL/MD_IVLreference/OCEreferenceMD/snow.png,19.7505,35.00551223754883,0.0896182980013691,0
snow_blur_3.33_jpg_30.jpg,/kaggle/working/MDFS/data/MDIVL/extracted/MDIVL/MDIVL/Data_Blur_JPEG/snow_blur_3.33_jpg_30.jpg,Multiply Dist.,MDIVL/MDIVL/MD_IVLreference/OCEreferenceMD/snow.png,24.9638,27.65425682067871,0.0905305960004625,0
snow_blur_3.33_jpg_10.jpg,/kaggle/working/MDFS/data/MDIVL/extracted/MDIVL/MDIVL/Data_Blur_JPEG/snow_blur_3.33_jpg_10.jpg,Multiply Dist.,MDIVL/MDIVL/MD_IVLreference/OCEreferenceMD/snow.png,9.4945,32.88558578491211,0.0858092580001539,0
snow_blur_4_jpg_50.jpg,/kaggle/working/MDFS/data/MDIVL/extracted/MDIVL/MDIVL/Data_Blur_JPEG/snow_blur_4_jpg_50.jpg,Multiply Dist.,MDIVL/MDIVL/MD_IVLreference/OCEreferenceMD/snow.png,17.0184,26.946218490600582,0.0880869289994734,0
snow_blur_4_jpg_20.jpg,/kaggle/working/MDFS/data/MDIVL/extracted/MDIVL/MDIVL/Data_Blur_JPEG/snow_blur_4_jpg_20.jpg,Multiply Dist.,MDIVL/MDIVL/MD_IVLreference/OCEreferenceMD/snow.png,18.2942,29.87714385986328,0.0871409089995722,0
baby_noise_1_jpg_100.jpg,/kaggle/working/MDFS/data/MDIVL/extracted/MDIVL/MDIVL/Data_Noise_JPEG/baby_noise_1_jpg_100.jpg,Multiply Dist.,MDIVL/MDIVL/MD_IVLreference/OCEreferenceMD/baby.png,95.4916,20.44311141967773,0.0915401350011961,0
baby_noise_1_jpg_30.jpg,/kaggle/working/MDFS/data/MDIVL/extracted/MDIVL/MDIVL/Data_Noise_JPEG/baby_noise_1_jpg_30.jpg,Multiply Dist.,MDIVL/MDIVL/MD_IVLreference/OCEreferenceMD/baby.png,57.6525,25.78528213500977,0.0890111919998162,0
baby_noise_2_jpg_100.jpg,/kaggle/working/MDFS/data/MDIVL/extracted/MDIVL/MDIVL/Data_Noise_JPEG/baby_noise_2_jpg_100.jpg,Multiply Dist.,MDIVL/MDIVL/MD_IVLreference/OCEreferenceMD/baby.png,94.3584,21.13162612915039,0.0914241680002305,0
baby_noise_2_jpg_30.jpg,/kaggle/working/MDFS/data/MDIVL/extracted/MDIVL/MDIVL/Data_Noise_JPEG/baby_noise_2_jpg_30.jpg,Multiply Dist.,MDIVL/MDIVL/MD_IVLreference/OCEreferenceMD/baby.png,68.208,25.876731872558597,0.0877805709988024,0
baby_noise_3_jpg_100.jpg,/kaggle/working/MDFS/data/MDIVL/extracted/MDIVL/MDIVL/Data_Noise_JPEG/baby_noise_3_jpg_100.jpg,Multiply Dist.,MDIVL/MDIVL/MD_IVLreference/OCEreferenceMD/baby.png,80.9275,21.9656982421875,0.0928680770011851,0
baby_noise_3_jpg_30.jpg,/kaggle/working/MDFS/data/MDIVL/extracted/MDIVL/MDIVL/Data_Noise_JPEG/baby_noise_3_jpg_30.jpg,Multiply Dist.,MDIVL/MDIVL/MD_IVLreference/OCEreferenceMD/baby.png,57.4441,26.25191879272461,0.0884804300003452,0
baby_noise_4_jpg_100.jpg,/kaggle/working/MDFS/data/MDIVL/extracted/MDIVL/MDIVL/Data_Noise_JPEG/baby_noise_4_jpg_100.jpg,Multiply Dist.,MDIVL/MDIVL/MD_IVLreference/OCEreferenceMD/baby.png,72.4134,22.82314109802246,0.0905711439991137,0
baby_noise_4_jpg_30.jpg,/kaggle/working/MDFS/data/MDIVL/extracted/MDIVL/MDIVL/Data_Noise_JPEG/baby_noise_4_jpg_30.jpg,Multiply Dist.,MDIVL/MDIVL/MD_IVLreference/OCEreferenceMD/baby.png,50.2269,26.622608184814453,0.0877999610002007,0
baby_noise_5_jpg_100.jpg,/kaggle/working/MDFS/data/MDIVL/extracted/MDIVL/MDIVL/Data_Noise_JPEG/baby_noise_5_jpg_100.jpg,Multiply Dist.,MDIVL/MDIVL/MD_IVLreference/OCEreferenceMD/baby.png,59.8321,23.60911750793457,0.0922074440004507,0
baby_noise_5_jpg_30.jpg,/kaggle/working/MDFS/data/MDIVL/extracted/MDIVL/MDIVL/Data_Noise_JPEG/baby_noise_5_jpg_30.jpg,Multiply Dist.,MDIVL/MDIVL/MD_IVLreference/OCEreferenceMD/baby.png,40.1076,27.222864151000977,0.0875324019998515,0
baby_noise_6_jpg_100.jpg,/kaggle/working/MDFS/data/MDIVL/extracted/MDIVL/MDIVL/Data_Noise_JPEG/baby_noise_6_jpg_100.jpg,Multiply Dist.,MDIVL/MDIVL/MD_IVLreference/OCEreferenceMD/baby.png,44.9765,24.45993423461914,0.0926607450001029,0
baby_noise_6_jpg_30.jpg,/kaggle/working/MDFS/data/MDIVL/extracted/MDIVL/MDIVL/Data_Noise_JPEG/baby_noise_6_jpg_30.jpg,Multiply Dist.,MDIVL/MDIVL/MD_IVLreference/OCEreferenceMD/baby.png,46.3176,27.59396743774414,0.0890457389996299,0
baby_noise_8_jpg_100.jpg,/kaggle/working/MDFS/data/MDIVL/extracted/MDIVL/MDIVL/Data_Noise_JPEG/baby_noise_8_jpg_100.jpg,Multiply Dist.,MDIVL/MDIVL/MD_IVLreference/OCEreferenceMD/baby.png,41.5563,25.80280876159668,0.0933805209988349,0
baby_noise_8_jpg_30.jpg,/kaggle/working/MDFS/data/MDIVL/extracted/MDIVL/MDIVL/Data_Noise_JPEG/baby_noise_8_jpg_30.jpg,Multiply Dist.,MDIVL/MDIVL/MD_IVLreference/OCEreferenceMD/baby.png,32.6536,28.59366226196289,0.088479661000747,0
baby_noise_10_jpg_100.jpg,/kaggle/working/MDFS/data/MDIVL/extracted/MDIVL/MDIVL/Data_Noise_JPEG/baby_noise_10_jpg_100.jpg,Multiply Dist.,MDIVL/MDIVL/MD_IVLreference/OCEreferenceMD/baby.png,36.3554,26.617998123168945,0.0919218990002264,0
baby_noise_10_jpg_30.jpg,/kaggle/working/MDFS/data/MDIVL/extracted/MDIVL/MDIVL/Data_Noise_JPEG/baby_noise_10_jpg_30.jpg,Multiply Dist.,MDIVL/MDIVL/MD_IVLreference/OCEreferenceMD/baby.png,28.5806,29.044567108154297,0.0887869899997895,0
baby_noise_12_jpg_100.jpg,/kaggle/working/MDFS/data/MDIVL/extracted/MDIVL/MDIVL/Data_Noise_JPEG/baby_noise_12_jpg_100.jpg,Multiply Dist.,MDIVL/MDIVL/MD_IVLreference/OCEreferenceMD/baby.png,33.7822,27.644323348999023,0.0923109830000612,0
baby_noise_12_jpg_30.jpg,/kaggle/working/MDFS/data/MDIVL/extracted/MDIVL/MDIVL/Data_Noise_JPEG/baby_noise_12_jpg_30.jpg,Multiply Dist.,MDIVL/MDIVL/MD_IVLreference/OCEreferenceMD/baby.png,26.4697,29.22983741760254,0.0869282330004352,0
baby_noise_14_jpg_100.jpg,/kaggle/working/MDFS/data/MDIVL/extracted/MDIVL/MDIVL/Data_Noise_JPEG/baby_noise_14_jpg_100.jpg,Multiply Dist.,MDIVL/MDIVL/MD_IVLreference/OCEreferenceMD/baby.png,26.1124,27.754854202270508,0.0936893409998447,0
baby_noise_14_jpg_30.jpg,/kaggle/working/MDFS/data/MDIVL/extracted/MDIVL/MDIVL/Data_Noise_JPEG/baby_noise_14_jpg_30.jpg,Multiply Dist.,MDIVL/MDIVL/MD_IVLreference/OCEreferenceMD/baby.png,20.2145,29.33166885375977,0.0905228490009903,0
bus_noise_1_jpg_100.jpg,/kaggle/working/MDFS/data/MDIVL/extracted/MDIVL/MDIVL/Data_Noise_JPEG/bus_noise_1_jpg_100.jpg,Multiply Dist.,MDIVL/MDIVL/MD_IVLreference/OCEreferenceMD/bus.png,86.2164,19.40290641784668,0.0993532630000118,0
bus_noise_1_jpg_30.jpg,/kaggle/working/MDFS/data/MDIVL/extracted/MDIVL/MDIVL/Data_Noise_JPEG/bus_noise_1_jpg_30.jpg,Multiply Dist.,MDIVL/MDIVL/MD_IVLreference/OCEreferenceMD/bus.png,69.6393,20.705463409423828,0.0897780710001825,0
bus_noise_2_jpg_100.jpg,/kaggle/working/MDFS/data/MDIVL/extracted/MDIVL/MDIVL/Data_Noise_JPEG/bus_noise_2_jpg_100.jpg,Multiply Dist.,MDIVL/MDIVL/MD_IVLreference/OCEreferenceMD/bus.png,84.701,19.84969711303711,0.091920986000332,0
bus_noise_2_jpg_30.jpg,/kaggle/working/MDFS/data/MDIVL/extracted/MDIVL/MDIVL/Data_Noise_JPEG/bus_noise_2_jpg_30.jpg,Multiply Dist.,MDIVL/MDIVL/MD_IVLreference/OCEreferenceMD/bus.png,56.8036,20.730512619018555,0.0879799819995241,0
bus_noise_3_jpg_100.jpg,/kaggle/working/MDFS/data/MDIVL/extracted/MDIVL/MDIVL/Data_Noise_JPEG/bus_noise_3_jpg_100.jpg,Multiply Dist.,MDIVL/MDIVL/MD_IVLreference/OCEreferenceMD/bus.png,79.4873,20.22366523742676,0.0939427920002344,0
bus_noise_3_jpg_30.jpg,/kaggle/working/MDFS/data/MDIVL/extracted/MDIVL/MDIVL/Data_Noise_JPEG/bus_noise_3_jpg_30.jpg,Multiply Dist.,MDIVL/MDIVL/MD_IVLreference/OCEreferenceMD/bus.png,52.6012,20.76338577270508,0.0899152559995855,0
bus_noise_4_jpg_100.jpg,/kaggle/working/MDFS/data/MDIVL/extracted/MDIVL/MDIVL/Data_Noise_JPEG/bus_noise_4_jpg_100.jpg,Multiply Dist.,MDIVL/MDIVL/MD_IVLreference/OCEreferenceMD/bus.png,58.3454,20.56352424621582,0.0938601430007111,0
bus_noise_4_jpg_30.jpg,/kaggle/working/MDFS/data/MDIVL/extracted/MDIVL/MDIVL/Data_Noise_JPEG/bus_noise_4_jpg_30.jpg,Multiply Dist.,MDIVL/MDIVL/MD_IVLreference/OCEreferenceMD/bus.png,64.0327,20.945756912231445,0.0905217600011383,0
bus_noise_5_jpg_100.jpg,/kaggle/working/MDFS/data/MDIVL/extracted/MDIVL/MDIVL/Data_Noise_JPEG/bus_noise_5_jpg_100.jpg,Multiply Dist.,MDIVL/MDIVL/MD_IVLreference/OCEreferenceMD/bus.png,64.4415,20.79767417907715,0.0939044149999972,0
bus_noise_5_jpg_30.jpg,/kaggle/working/MDFS/data/MDIVL/extracted/MDIVL/MDIVL/Data_Noise_JPEG/bus_noise_5_jpg_30.jpg,Multiply Dist.,MDIVL/MDIVL/MD_IVLreference/OCEreferenceMD/bus.png,42.5333,21.096139907836918,0.0910888730013539,0
bus_noise_6_jpg_100.jpg,/kaggle/working/MDFS/data/MDIVL/extracted/MDIVL/MDIVL/Data_Noise_JPEG/bus_noise_6_jpg_100.jpg,Multiply Dist.,MDIVL/MDIVL/MD_IVLreference/OCEreferenceMD/bus.png,43.7217,21.054319381713867,0.0947918740002933,0
bus_noise_6_jpg_30.jpg,/kaggle/working/MDFS/data/MDIVL/extracted/MDIVL/MDIVL/Data_Noise_JPEG/bus_noise_6_jpg_30.jpg,Multiply Dist.,MDIVL/MDIVL/MD_IVLreference/OCEreferenceMD/bus.png,37.2142,21.317562103271484,0.0876166809994174,0
bus_noise_8_jpg_100.jpg,/kaggle/working/MDFS/data/MDIVL/extracted/MDIVL/MDIVL/Data_Noise_JPEG/bus_noise_8_jpg_100.jpg,Multiply Dist.,MDIVL/MDIVL/MD_IVLreference/OCEreferenceMD/bus.png,44.1389,21.50933265686035,0.0943333150007674,0
bus_noise_8_jpg_30.jpg,/kaggle/working/MDFS/data/MDIVL/extracted/MDIVL/MDIVL/Data_Noise_JPEG/bus_noise_8_jpg_30.jpg,Multiply Dist.,MDIVL/MDIVL/MD_IVLreference/OCEreferenceMD/bus.png,41.7047,21.62603187561035,0.0902697110013832,0
bus_noise_10_jpg_100.jpg,/kaggle/working/MDFS/data/MDIVL/extracted/MDIVL/MDIVL/Data_Noise_JPEG/bus_noise_10_jpg_100.jpg,Multiply Dist.,MDIVL/MDIVL/MD_IVLreference/OCEreferenceMD/bus.png,31.6831,21.970312118530277,0.0934393160005129,0
bus_noise_10_jpg_30.jpg,/kaggle/working/MDFS/data/MDIVL/extracted/MDIVL/MDIVL/Data_Noise_JPEG/bus_noise_10_jpg_30.jpg,Multiply Dist.,MDIVL/MDIVL/MD_IVLreference/OCEreferenceMD/bus.png,31.7996,22.054601669311523,0.0906430289996933,0
bus_noise_12_jpg_100.jpg,/kaggle/working/MDFS/data/MDIVL/extracted/MDIVL/MDIVL/Data_Noise_JPEG/bus_noise_12_jpg_100.jpg,Multiply Dist.,MDIVL/MDIVL/MD_IVLreference/OCEreferenceMD/bus.png,29.3512,22.442413330078125,0.095072957999946,0
bus_noise_12_jpg_30.jpg,/kaggle/working/MDFS/data/MDIVL/extracted/MDIVL/MDIVL/Data_Noise_JPEG/bus_noise_12_jpg_30.jpg,Multiply Dist.,MDIVL/MDIVL/MD_IVLreference/OCEreferenceMD/bus.png,26.9558,22.30284881591797,0.0898963230010849,0
bus_noise_14_jpg_100.jpg,/kaggle/working/MDFS/data/MDIVL/extracted/MDIVL/MDIVL/Data_Noise_JPEG/bus_noise_14_jpg_100.jpg,Multiply Dist.,MDIVL/MDIVL/MD_IVLreference/OCEreferenceMD/bus.png,23.687,22.740760803222656,0.0932515770000463,0
bus_noise_14_jpg_30.jpg,/kaggle/working/MDFS/data/MDIVL/extracted/MDIVL/MDIVL/Data_Noise_JPEG/bus_noise_14_jpg_30.jpg,Multiply Dist.,MDIVL/MDIVL/MD_IVLreference/OCEreferenceMD/bus.png,34.4709,22.54861831665039,0.0907709849998354,0
candies_noise_1_jpg_100.jpg,/kaggle/working/MDFS/data/MDIVL/extracted/MDIVL/MDIVL/Data_Noise_JPEG/candies_noise_1_jpg_100.jpg,Multiply Dist.,MDIVL/MDIVL/MD_IVLreference/OCEreferenceMD/candies.png,79.5219,20.20915985107422,0.0927737590009201,0
candies_noise_1_jpg_30.jpg,/kaggle/working/MDFS/data/MDIVL/extracted/MDIVL/MDIVL/Data_Noise_JPEG/candies_noise_1_jpg_30.jpg,Multiply Dist.,MDIVL/MDIVL/MD_IVLreference/OCEreferenceMD/candies.png,82.1228,21.946060180664062,0.0890820280001207,0
candies_noise_2_jpg_100.jpg,/kaggle/working/MDFS/data/MDIVL/extracted/MDIVL/MDIVL/Data_Noise_JPEG/candies_noise_2_jpg_100.jpg,Multiply Dist.,MDIVL/MDIVL/MD_IVLreference/OCEreferenceMD/candies.png,85.1451,20.87236595153809,0.0923869069993088,0
candies_noise_2_jpg_30.jpg,/kaggle/working/MDFS/data/MDIVL/extracted/MDIVL/MDIVL/Data_Noise_JPEG/candies_noise_2_jpg_30.jpg,Multiply Dist.,MDIVL/MDIVL/MD_IVLreference/OCEreferenceMD/candies.png,72.8388,22.01227378845215,0.0889749689995369,0
candies_noise_3_jpg_100.jpg,/kaggle/working/MDFS/data/MDIVL/extracted/MDIVL/MDIVL/Data_Noise_JPEG/candies_noise_3_jpg_100.jpg,Multiply Dist.,MDIVL/MDIVL/MD_IVLreference/OCEreferenceMD/candies.png,82.0312,21.387704849243164,0.0933416020016011,0
candies_noise_3_jpg_30.jpg,/kaggle/working/MDFS/data/MDIVL/extracted/MDIVL/MDIVL/Data_Noise_JPEG/candies_noise_3_jpg_30.jpg,Multiply Dist.,MDIVL/MDIVL/MD_IVLreference/OCEreferenceMD/candies.png,70.6457,22.141977310180664,0.0893116449988156,0
candies_noise_4_jpg_100.jpg,/kaggle/working/MDFS/data/MDIVL/extracted/MDIVL/MDIVL/Data_Noise_JPEG/candies_noise_4_jpg_100.jpg,Multiply Dist.,MDIVL/MDIVL/MD_IVLreference/OCEreferenceMD/candies.png,75.4092,21.77644157409668,0.0942130959992937,0
candies_noise_4_jpg_30.jpg,/kaggle/working/MDFS/data/MDIVL/extracted/MDIVL/MDIVL/Data_Noise_JPEG/candies_noise_4_jpg_30.jpg,Multiply Dist.,MDIVL/MDIVL/MD_IVLreference/OCEreferenceMD/candies.png,66.1548,22.375652313232425,0.0916243770006985,0
candies_noise_5_jpg_100.jpg,/kaggle/working/MDFS/data/MDIVL/extracted/MDIVL/MDIVL/Data_Noise_JPEG/candies_noise_5_jpg_100.jpg,Multiply Dist.,MDIVL/MDIVL/MD_IVLreference/OCEreferenceMD/candies.png,57.9192,22.08509635925293,0.0944164939992333,0
candies_noise_5_jpg_30.jpg,/kaggle/working/MDFS/data/MDIVL/extracted/MDIVL/MDIVL/Data_Noise_JPEG/candies_noise_5_jpg_30.jpg,Multiply Dist.,MDIVL/MDIVL/MD_IVLreference/OCEreferenceMD/candies.png,66.6017,22.46640968322754,0.0894884369990904,0
candies_noise_6_jpg_100.jpg,/kaggle/working/MDFS/data/MDIVL/extracted/MDIVL/MDIVL/Data_Noise_JPEG/candies_noise_6_jpg_100.jpg,Multiply Dist.,MDIVL/MDIVL/MD_IVLreference/OCEreferenceMD/candies.png,62.8226,22.401756286621094,0.0955777409999427,0
candies_noise_6_jpg_30.jpg,/kaggle/working/MDFS/data/MDIVL/extracted/MDIVL/MDIVL/Data_Noise_JPEG/candies_noise_6_jpg_30.jpg,Multiply Dist.,MDIVL/MDIVL/MD_IVLreference/OCEreferenceMD/candies.png,54.9242,22.79607582092285,0.0899141929985489,0
candies_noise_8_jpg_100.jpg,/kaggle/working/MDFS/data/MDIVL/extracted/MDIVL/MDIVL/Data_Noise_JPEG/candies_noise_8_jpg_100.jpg,Multiply Dist.,MDIVL/MDIVL/MD_IVLreference/OCEreferenceMD/candies.png,54.9517,23.02787208557129,0.0944830399985221,0
candies_noise_8_jpg_30.jpg,/kaggle/working/MDFS/data/MDIVL/extracted/MDIVL/MDIVL/Data_Noise_JPEG/candies_noise_8_jpg_30.jpg,Multiply Dist.,MDIVL/MDIVL/MD_IVLreference/OCEreferenceMD/candies.png,43.5268,23.206802368164062,0.0909649599998374,0
candies_noise_10_jpg_100.jpg,/kaggle/working/MDFS/data/MDIVL/extracted/MDIVL/MDIVL/Data_Noise_JPEG/candies_noise_10_jpg_100.jpg,Multiply Dist.,MDIVL/MDIVL/MD_IVLreference/OCEreferenceMD/candies.png,51.2522,23.5208740234375,0.0945191829996474,0
candies_noise_10_jpg_30.jpg,/kaggle/working/MDFS/data/MDIVL/extracted/MDIVL/MDIVL/Data_Noise_JPEG/candies_noise_10_jpg_30.jpg,Multiply Dist.,MDIVL/MDIVL/MD_IVLreference/OCEreferenceMD/candies.png,32.547,23.70667266845703,0.0898285019993636,0
candies_noise_12_jpg_100.jpg,/kaggle/working/MDFS/data/MDIVL/extracted/MDIVL/MDIVL/Data_Noise_JPEG/candies_noise_12_jpg_100.jpg,Multiply Dist.,MDIVL/MDIVL/MD_IVLreference/OCEreferenceMD/candies.png,46.9302,23.89189338684082,0.0946893879990966,0
candies_noise_12_jpg_30.jpg,/kaggle/working/MDFS/data/MDIVL/extracted/MDIVL/MDIVL/Data_Noise_JPEG/candies_noise_12_jpg_30.jpg,Multiply Dist.,MDIVL/MDIVL/MD_IVLreference/OCEreferenceMD/candies.png,43.2644,24.179073333740234,0.0900763119989278,0
candies_noise_14_jpg_100.jpg,/kaggle/working/MDFS/data/MDIVL/extracted/MDIVL/MDIVL/Data_Noise_JPEG/candies_noise_14_jpg_100.jpg,Multiply Dist.,MDIVL/MDIVL/MD_IVLreference/OCEreferenceMD/candies.png,34.9568,24.265993118286133,0.0938561060011125,0
candies_noise_14_jpg_30.jpg,/kaggle/working/MDFS/data/MDIVL/extracted/MDIVL/MDIVL/Data_Noise_JPEG/candies_noise_14_jpg_30.jpg,Multiply Dist.,MDIVL/MDIVL/MD_IVLreference/OCEreferenceMD/candies.png,31.6818,24.425968170166016,0.0906477180014917,0
chianti_noise_1_jpg_100.jpg,/kaggle/working/MDFS/data/MDIVL/extracted/MDIVL/MDIVL/Data_Noise_JPEG/chianti_noise_1_jpg_100.jpg,Multiply Dist.,MDIVL/MDIVL/MD_IVLreference/OCEreferenceMD/chianti.png,89.1305,19.252687454223636,0.0930030559993611,0
chianti_noise_1_jpg_30.jpg,/kaggle/working/MDFS/data/MDIVL/extracted/MDIVL/MDIVL/Data_Noise_JPEG/chianti_noise_1_jpg_30.jpg,Multiply Dist.,MDIVL/MDIVL/MD_IVLreference/OCEreferenceMD/chianti.png,61.8654,22.057971954345703,0.0902103600001282,0
chianti_noise_2_jpg_100.jpg,/kaggle/working/MDFS/data/MDIVL/extracted/MDIVL/MDIVL/Data_Noise_JPEG/chianti_noise_2_jpg_100.jpg,Multiply Dist.,MDIVL/MDIVL/MD_IVLreference/OCEreferenceMD/chianti.png,73.0293,19.562788009643555,0.0930754549990524,0
chianti_noise_2_jpg_30.jpg,/kaggle/working/MDFS/data/MDIVL/extracted/MDIVL/MDIVL/Data_Noise_JPEG/chianti_noise_2_jpg_30.jpg,Multiply Dist.,MDIVL/MDIVL/MD_IVLreference/OCEreferenceMD/chianti.png,43.3816,22.303312301635746,0.0894624159991508,0
chianti_noise_3_jpg_100.jpg,/kaggle/working/MDFS/data/MDIVL/extracted/MDIVL/MDIVL/Data_Noise_JPEG/chianti_noise_3_jpg_100.jpg,Multiply Dist.,MDIVL/MDIVL/MD_IVLreference/OCEreferenceMD/chianti.png,64.9233,19.81256484985352,0.0929692680001608,0
chianti_noise_3_jpg_30.jpg,/kaggle/working/MDFS/data/MDIVL/extracted/MDIVL/MDIVL/Data_Noise_JPEG/chianti_noise_3_jpg_30.jpg,Multiply Dist.,MDIVL/MDIVL/MD_IVLreference/OCEreferenceMD/chianti.png,38.5529,22.40998268127441,0.0913105290001112,0
chianti_noise_4_jpg_100.jpg,/kaggle/working/MDFS/data/MDIVL/extracted/MDIVL/MDIVL/Data_Noise_JPEG/chianti_noise_4_jpg_100.jpg,Multiply Dist.,MDIVL/MDIVL/MD_IVLreference/OCEreferenceMD/chianti.png,66.5748,20.192222595214844,0.0946335529988573,0
chianti_noise_4_jpg_30.jpg,/kaggle/working/MDFS/data/MDIVL/extracted/MDIVL/MDIVL/Data_Noise_JPEG/chianti_noise_4_jpg_30.jpg,Multiply Dist.,MDIVL/MDIVL/MD_IVLreference/OCEreferenceMD/chianti.png,43.5524,22.86601829528809,0.088188531999549,0
chianti_noise_5_jpg_100.jpg,/kaggle/working/MDFS/data/MDIVL/extracted/MDIVL/MDIVL/Data_Noise_JPEG/chianti_noise_5_jpg_100.jpg,Multiply Dist.,MDIVL/MDIVL/MD_IVLreference/OCEreferenceMD/chianti.png,53.497,20.465229034423828,0.0943046550000872,0
chianti_noise_5_jpg_30.jpg,/kaggle/working/MDFS/data/MDIVL/extracted/MDIVL/MDIVL/Data_Noise_JPEG/chianti_noise_5_jpg_30.jpg,Multiply Dist.,MDIVL/MDIVL/MD_IVLreference/OCEreferenceMD/chianti.png,49.8082,23.21047019958496,0.0912673139991966,0
chianti_noise_6_jpg_100.jpg,/kaggle/working/MDFS/data/MDIVL/extracted/MDIVL/MDIVL/Data_Noise_JPEG/chianti_noise_6_jpg_100.jpg,Multiply Dist.,MDIVL/MDIVL/MD_IVLreference/OCEreferenceMD/chianti.png,40.8268,20.69093894958496,0.0938480049990175,0
chianti_noise_6_jpg_30.jpg,/kaggle/working/MDFS/data/MDIVL/extracted/MDIVL/MDIVL/Data_Noise_JPEG/chianti_noise_6_jpg_30.jpg,Multiply Dist.,MDIVL/MDIVL/MD_IVLreference/OCEreferenceMD/chianti.png,33.9828,23.46405029296875,0.0898665849999815,0
chianti_noise_8_jpg_100.jpg,/kaggle/working/MDFS/data/MDIVL/extracted/MDIVL/MDIVL/Data_Noise_JPEG/chianti_noise_8_jpg_100.jpg,Multiply Dist.,MDIVL/MDIVL/MD_IVLreference/OCEreferenceMD/chianti.png,35.1319,21.286012649536133,0.0951255700001638,0
chianti_noise_8_jpg_30.jpg,/kaggle/working/MDFS/data/MDIVL/extracted/MDIVL/MDIVL/Data_Noise_JPEG/chianti_noise_8_jpg_30.jpg,Multiply Dist.,MDIVL/MDIVL/MD_IVLreference/OCEreferenceMD/chianti.png,32.6056,24.105125427246094,0.090895900999385,0
chianti_noise_10_jpg_100.jpg,/kaggle/working/MDFS/data/MDIVL/extracted/MDIVL/MDIVL/Data_Noise_JPEG/chianti_noise_10_jpg_100.jpg,Multiply Dist.,MDIVL/MDIVL/MD_IVLreference/OCEreferenceMD/chianti.png,28.2303,21.799108505249023,0.0956124409985932,0
chianti_noise_10_jpg_30.jpg,/kaggle/working/MDFS/data/MDIVL/extracted/MDIVL/MDIVL/Data_Noise_JPEG/chianti_noise_10_jpg_30.jpg,Multiply Dist.,MDIVL/MDIVL/MD_IVLreference/OCEreferenceMD/chianti.png,24.7412,24.04271697998047,0.0904776469997159,0
chianti_noise_12_jpg_100.jpg,/kaggle/working/MDFS/data/MDIVL/extracted/MDIVL/MDIVL/Data_Noise_JPEG/chianti_noise_12_jpg_100.jpg,Multiply Dist.,MDIVL/MDIVL/MD_IVLreference/OCEreferenceMD/chianti.png,24.75,22.26677894592285,0.0950751929995021,0
chianti_noise_12_jpg_30.jpg,/kaggle/working/MDFS/data/MDIVL/extracted/MDIVL/MDIVL/Data_Noise_JPEG/chianti_noise_12_jpg_30.jpg,Multiply Dist.,MDIVL/MDIVL/MD_IVLreference/OCEreferenceMD/chianti.png,20.7847,24.18735885620117,0.090889380999215,0
chianti_noise_14_jpg_100.jpg,/kaggle/working/MDFS/data/MDIVL/extracted/MDIVL/MDIVL/Data_Noise_JPEG/chianti_noise_14_jpg_100.jpg,Multiply Dist.,MDIVL/MDIVL/MD_IVLreference/OCEreferenceMD/chianti.png,21.4358,22.94698715209961,0.0958820969990483,0
chianti_noise_14_jpg_30.jpg,/kaggle/working/MDFS/data/MDIVL/extracted/MDIVL/MDIVL/Data_Noise_JPEG/chianti_noise_14_jpg_30.jpg,Multiply Dist.,MDIVL/MDIVL/MD_IVLreference/OCEreferenceMD/chianti.png,18.6583,24.254079818725582,0.0889954369995393,0
dancers1_noise_1_jpg_100.jpg,/kaggle/working/MDFS/data/MDIVL/extracted/MDIVL/MDIVL/Data_Noise_JPEG/dancers1_noise_1_jpg_100.jpg,Multiply Dist.,MDIVL/MDIVL/MD_IVLreference/OCEreferenceMD/dancers1.png,97.9742,21.24461936950684,0.0939332519992603,0
dancers1_noise_1_jpg_30.jpg,/kaggle/working/MDFS/data/MDIVL/extracted/MDIVL/MDIVL/Data_Noise_JPEG/dancers1_noise_1_jpg_30.jpg,Multiply Dist.,MDIVL/MDIVL/MD_IVLreference/OCEreferenceMD/dancers1.png,51.862,23.064332962036133,0.0880761909993452,0
dancers1_noise_2_jpg_100.jpg,/kaggle/working/MDFS/data/MDIVL/extracted/MDIVL/MDIVL/Data_Noise_JPEG/dancers1_noise_2_jpg_100.jpg,Multiply Dist.,MDIVL/MDIVL/MD_IVLreference/OCEreferenceMD/dancers1.png,84.2547,22.16551971435547,0.0936297179996472,0
dancers1_noise_2_jpg_30.jpg,/kaggle/working/MDFS/data/MDIVL/extracted/MDIVL/MDIVL/Data_Noise_JPEG/dancers1_noise_2_jpg_30.jpg,Multiply Dist.,MDIVL/MDIVL/MD_IVLreference/OCEreferenceMD/dancers1.png,74.3321,23.11465835571289,0.0902962719992501,0
dancers1_noise_3_jpg_100.jpg,/kaggle/working/MDFS/data/MDIVL/extracted/MDIVL/MDIVL/Data_Noise_JPEG/dancers1_noise_3_jpg_100.jpg,Multiply Dist.,MDIVL/MDIVL/MD_IVLreference/OCEreferenceMD/dancers1.png,64.4795,22.902278900146484,0.0940972450007393,0
dancers1_noise_3_jpg_30.jpg,/kaggle/working/MDFS/data/MDIVL/extracted/MDIVL/MDIVL/Data_Noise_JPEG/dancers1_noise_3_jpg_30.jpg,Multiply Dist.,MDIVL/MDIVL/MD_IVLreference/OCEreferenceMD/dancers1.png,55.9822,23.34710502624512,0.08911543800059,0
dancers1_noise_4_jpg_100.jpg,/kaggle/working/MDFS/data/MDIVL/extracted/MDIVL/MDIVL/Data_Noise_JPEG/dancers1_noise_4_jpg_100.jpg,Multiply Dist.,MDIVL/MDIVL/MD_IVLreference/OCEreferenceMD/dancers1.png,74.3835,23.775598526000977,0.09520582299956,0
dancers1_noise_4_jpg_30.jpg,/kaggle/working/MDFS/data/MDIVL/extracted/MDIVL/MDIVL/Data_Noise_JPEG/dancers1_noise_4_jpg_30.jpg,Multiply Dist.,MDIVL/MDIVL/MD_IVLreference/OCEreferenceMD/dancers1.png,70.272,23.722488403320312,0.0914287020004849,0
dancers1_noise_5_jpg_100.jpg,/kaggle/working/MDFS/data/MDIVL/extracted/MDIVL/MDIVL/Data_Noise_JPEG/dancers1_noise_5_jpg_100.jpg,Multiply Dist.,MDIVL/MDIVL/MD_IVLreference/OCEreferenceMD/dancers1.png,52.9458,24.491943359375,0.0938328200008982,0
dancers1_noise_5_jpg_30.jpg,/kaggle/working/MDFS/data/MDIVL/extracted/MDIVL/MDIVL/Data_Noise_JPEG/dancers1_noise_5_jpg_30.jpg,Multiply Dist.,MDIVL/MDIVL/MD_IVLreference/OCEreferenceMD/dancers1.png,41.8675,24.56155014038086,0.0898689430014201,0
dancers1_noise_6_jpg_100.jpg,/kaggle/working/MDFS/data/MDIVL/extracted/MDIVL/MDIVL/Data_Noise_JPEG/dancers1_noise_6_jpg_100.jpg,Multiply Dist.,MDIVL/MDIVL/MD_IVLreference/OCEreferenceMD/dancers1.png,52.9699,24.9725341796875,0.0956957340004009,0
dancers1_noise_6_jpg_30.jpg,/kaggle/working/MDFS/data/MDIVL/extracted/MDIVL/MDIVL/Data_Noise_JPEG/dancers1_noise_6_jpg_30.jpg,Multiply Dist.,MDIVL/MDIVL/MD_IVLreference/OCEreferenceMD/dancers1.png,39.5507,25.43366813659668,0.0908826110007794,0
dancers1_noise_8_jpg_100.jpg,/kaggle/working/MDFS/data/MDIVL/extracted/MDIVL/MDIVL/Data_Noise_JPEG/dancers1_noise_8_jpg_100.jpg,Multiply Dist.,MDIVL/MDIVL/MD_IVLreference/OCEreferenceMD/dancers1.png,31.0178,26.34301376342773,0.0964747510006418,0
dancers1_noise_8_jpg_30.jpg,/kaggle/working/MDFS/data/MDIVL/extracted/MDIVL/MDIVL/Data_Noise_JPEG/dancers1_noise_8_jpg_30.jpg,Multiply Dist.,MDIVL/MDIVL/MD_IVLreference/OCEreferenceMD/dancers1.png,30.6066,26.23055076599121,0.0889952950001315,0
dancers1_noise_10_jpg_100.jpg,/kaggle/working/MDFS/data/MDIVL/extracted/MDIVL/MDIVL/Data_Noise_JPEG/dancers1_noise_10_jpg_100.jpg,Multiply Dist.,MDIVL/MDIVL/MD_IVLreference/OCEreferenceMD/dancers1.png,35.6284,27.19059944152832,0.0920749520009849,0
dancers1_noise_10_jpg_30.jpg,/kaggle/working/MDFS/data/MDIVL/extracted/MDIVL/MDIVL/Data_Noise_JPEG/dancers1_noise_10_jpg_30.jpg,Multiply Dist.,MDIVL/MDIVL/MD_IVLreference/OCEreferenceMD/dancers1.png,29.2711,27.003129959106445,0.0889576460012904,0
dancers1_noise_12_jpg_100.jpg,/kaggle/working/MDFS/data/MDIVL/extracted/MDIVL/MDIVL/Data_Noise_JPEG/dancers1_noise_12_jpg_100.jpg,Multiply Dist.,MDIVL/MDIVL/MD_IVLreference/OCEreferenceMD/dancers1.png,29.1813,28.180294036865234,0.094561858999441,0
dancers1_noise_12_jpg_30.jpg,/kaggle/working/MDFS/data/MDIVL/extracted/MDIVL/MDIVL/Data_Noise_JPEG/dancers1_noise_12_jpg_30.jpg,Multiply Dist.,MDIVL/MDIVL/MD_IVLreference/OCEreferenceMD/dancers1.png,25.9241,27.57335662841797,0.0908311109997157,0
dancers1_noise_14_jpg_100.jpg,/kaggle/working/MDFS/data/MDIVL/extracted/MDIVL/MDIVL/Data_Noise_JPEG/dancers1_noise_14_jpg_100.jpg,Multiply Dist.,MDIVL/MDIVL/MD_IVLreference/OCEreferenceMD/dancers1.png,22.0751,28.963478088378903,0.0950598520012135,0
dancers1_noise_14_jpg_30.jpg,/kaggle/working/MDFS/data/MDIVL/extracted/MDIVL/MDIVL/Data_Noise_JPEG/dancers1_noise_14_jpg_30.jpg,Multiply Dist.,MDIVL/MDIVL/MD_IVLreference/OCEreferenceMD/dancers1.png,21.8656,28.23410987854004,0.0907204129998717,0
home_noise_1_jpg_100.jpg,/kaggle/working/MDFS/data/MDIVL/extracted/MDIVL/MDIVL/Data_Noise_JPEG/home_noise_1_jpg_100.jpg,Multiply Dist.,MDIVL/MDIVL/MD_IVLreference/OCEreferenceMD/home.png,90.867,19.672910690307617,0.0960128829992754,0
home_noise_1_jpg_30.jpg,/kaggle/working/MDFS/data/MDIVL/extracted/MDIVL/MDIVL/Data_Noise_JPEG/home_noise_1_jpg_30.jpg,Multiply Dist.,MDIVL/MDIVL/MD_IVLreference/OCEreferenceMD/home.png,74.8509,21.642845153808597,0.09209127000031,0
home_noise_2_jpg_100.jpg,/kaggle/working/MDFS/data/MDIVL/extracted/MDIVL/MDIVL/Data_Noise_JPEG/home_noise_2_jpg_100.jpg,Multiply Dist.,MDIVL/MDIVL/MD_IVLreference/OCEreferenceMD/home.png,84.5114,20.18715476989746,0.0936208860002807,0
home_noise_2_jpg_30.jpg,/kaggle/working/MDFS/data/MDIVL/extracted/MDIVL/MDIVL/Data_Noise_JPEG/home_noise_2_jpg_30.jpg,Multiply Dist.,MDIVL/MDIVL/MD_IVLreference/OCEreferenceMD/home.png,55.9287,21.67295837402344,0.0921691420007846,0
home_noise_3_jpg_100.jpg,/kaggle/working/MDFS/data/MDIVL/extracted/MDIVL/MDIVL/Data_Noise_JPEG/home_noise_3_jpg_100.jpg,Multiply Dist.,MDIVL/MDIVL/MD_IVLreference/OCEreferenceMD/home.png,78.4845,20.732765197753903,0.0952055559992004,0
home_noise_3_jpg_30.jpg,/kaggle/working/MDFS/data/MDIVL/extracted/MDIVL/MDIVL/Data_Noise_JPEG/home_noise_3_jpg_30.jpg,Multiply Dist.,MDIVL/MDIVL/MD_IVLreference/OCEreferenceMD/home.png,63.0569,21.824562072753903,0.0922658859999501,0
home_noise_4_jpg_100.jpg,/kaggle/working/MDFS/data/MDIVL/extracted/MDIVL/MDIVL/Data_Noise_JPEG/home_noise_4_jpg_100.jpg,Multiply Dist.,MDIVL/MDIVL/MD_IVLreference/OCEreferenceMD/home.png,64.9765,21.12405776977539,0.0951897739996638,0
home_noise_4_jpg_30.jpg,/kaggle/working/MDFS/data/MDIVL/extracted/MDIVL/MDIVL/Data_Noise_JPEG/home_noise_4_jpg_30.jpg,Multiply Dist.,MDIVL/MDIVL/MD_IVLreference/OCEreferenceMD/home.png,67.9969,21.92654609680176,0.0915790100007143,0
home_noise_5_jpg_100.jpg,/kaggle/working/MDFS/data/MDIVL/extracted/MDIVL/MDIVL/Data_Noise_JPEG/home_noise_5_jpg_100.jpg,Multiply Dist.,MDIVL/MDIVL/MD_IVLreference/OCEreferenceMD/home.png,63.0704,21.52068901062012,0.0950576340001134,0
home_noise_5_jpg_30.jpg,/kaggle/working/MDFS/data/MDIVL/extracted/MDIVL/MDIVL/Data_Noise_JPEG/home_noise_5_jpg_30.jpg,Multiply Dist.,MDIVL/MDIVL/MD_IVLreference/OCEreferenceMD/home.png,42.9369,22.156496047973636,0.0912314889992558,0
home_noise_6_jpg_100.jpg,/kaggle/working/MDFS/data/MDIVL/extracted/MDIVL/MDIVL/Data_Noise_JPEG/home_noise_6_jpg_100.jpg,Multiply Dist.,MDIVL/MDIVL/MD_IVLreference/OCEreferenceMD/home.png,54.2859,21.864524841308597,0.0941146900004241,0
home_noise_6_jpg_30.jpg,/kaggle/working/MDFS/data/MDIVL/extracted/MDIVL/MDIVL/Data_Noise_JPEG/home_noise_6_jpg_30.jpg,Multiply Dist.,MDIVL/MDIVL/MD_IVLreference/OCEreferenceMD/home.png,53.6593,22.43577003479004,0.0914655950000451,0
home_noise_8_jpg_100.jpg,/kaggle/working/MDFS/data/MDIVL/extracted/MDIVL/MDIVL/Data_Noise_JPEG/home_noise_8_jpg_100.jpg,Multiply Dist.,MDIVL/MDIVL/MD_IVLreference/OCEreferenceMD/home.png,42.9704,22.675981521606445,0.0956566050008405,0
home_noise_8_jpg_30.jpg,/kaggle/working/MDFS/data/MDIVL/extracted/MDIVL/MDIVL/Data_Noise_JPEG/home_noise_8_jpg_30.jpg,Multiply Dist.,MDIVL/MDIVL/MD_IVLreference/OCEreferenceMD/home.png,46.6586,23.014352798461918,0.0920881510010076,0
home_noise_10_jpg_100.jpg,/kaggle/working/MDFS/data/MDIVL/extracted/MDIVL/MDIVL/Data_Noise_JPEG/home_noise_10_jpg_100.jpg,Multiply Dist.,MDIVL/MDIVL/MD_IVLreference/OCEreferenceMD/home.png,35.1523,23.2298526763916,0.0945893070002057,0
home_noise_10_jpg_30.jpg,/kaggle/working/MDFS/data/MDIVL/extracted/MDIVL/MDIVL/Data_Noise_JPEG/home_noise_10_jpg_30.jpg,Multiply Dist.,MDIVL/MDIVL/MD_IVLreference/OCEreferenceMD/home.png,27.0764,23.648149490356445,0.0911430269989068,0
home_noise_12_jpg_100.jpg,/kaggle/working/MDFS/data/MDIVL/extracted/MDIVL/MDIVL/Data_Noise_JPEG/home_noise_12_jpg_100.jpg,Multiply Dist.,MDIVL/MDIVL/MD_IVLreference/OCEreferenceMD/home.png,33.8706,23.69874763488769,0.0958568209989607,0
home_noise_12_jpg_30.jpg,/kaggle/working/MDFS/data/MDIVL/extracted/MDIVL/MDIVL/Data_Noise_JPEG/home_noise_12_jpg_30.jpg,Multiply Dist.,MDIVL/MDIVL/MD_IVLreference/OCEreferenceMD/home.png,29.3153,23.924196243286133,0.091207776000374,0
home_noise_14_jpg_100.jpg,/kaggle/working/MDFS/data/MDIVL/extracted/MDIVL/MDIVL/Data_Noise_JPEG/home_noise_14_jpg_100.jpg,Multiply Dist.,MDIVL/MDIVL/MD_IVLreference/OCEreferenceMD/home.png,24.708,24.25682640075684,0.0955941049996909,0
home_noise_14_jpg_30.jpg,/kaggle/working/MDFS/data/MDIVL/extracted/MDIVL/MDIVL/Data_Noise_JPEG/home_noise_14_jpg_30.jpg,Multiply Dist.,MDIVL/MDIVL/MD_IVLreference/OCEreferenceMD/home.png,15.8403,24.43404197692871,0.0918976880002446,0
manikin_noise_1_jpg_100.jpg,/kaggle/working/MDFS/data/MDIVL/extracted/MDIVL/MDIVL/Data_Noise_JPEG/manikin_noise_1_jpg_100.jpg,Multiply Dist.,MDIVL/MDIVL/MD_IVLreference/OCEreferenceMD/manikin.png,93.4257,20.71930503845215,0.0944060969995916,0
manikin_noise_1_jpg_30.jpg,/kaggle/working/MDFS/data/MDIVL/extracted/MDIVL/MDIVL/Data_Noise_JPEG/manikin_noise_1_jpg_30.jpg,Multiply Dist.,MDIVL/MDIVL/MD_IVLreference/OCEreferenceMD/manikin.png,49.8788,24.431325912475582,0.0898312409990467,0
manikin_noise_2_jpg_100.jpg,/kaggle/working/MDFS/data/MDIVL/extracted/MDIVL/MDIVL/Data_Noise_JPEG/manikin_noise_2_jpg_100.jpg,Multiply Dist.,MDIVL/MDIVL/MD_IVLreference/OCEreferenceMD/manikin.png,81.6542,22.132722854614254,0.0940358280004147,0
manikin_noise_2_jpg_30.jpg,/kaggle/working/MDFS/data/MDIVL/extracted/MDIVL/MDIVL/Data_Noise_JPEG/manikin_noise_2_jpg_30.jpg,Multiply Dist.,MDIVL/MDIVL/MD_IVLreference/OCEreferenceMD/manikin.png,43.6697,24.4339656829834,0.0886106350008049,0
manikin_noise_3_jpg_100.jpg,/kaggle/working/MDFS/data/MDIVL/extracted/MDIVL/MDIVL/Data_Noise_JPEG/manikin_noise_3_jpg_100.jpg,Multiply Dist.,MDIVL/MDIVL/MD_IVLreference/OCEreferenceMD/manikin.png,63.1584,23.550952911376957,0.0962147070003993,0
manikin_noise_3_jpg_30.jpg,/kaggle/working/MDFS/data/MDIVL/extracted/MDIVL/MDIVL/Data_Noise_JPEG/manikin_noise_3_jpg_30.jpg,Multiply Dist.,MDIVL/MDIVL/MD_IVLreference/OCEreferenceMD/manikin.png,53.5101,24.59096336364746,0.0910438589999103,0
manikin_noise_4_jpg_100.jpg,/kaggle/working/MDFS/data/MDIVL/extracted/MDIVL/MDIVL/Data_Noise_JPEG/manikin_noise_4_jpg_100.jpg,Multiply Dist.,MDIVL/MDIVL/MD_IVLreference/OCEreferenceMD/manikin.png,65.2268,24.845233917236328,0.0941054370014171,0
manikin_noise_4_jpg_30.jpg,/kaggle/working/MDFS/data/MDIVL/extracted/MDIVL/MDIVL/Data_Noise_JPEG/manikin_noise_4_jpg_30.jpg,Multiply Dist.,MDIVL/MDIVL/MD_IVLreference/OCEreferenceMD/manikin.png,61.6544,26.07897186279297,0.0917214149994833,0
manikin_noise_5_jpg_100.jpg,/kaggle/working/MDFS/data/MDIVL/extracted/MDIVL/MDIVL/Data_Noise_JPEG/manikin_noise_5_jpg_100.jpg,Multiply Dist.,MDIVL/MDIVL/MD_IVLreference/OCEreferenceMD/manikin.png,50.552,25.70753288269043,0.0965885489986249,0
manikin_noise_5_jpg_30.jpg,/kaggle/working/MDFS/data/MDIVL/extracted/MDIVL/MDIVL/Data_Noise_JPEG/manikin_noise_5_jpg_30.jpg,Multiply Dist.,MDIVL/MDIVL/MD_IVLreference/OCEreferenceMD/manikin.png,33.0438,27.52682304382324,0.0908382019988494,0
manikin_noise_6_jpg_100.jpg,/kaggle/working/MDFS/data/MDIVL/extracted/MDIVL/MDIVL/Data_Noise_JPEG/manikin_noise_6_jpg_100.jpg,Multiply Dist.,MDIVL/MDIVL/MD_IVLreference/OCEreferenceMD/manikin.png,40.0491,26.8599853515625,0.0953499869992811,0
manikin_noise_6_jpg_30.jpg,/kaggle/working/MDFS/data/MDIVL/extracted/MDIVL/MDIVL/Data_Noise_JPEG/manikin_noise_6_jpg_30.jpg,Multiply Dist.,MDIVL/MDIVL/MD_IVLreference/OCEreferenceMD/manikin.png,34.1904,28.759132385253903,0.090454918999967,0
manikin_noise_8_jpg_100.jpg,/kaggle/working/MDFS/data/MDIVL/extracted/MDIVL/MDIVL/Data_Noise_JPEG/manikin_noise_8_jpg_100.jpg,Multiply Dist.,MDIVL/MDIVL/MD_IVLreference/OCEreferenceMD/manikin.png,36.3123,28.51014518737793,0.0935994200008281,0
manikin_noise_8_jpg_30.jpg,/kaggle/working/MDFS/data/MDIVL/extracted/MDIVL/MDIVL/Data_Noise_JPEG/manikin_noise_8_jpg_30.jpg,Multiply Dist.,MDIVL/MDIVL/MD_IVLreference/OCEreferenceMD/manikin.png,30.9668,30.640796661376957,0.0892980329990678,0
manikin_noise_10_jpg_100.jpg,/kaggle/working/MDFS/data/MDIVL/extracted/MDIVL/MDIVL/Data_Noise_JPEG/manikin_noise_10_jpg_100.jpg,Multiply Dist.,MDIVL/MDIVL/MD_IVLreference/OCEreferenceMD/manikin.png,23.499,29.500080108642575,0.0956175819992495,0
manikin_noise_10_jpg_30.jpg,/kaggle/working/MDFS/data/MDIVL/extracted/MDIVL/MDIVL/Data_Noise_JPEG/manikin_noise_10_jpg_30.jpg,Multiply Dist.,MDIVL/MDIVL/MD_IVLreference/OCEreferenceMD/manikin.png,25.7699,31.07536125183105,0.0910841849999997,0
manikin_noise_12_jpg_100.jpg,/kaggle/working/MDFS/data/MDIVL/extracted/MDIVL/MDIVL/Data_Noise_JPEG/manikin_noise_12_jpg_100.jpg,Multiply Dist.,MDIVL/MDIVL/MD_IVLreference/OCEreferenceMD/manikin.png,17.5313,30.072996139526367,0.0942128560000128,0
manikin_noise_12_jpg_30.jpg,/kaggle/working/MDFS/data/MDIVL/extracted/MDIVL/MDIVL/Data_Noise_JPEG/manikin_noise_12_jpg_30.jpg,Multiply Dist.,MDIVL/MDIVL/MD_IVLreference/OCEreferenceMD/manikin.png,26.2174,31.87576103210449,0.0913865839993377,0
manikin_noise_14_jpg_100.jpg,/kaggle/working/MDFS/data/MDIVL/extracted/MDIVL/MDIVL/Data_Noise_JPEG/manikin_noise_14_jpg_100.jpg,Multiply Dist.,MDIVL/MDIVL/MD_IVLreference/OCEreferenceMD/manikin.png,20.877,30.45623207092285,0.0930469670001912,0
manikin_noise_14_jpg_30.jpg,/kaggle/working/MDFS/data/MDIVL/extracted/MDIVL/MDIVL/Data_Noise_JPEG/manikin_noise_14_jpg_30.jpg,Multiply Dist.,MDIVL/MDIVL/MD_IVLreference/OCEreferenceMD/manikin.png,25.2682,31.84457015991211,0.0897439999989728,0
metro_noise_1_jpg_100.jpg,/kaggle/working/MDFS/data/MDIVL/extracted/MDIVL/MDIVL/Data_Noise_JPEG/metro_noise_1_jpg_100.jpg,Multiply Dist.,MDIVL/MDIVL/MD_IVLreference/OCEreferenceMD/metro.png,94.0713,22.111400604248047,0.0936661570012802,0
metro_noise_1_jpg_30.jpg,/kaggle/working/MDFS/data/MDIVL/extracted/MDIVL/MDIVL/Data_Noise_JPEG/metro_noise_1_jpg_30.jpg,Multiply Dist.,MDIVL/MDIVL/MD_IVLreference/OCEreferenceMD/metro.png,68.403,25.657129287719727,0.0909656610001548,0
metro_noise_2_jpg_100.jpg,/kaggle/working/MDFS/data/MDIVL/extracted/MDIVL/MDIVL/Data_Noise_JPEG/metro_noise_2_jpg_100.jpg,Multiply Dist.,MDIVL/MDIVL/MD_IVLreference/OCEreferenceMD/metro.png,84.8513,23.260501861572266,0.0951045279998652,0
metro_noise_2_jpg_30.jpg,/kaggle/working/MDFS/data/MDIVL/extracted/MDIVL/MDIVL/Data_Noise_JPEG/metro_noise_2_jpg_30.jpg,Multiply Dist.,MDIVL/MDIVL/MD_IVLreference/OCEreferenceMD/metro.png,54.1872,25.64222717285156,0.0916955640004744,0
metro_noise_3_jpg_100.jpg,/kaggle/working/MDFS/data/MDIVL/extracted/MDIVL/MDIVL/Data_Noise_JPEG/metro_noise_3_jpg_100.jpg,Multiply Dist.,MDIVL/MDIVL/MD_IVLreference/OCEreferenceMD/metro.png,46.7675,24.521574020385746,0.0931377090000751,0
metro_noise_3_jpg_30.jpg,/kaggle/working/MDFS/data/MDIVL/extracted/MDIVL/MDIVL/Data_Noise_JPEG/metro_noise_3_jpg_30.jpg,Multiply Dist.,MDIVL/MDIVL/MD_IVLreference/OCEreferenceMD/metro.png,39.4885,25.986711502075195,0.0904418350000924,0
metro_noise_4_jpg_100.jpg,/kaggle/working/MDFS/data/MDIVL/extracted/MDIVL/MDIVL/Data_Noise_JPEG/metro_noise_4_jpg_100.jpg,Multiply Dist.,MDIVL/MDIVL/MD_IVLreference/OCEreferenceMD/metro.png,70.759,25.28982353210449,0.0952714230006677,0
metro_noise_4_jpg_30.jpg,/kaggle/working/MDFS/data/MDIVL/extracted/MDIVL/MDIVL/Data_Noise_JPEG/metro_noise_4_jpg_30.jpg,Multiply Dist.,MDIVL/MDIVL/MD_IVLreference/OCEreferenceMD/metro.png,56.9035,26.518299102783203,0.0914651799994317,0
metro_noise_5_jpg_100.jpg,/kaggle/working/MDFS/data/MDIVL/extracted/MDIVL/MDIVL/Data_Noise_JPEG/metro_noise_5_jpg_100.jpg,Multiply Dist.,MDIVL/MDIVL/MD_IVLreference/OCEreferenceMD/metro.png,47.0302,26.525341033935547,0.0949266879997594,0
metro_noise_5_jpg_30.jpg,/kaggle/working/MDFS/data/MDIVL/extracted/MDIVL/MDIVL/Data_Noise_JPEG/metro_noise_5_jpg_30.jpg,Multiply Dist.,MDIVL/MDIVL/MD_IVLreference/OCEreferenceMD/metro.png,47.0847,27.393503189086918,0.0899908680003136,0
metro_noise_6_jpg_100.jpg,/kaggle/working/MDFS/data/MDIVL/extracted/MDIVL/MDIVL/Data_Noise_JPEG/metro_noise_6_jpg_100.jpg,Multiply Dist.,MDIVL/MDIVL/MD_IVLreference/OCEreferenceMD/metro.png,37.1327,27.237180709838867,0.0947467440000764,0
metro_noise_6_jpg_30.jpg,/kaggle/working/MDFS/data/MDIVL/extracted/MDIVL/MDIVL/Data_Noise_JPEG/metro_noise_6_jpg_30.jpg,Multiply Dist.,MDIVL/MDIVL/MD_IVLreference/OCEreferenceMD/metro.png,39.9678,28.728797912597656,0.0911437689992453,0
metro_noise_8_jpg_100.jpg,/kaggle/working/MDFS/data/MDIVL/extracted/MDIVL/MDIVL/Data_Noise_JPEG/metro_noise_8_jpg_100.jpg,Multiply Dist.,MDIVL/MDIVL/MD_IVLreference/OCEreferenceMD/metro.png,38.6544,28.559797286987305,0.094881749999331,0
metro_noise_8_jpg_30.jpg,/kaggle/working/MDFS/data/MDIVL/extracted/MDIVL/MDIVL/Data_Noise_JPEG/metro_noise_8_jpg_30.jpg,Multiply Dist.,MDIVL/MDIVL/MD_IVLreference/OCEreferenceMD/metro.png,28.4842,30.446474075317383,0.0919040179996955,0
metro_noise_10_jpg_100.jpg,/kaggle/working/MDFS/data/MDIVL/extracted/MDIVL/MDIVL/Data_Noise_JPEG/metro_noise_10_jpg_100.jpg,Multiply Dist.,MDIVL/MDIVL/MD_IVLreference/OCEreferenceMD/metro.png,31.5813,29.92379379272461,0.0957054760001483,0
metro_noise_10_jpg_30.jpg,/kaggle/working/MDFS/data/MDIVL/extracted/MDIVL/MDIVL/Data_Noise_JPEG/metro_noise_10_jpg_30.jpg,Multiply Dist.,MDIVL/MDIVL/MD_IVLreference/OCEreferenceMD/metro.png,21.9665,32.00273132324219,0.0918999090008583,0
metro_noise_12_jpg_100.jpg,/kaggle/working/MDFS/data/MDIVL/extracted/MDIVL/MDIVL/Data_Noise_JPEG/metro_noise_12_jpg_100.jpg,Multiply Dist.,MDIVL/MDIVL/MD_IVLreference/OCEreferenceMD/metro.png,22.4144,30.18617248535156,0.0953098629997839,0
metro_noise_12_jpg_30.jpg,/kaggle/working/MDFS/data/MDIVL/extracted/MDIVL/MDIVL/Data_Noise_JPEG/metro_noise_12_jpg_30.jpg,Multiply Dist.,MDIVL/MDIVL/MD_IVLreference/OCEreferenceMD/metro.png,23.8856,32.06625747680664,0.0916270799989433,0
metro_noise_14_jpg_100.jpg,/kaggle/working/MDFS/data/MDIVL/extracted/MDIVL/MDIVL/Data_Noise_JPEG/metro_noise_14_jpg_100.jpg,Multiply Dist.,MDIVL/MDIVL/MD_IVLreference/OCEreferenceMD/metro.png,23.3055,30.978647232055664,0.0929948990014963,0
metro_noise_14_jpg_30.jpg,/kaggle/working/MDFS/data/MDIVL/extracted/MDIVL/MDIVL/Data_Noise_JPEG/metro_noise_14_jpg_30.jpg,Multiply Dist.,MDIVL/MDIVL/MD_IVLreference/OCEreferenceMD/metro.png,23.0352,32.14680862426758,0.091464797998924,0
mountain_noise_1_jpg_100.jpg,/kaggle/working/MDFS/data/MDIVL/extracted/MDIVL/MDIVL/Data_Noise_JPEG/mountain_noise_1_jpg_100.jpg,Multiply Dist.,MDIVL/MDIVL/MD_IVLreference/OCEreferenceMD/mountain.png,83.4046,19.986980438232425,0.0946301789990684,0
mountain_noise_1_jpg_30.jpg,/kaggle/working/MDFS/data/MDIVL/extracted/MDIVL/MDIVL/Data_Noise_JPEG/mountain_noise_1_jpg_30.jpg,Multiply Dist.,MDIVL/MDIVL/MD_IVLreference/OCEreferenceMD/mountain.png,65.1346,23.99190902709961,0.0935083399999712,0
mountain_noise_2_jpg_100.jpg,/kaggle/working/MDFS/data/MDIVL/extracted/MDIVL/MDIVL/Data_Noise_JPEG/mountain_noise_2_jpg_100.jpg,Multiply Dist.,MDIVL/MDIVL/MD_IVLreference/OCEreferenceMD/mountain.png,77.6004,20.38381576538086,0.093811557000663,0
mountain_noise_2_jpg_30.jpg,/kaggle/working/MDFS/data/MDIVL/extracted/MDIVL/MDIVL/Data_Noise_JPEG/mountain_noise_2_jpg_30.jpg,Multiply Dist.,MDIVL/MDIVL/MD_IVLreference/OCEreferenceMD/mountain.png,57.793,24.084211349487305,0.0896044050005002,0
mountain_noise_3_jpg_100.jpg,/kaggle/working/MDFS/data/MDIVL/extracted/MDIVL/MDIVL/Data_Noise_JPEG/mountain_noise_3_jpg_100.jpg,Multiply Dist.,MDIVL/MDIVL/MD_IVLreference/OCEreferenceMD/mountain.png,72.5764,20.74237060546875,0.0962921110003662,0
mountain_noise_3_jpg_30.jpg,/kaggle/working/MDFS/data/MDIVL/extracted/MDIVL/MDIVL/Data_Noise_JPEG/mountain_noise_3_jpg_30.jpg,Multiply Dist.,MDIVL/MDIVL/MD_IVLreference/OCEreferenceMD/mountain.png,58.6156,24.363006591796875,0.0897461990007286,0
mountain_noise_4_jpg_100.jpg,/kaggle/working/MDFS/data/MDIVL/extracted/MDIVL/MDIVL/Data_Noise_JPEG/mountain_noise_4_jpg_100.jpg,Multiply Dist.,MDIVL/MDIVL/MD_IVLreference/OCEreferenceMD/mountain.png,66.8581,21.16390037536621,0.0947481069997593,0
mountain_noise_4_jpg_30.jpg,/kaggle/working/MDFS/data/MDIVL/extracted/MDIVL/MDIVL/Data_Noise_JPEG/mountain_noise_4_jpg_30.jpg,Multiply Dist.,MDIVL/MDIVL/MD_IVLreference/OCEreferenceMD/mountain.png,45.7894,24.74789047241211,0.0908462520001194,0
mountain_noise_5_jpg_100.jpg,/kaggle/working/MDFS/data/MDIVL/extracted/MDIVL/MDIVL/Data_Noise_JPEG/mountain_noise_5_jpg_100.jpg,Multiply Dist.,MDIVL/MDIVL/MD_IVLreference/OCEreferenceMD/mountain.png,50.8533,21.464862823486328,0.0891054740004619,0
mountain_noise_5_jpg_30.jpg,/kaggle/working/MDFS/data/MDIVL/extracted/MDIVL/MDIVL/Data_Noise_JPEG/mountain_noise_5_jpg_30.jpg,Multiply Dist.,MDIVL/MDIVL/MD_IVLreference/OCEreferenceMD/mountain.png,47.2604,25.01233291625977,0.0892961239987926,0
mountain_noise_6_jpg_100.jpg,/kaggle/working/MDFS/data/MDIVL/extracted/MDIVL/MDIVL/Data_Noise_JPEG/mountain_noise_6_jpg_100.jpg,Multiply Dist.,MDIVL/MDIVL/MD_IVLreference/OCEreferenceMD/mountain.png,48.9644,21.73139762878418,0.0953446789990266,0
mountain_noise_6_jpg_30.jpg,/kaggle/working/MDFS/data/MDIVL/extracted/MDIVL/MDIVL/Data_Noise_JPEG/mountain_noise_6_jpg_30.jpg,Multiply Dist.,MDIVL/MDIVL/MD_IVLreference/OCEreferenceMD/mountain.png,42.269,25.249853134155277,0.0912322790009056,0
mountain_noise_8_jpg_100.jpg,/kaggle/working/MDFS/data/MDIVL/extracted/MDIVL/MDIVL/Data_Noise_JPEG/mountain_noise_8_jpg_100.jpg,Multiply Dist.,MDIVL/MDIVL/MD_IVLreference/OCEreferenceMD/mountain.png,44.0492,22.31746482849121,0.0932649870010209,0
mountain_noise_8_jpg_30.jpg,/kaggle/working/MDFS/data/MDIVL/extracted/MDIVL/MDIVL/Data_Noise_JPEG/mountain_noise_8_jpg_30.jpg,Multiply Dist.,MDIVL/MDIVL/MD_IVLreference/OCEreferenceMD/mountain.png,33.3294,25.37664604187012,0.0917702120004833,0
mountain_noise_10_jpg_100.jpg,/kaggle/working/MDFS/data/MDIVL/extracted/MDIVL/MDIVL/Data_Noise_JPEG/mountain_noise_10_jpg_100.jpg,Multiply Dist.,MDIVL/MDIVL/MD_IVLreference/OCEreferenceMD/mountain.png,32.1401,22.85733795166016,0.0935861359994305,0
mountain_noise_10_jpg_30.jpg,/kaggle/working/MDFS/data/MDIVL/extracted/MDIVL/MDIVL/Data_Noise_JPEG/mountain_noise_10_jpg_30.jpg,Multiply Dist.,MDIVL/MDIVL/MD_IVLreference/OCEreferenceMD/mountain.png,30.3137,25.426700592041016,0.0907666370003426,0
mountain_noise_12_jpg_100.jpg,/kaggle/working/MDFS/data/MDIVL/extracted/MDIVL/MDIVL/Data_Noise_JPEG/mountain_noise_12_jpg_100.jpg,Multiply Dist.,MDIVL/MDIVL/MD_IVLreference/OCEreferenceMD/mountain.png,21.8898,23.29812431335449,0.0930443000015657,0
mountain_noise_12_jpg_30.jpg,/kaggle/working/MDFS/data/MDIVL/extracted/MDIVL/MDIVL/Data_Noise_JPEG/mountain_noise_12_jpg_30.jpg,Multiply Dist.,MDIVL/MDIVL/MD_IVLreference/OCEreferenceMD/mountain.png,23.9839,25.458663940429688,0.0924422459993365,0
mountain_noise_14_jpg_100.jpg,/kaggle/working/MDFS/data/MDIVL/extracted/MDIVL/MDIVL/Data_Noise_JPEG/mountain_noise_14_jpg_100.jpg,Multiply Dist.,MDIVL/MDIVL/MD_IVLreference/OCEreferenceMD/mountain.png,26.9658,23.7075138092041,0.094985400999576,0
mountain_noise_14_jpg_30.jpg,/kaggle/working/MDFS/data/MDIVL/extracted/MDIVL/MDIVL/Data_Noise_JPEG/mountain_noise_14_jpg_30.jpg,Multiply Dist.,MDIVL/MDIVL/MD_IVLreference/OCEreferenceMD/mountain.png,23.6027,25.51252174377441,0.0902529139984835,0
snow_noise_1_jpg_100.jpg,/kaggle/working/MDFS/data/MDIVL/extracted/MDIVL/MDIVL/Data_Noise_JPEG/snow_noise_1_jpg_100.jpg,Multiply Dist.,MDIVL/MDIVL/MD_IVLreference/OCEreferenceMD/snow.png,91.8674,20.338510513305664,0.0931662900002265,0
snow_noise_1_jpg_30.jpg,/kaggle/working/MDFS/data/MDIVL/extracted/MDIVL/MDIVL/Data_Noise_JPEG/snow_noise_1_jpg_30.jpg,Multiply Dist.,MDIVL/MDIVL/MD_IVLreference/OCEreferenceMD/snow.png,56.1316,22.977861404418945,0.0908551809989148,0
snow_noise_2_jpg_100.jpg,/kaggle/working/MDFS/data/MDIVL/extracted/MDIVL/MDIVL/Data_Noise_JPEG/snow_noise_2_jpg_100.jpg,Multiply Dist.,MDIVL/MDIVL/MD_IVLreference/OCEreferenceMD/snow.png,84.348,20.847824096679688,0.0925804599992261,0
snow_noise_2_jpg_30.jpg,/kaggle/working/MDFS/data/MDIVL/extracted/MDIVL/MDIVL/Data_Noise_JPEG/snow_noise_2_jpg_30.jpg,Multiply Dist.,MDIVL/MDIVL/MD_IVLreference/OCEreferenceMD/snow.png,59.8759,23.013750076293945,0.0901135120002436,0
snow_noise_3_jpg_100.jpg,/kaggle/working/MDFS/data/MDIVL/extracted/MDIVL/MDIVL/Data_Noise_JPEG/snow_noise_3_jpg_100.jpg,Multiply Dist.,MDIVL/MDIVL/MD_IVLreference/OCEreferenceMD/snow.png,84.621,21.30375099182129,0.0956040820001362,0
snow_noise_3_jpg_30.jpg,/kaggle/working/MDFS/data/MDIVL/extracted/MDIVL/MDIVL/Data_Noise_JPEG/snow_noise_3_jpg_30.jpg,Multiply Dist.,MDIVL/MDIVL/MD_IVLreference/OCEreferenceMD/snow.png,72.0567,23.22013664245605,0.0900862029993732,0
snow_noise_4_jpg_100.jpg,/kaggle/working/MDFS/data/MDIVL/extracted/MDIVL/MDIVL/Data_Noise_JPEG/snow_noise_4_jpg_100.jpg,Multiply Dist.,MDIVL/MDIVL/MD_IVLreference/OCEreferenceMD/snow.png,77.3916,21.79550170898437,0.0931674829989788,0
snow_noise_4_jpg_30.jpg,/kaggle/working/MDFS/data/MDIVL/extracted/MDIVL/MDIVL/Data_Noise_JPEG/snow_noise_4_jpg_30.jpg,Multiply Dist.,MDIVL/MDIVL/MD_IVLreference/OCEreferenceMD/snow.png,40.8576,23.559953689575195,0.0910966449991974,0
snow_noise_5_jpg_100.jpg,/kaggle/working/MDFS/data/MDIVL/extracted/MDIVL/MDIVL/Data_Noise_JPEG/snow_noise_5_jpg_100.jpg,Multiply Dist.,MDIVL/MDIVL/MD_IVLreference/OCEreferenceMD/snow.png,68.305,22.352588653564453,0.0949157220002234,0
snow_noise_5_jpg_30.jpg,/kaggle/working/MDFS/data/MDIVL/extracted/MDIVL/MDIVL/Data_Noise_JPEG/snow_noise_5_jpg_30.jpg,Multiply Dist.,MDIVL/MDIVL/MD_IVLreference/OCEreferenceMD/snow.png,50.6866,24.002403259277344,0.0931361660004768,0
snow_noise_6_jpg_100.jpg,/kaggle/working/MDFS/data/MDIVL/extracted/MDIVL/MDIVL/Data_Noise_JPEG/snow_noise_6_jpg_100.jpg,Multiply Dist.,MDIVL/MDIVL/MD_IVLreference/OCEreferenceMD/snow.png,44.6082,22.7960205078125,0.0946900439994351,0
snow_noise_6_jpg_30.jpg,/kaggle/working/MDFS/data/MDIVL/extracted/MDIVL/MDIVL/Data_Noise_JPEG/snow_noise_6_jpg_30.jpg,Multiply Dist.,MDIVL/MDIVL/MD_IVLreference/OCEreferenceMD/snow.png,32.3225,24.60505104064941,0.0922845940003753,0
snow_noise_8_jpg_100.jpg,/kaggle/working/MDFS/data/MDIVL/extracted/MDIVL/MDIVL/Data_Noise_JPEG/snow_noise_8_jpg_100.jpg,Multiply Dist.,MDIVL/MDIVL/MD_IVLreference/OCEreferenceMD/snow.png,43.023,23.559425354003903,0.0961301070001354,0
snow_noise_8_jpg_30.jpg,/kaggle/working/MDFS/data/MDIVL/extracted/MDIVL/MDIVL/Data_Noise_JPEG/snow_noise_8_jpg_30.jpg,Multiply Dist.,MDIVL/MDIVL/MD_IVLreference/OCEreferenceMD/snow.png,33.8007,25.28350067138672,0.0902976279994618,0
snow_noise_10_jpg_100.jpg,/kaggle/working/MDFS/data/MDIVL/extracted/MDIVL/MDIVL/Data_Noise_JPEG/snow_noise_10_jpg_100.jpg,Multiply Dist.,MDIVL/MDIVL/MD_IVLreference/OCEreferenceMD/snow.png,45.3685,24.516122817993164,0.094907050999609,0
snow_noise_10_jpg_30.jpg,/kaggle/working/MDFS/data/MDIVL/extracted/MDIVL/MDIVL/Data_Noise_JPEG/snow_noise_10_jpg_30.jpg,Multiply Dist.,MDIVL/MDIVL/MD_IVLreference/OCEreferenceMD/snow.png,28.2457,25.963886260986328,0.0896609900009934,0
snow_noise_12_jpg_100.jpg,/kaggle/working/MDFS/data/MDIVL/extracted/MDIVL/MDIVL/Data_Noise_JPEG/snow_noise_12_jpg_100.jpg,Multiply Dist.,MDIVL/MDIVL/MD_IVLreference/OCEreferenceMD/snow.png,28.3559,25.299318313598636,0.0935052750010072,0
snow_noise_12_jpg_30.jpg,/kaggle/working/MDFS/data/MDIVL/extracted/MDIVL/MDIVL/Data_Noise_JPEG/snow_noise_12_jpg_30.jpg,Multiply Dist.,MDIVL/MDIVL/MD_IVLreference/OCEreferenceMD/snow.png,24.3985,26.07499313354492,0.0909567170001537,0
snow_noise_14_jpg_100.jpg,/kaggle/working/MDFS/data/MDIVL/extracted/MDIVL/MDIVL/Data_Noise_JPEG/snow_noise_14_jpg_100.jpg,Multiply Dist.,MDIVL/MDIVL/MD_IVLreference/OCEreferenceMD/snow.png,23.2263,25.98589515686035,0.0939073879999341,0
snow_noise_14_jpg_30.jpg,/kaggle/working/MDFS/data/MDIVL/extracted/MDIVL/MDIVL/Data_Noise_JPEG/snow_noise_14_jpg_30.jpg,Multiply Dist.,MDIVL/MDIVL/MD_IVLreference/OCEreferenceMD/snow.png,24.4507,26.37287330627441,0.0909694130004936,0
baby_blur_0.001_jpg_50.jpg,/kaggle/working/MDFS/data/MDIVL/extracted/MDIVL/MDIVL/Data_Blur_JPEG/baby_blur_0.001_jpg_50.jpg,Multiply Dist.,MDIVL/MDIVL/MD_IVLreference/OCEreferenceMD/baby.png,90.1947,23.125139236450195,0.5409743680011161,1
baby_blur_0.001_jpg_20.jpg,/kaggle/working/MDFS/data/MDIVL/extracted/MDIVL/MDIVL/Data_Blur_JPEG/baby_blur_0.001_jpg_20.jpg,Multiply Dist.,MDIVL/MDIVL/MD_IVLreference/OCEreferenceMD/baby.png,55.0593,28.24830818176269,0.1046122810002998,1
baby_blur_0.66_jpg_100.jpg,/kaggle/working/MDFS/data/MDIVL/extracted/MDIVL/MDIVL/Data_Blur_JPEG/baby_blur_0.66_jpg_100.jpg,Multiply Dist.,MDIVL/MDIVL/MD_IVLreference/OCEreferenceMD/baby.png,93.3151,20.73897171020508,0.1036708779993205,1
baby_blur_0.66_jpg_30.jpg,/kaggle/working/MDFS/data/MDIVL/extracted/MDIVL/MDIVL/Data_Blur_JPEG/baby_blur_0.66_jpg_30.jpg,Multiply Dist.,MDIVL/MDIVL/MD_IVLreference/OCEreferenceMD/baby.png,70.6908,26.37403678894043,0.0849706980006885,1
baby_blur_0.66_jpg_10.jpg,/kaggle/working/MDFS/data/MDIVL/extracted/MDIVL/MDIVL/Data_Blur_JPEG/baby_blur_0.66_jpg_10.jpg,Multiply Dist.,MDIVL/MDIVL/MD_IVLreference/OCEreferenceMD/baby.png,18.463,32.92179870605469,0.0769634879998193,1
baby_blur_1.33_jpg_50.jpg,/kaggle/working/MDFS/data/MDIVL/extracted/MDIVL/MDIVL/Data_Blur_JPEG/baby_blur_1.33_jpg_50.jpg,Multiply Dist.,MDIVL/MDIVL/MD_IVLreference/OCEreferenceMD/baby.png,77.6471,24.903783798217773,0.0794916780014318,1
baby_blur_1.33_jpg_20.jpg,/kaggle/working/MDFS/data/MDIVL/extracted/MDIVL/MDIVL/Data_Blur_JPEG/baby_blur_1.33_jpg_20.jpg,Multiply Dist.,MDIVL/MDIVL/MD_IVLreference/OCEreferenceMD/baby.png,31.0164,30.005468368530277,0.0814984639982867,1
baby_blur_2_jpg_100.jpg,/kaggle/working/MDFS/data/MDIVL/extracted/MDIVL/MDIVL/Data_Blur_JPEG/baby_blur_2_jpg_100.jpg,Multiply Dist.,MDIVL/MDIVL/MD_IVLreference/OCEreferenceMD/baby.png,61.0287,29.702686309814453,0.0793069540013675,1
baby_blur_2_jpg_30.jpg,/kaggle/working/MDFS/data/MDIVL/extracted/MDIVL/MDIVL/Data_Blur_JPEG/baby_blur_2_jpg_30.jpg,Multiply Dist.,MDIVL/MDIVL/MD_IVLreference/OCEreferenceMD/baby.png,54.3708,28.12691116333008,0.0788610510007856,1
baby_blur_2_jpg_10.jpg,/kaggle/working/MDFS/data/MDIVL/extracted/MDIVL/MDIVL/Data_Blur_JPEG/baby_blur_2_jpg_10.jpg,Multiply Dist.,MDIVL/MDIVL/MD_IVLreference/OCEreferenceMD/baby.png,10.4106,33.93046569824219,0.0782652409998263,1
baby_blur_2.66_jpg_50.jpg,/kaggle/working/MDFS/data/MDIVL/extracted/MDIVL/MDIVL/Data_Blur_JPEG/baby_blur_2.66_jpg_50.jpg,Multiply Dist.,MDIVL/MDIVL/MD_IVLreference/OCEreferenceMD/baby.png,52.1753,26.883405685424805,0.0786468369988142,1
baby_blur_2.66_jpg_20.jpg,/kaggle/working/MDFS/data/MDIVL/extracted/MDIVL/MDIVL/Data_Blur_JPEG/baby_blur_2.66_jpg_20.jpg,Multiply Dist.,MDIVL/MDIVL/MD_IVLreference/OCEreferenceMD/baby.png,31.9761,30.63321876525879,0.0787354460007918,1
baby_blur_3.33_jpg_100.jpg,/kaggle/working/MDFS/data/MDIVL/extracted/MDIVL/MDIVL/Data_Blur_JPEG/baby_blur_3.33_jpg_100.jpg,Multiply Dist.,MDIVL/MDIVL/MD_IVLreference/OCEreferenceMD/baby.png,33.4478,35.13579559326172,0.0800406569996994,1
baby_blur_3.33_jpg_30.jpg,/kaggle/working/MDFS/data/MDIVL/extracted/MDIVL/MDIVL/Data_Blur_JPEG/baby_blur_3.33_jpg_30.jpg,Multiply Dist.,MDIVL/MDIVL/MD_IVLreference/OCEreferenceMD/baby.png,31.3958,29.423707962036133,0.0773411509999277,1
baby_blur_3.33_jpg_10.jpg,/kaggle/working/MDFS/data/MDIVL/extracted/MDIVL/MDIVL/Data_Blur_JPEG/baby_blur_3.33_jpg_10.jpg,Multiply Dist.,MDIVL/MDIVL/MD_IVLreference/OCEreferenceMD/baby.png,13.9807,34.70315933227539,0.0782586819987045,1
baby_blur_4_jpg_50.jpg,/kaggle/working/MDFS/data/MDIVL/extracted/MDIVL/MDIVL/Data_Blur_JPEG/baby_blur_4_jpg_50.jpg,Multiply Dist.,MDIVL/MDIVL/MD_IVLreference/OCEreferenceMD/baby.png,24.2533,28.526634216308597,0.0783481459984614,1
baby_blur_4_jpg_20.jpg,/kaggle/working/MDFS/data/MDIVL/extracted/MDIVL/MDIVL/Data_Blur_JPEG/baby_blur_4_jpg_20.jpg,Multiply Dist.,MDIVL/MDIVL/MD_IVLreference/OCEreferenceMD/baby.png,27.5418,31.651782989501957,0.079511136000292,1
bus_blur_0.001_jpg_100.jpg,/kaggle/working/MDFS/data/MDIVL/extracted/MDIVL/MDIVL/Data_Blur_JPEG/bus_blur_0.001_jpg_100.jpg,Multiply Dist.,MDIVL/MDIVL/MD_IVLreference/OCEreferenceMD/bus.png,91.9614,19.08311462402344,0.0861569919998146,1
bus_blur_0.001_jpg_30.jpg,/kaggle/working/MDFS/data/MDIVL/extracted/MDIVL/MDIVL/Data_Blur_JPEG/bus_blur_0.001_jpg_30.jpg,Multiply Dist.,MDIVL/MDIVL/MD_IVLreference/OCEreferenceMD/bus.png,75.2607,20.71421432495117,0.0775900380012899,1
bus_blur_0.001_jpg_10.jpg,/kaggle/working/MDFS/data/MDIVL/extracted/MDIVL/MDIVL/Data_Blur_JPEG/bus_blur_0.001_jpg_10.jpg,Multiply Dist.,MDIVL/MDIVL/MD_IVLreference/OCEreferenceMD/bus.png,31.557,25.51863670349121,0.076894447000086,1
bus_blur_0.66_jpg_50.jpg,/kaggle/working/MDFS/data/MDIVL/extracted/MDIVL/MDIVL/Data_Blur_JPEG/bus_blur_0.66_jpg_50.jpg,Multiply Dist.,MDIVL/MDIVL/MD_IVLreference/OCEreferenceMD/bus.png,78.7099,20.7714900970459,0.0794612509998842,1
bus_blur_0.66_jpg_20.jpg,/kaggle/working/MDFS/data/MDIVL/extracted/MDIVL/MDIVL/Data_Blur_JPEG/bus_blur_0.66_jpg_20.jpg,Multiply Dist.,MDIVL/MDIVL/MD_IVLreference/OCEreferenceMD/bus.png,64.121,22.987255096435547,0.0790821840000717,1
bus_blur_1.33_jpg_100.jpg,/kaggle/working/MDFS/data/MDIVL/extracted/MDIVL/MDIVL/Data_Blur_JPEG/bus_blur_1.33_jpg_100.jpg,Multiply Dist.,MDIVL/MDIVL/MD_IVLreference/OCEreferenceMD/bus.png,49.8472,23.48343276977539,0.0819565860001603,1
bus_blur_1.33_jpg_30.jpg,/kaggle/working/MDFS/data/MDIVL/extracted/MDIVL/MDIVL/Data_Blur_JPEG/bus_blur_1.33_jpg_30.jpg,Multiply Dist.,MDIVL/MDIVL/MD_IVLreference/OCEreferenceMD/bus.png,48.8382,23.82218360900879,0.0794920530006493,1
bus_blur_1.33_jpg_10.jpg,/kaggle/working/MDFS/data/MDIVL/extracted/MDIVL/MDIVL/Data_Blur_JPEG/bus_blur_1.33_jpg_10.jpg,Multiply Dist.,MDIVL/MDIVL/MD_IVLreference/OCEreferenceMD/bus.png,21.0604,29.13972282409668,0.0784208969998871,1
bus_blur_2_jpg_50.jpg,/kaggle/working/MDFS/data/MDIVL/extracted/MDIVL/MDIVL/Data_Blur_JPEG/bus_blur_2_jpg_50.jpg,Multiply Dist.,MDIVL/MDIVL/MD_IVLreference/OCEreferenceMD/bus.png,33.8499,24.47823143005371,0.0793339570009266,1
bus_blur_2_jpg_20.jpg,/kaggle/working/MDFS/data/MDIVL/extracted/MDIVL/MDIVL/Data_Blur_JPEG/bus_blur_2_jpg_20.jpg,Multiply Dist.,MDIVL/MDIVL/MD_IVLreference/OCEreferenceMD/bus.png,28.0526,27.02640724182129,0.07829112500076,1
bus_blur_2.66_jpg_100.jpg,/kaggle/working/MDFS/data/MDIVL/extracted/MDIVL/MDIVL/Data_Blur_JPEG/bus_blur_2.66_jpg_100.jpg,Multiply Dist.,MDIVL/MDIVL/MD_IVLreference/OCEreferenceMD/bus.png,24.0281,31.566326141357425,0.0805926089997228,1
bus_blur_2.66_jpg_30.jpg,/kaggle/working/MDFS/data/MDIVL/extracted/MDIVL/MDIVL/Data_Blur_JPEG/bus_blur_2.66_jpg_30.jpg,Multiply Dist.,MDIVL/MDIVL/MD_IVLreference/OCEreferenceMD/bus.png,22.9737,26.63945960998535,0.0789909129998704,1
bus_blur_2.66_jpg_10.jpg,/kaggle/working/MDFS/data/MDIVL/extracted/MDIVL/MDIVL/Data_Blur_JPEG/bus_blur_2.66_jpg_10.jpg,Multiply Dist.,MDIVL/MDIVL/MD_IVLreference/OCEreferenceMD/bus.png,7.7519,31.641000747680664,0.0791914519995771,1
bus_blur_3.33_jpg_50.jpg,/kaggle/working/MDFS/data/MDIVL/extracted/MDIVL/MDIVL/Data_Blur_JPEG/bus_blur_3.33_jpg_50.jpg,Multiply Dist.,MDIVL/MDIVL/MD_IVLreference/OCEreferenceMD/bus.png,20.2996,26.1807804107666,0.079763711999476,1
bus_blur_3.33_jpg_20.jpg,/kaggle/working/MDFS/data/MDIVL/extracted/MDIVL/MDIVL/Data_Blur_JPEG/bus_blur_3.33_jpg_20.jpg,Multiply Dist.,MDIVL/MDIVL/MD_IVLreference/OCEreferenceMD/bus.png,16.2147,28.791561126708984,0.0803947380009049,1
bus_blur_4_jpg_100.jpg,/kaggle/working/MDFS/data/MDIVL/extracted/MDIVL/MDIVL/Data_Blur_JPEG/bus_blur_4_jpg_100.jpg,Multiply Dist.,MDIVL/MDIVL/MD_IVLreference/OCEreferenceMD/bus.png,20.4998,35.53180694580078,0.0819607800003723,1
bus_blur_4_jpg_30.jpg,/kaggle/working/MDFS/data/MDIVL/extracted/MDIVL/MDIVL/Data_Blur_JPEG/bus_blur_4_jpg_30.jpg,Multiply Dist.,MDIVL/MDIVL/MD_IVLreference/OCEreferenceMD/bus.png,14.4165,27.95298385620117,0.0784143999990192,1
bus_blur_4_jpg_10.jpg,/kaggle/working/MDFS/data/MDIVL/extracted/MDIVL/MDIVL/Data_Blur_JPEG/bus_blur_4_jpg_10.jpg,Multiply Dist.,MDIVL/MDIVL/MD_IVLreference/OCEreferenceMD/bus.png,6.4857,33.394588470458984,0.0780384939989744,1
candies_blur_0.001_jpg_50.jpg,/kaggle/working/MDFS/data/MDIVL/extracted/MDIVL/MDIVL/Data_Blur_JPEG/candies_blur_0.001_jpg_50.jpg,Multiply Dist.,MDIVL/MDIVL/MD_IVLreference/OCEreferenceMD/candies.png,89.7824,20.91078758239746,0.0791043040007934,1
candies_blur_0.001_jpg_20.jpg,/kaggle/working/MDFS/data/MDIVL/extracted/MDIVL/MDIVL/Data_Blur_JPEG/candies_blur_0.001_jpg_20.jpg,Multiply Dist.,MDIVL/MDIVL/MD_IVLreference/OCEreferenceMD/candies.png,80.7124,23.463008880615234,0.0788981289988441,1
candies_blur_0.66_jpg_100.jpg,/kaggle/working/MDFS/data/MDIVL/extracted/MDIVL/MDIVL/Data_Blur_JPEG/candies_blur_0.66_jpg_100.jpg,Multiply Dist.,MDIVL/MDIVL/MD_IVLreference/OCEreferenceMD/candies.png,89.3454,21.476781845092773,0.0822346139993897,1
candies_blur_0.66_jpg_30.jpg,/kaggle/working/MDFS/data/MDIVL/extracted/MDIVL/MDIVL/Data_Blur_JPEG/candies_blur_0.66_jpg_30.jpg,Multiply Dist.,MDIVL/MDIVL/MD_IVLreference/OCEreferenceMD/candies.png,78.2785,22.851497650146484,0.0793428390006738,1
candies_blur_0.66_jpg_10.jpg,/kaggle/working/MDFS/data/MDIVL/extracted/MDIVL/MDIVL/Data_Blur_JPEG/candies_blur_0.66_jpg_10.jpg,Multiply Dist.,MDIVL/MDIVL/MD_IVLreference/OCEreferenceMD/candies.png,43.4106,28.03785514831543,0.0796444759998848,1
candies_blur_1.33_jpg_50.jpg,/kaggle/working/MDFS/data/MDIVL/extracted/MDIVL/MDIVL/Data_Blur_JPEG/candies_blur_1.33_jpg_50.jpg,Multiply Dist.,MDIVL/MDIVL/MD_IVLreference/OCEreferenceMD/candies.png,59.7086,23.657072067260746,0.0786240120014554,1
candies_blur_1.33_jpg_20.jpg,/kaggle/working/MDFS/data/MDIVL/extracted/MDIVL/MDIVL/Data_Blur_JPEG/candies_blur_1.33_jpg_20.jpg,Multiply Dist.,MDIVL/MDIVL/MD_IVLreference/OCEreferenceMD/candies.png,55.248,26.305784225463867,0.07925333500134,1
candies_blur_2_jpg_100.jpg,/kaggle/working/MDFS/data/MDIVL/extracted/MDIVL/MDIVL/Data_Blur_JPEG/candies_blur_2_jpg_100.jpg,Multiply Dist.,MDIVL/MDIVL/MD_IVLreference/OCEreferenceMD/candies.png,43.9692,29.410863876342773,0.08251223499974,1
candies_blur_2_jpg_30.jpg,/kaggle/working/MDFS/data/MDIVL/extracted/MDIVL/MDIVL/Data_Blur_JPEG/candies_blur_2_jpg_30.jpg,Multiply Dist.,MDIVL/MDIVL/MD_IVLreference/OCEreferenceMD/candies.png,34.7955,26.45230865478516,0.0795369280003797,1
candies_blur_2_jpg_10.jpg,/kaggle/working/MDFS/data/MDIVL/extracted/MDIVL/MDIVL/Data_Blur_JPEG/candies_blur_2_jpg_10.jpg,Multiply Dist.,MDIVL/MDIVL/MD_IVLreference/OCEreferenceMD/candies.png,22.3415,31.51888084411621,0.0787684719998651,1
candies_blur_2.66_jpg_50.jpg,/kaggle/working/MDFS/data/MDIVL/extracted/MDIVL/MDIVL/Data_Blur_JPEG/candies_blur_2.66_jpg_50.jpg,Multiply Dist.,MDIVL/MDIVL/MD_IVLreference/OCEreferenceMD/candies.png,25.1522,26.2093563079834,0.077897066999867,1
candies_blur_2.66_jpg_20.jpg,/kaggle/working/MDFS/data/MDIVL/extracted/MDIVL/MDIVL/Data_Blur_JPEG/candies_blur_2.66_jpg_20.jpg,Multiply Dist.,MDIVL/MDIVL/MD_IVLreference/OCEreferenceMD/candies.png,25.2023,29.28203773498535,0.0797879079982522,1
candies_blur_3.33_jpg_100.jpg,/kaggle/working/MDFS/data/MDIVL/extracted/MDIVL/MDIVL/Data_Blur_JPEG/candies_blur_3.33_jpg_100.jpg,Multiply Dist.,MDIVL/MDIVL/MD_IVLreference/OCEreferenceMD/candies.png,20.6604,34.89854431152344,0.0811386749992379,1
candies_blur_3.33_jpg_30.jpg,/kaggle/working/MDFS/data/MDIVL/extracted/MDIVL/MDIVL/Data_Blur_JPEG/candies_blur_3.33_jpg_30.jpg,Multiply Dist.,MDIVL/MDIVL/MD_IVLreference/OCEreferenceMD/candies.png,23.1299,28.568058013916016,0.0777900189987121,1
candies_blur_3.33_jpg_10.jpg,/kaggle/working/MDFS/data/MDIVL/extracted/MDIVL/MDIVL/Data_Blur_JPEG/candies_blur_3.33_jpg_10.jpg,Multiply Dist.,MDIVL/MDIVL/MD_IVLreference/OCEreferenceMD/candies.png,12.3469,33.42632293701172,0.0788704529986716,1
candies_blur_4_jpg_50.jpg,/kaggle/working/MDFS/data/MDIVL/extracted/MDIVL/MDIVL/Data_Blur_JPEG/candies_blur_4_jpg_50.jpg,Multiply Dist.,MDIVL/MDIVL/MD_IVLreference/OCEreferenceMD/candies.png,13.7526,28.03672981262207,0.0786650030004239,1
candies_blur_4_jpg_20.jpg,/kaggle/working/MDFS/data/MDIVL/extracted/MDIVL/MDIVL/Data_Blur_JPEG/candies_blur_4_jpg_20.jpg,Multiply Dist.,MDIVL/MDIVL/MD_IVLreference/OCEreferenceMD/candies.png,11.9278,30.883808135986328,0.0792190219999611,1
chianti_blur_0.001_jpg_100.jpg,/kaggle/working/MDFS/data/MDIVL/extracted/MDIVL/MDIVL/Data_Blur_JPEG/chianti_blur_0.001_jpg_100.jpg,Multiply Dist.,MDIVL/MDIVL/MD_IVLreference/OCEreferenceMD/chianti.png,88.9741,18.93222427368164,0.0836809269985678,1
chianti_blur_0.001_jpg_30.jpg,/kaggle/working/MDFS/data/MDIVL/extracted/MDIVL/MDIVL/Data_Blur_JPEG/chianti_blur_0.001_jpg_30.jpg,Multiply Dist.,MDIVL/MDIVL/MD_IVLreference/OCEreferenceMD/chianti.png,68.1893,22.02911949157715,0.07876771500014,1
chianti_blur_0.001_jpg_10.jpg,/kaggle/working/MDFS/data/MDIVL/extracted/MDIVL/MDIVL/Data_Blur_JPEG/chianti_blur_0.001_jpg_10.jpg,Multiply Dist.,MDIVL/MDIVL/MD_IVLreference/OCEreferenceMD/chianti.png,19.464,27.909767150878903,0.0780462970014923,1
chianti_blur_0.66_jpg_50.jpg,/kaggle/working/MDFS/data/MDIVL/extracted/MDIVL/MDIVL/Data_Blur_JPEG/chianti_blur_0.66_jpg_50.jpg,Multiply Dist.,MDIVL/MDIVL/MD_IVLreference/OCEreferenceMD/chianti.png,68.9999,21.38723373413086,0.0785103190009977,1
chianti_blur_0.66_jpg_20.jpg,/kaggle/working/MDFS/data/MDIVL/extracted/MDIVL/MDIVL/Data_Blur_JPEG/chianti_blur_0.66_jpg_20.jpg,Multiply Dist.,MDIVL/MDIVL/MD_IVLreference/OCEreferenceMD/chianti.png,48.8117,24.727584838867188,0.0787114559989277,1
chianti_blur_1.33_jpg_100.jpg,/kaggle/working/MDFS/data/MDIVL/extracted/MDIVL/MDIVL/Data_Blur_JPEG/chianti_blur_1.33_jpg_100.jpg,Multiply Dist.,MDIVL/MDIVL/MD_IVLreference/OCEreferenceMD/chianti.png,60.0749,25.34459114074707,0.0820430329986265,1
chianti_blur_1.33_jpg_30.jpg,/kaggle/working/MDFS/data/MDIVL/extracted/MDIVL/MDIVL/Data_Blur_JPEG/chianti_blur_1.33_jpg_30.jpg,Multiply Dist.,MDIVL/MDIVL/MD_IVLreference/OCEreferenceMD/chianti.png,41.0478,24.25763320922852,0.07887459199992,1
chianti_blur_1.33_jpg_10.jpg,/kaggle/working/MDFS/data/MDIVL/extracted/MDIVL/MDIVL/Data_Blur_JPEG/chianti_blur_1.33_jpg_10.jpg,Multiply Dist.,MDIVL/MDIVL/MD_IVLreference/OCEreferenceMD/chianti.png,17.2282,30.369234085083008,0.0789648369991482,1
chianti_blur_2_jpg_50.jpg,/kaggle/working/MDFS/data/MDIVL/extracted/MDIVL/MDIVL/Data_Blur_JPEG/chianti_blur_2_jpg_50.jpg,Multiply Dist.,MDIVL/MDIVL/MD_IVLreference/OCEreferenceMD/chianti.png,31.0234,23.956743240356445,0.0780801880009676,1
chianti_blur_2_jpg_20.jpg,/kaggle/working/MDFS/data/MDIVL/extracted/MDIVL/MDIVL/Data_Blur_JPEG/chianti_blur_2_jpg_20.jpg,Multiply Dist.,MDIVL/MDIVL/MD_IVLreference/OCEreferenceMD/chianti.png,25.7743,27.160303115844727,0.0787750059989775,1
chianti_blur_2.66_jpg_100.jpg,/kaggle/working/MDFS/data/MDIVL/extracted/MDIVL/MDIVL/Data_Blur_JPEG/chianti_blur_2.66_jpg_100.jpg,Multiply Dist.,MDIVL/MDIVL/MD_IVLreference/OCEreferenceMD/chianti.png,32.6454,33.110557556152344,0.0799433219999627,1
chianti_blur_2.66_jpg_30.jpg,/kaggle/working/MDFS/data/MDIVL/extracted/MDIVL/MDIVL/Data_Blur_JPEG/chianti_blur_2.66_jpg_30.jpg,Multiply Dist.,MDIVL/MDIVL/MD_IVLreference/OCEreferenceMD/chianti.png,23.4227,26.451587677001957,0.079100943999947,1
chianti_blur_2.66_jpg_10.jpg,/kaggle/working/MDFS/data/MDIVL/extracted/MDIVL/MDIVL/Data_Blur_JPEG/chianti_blur_2.66_jpg_10.jpg,Multiply Dist.,MDIVL/MDIVL/MD_IVLreference/OCEreferenceMD/chianti.png,12.437,31.910839080810547,0.0779060179993393,1
chianti_blur_3.33_jpg_50.jpg,/kaggle/working/MDFS/data/MDIVL/extracted/MDIVL/MDIVL/Data_Blur_JPEG/chianti_blur_3.33_jpg_50.jpg,Multiply Dist.,MDIVL/MDIVL/MD_IVLreference/OCEreferenceMD/chianti.png,20.2631,25.876758575439453,0.0776239000006171,1
chianti_blur_3.33_jpg_20.jpg,/kaggle/working/MDFS/data/MDIVL/extracted/MDIVL/MDIVL/Data_Blur_JPEG/chianti_blur_3.33_jpg_20.jpg,Multiply Dist.,MDIVL/MDIVL/MD_IVLreference/OCEreferenceMD/chianti.png,21.5503,28.694562911987305,0.0784404779988108,1
chianti_blur_4_jpg_100.jpg,/kaggle/working/MDFS/data/MDIVL/extracted/MDIVL/MDIVL/Data_Blur_JPEG/chianti_blur_4_jpg_100.jpg,Multiply Dist.,MDIVL/MDIVL/MD_IVLreference/OCEreferenceMD/chianti.png,15.2435,35.99142837524414,0.0807068230005825,1
chianti_blur_4_jpg_30.jpg,/kaggle/working/MDFS/data/MDIVL/extracted/MDIVL/MDIVL/Data_Blur_JPEG/chianti_blur_4_jpg_30.jpg,Multiply Dist.,MDIVL/MDIVL/MD_IVLreference/OCEreferenceMD/chianti.png,18.043,28.24989318847656,0.0787011669999628,1
chianti_blur_4_jpg_10.jpg,/kaggle/working/MDFS/data/MDIVL/extracted/MDIVL/MDIVL/Data_Blur_JPEG/chianti_blur_4_jpg_10.jpg,Multiply Dist.,MDIVL/MDIVL/MD_IVLreference/OCEreferenceMD/chianti.png,4.6732,32.47602462768555,0.0779104689991072,1
dancers1_blur_0.001_jpg_50.jpg,/kaggle/working/MDFS/data/MDIVL/extracted/MDIVL/MDIVL/Data_Blur_JPEG/dancers1_blur_0.001_jpg_50.jpg,Multiply Dist.,MDIVL/MDIVL/MD_IVLreference/OCEreferenceMD/dancers1.png,72.5012,21.882423400878903,0.0780874949996359,1
dancers1_blur_0.001_jpg_20.jpg,/kaggle/working/MDFS/data/MDIVL/extracted/MDIVL/MDIVL/Data_Blur_JPEG/dancers1_blur_0.001_jpg_20.jpg,Multiply Dist.,MDIVL/MDIVL/MD_IVLreference/OCEreferenceMD/dancers1.png,49.428,24.4707145690918,0.0775662840005679,1
dancers1_blur_0.66_jpg_100.jpg,/kaggle/working/MDFS/data/MDIVL/extracted/MDIVL/MDIVL/Data_Blur_JPEG/dancers1_blur_0.66_jpg_100.jpg,Multiply Dist.,MDIVL/MDIVL/MD_IVLreference/OCEreferenceMD/dancers1.png,77.9161,21.40543556213379,0.0833874220006691,1
dancers1_blur_0.66_jpg_30.jpg,/kaggle/working/MDFS/data/MDIVL/extracted/MDIVL/MDIVL/Data_Blur_JPEG/dancers1_blur_0.66_jpg_30.jpg,Multiply Dist.,MDIVL/MDIVL/MD_IVLreference/OCEreferenceMD/dancers1.png,62.4951,23.98649024963379,0.0794690210004773,1
dancers1_blur_0.66_jpg_10.jpg,/kaggle/working/MDFS/data/MDIVL/extracted/MDIVL/MDIVL/Data_Blur_JPEG/dancers1_blur_0.66_jpg_10.jpg,Multiply Dist.,MDIVL/MDIVL/MD_IVLreference/OCEreferenceMD/dancers1.png,22.9941,29.575101852416992,0.0789739070005453,1
dancers1_blur_1.33_jpg_50.jpg,/kaggle/working/MDFS/data/MDIVL/extracted/MDIVL/MDIVL/Data_Blur_JPEG/dancers1_blur_1.33_jpg_50.jpg,Multiply Dist.,MDIVL/MDIVL/MD_IVLreference/OCEreferenceMD/dancers1.png,67.274,24.15329933166504,0.0785143000011885,1
dancers1_blur_1.33_jpg_20.jpg,/kaggle/working/MDFS/data/MDIVL/extracted/MDIVL/MDIVL/Data_Blur_JPEG/dancers1_blur_1.33_jpg_20.jpg,Multiply Dist.,MDIVL/MDIVL/MD_IVLreference/OCEreferenceMD/dancers1.png,45.4185,27.356130599975582,0.0796500750002451,1
dancers1_blur_2_jpg_100.jpg,/kaggle/working/MDFS/data/MDIVL/extracted/MDIVL/MDIVL/Data_Blur_JPEG/dancers1_blur_2_jpg_100.jpg,Multiply Dist.,MDIVL/MDIVL/MD_IVLreference/OCEreferenceMD/dancers1.png,44.8103,31.05997657775879,0.0820589270006166,1
dancers1_blur_2_jpg_30.jpg,/kaggle/working/MDFS/data/MDIVL/extracted/MDIVL/MDIVL/Data_Blur_JPEG/dancers1_blur_2_jpg_30.jpg,Multiply Dist.,MDIVL/MDIVL/MD_IVLreference/OCEreferenceMD/dancers1.png,40.708,26.702280044555664,0.0791133589991659,1
dancers1_blur_2_jpg_10.jpg,/kaggle/working/MDFS/data/MDIVL/extracted/MDIVL/MDIVL/Data_Blur_JPEG/dancers1_blur_2_jpg_10.jpg,Multiply Dist.,MDIVL/MDIVL/MD_IVLreference/OCEreferenceMD/dancers1.png,15.5176,32.514286041259766,0.0792105069995159,1
dancers1_blur_2.66_jpg_50.jpg,/kaggle/working/MDFS/data/MDIVL/extracted/MDIVL/MDIVL/Data_Blur_JPEG/dancers1_blur_2.66_jpg_50.jpg,Multiply Dist.,MDIVL/MDIVL/MD_IVLreference/OCEreferenceMD/dancers1.png,35.9178,25.98807144165039,0.0796069509997323,1
dancers1_blur_2.66_jpg_20.jpg,/kaggle/working/MDFS/data/MDIVL/extracted/MDIVL/MDIVL/Data_Blur_JPEG/dancers1_blur_2.66_jpg_20.jpg,Multiply Dist.,MDIVL/MDIVL/MD_IVLreference/OCEreferenceMD/dancers1.png,21.7499,29.284467697143555,0.0792145539999182,1
dancers1_blur_3.33_jpg_100.jpg,/kaggle/working/MDFS/data/MDIVL/extracted/MDIVL/MDIVL/Data_Blur_JPEG/dancers1_blur_3.33_jpg_100.jpg,Multiply Dist.,MDIVL/MDIVL/MD_IVLreference/OCEreferenceMD/dancers1.png,30.0896,34.99070358276367,0.0822634430005564,1
dancers1_blur_3.33_jpg_30.jpg,/kaggle/working/MDFS/data/MDIVL/extracted/MDIVL/MDIVL/Data_Blur_JPEG/dancers1_blur_3.33_jpg_30.jpg,Multiply Dist.,MDIVL/MDIVL/MD_IVLreference/OCEreferenceMD/dancers1.png,32.2298,28.4515438079834,0.0794152149992442,1
dancers1_blur_3.33_jpg_10.jpg,/kaggle/working/MDFS/data/MDIVL/extracted/MDIVL/MDIVL/Data_Blur_JPEG/dancers1_blur_3.33_jpg_10.jpg,Multiply Dist.,MDIVL/MDIVL/MD_IVLreference/OCEreferenceMD/dancers1.png,9.4537,33.806488037109375,0.0797704020005767,1
dancers1_blur_4_jpg_50.jpg,/kaggle/working/MDFS/data/MDIVL/extracted/MDIVL/MDIVL/Data_Blur_JPEG/dancers1_blur_4_jpg_50.jpg,Multiply Dist.,MDIVL/MDIVL/MD_IVLreference/OCEreferenceMD/dancers1.png,18.976,27.398664474487305,0.0814727090000815,1
dancers1_blur_4_jpg_20.jpg,/kaggle/working/MDFS/data/MDIVL/extracted/MDIVL/MDIVL/Data_Blur_JPEG/dancers1_blur_4_jpg_20.jpg,Multiply Dist.,MDIVL/MDIVL/MD_IVLreference/OCEreferenceMD/dancers1.png,10.5771,30.519399642944336,0.0795440340007189,1
home_blur_0.001_jpg_100.jpg,/kaggle/working/MDFS/data/MDIVL/extracted/MDIVL/MDIVL/Data_Blur_JPEG/home_blur_0.001_jpg_100.jpg,Multiply Dist.,MDIVL/MDIVL/MD_IVLreference/OCEreferenceMD/home.png,95.2376,19.32494163513184,0.0834516570012056,1
home_blur_0.001_jpg_30.jpg,/kaggle/working/MDFS/data/MDIVL/extracted/MDIVL/MDIVL/Data_Blur_JPEG/home_blur_0.001_jpg_30.jpg,Multiply Dist.,MDIVL/MDIVL/MD_IVLreference/OCEreferenceMD/home.png,70.1706,21.60445022583008,0.0811427330008882,1
home_blur_0.001_jpg_10.jpg,/kaggle/working/MDFS/data/MDIVL/extracted/MDIVL/MDIVL/Data_Blur_JPEG/home_blur_0.001_jpg_10.jpg,Multiply Dist.,MDIVL/MDIVL/MD_IVLreference/OCEreferenceMD/home.png,22.3661,26.609920501708984,0.0803125530001125,1
home_blur_0.66_jpg_50.jpg,/kaggle/working/MDFS/data/MDIVL/extracted/MDIVL/MDIVL/Data_Blur_JPEG/home_blur_0.66_jpg_50.jpg,Multiply Dist.,MDIVL/MDIVL/MD_IVLreference/OCEreferenceMD/home.png,84.4434,21.205347061157227,0.0793348979987058,1
home_blur_0.66_jpg_20.jpg,/kaggle/working/MDFS/data/MDIVL/extracted/MDIVL/MDIVL/Data_Blur_JPEG/home_blur_0.66_jpg_20.jpg,Multiply Dist.,MDIVL/MDIVL/MD_IVLreference/OCEreferenceMD/home.png,52.9201,24.139467239379883,0.0795653220011445,1
home_blur_1.33_jpg_100.jpg,/kaggle/working/MDFS/data/MDIVL/extracted/MDIVL/MDIVL/Data_Blur_JPEG/home_blur_1.33_jpg_100.jpg,Multiply Dist.,MDIVL/MDIVL/MD_IVLreference/OCEreferenceMD/home.png,57.2823,24.20802879333496,0.0820221170015429,1
home_blur_1.33_jpg_30.jpg,/kaggle/working/MDFS/data/MDIVL/extracted/MDIVL/MDIVL/Data_Blur_JPEG/home_blur_1.33_jpg_30.jpg,Multiply Dist.,MDIVL/MDIVL/MD_IVLreference/OCEreferenceMD/home.png,60.5851,24.604198455810547,0.0787453070006449,1
home_blur_1.33_jpg_10.jpg,/kaggle/working/MDFS/data/MDIVL/extracted/MDIVL/MDIVL/Data_Blur_JPEG/home_blur_1.33_jpg_10.jpg,Multiply Dist.,MDIVL/MDIVL/MD_IVLreference/OCEreferenceMD/home.png,10.6636,29.293363571166992,0.0791743829995539,1
home_blur_2_jpg_50.jpg,/kaggle/working/MDFS/data/MDIVL/extracted/MDIVL/MDIVL/Data_Blur_JPEG/home_blur_2_jpg_50.jpg,Multiply Dist.,MDIVL/MDIVL/MD_IVLreference/OCEreferenceMD/home.png,38.2801,24.49564743041992,0.0791789310005697,1
home_blur_2_jpg_20.jpg,/kaggle/working/MDFS/data/MDIVL/extracted/MDIVL/MDIVL/Data_Blur_JPEG/home_blur_2_jpg_20.jpg,Multiply Dist.,MDIVL/MDIVL/MD_IVLreference/OCEreferenceMD/home.png,31.9986,27.343786239624023,0.077849454999523,1
home_blur_2.66_jpg_100.jpg,/kaggle/working/MDFS/data/MDIVL/extracted/MDIVL/MDIVL/Data_Blur_JPEG/home_blur_2.66_jpg_100.jpg,Multiply Dist.,MDIVL/MDIVL/MD_IVLreference/OCEreferenceMD/home.png,28.6059,32.09701919555664,0.0804330200007825,1
home_blur_2.66_jpg_30.jpg,/kaggle/working/MDFS/data/MDIVL/extracted/MDIVL/MDIVL/Data_Blur_JPEG/home_blur_2.66_jpg_30.jpg,Multiply Dist.,MDIVL/MDIVL/MD_IVLreference/OCEreferenceMD/home.png,27.6464,26.80676651000977,0.0776434460003656,1
home_blur_2.66_jpg_10.jpg,/kaggle/working/MDFS/data/MDIVL/extracted/MDIVL/MDIVL/Data_Blur_JPEG/home_blur_2.66_jpg_10.jpg,Multiply Dist.,MDIVL/MDIVL/MD_IVLreference/OCEreferenceMD/home.png,7.1954,31.472740173339844,0.0784439220005879,1
home_blur_3.33_jpg_50.jpg,/kaggle/working/MDFS/data/MDIVL/extracted/MDIVL/MDIVL/Data_Blur_JPEG/home_blur_3.33_jpg_50.jpg,Multiply Dist.,MDIVL/MDIVL/MD_IVLreference/OCEreferenceMD/home.png,25.56,26.144948959350582,0.0790209769984358,1
home_blur_3.33_jpg_20.jpg,/kaggle/working/MDFS/data/MDIVL/extracted/MDIVL/MDIVL/Data_Blur_JPEG/home_blur_3.33_jpg_20.jpg,Multiply Dist.,MDIVL/MDIVL/MD_IVLreference/OCEreferenceMD/home.png,18.4819,28.63967514038086,0.0785759680002229,1
home_blur_4_jpg_100.jpg,/kaggle/working/MDFS/data/MDIVL/extracted/MDIVL/MDIVL/Data_Blur_JPEG/home_blur_4_jpg_100.jpg,Multiply Dist.,MDIVL/MDIVL/MD_IVLreference/OCEreferenceMD/home.png,15.1149,36.56206512451172,0.0805421160002879,1
home_blur_4_jpg_30.jpg,/kaggle/working/MDFS/data/MDIVL/extracted/MDIVL/MDIVL/Data_Blur_JPEG/home_blur_4_jpg_30.jpg,Multiply Dist.,MDIVL/MDIVL/MD_IVLreference/OCEreferenceMD/home.png,10.0564,28.21834754943848,0.0788042949989176,1
home_blur_4_jpg_10.jpg,/kaggle/working/MDFS/data/MDIVL/extracted/MDIVL/MDIVL/Data_Blur_JPEG/home_blur_4_jpg_10.jpg,Multiply Dist.,MDIVL/MDIVL/MD_IVLreference/OCEreferenceMD/home.png,5.0479,32.19339370727539,0.0779982040003233,1
manikin_blur_0.001_jpg_50.jpg,/kaggle/working/MDFS/data/MDIVL/extracted/MDIVL/MDIVL/Data_Blur_JPEG/manikin_blur_0.001_jpg_50.jpg,Multiply Dist.,MDIVL/MDIVL/MD_IVLreference/OCEreferenceMD/manikin.png,91.9119,22.709924697875977,0.0787584669997158,1
manikin_blur_0.001_jpg_20.jpg,/kaggle/working/MDFS/data/MDIVL/extracted/MDIVL/MDIVL/Data_Blur_JPEG/manikin_blur_0.001_jpg_20.jpg,Multiply Dist.,MDIVL/MDIVL/MD_IVLreference/OCEreferenceMD/manikin.png,44.6775,25.73802757263184,0.0775358579994645,1
manikin_blur_0.66_jpg_100.jpg,/kaggle/working/MDFS/data/MDIVL/extracted/MDIVL/MDIVL/Data_Blur_JPEG/manikin_blur_0.66_jpg_100.jpg,Multiply Dist.,MDIVL/MDIVL/MD_IVLreference/OCEreferenceMD/manikin.png,89.9733,20.708045959472656,0.0811789649997081,1
manikin_blur_0.66_jpg_30.jpg,/kaggle/working/MDFS/data/MDIVL/extracted/MDIVL/MDIVL/Data_Blur_JPEG/manikin_blur_0.66_jpg_30.jpg,Multiply Dist.,MDIVL/MDIVL/MD_IVLreference/OCEreferenceMD/manikin.png,64.6386,24.41170310974121,0.0796047479998378,1
manikin_blur_0.66_jpg_10.jpg,/kaggle/working/MDFS/data/MDIVL/extracted/MDIVL/MDIVL/Data_Blur_JPEG/manikin_blur_0.66_jpg_10.jpg,Multiply Dist.,MDIVL/MDIVL/MD_IVLreference/OCEreferenceMD/manikin.png,22.0216,29.60078430175781,0.0781562920001306,1
manikin_blur_1.33_jpg_50.jpg,/kaggle/working/MDFS/data/MDIVL/extracted/MDIVL/MDIVL/Data_Blur_JPEG/manikin_blur_1.33_jpg_50.jpg,Multiply Dist.,MDIVL/MDIVL/MD_IVLreference/OCEreferenceMD/manikin.png,65.4741,24.542341232299805,0.0781981960008124,1
manikin_blur_1.33_jpg_20.jpg,/kaggle/working/MDFS/data/MDIVL/extracted/MDIVL/MDIVL/Data_Blur_JPEG/manikin_blur_1.33_jpg_20.jpg,Multiply Dist.,MDIVL/MDIVL/MD_IVLreference/OCEreferenceMD/manikin.png,30.7624,26.913158416748047,0.0788136210012453,1
manikin_blur_2_jpg_100.jpg,/kaggle/working/MDFS/data/MDIVL/extracted/MDIVL/MDIVL/Data_Blur_JPEG/manikin_blur_2_jpg_100.jpg,Multiply Dist.,MDIVL/MDIVL/MD_IVLreference/OCEreferenceMD/manikin.png,48.9526,30.23414802551269,0.0800433510012226,1
manikin_blur_2_jpg_30.jpg,/kaggle/working/MDFS/data/MDIVL/extracted/MDIVL/MDIVL/Data_Blur_JPEG/manikin_blur_2_jpg_30.jpg,Multiply Dist.,MDIVL/MDIVL/MD_IVLreference/OCEreferenceMD/manikin.png,41.8676,26.807559967041016,0.0784988149989658,1
manikin_blur_2_jpg_10.jpg,/kaggle/working/MDFS/data/MDIVL/extracted/MDIVL/MDIVL/Data_Blur_JPEG/manikin_blur_2_jpg_10.jpg,Multiply Dist.,MDIVL/MDIVL/MD_IVLreference/OCEreferenceMD/manikin.png,9.8655,31.23057746887207,0.0782104419995448,1
manikin_blur_2.66_jpg_50.jpg,/kaggle/working/MDFS/data/MDIVL/extracted/MDIVL/MDIVL/Data_Blur_JPEG/manikin_blur_2.66_jpg_50.jpg,Multiply Dist.,MDIVL/MDIVL/MD_IVLreference/OCEreferenceMD/manikin.png,32.5201,26.99764060974121,0.07874534199982,1
manikin_blur_2.66_jpg_20.jpg,/kaggle/working/MDFS/data/MDIVL/extracted/MDIVL/MDIVL/Data_Blur_JPEG/manikin_blur_2.66_jpg_20.jpg,Multiply Dist.,MDIVL/MDIVL/MD_IVLreference/OCEreferenceMD/manikin.png,31.8736,28.963796615600582,0.0794047700001101,1
manikin_blur_3.33_jpg_100.jpg,/kaggle/working/MDFS/data/MDIVL/extracted/MDIVL/MDIVL/Data_Blur_JPEG/manikin_blur_3.33_jpg_100.jpg,Multiply Dist.,MDIVL/MDIVL/MD_IVLreference/OCEreferenceMD/manikin.png,28.3113,34.92562484741211,0.079699868998432,1
manikin_blur_3.33_jpg_30.jpg,/kaggle/working/MDFS/data/MDIVL/extracted/MDIVL/MDIVL/Data_Blur_JPEG/manikin_blur_3.33_jpg_30.jpg,Multiply Dist.,MDIVL/MDIVL/MD_IVLreference/OCEreferenceMD/manikin.png,20.6734,28.60479736328125,0.0774980030000733,1
manikin_blur_3.33_jpg_10.jpg,/kaggle/working/MDFS/data/MDIVL/extracted/MDIVL/MDIVL/Data_Blur_JPEG/manikin_blur_3.33_jpg_10.jpg,Multiply Dist.,MDIVL/MDIVL/MD_IVLreference/OCEreferenceMD/manikin.png,7.6577,32.615234375,0.0771317039998393,1
manikin_blur_4_jpg_50.jpg,/kaggle/working/MDFS/data/MDIVL/extracted/MDIVL/MDIVL/Data_Blur_JPEG/manikin_blur_4_jpg_50.jpg,Multiply Dist.,MDIVL/MDIVL/MD_IVLreference/OCEreferenceMD/manikin.png,21.1254,28.67238044738769,0.0802356129988766,1
manikin_blur_4_jpg_20.jpg,/kaggle/working/MDFS/data/MDIVL/extracted/MDIVL/MDIVL/Data_Blur_JPEG/manikin_blur_4_jpg_20.jpg,Multiply Dist.,MDIVL/MDIVL/MD_IVLreference/OCEreferenceMD/manikin.png,12.9788,29.999794006347656,0.0780976469995948,1
metro_blur_0.001_jpg_100.jpg,/kaggle/working/MDFS/data/MDIVL/extracted/MDIVL/MDIVL/Data_Blur_JPEG/metro_blur_0.001_jpg_100.jpg,Multiply Dist.,MDIVL/MDIVL/MD_IVLreference/OCEreferenceMD/metro.png,91.058,21.40941619873047,0.0815424180000263,1
metro_blur_0.001_jpg_30.jpg,/kaggle/working/MDFS/data/MDIVL/extracted/MDIVL/MDIVL/Data_Blur_JPEG/metro_blur_0.001_jpg_30.jpg,Multiply Dist.,MDIVL/MDIVL/MD_IVLreference/OCEreferenceMD/metro.png,48.954,25.38457298278809,0.0798553990007349,1
metro_blur_0.001_jpg_10.jpg,/kaggle/working/MDFS/data/MDIVL/extracted/MDIVL/MDIVL/Data_Blur_JPEG/metro_blur_0.001_jpg_10.jpg,Multiply Dist.,MDIVL/MDIVL/MD_IVLreference/OCEreferenceMD/metro.png,30.3593,30.291643142700195,0.0785037679997913,1
metro_blur_0.66_jpg_50.jpg,/kaggle/working/MDFS/data/MDIVL/extracted/MDIVL/MDIVL/Data_Blur_JPEG/metro_blur_0.66_jpg_50.jpg,Multiply Dist.,MDIVL/MDIVL/MD_IVLreference/OCEreferenceMD/metro.png,73.5081,23.930540084838867,0.0794223490011063,1
metro_blur_0.66_jpg_20.jpg,/kaggle/working/MDFS/data/MDIVL/extracted/MDIVL/MDIVL/Data_Blur_JPEG/metro_blur_0.66_jpg_20.jpg,Multiply Dist.,MDIVL/MDIVL/MD_IVLreference/OCEreferenceMD/metro.png,34.5443,27.37798118591309,0.0783654089991614,1
metro_blur_1.33_jpg_100.jpg,/kaggle/working/MDFS/data/MDIVL/extracted/MDIVL/MDIVL/Data_Blur_JPEG/metro_blur_1.33_jpg_100.jpg,Multiply Dist.,MDIVL/MDIVL/MD_IVLreference/OCEreferenceMD/metro.png,74.9311,28.721343994140625,0.0818562389995349,1
metro_blur_1.33_jpg_30.jpg,/kaggle/working/MDFS/data/MDIVL/extracted/MDIVL/MDIVL/Data_Blur_JPEG/metro_blur_1.33_jpg_30.jpg,Multiply Dist.,MDIVL/MDIVL/MD_IVLreference/OCEreferenceMD/metro.png,44.0323,26.428869247436523,0.0800899930000014,1
metro_blur_1.33_jpg_10.jpg,/kaggle/working/MDFS/data/MDIVL/extracted/MDIVL/MDIVL/Data_Blur_JPEG/metro_blur_1.33_jpg_10.jpg,Multiply Dist.,MDIVL/MDIVL/MD_IVLreference/OCEreferenceMD/metro.png,13.4481,30.95517349243164,0.0782306920009432,1
metro_blur_2_jpg_50.jpg,/kaggle/working/MDFS/data/MDIVL/extracted/MDIVL/MDIVL/Data_Blur_JPEG/metro_blur_2_jpg_50.jpg,Multiply Dist.,MDIVL/MDIVL/MD_IVLreference/OCEreferenceMD/metro.png,48.7182,25.35675048828125,0.0788141680004628,1
metro_blur_2_jpg_20.jpg,/kaggle/working/MDFS/data/MDIVL/extracted/MDIVL/MDIVL/Data_Blur_JPEG/metro_blur_2_jpg_20.jpg,Multiply Dist.,MDIVL/MDIVL/MD_IVLreference/OCEreferenceMD/metro.png,28.9014,28.82219886779785,0.0784144120007113,1
metro_blur_2.66_jpg_100.jpg,/kaggle/working/MDFS/data/MDIVL/extracted/MDIVL/MDIVL/Data_Blur_JPEG/metro_blur_2.66_jpg_100.jpg,Multiply Dist.,MDIVL/MDIVL/MD_IVLreference/OCEreferenceMD/metro.png,40.785,33.28641891479492,0.080964775999746,1
metro_blur_2.66_jpg_30.jpg,/kaggle/working/MDFS/data/MDIVL/extracted/MDIVL/MDIVL/Data_Blur_JPEG/metro_blur_2.66_jpg_30.jpg,Multiply Dist.,MDIVL/MDIVL/MD_IVLreference/OCEreferenceMD/metro.png,27.4851,27.698410034179688,0.0783218769993254,1
metro_blur_2.66_jpg_10.jpg,/kaggle/working/MDFS/data/MDIVL/extracted/MDIVL/MDIVL/Data_Blur_JPEG/metro_blur_2.66_jpg_10.jpg,Multiply Dist.,MDIVL/MDIVL/MD_IVLreference/OCEreferenceMD/metro.png,16.0144,31.82462310791016,0.0781270179995772,1
metro_blur_3.33_jpg_50.jpg,/kaggle/working/MDFS/data/MDIVL/extracted/MDIVL/MDIVL/Data_Blur_JPEG/metro_blur_3.33_jpg_50.jpg,Multiply Dist.,MDIVL/MDIVL/MD_IVLreference/OCEreferenceMD/metro.png,25.918,26.51380157470703,0.0784835060003388,1
metro_blur_3.33_jpg_20.jpg,/kaggle/working/MDFS/data/MDIVL/extracted/MDIVL/MDIVL/Data_Blur_JPEG/metro_blur_3.33_jpg_20.jpg,Multiply Dist.,MDIVL/MDIVL/MD_IVLreference/OCEreferenceMD/metro.png,18.9431,29.881303787231445,0.0794655949994194,1
metro_blur_4_jpg_100.jpg,/kaggle/working/MDFS/data/MDIVL/extracted/MDIVL/MDIVL/Data_Blur_JPEG/metro_blur_4_jpg_100.jpg,Multiply Dist.,MDIVL/MDIVL/MD_IVLreference/OCEreferenceMD/metro.png,27.9643,35.42005920410156,0.0808955869997589,1
metro_blur_4_jpg_30.jpg,/kaggle/working/MDFS/data/MDIVL/extracted/MDIVL/MDIVL/Data_Blur_JPEG/metro_blur_4_jpg_30.jpg,Multiply Dist.,MDIVL/MDIVL/MD_IVLreference/OCEreferenceMD/metro.png,22.9729,28.43632698059082,0.0788828540007671,1
metro_blur_4_jpg_10.jpg,/kaggle/working/MDFS/data/MDIVL/extracted/MDIVL/MDIVL/Data_Blur_JPEG/metro_blur_4_jpg_10.jpg,Multiply Dist.,MDIVL/MDIVL/MD_IVLreference/OCEreferenceMD/metro.png,10.6571,33.272987365722656,0.0792248689995176,1
mountain_blur_0.001_jpg_50.jpg,/kaggle/working/MDFS/data/MDIVL/extracted/MDIVL/MDIVL/Data_Blur_JPEG/mountain_blur_0.001_jpg_50.jpg,Multiply Dist.,MDIVL/MDIVL/MD_IVLreference/OCEreferenceMD/mountain.png,89.7108,22.091493606567383,0.0796502459998009,1
mountain_blur_0.001_jpg_20.jpg,/kaggle/working/MDFS/data/MDIVL/extracted/MDIVL/MDIVL/Data_Blur_JPEG/mountain_blur_0.001_jpg_20.jpg,Multiply Dist.,MDIVL/MDIVL/MD_IVLreference/OCEreferenceMD/mountain.png,46.4658,26.22309875488281,0.0782971280004858,1
mountain_blur_0.66_jpg_100.jpg,/kaggle/working/MDFS/data/MDIVL/extracted/MDIVL/MDIVL/Data_Blur_JPEG/mountain_blur_0.66_jpg_100.jpg,Multiply Dist.,MDIVL/MDIVL/MD_IVLreference/OCEreferenceMD/mountain.png,87.3094,20.14318084716797,0.0834470610006974,1
mountain_blur_0.66_jpg_30.jpg,/kaggle/working/MDFS/data/MDIVL/extracted/MDIVL/MDIVL/Data_Blur_JPEG/mountain_blur_0.66_jpg_30.jpg,Multiply Dist.,MDIVL/MDIVL/MD_IVLreference/OCEreferenceMD/mountain.png,76.3188,24.802453994750977,0.0790853399994375,1
mountain_blur_0.66_jpg_10.jpg,/kaggle/working/MDFS/data/MDIVL/extracted/MDIVL/MDIVL/Data_Blur_JPEG/mountain_blur_0.66_jpg_10.jpg,Multiply Dist.,MDIVL/MDIVL/MD_IVLreference/OCEreferenceMD/mountain.png,17.0872,29.99658203125,0.0784185489992523,1
mountain_blur_1.33_jpg_50.jpg,/kaggle/working/MDFS/data/MDIVL/extracted/MDIVL/MDIVL/Data_Blur_JPEG/mountain_blur_1.33_jpg_50.jpg,Multiply Dist.,MDIVL/MDIVL/MD_IVLreference/OCEreferenceMD/mountain.png,59.5908,24.22604179382324,0.0803338030000304,1
mountain_blur_1.33_jpg_20.jpg,/kaggle/working/MDFS/data/MDIVL/extracted/MDIVL/MDIVL/Data_Blur_JPEG/mountain_blur_1.33_jpg_20.jpg,Multiply Dist.,MDIVL/MDIVL/MD_IVLreference/OCEreferenceMD/mountain.png,33.3898,28.164424896240234,0.0794604000002436,1
mountain_blur_2_jpg_100.jpg,/kaggle/working/MDFS/data/MDIVL/extracted/MDIVL/MDIVL/Data_Blur_JPEG/mountain_blur_2_jpg_100.jpg,Multiply Dist.,MDIVL/MDIVL/MD_IVLreference/OCEreferenceMD/mountain.png,43.7539,27.131969451904297,0.0801699319999897,1
mountain_blur_2_jpg_30.jpg,/kaggle/working/MDFS/data/MDIVL/extracted/MDIVL/MDIVL/Data_Blur_JPEG/mountain_blur_2_jpg_30.jpg,Multiply Dist.,MDIVL/MDIVL/MD_IVLreference/OCEreferenceMD/mountain.png,32.5248,27.02515983581543,0.0785194319996662,1
mountain_blur_2_jpg_10.jpg,/kaggle/working/MDFS/data/MDIVL/extracted/MDIVL/MDIVL/Data_Blur_JPEG/mountain_blur_2_jpg_10.jpg,Multiply Dist.,MDIVL/MDIVL/MD_IVLreference/OCEreferenceMD/mountain.png,8.3261,32.51449203491211,0.0789092279992473,1
mountain_blur_2.66_jpg_50.jpg,/kaggle/working/MDFS/data/MDIVL/extracted/MDIVL/MDIVL/Data_Blur_JPEG/mountain_blur_2.66_jpg_50.jpg,Multiply Dist.,MDIVL/MDIVL/MD_IVLreference/OCEreferenceMD/mountain.png,24.1465,26.08980178833008,0.079113709000012,1
mountain_blur_2.66_jpg_20.jpg,/kaggle/working/MDFS/data/MDIVL/extracted/MDIVL/MDIVL/Data_Blur_JPEG/mountain_blur_2.66_jpg_20.jpg,Multiply Dist.,MDIVL/MDIVL/MD_IVLreference/OCEreferenceMD/mountain.png,19.1217,29.96132469177246,0.0788360750011634,1
mountain_blur_3.33_jpg_100.jpg,/kaggle/working/MDFS/data/MDIVL/extracted/MDIVL/MDIVL/Data_Blur_JPEG/mountain_blur_3.33_jpg_100.jpg,Multiply Dist.,MDIVL/MDIVL/MD_IVLreference/OCEreferenceMD/mountain.png,17.9889,33.05784225463867,0.0814681589999963,1
mountain_blur_3.33_jpg_30.jpg,/kaggle/working/MDFS/data/MDIVL/extracted/MDIVL/MDIVL/Data_Blur_JPEG/mountain_blur_3.33_jpg_30.jpg,Multiply Dist.,MDIVL/MDIVL/MD_IVLreference/OCEreferenceMD/mountain.png,20.2648,28.58240127563477,0.0786942499998986,1
mountain_blur_3.33_jpg_10.jpg,/kaggle/working/MDFS/data/MDIVL/extracted/MDIVL/MDIVL/Data_Blur_JPEG/mountain_blur_3.33_jpg_10.jpg,Multiply Dist.,MDIVL/MDIVL/MD_IVLreference/OCEreferenceMD/mountain.png,10.202,33.44752883911133,0.0800402660006511,1
mountain_blur_4_jpg_50.jpg,/kaggle/working/MDFS/data/MDIVL/extracted/MDIVL/MDIVL/Data_Blur_JPEG/mountain_blur_4_jpg_50.jpg,Multiply Dist.,MDIVL/MDIVL/MD_IVLreference/OCEreferenceMD/mountain.png,14.3902,27.738208770751957,0.0787782719999086,1
mountain_blur_4_jpg_20.jpg,/kaggle/working/MDFS/data/MDIVL/extracted/MDIVL/MDIVL/Data_Blur_JPEG/mountain_blur_4_jpg_20.jpg,Multiply Dist.,MDIVL/MDIVL/MD_IVLreference/OCEreferenceMD/mountain.png,14.2993,31.01603889465332,0.0784580380004627,1
snow_blur_0.001_jpg_100.jpg,/kaggle/working/MDFS/data/MDIVL/extracted/MDIVL/MDIVL/Data_Blur_JPEG/snow_blur_0.001_jpg_100.jpg,Multiply Dist.,MDIVL/MDIVL/MD_IVLreference/OCEreferenceMD/snow.png,96.0861,19.841859817504883,0.0833871230006479,1
snow_blur_0.001_jpg_30.jpg,/kaggle/working/MDFS/data/MDIVL/extracted/MDIVL/MDIVL/Data_Blur_JPEG/snow_blur_0.001_jpg_30.jpg,Multiply Dist.,MDIVL/MDIVL/MD_IVLreference/OCEreferenceMD/snow.png,79.7047,23.026323318481445,0.0798020870006439,1
snow_blur_0.001_jpg_10.jpg,/kaggle/working/MDFS/data/MDIVL/extracted/MDIVL/MDIVL/Data_Blur_JPEG/snow_blur_0.001_jpg_10.jpg,Multiply Dist.,MDIVL/MDIVL/MD_IVLreference/OCEreferenceMD/snow.png,33.0176,29.10520362854004,0.0791753339999559,1
snow_blur_0.66_jpg_50.jpg,/kaggle/working/MDFS/data/MDIVL/extracted/MDIVL/MDIVL/Data_Blur_JPEG/snow_blur_0.66_jpg_50.jpg,Multiply Dist.,MDIVL/MDIVL/MD_IVLreference/OCEreferenceMD/snow.png,81.9711,21.99088287353516,0.0792223240005114,1
snow_blur_0.66_jpg_20.jpg,/kaggle/working/MDFS/data/MDIVL/extracted/MDIVL/MDIVL/Data_Blur_JPEG/snow_blur_0.66_jpg_20.jpg,Multiply Dist.,MDIVL/MDIVL/MD_IVLreference/OCEreferenceMD/snow.png,54.8917,25.778106689453125,0.0781708780014014,1
snow_blur_1.33_jpg_100.jpg,/kaggle/working/MDFS/data/MDIVL/extracted/MDIVL/MDIVL/Data_Blur_JPEG/snow_blur_1.33_jpg_100.jpg,Multiply Dist.,MDIVL/MDIVL/MD_IVLreference/OCEreferenceMD/snow.png,60.9606,24.48493194580078,0.082384813000317,1
snow_blur_1.33_jpg_30.jpg,/kaggle/working/MDFS/data/MDIVL/extracted/MDIVL/MDIVL/Data_Blur_JPEG/snow_blur_1.33_jpg_30.jpg,Multiply Dist.,MDIVL/MDIVL/MD_IVLreference/OCEreferenceMD/snow.png,58.8186,25.1953067779541,0.0800481669994042,1
snow_blur_1.33_jpg_10.jpg,/kaggle/working/MDFS/data/MDIVL/extracted/MDIVL/MDIVL/Data_Blur_JPEG/snow_blur_1.33_jpg_10.jpg,Multiply Dist.,MDIVL/MDIVL/MD_IVLreference/OCEreferenceMD/snow.png,28.2804,30.90732955932617,0.0798520120006287,1
snow_blur_2_jpg_50.jpg,/kaggle/working/MDFS/data/MDIVL/extracted/MDIVL/MDIVL/Data_Blur_JPEG/snow_blur_2_jpg_50.jpg,Multiply Dist.,MDIVL/MDIVL/MD_IVLreference/OCEreferenceMD/snow.png,30.6011,24.66092109680176,0.0798166790009418,1
snow_blur_2_jpg_20.jpg,/kaggle/working/MDFS/data/MDIVL/extracted/MDIVL/MDIVL/Data_Blur_JPEG/snow_blur_2_jpg_20.jpg,Multiply Dist.,MDIVL/MDIVL/MD_IVLreference/OCEreferenceMD/snow.png,40.306,27.95510482788086,0.0786266320010327,1
snow_blur_2.66_jpg_100.jpg,/kaggle/working/MDFS/data/MDIVL/extracted/MDIVL/MDIVL/Data_Blur_JPEG/snow_blur_2.66_jpg_100.jpg,Multiply Dist.,MDIVL/MDIVL/MD_IVLreference/OCEreferenceMD/snow.png,31.6557,33.26057052612305,0.081891166000787,1
snow_blur_2.66_jpg_30.jpg,/kaggle/working/MDFS/data/MDIVL/extracted/MDIVL/MDIVL/Data_Blur_JPEG/snow_blur_2.66_jpg_30.jpg,Multiply Dist.,MDIVL/MDIVL/MD_IVLreference/OCEreferenceMD/snow.png,42.8162,26.740760803222656,0.0783407319995603,1
snow_blur_2.66_jpg_10.jpg,/kaggle/working/MDFS/data/MDIVL/extracted/MDIVL/MDIVL/Data_Blur_JPEG/snow_blur_2.66_jpg_10.jpg,Multiply Dist.,MDIVL/MDIVL/MD_IVLreference/OCEreferenceMD/snow.png,16.6746,32.4368782043457,0.0787389960005384,1
snow_blur_3.33_jpg_50.jpg,/kaggle/working/MDFS/data/MDIVL/extracted/MDIVL/MDIVL/Data_Blur_JPEG/snow_blur_3.33_jpg_50.jpg,Multiply Dist.,MDIVL/MDIVL/MD_IVLreference/OCEreferenceMD/snow.png,23.7397,26.26812744140625,0.0789594469988514,1
snow_blur_3.33_jpg_20.jpg,/kaggle/working/MDFS/data/MDIVL/extracted/MDIVL/MDIVL/Data_Blur_JPEG/snow_blur_3.33_jpg_20.jpg,Multiply Dist.,MDIVL/MDIVL/MD_IVLreference/OCEreferenceMD/snow.png,19.912,29.492406845092773,0.0785023640000872,1
snow_blur_4_jpg_100.jpg,/kaggle/working/MDFS/data/MDIVL/extracted/MDIVL/MDIVL/Data_Blur_JPEG/snow_blur_4_jpg_100.jpg,Multiply Dist.,MDIVL/MDIVL/MD_IVLreference/OCEreferenceMD/snow.png,17.2783,35.94270706176758,0.0812465239996527,1
snow_blur_4_jpg_30.jpg,/kaggle/working/MDFS/data/MDIVL/extracted/MDIVL/MDIVL/Data_Blur_JPEG/snow_blur_4_jpg_30.jpg,Multiply Dist.,MDIVL/MDIVL/MD_IVLreference/OCEreferenceMD/snow.png,17.1172,28.42179298400879,0.080457148998903,1
snow_blur_4_jpg_10.jpg,/kaggle/working/MDFS/data/MDIVL/extracted/MDIVL/MDIVL/Data_Blur_JPEG/snow_blur_4_jpg_10.jpg,Multiply Dist.,MDIVL/MDIVL/MD_IVLreference/OCEreferenceMD/snow.png,7.2461,33.41065216064453,0.0784158070000557,1
baby_noise_1_jpg_50.jpg,/kaggle/working/MDFS/data/MDIVL/extracted/MDIVL/MDIVL/Data_Noise_JPEG/baby_noise_1_jpg_50.jpg,Multiply Dist.,MDIVL/MDIVL/MD_IVLreference/OCEreferenceMD/baby.png,78.9218,23.17826271057129,0.0804617150006379,1
baby_noise_1_jpg_10.jpg,/kaggle/working/MDFS/data/MDIVL/extracted/MDIVL/MDIVL/Data_Noise_JPEG/baby_noise_1_jpg_10.jpg,Multiply Dist.,MDIVL/MDIVL/MD_IVLreference/OCEreferenceMD/baby.png,8.7065,32.59233856201172,0.0789366749995679,1
baby_noise_2_jpg_50.jpg,/kaggle/working/MDFS/data/MDIVL/extracted/MDIVL/MDIVL/Data_Noise_JPEG/baby_noise_2_jpg_50.jpg,Multiply Dist.,MDIVL/MDIVL/MD_IVLreference/OCEreferenceMD/baby.png,82.5519,23.400503158569336,0.0785831800003507,1
baby_noise_2_jpg_10.jpg,/kaggle/working/MDFS/data/MDIVL/extracted/MDIVL/MDIVL/Data_Noise_JPEG/baby_noise_2_jpg_10.jpg,Multiply Dist.,MDIVL/MDIVL/MD_IVLreference/OCEreferenceMD/baby.png,8.0194,32.75505828857422,0.0795603650003613,1
baby_noise_3_jpg_50.jpg,/kaggle/working/MDFS/data/MDIVL/extracted/MDIVL/MDIVL/Data_Noise_JPEG/baby_noise_3_jpg_50.jpg,Multiply Dist.,MDIVL/MDIVL/MD_IVLreference/OCEreferenceMD/baby.png,66.8644,23.93631362915039,0.0801425760000711,1
baby_noise_3_jpg_10.jpg,/kaggle/working/MDFS/data/MDIVL/extracted/MDIVL/MDIVL/Data_Noise_JPEG/baby_noise_3_jpg_10.jpg,Multiply Dist.,MDIVL/MDIVL/MD_IVLreference/OCEreferenceMD/baby.png,5.9587,32.62685012817383,0.079341568000018,1
baby_noise_4_jpg_50.jpg,/kaggle/working/MDFS/data/MDIVL/extracted/MDIVL/MDIVL/Data_Noise_JPEG/baby_noise_4_jpg_50.jpg,Multiply Dist.,MDIVL/MDIVL/MD_IVLreference/OCEreferenceMD/baby.png,74.6128,24.60899543762207,0.0794149070006824,1
baby_noise_4_jpg_10.jpg,/kaggle/working/MDFS/data/MDIVL/extracted/MDIVL/MDIVL/Data_Noise_JPEG/baby_noise_4_jpg_10.jpg,Multiply Dist.,MDIVL/MDIVL/MD_IVLreference/OCEreferenceMD/baby.png,21.35,32.88216018676758,0.0790694890001759,1
baby_noise_5_jpg_50.jpg,/kaggle/working/MDFS/data/MDIVL/extracted/MDIVL/MDIVL/Data_Noise_JPEG/baby_noise_5_jpg_50.jpg,Multiply Dist.,MDIVL/MDIVL/MD_IVLreference/OCEreferenceMD/baby.png,57.0163,25.024362564086918,0.0808038979994307,1
baby_noise_5_jpg_10.jpg,/kaggle/working/MDFS/data/MDIVL/extracted/MDIVL/MDIVL/Data_Noise_JPEG/baby_noise_5_jpg_10.jpg,Multiply Dist.,MDIVL/MDIVL/MD_IVLreference/OCEreferenceMD/baby.png,15.3864,32.381893157958984,0.0789095309992262,1
baby_noise_6_jpg_50.jpg,/kaggle/working/MDFS/data/MDIVL/extracted/MDIVL/MDIVL/Data_Noise_JPEG/baby_noise_6_jpg_50.jpg,Multiply Dist.,MDIVL/MDIVL/MD_IVLreference/OCEreferenceMD/baby.png,47.0149,25.569833755493164,0.0793007569991459,1
baby_noise_6_jpg_10.jpg,/kaggle/working/MDFS/data/MDIVL/extracted/MDIVL/MDIVL/Data_Noise_JPEG/baby_noise_6_jpg_10.jpg,Multiply Dist.,MDIVL/MDIVL/MD_IVLreference/OCEreferenceMD/baby.png,9.4128,32.97169876098633,0.0794712100014294,1
baby_noise_8_jpg_50.jpg,/kaggle/working/MDFS/data/MDIVL/extracted/MDIVL/MDIVL/Data_Noise_JPEG/baby_noise_8_jpg_50.jpg,Multiply Dist.,MDIVL/MDIVL/MD_IVLreference/OCEreferenceMD/baby.png,35.6045,26.625059127807617,0.0798190650002652,1
baby_noise_8_jpg_10.jpg,/kaggle/working/MDFS/data/MDIVL/extracted/MDIVL/MDIVL/Data_Noise_JPEG/baby_noise_8_jpg_10.jpg,Multiply Dist.,MDIVL/MDIVL/MD_IVLreference/OCEreferenceMD/baby.png,8.9813,33.54877853393555,0.0791228050002246,1
baby_noise_10_jpg_50.jpg,/kaggle/working/MDFS/data/MDIVL/extracted/MDIVL/MDIVL/Data_Noise_JPEG/baby_noise_10_jpg_50.jpg,Multiply Dist.,MDIVL/MDIVL/MD_IVLreference/OCEreferenceMD/baby.png,27.4404,27.29680061340332,0.080123765999815,1
baby_noise_10_jpg_10.jpg,/kaggle/working/MDFS/data/MDIVL/extracted/MDIVL/MDIVL/Data_Noise_JPEG/baby_noise_10_jpg_10.jpg,Multiply Dist.,MDIVL/MDIVL/MD_IVLreference/OCEreferenceMD/baby.png,8.2909,33.78935623168945,0.078888227999414,1
baby_noise_12_jpg_50.jpg,/kaggle/working/MDFS/data/MDIVL/extracted/MDIVL/MDIVL/Data_Noise_JPEG/baby_noise_12_jpg_50.jpg,Multiply Dist.,MDIVL/MDIVL/MD_IVLreference/OCEreferenceMD/baby.png,20.7609,27.98005485534668,0.080168861999482,1
baby_noise_12_jpg_10.jpg,/kaggle/working/MDFS/data/MDIVL/extracted/MDIVL/MDIVL/Data_Noise_JPEG/baby_noise_12_jpg_10.jpg,Multiply Dist.,MDIVL/MDIVL/MD_IVLreference/OCEreferenceMD/baby.png,5.4013,34.01163101196289,0.0792981029990187,1
baby_noise_14_jpg_50.jpg,/kaggle/working/MDFS/data/MDIVL/extracted/MDIVL/MDIVL/Data_Noise_JPEG/baby_noise_14_jpg_50.jpg,Multiply Dist.,MDIVL/MDIVL/MD_IVLreference/OCEreferenceMD/baby.png,18.6604,28.13017845153809,0.0811011810001218,1
baby_noise_14_jpg_10.jpg,/kaggle/working/MDFS/data/MDIVL/extracted/MDIVL/MDIVL/Data_Noise_JPEG/baby_noise_14_jpg_10.jpg,Multiply Dist.,MDIVL/MDIVL/MD_IVLreference/OCEreferenceMD/baby.png,19.7783,35.386016845703125,0.079807031999735,1
bus_noise_1_jpg_50.jpg,/kaggle/working/MDFS/data/MDIVL/extracted/MDIVL/MDIVL/Data_Noise_JPEG/bus_noise_1_jpg_50.jpg,Multiply Dist.,MDIVL/MDIVL/MD_IVLreference/OCEreferenceMD/bus.png,83.1667,20.04752922058105,0.0794962880008824,1
bus_noise_1_jpg_10.jpg,/kaggle/working/MDFS/data/MDIVL/extracted/MDIVL/MDIVL/Data_Noise_JPEG/bus_noise_1_jpg_10.jpg,Multiply Dist.,MDIVL/MDIVL/MD_IVLreference/OCEreferenceMD/bus.png,23.7787,25.507652282714844,0.0789373130010062,1
bus_noise_2_jpg_50.jpg,/kaggle/working/MDFS/data/MDIVL/extracted/MDIVL/MDIVL/Data_Noise_JPEG/bus_noise_2_jpg_50.jpg,Multiply Dist.,MDIVL/MDIVL/MD_IVLreference/OCEreferenceMD/bus.png,72.9624,20.10747337341309,0.0792346719990746,1
bus_noise_2_jpg_10.jpg,/kaggle/working/MDFS/data/MDIVL/extracted/MDIVL/MDIVL/Data_Noise_JPEG/bus_noise_2_jpg_10.jpg,Multiply Dist.,MDIVL/MDIVL/MD_IVLreference/OCEreferenceMD/bus.png,42.6856,25.60854148864746,0.0786553819998516,1
bus_noise_3_jpg_50.jpg,/kaggle/working/MDFS/data/MDIVL/extracted/MDIVL/MDIVL/Data_Noise_JPEG/bus_noise_3_jpg_50.jpg,Multiply Dist.,MDIVL/MDIVL/MD_IVLreference/OCEreferenceMD/bus.png,73.4094,20.223989486694336,0.0790472469998349,1
bus_noise_3_jpg_10.jpg,/kaggle/working/MDFS/data/MDIVL/extracted/MDIVL/MDIVL/Data_Noise_JPEG/bus_noise_3_jpg_10.jpg,Multiply Dist.,MDIVL/MDIVL/MD_IVLreference/OCEreferenceMD/bus.png,18.3322,25.611406326293945,0.0797618090000469,1
bus_noise_4_jpg_50.jpg,/kaggle/working/MDFS/data/MDIVL/extracted/MDIVL/MDIVL/Data_Noise_JPEG/bus_noise_4_jpg_50.jpg,Multiply Dist.,MDIVL/MDIVL/MD_IVLreference/OCEreferenceMD/bus.png,72.0415,20.323820114135746,0.0812928630002716,1
bus_noise_4_jpg_10.jpg,/kaggle/working/MDFS/data/MDIVL/extracted/MDIVL/MDIVL/Data_Noise_JPEG/bus_noise_4_jpg_10.jpg,Multiply Dist.,MDIVL/MDIVL/MD_IVLreference/OCEreferenceMD/bus.png,43.0497,25.6638240814209,0.0794698339996102,1
bus_noise_5_jpg_50.jpg,/kaggle/working/MDFS/data/MDIVL/extracted/MDIVL/MDIVL/Data_Noise_JPEG/bus_noise_5_jpg_50.jpg,Multiply Dist.,MDIVL/MDIVL/MD_IVLreference/OCEreferenceMD/bus.png,67.214,20.54906272888184,0.0802676330004033,1
bus_noise_5_jpg_10.jpg,/kaggle/working/MDFS/data/MDIVL/extracted/MDIVL/MDIVL/Data_Noise_JPEG/bus_noise_5_jpg_10.jpg,Multiply Dist.,MDIVL/MDIVL/MD_IVLreference/OCEreferenceMD/bus.png,21.7887,25.705551147460938,0.079294758999822,1
bus_noise_6_jpg_50.jpg,/kaggle/working/MDFS/data/MDIVL/extracted/MDIVL/MDIVL/Data_Noise_JPEG/bus_noise_6_jpg_50.jpg,Multiply Dist.,MDIVL/MDIVL/MD_IVLreference/OCEreferenceMD/bus.png,49.8779,20.625816345214844,0.0815164720006578,1
bus_noise_6_jpg_10.jpg,/kaggle/working/MDFS/data/MDIVL/extracted/MDIVL/MDIVL/Data_Noise_JPEG/bus_noise_6_jpg_10.jpg,Multiply Dist.,MDIVL/MDIVL/MD_IVLreference/OCEreferenceMD/bus.png,21.2658,25.88507652282715,0.0789034660010656,1
bus_noise_8_jpg_50.jpg,/kaggle/working/MDFS/data/MDIVL/extracted/MDIVL/MDIVL/Data_Noise_JPEG/bus_noise_8_jpg_50.jpg,Multiply Dist.,MDIVL/MDIVL/MD_IVLreference/OCEreferenceMD/bus.png,41.9226,21.113920211791992,0.0805494260002888,1
bus_noise_8_jpg_10.jpg,/kaggle/working/MDFS/data/MDIVL/extracted/MDIVL/MDIVL/Data_Noise_JPEG/bus_noise_8_jpg_10.jpg,Multiply Dist.,MDIVL/MDIVL/MD_IVLreference/OCEreferenceMD/bus.png,21.786,25.85416603088379,0.0795919459997094,1
bus_noise_10_jpg_50.jpg,/kaggle/working/MDFS/data/MDIVL/extracted/MDIVL/MDIVL/Data_Noise_JPEG/bus_noise_10_jpg_50.jpg,Multiply Dist.,MDIVL/MDIVL/MD_IVLreference/OCEreferenceMD/bus.png,35.9845,21.601232528686523,0.0809994009996444,1
bus_noise_10_jpg_10.jpg,/kaggle/working/MDFS/data/MDIVL/extracted/MDIVL/MDIVL/Data_Noise_JPEG/bus_noise_10_jpg_10.jpg,Multiply Dist.,MDIVL/MDIVL/MD_IVLreference/OCEreferenceMD/bus.png,16.0053,26.361194610595703,0.0891111399996589,1
bus_noise_12_jpg_50.jpg,/kaggle/working/MDFS/data/MDIVL/extracted/MDIVL/MDIVL/Data_Noise_JPEG/bus_noise_12_jpg_50.jpg,Multiply Dist.,MDIVL/MDIVL/MD_IVLreference/OCEreferenceMD/bus.png,31.7447,21.99574089050293,0.0816547190006531,1
bus_noise_12_jpg_10.jpg,/kaggle/working/MDFS/data/MDIVL/extracted/MDIVL/MDIVL/Data_Noise_JPEG/bus_noise_12_jpg_10.jpg,Multiply Dist.,MDIVL/MDIVL/MD_IVLreference/OCEreferenceMD/bus.png,25.5965,26.98658943176269,0.0815218110001296,1
bus_noise_14_jpg_50.jpg,/kaggle/working/MDFS/data/MDIVL/extracted/MDIVL/MDIVL/Data_Noise_JPEG/bus_noise_14_jpg_50.jpg,Multiply Dist.,MDIVL/MDIVL/MD_IVLreference/OCEreferenceMD/bus.png,27.6046,22.48148536682129,0.0849875530002464,1
bus_noise_14_jpg_10.jpg,/kaggle/working/MDFS/data/MDIVL/extracted/MDIVL/MDIVL/Data_Noise_JPEG/bus_noise_14_jpg_10.jpg,Multiply Dist.,MDIVL/MDIVL/MD_IVLreference/OCEreferenceMD/bus.png,9.15,27.52828598022461,0.0793805779994727,1
candies_noise_1_jpg_50.jpg,/kaggle/working/MDFS/data/MDIVL/extracted/MDIVL/MDIVL/Data_Noise_JPEG/candies_noise_1_jpg_50.jpg,Multiply Dist.,MDIVL/MDIVL/MD_IVLreference/OCEreferenceMD/candies.png,89.1221,20.90453147888184,0.0804907270012336,1
candies_noise_1_jpg_10.jpg,/kaggle/working/MDFS/data/MDIVL/extracted/MDIVL/MDIVL/Data_Noise_JPEG/candies_noise_1_jpg_10.jpg,Multiply Dist.,MDIVL/MDIVL/MD_IVLreference/OCEreferenceMD/candies.png,56.5551,26.84174156188965,0.0790567120002379,1
candies_noise_2_jpg_50.jpg,/kaggle/working/MDFS/data/MDIVL/extracted/MDIVL/MDIVL/Data_Noise_JPEG/candies_noise_2_jpg_50.jpg,Multiply Dist.,MDIVL/MDIVL/MD_IVLreference/OCEreferenceMD/candies.png,84.0729,21.022798538208008,0.0808277710002585,1
candies_noise_2_jpg_10.jpg,/kaggle/working/MDFS/data/MDIVL/extracted/MDIVL/MDIVL/Data_Noise_JPEG/candies_noise_2_jpg_10.jpg,Multiply Dist.,MDIVL/MDIVL/MD_IVLreference/OCEreferenceMD/candies.png,39.9062,26.97149658203125,0.0811725000003207,1
candies_noise_3_jpg_50.jpg,/kaggle/working/MDFS/data/MDIVL/extracted/MDIVL/MDIVL/Data_Noise_JPEG/candies_noise_3_jpg_50.jpg,Multiply Dist.,MDIVL/MDIVL/MD_IVLreference/OCEreferenceMD/candies.png,82.1172,21.13243103027344,0.0802122229997621,1
candies_noise_3_jpg_10.jpg,/kaggle/working/MDFS/data/MDIVL/extracted/MDIVL/MDIVL/Data_Noise_JPEG/candies_noise_3_jpg_10.jpg,Multiply Dist.,MDIVL/MDIVL/MD_IVLreference/OCEreferenceMD/candies.png,41.6013,27.027061462402344,0.0802325839995319,1
candies_noise_4_jpg_50.jpg,/kaggle/working/MDFS/data/MDIVL/extracted/MDIVL/MDIVL/Data_Noise_JPEG/candies_noise_4_jpg_50.jpg,Multiply Dist.,MDIVL/MDIVL/MD_IVLreference/OCEreferenceMD/candies.png,52.2376,21.407209396362305,0.0814874120005697,1
candies_noise_4_jpg_10.jpg,/kaggle/working/MDFS/data/MDIVL/extracted/MDIVL/MDIVL/Data_Noise_JPEG/candies_noise_4_jpg_10.jpg,Multiply Dist.,MDIVL/MDIVL/MD_IVLreference/OCEreferenceMD/candies.png,29.1501,27.29256248474121,0.0797752389989909,1
candies_noise_5_jpg_50.jpg,/kaggle/working/MDFS/data/MDIVL/extracted/MDIVL/MDIVL/Data_Noise_JPEG/candies_noise_5_jpg_50.jpg,Multiply Dist.,MDIVL/MDIVL/MD_IVLreference/OCEreferenceMD/candies.png,66.8633,21.68921661376953,0.0814695810004195,1
candies_noise_5_jpg_10.jpg,/kaggle/working/MDFS/data/MDIVL/extracted/MDIVL/MDIVL/Data_Noise_JPEG/candies_noise_5_jpg_10.jpg,Multiply Dist.,MDIVL/MDIVL/MD_IVLreference/OCEreferenceMD/candies.png,31.3875,27.236616134643555,0.0811163939997641,1
candies_noise_6_jpg_50.jpg,/kaggle/working/MDFS/data/MDIVL/extracted/MDIVL/MDIVL/Data_Noise_JPEG/candies_noise_6_jpg_50.jpg,Multiply Dist.,MDIVL/MDIVL/MD_IVLreference/OCEreferenceMD/candies.png,57.0429,22.062652587890625,0.0819279959996492,1
candies_noise_6_jpg_10.jpg,/kaggle/working/MDFS/data/MDIVL/extracted/MDIVL/MDIVL/Data_Noise_JPEG/candies_noise_6_jpg_10.jpg,Multiply Dist.,MDIVL/MDIVL/MD_IVLreference/OCEreferenceMD/candies.png,40.197,27.197660446166992,0.0798753979997854,1
candies_noise_8_jpg_50.jpg,/kaggle/working/MDFS/data/MDIVL/extracted/MDIVL/MDIVL/Data_Noise_JPEG/candies_noise_8_jpg_50.jpg,Multiply Dist.,MDIVL/MDIVL/MD_IVLreference/OCEreferenceMD/candies.png,49.3967,22.582088470458984,0.0825377689998276,1
candies_noise_8_jpg_10.jpg,/kaggle/working/MDFS/data/MDIVL/extracted/MDIVL/MDIVL/Data_Noise_JPEG/candies_noise_8_jpg_10.jpg,Multiply Dist.,MDIVL/MDIVL/MD_IVLreference/OCEreferenceMD/candies.png,29.2392,27.53718376159668,0.080755078999573,1
candies_noise_10_jpg_50.jpg,/kaggle/working/MDFS/data/MDIVL/extracted/MDIVL/MDIVL/Data_Noise_JPEG/candies_noise_10_jpg_50.jpg,Multiply Dist.,MDIVL/MDIVL/MD_IVLreference/OCEreferenceMD/candies.png,49.3723,23.14350891113281,0.0816754160005075,1
candies_noise_10_jpg_10.jpg,/kaggle/working/MDFS/data/MDIVL/extracted/MDIVL/MDIVL/Data_Noise_JPEG/candies_noise_10_jpg_10.jpg,Multiply Dist.,MDIVL/MDIVL/MD_IVLreference/OCEreferenceMD/candies.png,41.6195,27.84082794189453,0.0809474819998286,1
candies_noise_12_jpg_50.jpg,/kaggle/working/MDFS/data/MDIVL/extracted/MDIVL/MDIVL/Data_Noise_JPEG/candies_noise_12_jpg_50.jpg,Multiply Dist.,MDIVL/MDIVL/MD_IVLreference/OCEreferenceMD/candies.png,35.5803,23.53497886657715,0.0816893830015033,1
candies_noise_12_jpg_10.jpg,/kaggle/working/MDFS/data/MDIVL/extracted/MDIVL/MDIVL/Data_Noise_JPEG/candies_noise_12_jpg_10.jpg,Multiply Dist.,MDIVL/MDIVL/MD_IVLreference/OCEreferenceMD/candies.png,36.5594,27.96317481994629,0.079767505001655,1
candies_noise_14_jpg_50.jpg,/kaggle/working/MDFS/data/MDIVL/extracted/MDIVL/MDIVL/Data_Noise_JPEG/candies_noise_14_jpg_50.jpg,Multiply Dist.,MDIVL/MDIVL/MD_IVLreference/OCEreferenceMD/candies.png,31.9124,24.02079963684082,0.0822448549988621,1
candies_noise_14_jpg_10.jpg,/kaggle/working/MDFS/data/MDIVL/extracted/MDIVL/MDIVL/Data_Noise_JPEG/candies_noise_14_jpg_10.jpg,Multiply Dist.,MDIVL/MDIVL/MD_IVLreference/OCEreferenceMD/candies.png,33.0672,28.30051040649414,0.0806293570003617,1
chianti_noise_1_jpg_50.jpg,/kaggle/working/MDFS/data/MDIVL/extracted/MDIVL/MDIVL/Data_Noise_JPEG/chianti_noise_1_jpg_50.jpg,Multiply Dist.,MDIVL/MDIVL/MD_IVLreference/OCEreferenceMD/chianti.png,69.2225,20.59236717224121,0.080334344998846,1
chianti_noise_1_jpg_10.jpg,/kaggle/working/MDFS/data/MDIVL/extracted/MDIVL/MDIVL/Data_Noise_JPEG/chianti_noise_1_jpg_10.jpg,Multiply Dist.,MDIVL/MDIVL/MD_IVLreference/OCEreferenceMD/chianti.png,14.6002,27.844587326049805,0.0803143239991186,1
chianti_noise_2_jpg_50.jpg,/kaggle/working/MDFS/data/MDIVL/extracted/MDIVL/MDIVL/Data_Noise_JPEG/chianti_noise_2_jpg_50.jpg,Multiply Dist.,MDIVL/MDIVL/MD_IVLreference/OCEreferenceMD/chianti.png,75.8955,20.882417678833008,0.0798770390010759,1
chianti_noise_2_jpg_10.jpg,/kaggle/working/MDFS/data/MDIVL/extracted/MDIVL/MDIVL/Data_Noise_JPEG/chianti_noise_2_jpg_10.jpg,Multiply Dist.,MDIVL/MDIVL/MD_IVLreference/OCEreferenceMD/chianti.png,15.0052,27.87959098815918,0.0789922439998918,1
chianti_noise_3_jpg_50.jpg,/kaggle/working/MDFS/data/MDIVL/extracted/MDIVL/MDIVL/Data_Noise_JPEG/chianti_noise_3_jpg_50.jpg,Multiply Dist.,MDIVL/MDIVL/MD_IVLreference/OCEreferenceMD/chianti.png,59.9987,21.08188247680664,0.0827455480011849,1
chianti_noise_3_jpg_10.jpg,/kaggle/working/MDFS/data/MDIVL/extracted/MDIVL/MDIVL/Data_Noise_JPEG/chianti_noise_3_jpg_10.jpg,Multiply Dist.,MDIVL/MDIVL/MD_IVLreference/OCEreferenceMD/chianti.png,22.4938,28.071569442749023,0.080365844998596,1
chianti_noise_4_jpg_50.jpg,/kaggle/working/MDFS/data/MDIVL/extracted/MDIVL/MDIVL/Data_Noise_JPEG/chianti_noise_4_jpg_50.jpg,Multiply Dist.,MDIVL/MDIVL/MD_IVLreference/OCEreferenceMD/chianti.png,48.7317,21.552291870117188,0.0803293320004741,1
chianti_noise_4_jpg_10.jpg,/kaggle/working/MDFS/data/MDIVL/extracted/MDIVL/MDIVL/Data_Noise_JPEG/chianti_noise_4_jpg_10.jpg,Multiply Dist.,MDIVL/MDIVL/MD_IVLreference/OCEreferenceMD/chianti.png,10.6845,27.951011657714844,0.0800978980005311,1
chianti_noise_5_jpg_50.jpg,/kaggle/working/MDFS/data/MDIVL/extracted/MDIVL/MDIVL/Data_Noise_JPEG/chianti_noise_5_jpg_50.jpg,Multiply Dist.,MDIVL/MDIVL/MD_IVLreference/OCEreferenceMD/chianti.png,38.2502,21.7592887878418,0.0807930829996621,1
chianti_noise_5_jpg_10.jpg,/kaggle/working/MDFS/data/MDIVL/extracted/MDIVL/MDIVL/Data_Noise_JPEG/chianti_noise_5_jpg_10.jpg,Multiply Dist.,MDIVL/MDIVL/MD_IVLreference/OCEreferenceMD/chianti.png,11.9914,27.95785903930664,0.0795020019995718,1
chianti_noise_6_jpg_50.jpg,/kaggle/working/MDFS/data/MDIVL/extracted/MDIVL/MDIVL/Data_Noise_JPEG/chianti_noise_6_jpg_50.jpg,Multiply Dist.,MDIVL/MDIVL/MD_IVLreference/OCEreferenceMD/chianti.png,38.9325,21.830774307250977,0.0818895489992428,1
chianti_noise_6_jpg_10.jpg,/kaggle/working/MDFS/data/MDIVL/extracted/MDIVL/MDIVL/Data_Noise_JPEG/chianti_noise_6_jpg_10.jpg,Multiply Dist.,MDIVL/MDIVL/MD_IVLreference/OCEreferenceMD/chianti.png,14.7689,28.28030204772949,0.0792731540004751,1
chianti_noise_8_jpg_50.jpg,/kaggle/working/MDFS/data/MDIVL/extracted/MDIVL/MDIVL/Data_Noise_JPEG/chianti_noise_8_jpg_50.jpg,Multiply Dist.,MDIVL/MDIVL/MD_IVLreference/OCEreferenceMD/chianti.png,29.3765,22.221349716186523,0.0816403509998053,1
chianti_noise_8_jpg_10.jpg,/kaggle/working/MDFS/data/MDIVL/extracted/MDIVL/MDIVL/Data_Noise_JPEG/chianti_noise_8_jpg_10.jpg,Multiply Dist.,MDIVL/MDIVL/MD_IVLreference/OCEreferenceMD/chianti.png,14.5842,28.423852920532227,0.0815179009987332,1
chianti_noise_10_jpg_50.jpg,/kaggle/working/MDFS/data/MDIVL/extracted/MDIVL/MDIVL/Data_Noise_JPEG/chianti_noise_10_jpg_50.jpg,Multiply Dist.,MDIVL/MDIVL/MD_IVLreference/OCEreferenceMD/chianti.png,21.5783,22.214977264404297,0.0799430269998993,1
chianti_noise_10_jpg_10.jpg,/kaggle/working/MDFS/data/MDIVL/extracted/MDIVL/MDIVL/Data_Noise_JPEG/chianti_noise_10_jpg_10.jpg,Multiply Dist.,MDIVL/MDIVL/MD_IVLreference/OCEreferenceMD/chianti.png,16.4284,28.83383178710937,0.0795232759992359,1
chianti_noise_12_jpg_50.jpg,/kaggle/working/MDFS/data/MDIVL/extracted/MDIVL/MDIVL/Data_Noise_JPEG/chianti_noise_12_jpg_50.jpg,Multiply Dist.,MDIVL/MDIVL/MD_IVLreference/OCEreferenceMD/chianti.png,25.5205,22.483985900878903,0.0819390910000947,1
chianti_noise_12_jpg_10.jpg,/kaggle/working/MDFS/data/MDIVL/extracted/MDIVL/MDIVL/Data_Noise_JPEG/chianti_noise_12_jpg_10.jpg,Multiply Dist.,MDIVL/MDIVL/MD_IVLreference/OCEreferenceMD/chianti.png,14.3751,29.7212028503418,0.07942262799952,1
chianti_noise_14_jpg_50.jpg,/kaggle/working/MDFS/data/MDIVL/extracted/MDIVL/MDIVL/Data_Noise_JPEG/chianti_noise_14_jpg_50.jpg,Multiply Dist.,MDIVL/MDIVL/MD_IVLreference/OCEreferenceMD/chianti.png,23.0679,23.04153060913086,0.0819038440004078,1
chianti_noise_14_jpg_10.jpg,/kaggle/working/MDFS/data/MDIVL/extracted/MDIVL/MDIVL/Data_Noise_JPEG/chianti_noise_14_jpg_10.jpg,Multiply Dist.,MDIVL/MDIVL/MD_IVLreference/OCEreferenceMD/chianti.png,15.2456,31.079057693481445,0.0806032090004009,1
dancers1_noise_1_jpg_50.jpg,/kaggle/working/MDFS/data/MDIVL/extracted/MDIVL/MDIVL/Data_Noise_JPEG/dancers1_noise_1_jpg_50.jpg,Multiply Dist.,MDIVL/MDIVL/MD_IVLreference/OCEreferenceMD/dancers1.png,74.4718,21.898582458496094,0.0809932030006166,1
dancers1_noise_1_jpg_10.jpg,/kaggle/working/MDFS/data/MDIVL/extracted/MDIVL/MDIVL/Data_Noise_JPEG/dancers1_noise_1_jpg_10.jpg,Multiply Dist.,MDIVL/MDIVL/MD_IVLreference/OCEreferenceMD/dancers1.png,16.1862,28.747255325317383,0.0809966750002786,1
dancers1_noise_2_jpg_50.jpg,/kaggle/working/MDFS/data/MDIVL/extracted/MDIVL/MDIVL/Data_Noise_JPEG/dancers1_noise_2_jpg_50.jpg,Multiply Dist.,MDIVL/MDIVL/MD_IVLreference/OCEreferenceMD/dancers1.png,74.3518,22.142112731933597,0.0804703529993275,1
dancers1_noise_2_jpg_10.jpg,/kaggle/working/MDFS/data/MDIVL/extracted/MDIVL/MDIVL/Data_Noise_JPEG/dancers1_noise_2_jpg_10.jpg,Multiply Dist.,MDIVL/MDIVL/MD_IVLreference/OCEreferenceMD/dancers1.png,22.617,28.74377822875977,0.0804202979998081,1
dancers1_noise_3_jpg_50.jpg,/kaggle/working/MDFS/data/MDIVL/extracted/MDIVL/MDIVL/Data_Noise_JPEG/dancers1_noise_3_jpg_50.jpg,Multiply Dist.,MDIVL/MDIVL/MD_IVLreference/OCEreferenceMD/dancers1.png,68.0847,22.56772994995117,0.0812894399987271,1
dancers1_noise_3_jpg_10.jpg,/kaggle/working/MDFS/data/MDIVL/extracted/MDIVL/MDIVL/Data_Noise_JPEG/dancers1_noise_3_jpg_10.jpg,Multiply Dist.,MDIVL/MDIVL/MD_IVLreference/OCEreferenceMD/dancers1.png,17.4367,28.814455032348636,0.0794051939992641,1
dancers1_noise_4_jpg_50.jpg,/kaggle/working/MDFS/data/MDIVL/extracted/MDIVL/MDIVL/Data_Noise_JPEG/dancers1_noise_4_jpg_50.jpg,Multiply Dist.,MDIVL/MDIVL/MD_IVLreference/OCEreferenceMD/dancers1.png,54.1325,23.46990203857422,0.0810446220002631,1
dancers1_noise_4_jpg_10.jpg,/kaggle/working/MDFS/data/MDIVL/extracted/MDIVL/MDIVL/Data_Noise_JPEG/dancers1_noise_4_jpg_10.jpg,Multiply Dist.,MDIVL/MDIVL/MD_IVLreference/OCEreferenceMD/dancers1.png,19.1011,28.905630111694336,0.0807150860000547,1
dancers1_noise_5_jpg_50.jpg,/kaggle/working/MDFS/data/MDIVL/extracted/MDIVL/MDIVL/Data_Noise_JPEG/dancers1_noise_5_jpg_50.jpg,Multiply Dist.,MDIVL/MDIVL/MD_IVLreference/OCEreferenceMD/dancers1.png,58.3595,24.07473945617676,0.0807007740004337,1
dancers1_noise_5_jpg_10.jpg,/kaggle/working/MDFS/data/MDIVL/extracted/MDIVL/MDIVL/Data_Noise_JPEG/dancers1_noise_5_jpg_10.jpg,Multiply Dist.,MDIVL/MDIVL/MD_IVLreference/OCEreferenceMD/dancers1.png,15.9314,28.98921203613281,0.0810358540002198,1
dancers1_noise_6_jpg_50.jpg,/kaggle/working/MDFS/data/MDIVL/extracted/MDIVL/MDIVL/Data_Noise_JPEG/dancers1_noise_6_jpg_50.jpg,Multiply Dist.,MDIVL/MDIVL/MD_IVLreference/OCEreferenceMD/dancers1.png,41.4065,24.388898849487305,0.0810482449996925,1
dancers1_noise_6_jpg_10.jpg,/kaggle/working/MDFS/data/MDIVL/extracted/MDIVL/MDIVL/Data_Noise_JPEG/dancers1_noise_6_jpg_10.jpg,Multiply Dist.,MDIVL/MDIVL/MD_IVLreference/OCEreferenceMD/dancers1.png,21.905,29.07166862487793,0.082447314998717,1
dancers1_noise_8_jpg_50.jpg,/kaggle/working/MDFS/data/MDIVL/extracted/MDIVL/MDIVL/Data_Noise_JPEG/dancers1_noise_8_jpg_50.jpg,Multiply Dist.,MDIVL/MDIVL/MD_IVLreference/OCEreferenceMD/dancers1.png,34.6379,25.447961807250977,0.0819686310005636,1
dancers1_noise_8_jpg_10.jpg,/kaggle/working/MDFS/data/MDIVL/extracted/MDIVL/MDIVL/Data_Noise_JPEG/dancers1_noise_8_jpg_10.jpg,Multiply Dist.,MDIVL/MDIVL/MD_IVLreference/OCEreferenceMD/dancers1.png,16.9056,29.52170181274414,0.0796538690010493,1
dancers1_noise_10_jpg_50.jpg,/kaggle/working/MDFS/data/MDIVL/extracted/MDIVL/MDIVL/Data_Noise_JPEG/dancers1_noise_10_jpg_50.jpg,Multiply Dist.,MDIVL/MDIVL/MD_IVLreference/OCEreferenceMD/dancers1.png,33.7059,26.37275505065918,0.080071170001247,1
dancers1_noise_10_jpg_10.jpg,/kaggle/working/MDFS/data/MDIVL/extracted/MDIVL/MDIVL/Data_Noise_JPEG/dancers1_noise_10_jpg_10.jpg,Multiply Dist.,MDIVL/MDIVL/MD_IVLreference/OCEreferenceMD/dancers1.png,20.2863,30.09896278381348,0.0790769909999653,1
dancers1_noise_12_jpg_50.jpg,/kaggle/working/MDFS/data/MDIVL/extracted/MDIVL/MDIVL/Data_Noise_JPEG/dancers1_noise_12_jpg_50.jpg,Multiply Dist.,MDIVL/MDIVL/MD_IVLreference/OCEreferenceMD/dancers1.png,23.2009,27.371583938598636,0.0797829749990342,1
dancers1_noise_12_jpg_10.jpg,/kaggle/working/MDFS/data/MDIVL/extracted/MDIVL/MDIVL/Data_Noise_JPEG/dancers1_noise_12_jpg_10.jpg,Multiply Dist.,MDIVL/MDIVL/MD_IVLreference/OCEreferenceMD/dancers1.png,16.3527,30.98981094360352,0.0805310840005404,1
dancers1_noise_14_jpg_50.jpg,/kaggle/working/MDFS/data/MDIVL/extracted/MDIVL/MDIVL/Data_Noise_JPEG/dancers1_noise_14_jpg_50.jpg,Multiply Dist.,MDIVL/MDIVL/MD_IVLreference/OCEreferenceMD/dancers1.png,24.2188,28.086605072021484,0.0839026200010266,1
dancers1_noise_14_jpg_10.jpg,/kaggle/working/MDFS/data/MDIVL/extracted/MDIVL/MDIVL/Data_Noise_JPEG/dancers1_noise_14_jpg_10.jpg,Multiply Dist.,MDIVL/MDIVL/MD_IVLreference/OCEreferenceMD/dancers1.png,7.5904,32.12385940551758,0.0825404709994472,1
home_noise_1_jpg_50.jpg,/kaggle/working/MDFS/data/MDIVL/extracted/MDIVL/MDIVL/Data_Noise_JPEG/home_noise_1_jpg_50.jpg,Multiply Dist.,MDIVL/MDIVL/MD_IVLreference/OCEreferenceMD/home.png,81.5705,20.51611328125,0.0810495810001157,1
home_noise_1_jpg_10.jpg,/kaggle/working/MDFS/data/MDIVL/extracted/MDIVL/MDIVL/Data_Noise_JPEG/home_noise_1_jpg_10.jpg,Multiply Dist.,MDIVL/MDIVL/MD_IVLreference/OCEreferenceMD/home.png,13.5195,26.70039939880371,0.0806728210009168,1
home_noise_2_jpg_50.jpg,/kaggle/working/MDFS/data/MDIVL/extracted/MDIVL/MDIVL/Data_Noise_JPEG/home_noise_2_jpg_50.jpg,Multiply Dist.,MDIVL/MDIVL/MD_IVLreference/OCEreferenceMD/home.png,80.6447,20.61996841430664,0.0816829220002546,1
home_noise_2_jpg_10.jpg,/kaggle/working/MDFS/data/MDIVL/extracted/MDIVL/MDIVL/Data_Noise_JPEG/home_noise_2_jpg_10.jpg,Multiply Dist.,MDIVL/MDIVL/MD_IVLreference/OCEreferenceMD/home.png,21.145,26.74315452575684,0.079514860000927,1
home_noise_3_jpg_50.jpg,/kaggle/working/MDFS/data/MDIVL/extracted/MDIVL/MDIVL/Data_Noise_JPEG/home_noise_3_jpg_50.jpg,Multiply Dist.,MDIVL/MDIVL/MD_IVLreference/OCEreferenceMD/home.png,79.1332,20.833480834960938,0.0802841219992842,1
home_noise_3_jpg_10.jpg,/kaggle/working/MDFS/data/MDIVL/extracted/MDIVL/MDIVL/Data_Noise_JPEG/home_noise_3_jpg_10.jpg,Multiply Dist.,MDIVL/MDIVL/MD_IVLreference/OCEreferenceMD/home.png,20.2837,26.887630462646484,0.0802480559996183,1
home_noise_4_jpg_50.jpg,/kaggle/working/MDFS/data/MDIVL/extracted/MDIVL/MDIVL/Data_Noise_JPEG/home_noise_4_jpg_50.jpg,Multiply Dist.,MDIVL/MDIVL/MD_IVLreference/OCEreferenceMD/home.png,58.9123,21.1118106842041,0.0824432850004086,1
home_noise_4_jpg_10.jpg,/kaggle/working/MDFS/data/MDIVL/extracted/MDIVL/MDIVL/Data_Noise_JPEG/home_noise_4_jpg_10.jpg,Multiply Dist.,MDIVL/MDIVL/MD_IVLreference/OCEreferenceMD/home.png,19.5246,27.06998634338379,0.0802989240000897,1
home_noise_5_jpg_50.jpg,/kaggle/working/MDFS/data/MDIVL/extracted/MDIVL/MDIVL/Data_Noise_JPEG/home_noise_5_jpg_50.jpg,Multiply Dist.,MDIVL/MDIVL/MD_IVLreference/OCEreferenceMD/home.png,53.0567,21.399343490600582,0.0815420769995398,1
home_noise_5_jpg_10.jpg,/kaggle/working/MDFS/data/MDIVL/extracted/MDIVL/MDIVL/Data_Noise_JPEG/home_noise_5_jpg_10.jpg,Multiply Dist.,MDIVL/MDIVL/MD_IVLreference/OCEreferenceMD/home.png,12.8108,27.180795669555664,0.0845099509988358,1
home_noise_6_jpg_50.jpg,/kaggle/working/MDFS/data/MDIVL/extracted/MDIVL/MDIVL/Data_Noise_JPEG/home_noise_6_jpg_50.jpg,Multiply Dist.,MDIVL/MDIVL/MD_IVLreference/OCEreferenceMD/home.png,39.2376,21.757051467895508,0.0817624769988469,1
home_noise_6_jpg_10.jpg,/kaggle/working/MDFS/data/MDIVL/extracted/MDIVL/MDIVL/Data_Noise_JPEG/home_noise_6_jpg_10.jpg,Multiply Dist.,MDIVL/MDIVL/MD_IVLreference/OCEreferenceMD/home.png,16.5367,27.019906997680664,0.0806844519993319,1
home_noise_8_jpg_50.jpg,/kaggle/working/MDFS/data/MDIVL/extracted/MDIVL/MDIVL/Data_Noise_JPEG/home_noise_8_jpg_50.jpg,Multiply Dist.,MDIVL/MDIVL/MD_IVLreference/OCEreferenceMD/home.png,38.5762,22.35457420349121,0.0811093049996998,1
home_noise_8_jpg_10.jpg,/kaggle/working/MDFS/data/MDIVL/extracted/MDIVL/MDIVL/Data_Noise_JPEG/home_noise_8_jpg_10.jpg,Multiply Dist.,MDIVL/MDIVL/MD_IVLreference/OCEreferenceMD/home.png,16.7576,27.253217697143555,0.0805568839987245,1
home_noise_10_jpg_50.jpg,/kaggle/working/MDFS/data/MDIVL/extracted/MDIVL/MDIVL/Data_Noise_JPEG/home_noise_10_jpg_50.jpg,Multiply Dist.,MDIVL/MDIVL/MD_IVLreference/OCEreferenceMD/home.png,25.0309,22.98164939880371,0.0806860829998186,1
home_noise_10_jpg_10.jpg,/kaggle/working/MDFS/data/MDIVL/extracted/MDIVL/MDIVL/Data_Noise_JPEG/home_noise_10_jpg_10.jpg,Multiply Dist.,MDIVL/MDIVL/MD_IVLreference/OCEreferenceMD/home.png,20.8681,27.65453720092773,0.0795033190006506,1
home_noise_12_jpg_50.jpg,/kaggle/working/MDFS/data/MDIVL/extracted/MDIVL/MDIVL/Data_Noise_JPEG/home_noise_12_jpg_50.jpg,Multiply Dist.,MDIVL/MDIVL/MD_IVLreference/OCEreferenceMD/home.png,20.6473,23.53151512145996,0.0805816810006945,1
home_noise_12_jpg_10.jpg,/kaggle/working/MDFS/data/MDIVL/extracted/MDIVL/MDIVL/Data_Noise_JPEG/home_noise_12_jpg_10.jpg,Multiply Dist.,MDIVL/MDIVL/MD_IVLreference/OCEreferenceMD/home.png,16.0584,28.214052200317383,0.0794992669998464,1
home_noise_14_jpg_50.jpg,/kaggle/working/MDFS/data/MDIVL/extracted/MDIVL/MDIVL/Data_Noise_JPEG/home_noise_14_jpg_50.jpg,Multiply Dist.,MDIVL/MDIVL/MD_IVLreference/OCEreferenceMD/home.png,17.7142,24.03089714050293,0.0812001590002182,1
home_noise_14_jpg_10.jpg,/kaggle/working/MDFS/data/MDIVL/extracted/MDIVL/MDIVL/Data_Noise_JPEG/home_noise_14_jpg_10.jpg,Multiply Dist.,MDIVL/MDIVL/MD_IVLreference/OCEreferenceMD/home.png,10.8862,28.89124870300293,0.0811790000007022,1
manikin_noise_1_jpg_50.jpg,/kaggle/working/MDFS/data/MDIVL/extracted/MDIVL/MDIVL/Data_Noise_JPEG/manikin_noise_1_jpg_50.jpg,Multiply Dist.,MDIVL/MDIVL/MD_IVLreference/OCEreferenceMD/manikin.png,79.5541,22.98811912536621,0.0808846889995038,1
manikin_noise_1_jpg_10.jpg,/kaggle/working/MDFS/data/MDIVL/extracted/MDIVL/MDIVL/Data_Noise_JPEG/manikin_noise_1_jpg_10.jpg,Multiply Dist.,MDIVL/MDIVL/MD_IVLreference/OCEreferenceMD/manikin.png,16.9112,29.70021247863769,0.0811180279997643,1
manikin_noise_2_jpg_50.jpg,/kaggle/working/MDFS/data/MDIVL/extracted/MDIVL/MDIVL/Data_Noise_JPEG/manikin_noise_2_jpg_50.jpg,Multiply Dist.,MDIVL/MDIVL/MD_IVLreference/OCEreferenceMD/manikin.png,69.1026,23.220855712890625,0.0803014479988633,1
manikin_noise_2_jpg_10.jpg,/kaggle/working/MDFS/data/MDIVL/extracted/MDIVL/MDIVL/Data_Noise_JPEG/manikin_noise_2_jpg_10.jpg,Multiply Dist.,MDIVL/MDIVL/MD_IVLreference/OCEreferenceMD/manikin.png,18.3248,29.767993927001957,0.081823507000081,1
manikin_noise_3_jpg_50.jpg,/kaggle/working/MDFS/data/MDIVL/extracted/MDIVL/MDIVL/Data_Noise_JPEG/manikin_noise_3_jpg_50.jpg,Multiply Dist.,MDIVL/MDIVL/MD_IVLreference/OCEreferenceMD/manikin.png,59.3308,24.588735580444336,0.0812793969998892,1
manikin_noise_3_jpg_10.jpg,/kaggle/working/MDFS/data/MDIVL/extracted/MDIVL/MDIVL/Data_Noise_JPEG/manikin_noise_3_jpg_10.jpg,Multiply Dist.,MDIVL/MDIVL/MD_IVLreference/OCEreferenceMD/manikin.png,14.5427,29.8890438079834,0.0796547929985536,1
manikin_noise_4_jpg_50.jpg,/kaggle/working/MDFS/data/MDIVL/extracted/MDIVL/MDIVL/Data_Noise_JPEG/manikin_noise_4_jpg_50.jpg,Multiply Dist.,MDIVL/MDIVL/MD_IVLreference/OCEreferenceMD/manikin.png,53.6275,26.288429260253903,0.0812921039996581,1
manikin_noise_4_jpg_10.jpg,/kaggle/working/MDFS/data/MDIVL/extracted/MDIVL/MDIVL/Data_Noise_JPEG/manikin_noise_4_jpg_10.jpg,Multiply Dist.,MDIVL/MDIVL/MD_IVLreference/OCEreferenceMD/manikin.png,11.5379,30.174968719482425,0.079731541000001,1
manikin_noise_5_jpg_50.jpg,/kaggle/working/MDFS/data/MDIVL/extracted/MDIVL/MDIVL/Data_Noise_JPEG/manikin_noise_5_jpg_50.jpg,Multiply Dist.,MDIVL/MDIVL/MD_IVLreference/OCEreferenceMD/manikin.png,46.884,27.081941604614254,0.082228216000658,1
manikin_noise_5_jpg_10.jpg,/kaggle/working/MDFS/data/MDIVL/extracted/MDIVL/MDIVL/Data_Noise_JPEG/manikin_noise_5_jpg_10.jpg,Multiply Dist.,MDIVL/MDIVL/MD_IVLreference/OCEreferenceMD/manikin.png,12.3085,30.24846076965332,0.0804310109997459,1
manikin_noise_6_jpg_50.jpg,/kaggle/working/MDFS/data/MDIVL/extracted/MDIVL/MDIVL/Data_Noise_JPEG/manikin_noise_6_jpg_50.jpg,Multiply Dist.,MDIVL/MDIVL/MD_IVLreference/OCEreferenceMD/manikin.png,39.5233,27.819114685058597,0.082252956000957,1
manikin_noise_6_jpg_10.jpg,/kaggle/working/MDFS/data/MDIVL/extracted/MDIVL/MDIVL/Data_Noise_JPEG/manikin_noise_6_jpg_10.jpg,Multiply Dist.,MDIVL/MDIVL/MD_IVLreference/OCEreferenceMD/manikin.png,16.1937,30.47490882873535,0.0815116070007206,1
manikin_noise_8_jpg_50.jpg,/kaggle/working/MDFS/data/MDIVL/extracted/MDIVL/MDIVL/Data_Noise_JPEG/manikin_noise_8_jpg_50.jpg,Multiply Dist.,MDIVL/MDIVL/MD_IVLreference/OCEreferenceMD/manikin.png,29.0687,29.183752059936523,0.0808722710007714,1
manikin_noise_8_jpg_10.jpg,/kaggle/working/MDFS/data/MDIVL/extracted/MDIVL/MDIVL/Data_Noise_JPEG/manikin_noise_8_jpg_10.jpg,Multiply Dist.,MDIVL/MDIVL/MD_IVLreference/OCEreferenceMD/manikin.png,14.5779,30.48442268371582,0.0812294730003486,1
manikin_noise_10_jpg_50.jpg,/kaggle/working/MDFS/data/MDIVL/extracted/MDIVL/MDIVL/Data_Noise_JPEG/manikin_noise_10_jpg_50.jpg,Multiply Dist.,MDIVL/MDIVL/MD_IVLreference/OCEreferenceMD/manikin.png,31.3318,29.626617431640625,0.0824278680011048,1
manikin_noise_10_jpg_10.jpg,/kaggle/working/MDFS/data/MDIVL/extracted/MDIVL/MDIVL/Data_Noise_JPEG/manikin_noise_10_jpg_10.jpg,Multiply Dist.,MDIVL/MDIVL/MD_IVLreference/OCEreferenceMD/manikin.png,10.5859,31.16153907775879,0.0800006829995254,1
manikin_noise_12_jpg_50.jpg,/kaggle/working/MDFS/data/MDIVL/extracted/MDIVL/MDIVL/Data_Noise_JPEG/manikin_noise_12_jpg_50.jpg,Multiply Dist.,MDIVL/MDIVL/MD_IVLreference/OCEreferenceMD/manikin.png,27.953,29.93367576599121,0.0805252729987842,1
manikin_noise_12_jpg_10.jpg,/kaggle/working/MDFS/data/MDIVL/extracted/MDIVL/MDIVL/Data_Noise_JPEG/manikin_noise_12_jpg_10.jpg,Multiply Dist.,MDIVL/MDIVL/MD_IVLreference/OCEreferenceMD/manikin.png,12.3324,32.56150436401367,0.0800405259997205,1
manikin_noise_14_jpg_50.jpg,/kaggle/working/MDFS/data/MDIVL/extracted/MDIVL/MDIVL/Data_Noise_JPEG/manikin_noise_14_jpg_50.jpg,Multiply Dist.,MDIVL/MDIVL/MD_IVLreference/OCEreferenceMD/manikin.png,17.4697,30.621267318725582,0.0824100899990298,1
manikin_noise_14_jpg_10.jpg,/kaggle/working/MDFS/data/MDIVL/extracted/MDIVL/MDIVL/Data_Noise_JPEG/manikin_noise_14_jpg_10.jpg,Multiply Dist.,MDIVL/MDIVL/MD_IVLreference/OCEreferenceMD/manikin.png,11.4447,33.31605911254883,0.0800165949985967,1
metro_noise_1_jpg_50.jpg,/kaggle/working/MDFS/data/MDIVL/extracted/MDIVL/MDIVL/Data_Noise_JPEG/metro_noise_1_jpg_50.jpg,Multiply Dist.,MDIVL/MDIVL/MD_IVLreference/OCEreferenceMD/metro.png,85.2034,23.88925170898437,0.0805441409993363,1
metro_noise_1_jpg_10.jpg,/kaggle/working/MDFS/data/MDIVL/extracted/MDIVL/MDIVL/Data_Noise_JPEG/metro_noise_1_jpg_10.jpg,Multiply Dist.,MDIVL/MDIVL/MD_IVLreference/OCEreferenceMD/metro.png,23.3902,30.244848251342773,0.0811916099992231,1
metro_noise_2_jpg_50.jpg,/kaggle/working/MDFS/data/MDIVL/extracted/MDIVL/MDIVL/Data_Noise_JPEG/metro_noise_2_jpg_50.jpg,Multiply Dist.,MDIVL/MDIVL/MD_IVLreference/OCEreferenceMD/metro.png,69.0786,24.074851989746094,0.0806812139999237,1
metro_noise_2_jpg_10.jpg,/kaggle/working/MDFS/data/MDIVL/extracted/MDIVL/MDIVL/Data_Noise_JPEG/metro_noise_2_jpg_10.jpg,Multiply Dist.,MDIVL/MDIVL/MD_IVLreference/OCEreferenceMD/metro.png,15.6673,30.3845329284668,0.0804880600007891,1
metro_noise_3_jpg_50.jpg,/kaggle/working/MDFS/data/MDIVL/extracted/MDIVL/MDIVL/Data_Noise_JPEG/metro_noise_3_jpg_50.jpg,Multiply Dist.,MDIVL/MDIVL/MD_IVLreference/OCEreferenceMD/metro.png,70.3192,25.15220069885254,0.0800273719996766,1
metro_noise_3_jpg_10.jpg,/kaggle/working/MDFS/data/MDIVL/extracted/MDIVL/MDIVL/Data_Noise_JPEG/metro_noise_3_jpg_10.jpg,Multiply Dist.,MDIVL/MDIVL/MD_IVLreference/OCEreferenceMD/metro.png,12.6857,30.40289688110352,0.0810425079998822,1
metro_noise_4_jpg_50.jpg,/kaggle/working/MDFS/data/MDIVL/extracted/MDIVL/MDIVL/Data_Noise_JPEG/metro_noise_4_jpg_50.jpg,Multiply Dist.,MDIVL/MDIVL/MD_IVLreference/OCEreferenceMD/metro.png,50.2769,26.582416534423828,0.0815073309986473,1
metro_noise_4_jpg_10.jpg,/kaggle/working/MDFS/data/MDIVL/extracted/MDIVL/MDIVL/Data_Noise_JPEG/metro_noise_4_jpg_10.jpg,Multiply Dist.,MDIVL/MDIVL/MD_IVLreference/OCEreferenceMD/metro.png,18.4481,30.88066673278809,0.0812804149991279,1
metro_noise_5_jpg_50.jpg,/kaggle/working/MDFS/data/MDIVL/extracted/MDIVL/MDIVL/Data_Noise_JPEG/metro_noise_5_jpg_50.jpg,Multiply Dist.,MDIVL/MDIVL/MD_IVLreference/OCEreferenceMD/metro.png,57.3382,27.451135635375977,0.0797456319996854,1
metro_noise_5_jpg_10.jpg,/kaggle/working/MDFS/data/MDIVL/extracted/MDIVL/MDIVL/Data_Noise_JPEG/metro_noise_5_jpg_10.jpg,Multiply Dist.,MDIVL/MDIVL/MD_IVLreference/OCEreferenceMD/metro.png,14.9929,31.10487174987793,0.0798158819998207,1
metro_noise_6_jpg_50.jpg,/kaggle/working/MDFS/data/MDIVL/extracted/MDIVL/MDIVL/Data_Noise_JPEG/metro_noise_6_jpg_50.jpg,Multiply Dist.,MDIVL/MDIVL/MD_IVLreference/OCEreferenceMD/metro.png,40.902,28.21812629699707,0.0810389390007912,1
metro_noise_6_jpg_10.jpg,/kaggle/working/MDFS/data/MDIVL/extracted/MDIVL/MDIVL/Data_Noise_JPEG/metro_noise_6_jpg_10.jpg,Multiply Dist.,MDIVL/MDIVL/MD_IVLreference/OCEreferenceMD/metro.png,11.6633,30.824899673461918,0.078958247000628,1
metro_noise_8_jpg_50.jpg,/kaggle/working/MDFS/data/MDIVL/extracted/MDIVL/MDIVL/Data_Noise_JPEG/metro_noise_8_jpg_50.jpg,Multiply Dist.,MDIVL/MDIVL/MD_IVLreference/OCEreferenceMD/metro.png,26.1179,29.44072151184082,0.0808248339999408,1
metro_noise_8_jpg_10.jpg,/kaggle/working/MDFS/data/MDIVL/extracted/MDIVL/MDIVL/Data_Noise_JPEG/metro_noise_8_jpg_10.jpg,Multiply Dist.,MDIVL/MDIVL/MD_IVLreference/OCEreferenceMD/metro.png,13.769,31.08687210083008,0.0819528209995041,1
metro_noise_10_jpg_50.jpg,/kaggle/working/MDFS/data/MDIVL/extracted/MDIVL/MDIVL/Data_Noise_JPEG/metro_noise_10_jpg_50.jpg,Multiply Dist.,MDIVL/MDIVL/MD_IVLreference/OCEreferenceMD/metro.png,32.1706,30.646862030029297,0.0818324979991302,1
metro_noise_10_jpg_10.jpg,/kaggle/working/MDFS/data/MDIVL/extracted/MDIVL/MDIVL/Data_Noise_JPEG/metro_noise_10_jpg_10.jpg,Multiply Dist.,MDIVL/MDIVL/MD_IVLreference/OCEreferenceMD/metro.png,18.7715,31.57551383972168,0.0800392720011586,1
metro_noise_12_jpg_50.jpg,/kaggle/working/MDFS/data/MDIVL/extracted/MDIVL/MDIVL/Data_Noise_JPEG/metro_noise_12_jpg_50.jpg,Multiply Dist.,MDIVL/MDIVL/MD_IVLreference/OCEreferenceMD/metro.png,30.4355,30.48406982421875,0.0807228749999922,1
metro_noise_12_jpg_10.jpg,/kaggle/working/MDFS/data/MDIVL/extracted/MDIVL/MDIVL/Data_Noise_JPEG/metro_noise_12_jpg_10.jpg,Multiply Dist.,MDIVL/MDIVL/MD_IVLreference/OCEreferenceMD/metro.png,16.592,31.902515411376957,0.0808914120007102,1
metro_noise_14_jpg_50.jpg,/kaggle/working/MDFS/data/MDIVL/extracted/MDIVL/MDIVL/Data_Noise_JPEG/metro_noise_14_jpg_50.jpg,Multiply Dist.,MDIVL/MDIVL/MD_IVLreference/OCEreferenceMD/metro.png,17.5699,31.56632804870605,0.0875405890001275,1
metro_noise_14_jpg_10.jpg,/kaggle/working/MDFS/data/MDIVL/extracted/MDIVL/MDIVL/Data_Noise_JPEG/metro_noise_14_jpg_10.jpg,Multiply Dist.,MDIVL/MDIVL/MD_IVLreference/OCEreferenceMD/metro.png,15.4826,32.989994049072266,0.0811782060009136,1
mountain_noise_1_jpg_50.jpg,/kaggle/working/MDFS/data/MDIVL/extracted/MDIVL/MDIVL/Data_Noise_JPEG/mountain_noise_1_jpg_50.jpg,Multiply Dist.,MDIVL/MDIVL/MD_IVLreference/OCEreferenceMD/mountain.png,78.0113,22.075803756713867,0.0832378049999533,1
mountain_noise_1_jpg_10.jpg,/kaggle/working/MDFS/data/MDIVL/extracted/MDIVL/MDIVL/Data_Noise_JPEG/mountain_noise_1_jpg_10.jpg,Multiply Dist.,MDIVL/MDIVL/MD_IVLreference/OCEreferenceMD/mountain.png,12.2319,29.440269470214844,0.0839770620004856,1
mountain_noise_2_jpg_50.jpg,/kaggle/working/MDFS/data/MDIVL/extracted/MDIVL/MDIVL/Data_Noise_JPEG/mountain_noise_2_jpg_50.jpg,Multiply Dist.,MDIVL/MDIVL/MD_IVLreference/OCEreferenceMD/mountain.png,76.5568,22.235048294067383,0.081962565998765,1
mountain_noise_2_jpg_10.jpg,/kaggle/working/MDFS/data/MDIVL/extracted/MDIVL/MDIVL/Data_Noise_JPEG/mountain_noise_2_jpg_10.jpg,Multiply Dist.,MDIVL/MDIVL/MD_IVLreference/OCEreferenceMD/mountain.png,6.9992,29.545883178710938,0.0802876080015266,1
mountain_noise_3_jpg_50.jpg,/kaggle/working/MDFS/data/MDIVL/extracted/MDIVL/MDIVL/Data_Noise_JPEG/mountain_noise_3_jpg_50.jpg,Multiply Dist.,MDIVL/MDIVL/MD_IVLreference/OCEreferenceMD/mountain.png,68.5132,22.46693992614746,0.0811987689994566,1
mountain_noise_3_jpg_10.jpg,/kaggle/working/MDFS/data/MDIVL/extracted/MDIVL/MDIVL/Data_Noise_JPEG/mountain_noise_3_jpg_10.jpg,Multiply Dist.,MDIVL/MDIVL/MD_IVLreference/OCEreferenceMD/mountain.png,25.4389,29.32669448852539,0.0807058469999901,1
mountain_noise_4_jpg_50.jpg,/kaggle/working/MDFS/data/MDIVL/extracted/MDIVL/MDIVL/Data_Noise_JPEG/mountain_noise_4_jpg_50.jpg,Multiply Dist.,MDIVL/MDIVL/MD_IVLreference/OCEreferenceMD/mountain.png,51.5317,22.659507751464844,0.0819244060003256,1
mountain_noise_4_jpg_10.jpg,/kaggle/working/MDFS/data/MDIVL/extracted/MDIVL/MDIVL/Data_Noise_JPEG/mountain_noise_4_jpg_10.jpg,Multiply Dist.,MDIVL/MDIVL/MD_IVLreference/OCEreferenceMD/mountain.png,16.3342,29.39335060119629,0.0802688910007418,1
mountain_noise_5_jpg_50.jpg,/kaggle/working/MDFS/data/MDIVL/extracted/MDIVL/MDIVL/Data_Noise_JPEG/mountain_noise_5_jpg_50.jpg,Multiply Dist.,MDIVL/MDIVL/MD_IVLreference/OCEreferenceMD/mountain.png,45.0935,22.79503631591797,0.0807291599994641,1
mountain_noise_5_jpg_10.jpg,/kaggle/working/MDFS/data/MDIVL/extracted/MDIVL/MDIVL/Data_Noise_JPEG/mountain_noise_5_jpg_10.jpg,Multiply Dist.,MDIVL/MDIVL/MD_IVLreference/OCEreferenceMD/mountain.png,23.6219,29.456132888793945,0.0797112350010138,1
mountain_noise_6_jpg_50.jpg,/kaggle/working/MDFS/data/MDIVL/extracted/MDIVL/MDIVL/Data_Noise_JPEG/mountain_noise_6_jpg_50.jpg,Multiply Dist.,MDIVL/MDIVL/MD_IVLreference/OCEreferenceMD/mountain.png,42.5074,22.986501693725582,0.0814616260013281,1
mountain_noise_6_jpg_10.jpg,/kaggle/working/MDFS/data/MDIVL/extracted/MDIVL/MDIVL/Data_Noise_JPEG/mountain_noise_6_jpg_10.jpg,Multiply Dist.,MDIVL/MDIVL/MD_IVLreference/OCEreferenceMD/mountain.png,21.1958,29.72592163085937,0.0805824199997005,1
mountain_noise_8_jpg_50.jpg,/kaggle/working/MDFS/data/MDIVL/extracted/MDIVL/MDIVL/Data_Noise_JPEG/mountain_noise_8_jpg_50.jpg,Multiply Dist.,MDIVL/MDIVL/MD_IVLreference/OCEreferenceMD/mountain.png,36.2886,23.185686111450195,0.0815191450001293,1
mountain_noise_8_jpg_10.jpg,/kaggle/working/MDFS/data/MDIVL/extracted/MDIVL/MDIVL/Data_Noise_JPEG/mountain_noise_8_jpg_10.jpg,Multiply Dist.,MDIVL/MDIVL/MD_IVLreference/OCEreferenceMD/mountain.png,15.6966,29.71534538269043,0.0806714880000072,1
mountain_noise_10_jpg_50.jpg,/kaggle/working/MDFS/data/MDIVL/extracted/MDIVL/MDIVL/Data_Noise_JPEG/mountain_noise_10_jpg_50.jpg,Multiply Dist.,MDIVL/MDIVL/MD_IVLreference/OCEreferenceMD/mountain.png,28.9457,23.370908737182617,0.0816667369999777,1
mountain_noise_10_jpg_10.jpg,/kaggle/working/MDFS/data/MDIVL/extracted/MDIVL/MDIVL/Data_Noise_JPEG/mountain_noise_10_jpg_10.jpg,Multiply Dist.,MDIVL/MDIVL/MD_IVLreference/OCEreferenceMD/mountain.png,8.765,30.33320617675781,0.080637357001251,1
mountain_noise_12_jpg_50.jpg,/kaggle/working/MDFS/data/MDIVL/extracted/MDIVL/MDIVL/Data_Noise_JPEG/mountain_noise_12_jpg_50.jpg,Multiply Dist.,MDIVL/MDIVL/MD_IVLreference/OCEreferenceMD/mountain.png,26.502,23.859458923339844,0.0819077669984835,1
mountain_noise_12_jpg_10.jpg,/kaggle/working/MDFS/data/MDIVL/extracted/MDIVL/MDIVL/Data_Noise_JPEG/mountain_noise_12_jpg_10.jpg,Multiply Dist.,MDIVL/MDIVL/MD_IVLreference/OCEreferenceMD/mountain.png,15.7024,31.76084899902344,0.0800832690001698,1
mountain_noise_14_jpg_50.jpg,/kaggle/working/MDFS/data/MDIVL/extracted/MDIVL/MDIVL/Data_Noise_JPEG/mountain_noise_14_jpg_50.jpg,Multiply Dist.,MDIVL/MDIVL/MD_IVLreference/OCEreferenceMD/mountain.png,23.1372,24.25432014465332,0.081148317998668,1
mountain_noise_14_jpg_10.jpg,/kaggle/working/MDFS/data/MDIVL/extracted/MDIVL/MDIVL/Data_Noise_JPEG/mountain_noise_14_jpg_10.jpg,Multiply Dist.,MDIVL/MDIVL/MD_IVLreference/OCEreferenceMD/mountain.png,9.7082,32.63911056518555,0.0816613620008865,1
snow_noise_1_jpg_50.jpg,/kaggle/working/MDFS/data/MDIVL/extracted/MDIVL/MDIVL/Data_Noise_JPEG/snow_noise_1_jpg_50.jpg,Multiply Dist.,MDIVL/MDIVL/MD_IVLreference/OCEreferenceMD/snow.png,78.7838,21.2421932220459,0.081363240000428,1
snow_noise_1_jpg_10.jpg,/kaggle/working/MDFS/data/MDIVL/extracted/MDIVL/MDIVL/Data_Noise_JPEG/snow_noise_1_jpg_10.jpg,Multiply Dist.,MDIVL/MDIVL/MD_IVLreference/OCEreferenceMD/snow.png,18.2198,29.04459381103516,0.0808516710003459,1
snow_noise_2_jpg_50.jpg,/kaggle/working/MDFS/data/MDIVL/extracted/MDIVL/MDIVL/Data_Noise_JPEG/snow_noise_2_jpg_50.jpg,Multiply Dist.,MDIVL/MDIVL/MD_IVLreference/OCEreferenceMD/snow.png,81.2304,21.392675399780277,0.0823040690011112,1
snow_noise_2_jpg_10.jpg,/kaggle/working/MDFS/data/MDIVL/extracted/MDIVL/MDIVL/Data_Noise_JPEG/snow_noise_2_jpg_10.jpg,Multiply Dist.,MDIVL/MDIVL/MD_IVLreference/OCEreferenceMD/snow.png,18.5008,29.41883087158203,0.0805892980006319,1
snow_noise_3_jpg_50.jpg,/kaggle/working/MDFS/data/MDIVL/extracted/MDIVL/MDIVL/Data_Noise_JPEG/snow_noise_3_jpg_50.jpg,Multiply Dist.,MDIVL/MDIVL/MD_IVLreference/OCEreferenceMD/snow.png,64.3158,21.62154769897461,0.0804157990005478,1
snow_noise_3_jpg_10.jpg,/kaggle/working/MDFS/data/MDIVL/extracted/MDIVL/MDIVL/Data_Noise_JPEG/snow_noise_3_jpg_10.jpg,Multiply Dist.,MDIVL/MDIVL/MD_IVLreference/OCEreferenceMD/snow.png,21.6237,29.43784713745117,0.0807081509992713,1
snow_noise_4_jpg_50.jpg,/kaggle/working/MDFS/data/MDIVL/extracted/MDIVL/MDIVL/Data_Noise_JPEG/snow_noise_4_jpg_50.jpg,Multiply Dist.,MDIVL/MDIVL/MD_IVLreference/OCEreferenceMD/snow.png,59.6537,21.935104370117188,0.0826326690003043,1
snow_noise_4_jpg_10.jpg,/kaggle/working/MDFS/data/MDIVL/extracted/MDIVL/MDIVL/Data_Noise_JPEG/snow_noise_4_jpg_10.jpg,Multiply Dist.,MDIVL/MDIVL/MD_IVLreference/OCEreferenceMD/snow.png,23.1576,29.62474632263184,0.0816030519999913,1
snow_noise_5_jpg_50.jpg,/kaggle/working/MDFS/data/MDIVL/extracted/MDIVL/MDIVL/Data_Noise_JPEG/snow_noise_5_jpg_50.jpg,Multiply Dist.,MDIVL/MDIVL/MD_IVLreference/OCEreferenceMD/snow.png,51.4719,22.496397018432617,0.0802770600002986,1
snow_noise_5_jpg_10.jpg,/kaggle/working/MDFS/data/MDIVL/extracted/MDIVL/MDIVL/Data_Noise_JPEG/snow_noise_5_jpg_10.jpg,Multiply Dist.,MDIVL/MDIVL/MD_IVLreference/OCEreferenceMD/snow.png,18.5849,29.45512580871582,0.0810626500006037,1
snow_noise_6_jpg_50.jpg,/kaggle/working/MDFS/data/MDIVL/extracted/MDIVL/MDIVL/Data_Noise_JPEG/snow_noise_6_jpg_50.jpg,Multiply Dist.,MDIVL/MDIVL/MD_IVLreference/OCEreferenceMD/snow.png,42.6306,22.80689811706543,0.0804435410009318,1
snow_noise_6_jpg_10.jpg,/kaggle/working/MDFS/data/MDIVL/extracted/MDIVL/MDIVL/Data_Noise_JPEG/snow_noise_6_jpg_10.jpg,Multiply Dist.,MDIVL/MDIVL/MD_IVLreference/OCEreferenceMD/snow.png,27.3696,29.66457748413086,0.0818097709998255,1
snow_noise_8_jpg_50.jpg,/kaggle/working/MDFS/data/MDIVL/extracted/MDIVL/MDIVL/Data_Noise_JPEG/snow_noise_8_jpg_50.jpg,Multiply Dist.,MDIVL/MDIVL/MD_IVLreference/OCEreferenceMD/snow.png,42.8729,23.612812042236328,0.082112969001173,1
snow_noise_8_jpg_10.jpg,/kaggle/working/MDFS/data/MDIVL/extracted/MDIVL/MDIVL/Data_Noise_JPEG/snow_noise_8_jpg_10.jpg,Multiply Dist.,MDIVL/MDIVL/MD_IVLreference/OCEreferenceMD/snow.png,14.5749,29.728269577026367,0.0796287180000945,1
snow_noise_10_jpg_50.jpg,/kaggle/working/MDFS/data/MDIVL/extracted/MDIVL/MDIVL/Data_Noise_JPEG/snow_noise_10_jpg_50.jpg,Multiply Dist.,MDIVL/MDIVL/MD_IVLreference/OCEreferenceMD/snow.png,29.5497,24.373615264892575,0.0823451759988529,1
snow_noise_10_jpg_10.jpg,/kaggle/working/MDFS/data/MDIVL/extracted/MDIVL/MDIVL/Data_Noise_JPEG/snow_noise_10_jpg_10.jpg,Multiply Dist.,MDIVL/MDIVL/MD_IVLreference/OCEreferenceMD/snow.png,12.05,30.15811538696289,0.0813970760009397,1
snow_noise_12_jpg_50.jpg,/kaggle/working/MDFS/data/MDIVL/extracted/MDIVL/MDIVL/Data_Noise_JPEG/snow_noise_12_jpg_50.jpg,Multiply Dist.,MDIVL/MDIVL/MD_IVLreference/OCEreferenceMD/snow.png,23.1596,24.830615997314453,0.0816959209987544,1
snow_noise_12_jpg_10.jpg,/kaggle/working/MDFS/data/MDIVL/extracted/MDIVL/MDIVL/Data_Noise_JPEG/snow_noise_12_jpg_10.jpg,Multiply Dist.,MDIVL/MDIVL/MD_IVLreference/OCEreferenceMD/snow.png,14.2365,30.642486572265625,0.082555680999576,1
snow_noise_14_jpg_50.jpg,/kaggle/working/MDFS/data/MDIVL/extracted/MDIVL/MDIVL/Data_Noise_JPEG/snow_noise_14_jpg_50.jpg,Multiply Dist.,MDIVL/MDIVL/MD_IVLreference/OCEreferenceMD/snow.png,19.3714,25.61640739440918,0.0829859690002194,1
snow_noise_14_jpg_10.jpg,/kaggle/working/MDFS/data/MDIVL/extracted/MDIVL/MDIVL/Data_Noise_JPEG/snow_noise_14_jpg_10.jpg,Multiply Dist.,MDIVL/MDIVL/MD_IVLreference/OCEreferenceMD/snow.png,6.2775,31.341228485107425,0.0813508280007226,1
