filename,image_path,distortion_type,reference_image,reference_path,mos,mdfs_raw_score,runtime_seconds,worker_gpu
babygirl_blur1.bmp,/kaggle/working/MDFS/data/MDLIVE/extracted/LIVE_MD/To_Release/Part_1/blurjpeg/babygirl_blur1.bmp,Multiply Dist.,babygirl.bmp,/kaggle/working/MDFS/data/MDLIVE/extracted/LIVE_MD/To_Release/Ref_Images/babygirl.bmp,21.5789,29.475418090820312,0.5991656880014489,0
babygirl_blur1_jpeg2.bmp,/kaggle/working/MDFS/data/MDLIVE/extracted/LIVE_MD/To_Release/Part_1/blurjpeg/babygirl_blur1_jpeg2.bmp,Multiply Dist.,babygirl.bmp,/kaggle/working/MDFS/data/MDLIVE/extracted/LIVE_MD/To_Release/Ref_Images/babygirl.bmp,32.6316,27.542295455932617,0.1629810350004845,0
babygirl_blur2.bmp,/kaggle/working/MDFS/data/MDLIVE/extracted/LIVE_MD/To_Release/Part_1/blurjpeg/babygirl_blur2.bmp,Multiply Dist.,babygirl.bmp,/kaggle/working/MDFS/data/MDLIVE/extracted/LIVE_MD/To_Release/Ref_Images/babygirl.bmp,40.0,33.43169021606445,0.1590403949994652,0
babygirl_blur2_jpeg2.bmp,/kaggle/working/MDFS/data/MDLIVE/extracted/LIVE_MD/To_Release/Part_1/blurjpeg/babygirl_blur2_jpeg2.bmp,Multiply Dist.,babygirl.bmp,/kaggle/working/MDFS/data/MDLIVE/extracted/LIVE_MD/To_Release/Ref_Images/babygirl.bmp,51.4211,28.664451599121094,0.1580944270008331,0
babygirl_blur3.bmp,/kaggle/working/MDFS/data/MDLIVE/extracted/LIVE_MD/To_Release/Part_1/blurjpeg/babygirl_blur3.bmp,Multiply Dist.,babygirl.bmp,/kaggle/working/MDFS/data/MDLIVE/extracted/LIVE_MD/To_Release/Ref_Images/babygirl.bmp,60.7368,36.015480041503906,0.1581052519995864,0
babygirl_blur3_jpeg2.bmp,/kaggle/working/MDFS/data/MDLIVE/extracted/LIVE_MD/To_Release/Part_1/blurjpeg/babygirl_blur3_jpeg2.bmp,Multiply Dist.,babygirl.bmp,/kaggle/working/MDFS/data/MDLIVE/extracted/LIVE_MD/To_Release/Ref_Images/babygirl.bmp,59.4211,30.0281925201416,0.1580953930006217,0
babygirl_jpeg1.bmp,/kaggle/working/MDFS/data/MDLIVE/extracted/LIVE_MD/To_Release/Part_1/blurjpeg/babygirl_jpeg1.bmp,Multiply Dist.,babygirl.bmp,/kaggle/working/MDFS/data/MDLIVE/extracted/LIVE_MD/To_Release/Ref_Images/babygirl.bmp,8.5263,24.400259017944336,0.1570790900004794,0
babygirl_jpeg3.bmp,/kaggle/working/MDFS/data/MDLIVE/extracted/LIVE_MD/To_Release/Part_1/blurjpeg/babygirl_jpeg3.bmp,Multiply Dist.,babygirl.bmp,/kaggle/working/MDFS/data/MDLIVE/extracted/LIVE_MD/To_Release/Ref_Images/babygirl.bmp,42.3158,27.531265258789062,0.1566687590002402,0
bikerace_blur1_jpeg1.bmp,/kaggle/working/MDFS/data/MDLIVE/extracted/LIVE_MD/To_Release/Part_1/blurjpeg/bikerace_blur1_jpeg1.bmp,Multiply Dist.,bikerace.bmp,/kaggle/working/MDFS/data/MDLIVE/extracted/LIVE_MD/To_Release/Ref_Images/bikerace.bmp,49.1053,25.8015193939209,0.1565170979993126,0
bikerace_blur1_jpeg3.bmp,/kaggle/working/MDFS/data/MDLIVE/extracted/LIVE_MD/To_Release/Part_1/blurjpeg/bikerace_blur1_jpeg3.bmp,Multiply Dist.,bikerace.bmp,/kaggle/working/MDFS/data/MDLIVE/extracted/LIVE_MD/To_Release/Ref_Images/bikerace.bmp,54.0,27.5357723236084,0.158594581998841,0
bikerace_blur2_jpeg1.bmp,/kaggle/working/MDFS/data/MDLIVE/extracted/LIVE_MD/To_Release/Part_1/blurjpeg/bikerace_blur2_jpeg1.bmp,Multiply Dist.,bikerace.bmp,/kaggle/working/MDFS/data/MDLIVE/extracted/LIVE_MD/To_Release/Ref_Images/bikerace.bmp,59.1053,27.5345401763916,0.1585686039998108,0
bikerace_blur2_jpeg3.bmp,/kaggle/working/MDFS/data/MDLIVE/extracted/LIVE_MD/To_Release/Part_1/blurjpeg/bikerace_blur2_jpeg3.bmp,Multiply Dist.,bikerace.bmp,/kaggle/working/MDFS/data/MDLIVE/extracted/LIVE_MD/To_Release/Ref_Images/bikerace.bmp,62.7368,29.657489776611328,0.160513421998985,0
bikerace_blur3_jpeg1.bmp,/kaggle/working/MDFS/data/MDLIVE/extracted/LIVE_MD/To_Release/Part_1/blurjpeg/bikerace_blur3_jpeg1.bmp,Multiply Dist.,bikerace.bmp,/kaggle/working/MDFS/data/MDLIVE/extracted/LIVE_MD/To_Release/Ref_Images/bikerace.bmp,66.7895,29.40376853942871,0.1584259449991805,0
bikerace_blur3_jpeg3.bmp,/kaggle/working/MDFS/data/MDLIVE/extracted/LIVE_MD/To_Release/Part_1/blurjpeg/bikerace_blur3_jpeg3.bmp,Multiply Dist.,bikerace.bmp,/kaggle/working/MDFS/data/MDLIVE/extracted/LIVE_MD/To_Release/Ref_Images/bikerace.bmp,72.7895,31.855669021606445,0.1587636029998975,0
bikerace_jpeg2.bmp,/kaggle/working/MDFS/data/MDLIVE/extracted/LIVE_MD/To_Release/Part_1/blurjpeg/bikerace_jpeg2.bmp,Multiply Dist.,bikerace.bmp,/kaggle/working/MDFS/data/MDLIVE/extracted/LIVE_MD/To_Release/Ref_Images/bikerace.bmp,18.0,23.295392990112305,0.1595414269995672,0
cows_blur1.bmp,/kaggle/working/MDFS/data/MDLIVE/extracted/LIVE_MD/To_Release/Part_1/blurjpeg/cows_blur1.bmp,Multiply Dist.,cows.bmp,/kaggle/working/MDFS/data/MDLIVE/extracted/LIVE_MD/To_Release/Ref_Images/cows.bmp,40.0,28.63804054260254,0.1573106199994072,0
cows_blur1_jpeg2.bmp,/kaggle/working/MDFS/data/MDLIVE/extracted/LIVE_MD/To_Release/Part_1/blurjpeg/cows_blur1_jpeg2.bmp,Multiply Dist.,cows.bmp,/kaggle/working/MDFS/data/MDLIVE/extracted/LIVE_MD/To_Release/Ref_Images/cows.bmp,41.8421,27.26366424560547,0.1573555340000894,0
cows_blur2.bmp,/kaggle/working/MDFS/data/MDLIVE/extracted/LIVE_MD/To_Release/Part_1/blurjpeg/cows_blur2.bmp,Multiply Dist.,cows.bmp,/kaggle/working/MDFS/data/MDLIVE/extracted/LIVE_MD/To_Release/Ref_Images/cows.bmp,54.2105,33.17877197265625,0.1596077789999981,0
cows_blur2_jpeg2.bmp,/kaggle/working/MDFS/data/MDLIVE/extracted/LIVE_MD/To_Release/Part_1/blurjpeg/cows_blur2_jpeg2.bmp,Multiply Dist.,cows.bmp,/kaggle/working/MDFS/data/MDLIVE/extracted/LIVE_MD/To_Release/Ref_Images/cows.bmp,63.3158,28.82415580749512,0.1574038329999894,0
cows_blur3.bmp,/kaggle/working/MDFS/data/MDLIVE/extracted/LIVE_MD/To_Release/Part_1/blurjpeg/cows_blur3.bmp,Multiply Dist.,cows.bmp,/kaggle/working/MDFS/data/MDLIVE/extracted/LIVE_MD/To_Release/Ref_Images/cows.bmp,65.2105,36.53628158569336,0.1586491119996935,0
cows_blur3_jpeg2.bmp,/kaggle/working/MDFS/data/MDLIVE/extracted/LIVE_MD/To_Release/Part_1/blurjpeg/cows_blur3_jpeg2.bmp,Multiply Dist.,cows.bmp,/kaggle/working/MDFS/data/MDLIVE/extracted/LIVE_MD/To_Release/Ref_Images/cows.bmp,62.8947,30.49986267089844,0.1587988379997114,0
cows_jpeg1.bmp,/kaggle/working/MDFS/data/MDLIVE/extracted/LIVE_MD/To_Release/Part_1/blurjpeg/cows_jpeg1.bmp,Multiply Dist.,cows.bmp,/kaggle/working/MDFS/data/MDLIVE/extracted/LIVE_MD/To_Release/Ref_Images/cows.bmp,13.3684,22.559267044067383,0.1582639630014455,0
cows_jpeg3.bmp,/kaggle/working/MDFS/data/MDLIVE/extracted/LIVE_MD/To_Release/Part_1/blurjpeg/cows_jpeg3.bmp,Multiply Dist.,cows.bmp,/kaggle/working/MDFS/data/MDLIVE/extracted/LIVE_MD/To_Release/Ref_Images/cows.bmp,21.1053,25.42960548400879,0.1575397019987576,0
elephant_blur1_jpeg1.bmp,/kaggle/working/MDFS/data/MDLIVE/extracted/LIVE_MD/To_Release/Part_1/blurjpeg/elephant_blur1_jpeg1.bmp,Multiply Dist.,elephant.bmp,/kaggle/working/MDFS/data/MDLIVE/extracted/LIVE_MD/To_Release/Ref_Images/elephant.bmp,31.1579,25.438400268554688,0.1610230340011185,0
elephant_blur1_jpeg3.bmp,/kaggle/working/MDFS/data/MDLIVE/extracted/LIVE_MD/To_Release/Part_1/blurjpeg/elephant_blur1_jpeg3.bmp,Multiply Dist.,elephant.bmp,/kaggle/working/MDFS/data/MDLIVE/extracted/LIVE_MD/To_Release/Ref_Images/elephant.bmp,41.2632,27.76131820678711,0.1611497880003298,0
elephant_blur2_jpeg1.bmp,/kaggle/working/MDFS/data/MDLIVE/extracted/LIVE_MD/To_Release/Part_1/blurjpeg/elephant_blur2_jpeg1.bmp,Multiply Dist.,elephant.bmp,/kaggle/working/MDFS/data/MDLIVE/extracted/LIVE_MD/To_Release/Ref_Images/elephant.bmp,47.0526,27.115310668945312,0.1610368980000203,0
elephant_blur2_jpeg3.bmp,/kaggle/working/MDFS/data/MDLIVE/extracted/LIVE_MD/To_Release/Part_1/blurjpeg/elephant_blur2_jpeg3.bmp,Multiply Dist.,elephant.bmp,/kaggle/working/MDFS/data/MDLIVE/extracted/LIVE_MD/To_Release/Ref_Images/elephant.bmp,50.3158,29.4842529296875,0.1595504590004566,0
elephant_blur3_jpeg1.bmp,/kaggle/working/MDFS/data/MDLIVE/extracted/LIVE_MD/To_Release/Part_1/blurjpeg/elephant_blur3_jpeg1.bmp,Multiply Dist.,elephant.bmp,/kaggle/working/MDFS/data/MDLIVE/extracted/LIVE_MD/To_Release/Ref_Images/elephant.bmp,62.4211,29.125642776489254,0.1586117649985681,0
elephant_blur3_jpeg3.bmp,/kaggle/working/MDFS/data/MDLIVE/extracted/LIVE_MD/To_Release/Part_1/blurjpeg/elephant_blur3_jpeg3.bmp,Multiply Dist.,elephant.bmp,/kaggle/working/MDFS/data/MDLIVE/extracted/LIVE_MD/To_Release/Ref_Images/elephant.bmp,65.8947,31.272340774536133,0.1618652070010284,0
elephant_jpeg2.bmp,/kaggle/working/MDFS/data/MDLIVE/extracted/LIVE_MD/To_Release/Part_1/blurjpeg/elephant_jpeg2.bmp,Multiply Dist.,elephant.bmp,/kaggle/working/MDFS/data/MDLIVE/extracted/LIVE_MD/To_Release/Ref_Images/elephant.bmp,17.8947,23.430843353271484,0.1738003539994679,0
iceroad_blur1.bmp,/kaggle/working/MDFS/data/MDLIVE/extracted/LIVE_MD/To_Release/Part_1/blurjpeg/iceroad_blur1.bmp,Multiply Dist.,iceroad.bmp,/kaggle/working/MDFS/data/MDLIVE/extracted/LIVE_MD/To_Release/Ref_Images/iceroad.bmp,36.2632,28.53108024597168,0.158987058999628,0
iceroad_blur1_jpeg2.bmp,/kaggle/working/MDFS/data/MDLIVE/extracted/LIVE_MD/To_Release/Part_1/blurjpeg/iceroad_blur1_jpeg2.bmp,Multiply Dist.,iceroad.bmp,/kaggle/working/MDFS/data/MDLIVE/extracted/LIVE_MD/To_Release/Ref_Images/iceroad.bmp,38.6316,28.81161499023437,0.1584475800009386,0
iceroad_blur2.bmp,/kaggle/working/MDFS/data/MDLIVE/extracted/LIVE_MD/To_Release/Part_1/blurjpeg/iceroad_blur2.bmp,Multiply Dist.,iceroad.bmp,/kaggle/working/MDFS/data/MDLIVE/extracted/LIVE_MD/To_Release/Ref_Images/iceroad.bmp,47.3684,33.89960861206055,0.1602819540003111,0
iceroad_blur2_jpeg2.bmp,/kaggle/working/MDFS/data/MDLIVE/extracted/LIVE_MD/To_Release/Part_1/blurjpeg/iceroad_blur2_jpeg2.bmp,Multiply Dist.,iceroad.bmp,/kaggle/working/MDFS/data/MDLIVE/extracted/LIVE_MD/To_Release/Ref_Images/iceroad.bmp,49.2632,30.315216064453125,0.1545312700000067,0
iceroad_blur3.bmp,/kaggle/working/MDFS/data/MDLIVE/extracted/LIVE_MD/To_Release/Part_1/blurjpeg/iceroad_blur3.bmp,Multiply Dist.,iceroad.bmp,/kaggle/working/MDFS/data/MDLIVE/extracted/LIVE_MD/To_Release/Ref_Images/iceroad.bmp,61.7895,36.896270751953125,0.1622524079994036,0
iceroad_blur3_jpeg2.bmp,/kaggle/working/MDFS/data/MDLIVE/extracted/LIVE_MD/To_Release/Part_1/blurjpeg/iceroad_blur3_jpeg2.bmp,Multiply Dist.,iceroad.bmp,/kaggle/working/MDFS/data/MDLIVE/extracted/LIVE_MD/To_Release/Ref_Images/iceroad.bmp,63.3158,31.962064743041992,0.1597399600013886,0
iceroad_jpeg1.bmp,/kaggle/working/MDFS/data/MDLIVE/extracted/LIVE_MD/To_Release/Part_1/blurjpeg/iceroad_jpeg1.bmp,Multiply Dist.,iceroad.bmp,/kaggle/working/MDFS/data/MDLIVE/extracted/LIVE_MD/To_Release/Ref_Images/iceroad.bmp,7.4737,23.088762283325195,0.1595871299996361,0
iceroad_jpeg3.bmp,/kaggle/working/MDFS/data/MDLIVE/extracted/LIVE_MD/To_Release/Part_1/blurjpeg/iceroad_jpeg3.bmp,Multiply Dist.,iceroad.bmp,/kaggle/working/MDFS/data/MDLIVE/extracted/LIVE_MD/To_Release/Ref_Images/iceroad.bmp,14.6842,26.31400680541992,0.1612732690009579,0
lakebuilding_blur1_jpeg1.bmp,/kaggle/working/MDFS/data/MDLIVE/extracted/LIVE_MD/To_Release/Part_1/blurjpeg/lakebuilding_blur1_jpeg1.bmp,Multiply Dist.,lakebuilding.bmp,/kaggle/working/MDFS/data/MDLIVE/extracted/LIVE_MD/To_Release/Ref_Images/lakebuilding.bmp,43.3684,25.430479049682617,0.1564930259992252,0
lakebuilding_blur1_jpeg3.bmp,/kaggle/working/MDFS/data/MDLIVE/extracted/LIVE_MD/To_Release/Part_1/blurjpeg/lakebuilding_blur1_jpeg3.bmp,Multiply Dist.,lakebuilding.bmp,/kaggle/working/MDFS/data/MDLIVE/extracted/LIVE_MD/To_Release/Ref_Images/lakebuilding.bmp,53.4211,27.268054962158203,0.1600091750005958,0
lakebuilding_blur2_jpeg1.bmp,/kaggle/working/MDFS/data/MDLIVE/extracted/LIVE_MD/To_Release/Part_1/blurjpeg/lakebuilding_blur2_jpeg1.bmp,Multiply Dist.,lakebuilding.bmp,/kaggle/working/MDFS/data/MDLIVE/extracted/LIVE_MD/To_Release/Ref_Images/lakebuilding.bmp,60.4211,26.68841552734375,0.1611772209998889,0
lakebuilding_blur2_jpeg3.bmp,/kaggle/working/MDFS/data/MDLIVE/extracted/LIVE_MD/To_Release/Part_1/blurjpeg/lakebuilding_blur2_jpeg3.bmp,Multiply Dist.,lakebuilding.bmp,/kaggle/working/MDFS/data/MDLIVE/extracted/LIVE_MD/To_Release/Ref_Images/lakebuilding.bmp,66.5263,28.87388801574707,0.1569539770007395,0
lakebuilding_blur3_jpeg1.bmp,/kaggle/working/MDFS/data/MDLIVE/extracted/LIVE_MD/To_Release/Part_1/blurjpeg/lakebuilding_blur3_jpeg1.bmp,Multiply Dist.,lakebuilding.bmp,/kaggle/working/MDFS/data/MDLIVE/extracted/LIVE_MD/To_Release/Ref_Images/lakebuilding.bmp,74.3684,28.182540893554688,0.1565445109990833,0
lakebuilding_blur3_jpeg3.bmp,/kaggle/working/MDFS/data/MDLIVE/extracted/LIVE_MD/To_Release/Part_1/blurjpeg/lakebuilding_blur3_jpeg3.bmp,Multiply Dist.,lakebuilding.bmp,/kaggle/working/MDFS/data/MDLIVE/extracted/LIVE_MD/To_Release/Ref_Images/lakebuilding.bmp,75.1579,30.398855209350582,0.1575574899998173,0
lakebuilding_jpeg2.bmp,/kaggle/working/MDFS/data/MDLIVE/extracted/LIVE_MD/To_Release/Part_1/blurjpeg/lakebuilding_jpeg2.bmp,Multiply Dist.,lakebuilding.bmp,/kaggle/working/MDFS/data/MDLIVE/extracted/LIVE_MD/To_Release/Ref_Images/lakebuilding.bmp,19.1579,22.52531242370605,0.160662880000018,0
lunch_blur1.bmp,/kaggle/working/MDFS/data/MDLIVE/extracted/LIVE_MD/To_Release/Part_1/blurjpeg/lunch_blur1.bmp,Multiply Dist.,lunch.bmp,/kaggle/working/MDFS/data/MDLIVE/extracted/LIVE_MD/To_Release/Ref_Images/lunch.bmp,46.5263,27.12209129333496,0.1594994259994564,0
lunch_blur1_jpeg2.bmp,/kaggle/working/MDFS/data/MDLIVE/extracted/LIVE_MD/To_Release/Part_1/blurjpeg/lunch_blur1_jpeg2.bmp,Multiply Dist.,lunch.bmp,/kaggle/working/MDFS/data/MDLIVE/extracted/LIVE_MD/To_Release/Ref_Images/lunch.bmp,52.2632,26.418088912963867,0.155849302000206,0
lunch_blur2.bmp,/kaggle/working/MDFS/data/MDLIVE/extracted/LIVE_MD/To_Release/Part_1/blurjpeg/lunch_blur2.bmp,Multiply Dist.,lunch.bmp,/kaggle/working/MDFS/data/MDLIVE/extracted/LIVE_MD/To_Release/Ref_Images/lunch.bmp,62.8421,31.613365173339844,0.1589349879996007,0
lunch_blur2_jpeg2.bmp,/kaggle/working/MDFS/data/MDLIVE/extracted/LIVE_MD/To_Release/Part_1/blurjpeg/lunch_blur2_jpeg2.bmp,Multiply Dist.,lunch.bmp,/kaggle/working/MDFS/data/MDLIVE/extracted/LIVE_MD/To_Release/Ref_Images/lunch.bmp,58.8947,28.529794692993164,0.1579005790008523,0
lunch_blur3.bmp,/kaggle/working/MDFS/data/MDLIVE/extracted/LIVE_MD/To_Release/Part_1/blurjpeg/lunch_blur3.bmp,Multiply Dist.,lunch.bmp,/kaggle/working/MDFS/data/MDLIVE/extracted/LIVE_MD/To_Release/Ref_Images/lunch.bmp,68.3684,34.62593460083008,0.1573209420002967,0
lunch_blur3_jpeg2.bmp,/kaggle/working/MDFS/data/MDLIVE/extracted/LIVE_MD/To_Release/Part_1/blurjpeg/lunch_blur3_jpeg2.bmp,Multiply Dist.,lunch.bmp,/kaggle/working/MDFS/data/MDLIVE/extracted/LIVE_MD/To_Release/Ref_Images/lunch.bmp,77.7895,30.459850311279297,0.1627038669994363,0
lunch_jpeg1.bmp,/kaggle/working/MDFS/data/MDLIVE/extracted/LIVE_MD/To_Release/Part_1/blurjpeg/lunch_jpeg1.bmp,Multiply Dist.,lunch.bmp,/kaggle/working/MDFS/data/MDLIVE/extracted/LIVE_MD/To_Release/Ref_Images/lunch.bmp,13.4211,22.459867477416992,0.1600028639986703,0
lunch_jpeg3.bmp,/kaggle/working/MDFS/data/MDLIVE/extracted/LIVE_MD/To_Release/Part_1/blurjpeg/lunch_jpeg3.bmp,Multiply Dist.,lunch.bmp,/kaggle/working/MDFS/data/MDLIVE/extracted/LIVE_MD/To_Release/Ref_Images/lunch.bmp,25.2632,23.925724029541016,0.161189854999975,0
market_blur1_jpeg1.bmp,/kaggle/working/MDFS/data/MDLIVE/extracted/LIVE_MD/To_Release/Part_1/blurjpeg/market_blur1_jpeg1.bmp,Multiply Dist.,market.bmp,/kaggle/working/MDFS/data/MDLIVE/extracted/LIVE_MD/To_Release/Ref_Images/market.bmp,28.1579,25.601993560791016,0.1621254359997692,0
market_blur1_jpeg3.bmp,/kaggle/working/MDFS/data/MDLIVE/extracted/LIVE_MD/To_Release/Part_1/blurjpeg/market_blur1_jpeg3.bmp,Multiply Dist.,market.bmp,/kaggle/working/MDFS/data/MDLIVE/extracted/LIVE_MD/To_Release/Ref_Images/market.bmp,38.7895,27.57543563842773,0.1602919910001219,0
market_blur2_jpeg1.bmp,/kaggle/working/MDFS/data/MDLIVE/extracted/LIVE_MD/To_Release/Part_1/blurjpeg/market_blur2_jpeg1.bmp,Multiply Dist.,market.bmp,/kaggle/working/MDFS/data/MDLIVE/extracted/LIVE_MD/To_Release/Ref_Images/market.bmp,47.5789,27.25458335876465,0.1618299130004743,0
market_blur2_jpeg3.bmp,/kaggle/working/MDFS/data/MDLIVE/extracted/LIVE_MD/To_Release/Part_1/blurjpeg/market_blur2_jpeg3.bmp,Multiply Dist.,market.bmp,/kaggle/working/MDFS/data/MDLIVE/extracted/LIVE_MD/To_Release/Ref_Images/market.bmp,51.7368,29.53485107421875,0.161239294000552,0
market_blur3_jpeg1.bmp,/kaggle/working/MDFS/data/MDLIVE/extracted/LIVE_MD/To_Release/Part_1/blurjpeg/market_blur3_jpeg1.bmp,Multiply Dist.,market.bmp,/kaggle/working/MDFS/data/MDLIVE/extracted/LIVE_MD/To_Release/Ref_Images/market.bmp,58.1579,29.09050941467285,0.1587016180001228,0
market_blur3_jpeg3.bmp,/kaggle/working/MDFS/data/MDLIVE/extracted/LIVE_MD/To_Release/Part_1/blurjpeg/market_blur3_jpeg3.bmp,Multiply Dist.,market.bmp,/kaggle/working/MDFS/data/MDLIVE/extracted/LIVE_MD/To_Release/Ref_Images/market.bmp,61.1053,31.35919761657715,0.1579605709994211,0
market_jpeg2.bmp,/kaggle/working/MDFS/data/MDLIVE/extracted/LIVE_MD/To_Release/Part_1/blurjpeg/market_jpeg2.bmp,Multiply Dist.,market.bmp,/kaggle/working/MDFS/data/MDLIVE/extracted/LIVE_MD/To_Release/Ref_Images/market.bmp,22.2632,23.905553817749023,0.1618734210005641,0
palace2_blur1.bmp,/kaggle/working/MDFS/data/MDLIVE/extracted/LIVE_MD/To_Release/Part_1/blurjpeg/palace2_blur1.bmp,Multiply Dist.,palace2.bmp,/kaggle/working/MDFS/data/MDLIVE/extracted/LIVE_MD/To_Release/Ref_Images/palace2.bmp,50.9474,27.538158416748047,0.1605632009996043,0
palace2_blur1_jpeg2.bmp,/kaggle/working/MDFS/data/MDLIVE/extracted/LIVE_MD/To_Release/Part_1/blurjpeg/palace2_blur1_jpeg2.bmp,Multiply Dist.,palace2.bmp,/kaggle/working/MDFS/data/MDLIVE/extracted/LIVE_MD/To_Release/Ref_Images/palace2.bmp,53.7368,27.841413497924805,0.1581683920012437,0
palace2_blur2.bmp,/kaggle/working/MDFS/data/MDLIVE/extracted/LIVE_MD/To_Release/Part_1/blurjpeg/palace2_blur2.bmp,Multiply Dist.,palace2.bmp,/kaggle/working/MDFS/data/MDLIVE/extracted/LIVE_MD/To_Release/Ref_Images/palace2.bmp,66.3684,33.55620574951172,0.1633800510007859,0
palace2_blur2_jpeg2.bmp,/kaggle/working/MDFS/data/MDLIVE/extracted/LIVE_MD/To_Release/Part_1/blurjpeg/palace2_blur2_jpeg2.bmp,Multiply Dist.,palace2.bmp,/kaggle/working/MDFS/data/MDLIVE/extracted/LIVE_MD/To_Release/Ref_Images/palace2.bmp,70.4211,30.07017517089844,0.1618802119992324,0
palace2_blur3.bmp,/kaggle/working/MDFS/data/MDLIVE/extracted/LIVE_MD/To_Release/Part_1/blurjpeg/palace2_blur3.bmp,Multiply Dist.,palace2.bmp,/kaggle/working/MDFS/data/MDLIVE/extracted/LIVE_MD/To_Release/Ref_Images/palace2.bmp,77.6842,37.252227783203125,0.1612616929996875,0
palace2_blur3_jpeg2.bmp,/kaggle/working/MDFS/data/MDLIVE/extracted/LIVE_MD/To_Release/Part_1/blurjpeg/palace2_blur3_jpeg2.bmp,Multiply Dist.,palace2.bmp,/kaggle/working/MDFS/data/MDLIVE/extracted/LIVE_MD/To_Release/Ref_Images/palace2.bmp,77.2632,31.99742126464844,0.1628782230000069,0
palace2_jpeg1.bmp,/kaggle/working/MDFS/data/MDLIVE/extracted/LIVE_MD/To_Release/Part_1/blurjpeg/palace2_jpeg1.bmp,Multiply Dist.,palace2.bmp,/kaggle/working/MDFS/data/MDLIVE/extracted/LIVE_MD/To_Release/Ref_Images/palace2.bmp,21.0,22.33162879943848,0.1624480779992154,0
palace2_jpeg3.bmp,/kaggle/working/MDFS/data/MDLIVE/extracted/LIVE_MD/To_Release/Part_1/blurjpeg/palace2_jpeg3.bmp,Multiply Dist.,palace2.bmp,/kaggle/working/MDFS/data/MDLIVE/extracted/LIVE_MD/To_Release/Ref_Images/palace2.bmp,43.5263,24.621597290039062,0.161267539999244,0
railwaystation_blur1_jpeg1.bmp,/kaggle/working/MDFS/data/MDLIVE/extracted/LIVE_MD/To_Release/Part_1/blurjpeg/railwaystation_blur1_jpeg1.bmp,Multiply Dist.,railwaystation.bmp,/kaggle/working/MDFS/data/MDLIVE/extracted/LIVE_MD/To_Release/Ref_Images/railwaystation.bmp,34.7368,26.109590530395508,0.1590001129989104,0
railwaystation_blur1_jpeg3.bmp,/kaggle/working/MDFS/data/MDLIVE/extracted/LIVE_MD/To_Release/Part_1/blurjpeg/railwaystation_blur1_jpeg3.bmp,Multiply Dist.,railwaystation.bmp,/kaggle/working/MDFS/data/MDLIVE/extracted/LIVE_MD/To_Release/Ref_Images/railwaystation.bmp,35.5263,28.59444999694824,0.1611870579999959,0
railwaystation_blur2_jpeg1.bmp,/kaggle/working/MDFS/data/MDLIVE/extracted/LIVE_MD/To_Release/Part_1/blurjpeg/railwaystation_blur2_jpeg1.bmp,Multiply Dist.,railwaystation.bmp,/kaggle/working/MDFS/data/MDLIVE/extracted/LIVE_MD/To_Release/Ref_Images/railwaystation.bmp,43.2632,28.15103912353516,0.1602888790002907,0
railwaystation_blur2_jpeg3.bmp,/kaggle/working/MDFS/data/MDLIVE/extracted/LIVE_MD/To_Release/Part_1/blurjpeg/railwaystation_blur2_jpeg3.bmp,Multiply Dist.,railwaystation.bmp,/kaggle/working/MDFS/data/MDLIVE/extracted/LIVE_MD/To_Release/Ref_Images/railwaystation.bmp,50.6316,30.722843170166016,0.1603185060012038,0
railwaystation_blur3_jpeg1.bmp,/kaggle/working/MDFS/data/MDLIVE/extracted/LIVE_MD/To_Release/Part_1/blurjpeg/railwaystation_blur3_jpeg1.bmp,Multiply Dist.,railwaystation.bmp,/kaggle/working/MDFS/data/MDLIVE/extracted/LIVE_MD/To_Release/Ref_Images/railwaystation.bmp,59.2632,29.695301055908203,0.1664124589988205,0
railwaystation_blur3_jpeg3.bmp,/kaggle/working/MDFS/data/MDLIVE/extracted/LIVE_MD/To_Release/Part_1/blurjpeg/railwaystation_blur3_jpeg3.bmp,Multiply Dist.,railwaystation.bmp,/kaggle/working/MDFS/data/MDLIVE/extracted/LIVE_MD/To_Release/Ref_Images/railwaystation.bmp,60.6316,32.21609878540039,0.1628181380001478,0
railwaystation_jpeg2.bmp,/kaggle/working/MDFS/data/MDLIVE/extracted/LIVE_MD/To_Release/Part_1/blurjpeg/railwaystation_jpeg2.bmp,Multiply Dist.,railwaystation.bmp,/kaggle/working/MDFS/data/MDLIVE/extracted/LIVE_MD/To_Release/Ref_Images/railwaystation.bmp,9.0,24.13924789428711,0.1617208829993615,0
sanfrancisco_blur1.bmp,/kaggle/working/MDFS/data/MDLIVE/extracted/LIVE_MD/To_Release/Part_1/blurjpeg/sanfrancisco_blur1.bmp,Multiply Dist.,sanfrancisco.bmp,/kaggle/working/MDFS/data/MDLIVE/extracted/LIVE_MD/To_Release/Ref_Images/sanfrancisco.bmp,43.7368,27.453149795532227,0.1627774810003757,0
sanfrancisco_blur1_jpeg2.bmp,/kaggle/working/MDFS/data/MDLIVE/extracted/LIVE_MD/To_Release/Part_1/blurjpeg/sanfrancisco_blur1_jpeg2.bmp,Multiply Dist.,sanfrancisco.bmp,/kaggle/working/MDFS/data/MDLIVE/extracted/LIVE_MD/To_Release/Ref_Images/sanfrancisco.bmp,56.1053,27.551645278930664,0.1646599380001134,0
sanfrancisco_blur2.bmp,/kaggle/working/MDFS/data/MDLIVE/extracted/LIVE_MD/To_Release/Part_1/blurjpeg/sanfrancisco_blur2.bmp,Multiply Dist.,sanfrancisco.bmp,/kaggle/working/MDFS/data/MDLIVE/extracted/LIVE_MD/To_Release/Ref_Images/sanfrancisco.bmp,66.3158,31.753625869750977,0.1646583969995845,0
sanfrancisco_blur2_jpeg2.bmp,/kaggle/working/MDFS/data/MDLIVE/extracted/LIVE_MD/To_Release/Part_1/blurjpeg/sanfrancisco_blur2_jpeg2.bmp,Multiply Dist.,sanfrancisco.bmp,/kaggle/working/MDFS/data/MDLIVE/extracted/LIVE_MD/To_Release/Ref_Images/sanfrancisco.bmp,67.1579,29.13226318359375,0.1651218639999569,0
sanfrancisco_blur3.bmp,/kaggle/working/MDFS/data/MDLIVE/extracted/LIVE_MD/To_Release/Part_1/blurjpeg/sanfrancisco_blur3.bmp,Multiply Dist.,sanfrancisco.bmp,/kaggle/working/MDFS/data/MDLIVE/extracted/LIVE_MD/To_Release/Ref_Images/sanfrancisco.bmp,74.8421,34.51056289672852,0.1574270500004786,0
sanfrancisco_blur3_jpeg2.bmp,/kaggle/working/MDFS/data/MDLIVE/extracted/LIVE_MD/To_Release/Part_1/blurjpeg/sanfrancisco_blur3_jpeg2.bmp,Multiply Dist.,sanfrancisco.bmp,/kaggle/working/MDFS/data/MDLIVE/extracted/LIVE_MD/To_Release/Ref_Images/sanfrancisco.bmp,75.9474,31.25013542175293,0.1625480350012367,0
sanfrancisco_jpeg1.bmp,/kaggle/working/MDFS/data/MDLIVE/extracted/LIVE_MD/To_Release/Part_1/blurjpeg/sanfrancisco_jpeg1.bmp,Multiply Dist.,sanfrancisco.bmp,/kaggle/working/MDFS/data/MDLIVE/extracted/LIVE_MD/To_Release/Ref_Images/sanfrancisco.bmp,15.5263,22.982471466064453,0.1646684119987185,0
sanfrancisco_jpeg3.bmp,/kaggle/working/MDFS/data/MDLIVE/extracted/LIVE_MD/To_Release/Part_1/blurjpeg/sanfrancisco_jpeg3.bmp,Multiply Dist.,sanfrancisco.bmp,/kaggle/working/MDFS/data/MDLIVE/extracted/LIVE_MD/To_Release/Ref_Images/sanfrancisco.bmp,23.2105,26.012420654296875,0.1660844919988449,0
scrimmage_blur1_jpeg1.bmp,/kaggle/working/MDFS/data/MDLIVE/extracted/LIVE_MD/To_Release/Part_1/blurjpeg/scrimmage_blur1_jpeg1.bmp,Multiply Dist.,scrimmage.bmp,/kaggle/working/MDFS/data/MDLIVE/extracted/LIVE_MD/To_Release/Ref_Images/scrimmage.bmp,42.1053,25.171358108520508,0.1641313800009811,0
scrimmage_blur1_jpeg3.bmp,/kaggle/working/MDFS/data/MDLIVE/extracted/LIVE_MD/To_Release/Part_1/blurjpeg/scrimmage_blur1_jpeg3.bmp,Multiply Dist.,scrimmage.bmp,/kaggle/working/MDFS/data/MDLIVE/extracted/LIVE_MD/To_Release/Ref_Images/scrimmage.bmp,45.8947,27.51407623291016,0.1657195839998166,0
scrimmage_blur2_jpeg1.bmp,/kaggle/working/MDFS/data/MDLIVE/extracted/LIVE_MD/To_Release/Part_1/blurjpeg/scrimmage_blur2_jpeg1.bmp,Multiply Dist.,scrimmage.bmp,/kaggle/working/MDFS/data/MDLIVE/extracted/LIVE_MD/To_Release/Ref_Images/scrimmage.bmp,57.5263,27.32793426513672,0.1588675710008829,0
scrimmage_blur2_jpeg3.bmp,/kaggle/working/MDFS/data/MDLIVE/extracted/LIVE_MD/To_Release/Part_1/blurjpeg/scrimmage_blur2_jpeg3.bmp,Multiply Dist.,scrimmage.bmp,/kaggle/working/MDFS/data/MDLIVE/extracted/LIVE_MD/To_Release/Ref_Images/scrimmage.bmp,64.0526,29.66807174682617,0.1645282240006054,0
scrimmage_blur3_jpeg1.bmp,/kaggle/working/MDFS/data/MDLIVE/extracted/LIVE_MD/To_Release/Part_1/blurjpeg/scrimmage_blur3_jpeg1.bmp,Multiply Dist.,scrimmage.bmp,/kaggle/working/MDFS/data/MDLIVE/extracted/LIVE_MD/To_Release/Ref_Images/scrimmage.bmp,69.6316,29.342479705810547,0.1637931060013215,0
scrimmage_blur3_jpeg3.bmp,/kaggle/working/MDFS/data/MDLIVE/extracted/LIVE_MD/To_Release/Part_1/blurjpeg/scrimmage_blur3_jpeg3.bmp,Multiply Dist.,scrimmage.bmp,/kaggle/working/MDFS/data/MDLIVE/extracted/LIVE_MD/To_Release/Ref_Images/scrimmage.bmp,73.0,31.815332412719727,0.1637633889986318,0
scrimmage_jpeg2.bmp,/kaggle/working/MDFS/data/MDLIVE/extracted/LIVE_MD/To_Release/Part_1/blurjpeg/scrimmage_jpeg2.bmp,Multiply Dist.,scrimmage.bmp,/kaggle/working/MDFS/data/MDLIVE/extracted/LIVE_MD/To_Release/Ref_Images/scrimmage.bmp,13.8947,22.1806640625,0.1590140460011753,0
seals_blur1.bmp,/kaggle/working/MDFS/data/MDLIVE/extracted/LIVE_MD/To_Release/Part_1/blurjpeg/seals_blur1.bmp,Multiply Dist.,seals.bmp,/kaggle/working/MDFS/data/MDLIVE/extracted/LIVE_MD/To_Release/Ref_Images/seals.bmp,33.0,28.68836784362793,0.1636928520001674,0
seals_blur1_jpeg2.bmp,/kaggle/working/MDFS/data/MDLIVE/extracted/LIVE_MD/To_Release/Part_1/blurjpeg/seals_blur1_jpeg2.bmp,Multiply Dist.,seals.bmp,/kaggle/working/MDFS/data/MDLIVE/extracted/LIVE_MD/To_Release/Ref_Images/seals.bmp,44.3684,29.339818954467773,0.1721365459998196,0
seals_blur2.bmp,/kaggle/working/MDFS/data/MDLIVE/extracted/LIVE_MD/To_Release/Part_1/blurjpeg/seals_blur2.bmp,Multiply Dist.,seals.bmp,/kaggle/working/MDFS/data/MDLIVE/extracted/LIVE_MD/To_Release/Ref_Images/seals.bmp,52.4211,33.557334899902344,0.166703934999532,0
seals_blur2_jpeg2.bmp,/kaggle/working/MDFS/data/MDLIVE/extracted/LIVE_MD/To_Release/Part_1/blurjpeg/seals_blur2_jpeg2.bmp,Multiply Dist.,seals.bmp,/kaggle/working/MDFS/data/MDLIVE/extracted/LIVE_MD/To_Release/Ref_Images/seals.bmp,55.6316,30.93791007995605,0.1650509890005196,0
seals_blur3.bmp,/kaggle/working/MDFS/data/MDLIVE/extracted/LIVE_MD/To_Release/Part_1/blurjpeg/seals_blur3.bmp,Multiply Dist.,seals.bmp,/kaggle/working/MDFS/data/MDLIVE/extracted/LIVE_MD/To_Release/Ref_Images/seals.bmp,67.8421,36.17082595825195,0.1611491830008162,0
seals_blur3_jpeg2.bmp,/kaggle/working/MDFS/data/MDLIVE/extracted/LIVE_MD/To_Release/Part_1/blurjpeg/seals_blur3_jpeg2.bmp,Multiply Dist.,seals.bmp,/kaggle/working/MDFS/data/MDLIVE/extracted/LIVE_MD/To_Release/Ref_Images/seals.bmp,63.3684,32.44729232788086,0.1644642690007458,0
seals_jpeg1.bmp,/kaggle/working/MDFS/data/MDLIVE/extracted/LIVE_MD/To_Release/Part_1/blurjpeg/seals_jpeg1.bmp,Multiply Dist.,seals.bmp,/kaggle/working/MDFS/data/MDLIVE/extracted/LIVE_MD/To_Release/Ref_Images/seals.bmp,5.8421,24.440298080444336,0.1617518689999997,0
seals_jpeg3.bmp,/kaggle/working/MDFS/data/MDLIVE/extracted/LIVE_MD/To_Release/Part_1/blurjpeg/seals_jpeg3.bmp,Multiply Dist.,seals.bmp,/kaggle/working/MDFS/data/MDLIVE/extracted/LIVE_MD/To_Release/Ref_Images/seals.bmp,29.3684,27.949392318725582,0.1639386709994141,0
sunrise_blur1_jpeg1.bmp,/kaggle/working/MDFS/data/MDLIVE/extracted/LIVE_MD/To_Release/Part_1/blurjpeg/sunrise_blur1_jpeg1.bmp,Multiply Dist.,sunrise.bmp,/kaggle/working/MDFS/data/MDLIVE/extracted/LIVE_MD/To_Release/Ref_Images/sunrise.bmp,35.0,26.19680976867676,0.1637012779992801,0
sunrise_blur1_jpeg3.bmp,/kaggle/working/MDFS/data/MDLIVE/extracted/LIVE_MD/To_Release/Part_1/blurjpeg/sunrise_blur1_jpeg3.bmp,Multiply Dist.,sunrise.bmp,/kaggle/working/MDFS/data/MDLIVE/extracted/LIVE_MD/To_Release/Ref_Images/sunrise.bmp,42.0,28.79470443725586,0.1598016250009095,0
sunrise_blur2_jpeg1.bmp,/kaggle/working/MDFS/data/MDLIVE/extracted/LIVE_MD/To_Release/Part_1/blurjpeg/sunrise_blur2_jpeg1.bmp,Multiply Dist.,sunrise.bmp,/kaggle/working/MDFS/data/MDLIVE/extracted/LIVE_MD/To_Release/Ref_Images/sunrise.bmp,48.5789,28.196889877319336,0.1660863199995219,0
sunrise_blur2_jpeg3.bmp,/kaggle/working/MDFS/data/MDLIVE/extracted/LIVE_MD/To_Release/Part_1/blurjpeg/sunrise_blur2_jpeg3.bmp,Multiply Dist.,sunrise.bmp,/kaggle/working/MDFS/data/MDLIVE/extracted/LIVE_MD/To_Release/Ref_Images/sunrise.bmp,64.3158,30.971229553222656,0.1657939159995294,0
sunrise_blur3_jpeg1.bmp,/kaggle/working/MDFS/data/MDLIVE/extracted/LIVE_MD/To_Release/Part_1/blurjpeg/sunrise_blur3_jpeg1.bmp,Multiply Dist.,sunrise.bmp,/kaggle/working/MDFS/data/MDLIVE/extracted/LIVE_MD/To_Release/Ref_Images/sunrise.bmp,63.4211,29.82274436950684,0.1641319140017003,0
sunrise_blur3_jpeg3.bmp,/kaggle/working/MDFS/data/MDLIVE/extracted/LIVE_MD/To_Release/Part_1/blurjpeg/sunrise_blur3_jpeg3.bmp,Multiply Dist.,sunrise.bmp,/kaggle/working/MDFS/data/MDLIVE/extracted/LIVE_MD/To_Release/Ref_Images/sunrise.bmp,72.7368,32.78380584716797,0.1647182559991051,0
sunrise_jpeg2.bmp,/kaggle/working/MDFS/data/MDLIVE/extracted/LIVE_MD/To_Release/Part_1/blurjpeg/sunrise_jpeg2.bmp,Multiply Dist.,sunrise.bmp,/kaggle/working/MDFS/data/MDLIVE/extracted/LIVE_MD/To_Release/Ref_Images/sunrise.bmp,21.3158,23.946144104003903,0.163587056000324,0
wheel_blur1.bmp,/kaggle/working/MDFS/data/MDLIVE/extracted/LIVE_MD/To_Release/Part_1/blurjpeg/wheel_blur1.bmp,Multiply Dist.,wheel.bmp,/kaggle/working/MDFS/data/MDLIVE/extracted/LIVE_MD/To_Release/Ref_Images/wheel.bmp,18.6316,28.297435760498047,0.1616560959992057,0
wheel_blur1_jpeg2.bmp,/kaggle/working/MDFS/data/MDLIVE/extracted/LIVE_MD/To_Release/Part_1/blurjpeg/wheel_blur1_jpeg2.bmp,Multiply Dist.,wheel.bmp,/kaggle/working/MDFS/data/MDLIVE/extracted/LIVE_MD/To_Release/Ref_Images/wheel.bmp,37.0526,27.21367454528809,0.1638925249990279,0
wheel_blur2.bmp,/kaggle/working/MDFS/data/MDLIVE/extracted/LIVE_MD/To_Release/Part_1/blurjpeg/wheel_blur2.bmp,Multiply Dist.,wheel.bmp,/kaggle/working/MDFS/data/MDLIVE/extracted/LIVE_MD/To_Release/Ref_Images/wheel.bmp,43.7368,33.77815628051758,0.1589425399997708,0
wheel_blur2_jpeg2.bmp,/kaggle/working/MDFS/data/MDLIVE/extracted/LIVE_MD/To_Release/Part_1/blurjpeg/wheel_blur2_jpeg2.bmp,Multiply Dist.,wheel.bmp,/kaggle/working/MDFS/data/MDLIVE/extracted/LIVE_MD/To_Release/Ref_Images/wheel.bmp,48.0526,29.08238410949707,0.1658756009983335,0
wheel_blur3.bmp,/kaggle/working/MDFS/data/MDLIVE/extracted/LIVE_MD/To_Release/Part_1/blurjpeg/wheel_blur3.bmp,Multiply Dist.,wheel.bmp,/kaggle/working/MDFS/data/MDLIVE/extracted/LIVE_MD/To_Release/Ref_Images/wheel.bmp,56.3158,37.11231231689453,0.1635406269997474,0
wheel_blur3_jpeg2.bmp,/kaggle/working/MDFS/data/MDLIVE/extracted/LIVE_MD/To_Release/Part_1/blurjpeg/wheel_blur3_jpeg2.bmp,Multiply Dist.,wheel.bmp,/kaggle/working/MDFS/data/MDLIVE/extracted/LIVE_MD/To_Release/Ref_Images/wheel.bmp,61.4211,30.87735748291016,0.1675930820001667,0
wheel_jpeg1.bmp,/kaggle/working/MDFS/data/MDLIVE/extracted/LIVE_MD/To_Release/Part_1/blurjpeg/wheel_jpeg1.bmp,Multiply Dist.,wheel.bmp,/kaggle/working/MDFS/data/MDLIVE/extracted/LIVE_MD/To_Release/Ref_Images/wheel.bmp,14.2632,23.29527473449707,0.1680988169991906,0
wheel_jpeg3.bmp,/kaggle/working/MDFS/data/MDLIVE/extracted/LIVE_MD/To_Release/Part_1/blurjpeg/wheel_jpeg3.bmp,Multiply Dist.,wheel.bmp,/kaggle/working/MDFS/data/MDLIVE/extracted/LIVE_MD/To_Release/Ref_Images/wheel.bmp,25.8947,25.25085830688477,0.1650567329998011,0
babygirl_blur1_noise1.bmp,/kaggle/working/MDFS/data/MDLIVE/extracted/LIVE_MD/To_Release/Part_2/blurnoise/babygirl_blur1_noise1.bmp,Multiply Dist.,babygirl.bmp,/kaggle/working/MDFS/data/MDLIVE/extracted/LIVE_MD/To_Release/Ref_Images/babygirl.bmp,28.2778,27.31635856628418,0.1644811419992038,0
babygirl_blur1_noise3.bmp,/kaggle/working/MDFS/data/MDLIVE/extracted/LIVE_MD/To_Release/Part_2/blurnoise/babygirl_blur1_noise3.bmp,Multiply Dist.,babygirl.bmp,/kaggle/working/MDFS/data/MDLIVE/extracted/LIVE_MD/To_Release/Ref_Images/babygirl.bmp,52.3333,32.14795684814453,0.1633440699988568,0
babygirl_blur2_noise1.bmp,/kaggle/working/MDFS/data/MDLIVE/extracted/LIVE_MD/To_Release/Part_2/blurnoise/babygirl_blur2_noise1.bmp,Multiply Dist.,babygirl.bmp,/kaggle/working/MDFS/data/MDLIVE/extracted/LIVE_MD/To_Release/Ref_Images/babygirl.bmp,47.3333,28.862314224243164,0.1658399719999579,0
babygirl_blur2_noise3.bmp,/kaggle/working/MDFS/data/MDLIVE/extracted/LIVE_MD/To_Release/Part_2/blurnoise/babygirl_blur2_noise3.bmp,Multiply Dist.,babygirl.bmp,/kaggle/working/MDFS/data/MDLIVE/extracted/LIVE_MD/To_Release/Ref_Images/babygirl.bmp,58.4444,32.881370544433594,0.1658146230001875,0
babygirl_blur3_noise1.bmp,/kaggle/working/MDFS/data/MDLIVE/extracted/LIVE_MD/To_Release/Part_2/blurnoise/babygirl_blur3_noise1.bmp,Multiply Dist.,babygirl.bmp,/kaggle/working/MDFS/data/MDLIVE/extracted/LIVE_MD/To_Release/Ref_Images/babygirl.bmp,61.4444,30.06379127502441,0.1666733540005225,0
babygirl_blur3_noise3.bmp,/kaggle/working/MDFS/data/MDLIVE/extracted/LIVE_MD/To_Release/Part_2/blurnoise/babygirl_blur3_noise3.bmp,Multiply Dist.,babygirl.bmp,/kaggle/working/MDFS/data/MDLIVE/extracted/LIVE_MD/To_Release/Ref_Images/babygirl.bmp,67.3889,33.44538116455078,0.1695245300015813,0
babygirl_noise2.bmp,/kaggle/working/MDFS/data/MDLIVE/extracted/LIVE_MD/To_Release/Part_2/blurnoise/babygirl_noise2.bmp,Multiply Dist.,babygirl.bmp,/kaggle/working/MDFS/data/MDLIVE/extracted/LIVE_MD/To_Release/Ref_Images/babygirl.bmp,36.8333,27.72304344177246,0.166002389998539,0
bikerace_blur1.bmp,/kaggle/working/MDFS/data/MDLIVE/extracted/LIVE_MD/To_Release/Part_2/blurnoise/bikerace_blur1.bmp,Multiply Dist.,bikerace.bmp,/kaggle/working/MDFS/data/MDLIVE/extracted/LIVE_MD/To_Release/Ref_Images/bikerace.bmp,30.8889,27.32062721252441,0.1679003249992092,0
bikerace_blur1_noise2.bmp,/kaggle/working/MDFS/data/MDLIVE/extracted/LIVE_MD/To_Release/Part_2/blurnoise/bikerace_blur1_noise2.bmp,Multiply Dist.,bikerace.bmp,/kaggle/working/MDFS/data/MDLIVE/extracted/LIVE_MD/To_Release/Ref_Images/bikerace.bmp,47.8889,28.586217880249023,0.1671130069989885,0
bikerace_blur2.bmp,/kaggle/working/MDFS/data/MDLIVE/extracted/LIVE_MD/To_Release/Part_2/blurnoise/bikerace_blur2.bmp,Multiply Dist.,bikerace.bmp,/kaggle/working/MDFS/data/MDLIVE/extracted/LIVE_MD/To_Release/Ref_Images/bikerace.bmp,51.6111,31.902002334594727,0.1669100870003603,0
bikerace_blur2_noise2.bmp,/kaggle/working/MDFS/data/MDLIVE/extracted/LIVE_MD/To_Release/Part_2/blurnoise/bikerace_blur2_noise2.bmp,Multiply Dist.,bikerace.bmp,/kaggle/working/MDFS/data/MDLIVE/extracted/LIVE_MD/To_Release/Ref_Images/bikerace.bmp,58.5,31.098073959350582,0.1674088449999544,0
bikerace_blur3.bmp,/kaggle/working/MDFS/data/MDLIVE/extracted/LIVE_MD/To_Release/Part_2/blurnoise/bikerace_blur3.bmp,Multiply Dist.,bikerace.bmp,/kaggle/working/MDFS/data/MDLIVE/extracted/LIVE_MD/To_Release/Ref_Images/bikerace.bmp,64.6111,34.830543518066406,0.1692790249999234,0
bikerace_blur3_noise2.bmp,/kaggle/working/MDFS/data/MDLIVE/extracted/LIVE_MD/To_Release/Part_2/blurnoise/bikerace_blur3_noise2.bmp,Multiply Dist.,bikerace.bmp,/kaggle/working/MDFS/data/MDLIVE/extracted/LIVE_MD/To_Release/Ref_Images/bikerace.bmp,71.5,32.60254669189453,0.164640844999667,0
bikerace_noise1.bmp,/kaggle/working/MDFS/data/MDLIVE/extracted/LIVE_MD/To_Release/Part_2/blurnoise/bikerace_noise1.bmp,Multiply Dist.,bikerace.bmp,/kaggle/working/MDFS/data/MDLIVE/extracted/LIVE_MD/To_Release/Ref_Images/bikerace.bmp,5.6667,22.463886260986328,0.1649457369985612,0
bikerace_noise3.bmp,/kaggle/working/MDFS/data/MDLIVE/extracted/LIVE_MD/To_Release/Part_2/blurnoise/bikerace_noise3.bmp,Multiply Dist.,bikerace.bmp,/kaggle/working/MDFS/data/MDLIVE/extracted/LIVE_MD/To_Release/Ref_Images/bikerace.bmp,36.8333,25.959152221679688,0.1632643819993973,0
cows_blur1_noise1.bmp,/kaggle/working/MDFS/data/MDLIVE/extracted/LIVE_MD/To_Release/Part_2/blurnoise/cows_blur1_noise1.bmp,Multiply Dist.,cows.bmp,/kaggle/working/MDFS/data/MDLIVE/extracted/LIVE_MD/To_Release/Ref_Images/cows.bmp,39.5,26.061616897583008,0.1691113599990785,0
cows_blur1_noise3.bmp,/kaggle/working/MDFS/data/MDLIVE/extracted/LIVE_MD/To_Release/Part_2/blurnoise/cows_blur1_noise3.bmp,Multiply Dist.,cows.bmp,/kaggle/working/MDFS/data/MDLIVE/extracted/LIVE_MD/To_Release/Ref_Images/cows.bmp,52.1667,33.635440826416016,0.1696983929996349,0
cows_blur2_noise1.bmp,/kaggle/working/MDFS/data/MDLIVE/extracted/LIVE_MD/To_Release/Part_2/blurnoise/cows_blur2_noise1.bmp,Multiply Dist.,cows.bmp,/kaggle/working/MDFS/data/MDLIVE/extracted/LIVE_MD/To_Release/Ref_Images/cows.bmp,56.6111,29.0682315826416,0.1667211179992591,0
cows_blur2_noise3.bmp,/kaggle/working/MDFS/data/MDLIVE/extracted/LIVE_MD/To_Release/Part_2/blurnoise/cows_blur2_noise3.bmp,Multiply Dist.,cows.bmp,/kaggle/working/MDFS/data/MDLIVE/extracted/LIVE_MD/To_Release/Ref_Images/cows.bmp,58.3333,34.60685729980469,0.1656840029991144,0
cows_blur3_noise1.bmp,/kaggle/working/MDFS/data/MDLIVE/extracted/LIVE_MD/To_Release/Part_2/blurnoise/cows_blur3_noise1.bmp,Multiply Dist.,cows.bmp,/kaggle/working/MDFS/data/MDLIVE/extracted/LIVE_MD/To_Release/Ref_Images/cows.bmp,70.5556,30.526779174804688,0.1667104160005692,0
cows_blur3_noise3.bmp,/kaggle/working/MDFS/data/MDLIVE/extracted/LIVE_MD/To_Release/Part_2/blurnoise/cows_blur3_noise3.bmp,Multiply Dist.,cows.bmp,/kaggle/working/MDFS/data/MDLIVE/extracted/LIVE_MD/To_Release/Ref_Images/cows.bmp,79.4444,36.02461242675781,0.1663349690006725,0
cows_noise2.bmp,/kaggle/working/MDFS/data/MDLIVE/extracted/LIVE_MD/To_Release/Part_2/blurnoise/cows_noise2.bmp,Multiply Dist.,cows.bmp,/kaggle/working/MDFS/data/MDLIVE/extracted/LIVE_MD/To_Release/Ref_Images/cows.bmp,30.5556,25.628965377807617,0.1676699939998798,0
elephant_blur1.bmp,/kaggle/working/MDFS/data/MDLIVE/extracted/LIVE_MD/To_Release/Part_2/blurnoise/elephant_blur1.bmp,Multiply Dist.,elephant.bmp,/kaggle/working/MDFS/data/MDLIVE/extracted/LIVE_MD/To_Release/Ref_Images/elephant.bmp,25.8333,26.97542762756348,0.1668838990008225,0
elephant_blur1_noise2.bmp,/kaggle/working/MDFS/data/MDLIVE/extracted/LIVE_MD/To_Release/Part_2/blurnoise/elephant_blur1_noise2.bmp,Multiply Dist.,elephant.bmp,/kaggle/working/MDFS/data/MDLIVE/extracted/LIVE_MD/To_Release/Ref_Images/elephant.bmp,45.1111,29.450157165527344,0.1715647940000053,0
elephant_blur2.bmp,/kaggle/working/MDFS/data/MDLIVE/extracted/LIVE_MD/To_Release/Part_2/blurnoise/elephant_blur2.bmp,Multiply Dist.,elephant.bmp,/kaggle/working/MDFS/data/MDLIVE/extracted/LIVE_MD/To_Release/Ref_Images/elephant.bmp,49.0,31.1762638092041,0.1649469160001899,0
elephant_blur2_noise2.bmp,/kaggle/working/MDFS/data/MDLIVE/extracted/LIVE_MD/To_Release/Part_2/blurnoise/elephant_blur2_noise2.bmp,Multiply Dist.,elephant.bmp,/kaggle/working/MDFS/data/MDLIVE/extracted/LIVE_MD/To_Release/Ref_Images/elephant.bmp,55.1667,32.23395919799805,0.1653655910013185,0
elephant_blur3.bmp,/kaggle/working/MDFS/data/MDLIVE/extracted/LIVE_MD/To_Release/Part_2/blurnoise/elephant_blur3.bmp,Multiply Dist.,elephant.bmp,/kaggle/working/MDFS/data/MDLIVE/extracted/LIVE_MD/To_Release/Ref_Images/elephant.bmp,59.1667,34.11361312866211,0.167686651000622,0
elephant_blur3_noise2.bmp,/kaggle/working/MDFS/data/MDLIVE/extracted/LIVE_MD/To_Release/Part_2/blurnoise/elephant_blur3_noise2.bmp,Multiply Dist.,elephant.bmp,/kaggle/working/MDFS/data/MDLIVE/extracted/LIVE_MD/To_Release/Ref_Images/elephant.bmp,67.6111,33.96040344238281,0.167655075998482,0
elephant_noise1.bmp,/kaggle/working/MDFS/data/MDLIVE/extracted/LIVE_MD/To_Release/Part_2/blurnoise/elephant_noise1.bmp,Multiply Dist.,elephant.bmp,/kaggle/working/MDFS/data/MDLIVE/extracted/LIVE_MD/To_Release/Ref_Images/elephant.bmp,6.5,22.401657104492188,0.1715630670005339,0
elephant_noise3.bmp,/kaggle/working/MDFS/data/MDLIVE/extracted/LIVE_MD/To_Release/Part_2/blurnoise/elephant_noise3.bmp,Multiply Dist.,elephant.bmp,/kaggle/working/MDFS/data/MDLIVE/extracted/LIVE_MD/To_Release/Ref_Images/elephant.bmp,33.1111,26.41255569458008,0.1681947310007672,0
iceroad_blur1_noise1.bmp,/kaggle/working/MDFS/data/MDLIVE/extracted/LIVE_MD/To_Release/Part_2/blurnoise/iceroad_blur1_noise1.bmp,Multiply Dist.,iceroad.bmp,/kaggle/working/MDFS/data/MDLIVE/extracted/LIVE_MD/To_Release/Ref_Images/iceroad.bmp,28.0556,27.57377052307129,0.1629782609998074,0
iceroad_blur1_noise3.bmp,/kaggle/working/MDFS/data/MDLIVE/extracted/LIVE_MD/To_Release/Part_2/blurnoise/iceroad_blur1_noise3.bmp,Multiply Dist.,iceroad.bmp,/kaggle/working/MDFS/data/MDLIVE/extracted/LIVE_MD/To_Release/Ref_Images/iceroad.bmp,45.2222,34.43989562988281,0.1677800979996391,0
iceroad_blur2_noise1.bmp,/kaggle/working/MDFS/data/MDLIVE/extracted/LIVE_MD/To_Release/Part_2/blurnoise/iceroad_blur2_noise1.bmp,Multiply Dist.,iceroad.bmp,/kaggle/working/MDFS/data/MDLIVE/extracted/LIVE_MD/To_Release/Ref_Images/iceroad.bmp,48.3889,30.50663375854492,0.1681473200005712,0
iceroad_blur2_noise3.bmp,/kaggle/working/MDFS/data/MDLIVE/extracted/LIVE_MD/To_Release/Part_2/blurnoise/iceroad_blur2_noise3.bmp,Multiply Dist.,iceroad.bmp,/kaggle/working/MDFS/data/MDLIVE/extracted/LIVE_MD/To_Release/Ref_Images/iceroad.bmp,54.7778,36.21405029296875,0.1676436519992421,0
iceroad_blur3_noise1.bmp,/kaggle/working/MDFS/data/MDLIVE/extracted/LIVE_MD/To_Release/Part_2/blurnoise/iceroad_blur3_noise1.bmp,Multiply Dist.,iceroad.bmp,/kaggle/working/MDFS/data/MDLIVE/extracted/LIVE_MD/To_Release/Ref_Images/iceroad.bmp,64.4444,31.87508201599121,0.1714737050006078,0
iceroad_blur3_noise3.bmp,/kaggle/working/MDFS/data/MDLIVE/extracted/LIVE_MD/To_Release/Part_2/blurnoise/iceroad_blur3_noise3.bmp,Multiply Dist.,iceroad.bmp,/kaggle/working/MDFS/data/MDLIVE/extracted/LIVE_MD/To_Release/Ref_Images/iceroad.bmp,65.9444,37.30644607543945,0.1687844830012181,0
iceroad_noise2.bmp,/kaggle/working/MDFS/data/MDLIVE/extracted/LIVE_MD/To_Release/Part_2/blurnoise/iceroad_noise2.bmp,Multiply Dist.,iceroad.bmp,/kaggle/working/MDFS/data/MDLIVE/extracted/LIVE_MD/To_Release/Ref_Images/iceroad.bmp,22.9444,25.97674560546875,0.1653453890012315,0
lakebuilding_blur1.bmp,/kaggle/working/MDFS/data/MDLIVE/extracted/LIVE_MD/To_Release/Part_2/blurnoise/lakebuilding_blur1.bmp,Multiply Dist.,lakebuilding.bmp,/kaggle/working/MDFS/data/MDLIVE/extracted/LIVE_MD/To_Release/Ref_Images/lakebuilding.bmp,35.0,26.57564926147461,0.1734566169998288,0
lakebuilding_blur1_noise2.bmp,/kaggle/working/MDFS/data/MDLIVE/extracted/LIVE_MD/To_Release/Part_2/blurnoise/lakebuilding_blur1_noise2.bmp,Multiply Dist.,lakebuilding.bmp,/kaggle/working/MDFS/data/MDLIVE/extracted/LIVE_MD/To_Release/Ref_Images/lakebuilding.bmp,52.8889,28.580738067626957,0.1717889970004762,0
lakebuilding_blur2.bmp,/kaggle/working/MDFS/data/MDLIVE/extracted/LIVE_MD/To_Release/Part_2/blurnoise/lakebuilding_blur2.bmp,Multiply Dist.,lakebuilding.bmp,/kaggle/working/MDFS/data/MDLIVE/extracted/LIVE_MD/To_Release/Ref_Images/lakebuilding.bmp,60.3333,31.266054153442383,0.1701689599995006,0
lakebuilding_blur2_noise2.bmp,/kaggle/working/MDFS/data/MDLIVE/extracted/LIVE_MD/To_Release/Part_2/blurnoise/lakebuilding_blur2_noise2.bmp,Multiply Dist.,lakebuilding.bmp,/kaggle/working/MDFS/data/MDLIVE/extracted/LIVE_MD/To_Release/Ref_Images/lakebuilding.bmp,68.5,31.296920776367188,0.1707022669997968,0
lakebuilding_blur3.bmp,/kaggle/working/MDFS/data/MDLIVE/extracted/LIVE_MD/To_Release/Part_2/blurnoise/lakebuilding_blur3.bmp,Multiply Dist.,lakebuilding.bmp,/kaggle/working/MDFS/data/MDLIVE/extracted/LIVE_MD/To_Release/Ref_Images/lakebuilding.bmp,70.5,34.4820671081543,0.16788208700018,0
lakebuilding_blur3_noise2.bmp,/kaggle/working/MDFS/data/MDLIVE/extracted/LIVE_MD/To_Release/Part_2/blurnoise/lakebuilding_blur3_noise2.bmp,Multiply Dist.,lakebuilding.bmp,/kaggle/working/MDFS/data/MDLIVE/extracted/LIVE_MD/To_Release/Ref_Images/lakebuilding.bmp,80.5,32.71757507324219,0.1682810510010313,0
lakebuilding_noise1.bmp,/kaggle/working/MDFS/data/MDLIVE/extracted/LIVE_MD/To_Release/Part_2/blurnoise/lakebuilding_noise1.bmp,Multiply Dist.,lakebuilding.bmp,/kaggle/working/MDFS/data/MDLIVE/extracted/LIVE_MD/To_Release/Ref_Images/lakebuilding.bmp,7.3333,21.8523006439209,0.1648413550010445,0
lakebuilding_noise3.bmp,/kaggle/working/MDFS/data/MDLIVE/extracted/LIVE_MD/To_Release/Part_2/blurnoise/lakebuilding_noise3.bmp,Multiply Dist.,lakebuilding.bmp,/kaggle/working/MDFS/data/MDLIVE/extracted/LIVE_MD/To_Release/Ref_Images/lakebuilding.bmp,38.9444,25.927898406982425,0.1684990270005073,0
lunch_blur1_noise1.bmp,/kaggle/working/MDFS/data/MDLIVE/extracted/LIVE_MD/To_Release/Part_2/blurnoise/lunch_blur1_noise1.bmp,Multiply Dist.,lunch.bmp,/kaggle/working/MDFS/data/MDLIVE/extracted/LIVE_MD/To_Release/Ref_Images/lunch.bmp,38.5,26.42498016357422,0.1661313899985543,0
lunch_blur1_noise3.bmp,/kaggle/working/MDFS/data/MDLIVE/extracted/LIVE_MD/To_Release/Part_2/blurnoise/lunch_blur1_noise3.bmp,Multiply Dist.,lunch.bmp,/kaggle/working/MDFS/data/MDLIVE/extracted/LIVE_MD/To_Release/Ref_Images/lunch.bmp,48.6111,31.07589340209961,0.1684317609997379,0
lunch_blur2_noise1.bmp,/kaggle/working/MDFS/data/MDLIVE/extracted/LIVE_MD/To_Release/Part_2/blurnoise/lunch_blur2_noise1.bmp,Multiply Dist.,lunch.bmp,/kaggle/working/MDFS/data/MDLIVE/extracted/LIVE_MD/To_Release/Ref_Images/lunch.bmp,53.0,28.55387115478516,0.1721195379996061,0
lunch_blur2_noise3.bmp,/kaggle/working/MDFS/data/MDLIVE/extracted/LIVE_MD/To_Release/Part_2/blurnoise/lunch_blur2_noise3.bmp,Multiply Dist.,lunch.bmp,/kaggle/working/MDFS/data/MDLIVE/extracted/LIVE_MD/To_Release/Ref_Images/lunch.bmp,64.8333,33.21047592163086,0.1681876849997934,0
lunch_blur3_noise1.bmp,/kaggle/working/MDFS/data/MDLIVE/extracted/LIVE_MD/To_Release/Part_2/blurnoise/lunch_blur3_noise1.bmp,Multiply Dist.,lunch.bmp,/kaggle/working/MDFS/data/MDLIVE/extracted/LIVE_MD/To_Release/Ref_Images/lunch.bmp,73.0556,30.004283905029297,0.1725035759991442,0
lunch_blur3_noise3.bmp,/kaggle/working/MDFS/data/MDLIVE/extracted/LIVE_MD/To_Release/Part_2/blurnoise/lunch_blur3_noise3.bmp,Multiply Dist.,lunch.bmp,/kaggle/working/MDFS/data/MDLIVE/extracted/LIVE_MD/To_Release/Ref_Images/lunch.bmp,73.0,34.44160079956055,0.1694088360000023,0
lunch_noise2.bmp,/kaggle/working/MDFS/data/MDLIVE/extracted/LIVE_MD/To_Release/Part_2/blurnoise/lunch_noise2.bmp,Multiply Dist.,lunch.bmp,/kaggle/working/MDFS/data/MDLIVE/extracted/LIVE_MD/To_Release/Ref_Images/lunch.bmp,23.7778,25.09712219238281,0.1726940589996957,0
market_blur1.bmp,/kaggle/working/MDFS/data/MDLIVE/extracted/LIVE_MD/To_Release/Part_2/blurnoise/market_blur1.bmp,Multiply Dist.,market.bmp,/kaggle/working/MDFS/data/MDLIVE/extracted/LIVE_MD/To_Release/Ref_Images/market.bmp,22.0,27.89522171020508,0.1683871780005574,0
market_blur1_noise2.bmp,/kaggle/working/MDFS/data/MDLIVE/extracted/LIVE_MD/To_Release/Part_2/blurnoise/market_blur1_noise2.bmp,Multiply Dist.,market.bmp,/kaggle/working/MDFS/data/MDLIVE/extracted/LIVE_MD/To_Release/Ref_Images/market.bmp,43.0556,28.65990829467773,0.1725708400008443,0
market_blur2.bmp,/kaggle/working/MDFS/data/MDLIVE/extracted/LIVE_MD/To_Release/Part_2/blurnoise/market_blur2.bmp,Multiply Dist.,market.bmp,/kaggle/working/MDFS/data/MDLIVE/extracted/LIVE_MD/To_Release/Ref_Images/market.bmp,45.7222,31.71057510375977,0.1701133129990921,0
market_blur2_noise2.bmp,/kaggle/working/MDFS/data/MDLIVE/extracted/LIVE_MD/To_Release/Part_2/blurnoise/market_blur2_noise2.bmp,Multiply Dist.,market.bmp,/kaggle/working/MDFS/data/MDLIVE/extracted/LIVE_MD/To_Release/Ref_Images/market.bmp,50.8889,31.369075775146484,0.171095530000457,0
market_blur3.bmp,/kaggle/working/MDFS/data/MDLIVE/extracted/LIVE_MD/To_Release/Part_2/blurnoise/market_blur3.bmp,Multiply Dist.,market.bmp,/kaggle/working/MDFS/data/MDLIVE/extracted/LIVE_MD/To_Release/Ref_Images/market.bmp,59.3889,34.51860046386719,0.1701802369989309,0
market_blur3_noise2.bmp,/kaggle/working/MDFS/data/MDLIVE/extracted/LIVE_MD/To_Release/Part_2/blurnoise/market_blur3_noise2.bmp,Multiply Dist.,market.bmp,/kaggle/working/MDFS/data/MDLIVE/extracted/LIVE_MD/To_Release/Ref_Images/market.bmp,61.7778,33.22787094116211,0.1724520379993919,0
market_noise1.bmp,/kaggle/working/MDFS/data/MDLIVE/extracted/LIVE_MD/To_Release/Part_2/blurnoise/market_noise1.bmp,Multiply Dist.,market.bmp,/kaggle/working/MDFS/data/MDLIVE/extracted/LIVE_MD/To_Release/Ref_Images/market.bmp,10.6667,22.99696350097656,0.1683742159984831,0
market_noise3.bmp,/kaggle/working/MDFS/data/MDLIVE/extracted/LIVE_MD/To_Release/Part_2/blurnoise/market_noise3.bmp,Multiply Dist.,market.bmp,/kaggle/working/MDFS/data/MDLIVE/extracted/LIVE_MD/To_Release/Ref_Images/market.bmp,37.0,25.715097427368164,0.1697470840008463,0
palace2_blur1_noise1.bmp,/kaggle/working/MDFS/data/MDLIVE/extracted/LIVE_MD/To_Release/Part_2/blurnoise/palace2_blur1_noise1.bmp,Multiply Dist.,palace2.bmp,/kaggle/working/MDFS/data/MDLIVE/extracted/LIVE_MD/To_Release/Ref_Images/palace2.bmp,44.1111,26.273073196411133,0.1709697940004844,0
palace2_blur1_noise3.bmp,/kaggle/working/MDFS/data/MDLIVE/extracted/LIVE_MD/To_Release/Part_2/blurnoise/palace2_blur1_noise3.bmp,Multiply Dist.,palace2.bmp,/kaggle/working/MDFS/data/MDLIVE/extracted/LIVE_MD/To_Release/Ref_Images/palace2.bmp,62.5556,34.553504943847656,0.1697393489994283,0
palace2_blur2_noise1.bmp,/kaggle/working/MDFS/data/MDLIVE/extracted/LIVE_MD/To_Release/Part_2/blurnoise/palace2_blur2_noise1.bmp,Multiply Dist.,palace2.bmp,/kaggle/working/MDFS/data/MDLIVE/extracted/LIVE_MD/To_Release/Ref_Images/palace2.bmp,67.8333,29.56326484680176,0.1689491350007301,0
palace2_blur2_noise3.bmp,/kaggle/working/MDFS/data/MDLIVE/extracted/LIVE_MD/To_Release/Part_2/blurnoise/palace2_blur2_noise3.bmp,Multiply Dist.,palace2.bmp,/kaggle/working/MDFS/data/MDLIVE/extracted/LIVE_MD/To_Release/Ref_Images/palace2.bmp,71.3889,36.54347229003906,0.1699239539993868,0
palace2_blur3_noise1.bmp,/kaggle/working/MDFS/data/MDLIVE/extracted/LIVE_MD/To_Release/Part_2/blurnoise/palace2_blur3_noise1.bmp,Multiply Dist.,palace2.bmp,/kaggle/working/MDFS/data/MDLIVE/extracted/LIVE_MD/To_Release/Ref_Images/palace2.bmp,77.4444,31.466745376586918,0.1717617399990558,0
palace2_blur3_noise3.bmp,/kaggle/working/MDFS/data/MDLIVE/extracted/LIVE_MD/To_Release/Part_2/blurnoise/palace2_blur3_noise3.bmp,Multiply Dist.,palace2.bmp,/kaggle/working/MDFS/data/MDLIVE/extracted/LIVE_MD/To_Release/Ref_Images/palace2.bmp,80.6111,37.86236953735352,0.1708421760013152,0
palace2_noise2.bmp,/kaggle/working/MDFS/data/MDLIVE/extracted/LIVE_MD/To_Release/Part_2/blurnoise/palace2_noise2.bmp,Multiply Dist.,palace2.bmp,/kaggle/working/MDFS/data/MDLIVE/extracted/LIVE_MD/To_Release/Ref_Images/palace2.bmp,44.3333,25.35712242126465,0.1717924330005189,0
railwaystation_blur1.bmp,/kaggle/working/MDFS/data/MDLIVE/extracted/LIVE_MD/To_Release/Part_2/blurnoise/railwaystation_blur1.bmp,Multiply Dist.,railwaystation.bmp,/kaggle/working/MDFS/data/MDLIVE/extracted/LIVE_MD/To_Release/Ref_Images/railwaystation.bmp,25.5,28.265979766845703,0.171979952001493,0
railwaystation_blur1_noise2.bmp,/kaggle/working/MDFS/data/MDLIVE/extracted/LIVE_MD/To_Release/Part_2/blurnoise/railwaystation_blur1_noise2.bmp,Multiply Dist.,railwaystation.bmp,/kaggle/working/MDFS/data/MDLIVE/extracted/LIVE_MD/To_Release/Ref_Images/railwaystation.bmp,37.6667,29.47524642944336,0.1689864309992117,0
railwaystation_blur2.bmp,/kaggle/working/MDFS/data/MDLIVE/extracted/LIVE_MD/To_Release/Part_2/blurnoise/railwaystation_blur2.bmp,Multiply Dist.,railwaystation.bmp,/kaggle/working/MDFS/data/MDLIVE/extracted/LIVE_MD/To_Release/Ref_Images/railwaystation.bmp,45.1667,31.828372955322266,0.1692383919998974,0
railwaystation_blur2_noise2.bmp,/kaggle/working/MDFS/data/MDLIVE/extracted/LIVE_MD/To_Release/Part_2/blurnoise/railwaystation_blur2_noise2.bmp,Multiply Dist.,railwaystation.bmp,/kaggle/working/MDFS/data/MDLIVE/extracted/LIVE_MD/To_Release/Ref_Images/railwaystation.bmp,49.7778,32.37202453613281,0.1702722660011204,0
railwaystation_blur3.bmp,/kaggle/working/MDFS/data/MDLIVE/extracted/LIVE_MD/To_Release/Part_2/blurnoise/railwaystation_blur3.bmp,Multiply Dist.,railwaystation.bmp,/kaggle/working/MDFS/data/MDLIVE/extracted/LIVE_MD/To_Release/Ref_Images/railwaystation.bmp,55.4444,34.882408142089844,0.1682996449999336,0
railwaystation_blur3_noise2.bmp,/kaggle/working/MDFS/data/MDLIVE/extracted/LIVE_MD/To_Release/Part_2/blurnoise/railwaystation_blur3_noise2.bmp,Multiply Dist.,railwaystation.bmp,/kaggle/working/MDFS/data/MDLIVE/extracted/LIVE_MD/To_Release/Ref_Images/railwaystation.bmp,65.5556,33.262752532958984,0.174803879999672,0
railwaystation_noise1.bmp,/kaggle/working/MDFS/data/MDLIVE/extracted/LIVE_MD/To_Release/Part_2/blurnoise/railwaystation_noise1.bmp,Multiply Dist.,railwaystation.bmp,/kaggle/working/MDFS/data/MDLIVE/extracted/LIVE_MD/To_Release/Ref_Images/railwaystation.bmp,0.61111,22.543561935424805,0.1540957259985589,0
railwaystation_noise3.bmp,/kaggle/working/MDFS/data/MDLIVE/extracted/LIVE_MD/To_Release/Part_2/blurnoise/railwaystation_noise3.bmp,Multiply Dist.,railwaystation.bmp,/kaggle/working/MDFS/data/MDLIVE/extracted/LIVE_MD/To_Release/Ref_Images/railwaystation.bmp,25.7222,26.650531768798828,0.1674422249998315,0
sanfrancisco_blur1_noise1.bmp,/kaggle/working/MDFS/data/MDLIVE/extracted/LIVE_MD/To_Release/Part_2/blurnoise/sanfrancisco_blur1_noise1.bmp,Multiply Dist.,sanfrancisco.bmp,/kaggle/working/MDFS/data/MDLIVE/extracted/LIVE_MD/To_Release/Ref_Images/sanfrancisco.bmp,36.9444,26.48660659790039,0.1715858139996271,0
sanfrancisco_blur1_noise3.bmp,/kaggle/working/MDFS/data/MDLIVE/extracted/LIVE_MD/To_Release/Part_2/blurnoise/sanfrancisco_blur1_noise3.bmp,Multiply Dist.,sanfrancisco.bmp,/kaggle/working/MDFS/data/MDLIVE/extracted/LIVE_MD/To_Release/Ref_Images/sanfrancisco.bmp,57.1667,32.673728942871094,0.1696470489987405,0
sanfrancisco_blur2_noise1.bmp,/kaggle/working/MDFS/data/MDLIVE/extracted/LIVE_MD/To_Release/Part_2/blurnoise/sanfrancisco_blur2_noise1.bmp,Multiply Dist.,sanfrancisco.bmp,/kaggle/working/MDFS/data/MDLIVE/extracted/LIVE_MD/To_Release/Ref_Images/sanfrancisco.bmp,60.6667,29.00594139099121,0.173223465000774,0
sanfrancisco_blur2_noise3.bmp,/kaggle/working/MDFS/data/MDLIVE/extracted/LIVE_MD/To_Release/Part_2/blurnoise/sanfrancisco_blur2_noise3.bmp,Multiply Dist.,sanfrancisco.bmp,/kaggle/working/MDFS/data/MDLIVE/extracted/LIVE_MD/To_Release/Ref_Images/sanfrancisco.bmp,64.7778,34.79465866088867,0.1732613410003978,0
sanfrancisco_blur3_noise1.bmp,/kaggle/working/MDFS/data/MDLIVE/extracted/LIVE_MD/To_Release/Part_2/blurnoise/sanfrancisco_blur3_noise1.bmp,Multiply Dist.,sanfrancisco.bmp,/kaggle/working/MDFS/data/MDLIVE/extracted/LIVE_MD/To_Release/Ref_Images/sanfrancisco.bmp,74.9444,30.47783470153809,0.167229883998516,0
sanfrancisco_blur3_noise3.bmp,/kaggle/working/MDFS/data/MDLIVE/extracted/LIVE_MD/To_Release/Part_2/blurnoise/sanfrancisco_blur3_noise3.bmp,Multiply Dist.,sanfrancisco.bmp,/kaggle/working/MDFS/data/MDLIVE/extracted/LIVE_MD/To_Release/Ref_Images/sanfrancisco.bmp,77.5556,36.00665283203125,0.1692100729997037,0
sanfrancisco_noise2.bmp,/kaggle/working/MDFS/data/MDLIVE/extracted/LIVE_MD/To_Release/Part_2/blurnoise/sanfrancisco_noise2.bmp,Multiply Dist.,sanfrancisco.bmp,/kaggle/working/MDFS/data/MDLIVE/extracted/LIVE_MD/To_Release/Ref_Images/sanfrancisco.bmp,27.6111,25.251983642578125,0.1701852930000313,0
scrimmage_blur1.bmp,/kaggle/working/MDFS/data/MDLIVE/extracted/LIVE_MD/To_Release/Part_2/blurnoise/scrimmage_blur1.bmp,Multiply Dist.,scrimmage.bmp,/kaggle/working/MDFS/data/MDLIVE/extracted/LIVE_MD/To_Release/Ref_Images/scrimmage.bmp,31.0556,27.21407127380371,0.1712664379992929,0
scrimmage_blur1_noise2.bmp,/kaggle/working/MDFS/data/MDLIVE/extracted/LIVE_MD/To_Release/Part_2/blurnoise/scrimmage_blur1_noise2.bmp,Multiply Dist.,scrimmage.bmp,/kaggle/working/MDFS/data/MDLIVE/extracted/LIVE_MD/To_Release/Ref_Images/scrimmage.bmp,41.8333,28.86155891418457,0.1732294829998863,0
scrimmage_blur2.bmp,/kaggle/working/MDFS/data/MDLIVE/extracted/LIVE_MD/To_Release/Part_2/blurnoise/scrimmage_blur2.bmp,Multiply Dist.,scrimmage.bmp,/kaggle/working/MDFS/data/MDLIVE/extracted/LIVE_MD/To_Release/Ref_Images/scrimmage.bmp,47.7778,32.16764450073242,0.1727916939998977,0
scrimmage_blur2_noise2.bmp,/kaggle/working/MDFS/data/MDLIVE/extracted/LIVE_MD/To_Release/Part_2/blurnoise/scrimmage_blur2_noise2.bmp,Multiply Dist.,scrimmage.bmp,/kaggle/working/MDFS/data/MDLIVE/extracted/LIVE_MD/To_Release/Ref_Images/scrimmage.bmp,58.2222,30.857999801635746,0.1728168150002602,0
scrimmage_blur3.bmp,/kaggle/working/MDFS/data/MDLIVE/extracted/LIVE_MD/To_Release/Part_2/blurnoise/scrimmage_blur3.bmp,Multiply Dist.,scrimmage.bmp,/kaggle/working/MDFS/data/MDLIVE/extracted/LIVE_MD/To_Release/Ref_Images/scrimmage.bmp,68.9444,35.9075927734375,0.1716755099987494,0
scrimmage_blur3_noise2.bmp,/kaggle/working/MDFS/data/MDLIVE/extracted/LIVE_MD/To_Release/Part_2/blurnoise/scrimmage_blur3_noise2.bmp,Multiply Dist.,scrimmage.bmp,/kaggle/working/MDFS/data/MDLIVE/extracted/LIVE_MD/To_Release/Ref_Images/scrimmage.bmp,69.0556,32.323673248291016,0.1744697619997168,0
scrimmage_noise1.bmp,/kaggle/working/MDFS/data/MDLIVE/extracted/LIVE_MD/To_Release/Part_2/blurnoise/scrimmage_noise1.bmp,Multiply Dist.,scrimmage.bmp,/kaggle/working/MDFS/data/MDLIVE/extracted/LIVE_MD/To_Release/Ref_Images/scrimmage.bmp,6.6667,21.842300415039062,0.1717592499990132,0
scrimmage_noise3.bmp,/kaggle/working/MDFS/data/MDLIVE/extracted/LIVE_MD/To_Release/Part_2/blurnoise/scrimmage_noise3.bmp,Multiply Dist.,scrimmage.bmp,/kaggle/working/MDFS/data/MDLIVE/extracted/LIVE_MD/To_Release/Ref_Images/scrimmage.bmp,35.9444,25.738449096679688,0.1657680270000128,0
seals_blur1_noise1.bmp,/kaggle/working/MDFS/data/MDLIVE/extracted/LIVE_MD/To_Release/Part_2/blurnoise/seals_blur1_noise1.bmp,Multiply Dist.,seals.bmp,/kaggle/working/MDFS/data/MDLIVE/extracted/LIVE_MD/To_Release/Ref_Images/seals.bmp,32.2778,27.935562133789062,0.1677464450003754,0
seals_blur1_noise3.bmp,/kaggle/working/MDFS/data/MDLIVE/extracted/LIVE_MD/To_Release/Part_2/blurnoise/seals_blur1_noise3.bmp,Multiply Dist.,seals.bmp,/kaggle/working/MDFS/data/MDLIVE/extracted/LIVE_MD/To_Release/Ref_Images/seals.bmp,51.6111,36.134063720703125,0.1704360479998286,0
seals_blur2_noise1.bmp,/kaggle/working/MDFS/data/MDLIVE/extracted/LIVE_MD/To_Release/Part_2/blurnoise/seals_blur2_noise1.bmp,Multiply Dist.,seals.bmp,/kaggle/working/MDFS/data/MDLIVE/extracted/LIVE_MD/To_Release/Ref_Images/seals.bmp,53.9444,30.32535552978516,0.1653507730006822,0
seals_blur2_noise3.bmp,/kaggle/working/MDFS/data/MDLIVE/extracted/LIVE_MD/To_Release/Part_2/blurnoise/seals_blur2_noise3.bmp,Multiply Dist.,seals.bmp,/kaggle/working/MDFS/data/MDLIVE/extracted/LIVE_MD/To_Release/Ref_Images/seals.bmp,57.8889,37.90142059326172,0.1679112199999508,0
seals_blur3_noise1.bmp,/kaggle/working/MDFS/data/MDLIVE/extracted/LIVE_MD/To_Release/Part_2/blurnoise/seals_blur3_noise1.bmp,Multiply Dist.,seals.bmp,/kaggle/working/MDFS/data/MDLIVE/extracted/LIVE_MD/To_Release/Ref_Images/seals.bmp,65.7222,31.886445999145508,0.1694695689984655,0
seals_blur3_noise3.bmp,/kaggle/working/MDFS/data/MDLIVE/extracted/LIVE_MD/To_Release/Part_2/blurnoise/seals_blur3_noise3.bmp,Multiply Dist.,seals.bmp,/kaggle/working/MDFS/data/MDLIVE/extracted/LIVE_MD/To_Release/Ref_Images/seals.bmp,64.6111,38.66778564453125,0.1713281749998714,0
seals_noise2.bmp,/kaggle/working/MDFS/data/MDLIVE/extracted/LIVE_MD/To_Release/Part_2/blurnoise/seals_noise2.bmp,Multiply Dist.,seals.bmp,/kaggle/working/MDFS/data/MDLIVE/extracted/LIVE_MD/To_Release/Ref_Images/seals.bmp,24.2222,27.89632797241211,0.1675248150004336,0
sunrise_blur1.bmp,/kaggle/working/MDFS/data/MDLIVE/extracted/LIVE_MD/To_Release/Part_2/blurnoise/sunrise_blur1.bmp,Multiply Dist.,sunrise.bmp,/kaggle/working/MDFS/data/MDLIVE/extracted/LIVE_MD/To_Release/Ref_Images/sunrise.bmp,17.5556,27.44688415527344,0.1693304189993796,0
sunrise_blur1_noise2.bmp,/kaggle/working/MDFS/data/MDLIVE/extracted/LIVE_MD/To_Release/Part_2/blurnoise/sunrise_blur1_noise2.bmp,Multiply Dist.,sunrise.bmp,/kaggle/working/MDFS/data/MDLIVE/extracted/LIVE_MD/To_Release/Ref_Images/sunrise.bmp,34.2222,29.894710540771484,0.1664230299993505,0
sunrise_blur2.bmp,/kaggle/working/MDFS/data/MDLIVE/extracted/LIVE_MD/To_Release/Part_2/blurnoise/sunrise_blur2.bmp,Multiply Dist.,sunrise.bmp,/kaggle/working/MDFS/data/MDLIVE/extracted/LIVE_MD/To_Release/Ref_Images/sunrise.bmp,30.0,31.73241233825684,0.1609162410004501,0
sunrise_blur2_noise2.bmp,/kaggle/working/MDFS/data/MDLIVE/extracted/LIVE_MD/To_Release/Part_2/blurnoise/sunrise_blur2_noise2.bmp,Multiply Dist.,sunrise.bmp,/kaggle/working/MDFS/data/MDLIVE/extracted/LIVE_MD/To_Release/Ref_Images/sunrise.bmp,44.5,32.14360046386719,0.1650606629991671,0
sunrise_blur3.bmp,/kaggle/working/MDFS/data/MDLIVE/extracted/LIVE_MD/To_Release/Part_2/blurnoise/sunrise_blur3.bmp,Multiply Dist.,sunrise.bmp,/kaggle/working/MDFS/data/MDLIVE/extracted/LIVE_MD/To_Release/Ref_Images/sunrise.bmp,54.8889,35.55781936645508,0.1625576379992708,0
sunrise_blur3_noise2.bmp,/kaggle/working/MDFS/data/MDLIVE/extracted/LIVE_MD/To_Release/Part_2/blurnoise/sunrise_blur3_noise2.bmp,Multiply Dist.,sunrise.bmp,/kaggle/working/MDFS/data/MDLIVE/extracted/LIVE_MD/To_Release/Ref_Images/sunrise.bmp,60.6667,32.841609954833984,0.1637105549998523,0
sunrise_noise1.bmp,/kaggle/working/MDFS/data/MDLIVE/extracted/LIVE_MD/To_Release/Part_2/blurnoise/sunrise_noise1.bmp,Multiply Dist.,sunrise.bmp,/kaggle/working/MDFS/data/MDLIVE/extracted/LIVE_MD/To_Release/Ref_Images/sunrise.bmp,5.7778,22.21917724609375,0.167513627999142,0
sunrise_noise3.bmp,/kaggle/working/MDFS/data/MDLIVE/extracted/LIVE_MD/To_Release/Part_2/blurnoise/sunrise_noise3.bmp,Multiply Dist.,sunrise.bmp,/kaggle/working/MDFS/data/MDLIVE/extracted/LIVE_MD/To_Release/Ref_Images/sunrise.bmp,28.9444,26.131977081298828,0.1651533580006798,0
wheel_blur1_noise1.bmp,/kaggle/working/MDFS/data/MDLIVE/extracted/LIVE_MD/To_Release/Part_2/blurnoise/wheel_blur1_noise1.bmp,Multiply Dist.,wheel.bmp,/kaggle/working/MDFS/data/MDLIVE/extracted/LIVE_MD/To_Release/Ref_Images/wheel.bmp,22.9444,27.76912879943848,0.167987388000256,0
wheel_blur1_noise3.bmp,/kaggle/working/MDFS/data/MDLIVE/extracted/LIVE_MD/To_Release/Part_2/blurnoise/wheel_blur1_noise3.bmp,Multiply Dist.,wheel.bmp,/kaggle/working/MDFS/data/MDLIVE/extracted/LIVE_MD/To_Release/Ref_Images/wheel.bmp,44.0,32.45625686645508,0.1665917959999205,0
wheel_blur2_noise1.bmp,/kaggle/working/MDFS/data/MDLIVE/extracted/LIVE_MD/To_Release/Part_2/blurnoise/wheel_blur2_noise1.bmp,Multiply Dist.,wheel.bmp,/kaggle/working/MDFS/data/MDLIVE/extracted/LIVE_MD/To_Release/Ref_Images/wheel.bmp,43.9444,29.88622093200684,0.1642245019993424,0
wheel_blur2_noise3.bmp,/kaggle/working/MDFS/data/MDLIVE/extracted/LIVE_MD/To_Release/Part_2/blurnoise/wheel_blur2_noise3.bmp,Multiply Dist.,wheel.bmp,/kaggle/working/MDFS/data/MDLIVE/extracted/LIVE_MD/To_Release/Ref_Images/wheel.bmp,54.8889,34.467247009277344,0.1648522249997768,0
wheel_blur3_noise1.bmp,/kaggle/working/MDFS/data/MDLIVE/extracted/LIVE_MD/To_Release/Part_2/blurnoise/wheel_blur3_noise1.bmp,Multiply Dist.,wheel.bmp,/kaggle/working/MDFS/data/MDLIVE/extracted/LIVE_MD/To_Release/Ref_Images/wheel.bmp,59.6111,30.97390365600586,0.1639736479992279,0
wheel_blur3_noise3.bmp,/kaggle/working/MDFS/data/MDLIVE/extracted/LIVE_MD/To_Release/Part_2/blurnoise/wheel_blur3_noise3.bmp,Multiply Dist.,wheel.bmp,/kaggle/working/MDFS/data/MDLIVE/extracted/LIVE_MD/To_Release/Ref_Images/wheel.bmp,58.5556,34.95692825317383,0.1652355119986168,0
wheel_noise2.bmp,/kaggle/working/MDFS/data/MDLIVE/extracted/LIVE_MD/To_Release/Part_2/blurnoise/wheel_noise2.bmp,Multiply Dist.,wheel.bmp,/kaggle/working/MDFS/data/MDLIVE/extracted/LIVE_MD/To_Release/Ref_Images/wheel.bmp,27.3333,26.201099395751957,0.1620277120000537,0
babygirl_blur1_jpeg1.bmp,/kaggle/working/MDFS/data/MDLIVE/extracted/LIVE_MD/To_Release/Part_1/blurjpeg/babygirl_blur1_jpeg1.bmp,Multiply Dist.,babygirl.bmp,/kaggle/working/MDFS/data/MDLIVE/extracted/LIVE_MD/To_Release/Ref_Images/babygirl.bmp,35.7895,26.224586486816406,0.5969654399996216,1
babygirl_blur1_jpeg3.bmp,/kaggle/working/MDFS/data/MDLIVE/extracted/LIVE_MD/To_Release/Part_1/blurjpeg/babygirl_blur1_jpeg3.bmp,Multiply Dist.,babygirl.bmp,/kaggle/working/MDFS/data/MDLIVE/extracted/LIVE_MD/To_Release/Ref_Images/babygirl.bmp,54.3158,29.021608352661133,0.1504308489984396,1
babygirl_blur2_jpeg1.bmp,/kaggle/working/MDFS/data/MDLIVE/extracted/LIVE_MD/To_Release/Part_1/blurjpeg/babygirl_blur2_jpeg1.bmp,Multiply Dist.,babygirl.bmp,/kaggle/working/MDFS/data/MDLIVE/extracted/LIVE_MD/To_Release/Ref_Images/babygirl.bmp,52.6842,27.584064483642575,0.1455549989987048,1
babygirl_blur2_jpeg3.bmp,/kaggle/working/MDFS/data/MDLIVE/extracted/LIVE_MD/To_Release/Part_1/blurjpeg/babygirl_blur2_jpeg3.bmp,Multiply Dist.,babygirl.bmp,/kaggle/working/MDFS/data/MDLIVE/extracted/LIVE_MD/To_Release/Ref_Images/babygirl.bmp,46.2105,30.071128845214844,0.1483502819992281,1
babygirl_blur3_jpeg1.bmp,/kaggle/working/MDFS/data/MDLIVE/extracted/LIVE_MD/To_Release/Part_1/blurjpeg/babygirl_blur3_jpeg1.bmp,Multiply Dist.,babygirl.bmp,/kaggle/working/MDFS/data/MDLIVE/extracted/LIVE_MD/To_Release/Ref_Images/babygirl.bmp,54.0526,29.04850196838379,0.147966353000811,1
babygirl_blur3_jpeg3.bmp,/kaggle/working/MDFS/data/MDLIVE/extracted/LIVE_MD/To_Release/Part_1/blurjpeg/babygirl_blur3_jpeg3.bmp,Multiply Dist.,babygirl.bmp,/kaggle/working/MDFS/data/MDLIVE/extracted/LIVE_MD/To_Release/Ref_Images/babygirl.bmp,66.1053,31.34013938903809,0.1462159509992489,1
babygirl_jpeg2.bmp,/kaggle/working/MDFS/data/MDLIVE/extracted/LIVE_MD/To_Release/Part_1/blurjpeg/babygirl_jpeg2.bmp,Multiply Dist.,babygirl.bmp,/kaggle/working/MDFS/data/MDLIVE/extracted/LIVE_MD/To_Release/Ref_Images/babygirl.bmp,20.2632,25.834190368652344,0.1485441160002665,1
bikerace_blur1.bmp,/kaggle/working/MDFS/data/MDLIVE/extracted/LIVE_MD/To_Release/Part_1/blurjpeg/bikerace_blur1.bmp,Multiply Dist.,bikerace.bmp,/kaggle/working/MDFS/data/MDLIVE/extracted/LIVE_MD/To_Release/Ref_Images/bikerace.bmp,43.9474,27.32062721252441,0.1464485140004399,1
bikerace_blur1_jpeg2.bmp,/kaggle/working/MDFS/data/MDLIVE/extracted/LIVE_MD/To_Release/Part_1/blurjpeg/bikerace_blur1_jpeg2.bmp,Multiply Dist.,bikerace.bmp,/kaggle/working/MDFS/data/MDLIVE/extracted/LIVE_MD/To_Release/Ref_Images/bikerace.bmp,46.7895,26.65569305419922,0.1483534480012167,1
bikerace_blur2.bmp,/kaggle/working/MDFS/data/MDLIVE/extracted/LIVE_MD/To_Release/Part_1/blurjpeg/bikerace_blur2.bmp,Multiply Dist.,bikerace.bmp,/kaggle/working/MDFS/data/MDLIVE/extracted/LIVE_MD/To_Release/Ref_Images/bikerace.bmp,56.8947,31.902002334594727,0.144032526999581,1
bikerace_blur2_jpeg2.bmp,/kaggle/working/MDFS/data/MDLIVE/extracted/LIVE_MD/To_Release/Part_1/blurjpeg/bikerace_blur2_jpeg2.bmp,Multiply Dist.,bikerace.bmp,/kaggle/working/MDFS/data/MDLIVE/extracted/LIVE_MD/To_Release/Ref_Images/bikerace.bmp,62.2105,28.630809783935547,0.1443593339990911,1
bikerace_blur3.bmp,/kaggle/working/MDFS/data/MDLIVE/extracted/LIVE_MD/To_Release/Part_1/blurjpeg/bikerace_blur3.bmp,Multiply Dist.,bikerace.bmp,/kaggle/working/MDFS/data/MDLIVE/extracted/LIVE_MD/To_Release/Ref_Images/bikerace.bmp,73.4737,34.830543518066406,0.1462171980001585,1
bikerace_blur3_jpeg2.bmp,/kaggle/working/MDFS/data/MDLIVE/extracted/LIVE_MD/To_Release/Part_1/blurjpeg/bikerace_blur3_jpeg2.bmp,Multiply Dist.,bikerace.bmp,/kaggle/working/MDFS/data/MDLIVE/extracted/LIVE_MD/To_Release/Ref_Images/bikerace.bmp,74.1579,30.526241302490234,0.1463622600003873,1
bikerace_jpeg1.bmp,/kaggle/working/MDFS/data/MDLIVE/extracted/LIVE_MD/To_Release/Part_1/blurjpeg/bikerace_jpeg1.bmp,Multiply Dist.,bikerace.bmp,/kaggle/working/MDFS/data/MDLIVE/extracted/LIVE_MD/To_Release/Ref_Images/bikerace.bmp,15.1053,22.567426681518555,0.1466530689995124,1
bikerace_jpeg3.bmp,/kaggle/working/MDFS/data/MDLIVE/extracted/LIVE_MD/To_Release/Part_1/blurjpeg/bikerace_jpeg3.bmp,Multiply Dist.,bikerace.bmp,/kaggle/working/MDFS/data/MDLIVE/extracted/LIVE_MD/To_Release/Ref_Images/bikerace.bmp,29.7368,24.240943908691406,0.1458726969995041,1
cows_blur1_jpeg1.bmp,/kaggle/working/MDFS/data/MDLIVE/extracted/LIVE_MD/To_Release/Part_1/blurjpeg/cows_blur1_jpeg1.bmp,Multiply Dist.,cows.bmp,/kaggle/working/MDFS/data/MDLIVE/extracted/LIVE_MD/To_Release/Ref_Images/cows.bmp,43.1579,26.24823760986328,0.1488967400000547,1
cows_blur1_jpeg3.bmp,/kaggle/working/MDFS/data/MDLIVE/extracted/LIVE_MD/To_Release/Part_1/blurjpeg/cows_blur1_jpeg3.bmp,Multiply Dist.,cows.bmp,/kaggle/working/MDFS/data/MDLIVE/extracted/LIVE_MD/To_Release/Ref_Images/cows.bmp,48.6842,28.472740173339844,0.143987682999068,1
cows_blur2_jpeg1.bmp,/kaggle/working/MDFS/data/MDLIVE/extracted/LIVE_MD/To_Release/Part_1/blurjpeg/cows_blur2_jpeg1.bmp,Multiply Dist.,cows.bmp,/kaggle/working/MDFS/data/MDLIVE/extracted/LIVE_MD/To_Release/Ref_Images/cows.bmp,56.8421,27.90922737121582,0.1460371730008773,1
cows_blur2_jpeg3.bmp,/kaggle/working/MDFS/data/MDLIVE/extracted/LIVE_MD/To_Release/Part_1/blurjpeg/cows_blur2_jpeg3.bmp,Multiply Dist.,cows.bmp,/kaggle/working/MDFS/data/MDLIVE/extracted/LIVE_MD/To_Release/Ref_Images/cows.bmp,53.1053,29.959487915039062,0.1479692809989501,1
cows_blur3_jpeg1.bmp,/kaggle/working/MDFS/data/MDLIVE/extracted/LIVE_MD/To_Release/Part_1/blurjpeg/cows_blur3_jpeg1.bmp,Multiply Dist.,cows.bmp,/kaggle/working/MDFS/data/MDLIVE/extracted/LIVE_MD/To_Release/Ref_Images/cows.bmp,64.9474,30.10380172729492,0.1470640820007247,1
cows_blur3_jpeg3.bmp,/kaggle/working/MDFS/data/MDLIVE/extracted/LIVE_MD/To_Release/Part_1/blurjpeg/cows_blur3_jpeg3.bmp,Multiply Dist.,cows.bmp,/kaggle/working/MDFS/data/MDLIVE/extracted/LIVE_MD/To_Release/Ref_Images/cows.bmp,60.4211,31.6574649810791,0.1472367379992647,1
cows_jpeg2.bmp,/kaggle/working/MDFS/data/MDLIVE/extracted/LIVE_MD/To_Release/Part_1/blurjpeg/cows_jpeg2.bmp,Multiply Dist.,cows.bmp,/kaggle/working/MDFS/data/MDLIVE/extracted/LIVE_MD/To_Release/Ref_Images/cows.bmp,14.1053,23.942541122436523,0.1448503949995938,1
elephant_blur1.bmp,/kaggle/working/MDFS/data/MDLIVE/extracted/LIVE_MD/To_Release/Part_1/blurjpeg/elephant_blur1.bmp,Multiply Dist.,elephant.bmp,/kaggle/working/MDFS/data/MDLIVE/extracted/LIVE_MD/To_Release/Ref_Images/elephant.bmp,31.9474,26.97542762756348,0.1446409580003091,1
elephant_blur1_jpeg2.bmp,/kaggle/working/MDFS/data/MDLIVE/extracted/LIVE_MD/To_Release/Part_1/blurjpeg/elephant_blur1_jpeg2.bmp,Multiply Dist.,elephant.bmp,/kaggle/working/MDFS/data/MDLIVE/extracted/LIVE_MD/To_Release/Ref_Images/elephant.bmp,39.0526,26.360036849975582,0.1505278980002913,1
elephant_blur2.bmp,/kaggle/working/MDFS/data/MDLIVE/extracted/LIVE_MD/To_Release/Part_1/blurjpeg/elephant_blur2.bmp,Multiply Dist.,elephant.bmp,/kaggle/working/MDFS/data/MDLIVE/extracted/LIVE_MD/To_Release/Ref_Images/elephant.bmp,45.7368,31.1762638092041,0.1490366870002617,1
elephant_blur2_jpeg2.bmp,/kaggle/working/MDFS/data/MDLIVE/extracted/LIVE_MD/To_Release/Part_1/blurjpeg/elephant_blur2_jpeg2.bmp,Multiply Dist.,elephant.bmp,/kaggle/working/MDFS/data/MDLIVE/extracted/LIVE_MD/To_Release/Ref_Images/elephant.bmp,51.8947,28.03940773010254,0.1454541650000465,1
elephant_blur3.bmp,/kaggle/working/MDFS/data/MDLIVE/extracted/LIVE_MD/To_Release/Part_1/blurjpeg/elephant_blur3.bmp,Multiply Dist.,elephant.bmp,/kaggle/working/MDFS/data/MDLIVE/extracted/LIVE_MD/To_Release/Ref_Images/elephant.bmp,59.1053,34.11361312866211,0.1456287729997711,1
elephant_blur3_jpeg2.bmp,/kaggle/working/MDFS/data/MDLIVE/extracted/LIVE_MD/To_Release/Part_1/blurjpeg/elephant_blur3_jpeg2.bmp,Multiply Dist.,elephant.bmp,/kaggle/working/MDFS/data/MDLIVE/extracted/LIVE_MD/To_Release/Ref_Images/elephant.bmp,58.8947,29.96112060546875,0.1494033500002842,1
elephant_jpeg1.bmp,/kaggle/working/MDFS/data/MDLIVE/extracted/LIVE_MD/To_Release/Part_1/blurjpeg/elephant_jpeg1.bmp,Multiply Dist.,elephant.bmp,/kaggle/working/MDFS/data/MDLIVE/extracted/LIVE_MD/To_Release/Ref_Images/elephant.bmp,5.0,22.631261825561523,0.1485585639984492,1
elephant_jpeg3.bmp,/kaggle/working/MDFS/data/MDLIVE/extracted/LIVE_MD/To_Release/Part_1/blurjpeg/elephant_jpeg3.bmp,Multiply Dist.,elephant.bmp,/kaggle/working/MDFS/data/MDLIVE/extracted/LIVE_MD/To_Release/Ref_Images/elephant.bmp,18.2632,24.27405548095703,0.1480845469995984,1
iceroad_blur1_jpeg1.bmp,/kaggle/working/MDFS/data/MDLIVE/extracted/LIVE_MD/To_Release/Part_1/blurjpeg/iceroad_blur1_jpeg1.bmp,Multiply Dist.,iceroad.bmp,/kaggle/working/MDFS/data/MDLIVE/extracted/LIVE_MD/To_Release/Ref_Images/iceroad.bmp,35.4737,27.635591506958008,0.1513448149999021,1
iceroad_blur1_jpeg3.bmp,/kaggle/working/MDFS/data/MDLIVE/extracted/LIVE_MD/To_Release/Part_1/blurjpeg/iceroad_blur1_jpeg3.bmp,Multiply Dist.,iceroad.bmp,/kaggle/working/MDFS/data/MDLIVE/extracted/LIVE_MD/To_Release/Ref_Images/iceroad.bmp,38.5789,30.40962791442871,0.1603157219997228,1
iceroad_blur2_jpeg1.bmp,/kaggle/working/MDFS/data/MDLIVE/extracted/LIVE_MD/To_Release/Part_1/blurjpeg/iceroad_blur2_jpeg1.bmp,Multiply Dist.,iceroad.bmp,/kaggle/working/MDFS/data/MDLIVE/extracted/LIVE_MD/To_Release/Ref_Images/iceroad.bmp,54.0,29.522483825683597,0.147206006999113,1
iceroad_blur2_jpeg3.bmp,/kaggle/working/MDFS/data/MDLIVE/extracted/LIVE_MD/To_Release/Part_1/blurjpeg/iceroad_blur2_jpeg3.bmp,Multiply Dist.,iceroad.bmp,/kaggle/working/MDFS/data/MDLIVE/extracted/LIVE_MD/To_Release/Ref_Images/iceroad.bmp,55.5789,32.317962646484375,0.1456269230002362,1
iceroad_blur3_jpeg1.bmp,/kaggle/working/MDFS/data/MDLIVE/extracted/LIVE_MD/To_Release/Part_1/blurjpeg/iceroad_blur3_jpeg1.bmp,Multiply Dist.,iceroad.bmp,/kaggle/working/MDFS/data/MDLIVE/extracted/LIVE_MD/To_Release/Ref_Images/iceroad.bmp,63.6316,30.912553787231445,0.1488602629997331,1
iceroad_blur3_jpeg3.bmp,/kaggle/working/MDFS/data/MDLIVE/extracted/LIVE_MD/To_Release/Part_1/blurjpeg/iceroad_blur3_jpeg3.bmp,Multiply Dist.,iceroad.bmp,/kaggle/working/MDFS/data/MDLIVE/extracted/LIVE_MD/To_Release/Ref_Images/iceroad.bmp,66.3158,33.60137176513672,0.1494483450005646,1
iceroad_jpeg2.bmp,/kaggle/working/MDFS/data/MDLIVE/extracted/LIVE_MD/To_Release/Part_1/blurjpeg/iceroad_jpeg2.bmp,Multiply Dist.,iceroad.bmp,/kaggle/working/MDFS/data/MDLIVE/extracted/LIVE_MD/To_Release/Ref_Images/iceroad.bmp,7.0,24.50777816772461,0.1479291299983742,1
lakebuilding_blur1.bmp,/kaggle/working/MDFS/data/MDLIVE/extracted/LIVE_MD/To_Release/Part_1/blurjpeg/lakebuilding_blur1.bmp,Multiply Dist.,lakebuilding.bmp,/kaggle/working/MDFS/data/MDLIVE/extracted/LIVE_MD/To_Release/Ref_Images/lakebuilding.bmp,38.0,26.57564926147461,0.1446324219996313,1
lakebuilding_blur1_jpeg2.bmp,/kaggle/working/MDFS/data/MDLIVE/extracted/LIVE_MD/To_Release/Part_1/blurjpeg/lakebuilding_blur1_jpeg2.bmp,Multiply Dist.,lakebuilding.bmp,/kaggle/working/MDFS/data/MDLIVE/extracted/LIVE_MD/To_Release/Ref_Images/lakebuilding.bmp,49.7895,26.271488189697266,0.1460797680010728,1
lakebuilding_blur2.bmp,/kaggle/working/MDFS/data/MDLIVE/extracted/LIVE_MD/To_Release/Part_1/blurjpeg/lakebuilding_blur2.bmp,Multiply Dist.,lakebuilding.bmp,/kaggle/working/MDFS/data/MDLIVE/extracted/LIVE_MD/To_Release/Ref_Images/lakebuilding.bmp,61.6842,31.266054153442383,0.1423277530011546,1
lakebuilding_blur2_jpeg2.bmp,/kaggle/working/MDFS/data/MDLIVE/extracted/LIVE_MD/To_Release/Part_1/blurjpeg/lakebuilding_blur2_jpeg2.bmp,Multiply Dist.,lakebuilding.bmp,/kaggle/working/MDFS/data/MDLIVE/extracted/LIVE_MD/To_Release/Ref_Images/lakebuilding.bmp,61.0526,27.554349899291992,0.1453031799992459,1
lakebuilding_blur3.bmp,/kaggle/working/MDFS/data/MDLIVE/extracted/LIVE_MD/To_Release/Part_1/blurjpeg/lakebuilding_blur3.bmp,Multiply Dist.,lakebuilding.bmp,/kaggle/working/MDFS/data/MDLIVE/extracted/LIVE_MD/To_Release/Ref_Images/lakebuilding.bmp,69.1579,34.4820671081543,0.1482876330010185,1
lakebuilding_blur3_jpeg2.bmp,/kaggle/working/MDFS/data/MDLIVE/extracted/LIVE_MD/To_Release/Part_1/blurjpeg/lakebuilding_blur3_jpeg2.bmp,Multiply Dist.,lakebuilding.bmp,/kaggle/working/MDFS/data/MDLIVE/extracted/LIVE_MD/To_Release/Ref_Images/lakebuilding.bmp,66.0526,29.006534576416016,0.1518483750005543,1
lakebuilding_jpeg1.bmp,/kaggle/working/MDFS/data/MDLIVE/extracted/LIVE_MD/To_Release/Part_1/blurjpeg/lakebuilding_jpeg1.bmp,Multiply Dist.,lakebuilding.bmp,/kaggle/working/MDFS/data/MDLIVE/extracted/LIVE_MD/To_Release/Ref_Images/lakebuilding.bmp,10.5789,21.55113983154297,0.1477058630007377,1
lakebuilding_jpeg3.bmp,/kaggle/working/MDFS/data/MDLIVE/extracted/LIVE_MD/To_Release/Part_1/blurjpeg/lakebuilding_jpeg3.bmp,Multiply Dist.,lakebuilding.bmp,/kaggle/working/MDFS/data/MDLIVE/extracted/LIVE_MD/To_Release/Ref_Images/lakebuilding.bmp,21.3158,23.742525100708008,0.1476778300002479,1
lunch_blur1_jpeg1.bmp,/kaggle/working/MDFS/data/MDLIVE/extracted/LIVE_MD/To_Release/Part_1/blurjpeg/lunch_blur1_jpeg1.bmp,Multiply Dist.,lunch.bmp,/kaggle/working/MDFS/data/MDLIVE/extracted/LIVE_MD/To_Release/Ref_Images/lunch.bmp,44.6316,25.688514709472656,0.1467343179992895,1
lunch_blur1_jpeg3.bmp,/kaggle/working/MDFS/data/MDLIVE/extracted/LIVE_MD/To_Release/Part_1/blurjpeg/lunch_blur1_jpeg3.bmp,Multiply Dist.,lunch.bmp,/kaggle/working/MDFS/data/MDLIVE/extracted/LIVE_MD/To_Release/Ref_Images/lunch.bmp,52.6842,27.20781517028809,0.1463097630003176,1
lunch_blur2_jpeg1.bmp,/kaggle/working/MDFS/data/MDLIVE/extracted/LIVE_MD/To_Release/Part_1/blurjpeg/lunch_blur2_jpeg1.bmp,Multiply Dist.,lunch.bmp,/kaggle/working/MDFS/data/MDLIVE/extracted/LIVE_MD/To_Release/Ref_Images/lunch.bmp,62.5263,27.56453895568848,0.1442158659992856,1
lunch_blur2_jpeg3.bmp,/kaggle/working/MDFS/data/MDLIVE/extracted/LIVE_MD/To_Release/Part_1/blurjpeg/lunch_blur2_jpeg3.bmp,Multiply Dist.,lunch.bmp,/kaggle/working/MDFS/data/MDLIVE/extracted/LIVE_MD/To_Release/Ref_Images/lunch.bmp,64.1579,29.24221420288086,0.1439084550002007,1
lunch_blur3_jpeg1.bmp,/kaggle/working/MDFS/data/MDLIVE/extracted/LIVE_MD/To_Release/Part_1/blurjpeg/lunch_blur3_jpeg1.bmp,Multiply Dist.,lunch.bmp,/kaggle/working/MDFS/data/MDLIVE/extracted/LIVE_MD/To_Release/Ref_Images/lunch.bmp,69.6842,29.503009796142575,0.1473384630007785,1
lunch_blur3_jpeg3.bmp,/kaggle/working/MDFS/data/MDLIVE/extracted/LIVE_MD/To_Release/Part_1/blurjpeg/lunch_blur3_jpeg3.bmp,Multiply Dist.,lunch.bmp,/kaggle/working/MDFS/data/MDLIVE/extracted/LIVE_MD/To_Release/Ref_Images/lunch.bmp,70.2632,31.416061401367188,0.1466287000002921,1
lunch_jpeg2.bmp,/kaggle/working/MDFS/data/MDLIVE/extracted/LIVE_MD/To_Release/Part_1/blurjpeg/lunch_jpeg2.bmp,Multiply Dist.,lunch.bmp,/kaggle/working/MDFS/data/MDLIVE/extracted/LIVE_MD/To_Release/Ref_Images/lunch.bmp,18.2105,23.14163589477539,0.1439711900002294,1
market_blur1.bmp,/kaggle/working/MDFS/data/MDLIVE/extracted/LIVE_MD/To_Release/Part_1/blurjpeg/market_blur1.bmp,Multiply Dist.,market.bmp,/kaggle/working/MDFS/data/MDLIVE/extracted/LIVE_MD/To_Release/Ref_Images/market.bmp,24.1579,27.89522171020508,0.1479321040005743,1
market_blur1_jpeg2.bmp,/kaggle/working/MDFS/data/MDLIVE/extracted/LIVE_MD/To_Release/Part_1/blurjpeg/market_blur1_jpeg2.bmp,Multiply Dist.,market.bmp,/kaggle/working/MDFS/data/MDLIVE/extracted/LIVE_MD/To_Release/Ref_Images/market.bmp,34.0,26.43185043334961,0.1438818170008744,1
market_blur2.bmp,/kaggle/working/MDFS/data/MDLIVE/extracted/LIVE_MD/To_Release/Part_1/blurjpeg/market_blur2.bmp,Multiply Dist.,market.bmp,/kaggle/working/MDFS/data/MDLIVE/extracted/LIVE_MD/To_Release/Ref_Images/market.bmp,43.8947,31.71057510375977,0.1456625680002616,1
market_blur2_jpeg2.bmp,/kaggle/working/MDFS/data/MDLIVE/extracted/LIVE_MD/To_Release/Part_1/blurjpeg/market_blur2_jpeg2.bmp,Multiply Dist.,market.bmp,/kaggle/working/MDFS/data/MDLIVE/extracted/LIVE_MD/To_Release/Ref_Images/market.bmp,49.3158,28.2503662109375,0.1513004699991142,1
market_blur3.bmp,/kaggle/working/MDFS/data/MDLIVE/extracted/LIVE_MD/To_Release/Part_1/blurjpeg/market_blur3.bmp,Multiply Dist.,market.bmp,/kaggle/working/MDFS/data/MDLIVE/extracted/LIVE_MD/To_Release/Ref_Images/market.bmp,53.6842,34.51860046386719,0.1490635019999899,1
market_blur3_jpeg2.bmp,/kaggle/working/MDFS/data/MDLIVE/extracted/LIVE_MD/To_Release/Part_1/blurjpeg/market_blur3_jpeg2.bmp,Multiply Dist.,market.bmp,/kaggle/working/MDFS/data/MDLIVE/extracted/LIVE_MD/To_Release/Ref_Images/market.bmp,60.8421,30.141674041748047,0.1457370169991918,1
market_jpeg1.bmp,/kaggle/working/MDFS/data/MDLIVE/extracted/LIVE_MD/To_Release/Part_1/blurjpeg/market_jpeg1.bmp,Multiply Dist.,market.bmp,/kaggle/working/MDFS/data/MDLIVE/extracted/LIVE_MD/To_Release/Ref_Images/market.bmp,9.1053,23.12251853942871,0.1436387579997244,1
market_jpeg3.bmp,/kaggle/working/MDFS/data/MDLIVE/extracted/LIVE_MD/To_Release/Part_1/blurjpeg/market_jpeg3.bmp,Multiply Dist.,market.bmp,/kaggle/working/MDFS/data/MDLIVE/extracted/LIVE_MD/To_Release/Ref_Images/market.bmp,24.7895,24.94856834411621,0.1463673489997745,1
palace2_blur1_jpeg1.bmp,/kaggle/working/MDFS/data/MDLIVE/extracted/LIVE_MD/To_Release/Part_1/blurjpeg/palace2_blur1_jpeg1.bmp,Multiply Dist.,palace2.bmp,/kaggle/working/MDFS/data/MDLIVE/extracted/LIVE_MD/To_Release/Ref_Images/palace2.bmp,51.7895,26.72962951660156,0.1476691200005007,1
palace2_blur1_jpeg3.bmp,/kaggle/working/MDFS/data/MDLIVE/extracted/LIVE_MD/To_Release/Part_1/blurjpeg/palace2_blur1_jpeg3.bmp,Multiply Dist.,palace2.bmp,/kaggle/working/MDFS/data/MDLIVE/extracted/LIVE_MD/To_Release/Ref_Images/palace2.bmp,66.7368,29.53644371032715,0.1469769970008201,1
palace2_blur2_jpeg1.bmp,/kaggle/working/MDFS/data/MDLIVE/extracted/LIVE_MD/To_Release/Part_1/blurjpeg/palace2_blur2_jpeg1.bmp,Multiply Dist.,palace2.bmp,/kaggle/working/MDFS/data/MDLIVE/extracted/LIVE_MD/To_Release/Ref_Images/palace2.bmp,61.8421,28.901351928710938,0.1400641969994467,1
palace2_blur2_jpeg3.bmp,/kaggle/working/MDFS/data/MDLIVE/extracted/LIVE_MD/To_Release/Part_1/blurjpeg/palace2_blur2_jpeg3.bmp,Multiply Dist.,palace2.bmp,/kaggle/working/MDFS/data/MDLIVE/extracted/LIVE_MD/To_Release/Ref_Images/palace2.bmp,74.1053,31.3206844329834,0.1479096769999159,1
palace2_blur3_jpeg1.bmp,/kaggle/working/MDFS/data/MDLIVE/extracted/LIVE_MD/To_Release/Part_1/blurjpeg/palace2_blur3_jpeg1.bmp,Multiply Dist.,palace2.bmp,/kaggle/working/MDFS/data/MDLIVE/extracted/LIVE_MD/To_Release/Ref_Images/palace2.bmp,76.4737,30.580528259277344,0.1458492729998397,1
palace2_blur3_jpeg3.bmp,/kaggle/working/MDFS/data/MDLIVE/extracted/LIVE_MD/To_Release/Part_1/blurjpeg/palace2_blur3_jpeg3.bmp,Multiply Dist.,palace2.bmp,/kaggle/working/MDFS/data/MDLIVE/extracted/LIVE_MD/To_Release/Ref_Images/palace2.bmp,84.4211,33.47654724121094,0.1489437020009063,1
palace2_jpeg2.bmp,/kaggle/working/MDFS/data/MDLIVE/extracted/LIVE_MD/To_Release/Part_1/blurjpeg/palace2_jpeg2.bmp,Multiply Dist.,palace2.bmp,/kaggle/working/MDFS/data/MDLIVE/extracted/LIVE_MD/To_Release/Ref_Images/palace2.bmp,24.3684,23.22466468811035,0.1492033300000912,1
railwaystation_blur1.bmp,/kaggle/working/MDFS/data/MDLIVE/extracted/LIVE_MD/To_Release/Part_1/blurjpeg/railwaystation_blur1.bmp,Multiply Dist.,railwaystation.bmp,/kaggle/working/MDFS/data/MDLIVE/extracted/LIVE_MD/To_Release/Ref_Images/railwaystation.bmp,30.7368,28.265979766845703,0.1472028630014392,1
railwaystation_blur1_jpeg2.bmp,/kaggle/working/MDFS/data/MDLIVE/extracted/LIVE_MD/To_Release/Part_1/blurjpeg/railwaystation_blur1_jpeg2.bmp,Multiply Dist.,railwaystation.bmp,/kaggle/working/MDFS/data/MDLIVE/extracted/LIVE_MD/To_Release/Ref_Images/railwaystation.bmp,35.1579,27.31351852416992,0.1444485320007515,1
railwaystation_blur2.bmp,/kaggle/working/MDFS/data/MDLIVE/extracted/LIVE_MD/To_Release/Part_1/blurjpeg/railwaystation_blur2.bmp,Multiply Dist.,railwaystation.bmp,/kaggle/working/MDFS/data/MDLIVE/extracted/LIVE_MD/To_Release/Ref_Images/railwaystation.bmp,45.5263,31.828372955322266,0.14757298800032,1
railwaystation_blur2_jpeg2.bmp,/kaggle/working/MDFS/data/MDLIVE/extracted/LIVE_MD/To_Release/Part_1/blurjpeg/railwaystation_blur2_jpeg2.bmp,Multiply Dist.,railwaystation.bmp,/kaggle/working/MDFS/data/MDLIVE/extracted/LIVE_MD/To_Release/Ref_Images/railwaystation.bmp,48.0526,29.35928726196289,0.144958562001193,1
railwaystation_blur3.bmp,/kaggle/working/MDFS/data/MDLIVE/extracted/LIVE_MD/To_Release/Part_1/blurjpeg/railwaystation_blur3.bmp,Multiply Dist.,railwaystation.bmp,/kaggle/working/MDFS/data/MDLIVE/extracted/LIVE_MD/To_Release/Ref_Images/railwaystation.bmp,59.1053,34.882408142089844,0.1478174259991647,1
railwaystation_blur3_jpeg2.bmp,/kaggle/working/MDFS/data/MDLIVE/extracted/LIVE_MD/To_Release/Part_1/blurjpeg/railwaystation_blur3_jpeg2.bmp,Multiply Dist.,railwaystation.bmp,/kaggle/working/MDFS/data/MDLIVE/extracted/LIVE_MD/To_Release/Ref_Images/railwaystation.bmp,55.4737,30.72511100769043,0.1476709329999721,1
railwaystation_jpeg1.bmp,/kaggle/working/MDFS/data/MDLIVE/extracted/LIVE_MD/To_Release/Part_1/blurjpeg/railwaystation_jpeg1.bmp,Multiply Dist.,railwaystation.bmp,/kaggle/working/MDFS/data/MDLIVE/extracted/LIVE_MD/To_Release/Ref_Images/railwaystation.bmp,8.0,23.1890869140625,0.1446652089998679,1
railwaystation_jpeg3.bmp,/kaggle/working/MDFS/data/MDLIVE/extracted/LIVE_MD/To_Release/Part_1/blurjpeg/railwaystation_jpeg3.bmp,Multiply Dist.,railwaystation.bmp,/kaggle/working/MDFS/data/MDLIVE/extracted/LIVE_MD/To_Release/Ref_Images/railwaystation.bmp,12.4211,25.439868927001957,0.1473895660001289,1
sanfrancisco_blur1_jpeg1.bmp,/kaggle/working/MDFS/data/MDLIVE/extracted/LIVE_MD/To_Release/Part_1/blurjpeg/sanfrancisco_blur1_jpeg1.bmp,Multiply Dist.,sanfrancisco.bmp,/kaggle/working/MDFS/data/MDLIVE/extracted/LIVE_MD/To_Release/Ref_Images/sanfrancisco.bmp,51.2105,26.422664642333984,0.1486853240003256,1
sanfrancisco_blur1_jpeg3.bmp,/kaggle/working/MDFS/data/MDLIVE/extracted/LIVE_MD/To_Release/Part_1/blurjpeg/sanfrancisco_blur1_jpeg3.bmp,Multiply Dist.,sanfrancisco.bmp,/kaggle/working/MDFS/data/MDLIVE/extracted/LIVE_MD/To_Release/Ref_Images/sanfrancisco.bmp,54.9474,29.10833549499512,0.1490411510003468,1
sanfrancisco_blur2_jpeg1.bmp,/kaggle/working/MDFS/data/MDLIVE/extracted/LIVE_MD/To_Release/Part_1/blurjpeg/sanfrancisco_blur2_jpeg1.bmp,Multiply Dist.,sanfrancisco.bmp,/kaggle/working/MDFS/data/MDLIVE/extracted/LIVE_MD/To_Release/Ref_Images/sanfrancisco.bmp,63.4211,28.11389923095703,0.1452665500000876,1
sanfrancisco_blur2_jpeg3.bmp,/kaggle/working/MDFS/data/MDLIVE/extracted/LIVE_MD/To_Release/Part_1/blurjpeg/sanfrancisco_blur2_jpeg3.bmp,Multiply Dist.,sanfrancisco.bmp,/kaggle/working/MDFS/data/MDLIVE/extracted/LIVE_MD/To_Release/Ref_Images/sanfrancisco.bmp,64.4211,31.149980545043945,0.1529611289988679,1
sanfrancisco_blur3_jpeg1.bmp,/kaggle/working/MDFS/data/MDLIVE/extracted/LIVE_MD/To_Release/Part_1/blurjpeg/sanfrancisco_blur3_jpeg1.bmp,Multiply Dist.,sanfrancisco.bmp,/kaggle/working/MDFS/data/MDLIVE/extracted/LIVE_MD/To_Release/Ref_Images/sanfrancisco.bmp,74.0,30.418947219848636,0.1499187370009167,1
sanfrancisco_blur3_jpeg3.bmp,/kaggle/working/MDFS/data/MDLIVE/extracted/LIVE_MD/To_Release/Part_1/blurjpeg/sanfrancisco_blur3_jpeg3.bmp,Multiply Dist.,sanfrancisco.bmp,/kaggle/working/MDFS/data/MDLIVE/extracted/LIVE_MD/To_Release/Ref_Images/sanfrancisco.bmp,80.0,32.524635314941406,0.1470231820003391,1
sanfrancisco_jpeg2.bmp,/kaggle/working/MDFS/data/MDLIVE/extracted/LIVE_MD/To_Release/Part_1/blurjpeg/sanfrancisco_jpeg2.bmp,Multiply Dist.,sanfrancisco.bmp,/kaggle/working/MDFS/data/MDLIVE/extracted/LIVE_MD/To_Release/Ref_Images/sanfrancisco.bmp,15.4211,24.318904876708984,0.1446712310007569,1
scrimmage_blur1.bmp,/kaggle/working/MDFS/data/MDLIVE/extracted/LIVE_MD/To_Release/Part_1/blurjpeg/scrimmage_blur1.bmp,Multiply Dist.,scrimmage.bmp,/kaggle/working/MDFS/data/MDLIVE/extracted/LIVE_MD/To_Release/Ref_Images/scrimmage.bmp,37.1053,27.21407127380371,0.1456720999995013,1
scrimmage_blur1_jpeg2.bmp,/kaggle/working/MDFS/data/MDLIVE/extracted/LIVE_MD/To_Release/Part_1/blurjpeg/scrimmage_blur1_jpeg2.bmp,Multiply Dist.,scrimmage.bmp,/kaggle/working/MDFS/data/MDLIVE/extracted/LIVE_MD/To_Release/Ref_Images/scrimmage.bmp,40.7368,26.03858184814453,0.1482828999996854,1
scrimmage_blur2.bmp,/kaggle/working/MDFS/data/MDLIVE/extracted/LIVE_MD/To_Release/Part_1/blurjpeg/scrimmage_blur2.bmp,Multiply Dist.,scrimmage.bmp,/kaggle/working/MDFS/data/MDLIVE/extracted/LIVE_MD/To_Release/Ref_Images/scrimmage.bmp,60.0,32.16764450073242,0.1501701189990854,1
scrimmage_blur2_jpeg2.bmp,/kaggle/working/MDFS/data/MDLIVE/extracted/LIVE_MD/To_Release/Part_1/blurjpeg/scrimmage_blur2_jpeg2.bmp,Multiply Dist.,scrimmage.bmp,/kaggle/working/MDFS/data/MDLIVE/extracted/LIVE_MD/To_Release/Ref_Images/scrimmage.bmp,57.8421,28.405967712402344,0.1462346520002029,1
scrimmage_blur3.bmp,/kaggle/working/MDFS/data/MDLIVE/extracted/LIVE_MD/To_Release/Part_1/blurjpeg/scrimmage_blur3.bmp,Multiply Dist.,scrimmage.bmp,/kaggle/working/MDFS/data/MDLIVE/extracted/LIVE_MD/To_Release/Ref_Images/scrimmage.bmp,72.3684,35.9075927734375,0.1468795189994125,1
scrimmage_blur3_jpeg2.bmp,/kaggle/working/MDFS/data/MDLIVE/extracted/LIVE_MD/To_Release/Part_1/blurjpeg/scrimmage_blur3_jpeg2.bmp,Multiply Dist.,scrimmage.bmp,/kaggle/working/MDFS/data/MDLIVE/extracted/LIVE_MD/To_Release/Ref_Images/scrimmage.bmp,68.0526,30.3713493347168,0.1467236780008534,1
scrimmage_jpeg1.bmp,/kaggle/working/MDFS/data/MDLIVE/extracted/LIVE_MD/To_Release/Part_1/blurjpeg/scrimmage_jpeg1.bmp,Multiply Dist.,scrimmage.bmp,/kaggle/working/MDFS/data/MDLIVE/extracted/LIVE_MD/To_Release/Ref_Images/scrimmage.bmp,10.6316,21.52615547180176,0.1485957509994477,1
scrimmage_jpeg3.bmp,/kaggle/working/MDFS/data/MDLIVE/extracted/LIVE_MD/To_Release/Part_1/blurjpeg/scrimmage_jpeg3.bmp,Multiply Dist.,scrimmage.bmp,/kaggle/working/MDFS/data/MDLIVE/extracted/LIVE_MD/To_Release/Ref_Images/scrimmage.bmp,21.1579,23.41045570373535,0.1471237170007953,1
seals_blur1_jpeg1.bmp,/kaggle/working/MDFS/data/MDLIVE/extracted/LIVE_MD/To_Release/Part_1/blurjpeg/seals_blur1_jpeg1.bmp,Multiply Dist.,seals.bmp,/kaggle/working/MDFS/data/MDLIVE/extracted/LIVE_MD/To_Release/Ref_Images/seals.bmp,43.6316,27.79704093933105,0.144616182999016,1
seals_blur1_jpeg3.bmp,/kaggle/working/MDFS/data/MDLIVE/extracted/LIVE_MD/To_Release/Part_1/blurjpeg/seals_blur1_jpeg3.bmp,Multiply Dist.,seals.bmp,/kaggle/working/MDFS/data/MDLIVE/extracted/LIVE_MD/To_Release/Ref_Images/seals.bmp,55.6842,30.734846115112305,0.1493119349997869,1
seals_blur2_jpeg1.bmp,/kaggle/working/MDFS/data/MDLIVE/extracted/LIVE_MD/To_Release/Part_1/blurjpeg/seals_blur2_jpeg1.bmp,Multiply Dist.,seals.bmp,/kaggle/working/MDFS/data/MDLIVE/extracted/LIVE_MD/To_Release/Ref_Images/seals.bmp,54.7895,29.4112548828125,0.1477831520005565,1
seals_blur2_jpeg3.bmp,/kaggle/working/MDFS/data/MDLIVE/extracted/LIVE_MD/To_Release/Part_1/blurjpeg/seals_blur2_jpeg3.bmp,Multiply Dist.,seals.bmp,/kaggle/working/MDFS/data/MDLIVE/extracted/LIVE_MD/To_Release/Ref_Images/seals.bmp,61.4737,32.3350715637207,0.1485418140000547,1
seals_blur3_jpeg1.bmp,/kaggle/working/MDFS/data/MDLIVE/extracted/LIVE_MD/To_Release/Part_1/blurjpeg/seals_blur3_jpeg1.bmp,Multiply Dist.,seals.bmp,/kaggle/working/MDFS/data/MDLIVE/extracted/LIVE_MD/To_Release/Ref_Images/seals.bmp,62.4737,31.185251235961918,0.149496800999259,1
seals_blur3_jpeg3.bmp,/kaggle/working/MDFS/data/MDLIVE/extracted/LIVE_MD/To_Release/Part_1/blurjpeg/seals_blur3_jpeg3.bmp,Multiply Dist.,seals.bmp,/kaggle/working/MDFS/data/MDLIVE/extracted/LIVE_MD/To_Release/Ref_Images/seals.bmp,68.1579,33.74614715576172,0.1494777009993413,1
seals_jpeg2.bmp,/kaggle/working/MDFS/data/MDLIVE/extracted/LIVE_MD/To_Release/Part_1/blurjpeg/seals_jpeg2.bmp,Multiply Dist.,seals.bmp,/kaggle/working/MDFS/data/MDLIVE/extracted/LIVE_MD/To_Release/Ref_Images/seals.bmp,15.4737,26.251649856567383,0.1461110259988345,1
sunrise_blur1.bmp,/kaggle/working/MDFS/data/MDLIVE/extracted/LIVE_MD/To_Release/Part_1/blurjpeg/sunrise_blur1.bmp,Multiply Dist.,sunrise.bmp,/kaggle/working/MDFS/data/MDLIVE/extracted/LIVE_MD/To_Release/Ref_Images/sunrise.bmp,26.1579,27.44688415527344,0.1496903509996627,1
sunrise_blur1_jpeg2.bmp,/kaggle/working/MDFS/data/MDLIVE/extracted/LIVE_MD/To_Release/Part_1/blurjpeg/sunrise_blur1_jpeg2.bmp,Multiply Dist.,sunrise.bmp,/kaggle/working/MDFS/data/MDLIVE/extracted/LIVE_MD/To_Release/Ref_Images/sunrise.bmp,42.3684,27.43278694152832,0.1457570450002094,1
sunrise_blur2.bmp,/kaggle/working/MDFS/data/MDLIVE/extracted/LIVE_MD/To_Release/Part_1/blurjpeg/sunrise_blur2.bmp,Multiply Dist.,sunrise.bmp,/kaggle/working/MDFS/data/MDLIVE/extracted/LIVE_MD/To_Release/Ref_Images/sunrise.bmp,45.1579,31.73241233825684,0.1678596769997966,1
sunrise_blur2_jpeg2.bmp,/kaggle/working/MDFS/data/MDLIVE/extracted/LIVE_MD/To_Release/Part_1/blurjpeg/sunrise_blur2_jpeg2.bmp,Multiply Dist.,sunrise.bmp,/kaggle/working/MDFS/data/MDLIVE/extracted/LIVE_MD/To_Release/Ref_Images/sunrise.bmp,53.2632,29.3890323638916,0.1534441439998772,1
sunrise_blur3.bmp,/kaggle/working/MDFS/data/MDLIVE/extracted/LIVE_MD/To_Release/Part_1/blurjpeg/sunrise_blur3.bmp,Multiply Dist.,sunrise.bmp,/kaggle/working/MDFS/data/MDLIVE/extracted/LIVE_MD/To_Release/Ref_Images/sunrise.bmp,56.8947,35.55781936645508,0.1495391489988833,1
sunrise_blur3_jpeg2.bmp,/kaggle/working/MDFS/data/MDLIVE/extracted/LIVE_MD/To_Release/Part_1/blurjpeg/sunrise_blur3_jpeg2.bmp,Multiply Dist.,sunrise.bmp,/kaggle/working/MDFS/data/MDLIVE/extracted/LIVE_MD/To_Release/Ref_Images/sunrise.bmp,60.3684,31.45867729187012,0.1451425969989941,1
sunrise_jpeg1.bmp,/kaggle/working/MDFS/data/MDLIVE/extracted/LIVE_MD/To_Release/Part_1/blurjpeg/sunrise_jpeg1.bmp,Multiply Dist.,sunrise.bmp,/kaggle/working/MDFS/data/MDLIVE/extracted/LIVE_MD/To_Release/Ref_Images/sunrise.bmp,9.5789,22.898181915283203,0.1444032590006827,1
sunrise_jpeg3.bmp,/kaggle/working/MDFS/data/MDLIVE/extracted/LIVE_MD/To_Release/Part_1/blurjpeg/sunrise_jpeg3.bmp,Multiply Dist.,sunrise.bmp,/kaggle/working/MDFS/data/MDLIVE/extracted/LIVE_MD/To_Release/Ref_Images/sunrise.bmp,23.1053,25.13437271118164,0.1451754139998229,1
wheel_blur1_jpeg1.bmp,/kaggle/working/MDFS/data/MDLIVE/extracted/LIVE_MD/To_Release/Part_1/blurjpeg/wheel_blur1_jpeg1.bmp,Multiply Dist.,wheel.bmp,/kaggle/working/MDFS/data/MDLIVE/extracted/LIVE_MD/To_Release/Ref_Images/wheel.bmp,34.1579,26.278493881225582,0.1491057759994873,1
wheel_blur1_jpeg3.bmp,/kaggle/working/MDFS/data/MDLIVE/extracted/LIVE_MD/To_Release/Part_1/blurjpeg/wheel_blur1_jpeg3.bmp,Multiply Dist.,wheel.bmp,/kaggle/working/MDFS/data/MDLIVE/extracted/LIVE_MD/To_Release/Ref_Images/wheel.bmp,50.3684,28.44805145263672,0.149031475000811,1
wheel_blur2_jpeg1.bmp,/kaggle/working/MDFS/data/MDLIVE/extracted/LIVE_MD/To_Release/Part_1/blurjpeg/wheel_blur2_jpeg1.bmp,Multiply Dist.,wheel.bmp,/kaggle/working/MDFS/data/MDLIVE/extracted/LIVE_MD/To_Release/Ref_Images/wheel.bmp,45.8421,28.454214096069336,0.1490987150009459,1
wheel_blur2_jpeg3.bmp,/kaggle/working/MDFS/data/MDLIVE/extracted/LIVE_MD/To_Release/Part_1/blurjpeg/wheel_blur2_jpeg3.bmp,Multiply Dist.,wheel.bmp,/kaggle/working/MDFS/data/MDLIVE/extracted/LIVE_MD/To_Release/Ref_Images/wheel.bmp,65.2632,30.19096565246582,0.147198254999239,1
wheel_blur3_jpeg1.bmp,/kaggle/working/MDFS/data/MDLIVE/extracted/LIVE_MD/To_Release/Part_1/blurjpeg/wheel_blur3_jpeg1.bmp,Multiply Dist.,wheel.bmp,/kaggle/working/MDFS/data/MDLIVE/extracted/LIVE_MD/To_Release/Ref_Images/wheel.bmp,58.7368,30.08338928222656,0.1514628419990913,1
wheel_blur3_jpeg3.bmp,/kaggle/working/MDFS/data/MDLIVE/extracted/LIVE_MD/To_Release/Part_1/blurjpeg/wheel_blur3_jpeg3.bmp,Multiply Dist.,wheel.bmp,/kaggle/working/MDFS/data/MDLIVE/extracted/LIVE_MD/To_Release/Ref_Images/wheel.bmp,66.6316,31.963855743408203,0.1509456699986913,1
wheel_jpeg2.bmp,/kaggle/working/MDFS/data/MDLIVE/extracted/LIVE_MD/To_Release/Part_1/blurjpeg/wheel_jpeg2.bmp,Multiply Dist.,wheel.bmp,/kaggle/working/MDFS/data/MDLIVE/extracted/LIVE_MD/To_Release/Ref_Images/wheel.bmp,16.9474,23.983049392700195,0.1528087460010283,1
babygirl_blur1.bmp,/kaggle/working/MDFS/data/MDLIVE/extracted/LIVE_MD/To_Release/Part_2/blurnoise/babygirl_blur1.bmp,Multiply Dist.,babygirl.bmp,/kaggle/working/MDFS/data/MDLIVE/extracted/LIVE_MD/To_Release/Ref_Images/babygirl.bmp,25.0556,29.475418090820312,0.1502889990006224,1
babygirl_blur1_noise2.bmp,/kaggle/working/MDFS/data/MDLIVE/extracted/LIVE_MD/To_Release/Part_2/blurnoise/babygirl_blur1_noise2.bmp,Multiply Dist.,babygirl.bmp,/kaggle/working/MDFS/data/MDLIVE/extracted/LIVE_MD/To_Release/Ref_Images/babygirl.bmp,45.7222,30.38771629333496,0.1439410729999508,1
babygirl_blur2.bmp,/kaggle/working/MDFS/data/MDLIVE/extracted/LIVE_MD/To_Release/Part_2/blurnoise/babygirl_blur2.bmp,Multiply Dist.,babygirl.bmp,/kaggle/working/MDFS/data/MDLIVE/extracted/LIVE_MD/To_Release/Ref_Images/babygirl.bmp,37.5556,33.43169021606445,0.1445950170000287,1
babygirl_blur2_noise2.bmp,/kaggle/working/MDFS/data/MDLIVE/extracted/LIVE_MD/To_Release/Part_2/blurnoise/babygirl_blur2_noise2.bmp,Multiply Dist.,babygirl.bmp,/kaggle/working/MDFS/data/MDLIVE/extracted/LIVE_MD/To_Release/Ref_Images/babygirl.bmp,52.0556,31.532865524291992,0.1443601029986894,1
babygirl_blur3.bmp,/kaggle/working/MDFS/data/MDLIVE/extracted/LIVE_MD/To_Release/Part_2/blurnoise/babygirl_blur3.bmp,Multiply Dist.,babygirl.bmp,/kaggle/working/MDFS/data/MDLIVE/extracted/LIVE_MD/To_Release/Ref_Images/babygirl.bmp,56.6111,36.015480041503906,0.1452434099992388,1
babygirl_blur3_noise2.bmp,/kaggle/working/MDFS/data/MDLIVE/extracted/LIVE_MD/To_Release/Part_2/blurnoise/babygirl_blur3_noise2.bmp,Multiply Dist.,babygirl.bmp,/kaggle/working/MDFS/data/MDLIVE/extracted/LIVE_MD/To_Release/Ref_Images/babygirl.bmp,62.6667,32.26551818847656,0.1486104510004224,1
babygirl_noise1.bmp,/kaggle/working/MDFS/data/MDLIVE/extracted/LIVE_MD/To_Release/Part_2/blurnoise/babygirl_noise1.bmp,Multiply Dist.,babygirl.bmp,/kaggle/working/MDFS/data/MDLIVE/extracted/LIVE_MD/To_Release/Ref_Images/babygirl.bmp,14.4444,24.093725204467773,0.1485308930004976,1
babygirl_noise3.bmp,/kaggle/working/MDFS/data/MDLIVE/extracted/LIVE_MD/To_Release/Part_2/blurnoise/babygirl_noise3.bmp,Multiply Dist.,babygirl.bmp,/kaggle/working/MDFS/data/MDLIVE/extracted/LIVE_MD/To_Release/Ref_Images/babygirl.bmp,50.8889,29.80233383178711,0.1462882519990671,1
bikerace_blur1_noise1.bmp,/kaggle/working/MDFS/data/MDLIVE/extracted/LIVE_MD/To_Release/Part_2/blurnoise/bikerace_blur1_noise1.bmp,Multiply Dist.,bikerace.bmp,/kaggle/working/MDFS/data/MDLIVE/extracted/LIVE_MD/To_Release/Ref_Images/bikerace.bmp,41.7778,26.07782745361328,0.1469708669992542,1
bikerace_blur1_noise3.bmp,/kaggle/working/MDFS/data/MDLIVE/extracted/LIVE_MD/To_Release/Part_2/blurnoise/bikerace_blur1_noise3.bmp,Multiply Dist.,bikerace.bmp,/kaggle/working/MDFS/data/MDLIVE/extracted/LIVE_MD/To_Release/Ref_Images/bikerace.bmp,55.6111,30.69227409362793,0.1489272479993815,1
bikerace_blur2_noise1.bmp,/kaggle/working/MDFS/data/MDLIVE/extracted/LIVE_MD/To_Release/Part_2/blurnoise/bikerace_blur2_noise1.bmp,Multiply Dist.,bikerace.bmp,/kaggle/working/MDFS/data/MDLIVE/extracted/LIVE_MD/To_Release/Ref_Images/bikerace.bmp,55.2222,28.40334701538086,0.1457227169994439,1
bikerace_blur2_noise3.bmp,/kaggle/working/MDFS/data/MDLIVE/extracted/LIVE_MD/To_Release/Part_2/blurnoise/bikerace_blur2_noise3.bmp,Multiply Dist.,bikerace.bmp,/kaggle/working/MDFS/data/MDLIVE/extracted/LIVE_MD/To_Release/Ref_Images/bikerace.bmp,61.3333,32.97950744628906,0.1484199550013727,1
bikerace_blur3_noise1.bmp,/kaggle/working/MDFS/data/MDLIVE/extracted/LIVE_MD/To_Release/Part_2/blurnoise/bikerace_blur3_noise1.bmp,Multiply Dist.,bikerace.bmp,/kaggle/working/MDFS/data/MDLIVE/extracted/LIVE_MD/To_Release/Ref_Images/bikerace.bmp,69.1111,29.915557861328125,0.1476717430014105,1
bikerace_blur3_noise3.bmp,/kaggle/working/MDFS/data/MDLIVE/extracted/LIVE_MD/To_Release/Part_2/blurnoise/bikerace_blur3_noise3.bmp,Multiply Dist.,bikerace.bmp,/kaggle/working/MDFS/data/MDLIVE/extracted/LIVE_MD/To_Release/Ref_Images/bikerace.bmp,72.0556,34.043067932128906,0.1460229740005161,1
bikerace_noise2.bmp,/kaggle/working/MDFS/data/MDLIVE/extracted/LIVE_MD/To_Release/Part_2/blurnoise/bikerace_noise2.bmp,Multiply Dist.,bikerace.bmp,/kaggle/working/MDFS/data/MDLIVE/extracted/LIVE_MD/To_Release/Ref_Images/bikerace.bmp,31.2222,24.311506271362305,0.1470119879995763,1
cows_blur1.bmp,/kaggle/working/MDFS/data/MDLIVE/extracted/LIVE_MD/To_Release/Part_2/blurnoise/cows_blur1.bmp,Multiply Dist.,cows.bmp,/kaggle/working/MDFS/data/MDLIVE/extracted/LIVE_MD/To_Release/Ref_Images/cows.bmp,36.0556,28.63804054260254,0.1447559770003863,1
cows_blur1_noise2.bmp,/kaggle/working/MDFS/data/MDLIVE/extracted/LIVE_MD/To_Release/Part_2/blurnoise/cows_blur1_noise2.bmp,Multiply Dist.,cows.bmp,/kaggle/working/MDFS/data/MDLIVE/extracted/LIVE_MD/To_Release/Ref_Images/cows.bmp,49.3889,30.856182098388672,0.1487956420005503,1
cows_blur2.bmp,/kaggle/working/MDFS/data/MDLIVE/extracted/LIVE_MD/To_Release/Part_2/blurnoise/cows_blur2.bmp,Multiply Dist.,cows.bmp,/kaggle/working/MDFS/data/MDLIVE/extracted/LIVE_MD/To_Release/Ref_Images/cows.bmp,54.0,33.17877197265625,0.1504042090000439,1
cows_blur2_noise2.bmp,/kaggle/working/MDFS/data/MDLIVE/extracted/LIVE_MD/To_Release/Part_2/blurnoise/cows_blur2_noise2.bmp,Multiply Dist.,cows.bmp,/kaggle/working/MDFS/data/MDLIVE/extracted/LIVE_MD/To_Release/Ref_Images/cows.bmp,64.2778,32.86333465576172,0.1513296209996042,1
cows_blur3.bmp,/kaggle/working/MDFS/data/MDLIVE/extracted/LIVE_MD/To_Release/Part_2/blurnoise/cows_blur3.bmp,Multiply Dist.,cows.bmp,/kaggle/working/MDFS/data/MDLIVE/extracted/LIVE_MD/To_Release/Ref_Images/cows.bmp,71.1667,36.53628158569336,0.146952635001071,1
cows_blur3_noise2.bmp,/kaggle/working/MDFS/data/MDLIVE/extracted/LIVE_MD/To_Release/Part_2/blurnoise/cows_blur3_noise2.bmp,Multiply Dist.,cows.bmp,/kaggle/working/MDFS/data/MDLIVE/extracted/LIVE_MD/To_Release/Ref_Images/cows.bmp,71.1667,34.01616287231445,0.1500381379992177,1
cows_noise1.bmp,/kaggle/working/MDFS/data/MDLIVE/extracted/LIVE_MD/To_Release/Part_2/blurnoise/cows_noise1.bmp,Multiply Dist.,cows.bmp,/kaggle/working/MDFS/data/MDLIVE/extracted/LIVE_MD/To_Release/Ref_Images/cows.bmp,7.5,21.3665714263916,0.1495456880002166,1
cows_noise3.bmp,/kaggle/working/MDFS/data/MDLIVE/extracted/LIVE_MD/To_Release/Part_2/blurnoise/cows_noise3.bmp,Multiply Dist.,cows.bmp,/kaggle/working/MDFS/data/MDLIVE/extracted/LIVE_MD/To_Release/Ref_Images/cows.bmp,36.0556,28.514408111572266,0.148034865000227,1
elephant_blur1_noise1.bmp,/kaggle/working/MDFS/data/MDLIVE/extracted/LIVE_MD/To_Release/Part_2/blurnoise/elephant_blur1_noise1.bmp,Multiply Dist.,elephant.bmp,/kaggle/working/MDFS/data/MDLIVE/extracted/LIVE_MD/To_Release/Ref_Images/elephant.bmp,29.1667,25.635950088500977,0.1518365560004895,1
elephant_blur1_noise3.bmp,/kaggle/working/MDFS/data/MDLIVE/extracted/LIVE_MD/To_Release/Part_2/blurnoise/elephant_blur1_noise3.bmp,Multiply Dist.,elephant.bmp,/kaggle/working/MDFS/data/MDLIVE/extracted/LIVE_MD/To_Release/Ref_Images/elephant.bmp,45.4444,32.112483978271484,0.1530367830000614,1
elephant_blur2_noise1.bmp,/kaggle/working/MDFS/data/MDLIVE/extracted/LIVE_MD/To_Release/Part_2/blurnoise/elephant_blur2_noise1.bmp,Multiply Dist.,elephant.bmp,/kaggle/working/MDFS/data/MDLIVE/extracted/LIVE_MD/To_Release/Ref_Images/elephant.bmp,45.6667,28.374361038208008,0.1518165420002333,1
elephant_blur2_noise3.bmp,/kaggle/working/MDFS/data/MDLIVE/extracted/LIVE_MD/To_Release/Part_2/blurnoise/elephant_blur2_noise3.bmp,Multiply Dist.,elephant.bmp,/kaggle/working/MDFS/data/MDLIVE/extracted/LIVE_MD/To_Release/Ref_Images/elephant.bmp,57.6667,34.111915588378906,0.152457776999654,1
elephant_blur3_noise1.bmp,/kaggle/working/MDFS/data/MDLIVE/extracted/LIVE_MD/To_Release/Part_2/blurnoise/elephant_blur3_noise1.bmp,Multiply Dist.,elephant.bmp,/kaggle/working/MDFS/data/MDLIVE/extracted/LIVE_MD/To_Release/Ref_Images/elephant.bmp,57.7778,30.170373916625977,0.1487565739989804,1
elephant_blur3_noise3.bmp,/kaggle/working/MDFS/data/MDLIVE/extracted/LIVE_MD/To_Release/Part_2/blurnoise/elephant_blur3_noise3.bmp,Multiply Dist.,elephant.bmp,/kaggle/working/MDFS/data/MDLIVE/extracted/LIVE_MD/To_Release/Ref_Images/elephant.bmp,65.9444,35.7286376953125,0.1541488779985229,1
elephant_noise2.bmp,/kaggle/working/MDFS/data/MDLIVE/extracted/LIVE_MD/To_Release/Part_2/blurnoise/elephant_noise2.bmp,Multiply Dist.,elephant.bmp,/kaggle/working/MDFS/data/MDLIVE/extracted/LIVE_MD/To_Release/Ref_Images/elephant.bmp,29.8889,24.586788177490234,0.1507401990002108,1
iceroad_blur1.bmp,/kaggle/working/MDFS/data/MDLIVE/extracted/LIVE_MD/To_Release/Part_2/blurnoise/iceroad_blur1.bmp,Multiply Dist.,iceroad.bmp,/kaggle/working/MDFS/data/MDLIVE/extracted/LIVE_MD/To_Release/Ref_Images/iceroad.bmp,26.7778,28.53108024597168,0.1464558220013714,1
iceroad_blur1_noise2.bmp,/kaggle/working/MDFS/data/MDLIVE/extracted/LIVE_MD/To_Release/Part_2/blurnoise/iceroad_blur1_noise2.bmp,Multiply Dist.,iceroad.bmp,/kaggle/working/MDFS/data/MDLIVE/extracted/LIVE_MD/To_Release/Ref_Images/iceroad.bmp,42.7222,31.819936752319336,0.1498919429996021,1
iceroad_blur2.bmp,/kaggle/working/MDFS/data/MDLIVE/extracted/LIVE_MD/To_Release/Part_2/blurnoise/iceroad_blur2.bmp,Multiply Dist.,iceroad.bmp,/kaggle/working/MDFS/data/MDLIVE/extracted/LIVE_MD/To_Release/Ref_Images/iceroad.bmp,50.2222,33.89960861206055,0.1494399719995272,1
iceroad_blur2_noise2.bmp,/kaggle/working/MDFS/data/MDLIVE/extracted/LIVE_MD/To_Release/Part_2/blurnoise/iceroad_blur2_noise2.bmp,Multiply Dist.,iceroad.bmp,/kaggle/working/MDFS/data/MDLIVE/extracted/LIVE_MD/To_Release/Ref_Images/iceroad.bmp,51.6667,34.28096389770508,0.1458013529991149,1
iceroad_blur3.bmp,/kaggle/working/MDFS/data/MDLIVE/extracted/LIVE_MD/To_Release/Part_2/blurnoise/iceroad_blur3.bmp,Multiply Dist.,iceroad.bmp,/kaggle/working/MDFS/data/MDLIVE/extracted/LIVE_MD/To_Release/Ref_Images/iceroad.bmp,60.8333,36.896270751953125,0.1448117370000545,1
iceroad_blur3_noise2.bmp,/kaggle/working/MDFS/data/MDLIVE/extracted/LIVE_MD/To_Release/Part_2/blurnoise/iceroad_blur3_noise2.bmp,Multiply Dist.,iceroad.bmp,/kaggle/working/MDFS/data/MDLIVE/extracted/LIVE_MD/To_Release/Ref_Images/iceroad.bmp,65.8889,35.273887634277344,0.147502820000227,1
iceroad_noise1.bmp,/kaggle/working/MDFS/data/MDLIVE/extracted/LIVE_MD/To_Release/Part_2/blurnoise/iceroad_noise1.bmp,Multiply Dist.,iceroad.bmp,/kaggle/working/MDFS/data/MDLIVE/extracted/LIVE_MD/To_Release/Ref_Images/iceroad.bmp,6.3333,22.20249938964844,0.1416681179998704,1
iceroad_noise3.bmp,/kaggle/working/MDFS/data/MDLIVE/extracted/LIVE_MD/To_Release/Part_2/blurnoise/iceroad_noise3.bmp,Multiply Dist.,iceroad.bmp,/kaggle/working/MDFS/data/MDLIVE/extracted/LIVE_MD/To_Release/Ref_Images/iceroad.bmp,32.7222,28.338354110717773,0.1495377720002579,1
lakebuilding_blur1_noise1.bmp,/kaggle/working/MDFS/data/MDLIVE/extracted/LIVE_MD/To_Release/Part_2/blurnoise/lakebuilding_blur1_noise1.bmp,Multiply Dist.,lakebuilding.bmp,/kaggle/working/MDFS/data/MDLIVE/extracted/LIVE_MD/To_Release/Ref_Images/lakebuilding.bmp,45.1111,25.547061920166016,0.1507078419999743,1
lakebuilding_blur1_noise3.bmp,/kaggle/working/MDFS/data/MDLIVE/extracted/LIVE_MD/To_Release/Part_2/blurnoise/lakebuilding_blur1_noise3.bmp,Multiply Dist.,lakebuilding.bmp,/kaggle/working/MDFS/data/MDLIVE/extracted/LIVE_MD/To_Release/Ref_Images/lakebuilding.bmp,57.5,31.0539608001709,0.1492635899994638,1
lakebuilding_blur2_noise1.bmp,/kaggle/working/MDFS/data/MDLIVE/extracted/LIVE_MD/To_Release/Part_2/blurnoise/lakebuilding_blur2_noise1.bmp,Multiply Dist.,lakebuilding.bmp,/kaggle/working/MDFS/data/MDLIVE/extracted/LIVE_MD/To_Release/Ref_Images/lakebuilding.bmp,67.6111,27.89641761779785,0.1482986970004276,1
lakebuilding_blur2_noise3.bmp,/kaggle/working/MDFS/data/MDLIVE/extracted/LIVE_MD/To_Release/Part_2/blurnoise/lakebuilding_blur2_noise3.bmp,Multiply Dist.,lakebuilding.bmp,/kaggle/working/MDFS/data/MDLIVE/extracted/LIVE_MD/To_Release/Ref_Images/lakebuilding.bmp,71.3889,33.24892807006836,0.1454911199998605,1
lakebuilding_blur3_noise1.bmp,/kaggle/working/MDFS/data/MDLIVE/extracted/LIVE_MD/To_Release/Part_2/blurnoise/lakebuilding_blur3_noise1.bmp,Multiply Dist.,lakebuilding.bmp,/kaggle/working/MDFS/data/MDLIVE/extracted/LIVE_MD/To_Release/Ref_Images/lakebuilding.bmp,77.2222,29.795246124267575,0.1466609950002748,1
lakebuilding_blur3_noise3.bmp,/kaggle/working/MDFS/data/MDLIVE/extracted/LIVE_MD/To_Release/Part_2/blurnoise/lakebuilding_blur3_noise3.bmp,Multiply Dist.,lakebuilding.bmp,/kaggle/working/MDFS/data/MDLIVE/extracted/LIVE_MD/To_Release/Ref_Images/lakebuilding.bmp,75.3333,34.58675003051758,0.1464483099989593,1
lakebuilding_noise2.bmp,/kaggle/working/MDFS/data/MDLIVE/extracted/LIVE_MD/To_Release/Part_2/blurnoise/lakebuilding_noise2.bmp,Multiply Dist.,lakebuilding.bmp,/kaggle/working/MDFS/data/MDLIVE/extracted/LIVE_MD/To_Release/Ref_Images/lakebuilding.bmp,35.0,24.12822914123535,0.1522162679993925,1
lunch_blur1.bmp,/kaggle/working/MDFS/data/MDLIVE/extracted/LIVE_MD/To_Release/Part_2/blurnoise/lunch_blur1.bmp,Multiply Dist.,lunch.bmp,/kaggle/working/MDFS/data/MDLIVE/extracted/LIVE_MD/To_Release/Ref_Images/lunch.bmp,39.3889,27.12209129333496,0.1531167229986749,1
lunch_blur1_noise2.bmp,/kaggle/working/MDFS/data/MDLIVE/extracted/LIVE_MD/To_Release/Part_2/blurnoise/lunch_blur1_noise2.bmp,Multiply Dist.,lunch.bmp,/kaggle/working/MDFS/data/MDLIVE/extracted/LIVE_MD/To_Release/Ref_Images/lunch.bmp,44.6111,29.2125301361084,0.1532081259992992,1
lunch_blur2.bmp,/kaggle/working/MDFS/data/MDLIVE/extracted/LIVE_MD/To_Release/Part_2/blurnoise/lunch_blur2.bmp,Multiply Dist.,lunch.bmp,/kaggle/working/MDFS/data/MDLIVE/extracted/LIVE_MD/To_Release/Ref_Images/lunch.bmp,58.7222,31.613365173339844,0.1509632879988203,1
lunch_blur2_noise2.bmp,/kaggle/working/MDFS/data/MDLIVE/extracted/LIVE_MD/To_Release/Part_2/blurnoise/lunch_blur2_noise2.bmp,Multiply Dist.,lunch.bmp,/kaggle/working/MDFS/data/MDLIVE/extracted/LIVE_MD/To_Release/Ref_Images/lunch.bmp,61.1111,31.59163856506348,0.1480401080007141,1
lunch_blur3.bmp,/kaggle/working/MDFS/data/MDLIVE/extracted/LIVE_MD/To_Release/Part_2/blurnoise/lunch_blur3.bmp,Multiply Dist.,lunch.bmp,/kaggle/working/MDFS/data/MDLIVE/extracted/LIVE_MD/To_Release/Ref_Images/lunch.bmp,70.1111,34.62593460083008,0.1528953849992831,1
lunch_blur3_noise2.bmp,/kaggle/working/MDFS/data/MDLIVE/extracted/LIVE_MD/To_Release/Part_2/blurnoise/lunch_blur3_noise2.bmp,Multiply Dist.,lunch.bmp,/kaggle/working/MDFS/data/MDLIVE/extracted/LIVE_MD/To_Release/Ref_Images/lunch.bmp,64.5,32.61933517456055,0.1519627279994893,1
lunch_noise1.bmp,/kaggle/working/MDFS/data/MDLIVE/extracted/LIVE_MD/To_Release/Part_2/blurnoise/lunch_noise1.bmp,Multiply Dist.,lunch.bmp,/kaggle/working/MDFS/data/MDLIVE/extracted/LIVE_MD/To_Release/Ref_Images/lunch.bmp,3.1111,23.00802230834961,0.1491711500002566,1
lunch_noise3.bmp,/kaggle/working/MDFS/data/MDLIVE/extracted/LIVE_MD/To_Release/Part_2/blurnoise/lunch_noise3.bmp,Multiply Dist.,lunch.bmp,/kaggle/working/MDFS/data/MDLIVE/extracted/LIVE_MD/To_Release/Ref_Images/lunch.bmp,33.3333,26.80718421936035,0.1514132159991277,1
market_blur1_noise1.bmp,/kaggle/working/MDFS/data/MDLIVE/extracted/LIVE_MD/To_Release/Part_2/blurnoise/market_blur1_noise1.bmp,Multiply Dist.,market.bmp,/kaggle/working/MDFS/data/MDLIVE/extracted/LIVE_MD/To_Release/Ref_Images/market.bmp,26.1667,26.114234924316406,0.1548911100016994,1
market_blur1_noise3.bmp,/kaggle/working/MDFS/data/MDLIVE/extracted/LIVE_MD/To_Release/Part_2/blurnoise/market_blur1_noise3.bmp,Multiply Dist.,market.bmp,/kaggle/working/MDFS/data/MDLIVE/extracted/LIVE_MD/To_Release/Ref_Images/market.bmp,51.4444,29.9952392578125,0.1557794349992036,1
market_blur2_noise1.bmp,/kaggle/working/MDFS/data/MDLIVE/extracted/LIVE_MD/To_Release/Part_2/blurnoise/market_blur2_noise1.bmp,Multiply Dist.,market.bmp,/kaggle/working/MDFS/data/MDLIVE/extracted/LIVE_MD/To_Release/Ref_Images/market.bmp,49.2222,28.7152156829834,0.15403057200092,1
market_blur2_noise3.bmp,/kaggle/working/MDFS/data/MDLIVE/extracted/LIVE_MD/To_Release/Part_2/blurnoise/market_blur2_noise3.bmp,Multiply Dist.,market.bmp,/kaggle/working/MDFS/data/MDLIVE/extracted/LIVE_MD/To_Release/Ref_Images/market.bmp,53.0,32.96372985839844,0.1517023019987391,1
market_blur3_noise1.bmp,/kaggle/working/MDFS/data/MDLIVE/extracted/LIVE_MD/To_Release/Part_2/blurnoise/market_blur3_noise1.bmp,Multiply Dist.,market.bmp,/kaggle/working/MDFS/data/MDLIVE/extracted/LIVE_MD/To_Release/Ref_Images/market.bmp,62.3889,30.24313735961914,0.1479825709993747,1
market_blur3_noise3.bmp,/kaggle/working/MDFS/data/MDLIVE/extracted/LIVE_MD/To_Release/Part_2/blurnoise/market_blur3_noise3.bmp,Multiply Dist.,market.bmp,/kaggle/working/MDFS/data/MDLIVE/extracted/LIVE_MD/To_Release/Ref_Images/market.bmp,66.5556,34.13683319091797,0.1511182750000443,1
market_noise2.bmp,/kaggle/working/MDFS/data/MDLIVE/extracted/LIVE_MD/To_Release/Part_2/blurnoise/market_noise2.bmp,Multiply Dist.,market.bmp,/kaggle/working/MDFS/data/MDLIVE/extracted/LIVE_MD/To_Release/Ref_Images/market.bmp,31.1111,24.5622673034668,0.1533842349999759,1
palace2_blur1.bmp,/kaggle/working/MDFS/data/MDLIVE/extracted/LIVE_MD/To_Release/Part_2/blurnoise/palace2_blur1.bmp,Multiply Dist.,palace2.bmp,/kaggle/working/MDFS/data/MDLIVE/extracted/LIVE_MD/To_Release/Ref_Images/palace2.bmp,45.1667,27.538158416748047,0.1529814700006682,1
palace2_blur1_noise2.bmp,/kaggle/working/MDFS/data/MDLIVE/extracted/LIVE_MD/To_Release/Part_2/blurnoise/palace2_blur1_noise2.bmp,Multiply Dist.,palace2.bmp,/kaggle/working/MDFS/data/MDLIVE/extracted/LIVE_MD/To_Release/Ref_Images/palace2.bmp,62.9444,31.57293128967285,0.1493974910008546,1
palace2_blur2.bmp,/kaggle/working/MDFS/data/MDLIVE/extracted/LIVE_MD/To_Release/Part_2/blurnoise/palace2_blur2.bmp,Multiply Dist.,palace2.bmp,/kaggle/working/MDFS/data/MDLIVE/extracted/LIVE_MD/To_Release/Ref_Images/palace2.bmp,64.8333,33.55620574951172,0.1528701540009933,1
palace2_blur2_noise2.bmp,/kaggle/working/MDFS/data/MDLIVE/extracted/LIVE_MD/To_Release/Part_2/blurnoise/palace2_blur2_noise2.bmp,Multiply Dist.,palace2.bmp,/kaggle/working/MDFS/data/MDLIVE/extracted/LIVE_MD/To_Release/Ref_Images/palace2.bmp,70.7778,34.3347282409668,0.154374319999988,1
palace2_blur3.bmp,/kaggle/working/MDFS/data/MDLIVE/extracted/LIVE_MD/To_Release/Part_2/blurnoise/palace2_blur3.bmp,Multiply Dist.,palace2.bmp,/kaggle/working/MDFS/data/MDLIVE/extracted/LIVE_MD/To_Release/Ref_Images/palace2.bmp,76.8889,37.252227783203125,0.1519063939995248,1
palace2_blur3_noise2.bmp,/kaggle/working/MDFS/data/MDLIVE/extracted/LIVE_MD/To_Release/Part_2/blurnoise/palace2_blur3_noise2.bmp,Multiply Dist.,palace2.bmp,/kaggle/working/MDFS/data/MDLIVE/extracted/LIVE_MD/To_Release/Ref_Images/palace2.bmp,84.6667,35.835594177246094,0.1489276669999526,1
palace2_noise1.bmp,/kaggle/working/MDFS/data/MDLIVE/extracted/LIVE_MD/To_Release/Part_2/blurnoise/palace2_noise1.bmp,Multiply Dist.,palace2.bmp,/kaggle/working/MDFS/data/MDLIVE/extracted/LIVE_MD/To_Release/Ref_Images/palace2.bmp,11.6667,21.77438735961914,0.1516187649995117,1
palace2_noise3.bmp,/kaggle/working/MDFS/data/MDLIVE/extracted/LIVE_MD/To_Release/Part_2/blurnoise/palace2_noise3.bmp,Multiply Dist.,palace2.bmp,/kaggle/working/MDFS/data/MDLIVE/extracted/LIVE_MD/To_Release/Ref_Images/palace2.bmp,49.4444,27.624303817749023,0.1495696859983581,1
railwaystation_blur1_noise1.bmp,/kaggle/working/MDFS/data/MDLIVE/extracted/LIVE_MD/To_Release/Part_2/blurnoise/railwaystation_blur1_noise1.bmp,Multiply Dist.,railwaystation.bmp,/kaggle/working/MDFS/data/MDLIVE/extracted/LIVE_MD/To_Release/Ref_Images/railwaystation.bmp,28.1111,25.98841094970703,0.1520010269996419,1
railwaystation_blur1_noise3.bmp,/kaggle/working/MDFS/data/MDLIVE/extracted/LIVE_MD/To_Release/Part_2/blurnoise/railwaystation_blur1_noise3.bmp,Multiply Dist.,railwaystation.bmp,/kaggle/working/MDFS/data/MDLIVE/extracted/LIVE_MD/To_Release/Ref_Images/railwaystation.bmp,44.9444,32.03297805786133,0.1553152549986407,1
railwaystation_blur2_noise1.bmp,/kaggle/working/MDFS/data/MDLIVE/extracted/LIVE_MD/To_Release/Part_2/blurnoise/railwaystation_blur2_noise1.bmp,Multiply Dist.,railwaystation.bmp,/kaggle/working/MDFS/data/MDLIVE/extracted/LIVE_MD/To_Release/Ref_Images/railwaystation.bmp,46.2222,28.615375518798828,0.1527908459993341,1
railwaystation_blur2_noise3.bmp,/kaggle/working/MDFS/data/MDLIVE/extracted/LIVE_MD/To_Release/Part_2/blurnoise/railwaystation_blur2_noise3.bmp,Multiply Dist.,railwaystation.bmp,/kaggle/working/MDFS/data/MDLIVE/extracted/LIVE_MD/To_Release/Ref_Images/railwaystation.bmp,56.7222,34.694297790527344,0.1501653739996982,1
railwaystation_blur3_noise1.bmp,/kaggle/working/MDFS/data/MDLIVE/extracted/LIVE_MD/To_Release/Part_2/blurnoise/railwaystation_blur3_noise1.bmp,Multiply Dist.,railwaystation.bmp,/kaggle/working/MDFS/data/MDLIVE/extracted/LIVE_MD/To_Release/Ref_Images/railwaystation.bmp,60.6667,29.711650848388672,0.1499128479990759,1
railwaystation_blur3_noise3.bmp,/kaggle/working/MDFS/data/MDLIVE/extracted/LIVE_MD/To_Release/Part_2/blurnoise/railwaystation_blur3_noise3.bmp,Multiply Dist.,railwaystation.bmp,/kaggle/working/MDFS/data/MDLIVE/extracted/LIVE_MD/To_Release/Ref_Images/railwaystation.bmp,68.8889,35.71459197998047,0.1502445579990308,1
railwaystation_noise2.bmp,/kaggle/working/MDFS/data/MDLIVE/extracted/LIVE_MD/To_Release/Part_2/blurnoise/railwaystation_noise2.bmp,Multiply Dist.,railwaystation.bmp,/kaggle/working/MDFS/data/MDLIVE/extracted/LIVE_MD/To_Release/Ref_Images/railwaystation.bmp,20.1111,24.716384887695312,0.1468874710008094,1
sanfrancisco_blur1.bmp,/kaggle/working/MDFS/data/MDLIVE/extracted/LIVE_MD/To_Release/Part_2/blurnoise/sanfrancisco_blur1.bmp,Multiply Dist.,sanfrancisco.bmp,/kaggle/working/MDFS/data/MDLIVE/extracted/LIVE_MD/To_Release/Ref_Images/sanfrancisco.bmp,33.8333,27.453149795532227,0.1512948990002769,1
sanfrancisco_blur1_noise2.bmp,/kaggle/working/MDFS/data/MDLIVE/extracted/LIVE_MD/To_Release/Part_2/blurnoise/sanfrancisco_blur1_noise2.bmp,Multiply Dist.,sanfrancisco.bmp,/kaggle/working/MDFS/data/MDLIVE/extracted/LIVE_MD/To_Release/Ref_Images/sanfrancisco.bmp,54.2778,30.477075576782227,0.152014887000405,1
sanfrancisco_blur2.bmp,/kaggle/working/MDFS/data/MDLIVE/extracted/LIVE_MD/To_Release/Part_2/blurnoise/sanfrancisco_blur2.bmp,Multiply Dist.,sanfrancisco.bmp,/kaggle/working/MDFS/data/MDLIVE/extracted/LIVE_MD/To_Release/Ref_Images/sanfrancisco.bmp,53.7222,31.753625869750977,0.1528119799986598,1
sanfrancisco_blur2_noise2.bmp,/kaggle/working/MDFS/data/MDLIVE/extracted/LIVE_MD/To_Release/Part_2/blurnoise/sanfrancisco_blur2_noise2.bmp,Multiply Dist.,sanfrancisco.bmp,/kaggle/working/MDFS/data/MDLIVE/extracted/LIVE_MD/To_Release/Ref_Images/sanfrancisco.bmp,61.9444,32.93980407714844,0.1511892799990164,1
sanfrancisco_blur3.bmp,/kaggle/working/MDFS/data/MDLIVE/extracted/LIVE_MD/To_Release/Part_2/blurnoise/sanfrancisco_blur3.bmp,Multiply Dist.,sanfrancisco.bmp,/kaggle/working/MDFS/data/MDLIVE/extracted/LIVE_MD/To_Release/Ref_Images/sanfrancisco.bmp,70.4444,34.51056289672852,0.1533931860012671,1
sanfrancisco_blur3_noise2.bmp,/kaggle/working/MDFS/data/MDLIVE/extracted/LIVE_MD/To_Release/Part_2/blurnoise/sanfrancisco_blur3_noise2.bmp,Multiply Dist.,sanfrancisco.bmp,/kaggle/working/MDFS/data/MDLIVE/extracted/LIVE_MD/To_Release/Ref_Images/sanfrancisco.bmp,82.0,34.17779922485352,0.1487130200002866,1
sanfrancisco_noise1.bmp,/kaggle/working/MDFS/data/MDLIVE/extracted/LIVE_MD/To_Release/Part_2/blurnoise/sanfrancisco_noise1.bmp,Multiply Dist.,sanfrancisco.bmp,/kaggle/working/MDFS/data/MDLIVE/extracted/LIVE_MD/To_Release/Ref_Images/sanfrancisco.bmp,5.1667,22.499181747436523,0.1485153080011514,1
sanfrancisco_noise3.bmp,/kaggle/working/MDFS/data/MDLIVE/extracted/LIVE_MD/To_Release/Part_2/blurnoise/sanfrancisco_noise3.bmp,Multiply Dist.,sanfrancisco.bmp,/kaggle/working/MDFS/data/MDLIVE/extracted/LIVE_MD/To_Release/Ref_Images/sanfrancisco.bmp,39.8333,27.60161018371582,0.1527876130003278,1
scrimmage_blur1_noise1.bmp,/kaggle/working/MDFS/data/MDLIVE/extracted/LIVE_MD/To_Release/Part_2/blurnoise/scrimmage_blur1_noise1.bmp,Multiply Dist.,scrimmage.bmp,/kaggle/working/MDFS/data/MDLIVE/extracted/LIVE_MD/To_Release/Ref_Images/scrimmage.bmp,32.4444,25.9152946472168,0.1536455599998589,1
scrimmage_blur1_noise3.bmp,/kaggle/working/MDFS/data/MDLIVE/extracted/LIVE_MD/To_Release/Part_2/blurnoise/scrimmage_blur1_noise3.bmp,Multiply Dist.,scrimmage.bmp,/kaggle/working/MDFS/data/MDLIVE/extracted/LIVE_MD/To_Release/Ref_Images/scrimmage.bmp,52.8333,30.55261611938477,0.1531553950007946,1
scrimmage_blur2_noise1.bmp,/kaggle/working/MDFS/data/MDLIVE/extracted/LIVE_MD/To_Release/Part_2/blurnoise/scrimmage_blur2_noise1.bmp,Multiply Dist.,scrimmage.bmp,/kaggle/working/MDFS/data/MDLIVE/extracted/LIVE_MD/To_Release/Ref_Images/scrimmage.bmp,57.3889,28.41698455810547,0.1491604060011013,1
scrimmage_blur2_noise3.bmp,/kaggle/working/MDFS/data/MDLIVE/extracted/LIVE_MD/To_Release/Part_2/blurnoise/scrimmage_blur2_noise3.bmp,Multiply Dist.,scrimmage.bmp,/kaggle/working/MDFS/data/MDLIVE/extracted/LIVE_MD/To_Release/Ref_Images/scrimmage.bmp,61.6111,32.77058792114258,0.1497200850008084,1
scrimmage_blur3_noise1.bmp,/kaggle/working/MDFS/data/MDLIVE/extracted/LIVE_MD/To_Release/Part_2/blurnoise/scrimmage_blur3_noise1.bmp,Multiply Dist.,scrimmage.bmp,/kaggle/working/MDFS/data/MDLIVE/extracted/LIVE_MD/To_Release/Ref_Images/scrimmage.bmp,65.9444,29.62295913696289,0.1496368869993602,1
scrimmage_blur3_noise3.bmp,/kaggle/working/MDFS/data/MDLIVE/extracted/LIVE_MD/To_Release/Part_2/blurnoise/scrimmage_blur3_noise3.bmp,Multiply Dist.,scrimmage.bmp,/kaggle/working/MDFS/data/MDLIVE/extracted/LIVE_MD/To_Release/Ref_Images/scrimmage.bmp,75.7222,34.588134765625,0.1508981539991509,1
scrimmage_noise2.bmp,/kaggle/working/MDFS/data/MDLIVE/extracted/LIVE_MD/To_Release/Part_2/blurnoise/scrimmage_noise2.bmp,Multiply Dist.,scrimmage.bmp,/kaggle/working/MDFS/data/MDLIVE/extracted/LIVE_MD/To_Release/Ref_Images/scrimmage.bmp,25.2778,24.13598251342773,0.1530586700009735,1
seals_blur1.bmp,/kaggle/working/MDFS/data/MDLIVE/extracted/LIVE_MD/To_Release/Part_2/blurnoise/seals_blur1.bmp,Multiply Dist.,seals.bmp,/kaggle/working/MDFS/data/MDLIVE/extracted/LIVE_MD/To_Release/Ref_Images/seals.bmp,27.1667,28.68836784362793,0.1520798050005396,1
seals_blur1_noise2.bmp,/kaggle/working/MDFS/data/MDLIVE/extracted/LIVE_MD/To_Release/Part_2/blurnoise/seals_blur1_noise2.bmp,Multiply Dist.,seals.bmp,/kaggle/working/MDFS/data/MDLIVE/extracted/LIVE_MD/To_Release/Ref_Images/seals.bmp,43.1667,33.83512878417969,0.1491510100004234,1
seals_blur2.bmp,/kaggle/working/MDFS/data/MDLIVE/extracted/LIVE_MD/To_Release/Part_2/blurnoise/seals_blur2.bmp,Multiply Dist.,seals.bmp,/kaggle/working/MDFS/data/MDLIVE/extracted/LIVE_MD/To_Release/Ref_Images/seals.bmp,50.2778,33.557334899902344,0.1501750769984937,1
seals_blur2_noise2.bmp,/kaggle/working/MDFS/data/MDLIVE/extracted/LIVE_MD/To_Release/Part_2/blurnoise/seals_blur2_noise2.bmp,Multiply Dist.,seals.bmp,/kaggle/working/MDFS/data/MDLIVE/extracted/LIVE_MD/To_Release/Ref_Images/seals.bmp,53.7222,35.269989013671875,0.1492338689986354,1
seals_blur3.bmp,/kaggle/working/MDFS/data/MDLIVE/extracted/LIVE_MD/To_Release/Part_2/blurnoise/seals_blur3.bmp,Multiply Dist.,seals.bmp,/kaggle/working/MDFS/data/MDLIVE/extracted/LIVE_MD/To_Release/Ref_Images/seals.bmp,67.7778,36.17082595825195,0.1498634229992603,1
seals_blur3_noise2.bmp,/kaggle/working/MDFS/data/MDLIVE/extracted/LIVE_MD/To_Release/Part_2/blurnoise/seals_blur3_noise2.bmp,Multiply Dist.,seals.bmp,/kaggle/working/MDFS/data/MDLIVE/extracted/LIVE_MD/To_Release/Ref_Images/seals.bmp,62.3333,36.57295608520508,0.1537195519995293,1
seals_noise1.bmp,/kaggle/working/MDFS/data/MDLIVE/extracted/LIVE_MD/To_Release/Part_2/blurnoise/seals_noise1.bmp,Multiply Dist.,seals.bmp,/kaggle/working/MDFS/data/MDLIVE/extracted/LIVE_MD/To_Release/Ref_Images/seals.bmp,6.8889,22.62517547607422,0.1508719640005438,1
seals_noise3.bmp,/kaggle/working/MDFS/data/MDLIVE/extracted/LIVE_MD/To_Release/Part_2/blurnoise/seals_noise3.bmp,Multiply Dist.,seals.bmp,/kaggle/working/MDFS/data/MDLIVE/extracted/LIVE_MD/To_Release/Ref_Images/seals.bmp,37.0,31.162199020385746,0.150774140998692,1
sunrise_blur1_noise1.bmp,/kaggle/working/MDFS/data/MDLIVE/extracted/LIVE_MD/To_Release/Part_2/blurnoise/sunrise_blur1_noise1.bmp,Multiply Dist.,sunrise.bmp,/kaggle/working/MDFS/data/MDLIVE/extracted/LIVE_MD/To_Release/Ref_Images/sunrise.bmp,22.9444,26.69862365722656,0.1537371350004832,1
sunrise_blur1_noise3.bmp,/kaggle/working/MDFS/data/MDLIVE/extracted/LIVE_MD/To_Release/Part_2/blurnoise/sunrise_blur1_noise3.bmp,Multiply Dist.,sunrise.bmp,/kaggle/working/MDFS/data/MDLIVE/extracted/LIVE_MD/To_Release/Ref_Images/sunrise.bmp,42.5,31.660985946655277,0.1530777200005104,1
sunrise_blur2_noise1.bmp,/kaggle/working/MDFS/data/MDLIVE/extracted/LIVE_MD/To_Release/Part_2/blurnoise/sunrise_blur2_noise1.bmp,Multiply Dist.,sunrise.bmp,/kaggle/working/MDFS/data/MDLIVE/extracted/LIVE_MD/To_Release/Ref_Images/sunrise.bmp,40.3333,28.845815658569336,0.147485281999252,1
sunrise_blur2_noise3.bmp,/kaggle/working/MDFS/data/MDLIVE/extracted/LIVE_MD/To_Release/Part_2/blurnoise/sunrise_blur2_noise3.bmp,Multiply Dist.,sunrise.bmp,/kaggle/working/MDFS/data/MDLIVE/extracted/LIVE_MD/To_Release/Ref_Images/sunrise.bmp,46.2222,33.50825881958008,0.15002291699966,1
sunrise_blur3_noise1.bmp,/kaggle/working/MDFS/data/MDLIVE/extracted/LIVE_MD/To_Release/Part_2/blurnoise/sunrise_blur3_noise1.bmp,Multiply Dist.,sunrise.bmp,/kaggle/working/MDFS/data/MDLIVE/extracted/LIVE_MD/To_Release/Ref_Images/sunrise.bmp,54.6111,30.08709144592285,0.1515060330002597,1
sunrise_blur3_noise3.bmp,/kaggle/working/MDFS/data/MDLIVE/extracted/LIVE_MD/To_Release/Part_2/blurnoise/sunrise_blur3_noise3.bmp,Multiply Dist.,sunrise.bmp,/kaggle/working/MDFS/data/MDLIVE/extracted/LIVE_MD/To_Release/Ref_Images/sunrise.bmp,61.7778,34.64162063598633,0.1561580269990372,1
sunrise_noise2.bmp,/kaggle/working/MDFS/data/MDLIVE/extracted/LIVE_MD/To_Release/Part_2/blurnoise/sunrise_noise2.bmp,Multiply Dist.,sunrise.bmp,/kaggle/working/MDFS/data/MDLIVE/extracted/LIVE_MD/To_Release/Ref_Images/sunrise.bmp,26.8333,24.56086540222168,0.1565214589991228,1
wheel_blur1.bmp,/kaggle/working/MDFS/data/MDLIVE/extracted/LIVE_MD/To_Release/Part_2/blurnoise/wheel_blur1.bmp,Multiply Dist.,wheel.bmp,/kaggle/working/MDFS/data/MDLIVE/extracted/LIVE_MD/To_Release/Ref_Images/wheel.bmp,12.4444,28.297435760498047,0.1543317760006175,1
wheel_blur1_noise2.bmp,/kaggle/working/MDFS/data/MDLIVE/extracted/LIVE_MD/To_Release/Part_2/blurnoise/wheel_blur1_noise2.bmp,Multiply Dist.,wheel.bmp,/kaggle/working/MDFS/data/MDLIVE/extracted/LIVE_MD/To_Release/Ref_Images/wheel.bmp,36.4444,31.159486770629883,0.1497463559990137,1
wheel_blur2.bmp,/kaggle/working/MDFS/data/MDLIVE/extracted/LIVE_MD/To_Release/Part_2/blurnoise/wheel_blur2.bmp,Multiply Dist.,wheel.bmp,/kaggle/working/MDFS/data/MDLIVE/extracted/LIVE_MD/To_Release/Ref_Images/wheel.bmp,36.7222,33.77815628051758,0.1483743930002674,1
wheel_blur2_noise2.bmp,/kaggle/working/MDFS/data/MDLIVE/extracted/LIVE_MD/To_Release/Part_2/blurnoise/wheel_blur2_noise2.bmp,Multiply Dist.,wheel.bmp,/kaggle/working/MDFS/data/MDLIVE/extracted/LIVE_MD/To_Release/Ref_Images/wheel.bmp,51.7222,32.8850212097168,0.1486961629998404,1
wheel_blur3.bmp,/kaggle/working/MDFS/data/MDLIVE/extracted/LIVE_MD/To_Release/Part_2/blurnoise/wheel_blur3.bmp,Multiply Dist.,wheel.bmp,/kaggle/working/MDFS/data/MDLIVE/extracted/LIVE_MD/To_Release/Ref_Images/wheel.bmp,49.7778,37.11231231689453,0.1515151280000282,1
wheel_blur3_noise2.bmp,/kaggle/working/MDFS/data/MDLIVE/extracted/LIVE_MD/To_Release/Part_2/blurnoise/wheel_blur3_noise2.bmp,Multiply Dist.,wheel.bmp,/kaggle/working/MDFS/data/MDLIVE/extracted/LIVE_MD/To_Release/Ref_Images/wheel.bmp,57.8889,33.62049102783203,0.1538541609988897,1
wheel_noise1.bmp,/kaggle/working/MDFS/data/MDLIVE/extracted/LIVE_MD/To_Release/Part_2/blurnoise/wheel_noise1.bmp,Multiply Dist.,wheel.bmp,/kaggle/working/MDFS/data/MDLIVE/extracted/LIVE_MD/To_Release/Ref_Images/wheel.bmp,9.3333,23.87344741821289,0.1538950569993176,1
wheel_noise3.bmp,/kaggle/working/MDFS/data/MDLIVE/extracted/LIVE_MD/To_Release/Part_2/blurnoise/wheel_noise3.bmp,Multiply Dist.,wheel.bmp,/kaggle/working/MDFS/data/MDLIVE/extracted/LIVE_MD/To_Release/Ref_Images/wheel.bmp,32.5,28.21068382263184,0.1559757479990366,1
