filename,image_path,mos,reference_id,distortion_id,distortion_level
I01_01_1.bmp,/kaggle/working/MDFS/data/TID2013/distorted_images/I01_01_1.bmp,5.51429,1,1,1
i01_01_2.bmp,/kaggle/working/MDFS/data/TID2013/distorted_images/i01_01_2.bmp,5.56757,1,1,2
i01_01_3.bmp,/kaggle/working/MDFS/data/TID2013/distorted_images/i01_01_3.bmp,4.94444,1,1,3
i01_01_4.bmp,/kaggle/working/MDFS/data/TID2013/distorted_images/i01_01_4.bmp,4.37838,1,1,4
i01_01_5.bmp,/kaggle/working/MDFS/data/TID2013/distorted_images/i01_01_5.bmp,3.86486,1,1,5
i01_02_1.bmp,/kaggle/working/MDFS/data/TID2013/distorted_images/i01_02_1.bmp,6.02857,1,2,1
i01_02_2.bmp,/kaggle/working/MDFS/data/TID2013/distorted_images/i01_02_2.bmp,6.10811,1,2,2
i01_02_3.bmp,/kaggle/working/MDFS/data/TID2013/distorted_images/i01_02_3.bmp,5.38889,1,2,3
i01_02_4.bmp,/kaggle/working/MDFS/data/TID2013/distorted_images/i01_02_4.bmp,4.71429,1,2,4
i01_02_5.bmp,/kaggle/working/MDFS/data/TID2013/distorted_images/i01_02_5.bmp,4.36111,1,2,5
i01_03_1.bmp,/kaggle/working/MDFS/data/TID2013/distorted_images/i01_03_1.bmp,4.77143,1,3,1
i01_03_2.bmp,/kaggle/working/MDFS/data/TID2013/distorted_images/i01_03_2.bmp,4.27027,1,3,2
i01_03_3.bmp,/kaggle/working/MDFS/data/TID2013/distorted_images/i01_03_3.bmp,3.7027,1,3,3
i01_03_4.bmp,/kaggle/working/MDFS/data/TID2013/distorted_images/i01_03_4.bmp,3.19444,1,3,4
i01_03_5.bmp,/kaggle/working/MDFS/data/TID2013/distorted_images/i01_03_5.bmp,2.71429,1,3,5
i01_04_1.bmp,/kaggle/working/MDFS/data/TID2013/distorted_images/i01_04_1.bmp,5.97143,1,4,1
i01_04_2.bmp,/kaggle/working/MDFS/data/TID2013/distorted_images/i01_04_2.bmp,5.75676,1,4,2
i01_04_3.bmp,/kaggle/working/MDFS/data/TID2013/distorted_images/i01_04_3.bmp,5.27027,1,4,3
i01_04_4.bmp,/kaggle/working/MDFS/data/TID2013/distorted_images/i01_04_4.bmp,5.24324,1,4,4
i01_04_5.bmp,/kaggle/working/MDFS/data/TID2013/distorted_images/i01_04_5.bmp,4.71429,1,4,5
i01_05_1.bmp,/kaggle/working/MDFS/data/TID2013/distorted_images/i01_05_1.bmp,5.91892,1,5,1
i01_05_2.bmp,/kaggle/working/MDFS/data/TID2013/distorted_images/i01_05_2.bmp,5.7027,1,5,2
i01_05_3.bmp,/kaggle/working/MDFS/data/TID2013/distorted_images/i01_05_3.bmp,5.08333,1,5,3
i01_05_4.bmp,/kaggle/working/MDFS/data/TID2013/distorted_images/i01_05_4.bmp,4.13889,1,5,4
i01_05_5.bmp,/kaggle/working/MDFS/data/TID2013/distorted_images/i01_05_5.bmp,3.13889,1,5,5
i01_06_1.bmp,/kaggle/working/MDFS/data/TID2013/distorted_images/i01_06_1.bmp,4.0,1,6,1
i01_06_2.bmp,/kaggle/working/MDFS/data/TID2013/distorted_images/i01_06_2.bmp,3.89189,1,6,2
i01_06_3.bmp,/kaggle/working/MDFS/data/TID2013/distorted_images/i01_06_3.bmp,3.72973,1,6,3
i01_06_4.bmp,/kaggle/working/MDFS/data/TID2013/distorted_images/i01_06_4.bmp,3.48571,1,6,4
i01_06_5.bmp,/kaggle/working/MDFS/data/TID2013/distorted_images/i01_06_5.bmp,2.94444,1,6,5
i01_07_1.bmp,/kaggle/working/MDFS/data/TID2013/distorted_images/i01_07_1.bmp,5.08333,1,7,1
i01_07_2.bmp,/kaggle/working/MDFS/data/TID2013/distorted_images/i01_07_2.bmp,4.75,1,7,2
i01_07_3.bmp,/kaggle/working/MDFS/data/TID2013/distorted_images/i01_07_3.bmp,4.0,1,7,3
i01_07_4.bmp,/kaggle/working/MDFS/data/TID2013/distorted_images/i01_07_4.bmp,3.22222,1,7,4
i01_07_5.bmp,/kaggle/working/MDFS/data/TID2013/distorted_images/i01_07_5.bmp,2.19444,1,7,5
i01_08_1.bmp,/kaggle/working/MDFS/data/TID2013/distorted_images/i01_08_1.bmp,5.18919,1,8,1
i01_08_2.bmp,/kaggle/working/MDFS/data/TID2013/distorted_images/i01_08_2.bmp,4.47222,1,8,2
i01_08_3.bmp,/kaggle/working/MDFS/data/TID2013/distorted_images/i01_08_3.bmp,3.48649,1,8,3
i01_08_4.bmp,/kaggle/working/MDFS/data/TID2013/distorted_images/i01_08_4.bmp,3.0,1,8,4
i01_08_5.bmp,/kaggle/working/MDFS/data/TID2013/distorted_images/i01_08_5.bmp,2.11111,1,8,5
i01_09_1.bmp,/kaggle/working/MDFS/data/TID2013/distorted_images/i01_09_1.bmp,6.08333,1,9,1
i01_09_2.bmp,/kaggle/working/MDFS/data/TID2013/distorted_images/i01_09_2.bmp,5.16667,1,9,2
i01_09_3.bmp,/kaggle/working/MDFS/data/TID2013/distorted_images/i01_09_3.bmp,4.42857,1,9,3
i01_09_4.bmp,/kaggle/working/MDFS/data/TID2013/distorted_images/i01_09_4.bmp,2.81081,1,9,4
i01_09_5.bmp,/kaggle/working/MDFS/data/TID2013/distorted_images/i01_09_5.bmp,1.54054,1,9,5
i01_10_1.bmp,/kaggle/working/MDFS/data/TID2013/distorted_images/i01_10_1.bmp,5.97297,1,10,1
i01_10_2.bmp,/kaggle/working/MDFS/data/TID2013/distorted_images/i01_10_2.bmp,5.94595,1,10,2
i01_10_3.bmp,/kaggle/working/MDFS/data/TID2013/distorted_images/i01_10_3.bmp,4.91667,1,10,3
i01_10_4.bmp,/kaggle/working/MDFS/data/TID2013/distorted_images/i01_10_4.bmp,3.21622,1,10,4
i01_10_5.bmp,/kaggle/working/MDFS/data/TID2013/distorted_images/i01_10_5.bmp,2.08108,1,10,5
I01_11_1.BMP,/kaggle/working/MDFS/data/TID2013/distorted_images/I01_11_1.BMP,5.91429,1,11,1
i01_11_2.bmp,/kaggle/working/MDFS/data/TID2013/distorted_images/i01_11_2.bmp,5.67568,1,11,2
i01_11_3.bmp,/kaggle/working/MDFS/data/TID2013/distorted_images/i01_11_3.bmp,4.69444,1,11,3
i01_11_4.bmp,/kaggle/working/MDFS/data/TID2013/distorted_images/i01_11_4.bmp,3.67568,1,11,4
i01_11_5.bmp,/kaggle/working/MDFS/data/TID2013/distorted_images/i01_11_5.bmp,1.45946,1,11,5
i01_12_1.bmp,/kaggle/working/MDFS/data/TID2013/distorted_images/i01_12_1.bmp,5.94595,1,12,1
i01_12_2.bmp,/kaggle/working/MDFS/data/TID2013/distorted_images/i01_12_2.bmp,5.86486,1,12,2
i01_12_3.bmp,/kaggle/working/MDFS/data/TID2013/distorted_images/i01_12_3.bmp,4.21622,1,12,3
i01_12_4.bmp,/kaggle/working/MDFS/data/TID2013/distorted_images/i01_12_4.bmp,3.83333,1,12,4
i01_12_5.bmp,/kaggle/working/MDFS/data/TID2013/distorted_images/i01_12_5.bmp,3.43243,1,12,5
I01_13_1.BMP,/kaggle/working/MDFS/data/TID2013/distorted_images/I01_13_1.BMP,5.45946,1,13,1
i01_13_2.bmp,/kaggle/working/MDFS/data/TID2013/distorted_images/i01_13_2.bmp,3.91429,1,13,2
i01_13_3.bmp,/kaggle/working/MDFS/data/TID2013/distorted_images/i01_13_3.bmp,3.27778,1,13,3
i01_13_4.bmp,/kaggle/working/MDFS/data/TID2013/distorted_images/i01_13_4.bmp,3.16667,1,13,4
i01_13_5.bmp,/kaggle/working/MDFS/data/TID2013/distorted_images/i01_13_5.bmp,3.10811,1,13,5
i01_14_1.bmp,/kaggle/working/MDFS/data/TID2013/distorted_images/i01_14_1.bmp,5.69444,1,14,1
i01_14_2.bmp,/kaggle/working/MDFS/data/TID2013/distorted_images/i01_14_2.bmp,6.05405,1,14,2
i01_14_3.bmp,/kaggle/working/MDFS/data/TID2013/distorted_images/i01_14_3.bmp,5.75676,1,14,3
i01_14_4.bmp,/kaggle/working/MDFS/data/TID2013/distorted_images/i01_14_4.bmp,5.55556,1,14,4
i01_14_5.bmp,/kaggle/working/MDFS/data/TID2013/distorted_images/i01_14_5.bmp,4.47059,1,14,5
i01_15_1.bmp,/kaggle/working/MDFS/data/TID2013/distorted_images/i01_15_1.bmp,2.83333,1,15,1
i01_15_2.bmp,/kaggle/working/MDFS/data/TID2013/distorted_images/i01_15_2.bmp,2.82857,1,15,2
i01_15_3.bmp,/kaggle/working/MDFS/data/TID2013/distorted_images/i01_15_3.bmp,3.10811,1,15,3
i01_15_4.bmp,/kaggle/working/MDFS/data/TID2013/distorted_images/i01_15_4.bmp,3.58333,1,15,4
i01_15_5.bmp,/kaggle/working/MDFS/data/TID2013/distorted_images/i01_15_5.bmp,3.89189,1,15,5
i01_16_1.bmp,/kaggle/working/MDFS/data/TID2013/distorted_images/i01_16_1.bmp,5.80556,1,16,1
i01_16_2.bmp,/kaggle/working/MDFS/data/TID2013/distorted_images/i01_16_2.bmp,6.05405,1,16,2
i01_16_3.bmp,/kaggle/working/MDFS/data/TID2013/distorted_images/i01_16_3.bmp,4.88889,1,16,3
i01_16_4.bmp,/kaggle/working/MDFS/data/TID2013/distorted_images/i01_16_4.bmp,5.02778,1,16,4
i01_16_5.bmp,/kaggle/working/MDFS/data/TID2013/distorted_images/i01_16_5.bmp,4.19444,1,16,5
i01_17_1.bmp,/kaggle/working/MDFS/data/TID2013/distorted_images/i01_17_1.bmp,5.35135,1,17,1
i01_17_2.bmp,/kaggle/working/MDFS/data/TID2013/distorted_images/i01_17_2.bmp,6.62162,1,17,2
i01_17_3.bmp,/kaggle/working/MDFS/data/TID2013/distorted_images/i01_17_3.bmp,4.08108,1,17,3
i01_17_4.bmp,/kaggle/working/MDFS/data/TID2013/distorted_images/i01_17_4.bmp,6.24324,1,17,4
i01_17_5.bmp,/kaggle/working/MDFS/data/TID2013/distorted_images/i01_17_5.bmp,2.97143,1,17,5
i01_18_1.bmp,/kaggle/working/MDFS/data/TID2013/distorted_images/i01_18_1.bmp,4.62162,1,18,1
i01_18_2.bmp,/kaggle/working/MDFS/data/TID2013/distorted_images/i01_18_2.bmp,4.22222,1,18,2
i01_18_3.bmp,/kaggle/working/MDFS/data/TID2013/distorted_images/i01_18_3.bmp,3.77143,1,18,3
i01_18_4.bmp,/kaggle/working/MDFS/data/TID2013/distorted_images/i01_18_4.bmp,3.47222,1,18,4
i01_18_5.bmp,/kaggle/working/MDFS/data/TID2013/distorted_images/i01_18_5.bmp,3.41667,1,18,5
i01_19_1.bmp,/kaggle/working/MDFS/data/TID2013/distorted_images/i01_19_1.bmp,5.94444,1,19,1
i01_19_2.bmp,/kaggle/working/MDFS/data/TID2013/distorted_images/i01_19_2.bmp,5.47222,1,19,2
i01_19_3.bmp,/kaggle/working/MDFS/data/TID2013/distorted_images/i01_19_3.bmp,5.08108,1,19,3
i01_19_4.bmp,/kaggle/working/MDFS/data/TID2013/distorted_images/i01_19_4.bmp,4.52778,1,19,4
i01_19_5.bmp,/kaggle/working/MDFS/data/TID2013/distorted_images/i01_19_5.bmp,3.94444,1,19,5
i01_20_1.bmp,/kaggle/working/MDFS/data/TID2013/distorted_images/i01_20_1.bmp,5.85714,1,20,1
i01_20_2.bmp,/kaggle/working/MDFS/data/TID2013/distorted_images/i01_20_2.bmp,5.83333,1,20,2
i01_20_3.bmp,/kaggle/working/MDFS/data/TID2013/distorted_images/i01_20_3.bmp,6.02778,1,20,3
i01_20_4.bmp,/kaggle/working/MDFS/data/TID2013/distorted_images/i01_20_4.bmp,5.08333,1,20,4
i01_20_5.bmp,/kaggle/working/MDFS/data/TID2013/distorted_images/i01_20_5.bmp,4.33333,1,20,5
i01_21_1.bmp,/kaggle/working/MDFS/data/TID2013/distorted_images/i01_21_1.bmp,5.7027,1,21,1
i01_21_2.bmp,/kaggle/working/MDFS/data/TID2013/distorted_images/i01_21_2.bmp,5.27778,1,21,2
i01_21_3.bmp,/kaggle/working/MDFS/data/TID2013/distorted_images/i01_21_3.bmp,4.67568,1,21,3
i01_21_4.bmp,/kaggle/working/MDFS/data/TID2013/distorted_images/i01_21_4.bmp,4.05714,1,21,4
i01_21_5.bmp,/kaggle/working/MDFS/data/TID2013/distorted_images/i01_21_5.bmp,3.05405,1,21,5
i01_22_1.bmp,/kaggle/working/MDFS/data/TID2013/distorted_images/i01_22_1.bmp,5.55556,1,22,1
i01_22_2.bmp,/kaggle/working/MDFS/data/TID2013/distorted_images/i01_22_2.bmp,5.18919,1,22,2
i01_22_3.bmp,/kaggle/working/MDFS/data/TID2013/distorted_images/i01_22_3.bmp,4.30556,1,22,3
i01_22_4.bmp,/kaggle/working/MDFS/data/TID2013/distorted_images/i01_22_4.bmp,3.16216,1,22,4
i01_22_5.bmp,/kaggle/working/MDFS/data/TID2013/distorted_images/i01_22_5.bmp,2.19444,1,22,5
i01_23_1.bmp,/kaggle/working/MDFS/data/TID2013/distorted_images/i01_23_1.bmp,6.28571,1,23,1
i01_23_2.bmp,/kaggle/working/MDFS/data/TID2013/distorted_images/i01_23_2.bmp,5.61111,1,23,2
i01_23_3.bmp,/kaggle/working/MDFS/data/TID2013/distorted_images/i01_23_3.bmp,5.77778,1,23,3
i01_23_4.bmp,/kaggle/working/MDFS/data/TID2013/distorted_images/i01_23_4.bmp,4.80556,1,23,4
i01_23_5.bmp,/kaggle/working/MDFS/data/TID2013/distorted_images/i01_23_5.bmp,2.40541,1,23,5
i01_24_1.bmp,/kaggle/working/MDFS/data/TID2013/distorted_images/i01_24_1.bmp,5.7027,1,24,1
i01_24_2.bmp,/kaggle/working/MDFS/data/TID2013/distorted_images/i01_24_2.bmp,5.58333,1,24,2
i01_24_3.bmp,/kaggle/working/MDFS/data/TID2013/distorted_images/i01_24_3.bmp,5.10811,1,24,3
i01_24_4.bmp,/kaggle/working/MDFS/data/TID2013/distorted_images/i01_24_4.bmp,3.08108,1,24,4
i01_24_5.bmp,/kaggle/working/MDFS/data/TID2013/distorted_images/i01_24_5.bmp,0.45946,1,24,5
I02_01_1.bmp,/kaggle/working/MDFS/data/TID2013/distorted_images/I02_01_1.bmp,5.74286,2,1,1
i02_01_2.bmp,/kaggle/working/MDFS/data/TID2013/distorted_images/i02_01_2.bmp,5.34286,2,1,2
i02_01_3.bmp,/kaggle/working/MDFS/data/TID2013/distorted_images/i02_01_3.bmp,5.22222,2,1,3
i02_01_4.bmp,/kaggle/working/MDFS/data/TID2013/distorted_images/i02_01_4.bmp,4.19444,2,1,4
i02_01_5.bmp,/kaggle/working/MDFS/data/TID2013/distorted_images/i02_01_5.bmp,3.97297,2,1,5
i02_02_1.bmp,/kaggle/working/MDFS/data/TID2013/distorted_images/i02_02_1.bmp,6.05556,2,2,1
i02_02_2.bmp,/kaggle/working/MDFS/data/TID2013/distorted_images/i02_02_2.bmp,6.05405,2,2,2
i02_02_3.bmp,/kaggle/working/MDFS/data/TID2013/distorted_images/i02_02_3.bmp,5.88889,2,2,3
i02_02_4.bmp,/kaggle/working/MDFS/data/TID2013/distorted_images/i02_02_4.bmp,5.2973,2,2,4
i02_02_5.bmp,/kaggle/working/MDFS/data/TID2013/distorted_images/i02_02_5.bmp,4.38889,2,2,5
i02_03_1.bmp,/kaggle/working/MDFS/data/TID2013/distorted_images/i02_03_1.bmp,4.8,2,3,1
i02_03_2.bmp,/kaggle/working/MDFS/data/TID2013/distorted_images/i02_03_2.bmp,4.43243,2,3,2
i02_03_3.bmp,/kaggle/working/MDFS/data/TID2013/distorted_images/i02_03_3.bmp,3.83784,2,3,3
i02_03_4.bmp,/kaggle/working/MDFS/data/TID2013/distorted_images/i02_03_4.bmp,3.52778,2,3,4
i02_03_5.bmp,/kaggle/working/MDFS/data/TID2013/distorted_images/i02_03_5.bmp,2.91892,2,3,5
i02_04_1.bmp,/kaggle/working/MDFS/data/TID2013/distorted_images/i02_04_1.bmp,6.28571,2,4,1
i02_04_2.bmp,/kaggle/working/MDFS/data/TID2013/distorted_images/i02_04_2.bmp,6.16216,2,4,2
i02_04_3.bmp,/kaggle/working/MDFS/data/TID2013/distorted_images/i02_04_3.bmp,5.19444,2,4,3
i02_04_4.bmp,/kaggle/working/MDFS/data/TID2013/distorted_images/i02_04_4.bmp,4.74286,2,4,4
i02_04_5.bmp,/kaggle/working/MDFS/data/TID2013/distorted_images/i02_04_5.bmp,4.28571,2,4,5
i02_05_1.bmp,/kaggle/working/MDFS/data/TID2013/distorted_images/i02_05_1.bmp,6.11765,2,5,1
i02_05_2.bmp,/kaggle/working/MDFS/data/TID2013/distorted_images/i02_05_2.bmp,6.11111,2,5,2
i02_05_3.bmp,/kaggle/working/MDFS/data/TID2013/distorted_images/i02_05_3.bmp,5.43243,2,5,3
i02_05_4.bmp,/kaggle/working/MDFS/data/TID2013/distorted_images/i02_05_4.bmp,4.37838,2,5,4
i02_05_5.bmp,/kaggle/working/MDFS/data/TID2013/distorted_images/i02_05_5.bmp,3.41667,2,5,5
i02_06_1.bmp,/kaggle/working/MDFS/data/TID2013/distorted_images/i02_06_1.bmp,4.55556,2,6,1
i02_06_2.bmp,/kaggle/working/MDFS/data/TID2013/distorted_images/i02_06_2.bmp,4.27778,2,6,2
i02_06_3.bmp,/kaggle/working/MDFS/data/TID2013/distorted_images/i02_06_3.bmp,3.72973,2,6,3
i02_06_4.bmp,/kaggle/working/MDFS/data/TID2013/distorted_images/i02_06_4.bmp,3.48571,2,6,4
i02_06_5.bmp,/kaggle/working/MDFS/data/TID2013/distorted_images/i02_06_5.bmp,3.10811,2,6,5
i02_07_1.bmp,/kaggle/working/MDFS/data/TID2013/distorted_images/i02_07_1.bmp,5.91429,2,7,1
i02_07_2.bmp,/kaggle/working/MDFS/data/TID2013/distorted_images/i02_07_2.bmp,5.58333,2,7,2
i02_07_3.bmp,/kaggle/working/MDFS/data/TID2013/distorted_images/i02_07_3.bmp,3.76471,2,7,3
i02_07_4.bmp,/kaggle/working/MDFS/data/TID2013/distorted_images/i02_07_4.bmp,3.75676,2,7,4
i02_07_5.bmp,/kaggle/working/MDFS/data/TID2013/distorted_images/i02_07_5.bmp,2.85714,2,7,5
i02_08_1.bmp,/kaggle/working/MDFS/data/TID2013/distorted_images/i02_08_1.bmp,6.10811,2,8,1
i02_08_2.bmp,/kaggle/working/MDFS/data/TID2013/distorted_images/i02_08_2.bmp,5.16667,2,8,2
i02_08_3.bmp,/kaggle/working/MDFS/data/TID2013/distorted_images/i02_08_3.bmp,4.54286,2,8,3
i02_08_4.bmp,/kaggle/working/MDFS/data/TID2013/distorted_images/i02_08_4.bmp,3.83784,2,8,4
i02_08_5.bmp,/kaggle/working/MDFS/data/TID2013/distorted_images/i02_08_5.bmp,3.02703,2,8,5
i02_09_1.bmp,/kaggle/working/MDFS/data/TID2013/distorted_images/i02_09_1.bmp,6.0,2,9,1
i02_09_2.bmp,/kaggle/working/MDFS/data/TID2013/distorted_images/i02_09_2.bmp,5.51429,2,9,2
i02_09_3.bmp,/kaggle/working/MDFS/data/TID2013/distorted_images/i02_09_3.bmp,4.52778,2,9,3
i02_09_4.bmp,/kaggle/working/MDFS/data/TID2013/distorted_images/i02_09_4.bmp,3.64865,2,9,4
i02_09_5.bmp,/kaggle/working/MDFS/data/TID2013/distorted_images/i02_09_5.bmp,2.41667,2,9,5
i02_10_1.bmp,/kaggle/working/MDFS/data/TID2013/distorted_images/i02_10_1.bmp,6.0,2,10,1
i02_10_2.bmp,/kaggle/working/MDFS/data/TID2013/distorted_images/i02_10_2.bmp,5.97222,2,10,2
i02_10_3.bmp,/kaggle/working/MDFS/data/TID2013/distorted_images/i02_10_3.bmp,5.43243,2,10,3
i02_10_4.bmp,/kaggle/working/MDFS/data/TID2013/distorted_images/i02_10_4.bmp,3.5,2,10,4
i02_10_5.bmp,/kaggle/working/MDFS/data/TID2013/distorted_images/i02_10_5.bmp,2.71429,2,10,5
I02_11_1.BMP,/kaggle/working/MDFS/data/TID2013/distorted_images/I02_11_1.BMP,5.91667,2,11,1
i02_11_2.bmp,/kaggle/working/MDFS/data/TID2013/distorted_images/i02_11_2.bmp,4.80556,2,11,2
i02_11_3.bmp,/kaggle/working/MDFS/data/TID2013/distorted_images/i02_11_3.bmp,2.97297,2,11,3
i02_11_4.bmp,/kaggle/working/MDFS/data/TID2013/distorted_images/i02_11_4.bmp,1.91892,2,11,4
i02_11_5.bmp,/kaggle/working/MDFS/data/TID2013/distorted_images/i02_11_5.bmp,1.27778,2,11,5
i02_12_1.bmp,/kaggle/working/MDFS/data/TID2013/distorted_images/i02_12_1.bmp,5.30556,2,12,1
i02_12_2.bmp,/kaggle/working/MDFS/data/TID2013/distorted_images/i02_12_2.bmp,4.43243,2,12,2
i02_12_3.bmp,/kaggle/working/MDFS/data/TID2013/distorted_images/i02_12_3.bmp,3.08108,2,12,3
i02_12_4.bmp,/kaggle/working/MDFS/data/TID2013/distorted_images/i02_12_4.bmp,2.67568,2,12,4
i02_12_5.bmp,/kaggle/working/MDFS/data/TID2013/distorted_images/i02_12_5.bmp,2.37143,2,12,5
I02_13_1.BMP,/kaggle/working/MDFS/data/TID2013/distorted_images/I02_13_1.BMP,4.47222,2,13,1
i02_13_2.bmp,/kaggle/working/MDFS/data/TID2013/distorted_images/i02_13_2.bmp,4.0,2,13,2
i02_13_3.bmp,/kaggle/working/MDFS/data/TID2013/distorted_images/i02_13_3.bmp,3.38889,2,13,3
i02_13_4.bmp,/kaggle/working/MDFS/data/TID2013/distorted_images/i02_13_4.bmp,2.89189,2,13,4
i02_13_5.bmp,/kaggle/working/MDFS/data/TID2013/distorted_images/i02_13_5.bmp,3.61111,2,13,5
i02_14_1.bmp,/kaggle/working/MDFS/data/TID2013/distorted_images/i02_14_1.bmp,5.75,2,14,1
i02_14_2.bmp,/kaggle/working/MDFS/data/TID2013/distorted_images/i02_14_2.bmp,6.08108,2,14,2
i02_14_3.bmp,/kaggle/working/MDFS/data/TID2013/distorted_images/i02_14_3.bmp,5.11429,2,14,3
i02_14_4.bmp,/kaggle/working/MDFS/data/TID2013/distorted_images/i02_14_4.bmp,5.31429,2,14,4
i02_14_5.bmp,/kaggle/working/MDFS/data/TID2013/distorted_images/i02_14_5.bmp,4.21622,2,14,5
i02_15_1.bmp,/kaggle/working/MDFS/data/TID2013/distorted_images/i02_15_1.bmp,3.4,2,15,1
i02_15_2.bmp,/kaggle/working/MDFS/data/TID2013/distorted_images/i02_15_2.bmp,3.62162,2,15,2
i02_15_3.bmp,/kaggle/working/MDFS/data/TID2013/distorted_images/i02_15_3.bmp,3.83333,2,15,3
i02_15_4.bmp,/kaggle/working/MDFS/data/TID2013/distorted_images/i02_15_4.bmp,3.83784,2,15,4
i02_15_5.bmp,/kaggle/working/MDFS/data/TID2013/distorted_images/i02_15_5.bmp,4.2,2,15,5
i02_16_1.bmp,/kaggle/working/MDFS/data/TID2013/distorted_images/i02_16_1.bmp,5.94595,2,16,1
i02_16_2.bmp,/kaggle/working/MDFS/data/TID2013/distorted_images/i02_16_2.bmp,6.08333,2,16,2
i02_16_3.bmp,/kaggle/working/MDFS/data/TID2013/distorted_images/i02_16_3.bmp,5.32432,2,16,3
i02_16_4.bmp,/kaggle/working/MDFS/data/TID2013/distorted_images/i02_16_4.bmp,5.13889,2,16,4
i02_16_5.bmp,/kaggle/working/MDFS/data/TID2013/distorted_images/i02_16_5.bmp,4.56757,2,16,5
i02_17_1.bmp,/kaggle/working/MDFS/data/TID2013/distorted_images/i02_17_1.bmp,5.91667,2,17,1
i02_17_2.bmp,/kaggle/working/MDFS/data/TID2013/distorted_images/i02_17_2.bmp,5.68571,2,17,2
i02_17_3.bmp,/kaggle/working/MDFS/data/TID2013/distorted_images/i02_17_3.bmp,4.83784,2,17,3
i02_17_4.bmp,/kaggle/working/MDFS/data/TID2013/distorted_images/i02_17_4.bmp,4.77143,2,17,4
i02_17_5.bmp,/kaggle/working/MDFS/data/TID2013/distorted_images/i02_17_5.bmp,3.91667,2,17,5
i02_18_1.bmp,/kaggle/working/MDFS/data/TID2013/distorted_images/i02_18_1.bmp,5.97222,2,18,1
i02_18_2.bmp,/kaggle/working/MDFS/data/TID2013/distorted_images/i02_18_2.bmp,5.59459,2,18,2
i02_18_3.bmp,/kaggle/working/MDFS/data/TID2013/distorted_images/i02_18_3.bmp,4.82857,2,18,3
i02_18_4.bmp,/kaggle/working/MDFS/data/TID2013/distorted_images/i02_18_4.bmp,4.91892,2,18,4
i02_18_5.bmp,/kaggle/working/MDFS/data/TID2013/distorted_images/i02_18_5.bmp,4.54286,2,18,5
i02_19_1.bmp,/kaggle/working/MDFS/data/TID2013/distorted_images/i02_19_1.bmp,5.77778,2,19,1
i02_19_2.bmp,/kaggle/working/MDFS/data/TID2013/distorted_images/i02_19_2.bmp,5.43243,2,19,2
i02_19_3.bmp,/kaggle/working/MDFS/data/TID2013/distorted_images/i02_19_3.bmp,4.83333,2,19,3
i02_19_4.bmp,/kaggle/working/MDFS/data/TID2013/distorted_images/i02_19_4.bmp,4.22222,2,19,4
i02_19_5.bmp,/kaggle/working/MDFS/data/TID2013/distorted_images/i02_19_5.bmp,3.75676,2,19,5
i02_20_1.bmp,/kaggle/working/MDFS/data/TID2013/distorted_images/i02_20_1.bmp,6.05405,2,20,1
i02_20_2.bmp,/kaggle/working/MDFS/data/TID2013/distorted_images/i02_20_2.bmp,6.17143,2,20,2
i02_20_3.bmp,/kaggle/working/MDFS/data/TID2013/distorted_images/i02_20_3.bmp,5.30556,2,20,3
i02_20_4.bmp,/kaggle/working/MDFS/data/TID2013/distorted_images/i02_20_4.bmp,4.0,2,20,4
i02_20_5.bmp,/kaggle/working/MDFS/data/TID2013/distorted_images/i02_20_5.bmp,2.80556,2,20,5
i02_21_1.bmp,/kaggle/working/MDFS/data/TID2013/distorted_images/i02_21_1.bmp,5.97297,2,21,1
i02_21_2.bmp,/kaggle/working/MDFS/data/TID2013/distorted_images/i02_21_2.bmp,5.2973,2,21,2
i02_21_3.bmp,/kaggle/working/MDFS/data/TID2013/distorted_images/i02_21_3.bmp,4.6,2,21,3
i02_21_4.bmp,/kaggle/working/MDFS/data/TID2013/distorted_images/i02_21_4.bmp,3.27778,2,21,4
i02_21_5.bmp,/kaggle/working/MDFS/data/TID2013/distorted_images/i02_21_5.bmp,2.36111,2,21,5
i02_22_1.bmp,/kaggle/working/MDFS/data/TID2013/distorted_images/i02_22_1.bmp,5.51351,2,22,1
i02_22_2.bmp,/kaggle/working/MDFS/data/TID2013/distorted_images/i02_22_2.bmp,5.24324,2,22,2
i02_22_3.bmp,/kaggle/working/MDFS/data/TID2013/distorted_images/i02_22_3.bmp,4.48571,2,22,3
i02_22_4.bmp,/kaggle/working/MDFS/data/TID2013/distorted_images/i02_22_4.bmp,3.80556,2,22,4
i02_22_5.bmp,/kaggle/working/MDFS/data/TID2013/distorted_images/i02_22_5.bmp,2.22222,2,22,5
i02_23_1.bmp,/kaggle/working/MDFS/data/TID2013/distorted_images/i02_23_1.bmp,6.77778,2,23,1
i02_23_2.bmp,/kaggle/working/MDFS/data/TID2013/distorted_images/i02_23_2.bmp,5.54054,2,23,2
i02_23_3.bmp,/kaggle/working/MDFS/data/TID2013/distorted_images/i02_23_3.bmp,3.44444,2,23,3
i02_23_4.bmp,/kaggle/working/MDFS/data/TID2013/distorted_images/i02_23_4.bmp,2.16216,2,23,4
i02_23_5.bmp,/kaggle/working/MDFS/data/TID2013/distorted_images/i02_23_5.bmp,0.81081,2,23,5
i02_24_1.bmp,/kaggle/working/MDFS/data/TID2013/distorted_images/i02_24_1.bmp,6.08108,2,24,1
i02_24_2.bmp,/kaggle/working/MDFS/data/TID2013/distorted_images/i02_24_2.bmp,4.91667,2,24,2
i02_24_3.bmp,/kaggle/working/MDFS/data/TID2013/distorted_images/i02_24_3.bmp,3.0,2,24,3
i02_24_4.bmp,/kaggle/working/MDFS/data/TID2013/distorted_images/i02_24_4.bmp,2.11111,2,24,4
i02_24_5.bmp,/kaggle/working/MDFS/data/TID2013/distorted_images/i02_24_5.bmp,0.89189,2,24,5
I03_01_1.bmp,/kaggle/working/MDFS/data/TID2013/distorted_images/I03_01_1.bmp,5.76923,3,1,1
i03_01_2.bmp,/kaggle/working/MDFS/data/TID2013/distorted_images/i03_01_2.bmp,5.10526,3,1,2
i03_01_3.bmp,/kaggle/working/MDFS/data/TID2013/distorted_images/i03_01_3.bmp,4.68421,3,1,3
i03_01_4.bmp,/kaggle/working/MDFS/data/TID2013/distorted_images/i03_01_4.bmp,4.25,3,1,4
i03_01_5.bmp,/kaggle/working/MDFS/data/TID2013/distorted_images/i03_01_5.bmp,3.925,3,1,5
i03_02_1.bmp,/kaggle/working/MDFS/data/TID2013/distorted_images/i03_02_1.bmp,6.18421,3,2,1
i03_02_2.bmp,/kaggle/working/MDFS/data/TID2013/distorted_images/i03_02_2.bmp,6.28205,3,2,2
i03_02_3.bmp,/kaggle/working/MDFS/data/TID2013/distorted_images/i03_02_3.bmp,5.25,3,2,3
i03_02_4.bmp,/kaggle/working/MDFS/data/TID2013/distorted_images/i03_02_4.bmp,5.0,3,2,4
i03_02_5.bmp,/kaggle/working/MDFS/data/TID2013/distorted_images/i03_02_5.bmp,4.6,3,2,5
i03_03_1.bmp,/kaggle/working/MDFS/data/TID2013/distorted_images/i03_03_1.bmp,4.65,3,3,1
i03_03_2.bmp,/kaggle/working/MDFS/data/TID2013/distorted_images/i03_03_2.bmp,4.07692,3,3,2
i03_03_3.bmp,/kaggle/working/MDFS/data/TID2013/distorted_images/i03_03_3.bmp,3.85,3,3,3
i03_03_4.bmp,/kaggle/working/MDFS/data/TID2013/distorted_images/i03_03_4.bmp,3.28205,3,3,4
i03_03_5.bmp,/kaggle/working/MDFS/data/TID2013/distorted_images/i03_03_5.bmp,2.89474,3,3,5
i03_04_1.bmp,/kaggle/working/MDFS/data/TID2013/distorted_images/i03_04_1.bmp,6.38462,3,4,1
i03_04_2.bmp,/kaggle/working/MDFS/data/TID2013/distorted_images/i03_04_2.bmp,5.65789,3,4,2
i03_04_3.bmp,/kaggle/working/MDFS/data/TID2013/distorted_images/i03_04_3.bmp,5.225,3,4,3
i03_04_4.bmp,/kaggle/working/MDFS/data/TID2013/distorted_images/i03_04_4.bmp,4.6,3,4,4
i03_04_5.bmp,/kaggle/working/MDFS/data/TID2013/distorted_images/i03_04_5.bmp,3.575,3,4,5
i03_05_1.bmp,/kaggle/working/MDFS/data/TID2013/distorted_images/i03_05_1.bmp,6.5,3,5,1
i03_05_2.bmp,/kaggle/working/MDFS/data/TID2013/distorted_images/i03_05_2.bmp,5.63158,3,5,2
i03_05_3.bmp,/kaggle/working/MDFS/data/TID2013/distorted_images/i03_05_3.bmp,5.3,3,5,3
i03_05_4.bmp,/kaggle/working/MDFS/data/TID2013/distorted_images/i03_05_4.bmp,4.30769,3,5,4
i03_05_5.bmp,/kaggle/working/MDFS/data/TID2013/distorted_images/i03_05_5.bmp,3.47368,3,5,5
i03_06_1.bmp,/kaggle/working/MDFS/data/TID2013/distorted_images/i03_06_1.bmp,4.81579,3,6,1
i03_06_2.bmp,/kaggle/working/MDFS/data/TID2013/distorted_images/i03_06_2.bmp,4.53846,3,6,2
i03_06_3.bmp,/kaggle/working/MDFS/data/TID2013/distorted_images/i03_06_3.bmp,4.1,3,6,3
i03_06_4.bmp,/kaggle/working/MDFS/data/TID2013/distorted_images/i03_06_4.bmp,3.75,3,6,4
i03_06_5.bmp,/kaggle/working/MDFS/data/TID2013/distorted_images/i03_06_5.bmp,3.5,3,6,5
i03_07_1.bmp,/kaggle/working/MDFS/data/TID2013/distorted_images/i03_07_1.bmp,4.97436,3,7,1
i03_07_2.bmp,/kaggle/working/MDFS/data/TID2013/distorted_images/i03_07_2.bmp,4.1,3,7,2
i03_07_3.bmp,/kaggle/working/MDFS/data/TID2013/distorted_images/i03_07_3.bmp,3.84615,3,7,3
i03_07_4.bmp,/kaggle/working/MDFS/data/TID2013/distorted_images/i03_07_4.bmp,3.825,3,7,4
i03_07_5.bmp,/kaggle/working/MDFS/data/TID2013/distorted_images/i03_07_5.bmp,3.61538,3,7,5
i03_08_1.bmp,/kaggle/working/MDFS/data/TID2013/distorted_images/i03_08_1.bmp,6.34211,3,8,1
i03_08_2.bmp,/kaggle/working/MDFS/data/TID2013/distorted_images/i03_08_2.bmp,5.6,3,8,2
i03_08_3.bmp,/kaggle/working/MDFS/data/TID2013/distorted_images/i03_08_3.bmp,4.47368,3,8,3
i03_08_4.bmp,/kaggle/working/MDFS/data/TID2013/distorted_images/i03_08_4.bmp,3.75,3,8,4
i03_08_5.bmp,/kaggle/working/MDFS/data/TID2013/distorted_images/i03_08_5.bmp,2.95,3,8,5
i03_09_1.bmp,/kaggle/working/MDFS/data/TID2013/distorted_images/i03_09_1.bmp,6.65,3,9,1
i03_09_2.bmp,/kaggle/working/MDFS/data/TID2013/distorted_images/i03_09_2.bmp,6.25641,3,9,2
i03_09_3.bmp,/kaggle/working/MDFS/data/TID2013/distorted_images/i03_09_3.bmp,5.475,3,9,3
i03_09_4.bmp,/kaggle/working/MDFS/data/TID2013/distorted_images/i03_09_4.bmp,3.74359,3,9,4
i03_09_5.bmp,/kaggle/working/MDFS/data/TID2013/distorted_images/i03_09_5.bmp,2.47368,3,9,5
i03_10_1.bmp,/kaggle/working/MDFS/data/TID2013/distorted_images/i03_10_1.bmp,6.23684,3,10,1
i03_10_2.bmp,/kaggle/working/MDFS/data/TID2013/distorted_images/i03_10_2.bmp,5.66667,3,10,2
i03_10_3.bmp,/kaggle/working/MDFS/data/TID2013/distorted_images/i03_10_3.bmp,5.05128,3,10,3
i03_10_4.bmp,/kaggle/working/MDFS/data/TID2013/distorted_images/i03_10_4.bmp,3.3,3,10,4
i03_10_5.bmp,/kaggle/working/MDFS/data/TID2013/distorted_images/i03_10_5.bmp,2.48718,3,10,5
I03_11_1.BMP,/kaggle/working/MDFS/data/TID2013/distorted_images/I03_11_1.BMP,5.36842,3,11,1
i03_11_2.bmp,/kaggle/working/MDFS/data/TID2013/distorted_images/i03_11_2.bmp,4.07692,3,11,2
i03_11_3.bmp,/kaggle/working/MDFS/data/TID2013/distorted_images/i03_11_3.bmp,2.84615,3,11,3
i03_11_4.bmp,/kaggle/working/MDFS/data/TID2013/distorted_images/i03_11_4.bmp,1.82051,3,11,4
i03_11_5.bmp,/kaggle/working/MDFS/data/TID2013/distorted_images/i03_11_5.bmp,0.7,3,11,5
i03_12_1.bmp,/kaggle/working/MDFS/data/TID2013/distorted_images/i03_12_1.bmp,5.41026,3,12,1
i03_12_2.bmp,/kaggle/working/MDFS/data/TID2013/distorted_images/i03_12_2.bmp,4.07895,3,12,2
i03_12_3.bmp,/kaggle/working/MDFS/data/TID2013/distorted_images/i03_12_3.bmp,2.84211,3,12,3
i03_12_4.bmp,/kaggle/working/MDFS/data/TID2013/distorted_images/i03_12_4.bmp,3.1,3,12,4
i03_12_5.bmp,/kaggle/working/MDFS/data/TID2013/distorted_images/i03_12_5.bmp,2.4,3,12,5
I03_13_1.BMP,/kaggle/working/MDFS/data/TID2013/distorted_images/I03_13_1.BMP,5.12821,3,13,1
i03_13_2.bmp,/kaggle/working/MDFS/data/TID2013/distorted_images/i03_13_2.bmp,3.64103,3,13,2
i03_13_3.bmp,/kaggle/working/MDFS/data/TID2013/distorted_images/i03_13_3.bmp,3.925,3,13,3
i03_13_4.bmp,/kaggle/working/MDFS/data/TID2013/distorted_images/i03_13_4.bmp,2.925,3,13,4
i03_13_5.bmp,/kaggle/working/MDFS/data/TID2013/distorted_images/i03_13_5.bmp,2.42105,3,13,5
i03_14_1.bmp,/kaggle/working/MDFS/data/TID2013/distorted_images/i03_14_1.bmp,5.07692,3,14,1
i03_14_2.bmp,/kaggle/working/MDFS/data/TID2013/distorted_images/i03_14_2.bmp,6.0,3,14,2
i03_14_3.bmp,/kaggle/working/MDFS/data/TID2013/distorted_images/i03_14_3.bmp,4.85,3,14,3
i03_14_4.bmp,/kaggle/working/MDFS/data/TID2013/distorted_images/i03_14_4.bmp,4.46154,3,14,4
i03_14_5.bmp,/kaggle/working/MDFS/data/TID2013/distorted_images/i03_14_5.bmp,3.5,3,14,5
i03_15_1.bmp,/kaggle/working/MDFS/data/TID2013/distorted_images/i03_15_1.bmp,3.725,3,15,1
i03_15_2.bmp,/kaggle/working/MDFS/data/TID2013/distorted_images/i03_15_2.bmp,4.05,3,15,2
i03_15_3.bmp,/kaggle/working/MDFS/data/TID2013/distorted_images/i03_15_3.bmp,4.025,3,15,3
i03_15_4.bmp,/kaggle/working/MDFS/data/TID2013/distorted_images/i03_15_4.bmp,4.28205,3,15,4
i03_15_5.bmp,/kaggle/working/MDFS/data/TID2013/distorted_images/i03_15_5.bmp,4.79487,3,15,5
i03_16_1.bmp,/kaggle/working/MDFS/data/TID2013/distorted_images/i03_16_1.bmp,6.82051,3,16,1
i03_16_2.bmp,/kaggle/working/MDFS/data/TID2013/distorted_images/i03_16_2.bmp,6.525,3,16,2
i03_16_3.bmp,/kaggle/working/MDFS/data/TID2013/distorted_images/i03_16_3.bmp,5.975,3,16,3
i03_16_4.bmp,/kaggle/working/MDFS/data/TID2013/distorted_images/i03_16_4.bmp,6.075,3,16,4
i03_16_5.bmp,/kaggle/working/MDFS/data/TID2013/distorted_images/i03_16_5.bmp,5.02564,3,16,5
i03_17_1.bmp,/kaggle/working/MDFS/data/TID2013/distorted_images/i03_17_1.bmp,6.28205,3,17,1
i03_17_2.bmp,/kaggle/working/MDFS/data/TID2013/distorted_images/i03_17_2.bmp,6.75,3,17,2
i03_17_3.bmp,/kaggle/working/MDFS/data/TID2013/distorted_images/i03_17_3.bmp,5.2,3,17,3
i03_17_4.bmp,/kaggle/working/MDFS/data/TID2013/distorted_images/i03_17_4.bmp,6.575,3,17,4
i03_17_5.bmp,/kaggle/working/MDFS/data/TID2013/distorted_images/i03_17_5.bmp,3.79487,3,17,5
i03_18_1.bmp,/kaggle/working/MDFS/data/TID2013/distorted_images/i03_18_1.bmp,5.76923,3,18,1
i03_18_2.bmp,/kaggle/working/MDFS/data/TID2013/distorted_images/i03_18_2.bmp,5.71795,3,18,2
i03_18_3.bmp,/kaggle/working/MDFS/data/TID2013/distorted_images/i03_18_3.bmp,5.5641,3,18,3
i03_18_4.bmp,/kaggle/working/MDFS/data/TID2013/distorted_images/i03_18_4.bmp,5.0,3,18,4
i03_18_5.bmp,/kaggle/working/MDFS/data/TID2013/distorted_images/i03_18_5.bmp,4.65789,3,18,5
i03_19_1.bmp,/kaggle/working/MDFS/data/TID2013/distorted_images/i03_19_1.bmp,5.51282,3,19,1
i03_19_2.bmp,/kaggle/working/MDFS/data/TID2013/distorted_images/i03_19_2.bmp,5.02564,3,19,2
i03_19_3.bmp,/kaggle/working/MDFS/data/TID2013/distorted_images/i03_19_3.bmp,4.7,3,19,3
i03_19_4.bmp,/kaggle/working/MDFS/data/TID2013/distorted_images/i03_19_4.bmp,4.30769,3,19,4
i03_19_5.bmp,/kaggle/working/MDFS/data/TID2013/distorted_images/i03_19_5.bmp,3.69231,3,19,5
i03_20_1.bmp,/kaggle/working/MDFS/data/TID2013/distorted_images/i03_20_1.bmp,5.84211,3,20,1
i03_20_2.bmp,/kaggle/working/MDFS/data/TID2013/distorted_images/i03_20_2.bmp,5.46154,3,20,2
i03_20_3.bmp,/kaggle/working/MDFS/data/TID2013/distorted_images/i03_20_3.bmp,4.15789,3,20,3
i03_20_4.bmp,/kaggle/working/MDFS/data/TID2013/distorted_images/i03_20_4.bmp,3.17949,3,20,4
i03_20_5.bmp,/kaggle/working/MDFS/data/TID2013/distorted_images/i03_20_5.bmp,2.825,3,20,5
i03_21_1.bmp,/kaggle/working/MDFS/data/TID2013/distorted_images/i03_21_1.bmp,5.23684,3,21,1
i03_21_2.bmp,/kaggle/working/MDFS/data/TID2013/distorted_images/i03_21_2.bmp,4.4359,3,21,2
i03_21_3.bmp,/kaggle/working/MDFS/data/TID2013/distorted_images/i03_21_3.bmp,3.89744,3,21,3
i03_21_4.bmp,/kaggle/working/MDFS/data/TID2013/distorted_images/i03_21_4.bmp,3.17949,3,21,4
i03_21_5.bmp,/kaggle/working/MDFS/data/TID2013/distorted_images/i03_21_5.bmp,2.1,3,21,5
i03_22_1.bmp,/kaggle/working/MDFS/data/TID2013/distorted_images/i03_22_1.bmp,5.97436,3,22,1
i03_22_2.bmp,/kaggle/working/MDFS/data/TID2013/distorted_images/i03_22_2.bmp,5.35897,3,22,2
i03_22_3.bmp,/kaggle/working/MDFS/data/TID2013/distorted_images/i03_22_3.bmp,5.23077,3,22,3
i03_22_4.bmp,/kaggle/working/MDFS/data/TID2013/distorted_images/i03_22_4.bmp,4.35897,3,22,4
i03_22_5.bmp,/kaggle/working/MDFS/data/TID2013/distorted_images/i03_22_5.bmp,3.92105,3,22,5
i03_23_1.bmp,/kaggle/working/MDFS/data/TID2013/distorted_images/i03_23_1.bmp,6.71795,3,23,1
i03_23_2.bmp,/kaggle/working/MDFS/data/TID2013/distorted_images/i03_23_2.bmp,5.84615,3,23,2
i03_23_3.bmp,/kaggle/working/MDFS/data/TID2013/distorted_images/i03_23_3.bmp,3.9,3,23,3
i03_23_4.bmp,/kaggle/working/MDFS/data/TID2013/distorted_images/i03_23_4.bmp,2.65789,3,23,4
i03_23_5.bmp,/kaggle/working/MDFS/data/TID2013/distorted_images/i03_23_5.bmp,1.975,3,23,5
i03_24_1.bmp,/kaggle/working/MDFS/data/TID2013/distorted_images/i03_24_1.bmp,5.74359,3,24,1
i03_24_2.bmp,/kaggle/working/MDFS/data/TID2013/distorted_images/i03_24_2.bmp,4.20513,3,24,2
i03_24_3.bmp,/kaggle/working/MDFS/data/TID2013/distorted_images/i03_24_3.bmp,2.825,3,24,3
i03_24_4.bmp,/kaggle/working/MDFS/data/TID2013/distorted_images/i03_24_4.bmp,1.81579,3,24,4
i03_24_5.bmp,/kaggle/working/MDFS/data/TID2013/distorted_images/i03_24_5.bmp,0.42105,3,24,5
I04_01_1.bmp,/kaggle/working/MDFS/data/TID2013/distorted_images/I04_01_1.bmp,5.7619,4,1,1
i04_01_2.bmp,/kaggle/working/MDFS/data/TID2013/distorted_images/i04_01_2.bmp,5.47619,4,1,2
i04_01_3.bmp,/kaggle/working/MDFS/data/TID2013/distorted_images/i04_01_3.bmp,4.92857,4,1,3
i04_01_4.bmp,/kaggle/working/MDFS/data/TID2013/distorted_images/i04_01_4.bmp,4.26829,4,1,4
i04_01_5.bmp,/kaggle/working/MDFS/data/TID2013/distorted_images/i04_01_5.bmp,4.0,4,1,5
i04_02_1.bmp,/kaggle/working/MDFS/data/TID2013/distorted_images/i04_02_1.bmp,6.275,4,2,1
i04_02_2.bmp,/kaggle/working/MDFS/data/TID2013/distorted_images/i04_02_2.bmp,6.15385,4,2,2
i04_02_3.bmp,/kaggle/working/MDFS/data/TID2013/distorted_images/i04_02_3.bmp,5.68293,4,2,3
i04_02_4.bmp,/kaggle/working/MDFS/data/TID2013/distorted_images/i04_02_4.bmp,5.30952,4,2,4
i04_02_5.bmp,/kaggle/working/MDFS/data/TID2013/distorted_images/i04_02_5.bmp,4.53659,4,2,5
i04_03_1.bmp,/kaggle/working/MDFS/data/TID2013/distorted_images/i04_03_1.bmp,4.78049,4,3,1
i04_03_2.bmp,/kaggle/working/MDFS/data/TID2013/distorted_images/i04_03_2.bmp,4.21429,4,3,2
i04_03_3.bmp,/kaggle/working/MDFS/data/TID2013/distorted_images/i04_03_3.bmp,3.9,4,3,3
i04_03_4.bmp,/kaggle/working/MDFS/data/TID2013/distorted_images/i04_03_4.bmp,3.425,4,3,4
i04_03_5.bmp,/kaggle/working/MDFS/data/TID2013/distorted_images/i04_03_5.bmp,3.02381,4,3,5
i04_04_1.bmp,/kaggle/working/MDFS/data/TID2013/distorted_images/i04_04_1.bmp,6.125,4,4,1
i04_04_2.bmp,/kaggle/working/MDFS/data/TID2013/distorted_images/i04_04_2.bmp,6.26829,4,4,2
i04_04_3.bmp,/kaggle/working/MDFS/data/TID2013/distorted_images/i04_04_3.bmp,6.15,4,4,3
i04_04_4.bmp,/kaggle/working/MDFS/data/TID2013/distorted_images/i04_04_4.bmp,5.47619,4,4,4
i04_04_5.bmp,/kaggle/working/MDFS/data/TID2013/distorted_images/i04_04_5.bmp,4.80952,4,4,5
i04_05_1.bmp,/kaggle/working/MDFS/data/TID2013/distorted_images/i04_05_1.bmp,6.30952,4,5,1
i04_05_2.bmp,/kaggle/working/MDFS/data/TID2013/distorted_images/i04_05_2.bmp,5.90244,4,5,2
i04_05_3.bmp,/kaggle/working/MDFS/data/TID2013/distorted_images/i04_05_3.bmp,5.325,4,5,3
i04_05_4.bmp,/kaggle/working/MDFS/data/TID2013/distorted_images/i04_05_4.bmp,4.47619,4,5,4
i04_05_5.bmp,/kaggle/working/MDFS/data/TID2013/distorted_images/i04_05_5.bmp,3.70732,4,5,5
i04_06_1.bmp,/kaggle/working/MDFS/data/TID2013/distorted_images/i04_06_1.bmp,5.02381,4,6,1
i04_06_2.bmp,/kaggle/working/MDFS/data/TID2013/distorted_images/i04_06_2.bmp,4.56098,4,6,2
i04_06_3.bmp,/kaggle/working/MDFS/data/TID2013/distorted_images/i04_06_3.bmp,4.2619,4,6,3
i04_06_4.bmp,/kaggle/working/MDFS/data/TID2013/distorted_images/i04_06_4.bmp,4.19512,4,6,4
i04_06_5.bmp,/kaggle/working/MDFS/data/TID2013/distorted_images/i04_06_5.bmp,3.45,4,6,5
i04_07_1.bmp,/kaggle/working/MDFS/data/TID2013/distorted_images/i04_07_1.bmp,4.69048,4,7,1
i04_07_2.bmp,/kaggle/working/MDFS/data/TID2013/distorted_images/i04_07_2.bmp,4.075,4,7,2
i04_07_3.bmp,/kaggle/working/MDFS/data/TID2013/distorted_images/i04_07_3.bmp,3.52381,4,7,3
i04_07_4.bmp,/kaggle/working/MDFS/data/TID2013/distorted_images/i04_07_4.bmp,3.14286,4,7,4
i04_07_5.bmp,/kaggle/working/MDFS/data/TID2013/distorted_images/i04_07_5.bmp,2.95238,4,7,5
i04_08_1.bmp,/kaggle/working/MDFS/data/TID2013/distorted_images/i04_08_1.bmp,6.30952,4,8,1
i04_08_2.bmp,/kaggle/working/MDFS/data/TID2013/distorted_images/i04_08_2.bmp,5.92683,4,8,2
i04_08_3.bmp,/kaggle/working/MDFS/data/TID2013/distorted_images/i04_08_3.bmp,5.38095,4,8,3
i04_08_4.bmp,/kaggle/working/MDFS/data/TID2013/distorted_images/i04_08_4.bmp,4.375,4,8,4
i04_08_5.bmp,/kaggle/working/MDFS/data/TID2013/distorted_images/i04_08_5.bmp,3.66667,4,8,5
i04_09_1.bmp,/kaggle/working/MDFS/data/TID2013/distorted_images/i04_09_1.bmp,6.38095,4,9,1
i04_09_2.bmp,/kaggle/working/MDFS/data/TID2013/distorted_images/i04_09_2.bmp,5.80488,4,9,2
i04_09_3.bmp,/kaggle/working/MDFS/data/TID2013/distorted_images/i04_09_3.bmp,5.04878,4,9,3
i04_09_4.bmp,/kaggle/working/MDFS/data/TID2013/distorted_images/i04_09_4.bmp,3.78049,4,9,4
i04_09_5.bmp,/kaggle/working/MDFS/data/TID2013/distorted_images/i04_09_5.bmp,2.5,4,9,5
i04_10_1.bmp,/kaggle/working/MDFS/data/TID2013/distorted_images/i04_10_1.bmp,6.07143,4,10,1
i04_10_2.bmp,/kaggle/working/MDFS/data/TID2013/distorted_images/i04_10_2.bmp,5.97561,4,10,2
i04_10_3.bmp,/kaggle/working/MDFS/data/TID2013/distorted_images/i04_10_3.bmp,5.07143,4,10,3
i04_10_4.bmp,/kaggle/working/MDFS/data/TID2013/distorted_images/i04_10_4.bmp,3.2619,4,10,4
i04_10_5.bmp,/kaggle/working/MDFS/data/TID2013/distorted_images/i04_10_5.bmp,2.19048,4,10,5
I04_11_1.BMP,/kaggle/working/MDFS/data/TID2013/distorted_images/I04_11_1.BMP,5.3,4,11,1
i04_11_2.bmp,/kaggle/working/MDFS/data/TID2013/distorted_images/i04_11_2.bmp,4.0,4,11,2
i04_11_3.bmp,/kaggle/working/MDFS/data/TID2013/distorted_images/i04_11_3.bmp,2.90244,4,11,3
i04_11_4.bmp,/kaggle/working/MDFS/data/TID2013/distorted_images/i04_11_4.bmp,2.0,4,11,4
i04_11_5.bmp,/kaggle/working/MDFS/data/TID2013/distorted_images/i04_11_5.bmp,0.88095,4,11,5
i04_12_1.bmp,/kaggle/working/MDFS/data/TID2013/distorted_images/i04_12_1.bmp,6.05,4,12,1
i04_12_2.bmp,/kaggle/working/MDFS/data/TID2013/distorted_images/i04_12_2.bmp,4.64286,4,12,2
i04_12_3.bmp,/kaggle/working/MDFS/data/TID2013/distorted_images/i04_12_3.bmp,3.92857,4,12,3
i04_12_4.bmp,/kaggle/working/MDFS/data/TID2013/distorted_images/i04_12_4.bmp,2.90476,4,12,4
i04_12_5.bmp,/kaggle/working/MDFS/data/TID2013/distorted_images/i04_12_5.bmp,2.65854,4,12,5
I04_13_1.BMP,/kaggle/working/MDFS/data/TID2013/distorted_images/I04_13_1.BMP,4.66667,4,13,1
i04_13_2.bmp,/kaggle/working/MDFS/data/TID2013/distorted_images/i04_13_2.bmp,3.84615,4,13,2
i04_13_3.bmp,/kaggle/working/MDFS/data/TID2013/distorted_images/i04_13_3.bmp,3.35714,4,13,3
i04_13_4.bmp,/kaggle/working/MDFS/data/TID2013/distorted_images/i04_13_4.bmp,3.46341,4,13,4
i04_13_5.bmp,/kaggle/working/MDFS/data/TID2013/distorted_images/i04_13_5.bmp,2.38095,4,13,5
i04_14_1.bmp,/kaggle/working/MDFS/data/TID2013/distorted_images/i04_14_1.bmp,5.07143,4,14,1
i04_14_2.bmp,/kaggle/working/MDFS/data/TID2013/distorted_images/i04_14_2.bmp,6.40476,4,14,2
i04_14_3.bmp,/kaggle/working/MDFS/data/TID2013/distorted_images/i04_14_3.bmp,6.0,4,14,3
i04_14_4.bmp,/kaggle/working/MDFS/data/TID2013/distorted_images/i04_14_4.bmp,4.40476,4,14,4
i04_14_5.bmp,/kaggle/working/MDFS/data/TID2013/distorted_images/i04_14_5.bmp,3.60976,4,14,5
i04_15_1.bmp,/kaggle/working/MDFS/data/TID2013/distorted_images/i04_15_1.bmp,3.38095,4,15,1
i04_15_2.bmp,/kaggle/working/MDFS/data/TID2013/distorted_images/i04_15_2.bmp,3.40476,4,15,2
i04_15_3.bmp,/kaggle/working/MDFS/data/TID2013/distorted_images/i04_15_3.bmp,3.5,4,15,3
i04_15_4.bmp,/kaggle/working/MDFS/data/TID2013/distorted_images/i04_15_4.bmp,3.7561,4,15,4
i04_15_5.bmp,/kaggle/working/MDFS/data/TID2013/distorted_images/i04_15_5.bmp,4.05128,4,15,5
i04_16_1.bmp,/kaggle/working/MDFS/data/TID2013/distorted_images/i04_16_1.bmp,6.28571,4,16,1
i04_16_2.bmp,/kaggle/working/MDFS/data/TID2013/distorted_images/i04_16_2.bmp,6.64286,4,16,2
i04_16_3.bmp,/kaggle/working/MDFS/data/TID2013/distorted_images/i04_16_3.bmp,6.09524,4,16,3
i04_16_4.bmp,/kaggle/working/MDFS/data/TID2013/distorted_images/i04_16_4.bmp,5.66667,4,16,4
i04_16_5.bmp,/kaggle/working/MDFS/data/TID2013/distorted_images/i04_16_5.bmp,5.15385,4,16,5
i04_17_1.bmp,/kaggle/working/MDFS/data/TID2013/distorted_images/i04_17_1.bmp,6.0,4,17,1
i04_17_2.bmp,/kaggle/working/MDFS/data/TID2013/distorted_images/i04_17_2.bmp,6.66667,4,17,2
i04_17_3.bmp,/kaggle/working/MDFS/data/TID2013/distorted_images/i04_17_3.bmp,4.78049,4,17,3
i04_17_4.bmp,/kaggle/working/MDFS/data/TID2013/distorted_images/i04_17_4.bmp,7.21429,4,17,4
i04_17_5.bmp,/kaggle/working/MDFS/data/TID2013/distorted_images/i04_17_5.bmp,3.925,4,17,5
i04_18_1.bmp,/kaggle/working/MDFS/data/TID2013/distorted_images/i04_18_1.bmp,5.41463,4,18,1
i04_18_2.bmp,/kaggle/working/MDFS/data/TID2013/distorted_images/i04_18_2.bmp,5.02439,4,18,2
i04_18_3.bmp,/kaggle/working/MDFS/data/TID2013/distorted_images/i04_18_3.bmp,4.66667,4,18,3
i04_18_4.bmp,/kaggle/working/MDFS/data/TID2013/distorted_images/i04_18_4.bmp,4.2381,4,18,4
i04_18_5.bmp,/kaggle/working/MDFS/data/TID2013/distorted_images/i04_18_5.bmp,3.92683,4,18,5
i04_19_1.bmp,/kaggle/working/MDFS/data/TID2013/distorted_images/i04_19_1.bmp,5.45238,4,19,1
i04_19_2.bmp,/kaggle/working/MDFS/data/TID2013/distorted_images/i04_19_2.bmp,5.35714,4,19,2
i04_19_3.bmp,/kaggle/working/MDFS/data/TID2013/distorted_images/i04_19_3.bmp,4.90244,4,19,3
i04_19_4.bmp,/kaggle/working/MDFS/data/TID2013/distorted_images/i04_19_4.bmp,4.425,4,19,4
i04_19_5.bmp,/kaggle/working/MDFS/data/TID2013/distorted_images/i04_19_5.bmp,4.16667,4,19,5
i04_20_1.bmp,/kaggle/working/MDFS/data/TID2013/distorted_images/i04_20_1.bmp,6.45238,4,20,1
i04_20_2.bmp,/kaggle/working/MDFS/data/TID2013/distorted_images/i04_20_2.bmp,5.225,4,20,2
i04_20_3.bmp,/kaggle/working/MDFS/data/TID2013/distorted_images/i04_20_3.bmp,4.19048,4,20,3
i04_20_4.bmp,/kaggle/working/MDFS/data/TID2013/distorted_images/i04_20_4.bmp,3.11905,4,20,4
i04_20_5.bmp,/kaggle/working/MDFS/data/TID2013/distorted_images/i04_20_5.bmp,2.41463,4,20,5
i04_21_1.bmp,/kaggle/working/MDFS/data/TID2013/distorted_images/i04_21_1.bmp,5.14634,4,21,1
i04_21_2.bmp,/kaggle/working/MDFS/data/TID2013/distorted_images/i04_21_2.bmp,4.73171,4,21,2
i04_21_3.bmp,/kaggle/working/MDFS/data/TID2013/distorted_images/i04_21_3.bmp,3.80952,4,21,3
i04_21_4.bmp,/kaggle/working/MDFS/data/TID2013/distorted_images/i04_21_4.bmp,3.21951,4,21,4
i04_21_5.bmp,/kaggle/working/MDFS/data/TID2013/distorted_images/i04_21_5.bmp,2.0,4,21,5
i04_22_1.bmp,/kaggle/working/MDFS/data/TID2013/distorted_images/i04_22_1.bmp,6.02439,4,22,1
i04_22_2.bmp,/kaggle/working/MDFS/data/TID2013/distorted_images/i04_22_2.bmp,5.78571,4,22,2
i04_22_3.bmp,/kaggle/working/MDFS/data/TID2013/distorted_images/i04_22_3.bmp,4.42857,4,22,3
i04_22_4.bmp,/kaggle/working/MDFS/data/TID2013/distorted_images/i04_22_4.bmp,4.12195,4,22,4
i04_22_5.bmp,/kaggle/working/MDFS/data/TID2013/distorted_images/i04_22_5.bmp,2.90476,4,22,5
i04_23_1.bmp,/kaggle/working/MDFS/data/TID2013/distorted_images/i04_23_1.bmp,6.425,4,23,1
i04_23_2.bmp,/kaggle/working/MDFS/data/TID2013/distorted_images/i04_23_2.bmp,5.40476,4,23,2
i04_23_3.bmp,/kaggle/working/MDFS/data/TID2013/distorted_images/i04_23_3.bmp,3.87805,4,23,3
i04_23_4.bmp,/kaggle/working/MDFS/data/TID2013/distorted_images/i04_23_4.bmp,2.95122,4,23,4
i04_23_5.bmp,/kaggle/working/MDFS/data/TID2013/distorted_images/i04_23_5.bmp,1.47619,4,23,5
i04_24_1.bmp,/kaggle/working/MDFS/data/TID2013/distorted_images/i04_24_1.bmp,5.54762,4,24,1
i04_24_2.bmp,/kaggle/working/MDFS/data/TID2013/distorted_images/i04_24_2.bmp,3.7619,4,24,2
i04_24_3.bmp,/kaggle/working/MDFS/data/TID2013/distorted_images/i04_24_3.bmp,2.58537,4,24,3
i04_24_4.bmp,/kaggle/working/MDFS/data/TID2013/distorted_images/i04_24_4.bmp,1.90476,4,24,4
i04_24_5.bmp,/kaggle/working/MDFS/data/TID2013/distorted_images/i04_24_5.bmp,0.58537,4,24,5
I05_01_1.bmp,/kaggle/working/MDFS/data/TID2013/distorted_images/I05_01_1.bmp,5.525,5,1,1
i05_01_2.bmp,/kaggle/working/MDFS/data/TID2013/distorted_images/i05_01_2.bmp,5.5,5,1,2
i05_01_3.bmp,/kaggle/working/MDFS/data/TID2013/distorted_images/i05_01_3.bmp,4.84615,5,1,3
i05_01_4.bmp,/kaggle/working/MDFS/data/TID2013/distorted_images/i05_01_4.bmp,4.05128,5,1,4
i05_01_5.bmp,/kaggle/working/MDFS/data/TID2013/distorted_images/i05_01_5.bmp,3.56098,5,1,5
i05_02_1.bmp,/kaggle/working/MDFS/data/TID2013/distorted_images/i05_02_1.bmp,5.82927,5,2,1
i05_02_2.bmp,/kaggle/working/MDFS/data/TID2013/distorted_images/i05_02_2.bmp,5.68293,5,2,2
i05_02_3.bmp,/kaggle/working/MDFS/data/TID2013/distorted_images/i05_02_3.bmp,5.325,5,2,3
i05_02_4.bmp,/kaggle/working/MDFS/data/TID2013/distorted_images/i05_02_4.bmp,5.09756,5,2,4
i05_02_5.bmp,/kaggle/working/MDFS/data/TID2013/distorted_images/i05_02_5.bmp,4.25641,5,2,5
i05_03_1.bmp,/kaggle/working/MDFS/data/TID2013/distorted_images/i05_03_1.bmp,5.09756,5,3,1
i05_03_2.bmp,/kaggle/working/MDFS/data/TID2013/distorted_images/i05_03_2.bmp,4.4878,5,3,2
i05_03_3.bmp,/kaggle/working/MDFS/data/TID2013/distorted_images/i05_03_3.bmp,3.675,5,3,3
i05_03_4.bmp,/kaggle/working/MDFS/data/TID2013/distorted_images/i05_03_4.bmp,3.07317,5,3,4
i05_03_5.bmp,/kaggle/working/MDFS/data/TID2013/distorted_images/i05_03_5.bmp,2.375,5,3,5
i05_04_1.bmp,/kaggle/working/MDFS/data/TID2013/distorted_images/i05_04_1.bmp,5.63415,5,4,1
i05_04_2.bmp,/kaggle/working/MDFS/data/TID2013/distorted_images/i05_04_2.bmp,5.75,5,4,2
i05_04_3.bmp,/kaggle/working/MDFS/data/TID2013/distorted_images/i05_04_3.bmp,5.575,5,4,3
i05_04_4.bmp,/kaggle/working/MDFS/data/TID2013/distorted_images/i05_04_4.bmp,4.92683,5,4,4
i05_04_5.bmp,/kaggle/working/MDFS/data/TID2013/distorted_images/i05_04_5.bmp,4.4,5,4,5
i05_05_1.bmp,/kaggle/working/MDFS/data/TID2013/distorted_images/i05_05_1.bmp,5.625,5,5,1
i05_05_2.bmp,/kaggle/working/MDFS/data/TID2013/distorted_images/i05_05_2.bmp,5.39024,5,5,2
i05_05_3.bmp,/kaggle/working/MDFS/data/TID2013/distorted_images/i05_05_3.bmp,4.7,5,5,3
i05_05_4.bmp,/kaggle/working/MDFS/data/TID2013/distorted_images/i05_05_4.bmp,3.81579,5,5,4
i05_05_5.bmp,/kaggle/working/MDFS/data/TID2013/distorted_images/i05_05_5.bmp,2.92308,5,5,5
i05_06_1.bmp,/kaggle/working/MDFS/data/TID2013/distorted_images/i05_06_1.bmp,4.375,5,6,1
i05_06_2.bmp,/kaggle/working/MDFS/data/TID2013/distorted_images/i05_06_2.bmp,3.92308,5,6,2
i05_06_3.bmp,/kaggle/working/MDFS/data/TID2013/distorted_images/i05_06_3.bmp,3.5,5,6,3
i05_06_4.bmp,/kaggle/working/MDFS/data/TID2013/distorted_images/i05_06_4.bmp,3.31707,5,6,4
i05_06_5.bmp,/kaggle/working/MDFS/data/TID2013/distorted_images/i05_06_5.bmp,2.51282,5,6,5
i05_07_1.bmp,/kaggle/working/MDFS/data/TID2013/distorted_images/i05_07_1.bmp,5.275,5,7,1
i05_07_2.bmp,/kaggle/working/MDFS/data/TID2013/distorted_images/i05_07_2.bmp,5.26829,5,7,2
i05_07_3.bmp,/kaggle/working/MDFS/data/TID2013/distorted_images/i05_07_3.bmp,4.53846,5,7,3
i05_07_4.bmp,/kaggle/working/MDFS/data/TID2013/distorted_images/i05_07_4.bmp,4.05128,5,7,4
i05_07_5.bmp,/kaggle/working/MDFS/data/TID2013/distorted_images/i05_07_5.bmp,3.14634,5,7,5
i05_08_1.bmp,/kaggle/working/MDFS/data/TID2013/distorted_images/i05_08_1.bmp,5.4,5,8,1
i05_08_2.bmp,/kaggle/working/MDFS/data/TID2013/distorted_images/i05_08_2.bmp,4.66667,5,8,2
i05_08_3.bmp,/kaggle/working/MDFS/data/TID2013/distorted_images/i05_08_3.bmp,3.65854,5,8,3
i05_08_4.bmp,/kaggle/working/MDFS/data/TID2013/distorted_images/i05_08_4.bmp,2.78049,5,8,4
i05_08_5.bmp,/kaggle/working/MDFS/data/TID2013/distorted_images/i05_08_5.bmp,1.25,5,8,5
i05_09_1.bmp,/kaggle/working/MDFS/data/TID2013/distorted_images/i05_09_1.bmp,5.825,5,9,1
i05_09_2.bmp,/kaggle/working/MDFS/data/TID2013/distorted_images/i05_09_2.bmp,5.825,5,9,2
i05_09_3.bmp,/kaggle/working/MDFS/data/TID2013/distorted_images/i05_09_3.bmp,5.325,5,9,3
i05_09_4.bmp,/kaggle/working/MDFS/data/TID2013/distorted_images/i05_09_4.bmp,3.5,5,9,4
i05_09_5.bmp,/kaggle/working/MDFS/data/TID2013/distorted_images/i05_09_5.bmp,1.36585,5,9,5
i05_10_1.bmp,/kaggle/working/MDFS/data/TID2013/distorted_images/i05_10_1.bmp,5.73171,5,10,1
i05_10_2.bmp,/kaggle/working/MDFS/data/TID2013/distorted_images/i05_10_2.bmp,5.15385,5,10,2
i05_10_3.bmp,/kaggle/working/MDFS/data/TID2013/distorted_images/i05_10_3.bmp,4.70732,5,10,3
i05_10_4.bmp,/kaggle/working/MDFS/data/TID2013/distorted_images/i05_10_4.bmp,3.43902,5,10,4
i05_10_5.bmp,/kaggle/working/MDFS/data/TID2013/distorted_images/i05_10_5.bmp,1.87805,5,10,5
I05_11_1.BMP,/kaggle/working/MDFS/data/TID2013/distorted_images/I05_11_1.BMP,5.7561,5,11,1
i05_11_2.bmp,/kaggle/working/MDFS/data/TID2013/distorted_images/i05_11_2.bmp,5.4,5,11,2
i05_11_3.bmp,/kaggle/working/MDFS/data/TID2013/distorted_images/i05_11_3.bmp,4.5,5,11,3
i05_11_4.bmp,/kaggle/working/MDFS/data/TID2013/distorted_images/i05_11_4.bmp,3.66667,5,11,4
i05_11_5.bmp,/kaggle/working/MDFS/data/TID2013/distorted_images/i05_11_5.bmp,2.25,5,11,5
i05_12_1.bmp,/kaggle/working/MDFS/data/TID2013/distorted_images/i05_12_1.bmp,5.68293,5,12,1
i05_12_2.bmp,/kaggle/working/MDFS/data/TID2013/distorted_images/i05_12_2.bmp,5.775,5,12,2
i05_12_3.bmp,/kaggle/working/MDFS/data/TID2013/distorted_images/i05_12_3.bmp,5.35,5,12,3
i05_12_4.bmp,/kaggle/working/MDFS/data/TID2013/distorted_images/i05_12_4.bmp,3.8,5,12,4
i05_12_5.bmp,/kaggle/working/MDFS/data/TID2013/distorted_images/i05_12_5.bmp,2.725,5,12,5
I05_13_1.BMP,/kaggle/working/MDFS/data/TID2013/distorted_images/I05_13_1.BMP,5.46341,5,13,1
i05_13_2.bmp,/kaggle/working/MDFS/data/TID2013/distorted_images/i05_13_2.bmp,4.90244,5,13,2
i05_13_3.bmp,/kaggle/working/MDFS/data/TID2013/distorted_images/i05_13_3.bmp,3.475,5,13,3
i05_13_4.bmp,/kaggle/working/MDFS/data/TID2013/distorted_images/i05_13_4.bmp,2.97561,5,13,4
i05_13_5.bmp,/kaggle/working/MDFS/data/TID2013/distorted_images/i05_13_5.bmp,1.97368,5,13,5
i05_14_1.bmp,/kaggle/working/MDFS/data/TID2013/distorted_images/i05_14_1.bmp,5.92683,5,14,1
i05_14_2.bmp,/kaggle/working/MDFS/data/TID2013/distorted_images/i05_14_2.bmp,5.53659,5,14,2
i05_14_3.bmp,/kaggle/working/MDFS/data/TID2013/distorted_images/i05_14_3.bmp,5.60976,5,14,3
i05_14_4.bmp,/kaggle/working/MDFS/data/TID2013/distorted_images/i05_14_4.bmp,5.225,5,14,4
i05_14_5.bmp,/kaggle/working/MDFS/data/TID2013/distorted_images/i05_14_5.bmp,4.31707,5,14,5
i05_15_1.bmp,/kaggle/working/MDFS/data/TID2013/distorted_images/i05_15_1.bmp,3.05,5,15,1
i05_15_2.bmp,/kaggle/working/MDFS/data/TID2013/distorted_images/i05_15_2.bmp,3.1,5,15,2
i05_15_3.bmp,/kaggle/working/MDFS/data/TID2013/distorted_images/i05_15_3.bmp,3.31707,5,15,3
i05_15_4.bmp,/kaggle/working/MDFS/data/TID2013/distorted_images/i05_15_4.bmp,3.9,5,15,4
i05_15_5.bmp,/kaggle/working/MDFS/data/TID2013/distorted_images/i05_15_5.bmp,3.84615,5,15,5
i05_16_1.bmp,/kaggle/working/MDFS/data/TID2013/distorted_images/i05_16_1.bmp,6.15,5,16,1
i05_16_2.bmp,/kaggle/working/MDFS/data/TID2013/distorted_images/i05_16_2.bmp,5.95,5,16,2
i05_16_3.bmp,/kaggle/working/MDFS/data/TID2013/distorted_images/i05_16_3.bmp,5.58537,5,16,3
i05_16_4.bmp,/kaggle/working/MDFS/data/TID2013/distorted_images/i05_16_4.bmp,5.09756,5,16,4
i05_16_5.bmp,/kaggle/working/MDFS/data/TID2013/distorted_images/i05_16_5.bmp,4.25,5,16,5
i05_17_1.bmp,/kaggle/working/MDFS/data/TID2013/distorted_images/i05_17_1.bmp,5.3,5,17,1
i05_17_2.bmp,/kaggle/working/MDFS/data/TID2013/distorted_images/i05_17_2.bmp,6.82927,5,17,2
i05_17_3.bmp,/kaggle/working/MDFS/data/TID2013/distorted_images/i05_17_3.bmp,4.025,5,17,3
i05_17_4.bmp,/kaggle/working/MDFS/data/TID2013/distorted_images/i05_17_4.bmp,6.56098,5,17,4
i05_17_5.bmp,/kaggle/working/MDFS/data/TID2013/distorted_images/i05_17_5.bmp,2.8,5,17,5
i05_18_1.bmp,/kaggle/working/MDFS/data/TID2013/distorted_images/i05_18_1.bmp,4.775,5,18,1
i05_18_2.bmp,/kaggle/working/MDFS/data/TID2013/distorted_images/i05_18_2.bmp,4.20513,5,18,2
i05_18_3.bmp,/kaggle/working/MDFS/data/TID2013/distorted_images/i05_18_3.bmp,3.74359,5,18,3
i05_18_4.bmp,/kaggle/working/MDFS/data/TID2013/distorted_images/i05_18_4.bmp,3.53846,5,18,4
i05_18_5.bmp,/kaggle/working/MDFS/data/TID2013/distorted_images/i05_18_5.bmp,3.15,5,18,5
i05_19_1.bmp,/kaggle/working/MDFS/data/TID2013/distorted_images/i05_19_1.bmp,5.175,5,19,1
i05_19_2.bmp,/kaggle/working/MDFS/data/TID2013/distorted_images/i05_19_2.bmp,4.80488,5,19,2
i05_19_3.bmp,/kaggle/working/MDFS/data/TID2013/distorted_images/i05_19_3.bmp,4.225,5,19,3
i05_19_4.bmp,/kaggle/working/MDFS/data/TID2013/distorted_images/i05_19_4.bmp,3.65,5,19,4
i05_19_5.bmp,/kaggle/working/MDFS/data/TID2013/distorted_images/i05_19_5.bmp,3.36585,5,19,5
i05_20_1.bmp,/kaggle/working/MDFS/data/TID2013/distorted_images/i05_20_1.bmp,5.68293,5,20,1
i05_20_2.bmp,/kaggle/working/MDFS/data/TID2013/distorted_images/i05_20_2.bmp,5.56098,5,20,2
i05_20_3.bmp,/kaggle/working/MDFS/data/TID2013/distorted_images/i05_20_3.bmp,5.02439,5,20,3
i05_20_4.bmp,/kaggle/working/MDFS/data/TID2013/distorted_images/i05_20_4.bmp,4.475,5,20,4
i05_20_5.bmp,/kaggle/working/MDFS/data/TID2013/distorted_images/i05_20_5.bmp,3.28205,5,20,5
i05_21_1.bmp,/kaggle/working/MDFS/data/TID2013/distorted_images/i05_21_1.bmp,5.6,5,21,1
i05_21_2.bmp,/kaggle/working/MDFS/data/TID2013/distorted_images/i05_21_2.bmp,4.925,5,21,2
i05_21_3.bmp,/kaggle/working/MDFS/data/TID2013/distorted_images/i05_21_3.bmp,4.36585,5,21,3
i05_21_4.bmp,/kaggle/working/MDFS/data/TID2013/distorted_images/i05_21_4.bmp,3.35,5,21,4
i05_21_5.bmp,/kaggle/working/MDFS/data/TID2013/distorted_images/i05_21_5.bmp,2.475,5,21,5
i05_22_1.bmp,/kaggle/working/MDFS/data/TID2013/distorted_images/i05_22_1.bmp,5.275,5,22,1
i05_22_2.bmp,/kaggle/working/MDFS/data/TID2013/distorted_images/i05_22_2.bmp,5.25,5,22,2
i05_22_3.bmp,/kaggle/working/MDFS/data/TID2013/distorted_images/i05_22_3.bmp,4.7561,5,22,3
i05_22_4.bmp,/kaggle/working/MDFS/data/TID2013/distorted_images/i05_22_4.bmp,4.1,5,22,4
i05_22_5.bmp,/kaggle/working/MDFS/data/TID2013/distorted_images/i05_22_5.bmp,3.17073,5,22,5
i05_23_1.bmp,/kaggle/working/MDFS/data/TID2013/distorted_images/i05_23_1.bmp,5.73171,5,23,1
i05_23_2.bmp,/kaggle/working/MDFS/data/TID2013/distorted_images/i05_23_2.bmp,5.575,5,23,2
i05_23_3.bmp,/kaggle/working/MDFS/data/TID2013/distorted_images/i05_23_3.bmp,5.63415,5,23,3
i05_23_4.bmp,/kaggle/working/MDFS/data/TID2013/distorted_images/i05_23_4.bmp,5.7561,5,23,4
i05_23_5.bmp,/kaggle/working/MDFS/data/TID2013/distorted_images/i05_23_5.bmp,5.43902,5,23,5
i05_24_1.bmp,/kaggle/working/MDFS/data/TID2013/distorted_images/i05_24_1.bmp,5.525,5,24,1
i05_24_2.bmp,/kaggle/working/MDFS/data/TID2013/distorted_images/i05_24_2.bmp,5.60976,5,24,2
i05_24_3.bmp,/kaggle/working/MDFS/data/TID2013/distorted_images/i05_24_3.bmp,5.2,5,24,3
i05_24_4.bmp,/kaggle/working/MDFS/data/TID2013/distorted_images/i05_24_4.bmp,3.95122,5,24,4
i05_24_5.bmp,/kaggle/working/MDFS/data/TID2013/distorted_images/i05_24_5.bmp,2.60976,5,24,5
I06_01_1.bmp,/kaggle/working/MDFS/data/TID2013/distorted_images/I06_01_1.bmp,5.75676,6,1,1
i06_01_2.bmp,/kaggle/working/MDFS/data/TID2013/distorted_images/i06_01_2.bmp,5.16667,6,1,2
i06_01_3.bmp,/kaggle/working/MDFS/data/TID2013/distorted_images/i06_01_3.bmp,5.02703,6,1,3
i06_01_4.bmp,/kaggle/working/MDFS/data/TID2013/distorted_images/i06_01_4.bmp,4.31429,6,1,4
i06_01_5.bmp,/kaggle/working/MDFS/data/TID2013/distorted_images/i06_01_5.bmp,3.61111,6,1,5
i06_02_1.bmp,/kaggle/working/MDFS/data/TID2013/distorted_images/i06_02_1.bmp,6.16216,6,2,1
i06_02_2.bmp,/kaggle/working/MDFS/data/TID2013/distorted_images/i06_02_2.bmp,5.78378,6,2,2
i06_02_3.bmp,/kaggle/working/MDFS/data/TID2013/distorted_images/i06_02_3.bmp,5.45946,6,2,3
i06_02_4.bmp,/kaggle/working/MDFS/data/TID2013/distorted_images/i06_02_4.bmp,4.83333,6,2,4
i06_02_5.bmp,/kaggle/working/MDFS/data/TID2013/distorted_images/i06_02_5.bmp,4.38889,6,2,5
i06_03_1.bmp,/kaggle/working/MDFS/data/TID2013/distorted_images/i06_03_1.bmp,4.58333,6,3,1
i06_03_2.bmp,/kaggle/working/MDFS/data/TID2013/distorted_images/i06_03_2.bmp,4.05714,6,3,2
i06_03_3.bmp,/kaggle/working/MDFS/data/TID2013/distorted_images/i06_03_3.bmp,3.47222,6,3,3
i06_03_4.bmp,/kaggle/working/MDFS/data/TID2013/distorted_images/i06_03_4.bmp,2.94595,6,3,4
i06_03_5.bmp,/kaggle/working/MDFS/data/TID2013/distorted_images/i06_03_5.bmp,2.5,6,3,5
i06_04_1.bmp,/kaggle/working/MDFS/data/TID2013/distorted_images/i06_04_1.bmp,5.83333,6,4,1
i06_04_2.bmp,/kaggle/working/MDFS/data/TID2013/distorted_images/i06_04_2.bmp,5.86111,6,4,2
i06_04_3.bmp,/kaggle/working/MDFS/data/TID2013/distorted_images/i06_04_3.bmp,5.69444,6,4,3
i06_04_4.bmp,/kaggle/working/MDFS/data/TID2013/distorted_images/i06_04_4.bmp,5.08108,6,4,4
i06_04_5.bmp,/kaggle/working/MDFS/data/TID2013/distorted_images/i06_04_5.bmp,4.58333,6,4,5
i06_05_1.bmp,/kaggle/working/MDFS/data/TID2013/distorted_images/i06_05_1.bmp,5.91892,6,5,1
i06_05_2.bmp,/kaggle/working/MDFS/data/TID2013/distorted_images/i06_05_2.bmp,5.71429,6,5,2
i06_05_3.bmp,/kaggle/working/MDFS/data/TID2013/distorted_images/i06_05_3.bmp,4.97297,6,5,3
i06_05_4.bmp,/kaggle/working/MDFS/data/TID2013/distorted_images/i06_05_4.bmp,4.02857,6,5,4
i06_05_5.bmp,/kaggle/working/MDFS/data/TID2013/distorted_images/i06_05_5.bmp,2.94595,6,5,5
i06_06_1.bmp,/kaggle/working/MDFS/data/TID2013/distorted_images/i06_06_1.bmp,4.61111,6,6,1
i06_06_2.bmp,/kaggle/working/MDFS/data/TID2013/distorted_images/i06_06_2.bmp,4.38889,6,6,2
i06_06_3.bmp,/kaggle/working/MDFS/data/TID2013/distorted_images/i06_06_3.bmp,3.77778,6,6,3
i06_06_4.bmp,/kaggle/working/MDFS/data/TID2013/distorted_images/i06_06_4.bmp,3.52778,6,6,4
i06_06_5.bmp,/kaggle/working/MDFS/data/TID2013/distorted_images/i06_06_5.bmp,3.05405,6,6,5
i06_07_1.bmp,/kaggle/working/MDFS/data/TID2013/distorted_images/i06_07_1.bmp,5.32432,6,7,1
i06_07_2.bmp,/kaggle/working/MDFS/data/TID2013/distorted_images/i06_07_2.bmp,5.11429,6,7,2
i06_07_3.bmp,/kaggle/working/MDFS/data/TID2013/distorted_images/i06_07_3.bmp,4.40541,6,7,3
i06_07_4.bmp,/kaggle/working/MDFS/data/TID2013/distorted_images/i06_07_4.bmp,3.14286,6,7,4
i06_07_5.bmp,/kaggle/working/MDFS/data/TID2013/distorted_images/i06_07_5.bmp,2.68571,6,7,5
i06_08_1.bmp,/kaggle/working/MDFS/data/TID2013/distorted_images/i06_08_1.bmp,5.18919,6,8,1
i06_08_2.bmp,/kaggle/working/MDFS/data/TID2013/distorted_images/i06_08_2.bmp,4.58333,6,8,2
i06_08_3.bmp,/kaggle/working/MDFS/data/TID2013/distorted_images/i06_08_3.bmp,3.48571,6,8,3
i06_08_4.bmp,/kaggle/working/MDFS/data/TID2013/distorted_images/i06_08_4.bmp,2.7027,6,8,4
i06_08_5.bmp,/kaggle/working/MDFS/data/TID2013/distorted_images/i06_08_5.bmp,2.05405,6,8,5
i06_09_1.bmp,/kaggle/working/MDFS/data/TID2013/distorted_images/i06_09_1.bmp,6.05405,6,9,1
i06_09_2.bmp,/kaggle/working/MDFS/data/TID2013/distorted_images/i06_09_2.bmp,5.86486,6,9,2
i06_09_3.bmp,/kaggle/working/MDFS/data/TID2013/distorted_images/i06_09_3.bmp,4.86486,6,9,3
i06_09_4.bmp,/kaggle/working/MDFS/data/TID2013/distorted_images/i06_09_4.bmp,3.0,6,9,4
i06_09_5.bmp,/kaggle/working/MDFS/data/TID2013/distorted_images/i06_09_5.bmp,1.65714,6,9,5
i06_10_1.bmp,/kaggle/working/MDFS/data/TID2013/distorted_images/i06_10_1.bmp,5.83784,6,10,1
i06_10_2.bmp,/kaggle/working/MDFS/data/TID2013/distorted_images/i06_10_2.bmp,5.62857,6,10,2
i06_10_3.bmp,/kaggle/working/MDFS/data/TID2013/distorted_images/i06_10_3.bmp,5.42857,6,10,3
i06_10_4.bmp,/kaggle/working/MDFS/data/TID2013/distorted_images/i06_10_4.bmp,3.16216,6,10,4
i06_10_5.bmp,/kaggle/working/MDFS/data/TID2013/distorted_images/i06_10_5.bmp,1.77778,6,10,5
I06_11_1.BMP,/kaggle/working/MDFS/data/TID2013/distorted_images/I06_11_1.BMP,5.54054,6,11,1
i06_11_2.bmp,/kaggle/working/MDFS/data/TID2013/distorted_images/i06_11_2.bmp,5.19444,6,11,2
i06_11_3.bmp,/kaggle/working/MDFS/data/TID2013/distorted_images/i06_11_3.bmp,4.5,6,11,3
i06_11_4.bmp,/kaggle/working/MDFS/data/TID2013/distorted_images/i06_11_4.bmp,3.08108,6,11,4
i06_11_5.bmp,/kaggle/working/MDFS/data/TID2013/distorted_images/i06_11_5.bmp,0.75676,6,11,5
i06_12_1.bmp,/kaggle/working/MDFS/data/TID2013/distorted_images/i06_12_1.bmp,5.86111,6,12,1
i06_12_2.bmp,/kaggle/working/MDFS/data/TID2013/distorted_images/i06_12_2.bmp,4.75,6,12,2
i06_12_3.bmp,/kaggle/working/MDFS/data/TID2013/distorted_images/i06_12_3.bmp,4.35135,6,12,3
i06_12_4.bmp,/kaggle/working/MDFS/data/TID2013/distorted_images/i06_12_4.bmp,3.62857,6,12,4
i06_12_5.bmp,/kaggle/working/MDFS/data/TID2013/distorted_images/i06_12_5.bmp,3.83784,6,12,5
I06_13_1.BMP,/kaggle/working/MDFS/data/TID2013/distorted_images/I06_13_1.BMP,4.67568,6,13,1
i06_13_2.bmp,/kaggle/working/MDFS/data/TID2013/distorted_images/i06_13_2.bmp,4.82857,6,13,2
i06_13_3.bmp,/kaggle/working/MDFS/data/TID2013/distorted_images/i06_13_3.bmp,4.17143,6,13,3
i06_13_4.bmp,/kaggle/working/MDFS/data/TID2013/distorted_images/i06_13_4.bmp,3.19444,6,13,4
i06_13_5.bmp,/kaggle/working/MDFS/data/TID2013/distorted_images/i06_13_5.bmp,2.7027,6,13,5
i06_14_1.bmp,/kaggle/working/MDFS/data/TID2013/distorted_images/i06_14_1.bmp,6.0,6,14,1
i06_14_2.bmp,/kaggle/working/MDFS/data/TID2013/distorted_images/i06_14_2.bmp,6.0,6,14,2
i06_14_3.bmp,/kaggle/working/MDFS/data/TID2013/distorted_images/i06_14_3.bmp,4.77143,6,14,3
i06_14_4.bmp,/kaggle/working/MDFS/data/TID2013/distorted_images/i06_14_4.bmp,4.33333,6,14,4
i06_14_5.bmp,/kaggle/working/MDFS/data/TID2013/distorted_images/i06_14_5.bmp,4.30556,6,14,5
i06_15_1.bmp,/kaggle/working/MDFS/data/TID2013/distorted_images/i06_15_1.bmp,3.62162,6,15,1
i06_15_2.bmp,/kaggle/working/MDFS/data/TID2013/distorted_images/i06_15_2.bmp,3.32432,6,15,2
i06_15_3.bmp,/kaggle/working/MDFS/data/TID2013/distorted_images/i06_15_3.bmp,3.75,6,15,3
i06_15_4.bmp,/kaggle/working/MDFS/data/TID2013/distorted_images/i06_15_4.bmp,4.40541,6,15,4
i06_15_5.bmp,/kaggle/working/MDFS/data/TID2013/distorted_images/i06_15_5.bmp,4.83333,6,15,5
i06_16_1.bmp,/kaggle/working/MDFS/data/TID2013/distorted_images/i06_16_1.bmp,5.56757,6,16,1
i06_16_2.bmp,/kaggle/working/MDFS/data/TID2013/distorted_images/i06_16_2.bmp,6.25,6,16,2
i06_16_3.bmp,/kaggle/working/MDFS/data/TID2013/distorted_images/i06_16_3.bmp,5.08333,6,16,3
i06_16_4.bmp,/kaggle/working/MDFS/data/TID2013/distorted_images/i06_16_4.bmp,5.83784,6,16,4
i06_16_5.bmp,/kaggle/working/MDFS/data/TID2013/distorted_images/i06_16_5.bmp,4.13889,6,16,5
i06_17_1.bmp,/kaggle/working/MDFS/data/TID2013/distorted_images/i06_17_1.bmp,5.55556,6,17,1
i06_17_2.bmp,/kaggle/working/MDFS/data/TID2013/distorted_images/i06_17_2.bmp,6.08108,6,17,2
i06_17_3.bmp,/kaggle/working/MDFS/data/TID2013/distorted_images/i06_17_3.bmp,4.05556,6,17,3
i06_17_4.bmp,/kaggle/working/MDFS/data/TID2013/distorted_images/i06_17_4.bmp,5.83784,6,17,4
i06_17_5.bmp,/kaggle/working/MDFS/data/TID2013/distorted_images/i06_17_5.bmp,3.37838,6,17,5
i06_18_1.bmp,/kaggle/working/MDFS/data/TID2013/distorted_images/i06_18_1.bmp,5.2,6,18,1
i06_18_2.bmp,/kaggle/working/MDFS/data/TID2013/distorted_images/i06_18_2.bmp,4.36111,6,18,2
i06_18_3.bmp,/kaggle/working/MDFS/data/TID2013/distorted_images/i06_18_3.bmp,3.88889,6,18,3
i06_18_4.bmp,/kaggle/working/MDFS/data/TID2013/distorted_images/i06_18_4.bmp,3.72973,6,18,4
i06_18_5.bmp,/kaggle/working/MDFS/data/TID2013/distorted_images/i06_18_5.bmp,3.78378,6,18,5
i06_19_1.bmp,/kaggle/working/MDFS/data/TID2013/distorted_images/i06_19_1.bmp,5.33333,6,19,1
i06_19_2.bmp,/kaggle/working/MDFS/data/TID2013/distorted_images/i06_19_2.bmp,5.27027,6,19,2
i06_19_3.bmp,/kaggle/working/MDFS/data/TID2013/distorted_images/i06_19_3.bmp,4.94595,6,19,3
i06_19_4.bmp,/kaggle/working/MDFS/data/TID2013/distorted_images/i06_19_4.bmp,4.19444,6,19,4
i06_19_5.bmp,/kaggle/working/MDFS/data/TID2013/distorted_images/i06_19_5.bmp,3.59459,6,19,5
i06_20_1.bmp,/kaggle/working/MDFS/data/TID2013/distorted_images/i06_20_1.bmp,5.61111,6,20,1
i06_20_2.bmp,/kaggle/working/MDFS/data/TID2013/distorted_images/i06_20_2.bmp,5.27778,6,20,2
i06_20_3.bmp,/kaggle/working/MDFS/data/TID2013/distorted_images/i06_20_3.bmp,5.59459,6,20,3
i06_20_4.bmp,/kaggle/working/MDFS/data/TID2013/distorted_images/i06_20_4.bmp,4.94595,6,20,4
i06_20_5.bmp,/kaggle/working/MDFS/data/TID2013/distorted_images/i06_20_5.bmp,3.97297,6,20,5
i06_21_1.bmp,/kaggle/working/MDFS/data/TID2013/distorted_images/i06_21_1.bmp,5.7027,6,21,1
i06_21_2.bmp,/kaggle/working/MDFS/data/TID2013/distorted_images/i06_21_2.bmp,5.11111,6,21,2
i06_21_3.bmp,/kaggle/working/MDFS/data/TID2013/distorted_images/i06_21_3.bmp,4.71429,6,21,3
i06_21_4.bmp,/kaggle/working/MDFS/data/TID2013/distorted_images/i06_21_4.bmp,3.63889,6,21,4
i06_21_5.bmp,/kaggle/working/MDFS/data/TID2013/distorted_images/i06_21_5.bmp,2.80556,6,21,5
i06_22_1.bmp,/kaggle/working/MDFS/data/TID2013/distorted_images/i06_22_1.bmp,5.63889,6,22,1
i06_22_2.bmp,/kaggle/working/MDFS/data/TID2013/distorted_images/i06_22_2.bmp,5.27778,6,22,2
i06_22_3.bmp,/kaggle/working/MDFS/data/TID2013/distorted_images/i06_22_3.bmp,4.16216,6,22,3
i06_22_4.bmp,/kaggle/working/MDFS/data/TID2013/distorted_images/i06_22_4.bmp,3.56757,6,22,4
i06_22_5.bmp,/kaggle/working/MDFS/data/TID2013/distorted_images/i06_22_5.bmp,2.97297,6,22,5
i06_23_1.bmp,/kaggle/working/MDFS/data/TID2013/distorted_images/i06_23_1.bmp,5.91429,6,23,1
i06_23_2.bmp,/kaggle/working/MDFS/data/TID2013/distorted_images/i06_23_2.bmp,5.80556,6,23,2
i06_23_3.bmp,/kaggle/working/MDFS/data/TID2013/distorted_images/i06_23_3.bmp,5.67568,6,23,3
i06_23_4.bmp,/kaggle/working/MDFS/data/TID2013/distorted_images/i06_23_4.bmp,5.32432,6,23,4
i06_23_5.bmp,/kaggle/working/MDFS/data/TID2013/distorted_images/i06_23_5.bmp,2.34286,6,23,5
i06_24_1.bmp,/kaggle/working/MDFS/data/TID2013/distorted_images/i06_24_1.bmp,5.83784,6,24,1
i06_24_2.bmp,/kaggle/working/MDFS/data/TID2013/distorted_images/i06_24_2.bmp,5.8,6,24,2
i06_24_3.bmp,/kaggle/working/MDFS/data/TID2013/distorted_images/i06_24_3.bmp,4.81081,6,24,3
i06_24_4.bmp,/kaggle/working/MDFS/data/TID2013/distorted_images/i06_24_4.bmp,3.21622,6,24,4
i06_24_5.bmp,/kaggle/working/MDFS/data/TID2013/distorted_images/i06_24_5.bmp,0.88889,6,24,5
I07_01_1.bmp,/kaggle/working/MDFS/data/TID2013/distorted_images/I07_01_1.bmp,5.68182,7,1,1
i07_01_2.bmp,/kaggle/working/MDFS/data/TID2013/distorted_images/i07_01_2.bmp,5.09091,7,1,2
i07_01_3.bmp,/kaggle/working/MDFS/data/TID2013/distorted_images/i07_01_3.bmp,4.8,7,1,3
i07_01_4.bmp,/kaggle/working/MDFS/data/TID2013/distorted_images/i07_01_4.bmp,4.45455,7,1,4
i07_01_5.bmp,/kaggle/working/MDFS/data/TID2013/distorted_images/i07_01_5.bmp,3.97619,7,1,5
i07_02_1.bmp,/kaggle/working/MDFS/data/TID2013/distorted_images/i07_02_1.bmp,6.04444,7,2,1
i07_02_2.bmp,/kaggle/working/MDFS/data/TID2013/distorted_images/i07_02_2.bmp,5.86364,7,2,2
i07_02_3.bmp,/kaggle/working/MDFS/data/TID2013/distorted_images/i07_02_3.bmp,5.55814,7,2,3
i07_02_4.bmp,/kaggle/working/MDFS/data/TID2013/distorted_images/i07_02_4.bmp,5.23256,7,2,4
i07_02_5.bmp,/kaggle/working/MDFS/data/TID2013/distorted_images/i07_02_5.bmp,4.75556,7,2,5
i07_03_1.bmp,/kaggle/working/MDFS/data/TID2013/distorted_images/i07_03_1.bmp,4.93333,7,3,1
i07_03_2.bmp,/kaggle/working/MDFS/data/TID2013/distorted_images/i07_03_2.bmp,4.22727,7,3,2
i07_03_3.bmp,/kaggle/working/MDFS/data/TID2013/distorted_images/i07_03_3.bmp,3.73333,7,3,3
i07_03_4.bmp,/kaggle/working/MDFS/data/TID2013/distorted_images/i07_03_4.bmp,3.31111,7,3,4
i07_03_5.bmp,/kaggle/working/MDFS/data/TID2013/distorted_images/i07_03_5.bmp,2.73333,7,3,5
i07_04_1.bmp,/kaggle/working/MDFS/data/TID2013/distorted_images/i07_04_1.bmp,5.86667,7,4,1
i07_04_2.bmp,/kaggle/working/MDFS/data/TID2013/distorted_images/i07_04_2.bmp,6.0,7,4,2
i07_04_3.bmp,/kaggle/working/MDFS/data/TID2013/distorted_images/i07_04_3.bmp,5.42222,7,4,3
i07_04_4.bmp,/kaggle/working/MDFS/data/TID2013/distorted_images/i07_04_4.bmp,4.95122,7,4,4
i07_04_5.bmp,/kaggle/working/MDFS/data/TID2013/distorted_images/i07_04_5.bmp,4.2093,7,4,5
i07_05_1.bmp,/kaggle/working/MDFS/data/TID2013/distorted_images/i07_05_1.bmp,6.04444,7,5,1
i07_05_2.bmp,/kaggle/working/MDFS/data/TID2013/distorted_images/i07_05_2.bmp,5.8,7,5,2
i07_05_3.bmp,/kaggle/working/MDFS/data/TID2013/distorted_images/i07_05_3.bmp,5.15909,7,5,3
i07_05_4.bmp,/kaggle/working/MDFS/data/TID2013/distorted_images/i07_05_4.bmp,4.27907,7,5,4
i07_05_5.bmp,/kaggle/working/MDFS/data/TID2013/distorted_images/i07_05_5.bmp,3.31818,7,5,5
i07_06_1.bmp,/kaggle/working/MDFS/data/TID2013/distorted_images/i07_06_1.bmp,4.83333,7,6,1
i07_06_2.bmp,/kaggle/working/MDFS/data/TID2013/distorted_images/i07_06_2.bmp,4.61364,7,6,2
i07_06_3.bmp,/kaggle/working/MDFS/data/TID2013/distorted_images/i07_06_3.bmp,4.15909,7,6,3
i07_06_4.bmp,/kaggle/working/MDFS/data/TID2013/distorted_images/i07_06_4.bmp,3.75,7,6,4
i07_06_5.bmp,/kaggle/working/MDFS/data/TID2013/distorted_images/i07_06_5.bmp,3.31818,7,6,5
i07_07_1.bmp,/kaggle/working/MDFS/data/TID2013/distorted_images/i07_07_1.bmp,5.5814,7,7,1
i07_07_2.bmp,/kaggle/working/MDFS/data/TID2013/distorted_images/i07_07_2.bmp,5.19048,7,7,2
i07_07_3.bmp,/kaggle/working/MDFS/data/TID2013/distorted_images/i07_07_3.bmp,4.31818,7,7,3
i07_07_4.bmp,/kaggle/working/MDFS/data/TID2013/distorted_images/i07_07_4.bmp,3.62222,7,7,4
i07_07_5.bmp,/kaggle/working/MDFS/data/TID2013/distorted_images/i07_07_5.bmp,2.83721,7,7,5
i07_08_1.bmp,/kaggle/working/MDFS/data/TID2013/distorted_images/i07_08_1.bmp,5.86364,7,8,1
i07_08_2.bmp,/kaggle/working/MDFS/data/TID2013/distorted_images/i07_08_2.bmp,5.53333,7,8,2
i07_08_3.bmp,/kaggle/working/MDFS/data/TID2013/distorted_images/i07_08_3.bmp,4.5814,7,8,3
i07_08_4.bmp,/kaggle/working/MDFS/data/TID2013/distorted_images/i07_08_4.bmp,3.42222,7,8,4
i07_08_5.bmp,/kaggle/working/MDFS/data/TID2013/distorted_images/i07_08_5.bmp,2.63636,7,8,5
i07_09_1.bmp,/kaggle/working/MDFS/data/TID2013/distorted_images/i07_09_1.bmp,6.42222,7,9,1
i07_09_2.bmp,/kaggle/working/MDFS/data/TID2013/distorted_images/i07_09_2.bmp,6.02222,7,9,2
i07_09_3.bmp,/kaggle/working/MDFS/data/TID2013/distorted_images/i07_09_3.bmp,5.22727,7,9,3
i07_09_4.bmp,/kaggle/working/MDFS/data/TID2013/distorted_images/i07_09_4.bmp,3.97674,7,9,4
i07_09_5.bmp,/kaggle/working/MDFS/data/TID2013/distorted_images/i07_09_5.bmp,2.46667,7,9,5
i07_10_1.bmp,/kaggle/working/MDFS/data/TID2013/distorted_images/i07_10_1.bmp,6.13333,7,10,1
i07_10_2.bmp,/kaggle/working/MDFS/data/TID2013/distorted_images/i07_10_2.bmp,5.88636,7,10,2
i07_10_3.bmp,/kaggle/working/MDFS/data/TID2013/distorted_images/i07_10_3.bmp,5.04545,7,10,3
i07_10_4.bmp,/kaggle/working/MDFS/data/TID2013/distorted_images/i07_10_4.bmp,3.70455,7,10,4
i07_10_5.bmp,/kaggle/working/MDFS/data/TID2013/distorted_images/i07_10_5.bmp,2.22727,7,10,5
I07_11_1.BMP,/kaggle/working/MDFS/data/TID2013/distorted_images/I07_11_1.BMP,5.48837,7,11,1
i07_11_2.bmp,/kaggle/working/MDFS/data/TID2013/distorted_images/i07_11_2.bmp,4.51111,7,11,2
i07_11_3.bmp,/kaggle/working/MDFS/data/TID2013/distorted_images/i07_11_3.bmp,3.43182,7,11,3
i07_11_4.bmp,/kaggle/working/MDFS/data/TID2013/distorted_images/i07_11_4.bmp,2.42222,7,11,4
i07_11_5.bmp,/kaggle/working/MDFS/data/TID2013/distorted_images/i07_11_5.bmp,0.97727,7,11,5
i07_12_1.bmp,/kaggle/working/MDFS/data/TID2013/distorted_images/i07_12_1.bmp,5.34091,7,12,1
i07_12_2.bmp,/kaggle/working/MDFS/data/TID2013/distorted_images/i07_12_2.bmp,4.72727,7,12,2
i07_12_3.bmp,/kaggle/working/MDFS/data/TID2013/distorted_images/i07_12_3.bmp,3.53333,7,12,3
i07_12_4.bmp,/kaggle/working/MDFS/data/TID2013/distorted_images/i07_12_4.bmp,2.86364,7,12,4
i07_12_5.bmp,/kaggle/working/MDFS/data/TID2013/distorted_images/i07_12_5.bmp,2.51111,7,12,5
I07_13_1.BMP,/kaggle/working/MDFS/data/TID2013/distorted_images/I07_13_1.BMP,4.5814,7,13,1
i07_13_2.bmp,/kaggle/working/MDFS/data/TID2013/distorted_images/i07_13_2.bmp,4.06818,7,13,2
i07_13_3.bmp,/kaggle/working/MDFS/data/TID2013/distorted_images/i07_13_3.bmp,3.37209,7,13,3
i07_13_4.bmp,/kaggle/working/MDFS/data/TID2013/distorted_images/i07_13_4.bmp,2.72727,7,13,4
i07_13_5.bmp,/kaggle/working/MDFS/data/TID2013/distorted_images/i07_13_5.bmp,2.51111,7,13,5
i07_14_1.bmp,/kaggle/working/MDFS/data/TID2013/distorted_images/i07_14_1.bmp,5.79545,7,14,1
i07_14_2.bmp,/kaggle/working/MDFS/data/TID2013/distorted_images/i07_14_2.bmp,6.15909,7,14,2
i07_14_3.bmp,/kaggle/working/MDFS/data/TID2013/distorted_images/i07_14_3.bmp,5.70455,7,14,3
i07_14_4.bmp,/kaggle/working/MDFS/data/TID2013/distorted_images/i07_14_4.bmp,5.22222,7,14,4
i07_14_5.bmp,/kaggle/working/MDFS/data/TID2013/distorted_images/i07_14_5.bmp,4.20455,7,14,5
i07_15_1.bmp,/kaggle/working/MDFS/data/TID2013/distorted_images/i07_15_1.bmp,3.63636,7,15,1
i07_15_2.bmp,/kaggle/working/MDFS/data/TID2013/distorted_images/i07_15_2.bmp,3.28889,7,15,2
i07_15_3.bmp,/kaggle/working/MDFS/data/TID2013/distorted_images/i07_15_3.bmp,3.04545,7,15,3
i07_15_4.bmp,/kaggle/working/MDFS/data/TID2013/distorted_images/i07_15_4.bmp,3.34091,7,15,4
i07_15_5.bmp,/kaggle/working/MDFS/data/TID2013/distorted_images/i07_15_5.bmp,3.65116,7,15,5
i07_16_1.bmp,/kaggle/working/MDFS/data/TID2013/distorted_images/i07_16_1.bmp,6.20455,7,16,1
i07_16_2.bmp,/kaggle/working/MDFS/data/TID2013/distorted_images/i07_16_2.bmp,6.34884,7,16,2
i07_16_3.bmp,/kaggle/working/MDFS/data/TID2013/distorted_images/i07_16_3.bmp,5.93333,7,16,3
i07_16_4.bmp,/kaggle/working/MDFS/data/TID2013/distorted_images/i07_16_4.bmp,5.35556,7,16,4
i07_16_5.bmp,/kaggle/working/MDFS/data/TID2013/distorted_images/i07_16_5.bmp,4.81818,7,16,5
i07_17_1.bmp,/kaggle/working/MDFS/data/TID2013/distorted_images/i07_17_1.bmp,5.54545,7,17,1
i07_17_2.bmp,/kaggle/working/MDFS/data/TID2013/distorted_images/i07_17_2.bmp,6.4,7,17,2
i07_17_3.bmp,/kaggle/working/MDFS/data/TID2013/distorted_images/i07_17_3.bmp,4.40476,7,17,3
i07_17_4.bmp,/kaggle/working/MDFS/data/TID2013/distorted_images/i07_17_4.bmp,6.72727,7,17,4
i07_17_5.bmp,/kaggle/working/MDFS/data/TID2013/distorted_images/i07_17_5.bmp,3.34091,7,17,5
i07_18_1.bmp,/kaggle/working/MDFS/data/TID2013/distorted_images/i07_18_1.bmp,5.38636,7,18,1
i07_18_2.bmp,/kaggle/working/MDFS/data/TID2013/distorted_images/i07_18_2.bmp,4.95455,7,18,2
i07_18_3.bmp,/kaggle/working/MDFS/data/TID2013/distorted_images/i07_18_3.bmp,4.37778,7,18,3
i07_18_4.bmp,/kaggle/working/MDFS/data/TID2013/distorted_images/i07_18_4.bmp,3.86364,7,18,4
i07_18_5.bmp,/kaggle/working/MDFS/data/TID2013/distorted_images/i07_18_5.bmp,3.63636,7,18,5
i07_19_1.bmp,/kaggle/working/MDFS/data/TID2013/distorted_images/i07_19_1.bmp,5.86667,7,19,1
i07_19_2.bmp,/kaggle/working/MDFS/data/TID2013/distorted_images/i07_19_2.bmp,5.44444,7,19,2
i07_19_3.bmp,/kaggle/working/MDFS/data/TID2013/distorted_images/i07_19_3.bmp,4.8,7,19,3
i07_19_4.bmp,/kaggle/working/MDFS/data/TID2013/distorted_images/i07_19_4.bmp,4.11364,7,19,4
i07_19_5.bmp,/kaggle/working/MDFS/data/TID2013/distorted_images/i07_19_5.bmp,3.70455,7,19,5
i07_20_1.bmp,/kaggle/working/MDFS/data/TID2013/distorted_images/i07_20_1.bmp,5.75,7,20,1
i07_20_2.bmp,/kaggle/working/MDFS/data/TID2013/distorted_images/i07_20_2.bmp,5.42222,7,20,2
i07_20_3.bmp,/kaggle/working/MDFS/data/TID2013/distorted_images/i07_20_3.bmp,4.4186,7,20,3
i07_20_4.bmp,/kaggle/working/MDFS/data/TID2013/distorted_images/i07_20_4.bmp,3.62222,7,20,4
i07_20_5.bmp,/kaggle/working/MDFS/data/TID2013/distorted_images/i07_20_5.bmp,2.93023,7,20,5
i07_21_1.bmp,/kaggle/working/MDFS/data/TID2013/distorted_images/i07_21_1.bmp,5.66667,7,21,1
i07_21_2.bmp,/kaggle/working/MDFS/data/TID2013/distorted_images/i07_21_2.bmp,4.95455,7,21,2
i07_21_3.bmp,/kaggle/working/MDFS/data/TID2013/distorted_images/i07_21_3.bmp,4.11111,7,21,3
i07_21_4.bmp,/kaggle/working/MDFS/data/TID2013/distorted_images/i07_21_4.bmp,3.38636,7,21,4
i07_21_5.bmp,/kaggle/working/MDFS/data/TID2013/distorted_images/i07_21_5.bmp,2.32558,7,21,5
i07_22_1.bmp,/kaggle/working/MDFS/data/TID2013/distorted_images/i07_22_1.bmp,5.93333,7,22,1
i07_22_2.bmp,/kaggle/working/MDFS/data/TID2013/distorted_images/i07_22_2.bmp,5.23256,7,22,2
i07_22_3.bmp,/kaggle/working/MDFS/data/TID2013/distorted_images/i07_22_3.bmp,4.65116,7,22,3
i07_22_4.bmp,/kaggle/working/MDFS/data/TID2013/distorted_images/i07_22_4.bmp,4.14286,7,22,4
i07_22_5.bmp,/kaggle/working/MDFS/data/TID2013/distorted_images/i07_22_5.bmp,2.65909,7,22,5
i07_23_1.bmp,/kaggle/working/MDFS/data/TID2013/distorted_images/i07_23_1.bmp,6.02222,7,23,1
i07_23_2.bmp,/kaggle/working/MDFS/data/TID2013/distorted_images/i07_23_2.bmp,5.73333,7,23,2
i07_23_3.bmp,/kaggle/working/MDFS/data/TID2013/distorted_images/i07_23_3.bmp,5.04444,7,23,3
i07_23_4.bmp,/kaggle/working/MDFS/data/TID2013/distorted_images/i07_23_4.bmp,4.2093,7,23,4
i07_23_5.bmp,/kaggle/working/MDFS/data/TID2013/distorted_images/i07_23_5.bmp,2.64444,7,23,5
i07_24_1.bmp,/kaggle/working/MDFS/data/TID2013/distorted_images/i07_24_1.bmp,5.72093,7,24,1
i07_24_2.bmp,/kaggle/working/MDFS/data/TID2013/distorted_images/i07_24_2.bmp,4.93333,7,24,2
i07_24_3.bmp,/kaggle/working/MDFS/data/TID2013/distorted_images/i07_24_3.bmp,3.86364,7,24,3
i07_24_4.bmp,/kaggle/working/MDFS/data/TID2013/distorted_images/i07_24_4.bmp,2.25,7,24,4
i07_24_5.bmp,/kaggle/working/MDFS/data/TID2013/distorted_images/i07_24_5.bmp,0.47619,7,24,5
I08_01_1.bmp,/kaggle/working/MDFS/data/TID2013/distorted_images/I08_01_1.bmp,5.54839,8,1,1
i08_01_2.bmp,/kaggle/working/MDFS/data/TID2013/distorted_images/i08_01_2.bmp,4.70968,8,1,2
i08_01_3.bmp,/kaggle/working/MDFS/data/TID2013/distorted_images/i08_01_3.bmp,4.83871,8,1,3
i08_01_4.bmp,/kaggle/working/MDFS/data/TID2013/distorted_images/i08_01_4.bmp,4.1,8,1,4
i08_01_5.bmp,/kaggle/working/MDFS/data/TID2013/distorted_images/i08_01_5.bmp,3.54839,8,1,5
i08_02_1.bmp,/kaggle/working/MDFS/data/TID2013/distorted_images/i08_02_1.bmp,5.59375,8,2,1
i08_02_2.bmp,/kaggle/working/MDFS/data/TID2013/distorted_images/i08_02_2.bmp,5.54839,8,2,2
i08_02_3.bmp,/kaggle/working/MDFS/data/TID2013/distorted_images/i08_02_3.bmp,5.40625,8,2,3
i08_02_4.bmp,/kaggle/working/MDFS/data/TID2013/distorted_images/i08_02_4.bmp,5.22581,8,2,4
i08_02_5.bmp,/kaggle/working/MDFS/data/TID2013/distorted_images/i08_02_5.bmp,4.64516,8,2,5
i08_03_1.bmp,/kaggle/working/MDFS/data/TID2013/distorted_images/i08_03_1.bmp,4.64516,8,3,1
i08_03_2.bmp,/kaggle/working/MDFS/data/TID2013/distorted_images/i08_03_2.bmp,4.29032,8,3,2
i08_03_3.bmp,/kaggle/working/MDFS/data/TID2013/distorted_images/i08_03_3.bmp,3.46667,8,3,3
i08_03_4.bmp,/kaggle/working/MDFS/data/TID2013/distorted_images/i08_03_4.bmp,2.96875,8,3,4
i08_03_5.bmp,/kaggle/working/MDFS/data/TID2013/distorted_images/i08_03_5.bmp,2.34375,8,3,5
i08_04_1.bmp,/kaggle/working/MDFS/data/TID2013/distorted_images/i08_04_1.bmp,6.06452,8,4,1
i08_04_2.bmp,/kaggle/working/MDFS/data/TID2013/distorted_images/i08_04_2.bmp,5.83871,8,4,2
i08_04_3.bmp,/kaggle/working/MDFS/data/TID2013/distorted_images/i08_04_3.bmp,5.625,8,4,3
i08_04_4.bmp,/kaggle/working/MDFS/data/TID2013/distorted_images/i08_04_4.bmp,5.4375,8,4,4
i08_04_5.bmp,/kaggle/working/MDFS/data/TID2013/distorted_images/i08_04_5.bmp,4.96774,8,4,5
i08_05_1.bmp,/kaggle/working/MDFS/data/TID2013/distorted_images/i08_05_1.bmp,5.33333,8,5,1
i08_05_2.bmp,/kaggle/working/MDFS/data/TID2013/distorted_images/i08_05_2.bmp,5.45161,8,5,2
i08_05_3.bmp,/kaggle/working/MDFS/data/TID2013/distorted_images/i08_05_3.bmp,4.71875,8,5,3
i08_05_4.bmp,/kaggle/working/MDFS/data/TID2013/distorted_images/i08_05_4.bmp,3.96774,8,5,4
i08_05_5.bmp,/kaggle/working/MDFS/data/TID2013/distorted_images/i08_05_5.bmp,3.125,8,5,5
i08_06_1.bmp,/kaggle/working/MDFS/data/TID2013/distorted_images/i08_06_1.bmp,4.3871,8,6,1
i08_06_2.bmp,/kaggle/working/MDFS/data/TID2013/distorted_images/i08_06_2.bmp,4.09375,8,6,2
i08_06_3.bmp,/kaggle/working/MDFS/data/TID2013/distorted_images/i08_06_3.bmp,3.93333,8,6,3
i08_06_4.bmp,/kaggle/working/MDFS/data/TID2013/distorted_images/i08_06_4.bmp,3.6129,8,6,4
i08_06_5.bmp,/kaggle/working/MDFS/data/TID2013/distorted_images/i08_06_5.bmp,3.06452,8,6,5
i08_07_1.bmp,/kaggle/working/MDFS/data/TID2013/distorted_images/i08_07_1.bmp,5.5,8,7,1
i08_07_2.bmp,/kaggle/working/MDFS/data/TID2013/distorted_images/i08_07_2.bmp,4.64516,8,7,2
i08_07_3.bmp,/kaggle/working/MDFS/data/TID2013/distorted_images/i08_07_3.bmp,4.16667,8,7,3
i08_07_4.bmp,/kaggle/working/MDFS/data/TID2013/distorted_images/i08_07_4.bmp,3.45161,8,7,4
i08_07_5.bmp,/kaggle/working/MDFS/data/TID2013/distorted_images/i08_07_5.bmp,2.3871,8,7,5
i08_08_1.bmp,/kaggle/working/MDFS/data/TID2013/distorted_images/i08_08_1.bmp,5.21875,8,8,1
i08_08_2.bmp,/kaggle/working/MDFS/data/TID2013/distorted_images/i08_08_2.bmp,4.59375,8,8,2
i08_08_3.bmp,/kaggle/working/MDFS/data/TID2013/distorted_images/i08_08_3.bmp,3.90323,8,8,3
i08_08_4.bmp,/kaggle/working/MDFS/data/TID2013/distorted_images/i08_08_4.bmp,2.87097,8,8,4
i08_08_5.bmp,/kaggle/working/MDFS/data/TID2013/distorted_images/i08_08_5.bmp,1.96774,8,8,5
i08_09_1.bmp,/kaggle/working/MDFS/data/TID2013/distorted_images/i08_09_1.bmp,5.70968,8,9,1
i08_09_2.bmp,/kaggle/working/MDFS/data/TID2013/distorted_images/i08_09_2.bmp,5.875,8,9,2
i08_09_3.bmp,/kaggle/working/MDFS/data/TID2013/distorted_images/i08_09_3.bmp,5.03125,8,9,3
i08_09_4.bmp,/kaggle/working/MDFS/data/TID2013/distorted_images/i08_09_4.bmp,3.5,8,9,4
i08_09_5.bmp,/kaggle/working/MDFS/data/TID2013/distorted_images/i08_09_5.bmp,1.75,8,9,5
i08_10_1.bmp,/kaggle/working/MDFS/data/TID2013/distorted_images/i08_10_1.bmp,5.96774,8,10,1
i08_10_2.bmp,/kaggle/working/MDFS/data/TID2013/distorted_images/i08_10_2.bmp,5.59375,8,10,2
i08_10_3.bmp,/kaggle/working/MDFS/data/TID2013/distorted_images/i08_10_3.bmp,4.6875,8,10,3
i08_10_4.bmp,/kaggle/working/MDFS/data/TID2013/distorted_images/i08_10_4.bmp,3.21875,8,10,4
i08_10_5.bmp,/kaggle/working/MDFS/data/TID2013/distorted_images/i08_10_5.bmp,1.34375,8,10,5
I08_11_1.BMP,/kaggle/working/MDFS/data/TID2013/distorted_images/I08_11_1.BMP,6.0,8,11,1
i08_11_2.bmp,/kaggle/working/MDFS/data/TID2013/distorted_images/i08_11_2.bmp,5.25,8,11,2
i08_11_3.bmp,/kaggle/working/MDFS/data/TID2013/distorted_images/i08_11_3.bmp,4.56667,8,11,3
i08_11_4.bmp,/kaggle/working/MDFS/data/TID2013/distorted_images/i08_11_4.bmp,4.19355,8,11,4
i08_11_5.bmp,/kaggle/working/MDFS/data/TID2013/distorted_images/i08_11_5.bmp,2.26667,8,11,5
i08_12_1.bmp,/kaggle/working/MDFS/data/TID2013/distorted_images/i08_12_1.bmp,6.19355,8,12,1
i08_12_2.bmp,/kaggle/working/MDFS/data/TID2013/distorted_images/i08_12_2.bmp,5.74194,8,12,2
i08_12_3.bmp,/kaggle/working/MDFS/data/TID2013/distorted_images/i08_12_3.bmp,5.5,8,12,3
i08_12_4.bmp,/kaggle/working/MDFS/data/TID2013/distorted_images/i08_12_4.bmp,4.8125,8,12,4
i08_12_5.bmp,/kaggle/working/MDFS/data/TID2013/distorted_images/i08_12_5.bmp,4.25,8,12,5
I08_13_1.BMP,/kaggle/working/MDFS/data/TID2013/distorted_images/I08_13_1.BMP,5.78125,8,13,1
i08_13_2.bmp,/kaggle/working/MDFS/data/TID2013/distorted_images/i08_13_2.bmp,3.26667,8,13,2
i08_13_3.bmp,/kaggle/working/MDFS/data/TID2013/distorted_images/i08_13_3.bmp,4.3871,8,13,3
i08_13_4.bmp,/kaggle/working/MDFS/data/TID2013/distorted_images/i08_13_4.bmp,2.73333,8,13,4
i08_13_5.bmp,/kaggle/working/MDFS/data/TID2013/distorted_images/i08_13_5.bmp,2.125,8,13,5
i08_14_1.bmp,/kaggle/working/MDFS/data/TID2013/distorted_images/i08_14_1.bmp,5.65625,8,14,1
i08_14_2.bmp,/kaggle/working/MDFS/data/TID2013/distorted_images/i08_14_2.bmp,5.4375,8,14,2
i08_14_3.bmp,/kaggle/working/MDFS/data/TID2013/distorted_images/i08_14_3.bmp,4.87097,8,14,3
i08_14_4.bmp,/kaggle/working/MDFS/data/TID2013/distorted_images/i08_14_4.bmp,4.75,8,14,4
i08_14_5.bmp,/kaggle/working/MDFS/data/TID2013/distorted_images/i08_14_5.bmp,4.0,8,14,5
i08_15_1.bmp,/kaggle/working/MDFS/data/TID2013/distorted_images/i08_15_1.bmp,3.77419,8,15,1
i08_15_2.bmp,/kaggle/working/MDFS/data/TID2013/distorted_images/i08_15_2.bmp,2.93548,8,15,2
i08_15_3.bmp,/kaggle/working/MDFS/data/TID2013/distorted_images/i08_15_3.bmp,3.28125,8,15,3
i08_15_4.bmp,/kaggle/working/MDFS/data/TID2013/distorted_images/i08_15_4.bmp,3.6875,8,15,4
i08_15_5.bmp,/kaggle/working/MDFS/data/TID2013/distorted_images/i08_15_5.bmp,3.51613,8,15,5
i08_16_1.bmp,/kaggle/working/MDFS/data/TID2013/distorted_images/i08_16_1.bmp,6.0625,8,16,1
i08_16_2.bmp,/kaggle/working/MDFS/data/TID2013/distorted_images/i08_16_2.bmp,5.75,8,16,2
i08_16_3.bmp,/kaggle/working/MDFS/data/TID2013/distorted_images/i08_16_3.bmp,5.87097,8,16,3
i08_16_4.bmp,/kaggle/working/MDFS/data/TID2013/distorted_images/i08_16_4.bmp,4.90323,8,16,4
i08_16_5.bmp,/kaggle/working/MDFS/data/TID2013/distorted_images/i08_16_5.bmp,4.56667,8,16,5
i08_17_1.bmp,/kaggle/working/MDFS/data/TID2013/distorted_images/i08_17_1.bmp,5.40625,8,17,1
i08_17_2.bmp,/kaggle/working/MDFS/data/TID2013/distorted_images/i08_17_2.bmp,5.58065,8,17,2
i08_17_3.bmp,/kaggle/working/MDFS/data/TID2013/distorted_images/i08_17_3.bmp,4.1875,8,17,3
i08_17_4.bmp,/kaggle/working/MDFS/data/TID2013/distorted_images/i08_17_4.bmp,5.06452,8,17,4
i08_17_5.bmp,/kaggle/working/MDFS/data/TID2013/distorted_images/i08_17_5.bmp,3.25806,8,17,5
i08_18_1.bmp,/kaggle/working/MDFS/data/TID2013/distorted_images/i08_18_1.bmp,4.25,8,18,1
i08_18_2.bmp,/kaggle/working/MDFS/data/TID2013/distorted_images/i08_18_2.bmp,3.74194,8,18,2
i08_18_3.bmp,/kaggle/working/MDFS/data/TID2013/distorted_images/i08_18_3.bmp,2.9375,8,18,3
i08_18_4.bmp,/kaggle/working/MDFS/data/TID2013/distorted_images/i08_18_4.bmp,2.84375,8,18,4
i08_18_5.bmp,/kaggle/working/MDFS/data/TID2013/distorted_images/i08_18_5.bmp,2.87097,8,18,5
i08_19_1.bmp,/kaggle/working/MDFS/data/TID2013/distorted_images/i08_19_1.bmp,5.3871,8,19,1
i08_19_2.bmp,/kaggle/working/MDFS/data/TID2013/distorted_images/i08_19_2.bmp,4.93548,8,19,2
i08_19_3.bmp,/kaggle/working/MDFS/data/TID2013/distorted_images/i08_19_3.bmp,4.6875,8,19,3
i08_19_4.bmp,/kaggle/working/MDFS/data/TID2013/distorted_images/i08_19_4.bmp,4.03226,8,19,4
i08_19_5.bmp,/kaggle/working/MDFS/data/TID2013/distorted_images/i08_19_5.bmp,3.59375,8,19,5
i08_20_1.bmp,/kaggle/working/MDFS/data/TID2013/distorted_images/i08_20_1.bmp,5.87097,8,20,1
i08_20_2.bmp,/kaggle/working/MDFS/data/TID2013/distorted_images/i08_20_2.bmp,5.96774,8,20,2
i08_20_3.bmp,/kaggle/working/MDFS/data/TID2013/distorted_images/i08_20_3.bmp,5.26667,8,20,3
i08_20_4.bmp,/kaggle/working/MDFS/data/TID2013/distorted_images/i08_20_4.bmp,4.625,8,20,4
i08_20_5.bmp,/kaggle/working/MDFS/data/TID2013/distorted_images/i08_20_5.bmp,3.8125,8,20,5
i08_21_1.bmp,/kaggle/working/MDFS/data/TID2013/distorted_images/i08_21_1.bmp,5.6875,8,21,1
i08_21_2.bmp,/kaggle/working/MDFS/data/TID2013/distorted_images/i08_21_2.bmp,4.93548,8,21,2
i08_21_3.bmp,/kaggle/working/MDFS/data/TID2013/distorted_images/i08_21_3.bmp,4.29032,8,21,3
i08_21_4.bmp,/kaggle/working/MDFS/data/TID2013/distorted_images/i08_21_4.bmp,3.80645,8,21,4
i08_21_5.bmp,/kaggle/working/MDFS/data/TID2013/distorted_images/i08_21_5.bmp,2.67742,8,21,5
i08_22_1.bmp,/kaggle/working/MDFS/data/TID2013/distorted_images/i08_22_1.bmp,5.6129,8,22,1
i08_22_2.bmp,/kaggle/working/MDFS/data/TID2013/distorted_images/i08_22_2.bmp,5.45161,8,22,2
i08_22_3.bmp,/kaggle/working/MDFS/data/TID2013/distorted_images/i08_22_3.bmp,4.16129,8,22,3
i08_22_4.bmp,/kaggle/working/MDFS/data/TID2013/distorted_images/i08_22_4.bmp,3.0625,8,22,4
i08_22_5.bmp,/kaggle/working/MDFS/data/TID2013/distorted_images/i08_22_5.bmp,2.375,8,22,5
i08_23_1.bmp,/kaggle/working/MDFS/data/TID2013/distorted_images/i08_23_1.bmp,6.03226,8,23,1
i08_23_2.bmp,/kaggle/working/MDFS/data/TID2013/distorted_images/i08_23_2.bmp,6.16129,8,23,2
i08_23_3.bmp,/kaggle/working/MDFS/data/TID2013/distorted_images/i08_23_3.bmp,5.67742,8,23,3
i08_23_4.bmp,/kaggle/working/MDFS/data/TID2013/distorted_images/i08_23_4.bmp,5.5,8,23,4
i08_23_5.bmp,/kaggle/working/MDFS/data/TID2013/distorted_images/i08_23_5.bmp,5.4375,8,23,5
i08_24_1.bmp,/kaggle/working/MDFS/data/TID2013/distorted_images/i08_24_1.bmp,5.93548,8,24,1
i08_24_2.bmp,/kaggle/working/MDFS/data/TID2013/distorted_images/i08_24_2.bmp,5.78125,8,24,2
i08_24_3.bmp,/kaggle/working/MDFS/data/TID2013/distorted_images/i08_24_3.bmp,5.29032,8,24,3
i08_24_4.bmp,/kaggle/working/MDFS/data/TID2013/distorted_images/i08_24_4.bmp,3.96774,8,24,4
i08_24_5.bmp,/kaggle/working/MDFS/data/TID2013/distorted_images/i08_24_5.bmp,2.625,8,24,5
I09_01_1.bmp,/kaggle/working/MDFS/data/TID2013/distorted_images/I09_01_1.bmp,5.36364,9,1,1
i09_01_2.bmp,/kaggle/working/MDFS/data/TID2013/distorted_images/i09_01_2.bmp,5.0,9,1,2
i09_01_3.bmp,/kaggle/working/MDFS/data/TID2013/distorted_images/i09_01_3.bmp,4.54545,9,1,3
i09_01_4.bmp,/kaggle/working/MDFS/data/TID2013/distorted_images/i09_01_4.bmp,4.03226,9,1,4
i09_01_5.bmp,/kaggle/working/MDFS/data/TID2013/distorted_images/i09_01_5.bmp,3.63636,9,1,5
i09_02_1.bmp,/kaggle/working/MDFS/data/TID2013/distorted_images/i09_02_1.bmp,5.87879,9,2,1
i09_02_2.bmp,/kaggle/working/MDFS/data/TID2013/distorted_images/i09_02_2.bmp,6.0303,9,2,2
i09_02_3.bmp,/kaggle/working/MDFS/data/TID2013/distorted_images/i09_02_3.bmp,5.5625,9,2,3
i09_02_4.bmp,/kaggle/working/MDFS/data/TID2013/distorted_images/i09_02_4.bmp,4.875,9,2,4
i09_02_5.bmp,/kaggle/working/MDFS/data/TID2013/distorted_images/i09_02_5.bmp,4.54545,9,2,5
i09_03_1.bmp,/kaggle/working/MDFS/data/TID2013/distorted_images/i09_03_1.bmp,4.60606,9,3,1
i09_03_2.bmp,/kaggle/working/MDFS/data/TID2013/distorted_images/i09_03_2.bmp,4.09375,9,3,2
i09_03_3.bmp,/kaggle/working/MDFS/data/TID2013/distorted_images/i09_03_3.bmp,3.69697,9,3,3
i09_03_4.bmp,/kaggle/working/MDFS/data/TID2013/distorted_images/i09_03_4.bmp,3.25,9,3,4
i09_03_5.bmp,/kaggle/working/MDFS/data/TID2013/distorted_images/i09_03_5.bmp,2.87879,9,3,5
i09_04_1.bmp,/kaggle/working/MDFS/data/TID2013/distorted_images/i09_04_1.bmp,5.74194,9,4,1
i09_04_2.bmp,/kaggle/working/MDFS/data/TID2013/distorted_images/i09_04_2.bmp,5.59375,9,4,2
i09_04_3.bmp,/kaggle/working/MDFS/data/TID2013/distorted_images/i09_04_3.bmp,5.3871,9,4,3
i09_04_4.bmp,/kaggle/working/MDFS/data/TID2013/distorted_images/i09_04_4.bmp,4.67742,9,4,4
i09_04_5.bmp,/kaggle/working/MDFS/data/TID2013/distorted_images/i09_04_5.bmp,4.27273,9,4,5
i09_05_1.bmp,/kaggle/working/MDFS/data/TID2013/distorted_images/i09_05_1.bmp,5.93548,9,5,1
i09_05_2.bmp,/kaggle/working/MDFS/data/TID2013/distorted_images/i09_05_2.bmp,5.5,9,5,2
i09_05_3.bmp,/kaggle/working/MDFS/data/TID2013/distorted_images/i09_05_3.bmp,4.96875,9,5,3
i09_05_4.bmp,/kaggle/working/MDFS/data/TID2013/distorted_images/i09_05_4.bmp,4.09091,9,5,4
i09_05_5.bmp,/kaggle/working/MDFS/data/TID2013/distorted_images/i09_05_5.bmp,3.59375,9,5,5
i09_06_1.bmp,/kaggle/working/MDFS/data/TID2013/distorted_images/i09_06_1.bmp,5.21875,9,6,1
i09_06_2.bmp,/kaggle/working/MDFS/data/TID2013/distorted_images/i09_06_2.bmp,4.3125,9,6,2
i09_06_3.bmp,/kaggle/working/MDFS/data/TID2013/distorted_images/i09_06_3.bmp,4.16129,9,6,3
i09_06_4.bmp,/kaggle/working/MDFS/data/TID2013/distorted_images/i09_06_4.bmp,3.8125,9,6,4
i09_06_5.bmp,/kaggle/working/MDFS/data/TID2013/distorted_images/i09_06_5.bmp,3.34375,9,6,5
i09_07_1.bmp,/kaggle/working/MDFS/data/TID2013/distorted_images/i09_07_1.bmp,4.87879,9,7,1
i09_07_2.bmp,/kaggle/working/MDFS/data/TID2013/distorted_images/i09_07_2.bmp,4.75,9,7,2
i09_07_3.bmp,/kaggle/working/MDFS/data/TID2013/distorted_images/i09_07_3.bmp,4.12903,9,7,3
i09_07_4.bmp,/kaggle/working/MDFS/data/TID2013/distorted_images/i09_07_4.bmp,3.66667,9,7,4
i09_07_5.bmp,/kaggle/working/MDFS/data/TID2013/distorted_images/i09_07_5.bmp,2.70968,9,7,5
i09_08_1.bmp,/kaggle/working/MDFS/data/TID2013/distorted_images/i09_08_1.bmp,5.875,9,8,1
i09_08_2.bmp,/kaggle/working/MDFS/data/TID2013/distorted_images/i09_08_2.bmp,5.24242,9,8,2
i09_08_3.bmp,/kaggle/working/MDFS/data/TID2013/distorted_images/i09_08_3.bmp,4.34375,9,8,3
i09_08_4.bmp,/kaggle/working/MDFS/data/TID2013/distorted_images/i09_08_4.bmp,3.48485,9,8,4
i09_08_5.bmp,/kaggle/working/MDFS/data/TID2013/distorted_images/i09_08_5.bmp,2.375,9,8,5
i09_09_1.bmp,/kaggle/working/MDFS/data/TID2013/distorted_images/i09_09_1.bmp,6.54545,9,9,1
i09_09_2.bmp,/kaggle/working/MDFS/data/TID2013/distorted_images/i09_09_2.bmp,6.09091,9,9,2
i09_09_3.bmp,/kaggle/working/MDFS/data/TID2013/distorted_images/i09_09_3.bmp,5.15152,9,9,3
i09_09_4.bmp,/kaggle/working/MDFS/data/TID2013/distorted_images/i09_09_4.bmp,3.90625,9,9,4
i09_09_5.bmp,/kaggle/working/MDFS/data/TID2013/distorted_images/i09_09_5.bmp,2.51515,9,9,5
i09_10_1.bmp,/kaggle/working/MDFS/data/TID2013/distorted_images/i09_10_1.bmp,6.0,9,10,1
i09_10_2.bmp,/kaggle/working/MDFS/data/TID2013/distorted_images/i09_10_2.bmp,5.65625,9,10,2
i09_10_3.bmp,/kaggle/working/MDFS/data/TID2013/distorted_images/i09_10_3.bmp,4.90625,9,10,3
i09_10_4.bmp,/kaggle/working/MDFS/data/TID2013/distorted_images/i09_10_4.bmp,3.19355,9,10,4
i09_10_5.bmp,/kaggle/working/MDFS/data/TID2013/distorted_images/i09_10_5.bmp,2.34375,9,10,5
I09_11_1.BMP,/kaggle/working/MDFS/data/TID2013/distorted_images/I09_11_1.BMP,5.90625,9,11,1
i09_11_2.bmp,/kaggle/working/MDFS/data/TID2013/distorted_images/i09_11_2.bmp,5.15625,9,11,2
i09_11_3.bmp,/kaggle/working/MDFS/data/TID2013/distorted_images/i09_11_3.bmp,3.96875,9,11,3
i09_11_4.bmp,/kaggle/working/MDFS/data/TID2013/distorted_images/i09_11_4.bmp,2.40625,9,11,4
i09_11_5.bmp,/kaggle/working/MDFS/data/TID2013/distorted_images/i09_11_5.bmp,0.87879,9,11,5
i09_12_1.bmp,/kaggle/working/MDFS/data/TID2013/distorted_images/i09_12_1.bmp,6.06061,9,12,1
i09_12_2.bmp,/kaggle/working/MDFS/data/TID2013/distorted_images/i09_12_2.bmp,5.90625,9,12,2
i09_12_3.bmp,/kaggle/working/MDFS/data/TID2013/distorted_images/i09_12_3.bmp,4.90625,9,12,3
i09_12_4.bmp,/kaggle/working/MDFS/data/TID2013/distorted_images/i09_12_4.bmp,2.96875,9,12,4
i09_12_5.bmp,/kaggle/working/MDFS/data/TID2013/distorted_images/i09_12_5.bmp,2.84375,9,12,5
I09_13_1.BMP,/kaggle/working/MDFS/data/TID2013/distorted_images/I09_13_1.BMP,4.51515,9,13,1
i09_13_2.bmp,/kaggle/working/MDFS/data/TID2013/distorted_images/i09_13_2.bmp,3.77419,9,13,2
i09_13_3.bmp,/kaggle/working/MDFS/data/TID2013/distorted_images/i09_13_3.bmp,3.33333,9,13,3
i09_13_4.bmp,/kaggle/working/MDFS/data/TID2013/distorted_images/i09_13_4.bmp,2.81818,9,13,4
i09_13_5.bmp,/kaggle/working/MDFS/data/TID2013/distorted_images/i09_13_5.bmp,2.87879,9,13,5
i09_14_1.bmp,/kaggle/working/MDFS/data/TID2013/distorted_images/i09_14_1.bmp,5.84375,9,14,1
i09_14_2.bmp,/kaggle/working/MDFS/data/TID2013/distorted_images/i09_14_2.bmp,5.48485,9,14,2
i09_14_3.bmp,/kaggle/working/MDFS/data/TID2013/distorted_images/i09_14_3.bmp,6.28125,9,14,3
i09_14_4.bmp,/kaggle/working/MDFS/data/TID2013/distorted_images/i09_14_4.bmp,4.4375,9,14,4
i09_14_5.bmp,/kaggle/working/MDFS/data/TID2013/distorted_images/i09_14_5.bmp,3.3125,9,14,5
i09_15_1.bmp,/kaggle/working/MDFS/data/TID2013/distorted_images/i09_15_1.bmp,2.90909,9,15,1
i09_15_2.bmp,/kaggle/working/MDFS/data/TID2013/distorted_images/i09_15_2.bmp,3.06061,9,15,2
i09_15_3.bmp,/kaggle/working/MDFS/data/TID2013/distorted_images/i09_15_3.bmp,3.25,9,15,3
i09_15_4.bmp,/kaggle/working/MDFS/data/TID2013/distorted_images/i09_15_4.bmp,3.59375,9,15,4
i09_15_5.bmp,/kaggle/working/MDFS/data/TID2013/distorted_images/i09_15_5.bmp,5.84848,9,15,5
i09_16_1.bmp,/kaggle/working/MDFS/data/TID2013/distorted_images/i09_16_1.bmp,6.06061,9,16,1
i09_16_2.bmp,/kaggle/working/MDFS/data/TID2013/distorted_images/i09_16_2.bmp,6.30303,9,16,2
i09_16_3.bmp,/kaggle/working/MDFS/data/TID2013/distorted_images/i09_16_3.bmp,5.75,9,16,3
i09_16_4.bmp,/kaggle/working/MDFS/data/TID2013/distorted_images/i09_16_4.bmp,5.90323,9,16,4
i09_16_5.bmp,/kaggle/working/MDFS/data/TID2013/distorted_images/i09_16_5.bmp,4.66667,9,16,5
i09_17_1.bmp,/kaggle/working/MDFS/data/TID2013/distorted_images/i09_17_1.bmp,5.8125,9,17,1
i09_17_2.bmp,/kaggle/working/MDFS/data/TID2013/distorted_images/i09_17_2.bmp,6.78788,9,17,2
i09_17_3.bmp,/kaggle/working/MDFS/data/TID2013/distorted_images/i09_17_3.bmp,4.78125,9,17,3
i09_17_4.bmp,/kaggle/working/MDFS/data/TID2013/distorted_images/i09_17_4.bmp,6.36364,9,17,4
i09_17_5.bmp,/kaggle/working/MDFS/data/TID2013/distorted_images/i09_17_5.bmp,3.60606,9,17,5
i09_18_1.bmp,/kaggle/working/MDFS/data/TID2013/distorted_images/i09_18_1.bmp,4.81818,9,18,1
i09_18_2.bmp,/kaggle/working/MDFS/data/TID2013/distorted_images/i09_18_2.bmp,4.30303,9,18,2
i09_18_3.bmp,/kaggle/working/MDFS/data/TID2013/distorted_images/i09_18_3.bmp,4.06452,9,18,3
i09_18_4.bmp,/kaggle/working/MDFS/data/TID2013/distorted_images/i09_18_4.bmp,3.3125,9,18,4
i09_18_5.bmp,/kaggle/working/MDFS/data/TID2013/distorted_images/i09_18_5.bmp,3.15625,9,18,5
i09_19_1.bmp,/kaggle/working/MDFS/data/TID2013/distorted_images/i09_19_1.bmp,5.5,9,19,1
i09_19_2.bmp,/kaggle/working/MDFS/data/TID2013/distorted_images/i09_19_2.bmp,4.67742,9,19,2
i09_19_3.bmp,/kaggle/working/MDFS/data/TID2013/distorted_images/i09_19_3.bmp,4.51613,9,19,3
i09_19_4.bmp,/kaggle/working/MDFS/data/TID2013/distorted_images/i09_19_4.bmp,4.0625,9,19,4
i09_19_5.bmp,/kaggle/working/MDFS/data/TID2013/distorted_images/i09_19_5.bmp,3.48485,9,19,5
i09_20_1.bmp,/kaggle/working/MDFS/data/TID2013/distorted_images/i09_20_1.bmp,5.8125,9,20,1
i09_20_2.bmp,/kaggle/working/MDFS/data/TID2013/distorted_images/i09_20_2.bmp,5.66667,9,20,2
i09_20_3.bmp,/kaggle/working/MDFS/data/TID2013/distorted_images/i09_20_3.bmp,4.5,9,20,3
i09_20_4.bmp,/kaggle/working/MDFS/data/TID2013/distorted_images/i09_20_4.bmp,3.90909,9,20,4
i09_20_5.bmp,/kaggle/working/MDFS/data/TID2013/distorted_images/i09_20_5.bmp,2.90909,9,20,5
i09_21_1.bmp,/kaggle/working/MDFS/data/TID2013/distorted_images/i09_21_1.bmp,5.27273,9,21,1
i09_21_2.bmp,/kaggle/working/MDFS/data/TID2013/distorted_images/i09_21_2.bmp,4.8125,9,21,2
i09_21_3.bmp,/kaggle/working/MDFS/data/TID2013/distorted_images/i09_21_3.bmp,4.25,9,21,3
i09_21_4.bmp,/kaggle/working/MDFS/data/TID2013/distorted_images/i09_21_4.bmp,3.5,9,21,4
i09_21_5.bmp,/kaggle/working/MDFS/data/TID2013/distorted_images/i09_21_5.bmp,2.16129,9,21,5
i09_22_1.bmp,/kaggle/working/MDFS/data/TID2013/distorted_images/i09_22_1.bmp,5.71875,9,22,1
i09_22_2.bmp,/kaggle/working/MDFS/data/TID2013/distorted_images/i09_22_2.bmp,5.78788,9,22,2
i09_22_3.bmp,/kaggle/working/MDFS/data/TID2013/distorted_images/i09_22_3.bmp,5.5,9,22,3
i09_22_4.bmp,/kaggle/working/MDFS/data/TID2013/distorted_images/i09_22_4.bmp,4.09375,9,22,4
i09_22_5.bmp,/kaggle/working/MDFS/data/TID2013/distorted_images/i09_22_5.bmp,2.71875,9,22,5
i09_23_1.bmp,/kaggle/working/MDFS/data/TID2013/distorted_images/i09_23_1.bmp,6.25,9,23,1
i09_23_2.bmp,/kaggle/working/MDFS/data/TID2013/distorted_images/i09_23_2.bmp,6.28125,9,23,2
i09_23_3.bmp,/kaggle/working/MDFS/data/TID2013/distorted_images/i09_23_3.bmp,6.0303,9,23,3
i09_23_4.bmp,/kaggle/working/MDFS/data/TID2013/distorted_images/i09_23_4.bmp,4.8125,9,23,4
i09_23_5.bmp,/kaggle/working/MDFS/data/TID2013/distorted_images/i09_23_5.bmp,2.875,9,23,5
i09_24_1.bmp,/kaggle/working/MDFS/data/TID2013/distorted_images/i09_24_1.bmp,5.75,9,24,1
i09_24_2.bmp,/kaggle/working/MDFS/data/TID2013/distorted_images/i09_24_2.bmp,5.09375,9,24,2
i09_24_3.bmp,/kaggle/working/MDFS/data/TID2013/distorted_images/i09_24_3.bmp,3.75,9,24,3
i09_24_4.bmp,/kaggle/working/MDFS/data/TID2013/distorted_images/i09_24_4.bmp,2.0303,9,24,4
i09_24_5.bmp,/kaggle/working/MDFS/data/TID2013/distorted_images/i09_24_5.bmp,0.24242,9,24,5
I10_01_1.bmp,/kaggle/working/MDFS/data/TID2013/distorted_images/I10_01_1.bmp,5.71795,10,1,1
i10_01_2.bmp,/kaggle/working/MDFS/data/TID2013/distorted_images/i10_01_2.bmp,5.43243,10,1,2
i10_01_3.bmp,/kaggle/working/MDFS/data/TID2013/distorted_images/i10_01_3.bmp,4.74359,10,1,3
i10_01_4.bmp,/kaggle/working/MDFS/data/TID2013/distorted_images/i10_01_4.bmp,4.53846,10,1,4
i10_01_5.bmp,/kaggle/working/MDFS/data/TID2013/distorted_images/i10_01_5.bmp,3.81579,10,1,5
i10_02_1.bmp,/kaggle/working/MDFS/data/TID2013/distorted_images/i10_02_1.bmp,6.05405,10,2,1
i10_02_2.bmp,/kaggle/working/MDFS/data/TID2013/distorted_images/i10_02_2.bmp,5.83784,10,2,2
i10_02_3.bmp,/kaggle/working/MDFS/data/TID2013/distorted_images/i10_02_3.bmp,5.76923,10,2,3
i10_02_4.bmp,/kaggle/working/MDFS/data/TID2013/distorted_images/i10_02_4.bmp,5.52632,10,2,4
i10_02_5.bmp,/kaggle/working/MDFS/data/TID2013/distorted_images/i10_02_5.bmp,4.72973,10,2,5
i10_03_1.bmp,/kaggle/working/MDFS/data/TID2013/distorted_images/i10_03_1.bmp,5.05405,10,3,1
i10_03_2.bmp,/kaggle/working/MDFS/data/TID2013/distorted_images/i10_03_2.bmp,4.36111,10,3,2
i10_03_3.bmp,/kaggle/working/MDFS/data/TID2013/distorted_images/i10_03_3.bmp,4.02564,10,3,3
i10_03_4.bmp,/kaggle/working/MDFS/data/TID2013/distorted_images/i10_03_4.bmp,3.30769,10,3,4
i10_03_5.bmp,/kaggle/working/MDFS/data/TID2013/distorted_images/i10_03_5.bmp,2.92308,10,3,5
i10_04_1.bmp,/kaggle/working/MDFS/data/TID2013/distorted_images/i10_04_1.bmp,6.07692,10,4,1
i10_04_2.bmp,/kaggle/working/MDFS/data/TID2013/distorted_images/i10_04_2.bmp,5.11111,10,4,2
i10_04_3.bmp,/kaggle/working/MDFS/data/TID2013/distorted_images/i10_04_3.bmp,5.15789,10,4,3
i10_04_4.bmp,/kaggle/working/MDFS/data/TID2013/distorted_images/i10_04_4.bmp,4.76923,10,4,4
i10_04_5.bmp,/kaggle/working/MDFS/data/TID2013/distorted_images/i10_04_5.bmp,4.23077,10,4,5
i10_05_1.bmp,/kaggle/working/MDFS/data/TID2013/distorted_images/i10_05_1.bmp,6.05128,10,5,1
i10_05_2.bmp,/kaggle/working/MDFS/data/TID2013/distorted_images/i10_05_2.bmp,5.79487,10,5,2
i10_05_3.bmp,/kaggle/working/MDFS/data/TID2013/distorted_images/i10_05_3.bmp,5.17949,10,5,3
i10_05_4.bmp,/kaggle/working/MDFS/data/TID2013/distorted_images/i10_05_4.bmp,4.39474,10,5,4
i10_05_5.bmp,/kaggle/working/MDFS/data/TID2013/distorted_images/i10_05_5.bmp,3.34211,10,5,5
i10_06_1.bmp,/kaggle/working/MDFS/data/TID2013/distorted_images/i10_06_1.bmp,5.15789,10,6,1
i10_06_2.bmp,/kaggle/working/MDFS/data/TID2013/distorted_images/i10_06_2.bmp,4.64865,10,6,2
i10_06_3.bmp,/kaggle/working/MDFS/data/TID2013/distorted_images/i10_06_3.bmp,4.57895,10,6,3
i10_06_4.bmp,/kaggle/working/MDFS/data/TID2013/distorted_images/i10_06_4.bmp,3.84211,10,6,4
i10_06_5.bmp,/kaggle/working/MDFS/data/TID2013/distorted_images/i10_06_5.bmp,3.40541,10,6,5
i10_07_1.bmp,/kaggle/working/MDFS/data/TID2013/distorted_images/i10_07_1.bmp,5.54054,10,7,1
i10_07_2.bmp,/kaggle/working/MDFS/data/TID2013/distorted_images/i10_07_2.bmp,5.02564,10,7,2
i10_07_3.bmp,/kaggle/working/MDFS/data/TID2013/distorted_images/i10_07_3.bmp,4.46154,10,7,3
i10_07_4.bmp,/kaggle/working/MDFS/data/TID2013/distorted_images/i10_07_4.bmp,4.0,10,7,4
i10_07_5.bmp,/kaggle/working/MDFS/data/TID2013/distorted_images/i10_07_5.bmp,3.05263,10,7,5
i10_08_1.bmp,/kaggle/working/MDFS/data/TID2013/distorted_images/i10_08_1.bmp,5.97368,10,8,1
i10_08_2.bmp,/kaggle/working/MDFS/data/TID2013/distorted_images/i10_08_2.bmp,5.30769,10,8,2
i10_08_3.bmp,/kaggle/working/MDFS/data/TID2013/distorted_images/i10_08_3.bmp,4.35135,10,8,3
i10_08_4.bmp,/kaggle/working/MDFS/data/TID2013/distorted_images/i10_08_4.bmp,3.5,10,8,4
i10_08_5.bmp,/kaggle/working/MDFS/data/TID2013/distorted_images/i10_08_5.bmp,2.78947,10,8,5
i10_09_1.bmp,/kaggle/working/MDFS/data/TID2013/distorted_images/i10_09_1.bmp,5.97436,10,9,1
i10_09_2.bmp,/kaggle/working/MDFS/data/TID2013/distorted_images/i10_09_2.bmp,5.69231,10,9,2
i10_09_3.bmp,/kaggle/working/MDFS/data/TID2013/distorted_images/i10_09_3.bmp,5.17949,10,9,3
i10_09_4.bmp,/kaggle/working/MDFS/data/TID2013/distorted_images/i10_09_4.bmp,3.81579,10,9,4
i10_09_5.bmp,/kaggle/working/MDFS/data/TID2013/distorted_images/i10_09_5.bmp,2.28205,10,9,5
i10_10_1.bmp,/kaggle/working/MDFS/data/TID2013/distorted_images/i10_10_1.bmp,5.86842,10,10,1
i10_10_2.bmp,/kaggle/working/MDFS/data/TID2013/distorted_images/i10_10_2.bmp,5.81579,10,10,2
i10_10_3.bmp,/kaggle/working/MDFS/data/TID2013/distorted_images/i10_10_3.bmp,5.20513,10,10,3
i10_10_4.bmp,/kaggle/working/MDFS/data/TID2013/distorted_images/i10_10_4.bmp,3.64103,10,10,4
i10_10_5.bmp,/kaggle/working/MDFS/data/TID2013/distorted_images/i10_10_5.bmp,2.4359,10,10,5
I10_11_1.BMP,/kaggle/working/MDFS/data/TID2013/distorted_images/I10_11_1.BMP,5.15385,10,11,1
i10_11_2.bmp,/kaggle/working/MDFS/data/TID2013/distorted_images/i10_11_2.bmp,4.46154,10,11,2
i10_11_3.bmp,/kaggle/working/MDFS/data/TID2013/distorted_images/i10_11_3.bmp,3.61538,10,11,3
i10_11_4.bmp,/kaggle/working/MDFS/data/TID2013/distorted_images/i10_11_4.bmp,2.18421,10,11,4
i10_11_5.bmp,/kaggle/working/MDFS/data/TID2013/distorted_images/i10_11_5.bmp,1.23684,10,11,5
i10_12_1.bmp,/kaggle/working/MDFS/data/TID2013/distorted_images/i10_12_1.bmp,4.76923,10,12,1
i10_12_2.bmp,/kaggle/working/MDFS/data/TID2013/distorted_images/i10_12_2.bmp,5.84211,10,12,2
i10_12_3.bmp,/kaggle/working/MDFS/data/TID2013/distorted_images/i10_12_3.bmp,4.92308,10,12,3
i10_12_4.bmp,/kaggle/working/MDFS/data/TID2013/distorted_images/i10_12_4.bmp,4.05263,10,12,4
i10_12_5.bmp,/kaggle/working/MDFS/data/TID2013/distorted_images/i10_12_5.bmp,2.68421,10,12,5
I10_13_1.BMP,/kaggle/working/MDFS/data/TID2013/distorted_images/I10_13_1.BMP,5.78947,10,13,1
i10_13_2.bmp,/kaggle/working/MDFS/data/TID2013/distorted_images/i10_13_2.bmp,3.92105,10,13,2
i10_13_3.bmp,/kaggle/working/MDFS/data/TID2013/distorted_images/i10_13_3.bmp,3.42105,10,13,3
i10_13_4.bmp,/kaggle/working/MDFS/data/TID2013/distorted_images/i10_13_4.bmp,2.68421,10,13,4
i10_13_5.bmp,/kaggle/working/MDFS/data/TID2013/distorted_images/i10_13_5.bmp,2.89744,10,13,5
i10_14_1.bmp,/kaggle/working/MDFS/data/TID2013/distorted_images/i10_14_1.bmp,5.82051,10,14,1
i10_14_2.bmp,/kaggle/working/MDFS/data/TID2013/distorted_images/i10_14_2.bmp,6.15385,10,14,2
i10_14_3.bmp,/kaggle/working/MDFS/data/TID2013/distorted_images/i10_14_3.bmp,5.55263,10,14,3
i10_14_4.bmp,/kaggle/working/MDFS/data/TID2013/distorted_images/i10_14_4.bmp,4.27027,10,14,4
i10_14_5.bmp,/kaggle/working/MDFS/data/TID2013/distorted_images/i10_14_5.bmp,3.84211,10,14,5
i10_15_1.bmp,/kaggle/working/MDFS/data/TID2013/distorted_images/i10_15_1.bmp,3.07895,10,15,1
i10_15_2.bmp,/kaggle/working/MDFS/data/TID2013/distorted_images/i10_15_2.bmp,3.23077,10,15,2
i10_15_3.bmp,/kaggle/working/MDFS/data/TID2013/distorted_images/i10_15_3.bmp,3.61538,10,15,3
i10_15_4.bmp,/kaggle/working/MDFS/data/TID2013/distorted_images/i10_15_4.bmp,3.36842,10,15,4
i10_15_5.bmp,/kaggle/working/MDFS/data/TID2013/distorted_images/i10_15_5.bmp,4.17949,10,15,5
i10_16_1.bmp,/kaggle/working/MDFS/data/TID2013/distorted_images/i10_16_1.bmp,6.12821,10,16,1
i10_16_2.bmp,/kaggle/working/MDFS/data/TID2013/distorted_images/i10_16_2.bmp,6.10256,10,16,2
i10_16_3.bmp,/kaggle/working/MDFS/data/TID2013/distorted_images/i10_16_3.bmp,6.02564,10,16,3
i10_16_4.bmp,/kaggle/working/MDFS/data/TID2013/distorted_images/i10_16_4.bmp,5.57895,10,16,4
i10_16_5.bmp,/kaggle/working/MDFS/data/TID2013/distorted_images/i10_16_5.bmp,5.12821,10,16,5
i10_17_1.bmp,/kaggle/working/MDFS/data/TID2013/distorted_images/i10_17_1.bmp,5.71053,10,17,1
i10_17_2.bmp,/kaggle/working/MDFS/data/TID2013/distorted_images/i10_17_2.bmp,6.58974,10,17,2
i10_17_3.bmp,/kaggle/working/MDFS/data/TID2013/distorted_images/i10_17_3.bmp,4.56757,10,17,3
i10_17_4.bmp,/kaggle/working/MDFS/data/TID2013/distorted_images/i10_17_4.bmp,6.5641,10,17,4
i10_17_5.bmp,/kaggle/working/MDFS/data/TID2013/distorted_images/i10_17_5.bmp,3.69231,10,17,5
i10_18_1.bmp,/kaggle/working/MDFS/data/TID2013/distorted_images/i10_18_1.bmp,4.51282,10,18,1
i10_18_2.bmp,/kaggle/working/MDFS/data/TID2013/distorted_images/i10_18_2.bmp,4.07692,10,18,2
i10_18_3.bmp,/kaggle/working/MDFS/data/TID2013/distorted_images/i10_18_3.bmp,3.82051,10,18,3
i10_18_4.bmp,/kaggle/working/MDFS/data/TID2013/distorted_images/i10_18_4.bmp,3.63158,10,18,4
i10_18_5.bmp,/kaggle/working/MDFS/data/TID2013/distorted_images/i10_18_5.bmp,3.31579,10,18,5
i10_19_1.bmp,/kaggle/working/MDFS/data/TID2013/distorted_images/i10_19_1.bmp,5.57895,10,19,1
i10_19_2.bmp,/kaggle/working/MDFS/data/TID2013/distorted_images/i10_19_2.bmp,5.42105,10,19,2
i10_19_3.bmp,/kaggle/working/MDFS/data/TID2013/distorted_images/i10_19_3.bmp,4.67568,10,19,3
i10_19_4.bmp,/kaggle/working/MDFS/data/TID2013/distorted_images/i10_19_4.bmp,4.21622,10,19,4
i10_19_5.bmp,/kaggle/working/MDFS/data/TID2013/distorted_images/i10_19_5.bmp,3.87179,10,19,5
i10_20_1.bmp,/kaggle/working/MDFS/data/TID2013/distorted_images/i10_20_1.bmp,5.84615,10,20,1
i10_20_2.bmp,/kaggle/working/MDFS/data/TID2013/distorted_images/i10_20_2.bmp,5.38462,10,20,2
i10_20_3.bmp,/kaggle/working/MDFS/data/TID2013/distorted_images/i10_20_3.bmp,4.4359,10,20,3
i10_20_4.bmp,/kaggle/working/MDFS/data/TID2013/distorted_images/i10_20_4.bmp,3.57895,10,20,4
i10_20_5.bmp,/kaggle/working/MDFS/data/TID2013/distorted_images/i10_20_5.bmp,2.86486,10,20,5
i10_21_1.bmp,/kaggle/working/MDFS/data/TID2013/distorted_images/i10_21_1.bmp,5.5,10,21,1
i10_21_2.bmp,/kaggle/working/MDFS/data/TID2013/distorted_images/i10_21_2.bmp,5.17949,10,21,2
i10_21_3.bmp,/kaggle/working/MDFS/data/TID2013/distorted_images/i10_21_3.bmp,4.25641,10,21,3
i10_21_4.bmp,/kaggle/working/MDFS/data/TID2013/distorted_images/i10_21_4.bmp,3.76923,10,21,4
i10_21_5.bmp,/kaggle/working/MDFS/data/TID2013/distorted_images/i10_21_5.bmp,2.51282,10,21,5
i10_22_1.bmp,/kaggle/working/MDFS/data/TID2013/distorted_images/i10_22_1.bmp,5.97368,10,22,1
i10_22_2.bmp,/kaggle/working/MDFS/data/TID2013/distorted_images/i10_22_2.bmp,4.87179,10,22,2
i10_22_3.bmp,/kaggle/working/MDFS/data/TID2013/distorted_images/i10_22_3.bmp,4.48649,10,22,3
i10_22_4.bmp,/kaggle/working/MDFS/data/TID2013/distorted_images/i10_22_4.bmp,4.02778,10,22,4
i10_22_5.bmp,/kaggle/working/MDFS/data/TID2013/distorted_images/i10_22_5.bmp,3.25641,10,22,5
i10_23_1.bmp,/kaggle/working/MDFS/data/TID2013/distorted_images/i10_23_1.bmp,6.15385,10,23,1
i10_23_2.bmp,/kaggle/working/MDFS/data/TID2013/distorted_images/i10_23_2.bmp,5.94872,10,23,2
i10_23_3.bmp,/kaggle/working/MDFS/data/TID2013/distorted_images/i10_23_3.bmp,4.55263,10,23,3
i10_23_4.bmp,/kaggle/working/MDFS/data/TID2013/distorted_images/i10_23_4.bmp,2.60526,10,23,4
i10_23_5.bmp,/kaggle/working/MDFS/data/TID2013/distorted_images/i10_23_5.bmp,1.44737,10,23,5
i10_24_1.bmp,/kaggle/working/MDFS/data/TID2013/distorted_images/i10_24_1.bmp,5.46154,10,24,1
i10_24_2.bmp,/kaggle/working/MDFS/data/TID2013/distorted_images/i10_24_2.bmp,4.78947,10,24,2
i10_24_3.bmp,/kaggle/working/MDFS/data/TID2013/distorted_images/i10_24_3.bmp,3.51282,10,24,3
i10_24_4.bmp,/kaggle/working/MDFS/data/TID2013/distorted_images/i10_24_4.bmp,1.86486,10,24,4
i10_24_5.bmp,/kaggle/working/MDFS/data/TID2013/distorted_images/i10_24_5.bmp,0.36842,10,24,5
I11_01_1.bmp,/kaggle/working/MDFS/data/TID2013/distorted_images/I11_01_1.bmp,5.54054,11,1,1
i11_01_2.bmp,/kaggle/working/MDFS/data/TID2013/distorted_images/i11_01_2.bmp,5.16216,11,1,2
i11_01_3.bmp,/kaggle/working/MDFS/data/TID2013/distorted_images/i11_01_3.bmp,5.35135,11,1,3
i11_01_4.bmp,/kaggle/working/MDFS/data/TID2013/distorted_images/i11_01_4.bmp,4.28571,11,1,4
i11_01_5.bmp,/kaggle/working/MDFS/data/TID2013/distorted_images/i11_01_5.bmp,3.86111,11,1,5
i11_02_1.bmp,/kaggle/working/MDFS/data/TID2013/distorted_images/i11_02_1.bmp,5.55556,11,2,1
i11_02_2.bmp,/kaggle/working/MDFS/data/TID2013/distorted_images/i11_02_2.bmp,5.88571,11,2,2
i11_02_3.bmp,/kaggle/working/MDFS/data/TID2013/distorted_images/i11_02_3.bmp,5.44444,11,2,3
i11_02_4.bmp,/kaggle/working/MDFS/data/TID2013/distorted_images/i11_02_4.bmp,5.19444,11,2,4
i11_02_5.bmp,/kaggle/working/MDFS/data/TID2013/distorted_images/i11_02_5.bmp,4.75,11,2,5
i11_03_1.bmp,/kaggle/working/MDFS/data/TID2013/distorted_images/i11_03_1.bmp,5.0,11,3,1
i11_03_2.bmp,/kaggle/working/MDFS/data/TID2013/distorted_images/i11_03_2.bmp,4.43243,11,3,2
i11_03_3.bmp,/kaggle/working/MDFS/data/TID2013/distorted_images/i11_03_3.bmp,3.82857,11,3,3
i11_03_4.bmp,/kaggle/working/MDFS/data/TID2013/distorted_images/i11_03_4.bmp,3.27027,11,3,4
i11_03_5.bmp,/kaggle/working/MDFS/data/TID2013/distorted_images/i11_03_5.bmp,2.91667,11,3,5
i11_04_1.bmp,/kaggle/working/MDFS/data/TID2013/distorted_images/i11_04_1.bmp,5.47059,11,4,1
i11_04_2.bmp,/kaggle/working/MDFS/data/TID2013/distorted_images/i11_04_2.bmp,5.62162,11,4,2
i11_04_3.bmp,/kaggle/working/MDFS/data/TID2013/distorted_images/i11_04_3.bmp,5.28571,11,4,3
i11_04_4.bmp,/kaggle/working/MDFS/data/TID2013/distorted_images/i11_04_4.bmp,5.19444,11,4,4
i11_04_5.bmp,/kaggle/working/MDFS/data/TID2013/distorted_images/i11_04_5.bmp,4.67568,11,4,5
i11_05_1.bmp,/kaggle/working/MDFS/data/TID2013/distorted_images/i11_05_1.bmp,6.02703,11,5,1
i11_05_2.bmp,/kaggle/working/MDFS/data/TID2013/distorted_images/i11_05_2.bmp,5.80556,11,5,2
i11_05_3.bmp,/kaggle/working/MDFS/data/TID2013/distorted_images/i11_05_3.bmp,5.2973,11,5,3
i11_05_4.bmp,/kaggle/working/MDFS/data/TID2013/distorted_images/i11_05_4.bmp,4.19444,11,5,4
i11_05_5.bmp,/kaggle/working/MDFS/data/TID2013/distorted_images/i11_05_5.bmp,3.05556,11,5,5
i11_06_1.bmp,/kaggle/working/MDFS/data/TID2013/distorted_images/i11_06_1.bmp,4.69444,11,6,1
i11_06_2.bmp,/kaggle/working/MDFS/data/TID2013/distorted_images/i11_06_2.bmp,4.38889,11,6,2
i11_06_3.bmp,/kaggle/working/MDFS/data/TID2013/distorted_images/i11_06_3.bmp,3.97297,11,6,3
i11_06_4.bmp,/kaggle/working/MDFS/data/TID2013/distorted_images/i11_06_4.bmp,3.54054,11,6,4
i11_06_5.bmp,/kaggle/working/MDFS/data/TID2013/distorted_images/i11_06_5.bmp,3.02857,11,6,5
i11_07_1.bmp,/kaggle/working/MDFS/data/TID2013/distorted_images/i11_07_1.bmp,5.56757,11,7,1
i11_07_2.bmp,/kaggle/working/MDFS/data/TID2013/distorted_images/i11_07_2.bmp,4.8,11,7,2
i11_07_3.bmp,/kaggle/working/MDFS/data/TID2013/distorted_images/i11_07_3.bmp,4.52778,11,7,3
i11_07_4.bmp,/kaggle/working/MDFS/data/TID2013/distorted_images/i11_07_4.bmp,3.94118,11,7,4
i11_07_5.bmp,/kaggle/working/MDFS/data/TID2013/distorted_images/i11_07_5.bmp,2.75676,11,7,5
i11_08_1.bmp,/kaggle/working/MDFS/data/TID2013/distorted_images/i11_08_1.bmp,4.94286,11,8,1
i11_08_2.bmp,/kaggle/working/MDFS/data/TID2013/distorted_images/i11_08_2.bmp,4.57143,11,8,2
i11_08_3.bmp,/kaggle/working/MDFS/data/TID2013/distorted_images/i11_08_3.bmp,3.75676,11,8,3
i11_08_4.bmp,/kaggle/working/MDFS/data/TID2013/distorted_images/i11_08_4.bmp,2.85714,11,8,4
i11_08_5.bmp,/kaggle/working/MDFS/data/TID2013/distorted_images/i11_08_5.bmp,2.33333,11,8,5
i11_09_1.bmp,/kaggle/working/MDFS/data/TID2013/distorted_images/i11_09_1.bmp,5.81081,11,9,1
i11_09_2.bmp,/kaggle/working/MDFS/data/TID2013/distorted_images/i11_09_2.bmp,5.86486,11,9,2
i11_09_3.bmp,/kaggle/working/MDFS/data/TID2013/distorted_images/i11_09_3.bmp,4.66667,11,9,3
i11_09_4.bmp,/kaggle/working/MDFS/data/TID2013/distorted_images/i11_09_4.bmp,3.33333,11,9,4
i11_09_5.bmp,/kaggle/working/MDFS/data/TID2013/distorted_images/i11_09_5.bmp,1.97222,11,9,5
i11_10_1.bmp,/kaggle/working/MDFS/data/TID2013/distorted_images/i11_10_1.bmp,5.81081,11,10,1
i11_10_2.bmp,/kaggle/working/MDFS/data/TID2013/distorted_images/i11_10_2.bmp,5.64865,11,10,2
i11_10_3.bmp,/kaggle/working/MDFS/data/TID2013/distorted_images/i11_10_3.bmp,5.02778,11,10,3
i11_10_4.bmp,/kaggle/working/MDFS/data/TID2013/distorted_images/i11_10_4.bmp,3.48649,11,10,4
i11_10_5.bmp,/kaggle/working/MDFS/data/TID2013/distorted_images/i11_10_5.bmp,2.27027,11,10,5
I11_11_1.BMP,/kaggle/working/MDFS/data/TID2013/distorted_images/I11_11_1.BMP,5.86111,11,11,1
i11_11_2.bmp,/kaggle/working/MDFS/data/TID2013/distorted_images/i11_11_2.bmp,5.42857,11,11,2
i11_11_3.bmp,/kaggle/working/MDFS/data/TID2013/distorted_images/i11_11_3.bmp,4.47222,11,11,3
i11_11_4.bmp,/kaggle/working/MDFS/data/TID2013/distorted_images/i11_11_4.bmp,2.91429,11,11,4
i11_11_5.bmp,/kaggle/working/MDFS/data/TID2013/distorted_images/i11_11_5.bmp,0.97222,11,11,5
i11_12_1.bmp,/kaggle/working/MDFS/data/TID2013/distorted_images/i11_12_1.bmp,5.61111,11,12,1
i11_12_2.bmp,/kaggle/working/MDFS/data/TID2013/distorted_images/i11_12_2.bmp,5.97222,11,12,2
i11_12_3.bmp,/kaggle/working/MDFS/data/TID2013/distorted_images/i11_12_3.bmp,4.62162,11,12,3
i11_12_4.bmp,/kaggle/working/MDFS/data/TID2013/distorted_images/i11_12_4.bmp,3.77778,11,12,4
i11_12_5.bmp,/kaggle/working/MDFS/data/TID2013/distorted_images/i11_12_5.bmp,2.02778,11,12,5
I11_13_1.BMP,/kaggle/working/MDFS/data/TID2013/distorted_images/I11_13_1.BMP,4.08333,11,13,1
i11_13_2.bmp,/kaggle/working/MDFS/data/TID2013/distorted_images/i11_13_2.bmp,4.54054,11,13,2
i11_13_3.bmp,/kaggle/working/MDFS/data/TID2013/distorted_images/i11_13_3.bmp,3.25,11,13,3
i11_13_4.bmp,/kaggle/working/MDFS/data/TID2013/distorted_images/i11_13_4.bmp,2.75,11,13,4
i11_13_5.bmp,/kaggle/working/MDFS/data/TID2013/distorted_images/i11_13_5.bmp,2.27778,11,13,5
i11_14_1.bmp,/kaggle/working/MDFS/data/TID2013/distorted_images/i11_14_1.bmp,5.83333,11,14,1
i11_14_2.bmp,/kaggle/working/MDFS/data/TID2013/distorted_images/i11_14_2.bmp,5.45714,11,14,2
i11_14_3.bmp,/kaggle/working/MDFS/data/TID2013/distorted_images/i11_14_3.bmp,5.2973,11,14,3
i11_14_4.bmp,/kaggle/working/MDFS/data/TID2013/distorted_images/i11_14_4.bmp,5.16667,11,14,4
i11_14_5.bmp,/kaggle/working/MDFS/data/TID2013/distorted_images/i11_14_5.bmp,4.38889,11,14,5
i11_15_1.bmp,/kaggle/working/MDFS/data/TID2013/distorted_images/i11_15_1.bmp,3.18919,11,15,1
i11_15_2.bmp,/kaggle/working/MDFS/data/TID2013/distorted_images/i11_15_2.bmp,3.38889,11,15,2
i11_15_3.bmp,/kaggle/working/MDFS/data/TID2013/distorted_images/i11_15_3.bmp,3.5,11,15,3
i11_15_4.bmp,/kaggle/working/MDFS/data/TID2013/distorted_images/i11_15_4.bmp,3.67568,11,15,4
i11_15_5.bmp,/kaggle/working/MDFS/data/TID2013/distorted_images/i11_15_5.bmp,3.5,11,15,5
i11_16_1.bmp,/kaggle/working/MDFS/data/TID2013/distorted_images/i11_16_1.bmp,6.10811,11,16,1
i11_16_2.bmp,/kaggle/working/MDFS/data/TID2013/distorted_images/i11_16_2.bmp,5.91892,11,16,2
i11_16_3.bmp,/kaggle/working/MDFS/data/TID2013/distorted_images/i11_16_3.bmp,5.69444,11,16,3
i11_16_4.bmp,/kaggle/working/MDFS/data/TID2013/distorted_images/i11_16_4.bmp,4.94595,11,16,4
i11_16_5.bmp,/kaggle/working/MDFS/data/TID2013/distorted_images/i11_16_5.bmp,4.56757,11,16,5
i11_17_1.bmp,/kaggle/working/MDFS/data/TID2013/distorted_images/i11_17_1.bmp,5.59459,11,17,1
i11_17_2.bmp,/kaggle/working/MDFS/data/TID2013/distorted_images/i11_17_2.bmp,6.75,11,17,2
i11_17_3.bmp,/kaggle/working/MDFS/data/TID2013/distorted_images/i11_17_3.bmp,4.34286,11,17,3
i11_17_4.bmp,/kaggle/working/MDFS/data/TID2013/distorted_images/i11_17_4.bmp,6.83784,11,17,4
i11_17_5.bmp,/kaggle/working/MDFS/data/TID2013/distorted_images/i11_17_5.bmp,3.21622,11,17,5
i11_18_1.bmp,/kaggle/working/MDFS/data/TID2013/distorted_images/i11_18_1.bmp,4.55556,11,18,1
i11_18_2.bmp,/kaggle/working/MDFS/data/TID2013/distorted_images/i11_18_2.bmp,4.27027,11,18,2
i11_18_3.bmp,/kaggle/working/MDFS/data/TID2013/distorted_images/i11_18_3.bmp,3.58333,11,18,3
i11_18_4.bmp,/kaggle/working/MDFS/data/TID2013/distorted_images/i11_18_4.bmp,3.44118,11,18,4
i11_18_5.bmp,/kaggle/working/MDFS/data/TID2013/distorted_images/i11_18_5.bmp,3.51351,11,18,5
i11_19_1.bmp,/kaggle/working/MDFS/data/TID2013/distorted_images/i11_19_1.bmp,5.64865,11,19,1
i11_19_2.bmp,/kaggle/working/MDFS/data/TID2013/distorted_images/i11_19_2.bmp,5.11111,11,19,2
i11_19_3.bmp,/kaggle/working/MDFS/data/TID2013/distorted_images/i11_19_3.bmp,4.64865,11,19,3
i11_19_4.bmp,/kaggle/working/MDFS/data/TID2013/distorted_images/i11_19_4.bmp,3.97143,11,19,4
i11_19_5.bmp,/kaggle/working/MDFS/data/TID2013/distorted_images/i11_19_5.bmp,3.62162,11,19,5
i11_20_1.bmp,/kaggle/working/MDFS/data/TID2013/distorted_images/i11_20_1.bmp,6.02857,11,20,1
i11_20_2.bmp,/kaggle/working/MDFS/data/TID2013/distorted_images/i11_20_2.bmp,5.59459,11,20,2
i11_20_3.bmp,/kaggle/working/MDFS/data/TID2013/distorted_images/i11_20_3.bmp,5.35135,11,20,3
i11_20_4.bmp,/kaggle/working/MDFS/data/TID2013/distorted_images/i11_20_4.bmp,4.88889,11,20,4
i11_20_5.bmp,/kaggle/working/MDFS/data/TID2013/distorted_images/i11_20_5.bmp,3.63889,11,20,5
i11_21_1.bmp,/kaggle/working/MDFS/data/TID2013/distorted_images/i11_21_1.bmp,5.7027,11,21,1
i11_21_2.bmp,/kaggle/working/MDFS/data/TID2013/distorted_images/i11_21_2.bmp,5.41667,11,21,2
i11_21_3.bmp,/kaggle/working/MDFS/data/TID2013/distorted_images/i11_21_3.bmp,4.40541,11,21,3
i11_21_4.bmp,/kaggle/working/MDFS/data/TID2013/distorted_images/i11_21_4.bmp,3.86111,11,21,4
i11_21_5.bmp,/kaggle/working/MDFS/data/TID2013/distorted_images/i11_21_5.bmp,2.64865,11,21,5
i11_22_1.bmp,/kaggle/working/MDFS/data/TID2013/distorted_images/i11_22_1.bmp,5.56757,11,22,1
i11_22_2.bmp,/kaggle/working/MDFS/data/TID2013/distorted_images/i11_22_2.bmp,5.40541,11,22,2
i11_22_3.bmp,/kaggle/working/MDFS/data/TID2013/distorted_images/i11_22_3.bmp,4.89189,11,22,3
i11_22_4.bmp,/kaggle/working/MDFS/data/TID2013/distorted_images/i11_22_4.bmp,3.64865,11,22,4
i11_22_5.bmp,/kaggle/working/MDFS/data/TID2013/distorted_images/i11_22_5.bmp,2.52778,11,22,5
i11_23_1.bmp,/kaggle/working/MDFS/data/TID2013/distorted_images/i11_23_1.bmp,5.86486,11,23,1
i11_23_2.bmp,/kaggle/working/MDFS/data/TID2013/distorted_images/i11_23_2.bmp,5.83784,11,23,2
i11_23_3.bmp,/kaggle/working/MDFS/data/TID2013/distorted_images/i11_23_3.bmp,5.94595,11,23,3
i11_23_4.bmp,/kaggle/working/MDFS/data/TID2013/distorted_images/i11_23_4.bmp,5.27027,11,23,4
i11_23_5.bmp,/kaggle/working/MDFS/data/TID2013/distorted_images/i11_23_5.bmp,2.75676,11,23,5
i11_24_1.bmp,/kaggle/working/MDFS/data/TID2013/distorted_images/i11_24_1.bmp,5.91892,11,24,1
i11_24_2.bmp,/kaggle/working/MDFS/data/TID2013/distorted_images/i11_24_2.bmp,5.47222,11,24,2
i11_24_3.bmp,/kaggle/working/MDFS/data/TID2013/distorted_images/i11_24_3.bmp,4.62857,11,24,3
i11_24_4.bmp,/kaggle/working/MDFS/data/TID2013/distorted_images/i11_24_4.bmp,2.88571,11,24,4
i11_24_5.bmp,/kaggle/working/MDFS/data/TID2013/distorted_images/i11_24_5.bmp,0.58333,11,24,5
I12_01_1.bmp,/kaggle/working/MDFS/data/TID2013/distorted_images/I12_01_1.bmp,5.94595,12,1,1
i12_01_2.bmp,/kaggle/working/MDFS/data/TID2013/distorted_images/i12_01_2.bmp,4.97222,12,1,2
i12_01_3.bmp,/kaggle/working/MDFS/data/TID2013/distorted_images/i12_01_3.bmp,4.78947,12,1,3
i12_01_4.bmp,/kaggle/working/MDFS/data/TID2013/distorted_images/i12_01_4.bmp,4.13889,12,1,4
i12_01_5.bmp,/kaggle/working/MDFS/data/TID2013/distorted_images/i12_01_5.bmp,3.76316,12,1,5
i12_02_1.bmp,/kaggle/working/MDFS/data/TID2013/distorted_images/i12_02_1.bmp,6.08108,12,2,1
i12_02_2.bmp,/kaggle/working/MDFS/data/TID2013/distorted_images/i12_02_2.bmp,5.97297,12,2,2
i12_02_3.bmp,/kaggle/working/MDFS/data/TID2013/distorted_images/i12_02_3.bmp,5.52632,12,2,3
i12_02_4.bmp,/kaggle/working/MDFS/data/TID2013/distorted_images/i12_02_4.bmp,5.05263,12,2,4
i12_02_5.bmp,/kaggle/working/MDFS/data/TID2013/distorted_images/i12_02_5.bmp,4.54054,12,2,5
i12_03_1.bmp,/kaggle/working/MDFS/data/TID2013/distorted_images/i12_03_1.bmp,4.56757,12,3,1
i12_03_2.bmp,/kaggle/working/MDFS/data/TID2013/distorted_images/i12_03_2.bmp,4.16216,12,3,2
i12_03_3.bmp,/kaggle/working/MDFS/data/TID2013/distorted_images/i12_03_3.bmp,3.75676,12,3,3
i12_03_4.bmp,/kaggle/working/MDFS/data/TID2013/distorted_images/i12_03_4.bmp,3.10526,12,3,4
i12_03_5.bmp,/kaggle/working/MDFS/data/TID2013/distorted_images/i12_03_5.bmp,2.71053,12,3,5
i12_04_1.bmp,/kaggle/working/MDFS/data/TID2013/distorted_images/i12_04_1.bmp,5.91892,12,4,1
i12_04_2.bmp,/kaggle/working/MDFS/data/TID2013/distorted_images/i12_04_2.bmp,5.52632,12,4,2
i12_04_3.bmp,/kaggle/working/MDFS/data/TID2013/distorted_images/i12_04_3.bmp,5.21053,12,4,3
i12_04_4.bmp,/kaggle/working/MDFS/data/TID2013/distorted_images/i12_04_4.bmp,4.7027,12,4,4
i12_04_5.bmp,/kaggle/working/MDFS/data/TID2013/distorted_images/i12_04_5.bmp,3.78378,12,4,5
i12_05_1.bmp,/kaggle/working/MDFS/data/TID2013/distorted_images/i12_05_1.bmp,5.64865,12,5,1
i12_05_2.bmp,/kaggle/working/MDFS/data/TID2013/distorted_images/i12_05_2.bmp,5.81081,12,5,2
i12_05_3.bmp,/kaggle/working/MDFS/data/TID2013/distorted_images/i12_05_3.bmp,5.21053,12,5,3
i12_05_4.bmp,/kaggle/working/MDFS/data/TID2013/distorted_images/i12_05_4.bmp,4.35135,12,5,4
i12_05_5.bmp,/kaggle/working/MDFS/data/TID2013/distorted_images/i12_05_5.bmp,3.65789,12,5,5
i12_06_1.bmp,/kaggle/working/MDFS/data/TID2013/distorted_images/i12_06_1.bmp,5.08108,12,6,1
i12_06_2.bmp,/kaggle/working/MDFS/data/TID2013/distorted_images/i12_06_2.bmp,4.81579,12,6,2
i12_06_3.bmp,/kaggle/working/MDFS/data/TID2013/distorted_images/i12_06_3.bmp,4.45946,12,6,3
i12_06_4.bmp,/kaggle/working/MDFS/data/TID2013/distorted_images/i12_06_4.bmp,4.08108,12,6,4
i12_06_5.bmp,/kaggle/working/MDFS/data/TID2013/distorted_images/i12_06_5.bmp,3.75,12,6,5
i12_07_1.bmp,/kaggle/working/MDFS/data/TID2013/distorted_images/i12_07_1.bmp,4.69444,12,7,1
i12_07_2.bmp,/kaggle/working/MDFS/data/TID2013/distorted_images/i12_07_2.bmp,4.39474,12,7,2
i12_07_3.bmp,/kaggle/working/MDFS/data/TID2013/distorted_images/i12_07_3.bmp,4.18421,12,7,3
i12_07_4.bmp,/kaggle/working/MDFS/data/TID2013/distorted_images/i12_07_4.bmp,3.18919,12,7,4
i12_07_5.bmp,/kaggle/working/MDFS/data/TID2013/distorted_images/i12_07_5.bmp,3.02778,12,7,5
i12_08_1.bmp,/kaggle/working/MDFS/data/TID2013/distorted_images/i12_08_1.bmp,6.18421,12,8,1
i12_08_2.bmp,/kaggle/working/MDFS/data/TID2013/distorted_images/i12_08_2.bmp,5.47368,12,8,2
i12_08_3.bmp,/kaggle/working/MDFS/data/TID2013/distorted_images/i12_08_3.bmp,4.52632,12,8,3
i12_08_4.bmp,/kaggle/working/MDFS/data/TID2013/distorted_images/i12_08_4.bmp,3.60526,12,8,4
i12_08_5.bmp,/kaggle/working/MDFS/data/TID2013/distorted_images/i12_08_5.bmp,2.77778,12,8,5
i12_09_1.bmp,/kaggle/working/MDFS/data/TID2013/distorted_images/i12_09_1.bmp,6.31579,12,9,1
i12_09_2.bmp,/kaggle/working/MDFS/data/TID2013/distorted_images/i12_09_2.bmp,5.52778,12,9,2
i12_09_3.bmp,/kaggle/working/MDFS/data/TID2013/distorted_images/i12_09_3.bmp,4.73684,12,9,3
i12_09_4.bmp,/kaggle/working/MDFS/data/TID2013/distorted_images/i12_09_4.bmp,3.43243,12,9,4
i12_09_5.bmp,/kaggle/working/MDFS/data/TID2013/distorted_images/i12_09_5.bmp,2.25714,12,9,5
i12_10_1.bmp,/kaggle/working/MDFS/data/TID2013/distorted_images/i12_10_1.bmp,6.08108,12,10,1
i12_10_2.bmp,/kaggle/working/MDFS/data/TID2013/distorted_images/i12_10_2.bmp,5.89474,12,10,2
i12_10_3.bmp,/kaggle/working/MDFS/data/TID2013/distorted_images/i12_10_3.bmp,5.10526,12,10,3
i12_10_4.bmp,/kaggle/working/MDFS/data/TID2013/distorted_images/i12_10_4.bmp,3.10526,12,10,4
i12_10_5.bmp,/kaggle/working/MDFS/data/TID2013/distorted_images/i12_10_5.bmp,2.23684,12,10,5
I12_11_1.BMP,/kaggle/working/MDFS/data/TID2013/distorted_images/I12_11_1.BMP,5.40541,12,11,1
i12_11_2.bmp,/kaggle/working/MDFS/data/TID2013/distorted_images/i12_11_2.bmp,4.67568,12,11,2
i12_11_3.bmp,/kaggle/working/MDFS/data/TID2013/distorted_images/i12_11_3.bmp,2.77778,12,11,3
i12_11_4.bmp,/kaggle/working/MDFS/data/TID2013/distorted_images/i12_11_4.bmp,1.94737,12,11,4
i12_11_5.bmp,/kaggle/working/MDFS/data/TID2013/distorted_images/i12_11_5.bmp,0.81579,12,11,5
i12_12_1.bmp,/kaggle/working/MDFS/data/TID2013/distorted_images/i12_12_1.bmp,5.5,12,12,1
i12_12_2.bmp,/kaggle/working/MDFS/data/TID2013/distorted_images/i12_12_2.bmp,5.05263,12,12,2
i12_12_3.bmp,/kaggle/working/MDFS/data/TID2013/distorted_images/i12_12_3.bmp,3.64865,12,12,3
i12_12_4.bmp,/kaggle/working/MDFS/data/TID2013/distorted_images/i12_12_4.bmp,3.07895,12,12,4
i12_12_5.bmp,/kaggle/working/MDFS/data/TID2013/distorted_images/i12_12_5.bmp,3.08108,12,12,5
I12_13_1.BMP,/kaggle/working/MDFS/data/TID2013/distorted_images/I12_13_1.BMP,5.37838,12,13,1
i12_13_2.bmp,/kaggle/working/MDFS/data/TID2013/distorted_images/i12_13_2.bmp,4.56757,12,13,2
i12_13_3.bmp,/kaggle/working/MDFS/data/TID2013/distorted_images/i12_13_3.bmp,3.23684,12,13,3
i12_13_4.bmp,/kaggle/working/MDFS/data/TID2013/distorted_images/i12_13_4.bmp,2.83333,12,13,4
i12_13_5.bmp,/kaggle/working/MDFS/data/TID2013/distorted_images/i12_13_5.bmp,4.0,12,13,5
i12_14_1.bmp,/kaggle/working/MDFS/data/TID2013/distorted_images/i12_14_1.bmp,5.55263,12,14,1
i12_14_2.bmp,/kaggle/working/MDFS/data/TID2013/distorted_images/i12_14_2.bmp,6.15789,12,14,2
i12_14_3.bmp,/kaggle/working/MDFS/data/TID2013/distorted_images/i12_14_3.bmp,4.54054,12,14,3
i12_14_4.bmp,/kaggle/working/MDFS/data/TID2013/distorted_images/i12_14_4.bmp,4.47368,12,14,4
i12_14_5.bmp,/kaggle/working/MDFS/data/TID2013/distorted_images/i12_14_5.bmp,3.56757,12,14,5
i12_15_1.bmp,/kaggle/working/MDFS/data/TID2013/distorted_images/i12_15_1.bmp,3.5,12,15,1
i12_15_2.bmp,/kaggle/working/MDFS/data/TID2013/distorted_images/i12_15_2.bmp,3.51429,12,15,2
i12_15_3.bmp,/kaggle/working/MDFS/data/TID2013/distorted_images/i12_15_3.bmp,3.65789,12,15,3
i12_15_4.bmp,/kaggle/working/MDFS/data/TID2013/distorted_images/i12_15_4.bmp,4.07895,12,15,4
i12_15_5.bmp,/kaggle/working/MDFS/data/TID2013/distorted_images/i12_15_5.bmp,4.54286,12,15,5
i12_16_1.bmp,/kaggle/working/MDFS/data/TID2013/distorted_images/i12_16_1.bmp,6.52632,12,16,1
i12_16_2.bmp,/kaggle/working/MDFS/data/TID2013/distorted_images/i12_16_2.bmp,6.2973,12,16,2
i12_16_3.bmp,/kaggle/working/MDFS/data/TID2013/distorted_images/i12_16_3.bmp,6.05263,12,16,3
i12_16_4.bmp,/kaggle/working/MDFS/data/TID2013/distorted_images/i12_16_4.bmp,6.11111,12,16,4
i12_16_5.bmp,/kaggle/working/MDFS/data/TID2013/distorted_images/i12_16_5.bmp,5.67568,12,16,5
i12_17_1.bmp,/kaggle/working/MDFS/data/TID2013/distorted_images/i12_17_1.bmp,6.26316,12,17,1
i12_17_2.bmp,/kaggle/working/MDFS/data/TID2013/distorted_images/i12_17_2.bmp,6.81579,12,17,2
i12_17_3.bmp,/kaggle/working/MDFS/data/TID2013/distorted_images/i12_17_3.bmp,4.81081,12,17,3
i12_17_4.bmp,/kaggle/working/MDFS/data/TID2013/distorted_images/i12_17_4.bmp,6.26316,12,17,4
i12_17_5.bmp,/kaggle/working/MDFS/data/TID2013/distorted_images/i12_17_5.bmp,4.02632,12,17,5
i12_18_1.bmp,/kaggle/working/MDFS/data/TID2013/distorted_images/i12_18_1.bmp,5.64865,12,18,1
i12_18_2.bmp,/kaggle/working/MDFS/data/TID2013/distorted_images/i12_18_2.bmp,5.35135,12,18,2
i12_18_3.bmp,/kaggle/working/MDFS/data/TID2013/distorted_images/i12_18_3.bmp,5.0,12,18,3
i12_18_4.bmp,/kaggle/working/MDFS/data/TID2013/distorted_images/i12_18_4.bmp,4.48649,12,18,4
i12_18_5.bmp,/kaggle/working/MDFS/data/TID2013/distorted_images/i12_18_5.bmp,4.2973,12,18,5
i12_19_1.bmp,/kaggle/working/MDFS/data/TID2013/distorted_images/i12_19_1.bmp,5.72973,12,19,1
i12_19_2.bmp,/kaggle/working/MDFS/data/TID2013/distorted_images/i12_19_2.bmp,5.51351,12,19,2
i12_19_3.bmp,/kaggle/working/MDFS/data/TID2013/distorted_images/i12_19_3.bmp,5.2973,12,19,3
i12_19_4.bmp,/kaggle/working/MDFS/data/TID2013/distorted_images/i12_19_4.bmp,4.71053,12,19,4
i12_19_5.bmp,/kaggle/working/MDFS/data/TID2013/distorted_images/i12_19_5.bmp,4.02632,12,19,5
i12_20_1.bmp,/kaggle/working/MDFS/data/TID2013/distorted_images/i12_20_1.bmp,5.58333,12,20,1
i12_20_2.bmp,/kaggle/working/MDFS/data/TID2013/distorted_images/i12_20_2.bmp,5.27778,12,20,2
i12_20_3.bmp,/kaggle/working/MDFS/data/TID2013/distorted_images/i12_20_3.bmp,4.43243,12,20,3
i12_20_4.bmp,/kaggle/working/MDFS/data/TID2013/distorted_images/i12_20_4.bmp,3.60526,12,20,4
i12_20_5.bmp,/kaggle/working/MDFS/data/TID2013/distorted_images/i12_20_5.bmp,2.80556,12,20,5
i12_21_1.bmp,/kaggle/working/MDFS/data/TID2013/distorted_images/i12_21_1.bmp,5.15789,12,21,1
i12_21_2.bmp,/kaggle/working/MDFS/data/TID2013/distorted_images/i12_21_2.bmp,4.94595,12,21,2
i12_21_3.bmp,/kaggle/working/MDFS/data/TID2013/distorted_images/i12_21_3.bmp,4.02632,12,21,3
i12_21_4.bmp,/kaggle/working/MDFS/data/TID2013/distorted_images/i12_21_4.bmp,3.02778,12,21,4
i12_21_5.bmp,/kaggle/working/MDFS/data/TID2013/distorted_images/i12_21_5.bmp,2.0,12,21,5
i12_22_1.bmp,/kaggle/working/MDFS/data/TID2013/distorted_images/i12_22_1.bmp,5.25,12,22,1
i12_22_2.bmp,/kaggle/working/MDFS/data/TID2013/distorted_images/i12_22_2.bmp,5.13158,12,22,2
i12_22_3.bmp,/kaggle/working/MDFS/data/TID2013/distorted_images/i12_22_3.bmp,4.56757,12,22,3
i12_22_4.bmp,/kaggle/working/MDFS/data/TID2013/distorted_images/i12_22_4.bmp,3.5,12,22,4
i12_22_5.bmp,/kaggle/working/MDFS/data/TID2013/distorted_images/i12_22_5.bmp,2.62162,12,22,5
i12_23_1.bmp,/kaggle/working/MDFS/data/TID2013/distorted_images/i12_23_1.bmp,6.05405,12,23,1
i12_23_2.bmp,/kaggle/working/MDFS/data/TID2013/distorted_images/i12_23_2.bmp,6.18421,12,23,2
i12_23_3.bmp,/kaggle/working/MDFS/data/TID2013/distorted_images/i12_23_3.bmp,4.89474,12,23,3
i12_23_4.bmp,/kaggle/working/MDFS/data/TID2013/distorted_images/i12_23_4.bmp,3.18919,12,23,4
i12_23_5.bmp,/kaggle/working/MDFS/data/TID2013/distorted_images/i12_23_5.bmp,2.21053,12,23,5
i12_24_1.bmp,/kaggle/working/MDFS/data/TID2013/distorted_images/i12_24_1.bmp,5.86486,12,24,1
i12_24_2.bmp,/kaggle/working/MDFS/data/TID2013/distorted_images/i12_24_2.bmp,4.37838,12,24,2
i12_24_3.bmp,/kaggle/working/MDFS/data/TID2013/distorted_images/i12_24_3.bmp,3.07895,12,24,3
i12_24_4.bmp,/kaggle/working/MDFS/data/TID2013/distorted_images/i12_24_4.bmp,1.97368,12,24,4
i12_24_5.bmp,/kaggle/working/MDFS/data/TID2013/distorted_images/i12_24_5.bmp,0.40541,12,24,5
I13_01_1.bmp,/kaggle/working/MDFS/data/TID2013/distorted_images/I13_01_1.bmp,5.53488,13,1,1
i13_01_2.bmp,/kaggle/working/MDFS/data/TID2013/distorted_images/i13_01_2.bmp,5.425,13,1,2
i13_01_3.bmp,/kaggle/working/MDFS/data/TID2013/distorted_images/i13_01_3.bmp,5.06977,13,1,3
i13_01_4.bmp,/kaggle/working/MDFS/data/TID2013/distorted_images/i13_01_4.bmp,4.7907,13,1,4
i13_01_5.bmp,/kaggle/working/MDFS/data/TID2013/distorted_images/i13_01_5.bmp,4.02381,13,1,5
i13_02_1.bmp,/kaggle/working/MDFS/data/TID2013/distorted_images/i13_02_1.bmp,5.30952,13,2,1
i13_02_2.bmp,/kaggle/working/MDFS/data/TID2013/distorted_images/i13_02_2.bmp,5.53659,13,2,2
i13_02_3.bmp,/kaggle/working/MDFS/data/TID2013/distorted_images/i13_02_3.bmp,5.62791,13,2,3
i13_02_4.bmp,/kaggle/working/MDFS/data/TID2013/distorted_images/i13_02_4.bmp,5.40476,13,2,4
i13_02_5.bmp,/kaggle/working/MDFS/data/TID2013/distorted_images/i13_02_5.bmp,4.66667,13,2,5
i13_03_1.bmp,/kaggle/working/MDFS/data/TID2013/distorted_images/i13_03_1.bmp,5.14286,13,3,1
i13_03_2.bmp,/kaggle/working/MDFS/data/TID2013/distorted_images/i13_03_2.bmp,5.07143,13,3,2
i13_03_3.bmp,/kaggle/working/MDFS/data/TID2013/distorted_images/i13_03_3.bmp,4.16667,13,3,3
i13_03_4.bmp,/kaggle/working/MDFS/data/TID2013/distorted_images/i13_03_4.bmp,3.66667,13,3,4
i13_03_5.bmp,/kaggle/working/MDFS/data/TID2013/distorted_images/i13_03_5.bmp,2.7619,13,3,5
i13_04_1.bmp,/kaggle/working/MDFS/data/TID2013/distorted_images/i13_04_1.bmp,5.73171,13,4,1
i13_04_2.bmp,/kaggle/working/MDFS/data/TID2013/distorted_images/i13_04_2.bmp,5.475,13,4,2
i13_04_3.bmp,/kaggle/working/MDFS/data/TID2013/distorted_images/i13_04_3.bmp,5.55814,13,4,3
i13_04_4.bmp,/kaggle/working/MDFS/data/TID2013/distorted_images/i13_04_4.bmp,5.43902,13,4,4
i13_04_5.bmp,/kaggle/working/MDFS/data/TID2013/distorted_images/i13_04_5.bmp,4.92857,13,4,5
i13_05_1.bmp,/kaggle/working/MDFS/data/TID2013/distorted_images/i13_05_1.bmp,5.35714,13,5,1
i13_05_2.bmp,/kaggle/working/MDFS/data/TID2013/distorted_images/i13_05_2.bmp,5.04762,13,5,2
i13_05_3.bmp,/kaggle/working/MDFS/data/TID2013/distorted_images/i13_05_3.bmp,5.51163,13,5,3
i13_05_4.bmp,/kaggle/working/MDFS/data/TID2013/distorted_images/i13_05_4.bmp,4.16667,13,5,4
i13_05_5.bmp,/kaggle/working/MDFS/data/TID2013/distorted_images/i13_05_5.bmp,3.09524,13,5,5
i13_06_1.bmp,/kaggle/working/MDFS/data/TID2013/distorted_images/i13_06_1.bmp,4.55,13,6,1
i13_06_2.bmp,/kaggle/working/MDFS/data/TID2013/distorted_images/i13_06_2.bmp,4.25581,13,6,2
i13_06_3.bmp,/kaggle/working/MDFS/data/TID2013/distorted_images/i13_06_3.bmp,3.66667,13,6,3
i13_06_4.bmp,/kaggle/working/MDFS/data/TID2013/distorted_images/i13_06_4.bmp,3.44186,13,6,4
i13_06_5.bmp,/kaggle/working/MDFS/data/TID2013/distorted_images/i13_06_5.bmp,3.09524,13,6,5
i13_07_1.bmp,/kaggle/working/MDFS/data/TID2013/distorted_images/i13_07_1.bmp,5.725,13,7,1
i13_07_2.bmp,/kaggle/working/MDFS/data/TID2013/distorted_images/i13_07_2.bmp,5.31707,13,7,2
i13_07_3.bmp,/kaggle/working/MDFS/data/TID2013/distorted_images/i13_07_3.bmp,4.64286,13,7,3
i13_07_4.bmp,/kaggle/working/MDFS/data/TID2013/distorted_images/i13_07_4.bmp,3.41463,13,7,4
i13_07_5.bmp,/kaggle/working/MDFS/data/TID2013/distorted_images/i13_07_5.bmp,2.82927,13,7,5
i13_08_1.bmp,/kaggle/working/MDFS/data/TID2013/distorted_images/i13_08_1.bmp,4.80952,13,8,1
i13_08_2.bmp,/kaggle/working/MDFS/data/TID2013/distorted_images/i13_08_2.bmp,3.95238,13,8,2
i13_08_3.bmp,/kaggle/working/MDFS/data/TID2013/distorted_images/i13_08_3.bmp,3.12195,13,8,3
i13_08_4.bmp,/kaggle/working/MDFS/data/TID2013/distorted_images/i13_08_4.bmp,2.5814,13,8,4
i13_08_5.bmp,/kaggle/working/MDFS/data/TID2013/distorted_images/i13_08_5.bmp,1.7381,13,8,5
i13_09_1.bmp,/kaggle/working/MDFS/data/TID2013/distorted_images/i13_09_1.bmp,5.07317,13,9,1
i13_09_2.bmp,/kaggle/working/MDFS/data/TID2013/distorted_images/i13_09_2.bmp,4.76744,13,9,2
i13_09_3.bmp,/kaggle/working/MDFS/data/TID2013/distorted_images/i13_09_3.bmp,3.18605,13,9,3
i13_09_4.bmp,/kaggle/working/MDFS/data/TID2013/distorted_images/i13_09_4.bmp,2.16667,13,9,4
i13_09_5.bmp,/kaggle/working/MDFS/data/TID2013/distorted_images/i13_09_5.bmp,0.4878,13,9,5
i13_10_1.bmp,/kaggle/working/MDFS/data/TID2013/distorted_images/i13_10_1.bmp,5.48837,13,10,1
i13_10_2.bmp,/kaggle/working/MDFS/data/TID2013/distorted_images/i13_10_2.bmp,5.46512,13,10,2
i13_10_3.bmp,/kaggle/working/MDFS/data/TID2013/distorted_images/i13_10_3.bmp,4.475,13,10,3
i13_10_4.bmp,/kaggle/working/MDFS/data/TID2013/distorted_images/i13_10_4.bmp,3.25581,13,10,4
i13_10_5.bmp,/kaggle/working/MDFS/data/TID2013/distorted_images/i13_10_5.bmp,1.16279,13,10,5
I13_11_1.BMP,/kaggle/working/MDFS/data/TID2013/distorted_images/I13_11_1.BMP,5.32558,13,11,1
i13_11_2.bmp,/kaggle/working/MDFS/data/TID2013/distorted_images/i13_11_2.bmp,5.32558,13,11,2
i13_11_3.bmp,/kaggle/working/MDFS/data/TID2013/distorted_images/i13_11_3.bmp,4.69048,13,11,3
i13_11_4.bmp,/kaggle/working/MDFS/data/TID2013/distorted_images/i13_11_4.bmp,4.34884,13,11,4
i13_11_5.bmp,/kaggle/working/MDFS/data/TID2013/distorted_images/i13_11_5.bmp,2.38095,13,11,5
i13_12_1.bmp,/kaggle/working/MDFS/data/TID2013/distorted_images/i13_12_1.bmp,5.23256,13,12,1
i13_12_2.bmp,/kaggle/working/MDFS/data/TID2013/distorted_images/i13_12_2.bmp,5.44186,13,12,2
i13_12_3.bmp,/kaggle/working/MDFS/data/TID2013/distorted_images/i13_12_3.bmp,5.11628,13,12,3
i13_12_4.bmp,/kaggle/working/MDFS/data/TID2013/distorted_images/i13_12_4.bmp,5.2619,13,12,4
i13_12_5.bmp,/kaggle/working/MDFS/data/TID2013/distorted_images/i13_12_5.bmp,5.04762,13,12,5
I13_13_1.BMP,/kaggle/working/MDFS/data/TID2013/distorted_images/I13_13_1.BMP,5.4186,13,13,1
i13_13_2.bmp,/kaggle/working/MDFS/data/TID2013/distorted_images/i13_13_2.bmp,4.92857,13,13,2
i13_13_3.bmp,/kaggle/working/MDFS/data/TID2013/distorted_images/i13_13_3.bmp,4.7907,13,13,3
i13_13_4.bmp,/kaggle/working/MDFS/data/TID2013/distorted_images/i13_13_4.bmp,3.63415,13,13,4
i13_13_5.bmp,/kaggle/working/MDFS/data/TID2013/distorted_images/i13_13_5.bmp,2.40476,13,13,5
i13_14_1.bmp,/kaggle/working/MDFS/data/TID2013/distorted_images/i13_14_1.bmp,5.64286,13,14,1
i13_14_2.bmp,/kaggle/working/MDFS/data/TID2013/distorted_images/i13_14_2.bmp,5.40476,13,14,2
i13_14_3.bmp,/kaggle/working/MDFS/data/TID2013/distorted_images/i13_14_3.bmp,5.7381,13,14,3
i13_14_4.bmp,/kaggle/working/MDFS/data/TID2013/distorted_images/i13_14_4.bmp,5.02326,13,14,4
i13_14_5.bmp,/kaggle/working/MDFS/data/TID2013/distorted_images/i13_14_5.bmp,3.97619,13,14,5
i13_15_1.bmp,/kaggle/working/MDFS/data/TID2013/distorted_images/i13_15_1.bmp,2.73171,13,15,1
i13_15_2.bmp,/kaggle/working/MDFS/data/TID2013/distorted_images/i13_15_2.bmp,2.87805,13,15,2
i13_15_3.bmp,/kaggle/working/MDFS/data/TID2013/distorted_images/i13_15_3.bmp,3.04762,13,15,3
i13_15_4.bmp,/kaggle/working/MDFS/data/TID2013/distorted_images/i13_15_4.bmp,3.57143,13,15,4
i13_15_5.bmp,/kaggle/working/MDFS/data/TID2013/distorted_images/i13_15_5.bmp,3.70732,13,15,5
i13_16_1.bmp,/kaggle/working/MDFS/data/TID2013/distorted_images/i13_16_1.bmp,5.60465,13,16,1
i13_16_2.bmp,/kaggle/working/MDFS/data/TID2013/distorted_images/i13_16_2.bmp,5.27907,13,16,2
i13_16_3.bmp,/kaggle/working/MDFS/data/TID2013/distorted_images/i13_16_3.bmp,5.43902,13,16,3
i13_16_4.bmp,/kaggle/working/MDFS/data/TID2013/distorted_images/i13_16_4.bmp,4.29268,13,16,4
i13_16_5.bmp,/kaggle/working/MDFS/data/TID2013/distorted_images/i13_16_5.bmp,4.44186,13,16,5
i13_17_1.bmp,/kaggle/working/MDFS/data/TID2013/distorted_images/i13_17_1.bmp,4.48837,13,17,1
i13_17_2.bmp,/kaggle/working/MDFS/data/TID2013/distorted_images/i13_17_2.bmp,6.62791,13,17,2
i13_17_3.bmp,/kaggle/working/MDFS/data/TID2013/distorted_images/i13_17_3.bmp,3.72093,13,17,3
i13_17_4.bmp,/kaggle/working/MDFS/data/TID2013/distorted_images/i13_17_4.bmp,6.48837,13,17,4
i13_17_5.bmp,/kaggle/working/MDFS/data/TID2013/distorted_images/i13_17_5.bmp,2.58537,13,17,5
i13_18_1.bmp,/kaggle/working/MDFS/data/TID2013/distorted_images/i13_18_1.bmp,3.95122,13,18,1
i13_18_2.bmp,/kaggle/working/MDFS/data/TID2013/distorted_images/i13_18_2.bmp,3.74419,13,18,2
i13_18_3.bmp,/kaggle/working/MDFS/data/TID2013/distorted_images/i13_18_3.bmp,3.14286,13,18,3
i13_18_4.bmp,/kaggle/working/MDFS/data/TID2013/distorted_images/i13_18_4.bmp,2.84615,13,18,4
i13_18_5.bmp,/kaggle/working/MDFS/data/TID2013/distorted_images/i13_18_5.bmp,2.73171,13,18,5
i13_19_1.bmp,/kaggle/working/MDFS/data/TID2013/distorted_images/i13_19_1.bmp,5.2439,13,19,1
i13_19_2.bmp,/kaggle/working/MDFS/data/TID2013/distorted_images/i13_19_2.bmp,5.2619,13,19,2
i13_19_3.bmp,/kaggle/working/MDFS/data/TID2013/distorted_images/i13_19_3.bmp,5.32558,13,19,3
i13_19_4.bmp,/kaggle/working/MDFS/data/TID2013/distorted_images/i13_19_4.bmp,4.5122,13,19,4
i13_19_5.bmp,/kaggle/working/MDFS/data/TID2013/distorted_images/i13_19_5.bmp,4.16279,13,19,5
i13_20_1.bmp,/kaggle/working/MDFS/data/TID2013/distorted_images/i13_20_1.bmp,5.67442,13,20,1
i13_20_2.bmp,/kaggle/working/MDFS/data/TID2013/distorted_images/i13_20_2.bmp,5.09524,13,20,2
i13_20_3.bmp,/kaggle/working/MDFS/data/TID2013/distorted_images/i13_20_3.bmp,5.52381,13,20,3
i13_20_4.bmp,/kaggle/working/MDFS/data/TID2013/distorted_images/i13_20_4.bmp,5.28571,13,20,4
i13_20_5.bmp,/kaggle/working/MDFS/data/TID2013/distorted_images/i13_20_5.bmp,5.23256,13,20,5
i13_21_1.bmp,/kaggle/working/MDFS/data/TID2013/distorted_images/i13_21_1.bmp,5.65116,13,21,1
i13_21_2.bmp,/kaggle/working/MDFS/data/TID2013/distorted_images/i13_21_2.bmp,5.54762,13,21,2
i13_21_3.bmp,/kaggle/working/MDFS/data/TID2013/distorted_images/i13_21_3.bmp,5.09524,13,21,3
i13_21_4.bmp,/kaggle/working/MDFS/data/TID2013/distorted_images/i13_21_4.bmp,4.72093,13,21,4
i13_21_5.bmp,/kaggle/working/MDFS/data/TID2013/distorted_images/i13_21_5.bmp,3.47619,13,21,5
i13_22_1.bmp,/kaggle/working/MDFS/data/TID2013/distorted_images/i13_22_1.bmp,5.42857,13,22,1
i13_22_2.bmp,/kaggle/working/MDFS/data/TID2013/distorted_images/i13_22_2.bmp,4.78049,13,22,2
i13_22_3.bmp,/kaggle/working/MDFS/data/TID2013/distorted_images/i13_22_3.bmp,3.97674,13,22,3
i13_22_4.bmp,/kaggle/working/MDFS/data/TID2013/distorted_images/i13_22_4.bmp,2.93023,13,22,4
i13_22_5.bmp,/kaggle/working/MDFS/data/TID2013/distorted_images/i13_22_5.bmp,2.4186,13,22,5
i13_23_1.bmp,/kaggle/working/MDFS/data/TID2013/distorted_images/i13_23_1.bmp,5.65116,13,23,1
i13_23_2.bmp,/kaggle/working/MDFS/data/TID2013/distorted_images/i13_23_2.bmp,5.39535,13,23,2
i13_23_3.bmp,/kaggle/working/MDFS/data/TID2013/distorted_images/i13_23_3.bmp,5.45,13,23,3
i13_23_4.bmp,/kaggle/working/MDFS/data/TID2013/distorted_images/i13_23_4.bmp,5.04651,13,23,4
i13_23_5.bmp,/kaggle/working/MDFS/data/TID2013/distorted_images/i13_23_5.bmp,5.2093,13,23,5
i13_24_1.bmp,/kaggle/working/MDFS/data/TID2013/distorted_images/i13_24_1.bmp,5.44186,13,24,1
i13_24_2.bmp,/kaggle/working/MDFS/data/TID2013/distorted_images/i13_24_2.bmp,5.19048,13,24,2
i13_24_3.bmp,/kaggle/working/MDFS/data/TID2013/distorted_images/i13_24_3.bmp,4.39535,13,24,3
i13_24_4.bmp,/kaggle/working/MDFS/data/TID2013/distorted_images/i13_24_4.bmp,3.86047,13,24,4
i13_24_5.bmp,/kaggle/working/MDFS/data/TID2013/distorted_images/i13_24_5.bmp,2.88095,13,24,5
I14_01_1.bmp,/kaggle/working/MDFS/data/TID2013/distorted_images/I14_01_1.bmp,5.89189,14,1,1
i14_01_2.bmp,/kaggle/working/MDFS/data/TID2013/distorted_images/i14_01_2.bmp,5.69444,14,1,2
i14_01_3.bmp,/kaggle/working/MDFS/data/TID2013/distorted_images/i14_01_3.bmp,4.77778,14,1,3
i14_01_4.bmp,/kaggle/working/MDFS/data/TID2013/distorted_images/i14_01_4.bmp,4.31429,14,1,4
i14_01_5.bmp,/kaggle/working/MDFS/data/TID2013/distorted_images/i14_01_5.bmp,3.75,14,1,5
i14_02_1.bmp,/kaggle/working/MDFS/data/TID2013/distorted_images/i14_02_1.bmp,5.97297,14,2,1
i14_02_2.bmp,/kaggle/working/MDFS/data/TID2013/distorted_images/i14_02_2.bmp,5.91667,14,2,2
i14_02_3.bmp,/kaggle/working/MDFS/data/TID2013/distorted_images/i14_02_3.bmp,5.77143,14,2,3
i14_02_4.bmp,/kaggle/working/MDFS/data/TID2013/distorted_images/i14_02_4.bmp,5.13889,14,2,4
i14_02_5.bmp,/kaggle/working/MDFS/data/TID2013/distorted_images/i14_02_5.bmp,4.52778,14,2,5
i14_03_1.bmp,/kaggle/working/MDFS/data/TID2013/distorted_images/i14_03_1.bmp,5.19444,14,3,1
i14_03_2.bmp,/kaggle/working/MDFS/data/TID2013/distorted_images/i14_03_2.bmp,4.43243,14,3,2
i14_03_3.bmp,/kaggle/working/MDFS/data/TID2013/distorted_images/i14_03_3.bmp,3.77778,14,3,3
i14_03_4.bmp,/kaggle/working/MDFS/data/TID2013/distorted_images/i14_03_4.bmp,3.08333,14,3,4
i14_03_5.bmp,/kaggle/working/MDFS/data/TID2013/distorted_images/i14_03_5.bmp,2.59459,14,3,5
i14_04_1.bmp,/kaggle/working/MDFS/data/TID2013/distorted_images/i14_04_1.bmp,6.02857,14,4,1
i14_04_2.bmp,/kaggle/working/MDFS/data/TID2013/distorted_images/i14_04_2.bmp,5.63889,14,4,2
i14_04_3.bmp,/kaggle/working/MDFS/data/TID2013/distorted_images/i14_04_3.bmp,5.5,14,4,3
i14_04_4.bmp,/kaggle/working/MDFS/data/TID2013/distorted_images/i14_04_4.bmp,4.65714,14,4,4
i14_04_5.bmp,/kaggle/working/MDFS/data/TID2013/distorted_images/i14_04_5.bmp,4.02778,14,4,5
i14_05_1.bmp,/kaggle/working/MDFS/data/TID2013/distorted_images/i14_05_1.bmp,6.05405,14,5,1
i14_05_2.bmp,/kaggle/working/MDFS/data/TID2013/distorted_images/i14_05_2.bmp,5.59459,14,5,2
i14_05_3.bmp,/kaggle/working/MDFS/data/TID2013/distorted_images/i14_05_3.bmp,4.97222,14,5,3
i14_05_4.bmp,/kaggle/working/MDFS/data/TID2013/distorted_images/i14_05_4.bmp,4.16216,14,5,4
i14_05_5.bmp,/kaggle/working/MDFS/data/TID2013/distorted_images/i14_05_5.bmp,3.02703,14,5,5
i14_06_1.bmp,/kaggle/working/MDFS/data/TID2013/distorted_images/i14_06_1.bmp,5.08333,14,6,1
i14_06_2.bmp,/kaggle/working/MDFS/data/TID2013/distorted_images/i14_06_2.bmp,4.33333,14,6,2
i14_06_3.bmp,/kaggle/working/MDFS/data/TID2013/distorted_images/i14_06_3.bmp,4.02778,14,6,3
i14_06_4.bmp,/kaggle/working/MDFS/data/TID2013/distorted_images/i14_06_4.bmp,3.77778,14,6,4
i14_06_5.bmp,/kaggle/working/MDFS/data/TID2013/distorted_images/i14_06_5.bmp,3.16667,14,6,5
i14_07_1.bmp,/kaggle/working/MDFS/data/TID2013/distorted_images/i14_07_1.bmp,5.72222,14,7,1
i14_07_2.bmp,/kaggle/working/MDFS/data/TID2013/distorted_images/i14_07_2.bmp,5.44444,14,7,2
i14_07_3.bmp,/kaggle/working/MDFS/data/TID2013/distorted_images/i14_07_3.bmp,4.27778,14,7,3
i14_07_4.bmp,/kaggle/working/MDFS/data/TID2013/distorted_images/i14_07_4.bmp,3.61111,14,7,4
i14_07_5.bmp,/kaggle/working/MDFS/data/TID2013/distorted_images/i14_07_5.bmp,2.91892,14,7,5
i14_08_1.bmp,/kaggle/working/MDFS/data/TID2013/distorted_images/i14_08_1.bmp,5.43243,14,8,1
i14_08_2.bmp,/kaggle/working/MDFS/data/TID2013/distorted_images/i14_08_2.bmp,4.55556,14,8,2
i14_08_3.bmp,/kaggle/working/MDFS/data/TID2013/distorted_images/i14_08_3.bmp,3.48649,14,8,3
i14_08_4.bmp,/kaggle/working/MDFS/data/TID2013/distorted_images/i14_08_4.bmp,2.83784,14,8,4
i14_08_5.bmp,/kaggle/working/MDFS/data/TID2013/distorted_images/i14_08_5.bmp,1.59459,14,8,5
i14_09_1.bmp,/kaggle/working/MDFS/data/TID2013/distorted_images/i14_09_1.bmp,6.05405,14,9,1
i14_09_2.bmp,/kaggle/working/MDFS/data/TID2013/distorted_images/i14_09_2.bmp,5.89189,14,9,2
i14_09_3.bmp,/kaggle/working/MDFS/data/TID2013/distorted_images/i14_09_3.bmp,4.5,14,9,3
i14_09_4.bmp,/kaggle/working/MDFS/data/TID2013/distorted_images/i14_09_4.bmp,2.89189,14,9,4
i14_09_5.bmp,/kaggle/working/MDFS/data/TID2013/distorted_images/i14_09_5.bmp,1.75,14,9,5
i14_10_1.bmp,/kaggle/working/MDFS/data/TID2013/distorted_images/i14_10_1.bmp,5.77778,14,10,1
i14_10_2.bmp,/kaggle/working/MDFS/data/TID2013/distorted_images/i14_10_2.bmp,5.16667,14,10,2
i14_10_3.bmp,/kaggle/working/MDFS/data/TID2013/distorted_images/i14_10_3.bmp,4.25,14,10,3
i14_10_4.bmp,/kaggle/working/MDFS/data/TID2013/distorted_images/i14_10_4.bmp,3.05556,14,10,4
i14_10_5.bmp,/kaggle/working/MDFS/data/TID2013/distorted_images/i14_10_5.bmp,1.86111,14,10,5
I14_11_1.BMP,/kaggle/working/MDFS/data/TID2013/distorted_images/I14_11_1.BMP,5.97297,14,11,1
i14_11_2.bmp,/kaggle/working/MDFS/data/TID2013/distorted_images/i14_11_2.bmp,5.47222,14,11,2
i14_11_3.bmp,/kaggle/working/MDFS/data/TID2013/distorted_images/i14_11_3.bmp,4.24324,14,11,3
i14_11_4.bmp,/kaggle/working/MDFS/data/TID2013/distorted_images/i14_11_4.bmp,3.08333,14,11,4
i14_11_5.bmp,/kaggle/working/MDFS/data/TID2013/distorted_images/i14_11_5.bmp,1.28571,14,11,5
i14_12_1.bmp,/kaggle/working/MDFS/data/TID2013/distorted_images/i14_12_1.bmp,5.81081,14,12,1
i14_12_2.bmp,/kaggle/working/MDFS/data/TID2013/distorted_images/i14_12_2.bmp,5.64706,14,12,2
i14_12_3.bmp,/kaggle/working/MDFS/data/TID2013/distorted_images/i14_12_3.bmp,4.05714,14,12,3
i14_12_4.bmp,/kaggle/working/MDFS/data/TID2013/distorted_images/i14_12_4.bmp,4.13514,14,12,4
i14_12_5.bmp,/kaggle/working/MDFS/data/TID2013/distorted_images/i14_12_5.bmp,3.18919,14,12,5
I14_13_1.BMP,/kaggle/working/MDFS/data/TID2013/distorted_images/I14_13_1.BMP,5.02703,14,13,1
i14_13_2.bmp,/kaggle/working/MDFS/data/TID2013/distorted_images/i14_13_2.bmp,4.52778,14,13,2
i14_13_3.bmp,/kaggle/working/MDFS/data/TID2013/distorted_images/i14_13_3.bmp,3.62162,14,13,3
i14_13_4.bmp,/kaggle/working/MDFS/data/TID2013/distorted_images/i14_13_4.bmp,3.08333,14,13,4
i14_13_5.bmp,/kaggle/working/MDFS/data/TID2013/distorted_images/i14_13_5.bmp,1.91667,14,13,5
i14_14_1.bmp,/kaggle/working/MDFS/data/TID2013/distorted_images/i14_14_1.bmp,6.05405,14,14,1
i14_14_2.bmp,/kaggle/working/MDFS/data/TID2013/distorted_images/i14_14_2.bmp,5.7027,14,14,2
i14_14_3.bmp,/kaggle/working/MDFS/data/TID2013/distorted_images/i14_14_3.bmp,4.69444,14,14,3
i14_14_4.bmp,/kaggle/working/MDFS/data/TID2013/distorted_images/i14_14_4.bmp,4.16667,14,14,4
i14_14_5.bmp,/kaggle/working/MDFS/data/TID2013/distorted_images/i14_14_5.bmp,3.37143,14,14,5
i14_15_1.bmp,/kaggle/working/MDFS/data/TID2013/distorted_images/i14_15_1.bmp,2.94595,14,15,1
i14_15_2.bmp,/kaggle/working/MDFS/data/TID2013/distorted_images/i14_15_2.bmp,3.35135,14,15,2
i14_15_3.bmp,/kaggle/working/MDFS/data/TID2013/distorted_images/i14_15_3.bmp,3.52941,14,15,3
i14_15_4.bmp,/kaggle/working/MDFS/data/TID2013/distorted_images/i14_15_4.bmp,3.62162,14,15,4
i14_15_5.bmp,/kaggle/working/MDFS/data/TID2013/distorted_images/i14_15_5.bmp,3.97297,14,15,5
i14_16_1.bmp,/kaggle/working/MDFS/data/TID2013/distorted_images/i14_16_1.bmp,5.77143,14,16,1
i14_16_2.bmp,/kaggle/working/MDFS/data/TID2013/distorted_images/i14_16_2.bmp,5.97297,14,16,2
i14_16_3.bmp,/kaggle/working/MDFS/data/TID2013/distorted_images/i14_16_3.bmp,5.30556,14,16,3
i14_16_4.bmp,/kaggle/working/MDFS/data/TID2013/distorted_images/i14_16_4.bmp,5.17143,14,16,4
i14_16_5.bmp,/kaggle/working/MDFS/data/TID2013/distorted_images/i14_16_5.bmp,4.02857,14,16,5
i14_17_1.bmp,/kaggle/working/MDFS/data/TID2013/distorted_images/i14_17_1.bmp,5.40541,14,17,1
i14_17_2.bmp,/kaggle/working/MDFS/data/TID2013/distorted_images/i14_17_2.bmp,6.43243,14,17,2
i14_17_3.bmp,/kaggle/working/MDFS/data/TID2013/distorted_images/i14_17_3.bmp,4.13889,14,17,3
i14_17_4.bmp,/kaggle/working/MDFS/data/TID2013/distorted_images/i14_17_4.bmp,5.91892,14,17,4
i14_17_5.bmp,/kaggle/working/MDFS/data/TID2013/distorted_images/i14_17_5.bmp,3.24324,14,17,5
i14_18_1.bmp,/kaggle/working/MDFS/data/TID2013/distorted_images/i14_18_1.bmp,5.37143,14,18,1
i14_18_2.bmp,/kaggle/working/MDFS/data/TID2013/distorted_images/i14_18_2.bmp,5.13889,14,18,2
i14_18_3.bmp,/kaggle/working/MDFS/data/TID2013/distorted_images/i14_18_3.bmp,4.66667,14,18,3
i14_18_4.bmp,/kaggle/working/MDFS/data/TID2013/distorted_images/i14_18_4.bmp,4.14706,14,18,4
i14_18_5.bmp,/kaggle/working/MDFS/data/TID2013/distorted_images/i14_18_5.bmp,3.75,14,18,5
i14_19_1.bmp,/kaggle/working/MDFS/data/TID2013/distorted_images/i14_19_1.bmp,5.37143,14,19,1
i14_19_2.bmp,/kaggle/working/MDFS/data/TID2013/distorted_images/i14_19_2.bmp,5.11111,14,19,2
i14_19_3.bmp,/kaggle/working/MDFS/data/TID2013/distorted_images/i14_19_3.bmp,4.97222,14,19,3
i14_19_4.bmp,/kaggle/working/MDFS/data/TID2013/distorted_images/i14_19_4.bmp,3.91429,14,19,4
i14_19_5.bmp,/kaggle/working/MDFS/data/TID2013/distorted_images/i14_19_5.bmp,3.22857,14,19,5
i14_20_1.bmp,/kaggle/working/MDFS/data/TID2013/distorted_images/i14_20_1.bmp,5.72222,14,20,1
i14_20_2.bmp,/kaggle/working/MDFS/data/TID2013/distorted_images/i14_20_2.bmp,5.59459,14,20,2
i14_20_3.bmp,/kaggle/working/MDFS/data/TID2013/distorted_images/i14_20_3.bmp,5.41667,14,20,3
i14_20_4.bmp,/kaggle/working/MDFS/data/TID2013/distorted_images/i14_20_4.bmp,4.19444,14,20,4
i14_20_5.bmp,/kaggle/working/MDFS/data/TID2013/distorted_images/i14_20_5.bmp,3.27027,14,20,5
i14_21_1.bmp,/kaggle/working/MDFS/data/TID2013/distorted_images/i14_21_1.bmp,5.2973,14,21,1
i14_21_2.bmp,/kaggle/working/MDFS/data/TID2013/distorted_images/i14_21_2.bmp,5.16667,14,21,2
i14_21_3.bmp,/kaggle/working/MDFS/data/TID2013/distorted_images/i14_21_3.bmp,4.54054,14,21,3
i14_21_4.bmp,/kaggle/working/MDFS/data/TID2013/distorted_images/i14_21_4.bmp,3.75,14,21,4
i14_21_5.bmp,/kaggle/working/MDFS/data/TID2013/distorted_images/i14_21_5.bmp,2.64865,14,21,5
i14_22_1.bmp,/kaggle/working/MDFS/data/TID2013/distorted_images/i14_22_1.bmp,5.40541,14,22,1
i14_22_2.bmp,/kaggle/working/MDFS/data/TID2013/distorted_images/i14_22_2.bmp,5.37143,14,22,2
i14_22_3.bmp,/kaggle/working/MDFS/data/TID2013/distorted_images/i14_22_3.bmp,5.05556,14,22,3
i14_22_4.bmp,/kaggle/working/MDFS/data/TID2013/distorted_images/i14_22_4.bmp,3.97143,14,22,4
i14_22_5.bmp,/kaggle/working/MDFS/data/TID2013/distorted_images/i14_22_5.bmp,3.27778,14,22,5
i14_23_1.bmp,/kaggle/working/MDFS/data/TID2013/distorted_images/i14_23_1.bmp,6.02778,14,23,1
i14_23_2.bmp,/kaggle/working/MDFS/data/TID2013/distorted_images/i14_23_2.bmp,6.02703,14,23,2
i14_23_3.bmp,/kaggle/working/MDFS/data/TID2013/distorted_images/i14_23_3.bmp,5.61111,14,23,3
i14_23_4.bmp,/kaggle/working/MDFS/data/TID2013/distorted_images/i14_23_4.bmp,5.0,14,23,4
i14_23_5.bmp,/kaggle/working/MDFS/data/TID2013/distorted_images/i14_23_5.bmp,2.77778,14,23,5
i14_24_1.bmp,/kaggle/working/MDFS/data/TID2013/distorted_images/i14_24_1.bmp,6.13514,14,24,1
i14_24_2.bmp,/kaggle/working/MDFS/data/TID2013/distorted_images/i14_24_2.bmp,5.58333,14,24,2
i14_24_3.bmp,/kaggle/working/MDFS/data/TID2013/distorted_images/i14_24_3.bmp,4.44444,14,24,3
i14_24_4.bmp,/kaggle/working/MDFS/data/TID2013/distorted_images/i14_24_4.bmp,3.18919,14,24,4
i14_24_5.bmp,/kaggle/working/MDFS/data/TID2013/distorted_images/i14_24_5.bmp,0.91892,14,24,5
I15_01_1.bmp,/kaggle/working/MDFS/data/TID2013/distorted_images/I15_01_1.bmp,5.82222,15,1,1
i15_01_2.bmp,/kaggle/working/MDFS/data/TID2013/distorted_images/i15_01_2.bmp,5.06818,15,1,2
i15_01_3.bmp,/kaggle/working/MDFS/data/TID2013/distorted_images/i15_01_3.bmp,4.95556,15,1,3
i15_01_4.bmp,/kaggle/working/MDFS/data/TID2013/distorted_images/i15_01_4.bmp,4.27907,15,1,4
i15_01_5.bmp,/kaggle/working/MDFS/data/TID2013/distorted_images/i15_01_5.bmp,3.91111,15,1,5
i15_02_1.bmp,/kaggle/working/MDFS/data/TID2013/distorted_images/i15_02_1.bmp,6.09091,15,2,1
i15_02_2.bmp,/kaggle/working/MDFS/data/TID2013/distorted_images/i15_02_2.bmp,5.81818,15,2,2
i15_02_3.bmp,/kaggle/working/MDFS/data/TID2013/distorted_images/i15_02_3.bmp,5.63636,15,2,3
i15_02_4.bmp,/kaggle/working/MDFS/data/TID2013/distorted_images/i15_02_4.bmp,4.88636,15,2,4
i15_02_5.bmp,/kaggle/working/MDFS/data/TID2013/distorted_images/i15_02_5.bmp,4.63636,15,2,5
i15_03_1.bmp,/kaggle/working/MDFS/data/TID2013/distorted_images/i15_03_1.bmp,4.32558,15,3,1
i15_03_2.bmp,/kaggle/working/MDFS/data/TID2013/distorted_images/i15_03_2.bmp,3.81395,15,3,2
i15_03_3.bmp,/kaggle/working/MDFS/data/TID2013/distorted_images/i15_03_3.bmp,3.61364,15,3,3
i15_03_4.bmp,/kaggle/working/MDFS/data/TID2013/distorted_images/i15_03_4.bmp,3.17778,15,3,4
i15_03_5.bmp,/kaggle/working/MDFS/data/TID2013/distorted_images/i15_03_5.bmp,2.62791,15,3,5
i15_04_1.bmp,/kaggle/working/MDFS/data/TID2013/distorted_images/i15_04_1.bmp,6.02273,15,4,1
i15_04_2.bmp,/kaggle/working/MDFS/data/TID2013/distorted_images/i15_04_2.bmp,6.04444,15,4,2
i15_04_3.bmp,/kaggle/working/MDFS/data/TID2013/distorted_images/i15_04_3.bmp,5.83721,15,4,3
i15_04_4.bmp,/kaggle/working/MDFS/data/TID2013/distorted_images/i15_04_4.bmp,5.77778,15,4,4
i15_04_5.bmp,/kaggle/working/MDFS/data/TID2013/distorted_images/i15_04_5.bmp,4.97727,15,4,5
i15_05_1.bmp,/kaggle/working/MDFS/data/TID2013/distorted_images/i15_05_1.bmp,5.78571,15,5,1
i15_05_2.bmp,/kaggle/working/MDFS/data/TID2013/distorted_images/i15_05_2.bmp,5.65116,15,5,2
i15_05_3.bmp,/kaggle/working/MDFS/data/TID2013/distorted_images/i15_05_3.bmp,5.11364,15,5,3
i15_05_4.bmp,/kaggle/working/MDFS/data/TID2013/distorted_images/i15_05_4.bmp,4.06818,15,5,4
i15_05_5.bmp,/kaggle/working/MDFS/data/TID2013/distorted_images/i15_05_5.bmp,3.31818,15,5,5
i15_06_1.bmp,/kaggle/working/MDFS/data/TID2013/distorted_images/i15_06_1.bmp,4.43182,15,6,1
i15_06_2.bmp,/kaggle/working/MDFS/data/TID2013/distorted_images/i15_06_2.bmp,4.17778,15,6,2
i15_06_3.bmp,/kaggle/working/MDFS/data/TID2013/distorted_images/i15_06_3.bmp,3.97674,15,6,3
i15_06_4.bmp,/kaggle/working/MDFS/data/TID2013/distorted_images/i15_06_4.bmp,3.36364,15,6,4
i15_06_5.bmp,/kaggle/working/MDFS/data/TID2013/distorted_images/i15_06_5.bmp,3.17778,15,6,5
i15_07_1.bmp,/kaggle/working/MDFS/data/TID2013/distorted_images/i15_07_1.bmp,4.81395,15,7,1
i15_07_2.bmp,/kaggle/working/MDFS/data/TID2013/distorted_images/i15_07_2.bmp,3.93023,15,7,2
i15_07_3.bmp,/kaggle/working/MDFS/data/TID2013/distorted_images/i15_07_3.bmp,3.61364,15,7,3
i15_07_4.bmp,/kaggle/working/MDFS/data/TID2013/distorted_images/i15_07_4.bmp,2.91111,15,7,4
i15_07_5.bmp,/kaggle/working/MDFS/data/TID2013/distorted_images/i15_07_5.bmp,2.44444,15,7,5
i15_08_1.bmp,/kaggle/working/MDFS/data/TID2013/distorted_images/i15_08_1.bmp,5.95556,15,8,1
i15_08_2.bmp,/kaggle/working/MDFS/data/TID2013/distorted_images/i15_08_2.bmp,6.06667,15,8,2
i15_08_3.bmp,/kaggle/working/MDFS/data/TID2013/distorted_images/i15_08_3.bmp,5.13636,15,8,3
i15_08_4.bmp,/kaggle/working/MDFS/data/TID2013/distorted_images/i15_08_4.bmp,3.93182,15,8,4
i15_08_5.bmp,/kaggle/working/MDFS/data/TID2013/distorted_images/i15_08_5.bmp,3.36364,15,8,5
i15_09_1.bmp,/kaggle/working/MDFS/data/TID2013/distorted_images/i15_09_1.bmp,5.93023,15,9,1
i15_09_2.bmp,/kaggle/working/MDFS/data/TID2013/distorted_images/i15_09_2.bmp,5.54545,15,9,2
i15_09_3.bmp,/kaggle/working/MDFS/data/TID2013/distorted_images/i15_09_3.bmp,4.69767,15,9,3
i15_09_4.bmp,/kaggle/working/MDFS/data/TID2013/distorted_images/i15_09_4.bmp,3.74419,15,9,4
i15_09_5.bmp,/kaggle/working/MDFS/data/TID2013/distorted_images/i15_09_5.bmp,2.5,15,9,5
i15_10_1.bmp,/kaggle/working/MDFS/data/TID2013/distorted_images/i15_10_1.bmp,5.77778,15,10,1
i15_10_2.bmp,/kaggle/working/MDFS/data/TID2013/distorted_images/i15_10_2.bmp,5.70455,15,10,2
i15_10_3.bmp,/kaggle/working/MDFS/data/TID2013/distorted_images/i15_10_3.bmp,4.6,15,10,3
i15_10_4.bmp,/kaggle/working/MDFS/data/TID2013/distorted_images/i15_10_4.bmp,3.17778,15,10,4
i15_10_5.bmp,/kaggle/working/MDFS/data/TID2013/distorted_images/i15_10_5.bmp,1.86667,15,10,5
I15_11_1.BMP,/kaggle/working/MDFS/data/TID2013/distorted_images/I15_11_1.BMP,5.84444,15,11,1
i15_11_2.bmp,/kaggle/working/MDFS/data/TID2013/distorted_images/i15_11_2.bmp,4.4,15,11,2
i15_11_3.bmp,/kaggle/working/MDFS/data/TID2013/distorted_images/i15_11_3.bmp,3.04878,15,11,3
i15_11_4.bmp,/kaggle/working/MDFS/data/TID2013/distorted_images/i15_11_4.bmp,2.0,15,11,4
i15_11_5.bmp,/kaggle/working/MDFS/data/TID2013/distorted_images/i15_11_5.bmp,0.65116,15,11,5
i15_12_1.bmp,/kaggle/working/MDFS/data/TID2013/distorted_images/i15_12_1.bmp,5.66667,15,12,1
i15_12_2.bmp,/kaggle/working/MDFS/data/TID2013/distorted_images/i15_12_2.bmp,5.40909,15,12,2
i15_12_3.bmp,/kaggle/working/MDFS/data/TID2013/distorted_images/i15_12_3.bmp,4.22222,15,12,3
i15_12_4.bmp,/kaggle/working/MDFS/data/TID2013/distorted_images/i15_12_4.bmp,3.2,15,12,4
i15_12_5.bmp,/kaggle/working/MDFS/data/TID2013/distorted_images/i15_12_5.bmp,2.56818,15,12,5
I15_13_1.BMP,/kaggle/working/MDFS/data/TID2013/distorted_images/I15_13_1.BMP,4.84091,15,13,1
i15_13_2.bmp,/kaggle/working/MDFS/data/TID2013/distorted_images/i15_13_2.bmp,3.76744,15,13,2
i15_13_3.bmp,/kaggle/working/MDFS/data/TID2013/distorted_images/i15_13_3.bmp,3.34884,15,13,3
i15_13_4.bmp,/kaggle/working/MDFS/data/TID2013/distorted_images/i15_13_4.bmp,2.86364,15,13,4
i15_13_5.bmp,/kaggle/working/MDFS/data/TID2013/distorted_images/i15_13_5.bmp,2.11364,15,13,5
i15_14_1.bmp,/kaggle/working/MDFS/data/TID2013/distorted_images/i15_14_1.bmp,5.59091,15,14,1
i15_14_2.bmp,/kaggle/working/MDFS/data/TID2013/distorted_images/i15_14_2.bmp,6.15556,15,14,2
i15_14_3.bmp,/kaggle/working/MDFS/data/TID2013/distorted_images/i15_14_3.bmp,5.95556,15,14,3
i15_14_4.bmp,/kaggle/working/MDFS/data/TID2013/distorted_images/i15_14_4.bmp,5.02381,15,14,4
i15_14_5.bmp,/kaggle/working/MDFS/data/TID2013/distorted_images/i15_14_5.bmp,3.79545,15,14,5
i15_15_1.bmp,/kaggle/working/MDFS/data/TID2013/distorted_images/i15_15_1.bmp,3.88636,15,15,1
i15_15_2.bmp,/kaggle/working/MDFS/data/TID2013/distorted_images/i15_15_2.bmp,4.02273,15,15,2
i15_15_3.bmp,/kaggle/working/MDFS/data/TID2013/distorted_images/i15_15_3.bmp,3.95455,15,15,3
i15_15_4.bmp,/kaggle/working/MDFS/data/TID2013/distorted_images/i15_15_4.bmp,4.13636,15,15,4
i15_15_5.bmp,/kaggle/working/MDFS/data/TID2013/distorted_images/i15_15_5.bmp,4.95455,15,15,5
i15_16_1.bmp,/kaggle/working/MDFS/data/TID2013/distorted_images/i15_16_1.bmp,6.22727,15,16,1
i15_16_2.bmp,/kaggle/working/MDFS/data/TID2013/distorted_images/i15_16_2.bmp,5.90698,15,16,2
i15_16_3.bmp,/kaggle/working/MDFS/data/TID2013/distorted_images/i15_16_3.bmp,5.42222,15,16,3
i15_16_4.bmp,/kaggle/working/MDFS/data/TID2013/distorted_images/i15_16_4.bmp,5.38636,15,16,4
i15_16_5.bmp,/kaggle/working/MDFS/data/TID2013/distorted_images/i15_16_5.bmp,4.02326,15,16,5
i15_17_1.bmp,/kaggle/working/MDFS/data/TID2013/distorted_images/i15_17_1.bmp,5.93182,15,17,1
i15_17_2.bmp,/kaggle/working/MDFS/data/TID2013/distorted_images/i15_17_2.bmp,6.66667,15,17,2
i15_17_3.bmp,/kaggle/working/MDFS/data/TID2013/distorted_images/i15_17_3.bmp,5.0,15,17,3
i15_17_4.bmp,/kaggle/working/MDFS/data/TID2013/distorted_images/i15_17_4.bmp,6.31111,15,17,4
i15_17_5.bmp,/kaggle/working/MDFS/data/TID2013/distorted_images/i15_17_5.bmp,3.82222,15,17,5
i15_18_1.bmp,/kaggle/working/MDFS/data/TID2013/distorted_images/i15_18_1.bmp,5.15556,15,18,1
i15_18_2.bmp,/kaggle/working/MDFS/data/TID2013/distorted_images/i15_18_2.bmp,4.81395,15,18,2
i15_18_3.bmp,/kaggle/working/MDFS/data/TID2013/distorted_images/i15_18_3.bmp,4.37209,15,18,3
i15_18_4.bmp,/kaggle/working/MDFS/data/TID2013/distorted_images/i15_18_4.bmp,4.09091,15,18,4
i15_18_5.bmp,/kaggle/working/MDFS/data/TID2013/distorted_images/i15_18_5.bmp,3.76744,15,18,5
i15_19_1.bmp,/kaggle/working/MDFS/data/TID2013/distorted_images/i15_19_1.bmp,5.90909,15,19,1
i15_19_2.bmp,/kaggle/working/MDFS/data/TID2013/distorted_images/i15_19_2.bmp,5.33333,15,19,2
i15_19_3.bmp,/kaggle/working/MDFS/data/TID2013/distorted_images/i15_19_3.bmp,4.72093,15,19,3
i15_19_4.bmp,/kaggle/working/MDFS/data/TID2013/distorted_images/i15_19_4.bmp,4.37209,15,19,4
i15_19_5.bmp,/kaggle/working/MDFS/data/TID2013/distorted_images/i15_19_5.bmp,3.91111,15,19,5
i15_20_1.bmp,/kaggle/working/MDFS/data/TID2013/distorted_images/i15_20_1.bmp,6.32558,15,20,1
i15_20_2.bmp,/kaggle/working/MDFS/data/TID2013/distorted_images/i15_20_2.bmp,5.64444,15,20,2
i15_20_3.bmp,/kaggle/working/MDFS/data/TID2013/distorted_images/i15_20_3.bmp,4.74419,15,20,3
i15_20_4.bmp,/kaggle/working/MDFS/data/TID2013/distorted_images/i15_20_4.bmp,3.13333,15,20,4
i15_20_5.bmp,/kaggle/working/MDFS/data/TID2013/distorted_images/i15_20_5.bmp,2.44444,15,20,5
i15_21_1.bmp,/kaggle/working/MDFS/data/TID2013/distorted_images/i15_21_1.bmp,5.22727,15,21,1
i15_21_2.bmp,/kaggle/working/MDFS/data/TID2013/distorted_images/i15_21_2.bmp,4.55556,15,21,2
i15_21_3.bmp,/kaggle/working/MDFS/data/TID2013/distorted_images/i15_21_3.bmp,3.91111,15,21,3
i15_21_4.bmp,/kaggle/working/MDFS/data/TID2013/distorted_images/i15_21_4.bmp,3.11364,15,21,4
i15_21_5.bmp,/kaggle/working/MDFS/data/TID2013/distorted_images/i15_21_5.bmp,2.30233,15,21,5
i15_22_1.bmp,/kaggle/working/MDFS/data/TID2013/distorted_images/i15_22_1.bmp,6.33333,15,22,1
i15_22_2.bmp,/kaggle/working/MDFS/data/TID2013/distorted_images/i15_22_2.bmp,5.8,15,22,2
i15_22_3.bmp,/kaggle/working/MDFS/data/TID2013/distorted_images/i15_22_3.bmp,5.38636,15,22,3
i15_22_4.bmp,/kaggle/working/MDFS/data/TID2013/distorted_images/i15_22_4.bmp,4.48889,15,22,4
i15_22_5.bmp,/kaggle/working/MDFS/data/TID2013/distorted_images/i15_22_5.bmp,3.71111,15,22,5
i15_23_1.bmp,/kaggle/working/MDFS/data/TID2013/distorted_images/i15_23_1.bmp,5.90909,15,23,1
i15_23_2.bmp,/kaggle/working/MDFS/data/TID2013/distorted_images/i15_23_2.bmp,5.90909,15,23,2
i15_23_3.bmp,/kaggle/working/MDFS/data/TID2013/distorted_images/i15_23_3.bmp,5.36364,15,23,3
i15_23_4.bmp,/kaggle/working/MDFS/data/TID2013/distorted_images/i15_23_4.bmp,4.47727,15,23,4
i15_23_5.bmp,/kaggle/working/MDFS/data/TID2013/distorted_images/i15_23_5.bmp,3.37209,15,23,5
i15_24_1.bmp,/kaggle/working/MDFS/data/TID2013/distorted_images/i15_24_1.bmp,5.77273,15,24,1
i15_24_2.bmp,/kaggle/working/MDFS/data/TID2013/distorted_images/i15_24_2.bmp,4.81395,15,24,2
i15_24_3.bmp,/kaggle/working/MDFS/data/TID2013/distorted_images/i15_24_3.bmp,3.22727,15,24,3
i15_24_4.bmp,/kaggle/working/MDFS/data/TID2013/distorted_images/i15_24_4.bmp,1.88636,15,24,4
i15_24_5.bmp,/kaggle/working/MDFS/data/TID2013/distorted_images/i15_24_5.bmp,0.72727,15,24,5
I16_01_1.bmp,/kaggle/working/MDFS/data/TID2013/distorted_images/I16_01_1.bmp,5.61538,16,1,1
i16_01_2.bmp,/kaggle/working/MDFS/data/TID2013/distorted_images/i16_01_2.bmp,5.65,16,1,2
i16_01_3.bmp,/kaggle/working/MDFS/data/TID2013/distorted_images/i16_01_3.bmp,5.02632,16,1,3
i16_01_4.bmp,/kaggle/working/MDFS/data/TID2013/distorted_images/i16_01_4.bmp,4.15385,16,1,4
i16_01_5.bmp,/kaggle/working/MDFS/data/TID2013/distorted_images/i16_01_5.bmp,3.94872,16,1,5
i16_02_1.bmp,/kaggle/working/MDFS/data/TID2013/distorted_images/i16_02_1.bmp,5.9,16,2,1
i16_02_2.bmp,/kaggle/working/MDFS/data/TID2013/distorted_images/i16_02_2.bmp,6.15,16,2,2
i16_02_3.bmp,/kaggle/working/MDFS/data/TID2013/distorted_images/i16_02_3.bmp,5.575,16,2,3
i16_02_4.bmp,/kaggle/working/MDFS/data/TID2013/distorted_images/i16_02_4.bmp,5.2,16,2,4
i16_02_5.bmp,/kaggle/working/MDFS/data/TID2013/distorted_images/i16_02_5.bmp,4.61538,16,2,5
i16_03_1.bmp,/kaggle/working/MDFS/data/TID2013/distorted_images/i16_03_1.bmp,4.74359,16,3,1
i16_03_2.bmp,/kaggle/working/MDFS/data/TID2013/distorted_images/i16_03_2.bmp,4.07895,16,3,2
i16_03_3.bmp,/kaggle/working/MDFS/data/TID2013/distorted_images/i16_03_3.bmp,3.69231,16,3,3
i16_03_4.bmp,/kaggle/working/MDFS/data/TID2013/distorted_images/i16_03_4.bmp,3.23684,16,3,4
i16_03_5.bmp,/kaggle/working/MDFS/data/TID2013/distorted_images/i16_03_5.bmp,2.79487,16,3,5
i16_04_1.bmp,/kaggle/working/MDFS/data/TID2013/distorted_images/i16_04_1.bmp,5.825,16,4,1
i16_04_2.bmp,/kaggle/working/MDFS/data/TID2013/distorted_images/i16_04_2.bmp,5.82051,16,4,2
i16_04_3.bmp,/kaggle/working/MDFS/data/TID2013/distorted_images/i16_04_3.bmp,5.75,16,4,3
i16_04_4.bmp,/kaggle/working/MDFS/data/TID2013/distorted_images/i16_04_4.bmp,5.12821,16,4,4
i16_04_5.bmp,/kaggle/working/MDFS/data/TID2013/distorted_images/i16_04_5.bmp,4.61538,16,4,5
i16_05_1.bmp,/kaggle/working/MDFS/data/TID2013/distorted_images/i16_05_1.bmp,5.8,16,5,1
i16_05_2.bmp,/kaggle/working/MDFS/data/TID2013/distorted_images/i16_05_2.bmp,5.61538,16,5,2
i16_05_3.bmp,/kaggle/working/MDFS/data/TID2013/distorted_images/i16_05_3.bmp,5.23077,16,5,3
i16_05_4.bmp,/kaggle/working/MDFS/data/TID2013/distorted_images/i16_05_4.bmp,4.35,16,5,4
i16_05_5.bmp,/kaggle/working/MDFS/data/TID2013/distorted_images/i16_05_5.bmp,3.39474,16,5,5
i16_06_1.bmp,/kaggle/working/MDFS/data/TID2013/distorted_images/i16_06_1.bmp,5.28205,16,6,1
i16_06_2.bmp,/kaggle/working/MDFS/data/TID2013/distorted_images/i16_06_2.bmp,4.82051,16,6,2
i16_06_3.bmp,/kaggle/working/MDFS/data/TID2013/distorted_images/i16_06_3.bmp,4.53846,16,6,3
i16_06_4.bmp,/kaggle/working/MDFS/data/TID2013/distorted_images/i16_06_4.bmp,3.97368,16,6,4
i16_06_5.bmp,/kaggle/working/MDFS/data/TID2013/distorted_images/i16_06_5.bmp,3.58974,16,6,5
i16_07_1.bmp,/kaggle/working/MDFS/data/TID2013/distorted_images/i16_07_1.bmp,5.475,16,7,1
i16_07_2.bmp,/kaggle/working/MDFS/data/TID2013/distorted_images/i16_07_2.bmp,4.75,16,7,2
i16_07_3.bmp,/kaggle/working/MDFS/data/TID2013/distorted_images/i16_07_3.bmp,4.35,16,7,3
i16_07_4.bmp,/kaggle/working/MDFS/data/TID2013/distorted_images/i16_07_4.bmp,3.66667,16,7,4
i16_07_5.bmp,/kaggle/working/MDFS/data/TID2013/distorted_images/i16_07_5.bmp,3.10256,16,7,5
i16_08_1.bmp,/kaggle/working/MDFS/data/TID2013/distorted_images/i16_08_1.bmp,5.82051,16,8,1
i16_08_2.bmp,/kaggle/working/MDFS/data/TID2013/distorted_images/i16_08_2.bmp,5.225,16,8,2
i16_08_3.bmp,/kaggle/working/MDFS/data/TID2013/distorted_images/i16_08_3.bmp,4.275,16,8,3
i16_08_4.bmp,/kaggle/working/MDFS/data/TID2013/distorted_images/i16_08_4.bmp,3.61538,16,8,4
i16_08_5.bmp,/kaggle/working/MDFS/data/TID2013/distorted_images/i16_08_5.bmp,2.925,16,8,5
i16_09_1.bmp,/kaggle/working/MDFS/data/TID2013/distorted_images/i16_09_1.bmp,6.02564,16,9,1
i16_09_2.bmp,/kaggle/working/MDFS/data/TID2013/distorted_images/i16_09_2.bmp,5.76923,16,9,2
i16_09_3.bmp,/kaggle/working/MDFS/data/TID2013/distorted_images/i16_09_3.bmp,4.58974,16,9,3
i16_09_4.bmp,/kaggle/working/MDFS/data/TID2013/distorted_images/i16_09_4.bmp,3.12821,16,9,4
i16_09_5.bmp,/kaggle/working/MDFS/data/TID2013/distorted_images/i16_09_5.bmp,2.34211,16,9,5
i16_10_1.bmp,/kaggle/working/MDFS/data/TID2013/distorted_images/i16_10_1.bmp,5.9,16,10,1
i16_10_2.bmp,/kaggle/working/MDFS/data/TID2013/distorted_images/i16_10_2.bmp,5.76923,16,10,2
i16_10_3.bmp,/kaggle/working/MDFS/data/TID2013/distorted_images/i16_10_3.bmp,5.25641,16,10,3
i16_10_4.bmp,/kaggle/working/MDFS/data/TID2013/distorted_images/i16_10_4.bmp,3.61538,16,10,4
i16_10_5.bmp,/kaggle/working/MDFS/data/TID2013/distorted_images/i16_10_5.bmp,2.46154,16,10,5
I16_11_1.BMP,/kaggle/working/MDFS/data/TID2013/distorted_images/I16_11_1.BMP,5.875,16,11,1
i16_11_2.bmp,/kaggle/working/MDFS/data/TID2013/distorted_images/i16_11_2.bmp,5.075,16,11,2
i16_11_3.bmp,/kaggle/working/MDFS/data/TID2013/distorted_images/i16_11_3.bmp,2.89744,16,11,3
i16_11_4.bmp,/kaggle/working/MDFS/data/TID2013/distorted_images/i16_11_4.bmp,2.075,16,11,4
i16_11_5.bmp,/kaggle/working/MDFS/data/TID2013/distorted_images/i16_11_5.bmp,0.95,16,11,5
i16_12_1.bmp,/kaggle/working/MDFS/data/TID2013/distorted_images/i16_12_1.bmp,5.875,16,12,1
i16_12_2.bmp,/kaggle/working/MDFS/data/TID2013/distorted_images/i16_12_2.bmp,5.575,16,12,2
i16_12_3.bmp,/kaggle/working/MDFS/data/TID2013/distorted_images/i16_12_3.bmp,4.925,16,12,3
i16_12_4.bmp,/kaggle/working/MDFS/data/TID2013/distorted_images/i16_12_4.bmp,3.28205,16,12,4
i16_12_5.bmp,/kaggle/working/MDFS/data/TID2013/distorted_images/i16_12_5.bmp,2.6,16,12,5
I16_13_1.BMP,/kaggle/working/MDFS/data/TID2013/distorted_images/I16_13_1.BMP,4.6,16,13,1
i16_13_2.bmp,/kaggle/working/MDFS/data/TID2013/distorted_images/i16_13_2.bmp,3.81579,16,13,2
i16_13_3.bmp,/kaggle/working/MDFS/data/TID2013/distorted_images/i16_13_3.bmp,4.46154,16,13,3
i16_13_4.bmp,/kaggle/working/MDFS/data/TID2013/distorted_images/i16_13_4.bmp,3.05128,16,13,4
i16_13_5.bmp,/kaggle/working/MDFS/data/TID2013/distorted_images/i16_13_5.bmp,3.625,16,13,5
i16_14_1.bmp,/kaggle/working/MDFS/data/TID2013/distorted_images/i16_14_1.bmp,5.76923,16,14,1
i16_14_2.bmp,/kaggle/working/MDFS/data/TID2013/distorted_images/i16_14_2.bmp,6.13158,16,14,2
i16_14_3.bmp,/kaggle/working/MDFS/data/TID2013/distorted_images/i16_14_3.bmp,5.61538,16,14,3
i16_14_4.bmp,/kaggle/working/MDFS/data/TID2013/distorted_images/i16_14_4.bmp,5.52632,16,14,4
i16_14_5.bmp,/kaggle/working/MDFS/data/TID2013/distorted_images/i16_14_5.bmp,4.575,16,14,5
i16_15_1.bmp,/kaggle/working/MDFS/data/TID2013/distorted_images/i16_15_1.bmp,3.41026,16,15,1
i16_15_2.bmp,/kaggle/working/MDFS/data/TID2013/distorted_images/i16_15_2.bmp,3.53846,16,15,2
i16_15_3.bmp,/kaggle/working/MDFS/data/TID2013/distorted_images/i16_15_3.bmp,3.475,16,15,3
i16_15_4.bmp,/kaggle/working/MDFS/data/TID2013/distorted_images/i16_15_4.bmp,3.65,16,15,4
i16_15_5.bmp,/kaggle/working/MDFS/data/TID2013/distorted_images/i16_15_5.bmp,4.02632,16,15,5
i16_16_1.bmp,/kaggle/working/MDFS/data/TID2013/distorted_images/i16_16_1.bmp,5.92308,16,16,1
i16_16_2.bmp,/kaggle/working/MDFS/data/TID2013/distorted_images/i16_16_2.bmp,6.275,16,16,2
i16_16_3.bmp,/kaggle/working/MDFS/data/TID2013/distorted_images/i16_16_3.bmp,5.68421,16,16,3
i16_16_4.bmp,/kaggle/working/MDFS/data/TID2013/distorted_images/i16_16_4.bmp,5.75,16,16,4
i16_16_5.bmp,/kaggle/working/MDFS/data/TID2013/distorted_images/i16_16_5.bmp,4.61538,16,16,5
i16_17_1.bmp,/kaggle/working/MDFS/data/TID2013/distorted_images/i16_17_1.bmp,5.825,16,17,1
i16_17_2.bmp,/kaggle/working/MDFS/data/TID2013/distorted_images/i16_17_2.bmp,7.1,16,17,2
i16_17_3.bmp,/kaggle/working/MDFS/data/TID2013/distorted_images/i16_17_3.bmp,4.75,16,17,3
i16_17_4.bmp,/kaggle/working/MDFS/data/TID2013/distorted_images/i16_17_4.bmp,6.65,16,17,4
i16_17_5.bmp,/kaggle/working/MDFS/data/TID2013/distorted_images/i16_17_5.bmp,3.35897,16,17,5
i16_18_1.bmp,/kaggle/working/MDFS/data/TID2013/distorted_images/i16_18_1.bmp,4.6,16,18,1
i16_18_2.bmp,/kaggle/working/MDFS/data/TID2013/distorted_images/i16_18_2.bmp,4.39474,16,18,2
i16_18_3.bmp,/kaggle/working/MDFS/data/TID2013/distorted_images/i16_18_3.bmp,4.05,16,18,3
i16_18_4.bmp,/kaggle/working/MDFS/data/TID2013/distorted_images/i16_18_4.bmp,3.92308,16,18,4
i16_18_5.bmp,/kaggle/working/MDFS/data/TID2013/distorted_images/i16_18_5.bmp,3.94737,16,18,5
i16_19_1.bmp,/kaggle/working/MDFS/data/TID2013/distorted_images/i16_19_1.bmp,5.575,16,19,1
i16_19_2.bmp,/kaggle/working/MDFS/data/TID2013/distorted_images/i16_19_2.bmp,5.375,16,19,2
i16_19_3.bmp,/kaggle/working/MDFS/data/TID2013/distorted_images/i16_19_3.bmp,4.61538,16,19,3
i16_19_4.bmp,/kaggle/working/MDFS/data/TID2013/distorted_images/i16_19_4.bmp,4.15385,16,19,4
i16_19_5.bmp,/kaggle/working/MDFS/data/TID2013/distorted_images/i16_19_5.bmp,3.66667,16,19,5
i16_20_1.bmp,/kaggle/working/MDFS/data/TID2013/distorted_images/i16_20_1.bmp,6.07692,16,20,1
i16_20_2.bmp,/kaggle/working/MDFS/data/TID2013/distorted_images/i16_20_2.bmp,5.74359,16,20,2
i16_20_3.bmp,/kaggle/working/MDFS/data/TID2013/distorted_images/i16_20_3.bmp,5.18421,16,20,3
i16_20_4.bmp,/kaggle/working/MDFS/data/TID2013/distorted_images/i16_20_4.bmp,4.125,16,20,4
i16_20_5.bmp,/kaggle/working/MDFS/data/TID2013/distorted_images/i16_20_5.bmp,3.58974,16,20,5
i16_21_1.bmp,/kaggle/working/MDFS/data/TID2013/distorted_images/i16_21_1.bmp,5.825,16,21,1
i16_21_2.bmp,/kaggle/working/MDFS/data/TID2013/distorted_images/i16_21_2.bmp,5.46154,16,21,2
i16_21_3.bmp,/kaggle/working/MDFS/data/TID2013/distorted_images/i16_21_3.bmp,4.25641,16,21,3
i16_21_4.bmp,/kaggle/working/MDFS/data/TID2013/distorted_images/i16_21_4.bmp,3.76923,16,21,4
i16_21_5.bmp,/kaggle/working/MDFS/data/TID2013/distorted_images/i16_21_5.bmp,1.84615,16,21,5
i16_22_1.bmp,/kaggle/working/MDFS/data/TID2013/distorted_images/i16_22_1.bmp,5.61538,16,22,1
i16_22_2.bmp,/kaggle/working/MDFS/data/TID2013/distorted_images/i16_22_2.bmp,5.35,16,22,2
i16_22_3.bmp,/kaggle/working/MDFS/data/TID2013/distorted_images/i16_22_3.bmp,4.94595,16,22,3
i16_22_4.bmp,/kaggle/working/MDFS/data/TID2013/distorted_images/i16_22_4.bmp,3.97368,16,22,4
i16_22_5.bmp,/kaggle/working/MDFS/data/TID2013/distorted_images/i16_22_5.bmp,2.775,16,22,5
i16_23_1.bmp,/kaggle/working/MDFS/data/TID2013/distorted_images/i16_23_1.bmp,6.125,16,23,1
i16_23_2.bmp,/kaggle/working/MDFS/data/TID2013/distorted_images/i16_23_2.bmp,4.825,16,23,2
i16_23_3.bmp,/kaggle/working/MDFS/data/TID2013/distorted_images/i16_23_3.bmp,2.7,16,23,3
i16_23_4.bmp,/kaggle/working/MDFS/data/TID2013/distorted_images/i16_23_4.bmp,2.15789,16,23,4
i16_23_5.bmp,/kaggle/working/MDFS/data/TID2013/distorted_images/i16_23_5.bmp,1.52632,16,23,5
i16_24_1.bmp,/kaggle/working/MDFS/data/TID2013/distorted_images/i16_24_1.bmp,5.36842,16,24,1
i16_24_2.bmp,/kaggle/working/MDFS/data/TID2013/distorted_images/i16_24_2.bmp,4.05263,16,24,2
i16_24_3.bmp,/kaggle/working/MDFS/data/TID2013/distorted_images/i16_24_3.bmp,2.64103,16,24,3
i16_24_4.bmp,/kaggle/working/MDFS/data/TID2013/distorted_images/i16_24_4.bmp,1.84211,16,24,4
i16_24_5.bmp,/kaggle/working/MDFS/data/TID2013/distorted_images/i16_24_5.bmp,0.97436,16,24,5
I17_01_1.bmp,/kaggle/working/MDFS/data/TID2013/distorted_images/I17_01_1.bmp,5.89189,17,1,1
i17_01_2.bmp,/kaggle/working/MDFS/data/TID2013/distorted_images/i17_01_2.bmp,5.21053,17,1,2
i17_01_3.bmp,/kaggle/working/MDFS/data/TID2013/distorted_images/i17_01_3.bmp,5.05128,17,1,3
i17_01_4.bmp,/kaggle/working/MDFS/data/TID2013/distorted_images/i17_01_4.bmp,4.38462,17,1,4
i17_01_5.bmp,/kaggle/working/MDFS/data/TID2013/distorted_images/i17_01_5.bmp,3.87179,17,1,5
i17_02_1.bmp,/kaggle/working/MDFS/data/TID2013/distorted_images/i17_02_1.bmp,5.75,17,2,1
i17_02_2.bmp,/kaggle/working/MDFS/data/TID2013/distorted_images/i17_02_2.bmp,6.0,17,2,2
i17_02_3.bmp,/kaggle/working/MDFS/data/TID2013/distorted_images/i17_02_3.bmp,5.825,17,2,3
i17_02_4.bmp,/kaggle/working/MDFS/data/TID2013/distorted_images/i17_02_4.bmp,5.275,17,2,4
i17_02_5.bmp,/kaggle/working/MDFS/data/TID2013/distorted_images/i17_02_5.bmp,4.48718,17,2,5
i17_03_1.bmp,/kaggle/working/MDFS/data/TID2013/distorted_images/i17_03_1.bmp,4.97368,17,3,1
i17_03_2.bmp,/kaggle/working/MDFS/data/TID2013/distorted_images/i17_03_2.bmp,4.4359,17,3,2
i17_03_3.bmp,/kaggle/working/MDFS/data/TID2013/distorted_images/i17_03_3.bmp,3.82051,17,3,3
i17_03_4.bmp,/kaggle/working/MDFS/data/TID2013/distorted_images/i17_03_4.bmp,3.35,17,3,4
i17_03_5.bmp,/kaggle/working/MDFS/data/TID2013/distorted_images/i17_03_5.bmp,2.89744,17,3,5
i17_04_1.bmp,/kaggle/working/MDFS/data/TID2013/distorted_images/i17_04_1.bmp,5.76923,17,4,1
i17_04_2.bmp,/kaggle/working/MDFS/data/TID2013/distorted_images/i17_04_2.bmp,5.97368,17,4,2
i17_04_3.bmp,/kaggle/working/MDFS/data/TID2013/distorted_images/i17_04_3.bmp,5.33333,17,4,3
i17_04_4.bmp,/kaggle/working/MDFS/data/TID2013/distorted_images/i17_04_4.bmp,5.23684,17,4,4
i17_04_5.bmp,/kaggle/working/MDFS/data/TID2013/distorted_images/i17_04_5.bmp,4.73684,17,4,5
i17_05_1.bmp,/kaggle/working/MDFS/data/TID2013/distorted_images/i17_05_1.bmp,5.825,17,5,1
i17_05_2.bmp,/kaggle/working/MDFS/data/TID2013/distorted_images/i17_05_2.bmp,5.925,17,5,2
i17_05_3.bmp,/kaggle/working/MDFS/data/TID2013/distorted_images/i17_05_3.bmp,5.23684,17,5,3
i17_05_4.bmp,/kaggle/working/MDFS/data/TID2013/distorted_images/i17_05_4.bmp,4.17949,17,5,4
i17_05_5.bmp,/kaggle/working/MDFS/data/TID2013/distorted_images/i17_05_5.bmp,3.34211,17,5,5
i17_06_1.bmp,/kaggle/working/MDFS/data/TID2013/distorted_images/i17_06_1.bmp,4.23684,17,6,1
i17_06_2.bmp,/kaggle/working/MDFS/data/TID2013/distorted_images/i17_06_2.bmp,4.43243,17,6,2
i17_06_3.bmp,/kaggle/working/MDFS/data/TID2013/distorted_images/i17_06_3.bmp,4.0,17,6,3
i17_06_4.bmp,/kaggle/working/MDFS/data/TID2013/distorted_images/i17_06_4.bmp,3.55,17,6,4
i17_06_5.bmp,/kaggle/working/MDFS/data/TID2013/distorted_images/i17_06_5.bmp,3.30769,17,6,5
i17_07_1.bmp,/kaggle/working/MDFS/data/TID2013/distorted_images/i17_07_1.bmp,5.71795,17,7,1
i17_07_2.bmp,/kaggle/working/MDFS/data/TID2013/distorted_images/i17_07_2.bmp,4.65789,17,7,2
i17_07_3.bmp,/kaggle/working/MDFS/data/TID2013/distorted_images/i17_07_3.bmp,3.89744,17,7,3
i17_07_4.bmp,/kaggle/working/MDFS/data/TID2013/distorted_images/i17_07_4.bmp,3.20513,17,7,4
i17_07_5.bmp,/kaggle/working/MDFS/data/TID2013/distorted_images/i17_07_5.bmp,2.47368,17,7,5
i17_08_1.bmp,/kaggle/working/MDFS/data/TID2013/distorted_images/i17_08_1.bmp,5.74359,17,8,1
i17_08_2.bmp,/kaggle/working/MDFS/data/TID2013/distorted_images/i17_08_2.bmp,5.225,17,8,2
i17_08_3.bmp,/kaggle/working/MDFS/data/TID2013/distorted_images/i17_08_3.bmp,4.575,17,8,3
i17_08_4.bmp,/kaggle/working/MDFS/data/TID2013/distorted_images/i17_08_4.bmp,3.71795,17,8,4
i17_08_5.bmp,/kaggle/working/MDFS/data/TID2013/distorted_images/i17_08_5.bmp,2.95,17,8,5
i17_09_1.bmp,/kaggle/working/MDFS/data/TID2013/distorted_images/i17_09_1.bmp,6.025,17,9,1
i17_09_2.bmp,/kaggle/working/MDFS/data/TID2013/distorted_images/i17_09_2.bmp,6.10526,17,9,2
i17_09_3.bmp,/kaggle/working/MDFS/data/TID2013/distorted_images/i17_09_3.bmp,5.025,17,9,3
i17_09_4.bmp,/kaggle/working/MDFS/data/TID2013/distorted_images/i17_09_4.bmp,3.82051,17,9,4
i17_09_5.bmp,/kaggle/working/MDFS/data/TID2013/distorted_images/i17_09_5.bmp,2.45946,17,9,5
i17_10_1.bmp,/kaggle/working/MDFS/data/TID2013/distorted_images/i17_10_1.bmp,6.05128,17,10,1
i17_10_2.bmp,/kaggle/working/MDFS/data/TID2013/distorted_images/i17_10_2.bmp,5.925,17,10,2
i17_10_3.bmp,/kaggle/working/MDFS/data/TID2013/distorted_images/i17_10_3.bmp,5.15385,17,10,3
i17_10_4.bmp,/kaggle/working/MDFS/data/TID2013/distorted_images/i17_10_4.bmp,3.425,17,10,4
i17_10_5.bmp,/kaggle/working/MDFS/data/TID2013/distorted_images/i17_10_5.bmp,2.25,17,10,5
I17_11_1.BMP,/kaggle/working/MDFS/data/TID2013/distorted_images/I17_11_1.BMP,5.5641,17,11,1
i17_11_2.bmp,/kaggle/working/MDFS/data/TID2013/distorted_images/i17_11_2.bmp,5.4359,17,11,2
i17_11_3.bmp,/kaggle/working/MDFS/data/TID2013/distorted_images/i17_11_3.bmp,3.84615,17,11,3
i17_11_4.bmp,/kaggle/working/MDFS/data/TID2013/distorted_images/i17_11_4.bmp,2.76923,17,11,4
i17_11_5.bmp,/kaggle/working/MDFS/data/TID2013/distorted_images/i17_11_5.bmp,1.025,17,11,5
i17_12_1.bmp,/kaggle/working/MDFS/data/TID2013/distorted_images/i17_12_1.bmp,5.875,17,12,1
i17_12_2.bmp,/kaggle/working/MDFS/data/TID2013/distorted_images/i17_12_2.bmp,5.92308,17,12,2
i17_12_3.bmp,/kaggle/working/MDFS/data/TID2013/distorted_images/i17_12_3.bmp,5.07692,17,12,3
i17_12_4.bmp,/kaggle/working/MDFS/data/TID2013/distorted_images/i17_12_4.bmp,3.925,17,12,4
i17_12_5.bmp,/kaggle/working/MDFS/data/TID2013/distorted_images/i17_12_5.bmp,2.48718,17,12,5
I17_13_1.BMP,/kaggle/working/MDFS/data/TID2013/distorted_images/I17_13_1.BMP,5.15,17,13,1
i17_13_2.bmp,/kaggle/working/MDFS/data/TID2013/distorted_images/i17_13_2.bmp,4.45,17,13,2
i17_13_3.bmp,/kaggle/working/MDFS/data/TID2013/distorted_images/i17_13_3.bmp,3.26316,17,13,3
i17_13_4.bmp,/kaggle/working/MDFS/data/TID2013/distorted_images/i17_13_4.bmp,2.425,17,13,4
i17_13_5.bmp,/kaggle/working/MDFS/data/TID2013/distorted_images/i17_13_5.bmp,2.36842,17,13,5
i17_14_1.bmp,/kaggle/working/MDFS/data/TID2013/distorted_images/i17_14_1.bmp,5.875,17,14,1
i17_14_2.bmp,/kaggle/working/MDFS/data/TID2013/distorted_images/i17_14_2.bmp,5.79487,17,14,2
i17_14_3.bmp,/kaggle/working/MDFS/data/TID2013/distorted_images/i17_14_3.bmp,5.52632,17,14,3
i17_14_4.bmp,/kaggle/working/MDFS/data/TID2013/distorted_images/i17_14_4.bmp,4.35897,17,14,4
i17_14_5.bmp,/kaggle/working/MDFS/data/TID2013/distorted_images/i17_14_5.bmp,3.525,17,14,5
i17_15_1.bmp,/kaggle/working/MDFS/data/TID2013/distorted_images/i17_15_1.bmp,3.55,17,15,1
i17_15_2.bmp,/kaggle/working/MDFS/data/TID2013/distorted_images/i17_15_2.bmp,3.41026,17,15,2
i17_15_3.bmp,/kaggle/working/MDFS/data/TID2013/distorted_images/i17_15_3.bmp,3.25641,17,15,3
i17_15_4.bmp,/kaggle/working/MDFS/data/TID2013/distorted_images/i17_15_4.bmp,3.625,17,15,4
i17_15_5.bmp,/kaggle/working/MDFS/data/TID2013/distorted_images/i17_15_5.bmp,4.0,17,15,5
i17_16_1.bmp,/kaggle/working/MDFS/data/TID2013/distorted_images/i17_16_1.bmp,5.925,17,16,1
i17_16_2.bmp,/kaggle/working/MDFS/data/TID2013/distorted_images/i17_16_2.bmp,6.025,17,16,2
i17_16_3.bmp,/kaggle/working/MDFS/data/TID2013/distorted_images/i17_16_3.bmp,5.57895,17,16,3
i17_16_4.bmp,/kaggle/working/MDFS/data/TID2013/distorted_images/i17_16_4.bmp,5.15789,17,16,4
i17_16_5.bmp,/kaggle/working/MDFS/data/TID2013/distorted_images/i17_16_5.bmp,4.17949,17,16,5
i17_17_1.bmp,/kaggle/working/MDFS/data/TID2013/distorted_images/i17_17_1.bmp,5.575,17,17,1
i17_17_2.bmp,/kaggle/working/MDFS/data/TID2013/distorted_images/i17_17_2.bmp,6.625,17,17,2
i17_17_3.bmp,/kaggle/working/MDFS/data/TID2013/distorted_images/i17_17_3.bmp,4.48718,17,17,3
i17_17_4.bmp,/kaggle/working/MDFS/data/TID2013/distorted_images/i17_17_4.bmp,7.1,17,17,4
i17_17_5.bmp,/kaggle/working/MDFS/data/TID2013/distorted_images/i17_17_5.bmp,3.36842,17,17,5
i17_18_1.bmp,/kaggle/working/MDFS/data/TID2013/distorted_images/i17_18_1.bmp,4.55,17,18,1
i17_18_2.bmp,/kaggle/working/MDFS/data/TID2013/distorted_images/i17_18_2.bmp,4.07692,17,18,2
i17_18_3.bmp,/kaggle/working/MDFS/data/TID2013/distorted_images/i17_18_3.bmp,4.12821,17,18,3
i17_18_4.bmp,/kaggle/working/MDFS/data/TID2013/distorted_images/i17_18_4.bmp,3.82051,17,18,4
i17_18_5.bmp,/kaggle/working/MDFS/data/TID2013/distorted_images/i17_18_5.bmp,3.71795,17,18,5
i17_19_1.bmp,/kaggle/working/MDFS/data/TID2013/distorted_images/i17_19_1.bmp,5.725,17,19,1
i17_19_2.bmp,/kaggle/working/MDFS/data/TID2013/distorted_images/i17_19_2.bmp,5.33333,17,19,2
i17_19_3.bmp,/kaggle/working/MDFS/data/TID2013/distorted_images/i17_19_3.bmp,4.76923,17,19,3
i17_19_4.bmp,/kaggle/working/MDFS/data/TID2013/distorted_images/i17_19_4.bmp,4.30769,17,19,4
i17_19_5.bmp,/kaggle/working/MDFS/data/TID2013/distorted_images/i17_19_5.bmp,3.92308,17,19,5
i17_20_1.bmp,/kaggle/working/MDFS/data/TID2013/distorted_images/i17_20_1.bmp,5.75,17,20,1
i17_20_2.bmp,/kaggle/working/MDFS/data/TID2013/distorted_images/i17_20_2.bmp,5.45,17,20,2
i17_20_3.bmp,/kaggle/working/MDFS/data/TID2013/distorted_images/i17_20_3.bmp,4.86842,17,20,3
i17_20_4.bmp,/kaggle/working/MDFS/data/TID2013/distorted_images/i17_20_4.bmp,4.36842,17,20,4
i17_20_5.bmp,/kaggle/working/MDFS/data/TID2013/distorted_images/i17_20_5.bmp,2.86486,17,20,5
i17_21_1.bmp,/kaggle/working/MDFS/data/TID2013/distorted_images/i17_21_1.bmp,5.425,17,21,1
i17_21_2.bmp,/kaggle/working/MDFS/data/TID2013/distorted_images/i17_21_2.bmp,4.79487,17,21,2
i17_21_3.bmp,/kaggle/working/MDFS/data/TID2013/distorted_images/i17_21_3.bmp,4.25,17,21,3
i17_21_4.bmp,/kaggle/working/MDFS/data/TID2013/distorted_images/i17_21_4.bmp,3.38462,17,21,4
i17_21_5.bmp,/kaggle/working/MDFS/data/TID2013/distorted_images/i17_21_5.bmp,2.52632,17,21,5
i17_22_1.bmp,/kaggle/working/MDFS/data/TID2013/distorted_images/i17_22_1.bmp,5.975,17,22,1
i17_22_2.bmp,/kaggle/working/MDFS/data/TID2013/distorted_images/i17_22_2.bmp,5.61538,17,22,2
i17_22_3.bmp,/kaggle/working/MDFS/data/TID2013/distorted_images/i17_22_3.bmp,4.34211,17,22,3
i17_22_4.bmp,/kaggle/working/MDFS/data/TID2013/distorted_images/i17_22_4.bmp,3.58974,17,22,4
i17_22_5.bmp,/kaggle/working/MDFS/data/TID2013/distorted_images/i17_22_5.bmp,2.89744,17,22,5
i17_23_1.bmp,/kaggle/working/MDFS/data/TID2013/distorted_images/i17_23_1.bmp,5.9,17,23,1
i17_23_2.bmp,/kaggle/working/MDFS/data/TID2013/distorted_images/i17_23_2.bmp,5.9,17,23,2
i17_23_3.bmp,/kaggle/working/MDFS/data/TID2013/distorted_images/i17_23_3.bmp,4.5641,17,23,3
i17_23_4.bmp,/kaggle/working/MDFS/data/TID2013/distorted_images/i17_23_4.bmp,3.15385,17,23,4
i17_23_5.bmp,/kaggle/working/MDFS/data/TID2013/distorted_images/i17_23_5.bmp,1.92308,17,23,5
i17_24_1.bmp,/kaggle/working/MDFS/data/TID2013/distorted_images/i17_24_1.bmp,6.05,17,24,1
i17_24_2.bmp,/kaggle/working/MDFS/data/TID2013/distorted_images/i17_24_2.bmp,5.525,17,24,2
i17_24_3.bmp,/kaggle/working/MDFS/data/TID2013/distorted_images/i17_24_3.bmp,3.97368,17,24,3
i17_24_4.bmp,/kaggle/working/MDFS/data/TID2013/distorted_images/i17_24_4.bmp,2.02564,17,24,4
i17_24_5.bmp,/kaggle/working/MDFS/data/TID2013/distorted_images/i17_24_5.bmp,0.34211,17,24,5
I18_01_1.bmp,/kaggle/working/MDFS/data/TID2013/distorted_images/I18_01_1.bmp,5.69048,18,1,1
i18_01_2.bmp,/kaggle/working/MDFS/data/TID2013/distorted_images/i18_01_2.bmp,5.41463,18,1,2
i18_01_3.bmp,/kaggle/working/MDFS/data/TID2013/distorted_images/i18_01_3.bmp,4.85,18,1,3
i18_01_4.bmp,/kaggle/working/MDFS/data/TID2013/distorted_images/i18_01_4.bmp,4.46341,18,1,4
i18_01_5.bmp,/kaggle/working/MDFS/data/TID2013/distorted_images/i18_01_5.bmp,4.0,18,1,5
i18_02_1.bmp,/kaggle/working/MDFS/data/TID2013/distorted_images/i18_02_1.bmp,5.95122,18,2,1
i18_02_2.bmp,/kaggle/working/MDFS/data/TID2013/distorted_images/i18_02_2.bmp,5.88095,18,2,2
i18_02_3.bmp,/kaggle/working/MDFS/data/TID2013/distorted_images/i18_02_3.bmp,5.7381,18,2,3
i18_02_4.bmp,/kaggle/working/MDFS/data/TID2013/distorted_images/i18_02_4.bmp,4.63415,18,2,4
i18_02_5.bmp,/kaggle/working/MDFS/data/TID2013/distorted_images/i18_02_5.bmp,4.2439,18,2,5
i18_03_1.bmp,/kaggle/working/MDFS/data/TID2013/distorted_images/i18_03_1.bmp,4.97619,18,3,1
i18_03_2.bmp,/kaggle/working/MDFS/data/TID2013/distorted_images/i18_03_2.bmp,4.55,18,3,2
i18_03_3.bmp,/kaggle/working/MDFS/data/TID2013/distorted_images/i18_03_3.bmp,3.7381,18,3,3
i18_03_4.bmp,/kaggle/working/MDFS/data/TID2013/distorted_images/i18_03_4.bmp,3.11905,18,3,4
i18_03_5.bmp,/kaggle/working/MDFS/data/TID2013/distorted_images/i18_03_5.bmp,2.54762,18,3,5
i18_04_1.bmp,/kaggle/working/MDFS/data/TID2013/distorted_images/i18_04_1.bmp,6.175,18,4,1
i18_04_2.bmp,/kaggle/working/MDFS/data/TID2013/distorted_images/i18_04_2.bmp,5.88095,18,4,2
i18_04_3.bmp,/kaggle/working/MDFS/data/TID2013/distorted_images/i18_04_3.bmp,5.87805,18,4,3
i18_04_4.bmp,/kaggle/working/MDFS/data/TID2013/distorted_images/i18_04_4.bmp,5.31707,18,4,4
i18_04_5.bmp,/kaggle/working/MDFS/data/TID2013/distorted_images/i18_04_5.bmp,4.34146,18,4,5
i18_05_1.bmp,/kaggle/working/MDFS/data/TID2013/distorted_images/i18_05_1.bmp,6.2439,18,5,1
i18_05_2.bmp,/kaggle/working/MDFS/data/TID2013/distorted_images/i18_05_2.bmp,5.60976,18,5,2
i18_05_3.bmp,/kaggle/working/MDFS/data/TID2013/distorted_images/i18_05_3.bmp,5.17073,18,5,3
i18_05_4.bmp,/kaggle/working/MDFS/data/TID2013/distorted_images/i18_05_4.bmp,4.0,18,5,4
i18_05_5.bmp,/kaggle/working/MDFS/data/TID2013/distorted_images/i18_05_5.bmp,3.125,18,5,5
i18_06_1.bmp,/kaggle/working/MDFS/data/TID2013/distorted_images/i18_06_1.bmp,4.57143,18,6,1
i18_06_2.bmp,/kaggle/working/MDFS/data/TID2013/distorted_images/i18_06_2.bmp,4.15,18,6,2
i18_06_3.bmp,/kaggle/working/MDFS/data/TID2013/distorted_images/i18_06_3.bmp,3.80952,18,6,3
i18_06_4.bmp,/kaggle/working/MDFS/data/TID2013/distorted_images/i18_06_4.bmp,3.73171,18,6,4
i18_06_5.bmp,/kaggle/working/MDFS/data/TID2013/distorted_images/i18_06_5.bmp,3.19512,18,6,5
i18_07_1.bmp,/kaggle/working/MDFS/data/TID2013/distorted_images/i18_07_1.bmp,5.57143,18,7,1
i18_07_2.bmp,/kaggle/working/MDFS/data/TID2013/distorted_images/i18_07_2.bmp,4.92857,18,7,2
i18_07_3.bmp,/kaggle/working/MDFS/data/TID2013/distorted_images/i18_07_3.bmp,4.21429,18,7,3
i18_07_4.bmp,/kaggle/working/MDFS/data/TID2013/distorted_images/i18_07_4.bmp,3.40476,18,7,4
i18_07_5.bmp,/kaggle/working/MDFS/data/TID2013/distorted_images/i18_07_5.bmp,3.0,18,7,5
i18_08_1.bmp,/kaggle/working/MDFS/data/TID2013/distorted_images/i18_08_1.bmp,5.69048,18,8,1
i18_08_2.bmp,/kaggle/working/MDFS/data/TID2013/distorted_images/i18_08_2.bmp,4.65854,18,8,2
i18_08_3.bmp,/kaggle/working/MDFS/data/TID2013/distorted_images/i18_08_3.bmp,4.14286,18,8,3
i18_08_4.bmp,/kaggle/working/MDFS/data/TID2013/distorted_images/i18_08_4.bmp,3.04762,18,8,4
i18_08_5.bmp,/kaggle/working/MDFS/data/TID2013/distorted_images/i18_08_5.bmp,2.04878,18,8,5
i18_09_1.bmp,/kaggle/working/MDFS/data/TID2013/distorted_images/i18_09_1.bmp,6.02439,18,9,1
i18_09_2.bmp,/kaggle/working/MDFS/data/TID2013/distorted_images/i18_09_2.bmp,5.88095,18,9,2
i18_09_3.bmp,/kaggle/working/MDFS/data/TID2013/distorted_images/i18_09_3.bmp,4.2619,18,9,3
i18_09_4.bmp,/kaggle/working/MDFS/data/TID2013/distorted_images/i18_09_4.bmp,3.02439,18,9,4
i18_09_5.bmp,/kaggle/working/MDFS/data/TID2013/distorted_images/i18_09_5.bmp,1.70732,18,9,5
i18_10_1.bmp,/kaggle/working/MDFS/data/TID2013/distorted_images/i18_10_1.bmp,6.07317,18,10,1
i18_10_2.bmp,/kaggle/working/MDFS/data/TID2013/distorted_images/i18_10_2.bmp,5.78049,18,10,2
i18_10_3.bmp,/kaggle/working/MDFS/data/TID2013/distorted_images/i18_10_3.bmp,4.675,18,10,3
i18_10_4.bmp,/kaggle/working/MDFS/data/TID2013/distorted_images/i18_10_4.bmp,3.5,18,10,4
i18_10_5.bmp,/kaggle/working/MDFS/data/TID2013/distorted_images/i18_10_5.bmp,2.17073,18,10,5
I18_11_1.BMP,/kaggle/working/MDFS/data/TID2013/distorted_images/I18_11_1.BMP,5.80488,18,11,1
i18_11_2.bmp,/kaggle/working/MDFS/data/TID2013/distorted_images/i18_11_2.bmp,5.5,18,11,2
i18_11_3.bmp,/kaggle/working/MDFS/data/TID2013/distorted_images/i18_11_3.bmp,4.5122,18,11,3
i18_11_4.bmp,/kaggle/working/MDFS/data/TID2013/distorted_images/i18_11_4.bmp,3.07143,18,11,4
i18_11_5.bmp,/kaggle/working/MDFS/data/TID2013/distorted_images/i18_11_5.bmp,1.0,18,11,5
i18_12_1.bmp,/kaggle/working/MDFS/data/TID2013/distorted_images/i18_12_1.bmp,6.35714,18,12,1
i18_12_2.bmp,/kaggle/working/MDFS/data/TID2013/distorted_images/i18_12_2.bmp,5.36585,18,12,2
i18_12_3.bmp,/kaggle/working/MDFS/data/TID2013/distorted_images/i18_12_3.bmp,5.56098,18,12,3
i18_12_4.bmp,/kaggle/working/MDFS/data/TID2013/distorted_images/i18_12_4.bmp,4.925,18,12,4
i18_12_5.bmp,/kaggle/working/MDFS/data/TID2013/distorted_images/i18_12_5.bmp,2.65854,18,12,5
I18_13_1.BMP,/kaggle/working/MDFS/data/TID2013/distorted_images/I18_13_1.BMP,4.14634,18,13,1
i18_13_2.bmp,/kaggle/working/MDFS/data/TID2013/distorted_images/i18_13_2.bmp,4.35714,18,13,2
i18_13_3.bmp,/kaggle/working/MDFS/data/TID2013/distorted_images/i18_13_3.bmp,3.88095,18,13,3
i18_13_4.bmp,/kaggle/working/MDFS/data/TID2013/distorted_images/i18_13_4.bmp,2.90244,18,13,4
i18_13_5.bmp,/kaggle/working/MDFS/data/TID2013/distorted_images/i18_13_5.bmp,2.46341,18,13,5
i18_14_1.bmp,/kaggle/working/MDFS/data/TID2013/distorted_images/i18_14_1.bmp,4.95122,18,14,1
i18_14_2.bmp,/kaggle/working/MDFS/data/TID2013/distorted_images/i18_14_2.bmp,6.0,18,14,2
i18_14_3.bmp,/kaggle/working/MDFS/data/TID2013/distorted_images/i18_14_3.bmp,4.19512,18,14,3
i18_14_4.bmp,/kaggle/working/MDFS/data/TID2013/distorted_images/i18_14_4.bmp,4.16667,18,14,4
i18_14_5.bmp,/kaggle/working/MDFS/data/TID2013/distorted_images/i18_14_5.bmp,3.34146,18,14,5
i18_15_1.bmp,/kaggle/working/MDFS/data/TID2013/distorted_images/i18_15_1.bmp,3.21951,18,15,1
i18_15_2.bmp,/kaggle/working/MDFS/data/TID2013/distorted_images/i18_15_2.bmp,3.34146,18,15,2
i18_15_3.bmp,/kaggle/working/MDFS/data/TID2013/distorted_images/i18_15_3.bmp,3.2,18,15,3
i18_15_4.bmp,/kaggle/working/MDFS/data/TID2013/distorted_images/i18_15_4.bmp,3.525,18,15,4
i18_15_5.bmp,/kaggle/working/MDFS/data/TID2013/distorted_images/i18_15_5.bmp,3.95238,18,15,5
i18_16_1.bmp,/kaggle/working/MDFS/data/TID2013/distorted_images/i18_16_1.bmp,6.41463,18,16,1
i18_16_2.bmp,/kaggle/working/MDFS/data/TID2013/distorted_images/i18_16_2.bmp,5.95238,18,16,2
i18_16_3.bmp,/kaggle/working/MDFS/data/TID2013/distorted_images/i18_16_3.bmp,5.69048,18,16,3
i18_16_4.bmp,/kaggle/working/MDFS/data/TID2013/distorted_images/i18_16_4.bmp,5.0,18,16,4
i18_16_5.bmp,/kaggle/working/MDFS/data/TID2013/distorted_images/i18_16_5.bmp,4.25641,18,16,5
i18_17_1.bmp,/kaggle/working/MDFS/data/TID2013/distorted_images/i18_17_1.bmp,5.92857,18,17,1
i18_17_2.bmp,/kaggle/working/MDFS/data/TID2013/distorted_images/i18_17_2.bmp,6.09756,18,17,2
i18_17_3.bmp,/kaggle/working/MDFS/data/TID2013/distorted_images/i18_17_3.bmp,4.41463,18,17,3
i18_17_4.bmp,/kaggle/working/MDFS/data/TID2013/distorted_images/i18_17_4.bmp,5.90476,18,17,4
i18_17_5.bmp,/kaggle/working/MDFS/data/TID2013/distorted_images/i18_17_5.bmp,3.4878,18,17,5
i18_18_1.bmp,/kaggle/working/MDFS/data/TID2013/distorted_images/i18_18_1.bmp,5.02439,18,18,1
i18_18_2.bmp,/kaggle/working/MDFS/data/TID2013/distorted_images/i18_18_2.bmp,4.8,18,18,2
i18_18_3.bmp,/kaggle/working/MDFS/data/TID2013/distorted_images/i18_18_3.bmp,4.35714,18,18,3
i18_18_4.bmp,/kaggle/working/MDFS/data/TID2013/distorted_images/i18_18_4.bmp,4.07143,18,18,4
i18_18_5.bmp,/kaggle/working/MDFS/data/TID2013/distorted_images/i18_18_5.bmp,4.09524,18,18,5
i18_19_1.bmp,/kaggle/working/MDFS/data/TID2013/distorted_images/i18_19_1.bmp,5.14286,18,19,1
i18_19_2.bmp,/kaggle/working/MDFS/data/TID2013/distorted_images/i18_19_2.bmp,5.07143,18,19,2
i18_19_3.bmp,/kaggle/working/MDFS/data/TID2013/distorted_images/i18_19_3.bmp,4.375,18,19,3
i18_19_4.bmp,/kaggle/working/MDFS/data/TID2013/distorted_images/i18_19_4.bmp,3.85366,18,19,4
i18_19_5.bmp,/kaggle/working/MDFS/data/TID2013/distorted_images/i18_19_5.bmp,3.70732,18,19,5
i18_20_1.bmp,/kaggle/working/MDFS/data/TID2013/distorted_images/i18_20_1.bmp,6.16667,18,20,1
i18_20_2.bmp,/kaggle/working/MDFS/data/TID2013/distorted_images/i18_20_2.bmp,5.57143,18,20,2
i18_20_3.bmp,/kaggle/working/MDFS/data/TID2013/distorted_images/i18_20_3.bmp,5.36585,18,20,3
i18_20_4.bmp,/kaggle/working/MDFS/data/TID2013/distorted_images/i18_20_4.bmp,4.36585,18,20,4
i18_20_5.bmp,/kaggle/working/MDFS/data/TID2013/distorted_images/i18_20_5.bmp,3.325,18,20,5
i18_21_1.bmp,/kaggle/working/MDFS/data/TID2013/distorted_images/i18_21_1.bmp,5.52381,18,21,1
i18_21_2.bmp,/kaggle/working/MDFS/data/TID2013/distorted_images/i18_21_2.bmp,5.34146,18,21,2
i18_21_3.bmp,/kaggle/working/MDFS/data/TID2013/distorted_images/i18_21_3.bmp,4.5,18,21,3
i18_21_4.bmp,/kaggle/working/MDFS/data/TID2013/distorted_images/i18_21_4.bmp,3.2619,18,21,4
i18_21_5.bmp,/kaggle/working/MDFS/data/TID2013/distorted_images/i18_21_5.bmp,2.31707,18,21,5
i18_22_1.bmp,/kaggle/working/MDFS/data/TID2013/distorted_images/i18_22_1.bmp,5.71429,18,22,1
i18_22_2.bmp,/kaggle/working/MDFS/data/TID2013/distorted_images/i18_22_2.bmp,4.40476,18,22,2
i18_22_3.bmp,/kaggle/working/MDFS/data/TID2013/distorted_images/i18_22_3.bmp,3.68293,18,22,3
i18_22_4.bmp,/kaggle/working/MDFS/data/TID2013/distorted_images/i18_22_4.bmp,2.95238,18,22,4
i18_22_5.bmp,/kaggle/working/MDFS/data/TID2013/distorted_images/i18_22_5.bmp,2.33333,18,22,5
i18_23_1.bmp,/kaggle/working/MDFS/data/TID2013/distorted_images/i18_23_1.bmp,6.30952,18,23,1
i18_23_2.bmp,/kaggle/working/MDFS/data/TID2013/distorted_images/i18_23_2.bmp,6.19048,18,23,2
i18_23_3.bmp,/kaggle/working/MDFS/data/TID2013/distorted_images/i18_23_3.bmp,6.075,18,23,3
i18_23_4.bmp,/kaggle/working/MDFS/data/TID2013/distorted_images/i18_23_4.bmp,5.92857,18,23,4
i18_23_5.bmp,/kaggle/working/MDFS/data/TID2013/distorted_images/i18_23_5.bmp,4.0,18,23,5
i18_24_1.bmp,/kaggle/working/MDFS/data/TID2013/distorted_images/i18_24_1.bmp,5.90244,18,24,1
i18_24_2.bmp,/kaggle/working/MDFS/data/TID2013/distorted_images/i18_24_2.bmp,5.59524,18,24,2
i18_24_3.bmp,/kaggle/working/MDFS/data/TID2013/distorted_images/i18_24_3.bmp,4.58537,18,24,3
i18_24_4.bmp,/kaggle/working/MDFS/data/TID2013/distorted_images/i18_24_4.bmp,3.21951,18,24,4
i18_24_5.bmp,/kaggle/working/MDFS/data/TID2013/distorted_images/i18_24_5.bmp,1.02381,18,24,5
I19_01_1.bmp,/kaggle/working/MDFS/data/TID2013/distorted_images/I19_01_1.bmp,5.72973,19,1,1
i19_01_2.bmp,/kaggle/working/MDFS/data/TID2013/distorted_images/i19_01_2.bmp,5.10811,19,1,2
i19_01_3.bmp,/kaggle/working/MDFS/data/TID2013/distorted_images/i19_01_3.bmp,4.60526,19,1,3
i19_01_4.bmp,/kaggle/working/MDFS/data/TID2013/distorted_images/i19_01_4.bmp,4.13514,19,1,4
i19_01_5.bmp,/kaggle/working/MDFS/data/TID2013/distorted_images/i19_01_5.bmp,3.56757,19,1,5
i19_02_1.bmp,/kaggle/working/MDFS/data/TID2013/distorted_images/i19_02_1.bmp,6.08108,19,2,1
i19_02_2.bmp,/kaggle/working/MDFS/data/TID2013/distorted_images/i19_02_2.bmp,5.64865,19,2,2
i19_02_3.bmp,/kaggle/working/MDFS/data/TID2013/distorted_images/i19_02_3.bmp,5.57895,19,2,3
i19_02_4.bmp,/kaggle/working/MDFS/data/TID2013/distorted_images/i19_02_4.bmp,5.0,19,2,4
i19_02_5.bmp,/kaggle/working/MDFS/data/TID2013/distorted_images/i19_02_5.bmp,4.47222,19,2,5
i19_03_1.bmp,/kaggle/working/MDFS/data/TID2013/distorted_images/i19_03_1.bmp,4.66667,19,3,1
i19_03_2.bmp,/kaggle/working/MDFS/data/TID2013/distorted_images/i19_03_2.bmp,4.05405,19,3,2
i19_03_3.bmp,/kaggle/working/MDFS/data/TID2013/distorted_images/i19_03_3.bmp,3.63158,19,3,3
i19_03_4.bmp,/kaggle/working/MDFS/data/TID2013/distorted_images/i19_03_4.bmp,3.0,19,3,4
i19_03_5.bmp,/kaggle/working/MDFS/data/TID2013/distorted_images/i19_03_5.bmp,2.52632,19,3,5
i19_04_1.bmp,/kaggle/working/MDFS/data/TID2013/distorted_images/i19_04_1.bmp,5.89474,19,4,1
i19_04_2.bmp,/kaggle/working/MDFS/data/TID2013/distorted_images/i19_04_2.bmp,5.94595,19,4,2
i19_04_3.bmp,/kaggle/working/MDFS/data/TID2013/distorted_images/i19_04_3.bmp,5.89474,19,4,3
i19_04_4.bmp,/kaggle/working/MDFS/data/TID2013/distorted_images/i19_04_4.bmp,5.24324,19,4,4
i19_04_5.bmp,/kaggle/working/MDFS/data/TID2013/distorted_images/i19_04_5.bmp,4.48649,19,4,5
i19_05_1.bmp,/kaggle/working/MDFS/data/TID2013/distorted_images/i19_05_1.bmp,5.97368,19,5,1
i19_05_2.bmp,/kaggle/working/MDFS/data/TID2013/distorted_images/i19_05_2.bmp,5.5,19,5,2
i19_05_3.bmp,/kaggle/working/MDFS/data/TID2013/distorted_images/i19_05_3.bmp,5.07895,19,5,3
i19_05_4.bmp,/kaggle/working/MDFS/data/TID2013/distorted_images/i19_05_4.bmp,4.0,19,5,4
i19_05_5.bmp,/kaggle/working/MDFS/data/TID2013/distorted_images/i19_05_5.bmp,3.18421,19,5,5
i19_06_1.bmp,/kaggle/working/MDFS/data/TID2013/distorted_images/i19_06_1.bmp,4.73684,19,6,1
i19_06_2.bmp,/kaggle/working/MDFS/data/TID2013/distorted_images/i19_06_2.bmp,4.64865,19,6,2
i19_06_3.bmp,/kaggle/working/MDFS/data/TID2013/distorted_images/i19_06_3.bmp,3.86842,19,6,3
i19_06_4.bmp,/kaggle/working/MDFS/data/TID2013/distorted_images/i19_06_4.bmp,3.56757,19,6,4
i19_06_5.bmp,/kaggle/working/MDFS/data/TID2013/distorted_images/i19_06_5.bmp,3.18919,19,6,5
i19_07_1.bmp,/kaggle/working/MDFS/data/TID2013/distorted_images/i19_07_1.bmp,5.37838,19,7,1
i19_07_2.bmp,/kaggle/working/MDFS/data/TID2013/distorted_images/i19_07_2.bmp,4.67568,19,7,2
i19_07_3.bmp,/kaggle/working/MDFS/data/TID2013/distorted_images/i19_07_3.bmp,3.88889,19,7,3
i19_07_4.bmp,/kaggle/working/MDFS/data/TID2013/distorted_images/i19_07_4.bmp,3.19444,19,7,4
i19_07_5.bmp,/kaggle/working/MDFS/data/TID2013/distorted_images/i19_07_5.bmp,2.60526,19,7,5
i19_08_1.bmp,/kaggle/working/MDFS/data/TID2013/distorted_images/i19_08_1.bmp,5.35135,19,8,1
i19_08_2.bmp,/kaggle/working/MDFS/data/TID2013/distorted_images/i19_08_2.bmp,4.7027,19,8,2
i19_08_3.bmp,/kaggle/working/MDFS/data/TID2013/distorted_images/i19_08_3.bmp,3.76316,19,8,3
i19_08_4.bmp,/kaggle/working/MDFS/data/TID2013/distorted_images/i19_08_4.bmp,2.89189,19,8,4
i19_08_5.bmp,/kaggle/working/MDFS/data/TID2013/distorted_images/i19_08_5.bmp,2.27027,19,8,5
i19_09_1.bmp,/kaggle/working/MDFS/data/TID2013/distorted_images/i19_09_1.bmp,6.08108,19,9,1
i19_09_2.bmp,/kaggle/working/MDFS/data/TID2013/distorted_images/i19_09_2.bmp,5.89474,19,9,2
i19_09_3.bmp,/kaggle/working/MDFS/data/TID2013/distorted_images/i19_09_3.bmp,4.86842,19,9,3
i19_09_4.bmp,/kaggle/working/MDFS/data/TID2013/distorted_images/i19_09_4.bmp,3.27027,19,9,4
i19_09_5.bmp,/kaggle/working/MDFS/data/TID2013/distorted_images/i19_09_5.bmp,1.86486,19,9,5
i19_10_1.bmp,/kaggle/working/MDFS/data/TID2013/distorted_images/i19_10_1.bmp,5.73684,19,10,1
i19_10_2.bmp,/kaggle/working/MDFS/data/TID2013/distorted_images/i19_10_2.bmp,5.47222,19,10,2
i19_10_3.bmp,/kaggle/working/MDFS/data/TID2013/distorted_images/i19_10_3.bmp,4.86111,19,10,3
i19_10_4.bmp,/kaggle/working/MDFS/data/TID2013/distorted_images/i19_10_4.bmp,3.0,19,10,4
i19_10_5.bmp,/kaggle/working/MDFS/data/TID2013/distorted_images/i19_10_5.bmp,1.65789,19,10,5
I19_11_1.BMP,/kaggle/working/MDFS/data/TID2013/distorted_images/I19_11_1.BMP,5.52632,19,11,1
i19_11_2.bmp,/kaggle/working/MDFS/data/TID2013/distorted_images/i19_11_2.bmp,4.97368,19,11,2
i19_11_3.bmp,/kaggle/working/MDFS/data/TID2013/distorted_images/i19_11_3.bmp,4.52632,19,11,3
i19_11_4.bmp,/kaggle/working/MDFS/data/TID2013/distorted_images/i19_11_4.bmp,2.94595,19,11,4
i19_11_5.bmp,/kaggle/working/MDFS/data/TID2013/distorted_images/i19_11_5.bmp,1.23684,19,11,5
i19_12_1.bmp,/kaggle/working/MDFS/data/TID2013/distorted_images/i19_12_1.bmp,6.13158,19,12,1
i19_12_2.bmp,/kaggle/working/MDFS/data/TID2013/distorted_images/i19_12_2.bmp,5.59459,19,12,2
i19_12_3.bmp,/kaggle/working/MDFS/data/TID2013/distorted_images/i19_12_3.bmp,5.18421,19,12,3
i19_12_4.bmp,/kaggle/working/MDFS/data/TID2013/distorted_images/i19_12_4.bmp,5.08108,19,12,4
i19_12_5.bmp,/kaggle/working/MDFS/data/TID2013/distorted_images/i19_12_5.bmp,4.52778,19,12,5
I19_13_1.BMP,/kaggle/working/MDFS/data/TID2013/distorted_images/I19_13_1.BMP,4.67568,19,13,1
i19_13_2.bmp,/kaggle/working/MDFS/data/TID2013/distorted_images/i19_13_2.bmp,4.05263,19,13,2
i19_13_3.bmp,/kaggle/working/MDFS/data/TID2013/distorted_images/i19_13_3.bmp,3.62162,19,13,3
i19_13_4.bmp,/kaggle/working/MDFS/data/TID2013/distorted_images/i19_13_4.bmp,3.07895,19,13,4
i19_13_5.bmp,/kaggle/working/MDFS/data/TID2013/distorted_images/i19_13_5.bmp,1.94737,19,13,5
i19_14_1.bmp,/kaggle/working/MDFS/data/TID2013/distorted_images/i19_14_1.bmp,5.61111,19,14,1
i19_14_2.bmp,/kaggle/working/MDFS/data/TID2013/distorted_images/i19_14_2.bmp,6.02632,19,14,2
i19_14_3.bmp,/kaggle/working/MDFS/data/TID2013/distorted_images/i19_14_3.bmp,5.45946,19,14,3
i19_14_4.bmp,/kaggle/working/MDFS/data/TID2013/distorted_images/i19_14_4.bmp,4.92105,19,14,4
i19_14_5.bmp,/kaggle/working/MDFS/data/TID2013/distorted_images/i19_14_5.bmp,3.64865,19,14,5
i19_15_1.bmp,/kaggle/working/MDFS/data/TID2013/distorted_images/i19_15_1.bmp,2.88889,19,15,1
i19_15_2.bmp,/kaggle/working/MDFS/data/TID2013/distorted_images/i19_15_2.bmp,3.27778,19,15,2
i19_15_3.bmp,/kaggle/working/MDFS/data/TID2013/distorted_images/i19_15_3.bmp,3.51351,19,15,3
i19_15_4.bmp,/kaggle/working/MDFS/data/TID2013/distorted_images/i19_15_4.bmp,3.68421,19,15,4
i19_15_5.bmp,/kaggle/working/MDFS/data/TID2013/distorted_images/i19_15_5.bmp,3.54054,19,15,5
i19_16_1.bmp,/kaggle/working/MDFS/data/TID2013/distorted_images/i19_16_1.bmp,6.13158,19,16,1
i19_16_2.bmp,/kaggle/working/MDFS/data/TID2013/distorted_images/i19_16_2.bmp,6.26316,19,16,2
i19_16_3.bmp,/kaggle/working/MDFS/data/TID2013/distorted_images/i19_16_3.bmp,5.28947,19,16,3
i19_16_4.bmp,/kaggle/working/MDFS/data/TID2013/distorted_images/i19_16_4.bmp,5.84211,19,16,4
i19_16_5.bmp,/kaggle/working/MDFS/data/TID2013/distorted_images/i19_16_5.bmp,4.41667,19,16,5
i19_17_1.bmp,/kaggle/working/MDFS/data/TID2013/distorted_images/i19_17_1.bmp,5.47368,19,17,1
i19_17_2.bmp,/kaggle/working/MDFS/data/TID2013/distorted_images/i19_17_2.bmp,6.18919,19,17,2
i19_17_3.bmp,/kaggle/working/MDFS/data/TID2013/distorted_images/i19_17_3.bmp,4.43243,19,17,3
i19_17_4.bmp,/kaggle/working/MDFS/data/TID2013/distorted_images/i19_17_4.bmp,5.75676,19,17,4
i19_17_5.bmp,/kaggle/working/MDFS/data/TID2013/distorted_images/i19_17_5.bmp,3.34211,19,17,5
i19_18_1.bmp,/kaggle/working/MDFS/data/TID2013/distorted_images/i19_18_1.bmp,5.13514,19,18,1
i19_18_2.bmp,/kaggle/working/MDFS/data/TID2013/distorted_images/i19_18_2.bmp,4.38889,19,18,2
i19_18_3.bmp,/kaggle/working/MDFS/data/TID2013/distorted_images/i19_18_3.bmp,4.24324,19,18,3
i19_18_4.bmp,/kaggle/working/MDFS/data/TID2013/distorted_images/i19_18_4.bmp,4.08108,19,18,4
i19_18_5.bmp,/kaggle/working/MDFS/data/TID2013/distorted_images/i19_18_5.bmp,4.05405,19,18,5
i19_19_1.bmp,/kaggle/working/MDFS/data/TID2013/distorted_images/i19_19_1.bmp,5.54054,19,19,1
i19_19_2.bmp,/kaggle/working/MDFS/data/TID2013/distorted_images/i19_19_2.bmp,4.97297,19,19,2
i19_19_3.bmp,/kaggle/working/MDFS/data/TID2013/distorted_images/i19_19_3.bmp,4.55556,19,19,3
i19_19_4.bmp,/kaggle/working/MDFS/data/TID2013/distorted_images/i19_19_4.bmp,4.31429,19,19,4
i19_19_5.bmp,/kaggle/working/MDFS/data/TID2013/distorted_images/i19_19_5.bmp,3.55556,19,19,5
i19_20_1.bmp,/kaggle/working/MDFS/data/TID2013/distorted_images/i19_20_1.bmp,5.7027,19,20,1
i19_20_2.bmp,/kaggle/working/MDFS/data/TID2013/distorted_images/i19_20_2.bmp,5.71053,19,20,2
i19_20_3.bmp,/kaggle/working/MDFS/data/TID2013/distorted_images/i19_20_3.bmp,5.18919,19,20,3
i19_20_4.bmp,/kaggle/working/MDFS/data/TID2013/distorted_images/i19_20_4.bmp,4.13889,19,20,4
i19_20_5.bmp,/kaggle/working/MDFS/data/TID2013/distorted_images/i19_20_5.bmp,3.05263,19,20,5
i19_21_1.bmp,/kaggle/working/MDFS/data/TID2013/distorted_images/i19_21_1.bmp,5.40541,19,21,1
i19_21_2.bmp,/kaggle/working/MDFS/data/TID2013/distorted_images/i19_21_2.bmp,5.16216,19,21,2
i19_21_3.bmp,/kaggle/working/MDFS/data/TID2013/distorted_images/i19_21_3.bmp,4.08108,19,21,3
i19_21_4.bmp,/kaggle/working/MDFS/data/TID2013/distorted_images/i19_21_4.bmp,3.56757,19,21,4
i19_21_5.bmp,/kaggle/working/MDFS/data/TID2013/distorted_images/i19_21_5.bmp,2.25,19,21,5
i19_22_1.bmp,/kaggle/working/MDFS/data/TID2013/distorted_images/i19_22_1.bmp,5.73684,19,22,1
i19_22_2.bmp,/kaggle/working/MDFS/data/TID2013/distorted_images/i19_22_2.bmp,5.32432,19,22,2
i19_22_3.bmp,/kaggle/working/MDFS/data/TID2013/distorted_images/i19_22_3.bmp,4.4,19,22,3
i19_22_4.bmp,/kaggle/working/MDFS/data/TID2013/distorted_images/i19_22_4.bmp,3.94737,19,22,4
i19_22_5.bmp,/kaggle/working/MDFS/data/TID2013/distorted_images/i19_22_5.bmp,2.75676,19,22,5
i19_23_1.bmp,/kaggle/working/MDFS/data/TID2013/distorted_images/i19_23_1.bmp,5.86842,19,23,1
i19_23_2.bmp,/kaggle/working/MDFS/data/TID2013/distorted_images/i19_23_2.bmp,6.28947,19,23,2
i19_23_3.bmp,/kaggle/working/MDFS/data/TID2013/distorted_images/i19_23_3.bmp,5.75676,19,23,3
i19_23_4.bmp,/kaggle/working/MDFS/data/TID2013/distorted_images/i19_23_4.bmp,5.76316,19,23,4
i19_23_5.bmp,/kaggle/working/MDFS/data/TID2013/distorted_images/i19_23_5.bmp,5.21622,19,23,5
i19_24_1.bmp,/kaggle/working/MDFS/data/TID2013/distorted_images/i19_24_1.bmp,5.45946,19,24,1
i19_24_2.bmp,/kaggle/working/MDFS/data/TID2013/distorted_images/i19_24_2.bmp,4.7027,19,24,2
i19_24_3.bmp,/kaggle/working/MDFS/data/TID2013/distorted_images/i19_24_3.bmp,3.63889,19,24,3
i19_24_4.bmp,/kaggle/working/MDFS/data/TID2013/distorted_images/i19_24_4.bmp,2.5,19,24,4
i19_24_5.bmp,/kaggle/working/MDFS/data/TID2013/distorted_images/i19_24_5.bmp,0.77778,19,24,5
I20_01_1.bmp,/kaggle/working/MDFS/data/TID2013/distorted_images/I20_01_1.bmp,5.76923,20,1,1
i20_01_2.bmp,/kaggle/working/MDFS/data/TID2013/distorted_images/i20_01_2.bmp,5.51282,20,1,2
i20_01_3.bmp,/kaggle/working/MDFS/data/TID2013/distorted_images/i20_01_3.bmp,4.92105,20,1,3
i20_01_4.bmp,/kaggle/working/MDFS/data/TID2013/distorted_images/i20_01_4.bmp,4.4359,20,1,4
i20_01_5.bmp,/kaggle/working/MDFS/data/TID2013/distorted_images/i20_01_5.bmp,3.78378,20,1,5
i20_02_1.bmp,/kaggle/working/MDFS/data/TID2013/distorted_images/i20_02_1.bmp,5.84211,20,2,1
i20_02_2.bmp,/kaggle/working/MDFS/data/TID2013/distorted_images/i20_02_2.bmp,5.79487,20,2,2
i20_02_3.bmp,/kaggle/working/MDFS/data/TID2013/distorted_images/i20_02_3.bmp,5.51351,20,2,3
i20_02_4.bmp,/kaggle/working/MDFS/data/TID2013/distorted_images/i20_02_4.bmp,5.28205,20,2,4
i20_02_5.bmp,/kaggle/working/MDFS/data/TID2013/distorted_images/i20_02_5.bmp,4.48718,20,2,5
i20_03_1.bmp,/kaggle/working/MDFS/data/TID2013/distorted_images/i20_03_1.bmp,4.94737,20,3,1
i20_03_2.bmp,/kaggle/working/MDFS/data/TID2013/distorted_images/i20_03_2.bmp,4.21053,20,3,2
i20_03_3.bmp,/kaggle/working/MDFS/data/TID2013/distorted_images/i20_03_3.bmp,3.81081,20,3,3
i20_03_4.bmp,/kaggle/working/MDFS/data/TID2013/distorted_images/i20_03_4.bmp,3.12821,20,3,4
i20_03_5.bmp,/kaggle/working/MDFS/data/TID2013/distorted_images/i20_03_5.bmp,2.65789,20,3,5
i20_04_1.bmp,/kaggle/working/MDFS/data/TID2013/distorted_images/i20_04_1.bmp,5.71053,20,4,1
i20_04_2.bmp,/kaggle/working/MDFS/data/TID2013/distorted_images/i20_04_2.bmp,5.47368,20,4,2
i20_04_3.bmp,/kaggle/working/MDFS/data/TID2013/distorted_images/i20_04_3.bmp,5.15789,20,4,3
i20_04_4.bmp,/kaggle/working/MDFS/data/TID2013/distorted_images/i20_04_4.bmp,4.72973,20,4,4
i20_04_5.bmp,/kaggle/working/MDFS/data/TID2013/distorted_images/i20_04_5.bmp,4.05405,20,4,5
i20_05_1.bmp,/kaggle/working/MDFS/data/TID2013/distorted_images/i20_05_1.bmp,6.02632,20,5,1
i20_05_2.bmp,/kaggle/working/MDFS/data/TID2013/distorted_images/i20_05_2.bmp,5.76316,20,5,2
i20_05_3.bmp,/kaggle/working/MDFS/data/TID2013/distorted_images/i20_05_3.bmp,5.39474,20,5,3
i20_05_4.bmp,/kaggle/working/MDFS/data/TID2013/distorted_images/i20_05_4.bmp,4.23077,20,5,4
i20_05_5.bmp,/kaggle/working/MDFS/data/TID2013/distorted_images/i20_05_5.bmp,2.92105,20,5,5
i20_06_1.bmp,/kaggle/working/MDFS/data/TID2013/distorted_images/i20_06_1.bmp,4.97368,20,6,1
i20_06_2.bmp,/kaggle/working/MDFS/data/TID2013/distorted_images/i20_06_2.bmp,4.13889,20,6,2
i20_06_3.bmp,/kaggle/working/MDFS/data/TID2013/distorted_images/i20_06_3.bmp,3.94737,20,6,3
i20_06_4.bmp,/kaggle/working/MDFS/data/TID2013/distorted_images/i20_06_4.bmp,3.4359,20,6,4
i20_06_5.bmp,/kaggle/working/MDFS/data/TID2013/distorted_images/i20_06_5.bmp,3.10256,20,6,5
i20_07_1.bmp,/kaggle/working/MDFS/data/TID2013/distorted_images/i20_07_1.bmp,5.28205,20,7,1
i20_07_2.bmp,/kaggle/working/MDFS/data/TID2013/distorted_images/i20_07_2.bmp,4.72973,20,7,2
i20_07_3.bmp,/kaggle/working/MDFS/data/TID2013/distorted_images/i20_07_3.bmp,4.47368,20,7,3
i20_07_4.bmp,/kaggle/working/MDFS/data/TID2013/distorted_images/i20_07_4.bmp,3.73684,20,7,4
i20_07_5.bmp,/kaggle/working/MDFS/data/TID2013/distorted_images/i20_07_5.bmp,3.28205,20,7,5
i20_08_1.bmp,/kaggle/working/MDFS/data/TID2013/distorted_images/i20_08_1.bmp,5.65789,20,8,1
i20_08_2.bmp,/kaggle/working/MDFS/data/TID2013/distorted_images/i20_08_2.bmp,5.2973,20,8,2
i20_08_3.bmp,/kaggle/working/MDFS/data/TID2013/distorted_images/i20_08_3.bmp,4.02778,20,8,3
i20_08_4.bmp,/kaggle/working/MDFS/data/TID2013/distorted_images/i20_08_4.bmp,3.42105,20,8,4
i20_08_5.bmp,/kaggle/working/MDFS/data/TID2013/distorted_images/i20_08_5.bmp,2.58974,20,8,5
i20_09_1.bmp,/kaggle/working/MDFS/data/TID2013/distorted_images/i20_09_1.bmp,6.26316,20,9,1
i20_09_2.bmp,/kaggle/working/MDFS/data/TID2013/distorted_images/i20_09_2.bmp,6.13158,20,9,2
i20_09_3.bmp,/kaggle/working/MDFS/data/TID2013/distorted_images/i20_09_3.bmp,5.33333,20,9,3
i20_09_4.bmp,/kaggle/working/MDFS/data/TID2013/distorted_images/i20_09_4.bmp,3.75676,20,9,4
i20_09_5.bmp,/kaggle/working/MDFS/data/TID2013/distorted_images/i20_09_5.bmp,2.21622,20,9,5
i20_10_1.bmp,/kaggle/working/MDFS/data/TID2013/distorted_images/i20_10_1.bmp,6.13158,20,10,1
i20_10_2.bmp,/kaggle/working/MDFS/data/TID2013/distorted_images/i20_10_2.bmp,5.73684,20,10,2
i20_10_3.bmp,/kaggle/working/MDFS/data/TID2013/distorted_images/i20_10_3.bmp,4.94444,20,10,3
i20_10_4.bmp,/kaggle/working/MDFS/data/TID2013/distorted_images/i20_10_4.bmp,3.57895,20,10,4
i20_10_5.bmp,/kaggle/working/MDFS/data/TID2013/distorted_images/i20_10_5.bmp,2.74359,20,10,5
I20_11_1.BMP,/kaggle/working/MDFS/data/TID2013/distorted_images/I20_11_1.BMP,5.57895,20,11,1
i20_11_2.bmp,/kaggle/working/MDFS/data/TID2013/distorted_images/i20_11_2.bmp,4.84211,20,11,2
i20_11_3.bmp,/kaggle/working/MDFS/data/TID2013/distorted_images/i20_11_3.bmp,3.43243,20,11,3
i20_11_4.bmp,/kaggle/working/MDFS/data/TID2013/distorted_images/i20_11_4.bmp,2.05263,20,11,4
i20_11_5.bmp,/kaggle/working/MDFS/data/TID2013/distorted_images/i20_11_5.bmp,0.74359,20,11,5
i20_12_1.bmp,/kaggle/working/MDFS/data/TID2013/distorted_images/i20_12_1.bmp,6.12821,20,12,1
i20_12_2.bmp,/kaggle/working/MDFS/data/TID2013/distorted_images/i20_12_2.bmp,5.30769,20,12,2
i20_12_3.bmp,/kaggle/working/MDFS/data/TID2013/distorted_images/i20_12_3.bmp,4.44737,20,12,3
i20_12_4.bmp,/kaggle/working/MDFS/data/TID2013/distorted_images/i20_12_4.bmp,4.25641,20,12,4
i20_12_5.bmp,/kaggle/working/MDFS/data/TID2013/distorted_images/i20_12_5.bmp,2.57895,20,12,5
I20_13_1.BMP,/kaggle/working/MDFS/data/TID2013/distorted_images/I20_13_1.BMP,5.15385,20,13,1
i20_13_2.bmp,/kaggle/working/MDFS/data/TID2013/distorted_images/i20_13_2.bmp,3.78947,20,13,2
i20_13_3.bmp,/kaggle/working/MDFS/data/TID2013/distorted_images/i20_13_3.bmp,3.82051,20,13,3
i20_13_4.bmp,/kaggle/working/MDFS/data/TID2013/distorted_images/i20_13_4.bmp,2.89189,20,13,4
i20_13_5.bmp,/kaggle/working/MDFS/data/TID2013/distorted_images/i20_13_5.bmp,2.02703,20,13,5
i20_14_1.bmp,/kaggle/working/MDFS/data/TID2013/distorted_images/i20_14_1.bmp,6.02632,20,14,1
i20_14_2.bmp,/kaggle/working/MDFS/data/TID2013/distorted_images/i20_14_2.bmp,5.84211,20,14,2
i20_14_3.bmp,/kaggle/working/MDFS/data/TID2013/distorted_images/i20_14_3.bmp,4.55263,20,14,3
i20_14_4.bmp,/kaggle/working/MDFS/data/TID2013/distorted_images/i20_14_4.bmp,4.12821,20,14,4
i20_14_5.bmp,/kaggle/working/MDFS/data/TID2013/distorted_images/i20_14_5.bmp,3.36842,20,14,5
i20_15_1.bmp,/kaggle/working/MDFS/data/TID2013/distorted_images/i20_15_1.bmp,3.23077,20,15,1
i20_15_2.bmp,/kaggle/working/MDFS/data/TID2013/distorted_images/i20_15_2.bmp,3.34211,20,15,2
i20_15_3.bmp,/kaggle/working/MDFS/data/TID2013/distorted_images/i20_15_3.bmp,3.69231,20,15,3
i20_15_4.bmp,/kaggle/working/MDFS/data/TID2013/distorted_images/i20_15_4.bmp,3.89744,20,15,4
i20_15_5.bmp,/kaggle/working/MDFS/data/TID2013/distorted_images/i20_15_5.bmp,4.05128,20,15,5
i20_16_1.bmp,/kaggle/working/MDFS/data/TID2013/distorted_images/i20_16_1.bmp,6.05128,20,16,1
i20_16_2.bmp,/kaggle/working/MDFS/data/TID2013/distorted_images/i20_16_2.bmp,6.05405,20,16,2
i20_16_3.bmp,/kaggle/working/MDFS/data/TID2013/distorted_images/i20_16_3.bmp,5.40541,20,16,3
i20_16_4.bmp,/kaggle/working/MDFS/data/TID2013/distorted_images/i20_16_4.bmp,5.13514,20,16,4
i20_16_5.bmp,/kaggle/working/MDFS/data/TID2013/distorted_images/i20_16_5.bmp,4.71795,20,16,5
i20_17_1.bmp,/kaggle/working/MDFS/data/TID2013/distorted_images/i20_17_1.bmp,5.61538,20,17,1
i20_17_2.bmp,/kaggle/working/MDFS/data/TID2013/distorted_images/i20_17_2.bmp,6.33333,20,17,2
i20_17_3.bmp,/kaggle/working/MDFS/data/TID2013/distorted_images/i20_17_3.bmp,4.32432,20,17,3
i20_17_4.bmp,/kaggle/working/MDFS/data/TID2013/distorted_images/i20_17_4.bmp,5.87179,20,17,4
i20_17_5.bmp,/kaggle/working/MDFS/data/TID2013/distorted_images/i20_17_5.bmp,3.53846,20,17,5
i20_18_1.bmp,/kaggle/working/MDFS/data/TID2013/distorted_images/i20_18_1.bmp,5.61538,20,18,1
i20_18_2.bmp,/kaggle/working/MDFS/data/TID2013/distorted_images/i20_18_2.bmp,5.23684,20,18,2
i20_18_3.bmp,/kaggle/working/MDFS/data/TID2013/distorted_images/i20_18_3.bmp,4.5,20,18,3
i20_18_4.bmp,/kaggle/working/MDFS/data/TID2013/distorted_images/i20_18_4.bmp,4.13514,20,18,4
i20_18_5.bmp,/kaggle/working/MDFS/data/TID2013/distorted_images/i20_18_5.bmp,4.10526,20,18,5
i20_19_1.bmp,/kaggle/working/MDFS/data/TID2013/distorted_images/i20_19_1.bmp,5.82051,20,19,1
i20_19_2.bmp,/kaggle/working/MDFS/data/TID2013/distorted_images/i20_19_2.bmp,5.17949,20,19,2
i20_19_3.bmp,/kaggle/working/MDFS/data/TID2013/distorted_images/i20_19_3.bmp,4.79487,20,19,3
i20_19_4.bmp,/kaggle/working/MDFS/data/TID2013/distorted_images/i20_19_4.bmp,4.0,20,19,4
i20_19_5.bmp,/kaggle/working/MDFS/data/TID2013/distorted_images/i20_19_5.bmp,3.46154,20,19,5
i20_20_1.bmp,/kaggle/working/MDFS/data/TID2013/distorted_images/i20_20_1.bmp,6.15789,20,20,1
i20_20_2.bmp,/kaggle/working/MDFS/data/TID2013/distorted_images/i20_20_2.bmp,5.46154,20,20,2
i20_20_3.bmp,/kaggle/working/MDFS/data/TID2013/distorted_images/i20_20_3.bmp,4.78947,20,20,3
i20_20_4.bmp,/kaggle/working/MDFS/data/TID2013/distorted_images/i20_20_4.bmp,3.52632,20,20,4
i20_20_5.bmp,/kaggle/working/MDFS/data/TID2013/distorted_images/i20_20_5.bmp,2.71795,20,20,5
i20_21_1.bmp,/kaggle/working/MDFS/data/TID2013/distorted_images/i20_21_1.bmp,5.55263,20,21,1
i20_21_2.bmp,/kaggle/working/MDFS/data/TID2013/distorted_images/i20_21_2.bmp,4.76316,20,21,2
i20_21_3.bmp,/kaggle/working/MDFS/data/TID2013/distorted_images/i20_21_3.bmp,4.0,20,21,3
i20_21_4.bmp,/kaggle/working/MDFS/data/TID2013/distorted_images/i20_21_4.bmp,3.24324,20,21,4
i20_21_5.bmp,/kaggle/working/MDFS/data/TID2013/distorted_images/i20_21_5.bmp,2.57895,20,21,5
i20_22_1.bmp,/kaggle/working/MDFS/data/TID2013/distorted_images/i20_22_1.bmp,6.0,20,22,1
i20_22_2.bmp,/kaggle/working/MDFS/data/TID2013/distorted_images/i20_22_2.bmp,5.10526,20,22,2
i20_22_3.bmp,/kaggle/working/MDFS/data/TID2013/distorted_images/i20_22_3.bmp,4.52632,20,22,3
i20_22_4.bmp,/kaggle/working/MDFS/data/TID2013/distorted_images/i20_22_4.bmp,4.10811,20,22,4
i20_22_5.bmp,/kaggle/working/MDFS/data/TID2013/distorted_images/i20_22_5.bmp,3.72973,20,22,5
i20_23_1.bmp,/kaggle/working/MDFS/data/TID2013/distorted_images/i20_23_1.bmp,5.94872,20,23,1
i20_23_2.bmp,/kaggle/working/MDFS/data/TID2013/distorted_images/i20_23_2.bmp,6.25641,20,23,2
i20_23_3.bmp,/kaggle/working/MDFS/data/TID2013/distorted_images/i20_23_3.bmp,5.82051,20,23,3
i20_23_4.bmp,/kaggle/working/MDFS/data/TID2013/distorted_images/i20_23_4.bmp,4.72973,20,23,4
i20_23_5.bmp,/kaggle/working/MDFS/data/TID2013/distorted_images/i20_23_5.bmp,3.15385,20,23,5
i20_24_1.bmp,/kaggle/working/MDFS/data/TID2013/distorted_images/i20_24_1.bmp,6.18421,20,24,1
i20_24_2.bmp,/kaggle/working/MDFS/data/TID2013/distorted_images/i20_24_2.bmp,5.07895,20,24,2
i20_24_3.bmp,/kaggle/working/MDFS/data/TID2013/distorted_images/i20_24_3.bmp,3.43243,20,24,3
i20_24_4.bmp,/kaggle/working/MDFS/data/TID2013/distorted_images/i20_24_4.bmp,1.97436,20,24,4
i20_24_5.bmp,/kaggle/working/MDFS/data/TID2013/distorted_images/i20_24_5.bmp,0.84211,20,24,5
I21_01_1.bmp,/kaggle/working/MDFS/data/TID2013/distorted_images/I21_01_1.bmp,5.51163,21,1,1
i21_01_2.bmp,/kaggle/working/MDFS/data/TID2013/distorted_images/i21_01_2.bmp,5.06977,21,1,2
i21_01_3.bmp,/kaggle/working/MDFS/data/TID2013/distorted_images/i21_01_3.bmp,4.48837,21,1,3
i21_01_4.bmp,/kaggle/working/MDFS/data/TID2013/distorted_images/i21_01_4.bmp,3.90698,21,1,4
i21_01_5.bmp,/kaggle/working/MDFS/data/TID2013/distorted_images/i21_01_5.bmp,3.48837,21,1,5
i21_02_1.bmp,/kaggle/working/MDFS/data/TID2013/distorted_images/i21_02_1.bmp,5.80952,21,2,1
i21_02_2.bmp,/kaggle/working/MDFS/data/TID2013/distorted_images/i21_02_2.bmp,5.53488,21,2,2
i21_02_3.bmp,/kaggle/working/MDFS/data/TID2013/distorted_images/i21_02_3.bmp,5.44186,21,2,3
i21_02_4.bmp,/kaggle/working/MDFS/data/TID2013/distorted_images/i21_02_4.bmp,4.81395,21,2,4
i21_02_5.bmp,/kaggle/working/MDFS/data/TID2013/distorted_images/i21_02_5.bmp,4.15,21,2,5
i21_03_1.bmp,/kaggle/working/MDFS/data/TID2013/distorted_images/i21_03_1.bmp,4.39535,21,3,1
i21_03_2.bmp,/kaggle/working/MDFS/data/TID2013/distorted_images/i21_03_2.bmp,3.92683,21,3,2
i21_03_3.bmp,/kaggle/working/MDFS/data/TID2013/distorted_images/i21_03_3.bmp,3.16667,21,3,3
i21_03_4.bmp,/kaggle/working/MDFS/data/TID2013/distorted_images/i21_03_4.bmp,3.06977,21,3,4
i21_03_5.bmp,/kaggle/working/MDFS/data/TID2013/distorted_images/i21_03_5.bmp,2.55814,21,3,5
i21_04_1.bmp,/kaggle/working/MDFS/data/TID2013/distorted_images/i21_04_1.bmp,5.93023,21,4,1
i21_04_2.bmp,/kaggle/working/MDFS/data/TID2013/distorted_images/i21_04_2.bmp,6.02326,21,4,2
i21_04_3.bmp,/kaggle/working/MDFS/data/TID2013/distorted_images/i21_04_3.bmp,5.46341,21,4,3
i21_04_4.bmp,/kaggle/working/MDFS/data/TID2013/distorted_images/i21_04_4.bmp,5.33333,21,4,4
i21_04_5.bmp,/kaggle/working/MDFS/data/TID2013/distorted_images/i21_04_5.bmp,4.65,21,4,5
i21_05_1.bmp,/kaggle/working/MDFS/data/TID2013/distorted_images/i21_05_1.bmp,5.69767,21,5,1
i21_05_2.bmp,/kaggle/working/MDFS/data/TID2013/distorted_images/i21_05_2.bmp,5.90698,21,5,2
i21_05_3.bmp,/kaggle/working/MDFS/data/TID2013/distorted_images/i21_05_3.bmp,5.11628,21,5,3
i21_05_4.bmp,/kaggle/working/MDFS/data/TID2013/distorted_images/i21_05_4.bmp,3.92857,21,5,4
i21_05_5.bmp,/kaggle/working/MDFS/data/TID2013/distorted_images/i21_05_5.bmp,3.0,21,5,5
i21_06_1.bmp,/kaggle/working/MDFS/data/TID2013/distorted_images/i21_06_1.bmp,4.92683,21,6,1
i21_06_2.bmp,/kaggle/working/MDFS/data/TID2013/distorted_images/i21_06_2.bmp,4.38095,21,6,2
i21_06_3.bmp,/kaggle/working/MDFS/data/TID2013/distorted_images/i21_06_3.bmp,4.02439,21,6,3
i21_06_4.bmp,/kaggle/working/MDFS/data/TID2013/distorted_images/i21_06_4.bmp,3.5,21,6,4
i21_06_5.bmp,/kaggle/working/MDFS/data/TID2013/distorted_images/i21_06_5.bmp,3.04762,21,6,5
i21_07_1.bmp,/kaggle/working/MDFS/data/TID2013/distorted_images/i21_07_1.bmp,5.02439,21,7,1
i21_07_2.bmp,/kaggle/working/MDFS/data/TID2013/distorted_images/i21_07_2.bmp,4.45,21,7,2
i21_07_3.bmp,/kaggle/working/MDFS/data/TID2013/distorted_images/i21_07_3.bmp,4.16667,21,7,3
i21_07_4.bmp,/kaggle/working/MDFS/data/TID2013/distorted_images/i21_07_4.bmp,3.59524,21,7,4
i21_07_5.bmp,/kaggle/working/MDFS/data/TID2013/distorted_images/i21_07_5.bmp,3.16667,21,7,5
i21_08_1.bmp,/kaggle/working/MDFS/data/TID2013/distorted_images/i21_08_1.bmp,5.5,21,8,1
i21_08_2.bmp,/kaggle/working/MDFS/data/TID2013/distorted_images/i21_08_2.bmp,4.85714,21,8,2
i21_08_3.bmp,/kaggle/working/MDFS/data/TID2013/distorted_images/i21_08_3.bmp,4.11628,21,8,3
i21_08_4.bmp,/kaggle/working/MDFS/data/TID2013/distorted_images/i21_08_4.bmp,3.23256,21,8,4
i21_08_5.bmp,/kaggle/working/MDFS/data/TID2013/distorted_images/i21_08_5.bmp,2.16279,21,8,5
i21_09_1.bmp,/kaggle/working/MDFS/data/TID2013/distorted_images/i21_09_1.bmp,6.075,21,9,1
i21_09_2.bmp,/kaggle/working/MDFS/data/TID2013/distorted_images/i21_09_2.bmp,6.19048,21,9,2
i21_09_3.bmp,/kaggle/working/MDFS/data/TID2013/distorted_images/i21_09_3.bmp,5.30952,21,9,3
i21_09_4.bmp,/kaggle/working/MDFS/data/TID2013/distorted_images/i21_09_4.bmp,3.76744,21,9,4
i21_09_5.bmp,/kaggle/working/MDFS/data/TID2013/distorted_images/i21_09_5.bmp,2.09302,21,9,5
i21_10_1.bmp,/kaggle/working/MDFS/data/TID2013/distorted_images/i21_10_1.bmp,6.30952,21,10,1
i21_10_2.bmp,/kaggle/working/MDFS/data/TID2013/distorted_images/i21_10_2.bmp,5.88095,21,10,2
i21_10_3.bmp,/kaggle/working/MDFS/data/TID2013/distorted_images/i21_10_3.bmp,5.13953,21,10,3
i21_10_4.bmp,/kaggle/working/MDFS/data/TID2013/distorted_images/i21_10_4.bmp,3.2619,21,10,4
i21_10_5.bmp,/kaggle/working/MDFS/data/TID2013/distorted_images/i21_10_5.bmp,1.92683,21,10,5
I21_11_1.BMP,/kaggle/working/MDFS/data/TID2013/distorted_images/I21_11_1.BMP,6.12195,21,11,1
i21_11_2.bmp,/kaggle/working/MDFS/data/TID2013/distorted_images/i21_11_2.bmp,5.39535,21,11,2
i21_11_3.bmp,/kaggle/working/MDFS/data/TID2013/distorted_images/i21_11_3.bmp,4.69048,21,11,3
i21_11_4.bmp,/kaggle/working/MDFS/data/TID2013/distorted_images/i21_11_4.bmp,3.0,21,11,4
i21_11_5.bmp,/kaggle/working/MDFS/data/TID2013/distorted_images/i21_11_5.bmp,1.04651,21,11,5
i21_12_1.bmp,/kaggle/working/MDFS/data/TID2013/distorted_images/i21_12_1.bmp,5.7907,21,12,1
i21_12_2.bmp,/kaggle/working/MDFS/data/TID2013/distorted_images/i21_12_2.bmp,4.76744,21,12,2
i21_12_3.bmp,/kaggle/working/MDFS/data/TID2013/distorted_images/i21_12_3.bmp,6.0,21,12,3
i21_12_4.bmp,/kaggle/working/MDFS/data/TID2013/distorted_images/i21_12_4.bmp,5.61905,21,12,4
i21_12_5.bmp,/kaggle/working/MDFS/data/TID2013/distorted_images/i21_12_5.bmp,2.02381,21,12,5
I21_13_1.BMP,/kaggle/working/MDFS/data/TID2013/distorted_images/I21_13_1.BMP,4.45238,21,13,1
i21_13_2.bmp,/kaggle/working/MDFS/data/TID2013/distorted_images/i21_13_2.bmp,3.69048,21,13,2
i21_13_3.bmp,/kaggle/working/MDFS/data/TID2013/distorted_images/i21_13_3.bmp,3.17073,21,13,3
i21_13_4.bmp,/kaggle/working/MDFS/data/TID2013/distorted_images/i21_13_4.bmp,2.34884,21,13,4
i21_13_5.bmp,/kaggle/working/MDFS/data/TID2013/distorted_images/i21_13_5.bmp,2.55814,21,13,5
i21_14_1.bmp,/kaggle/working/MDFS/data/TID2013/distorted_images/i21_14_1.bmp,5.90698,21,14,1
i21_14_2.bmp,/kaggle/working/MDFS/data/TID2013/distorted_images/i21_14_2.bmp,6.17073,21,14,2
i21_14_3.bmp,/kaggle/working/MDFS/data/TID2013/distorted_images/i21_14_3.bmp,5.95238,21,14,3
i21_14_4.bmp,/kaggle/working/MDFS/data/TID2013/distorted_images/i21_14_4.bmp,4.33333,21,14,4
i21_14_5.bmp,/kaggle/working/MDFS/data/TID2013/distorted_images/i21_14_5.bmp,3.65116,21,14,5
i21_15_1.bmp,/kaggle/working/MDFS/data/TID2013/distorted_images/i21_15_1.bmp,2.85366,21,15,1
i21_15_2.bmp,/kaggle/working/MDFS/data/TID2013/distorted_images/i21_15_2.bmp,3.26829,21,15,2
i21_15_3.bmp,/kaggle/working/MDFS/data/TID2013/distorted_images/i21_15_3.bmp,3.57143,21,15,3
i21_15_4.bmp,/kaggle/working/MDFS/data/TID2013/distorted_images/i21_15_4.bmp,3.7619,21,15,4
i21_15_5.bmp,/kaggle/working/MDFS/data/TID2013/distorted_images/i21_15_5.bmp,3.71429,21,15,5
i21_16_1.bmp,/kaggle/working/MDFS/data/TID2013/distorted_images/i21_16_1.bmp,6.12195,21,16,1
i21_16_2.bmp,/kaggle/working/MDFS/data/TID2013/distorted_images/i21_16_2.bmp,5.93023,21,16,2
i21_16_3.bmp,/kaggle/working/MDFS/data/TID2013/distorted_images/i21_16_3.bmp,5.71429,21,16,3
i21_16_4.bmp,/kaggle/working/MDFS/data/TID2013/distorted_images/i21_16_4.bmp,5.16667,21,16,4
i21_16_5.bmp,/kaggle/working/MDFS/data/TID2013/distorted_images/i21_16_5.bmp,4.67442,21,16,5
i21_17_1.bmp,/kaggle/working/MDFS/data/TID2013/distorted_images/i21_17_1.bmp,5.34146,21,17,1
i21_17_2.bmp,/kaggle/working/MDFS/data/TID2013/distorted_images/i21_17_2.bmp,6.2619,21,17,2
i21_17_3.bmp,/kaggle/working/MDFS/data/TID2013/distorted_images/i21_17_3.bmp,4.35714,21,17,3
i21_17_4.bmp,/kaggle/working/MDFS/data/TID2013/distorted_images/i21_17_4.bmp,6.30233,21,17,4
i21_17_5.bmp,/kaggle/working/MDFS/data/TID2013/distorted_images/i21_17_5.bmp,3.55,21,17,5
i21_18_1.bmp,/kaggle/working/MDFS/data/TID2013/distorted_images/i21_18_1.bmp,4.85714,21,18,1
i21_18_2.bmp,/kaggle/working/MDFS/data/TID2013/distorted_images/i21_18_2.bmp,4.31707,21,18,2
i21_18_3.bmp,/kaggle/working/MDFS/data/TID2013/distorted_images/i21_18_3.bmp,4.11905,21,18,3
i21_18_4.bmp,/kaggle/working/MDFS/data/TID2013/distorted_images/i21_18_4.bmp,3.60976,21,18,4
i21_18_5.bmp,/kaggle/working/MDFS/data/TID2013/distorted_images/i21_18_5.bmp,3.78571,21,18,5
i21_19_1.bmp,/kaggle/working/MDFS/data/TID2013/distorted_images/i21_19_1.bmp,5.38095,21,19,1
i21_19_2.bmp,/kaggle/working/MDFS/data/TID2013/distorted_images/i21_19_2.bmp,4.7907,21,19,2
i21_19_3.bmp,/kaggle/working/MDFS/data/TID2013/distorted_images/i21_19_3.bmp,4.07143,21,19,3
i21_19_4.bmp,/kaggle/working/MDFS/data/TID2013/distorted_images/i21_19_4.bmp,3.64286,21,19,4
i21_19_5.bmp,/kaggle/working/MDFS/data/TID2013/distorted_images/i21_19_5.bmp,3.4186,21,19,5
i21_20_1.bmp,/kaggle/working/MDFS/data/TID2013/distorted_images/i21_20_1.bmp,5.975,21,20,1
i21_20_2.bmp,/kaggle/working/MDFS/data/TID2013/distorted_images/i21_20_2.bmp,5.67442,21,20,2
i21_20_3.bmp,/kaggle/working/MDFS/data/TID2013/distorted_images/i21_20_3.bmp,5.69048,21,20,3
i21_20_4.bmp,/kaggle/working/MDFS/data/TID2013/distorted_images/i21_20_4.bmp,4.88372,21,20,4
i21_20_5.bmp,/kaggle/working/MDFS/data/TID2013/distorted_images/i21_20_5.bmp,3.83721,21,20,5
i21_21_1.bmp,/kaggle/working/MDFS/data/TID2013/distorted_images/i21_21_1.bmp,5.53488,21,21,1
i21_21_2.bmp,/kaggle/working/MDFS/data/TID2013/distorted_images/i21_21_2.bmp,5.14286,21,21,2
i21_21_3.bmp,/kaggle/working/MDFS/data/TID2013/distorted_images/i21_21_3.bmp,4.30952,21,21,3
i21_21_4.bmp,/kaggle/working/MDFS/data/TID2013/distorted_images/i21_21_4.bmp,3.61905,21,21,4
i21_21_5.bmp,/kaggle/working/MDFS/data/TID2013/distorted_images/i21_21_5.bmp,2.73171,21,21,5
i21_22_1.bmp,/kaggle/working/MDFS/data/TID2013/distorted_images/i21_22_1.bmp,5.35714,21,22,1
i21_22_2.bmp,/kaggle/working/MDFS/data/TID2013/distorted_images/i21_22_2.bmp,5.47619,21,22,2
i21_22_3.bmp,/kaggle/working/MDFS/data/TID2013/distorted_images/i21_22_3.bmp,4.44186,21,22,3
i21_22_4.bmp,/kaggle/working/MDFS/data/TID2013/distorted_images/i21_22_4.bmp,3.37209,21,22,4
i21_22_5.bmp,/kaggle/working/MDFS/data/TID2013/distorted_images/i21_22_5.bmp,3.0,21,22,5
i21_23_1.bmp,/kaggle/working/MDFS/data/TID2013/distorted_images/i21_23_1.bmp,6.11628,21,23,1
i21_23_2.bmp,/kaggle/working/MDFS/data/TID2013/distorted_images/i21_23_2.bmp,5.90476,21,23,2
i21_23_3.bmp,/kaggle/working/MDFS/data/TID2013/distorted_images/i21_23_3.bmp,5.67442,21,23,3
i21_23_4.bmp,/kaggle/working/MDFS/data/TID2013/distorted_images/i21_23_4.bmp,5.2381,21,23,4
i21_23_5.bmp,/kaggle/working/MDFS/data/TID2013/distorted_images/i21_23_5.bmp,2.85714,21,23,5
i21_24_1.bmp,/kaggle/working/MDFS/data/TID2013/distorted_images/i21_24_1.bmp,5.88372,21,24,1
i21_24_2.bmp,/kaggle/working/MDFS/data/TID2013/distorted_images/i21_24_2.bmp,5.72093,21,24,2
i21_24_3.bmp,/kaggle/working/MDFS/data/TID2013/distorted_images/i21_24_3.bmp,5.0,21,24,3
i21_24_4.bmp,/kaggle/working/MDFS/data/TID2013/distorted_images/i21_24_4.bmp,3.07317,21,24,4
i21_24_5.bmp,/kaggle/working/MDFS/data/TID2013/distorted_images/i21_24_5.bmp,0.52381,21,24,5
I22_01_1.bmp,/kaggle/working/MDFS/data/TID2013/distorted_images/I22_01_1.bmp,5.81579,22,1,1
i22_01_2.bmp,/kaggle/working/MDFS/data/TID2013/distorted_images/i22_01_2.bmp,5.23684,22,1,2
i22_01_3.bmp,/kaggle/working/MDFS/data/TID2013/distorted_images/i22_01_3.bmp,4.84615,22,1,3
i22_01_4.bmp,/kaggle/working/MDFS/data/TID2013/distorted_images/i22_01_4.bmp,4.15789,22,1,4
i22_01_5.bmp,/kaggle/working/MDFS/data/TID2013/distorted_images/i22_01_5.bmp,3.71795,22,1,5
i22_02_1.bmp,/kaggle/working/MDFS/data/TID2013/distorted_images/i22_02_1.bmp,5.60526,22,2,1
i22_02_2.bmp,/kaggle/working/MDFS/data/TID2013/distorted_images/i22_02_2.bmp,5.82051,22,2,2
i22_02_3.bmp,/kaggle/working/MDFS/data/TID2013/distorted_images/i22_02_3.bmp,5.47368,22,2,3
i22_02_4.bmp,/kaggle/working/MDFS/data/TID2013/distorted_images/i22_02_4.bmp,5.13158,22,2,4
i22_02_5.bmp,/kaggle/working/MDFS/data/TID2013/distorted_images/i22_02_5.bmp,4.57895,22,2,5
i22_03_1.bmp,/kaggle/working/MDFS/data/TID2013/distorted_images/i22_03_1.bmp,4.79487,22,3,1
i22_03_2.bmp,/kaggle/working/MDFS/data/TID2013/distorted_images/i22_03_2.bmp,4.34211,22,3,2
i22_03_3.bmp,/kaggle/working/MDFS/data/TID2013/distorted_images/i22_03_3.bmp,3.68421,22,3,3
i22_03_4.bmp,/kaggle/working/MDFS/data/TID2013/distorted_images/i22_03_4.bmp,3.07692,22,3,4
i22_03_5.bmp,/kaggle/working/MDFS/data/TID2013/distorted_images/i22_03_5.bmp,2.7027,22,3,5
i22_04_1.bmp,/kaggle/working/MDFS/data/TID2013/distorted_images/i22_04_1.bmp,5.76923,22,4,1
i22_04_2.bmp,/kaggle/working/MDFS/data/TID2013/distorted_images/i22_04_2.bmp,5.71795,22,4,2
i22_04_3.bmp,/kaggle/working/MDFS/data/TID2013/distorted_images/i22_04_3.bmp,5.4359,22,4,3
i22_04_4.bmp,/kaggle/working/MDFS/data/TID2013/distorted_images/i22_04_4.bmp,5.0,22,4,4
i22_04_5.bmp,/kaggle/working/MDFS/data/TID2013/distorted_images/i22_04_5.bmp,4.30769,22,4,5
i22_05_1.bmp,/kaggle/working/MDFS/data/TID2013/distorted_images/i22_05_1.bmp,5.86842,22,5,1
i22_05_2.bmp,/kaggle/working/MDFS/data/TID2013/distorted_images/i22_05_2.bmp,5.68421,22,5,2
i22_05_3.bmp,/kaggle/working/MDFS/data/TID2013/distorted_images/i22_05_3.bmp,4.87179,22,5,3
i22_05_4.bmp,/kaggle/working/MDFS/data/TID2013/distorted_images/i22_05_4.bmp,4.18421,22,5,4
i22_05_5.bmp,/kaggle/working/MDFS/data/TID2013/distorted_images/i22_05_5.bmp,3.18421,22,5,5
i22_06_1.bmp,/kaggle/working/MDFS/data/TID2013/distorted_images/i22_06_1.bmp,4.7027,22,6,1
i22_06_2.bmp,/kaggle/working/MDFS/data/TID2013/distorted_images/i22_06_2.bmp,4.24324,22,6,2
i22_06_3.bmp,/kaggle/working/MDFS/data/TID2013/distorted_images/i22_06_3.bmp,3.76316,22,6,3
i22_06_4.bmp,/kaggle/working/MDFS/data/TID2013/distorted_images/i22_06_4.bmp,3.56757,22,6,4
i22_06_5.bmp,/kaggle/working/MDFS/data/TID2013/distorted_images/i22_06_5.bmp,3.24324,22,6,5
i22_07_1.bmp,/kaggle/working/MDFS/data/TID2013/distorted_images/i22_07_1.bmp,5.58974,22,7,1
i22_07_2.bmp,/kaggle/working/MDFS/data/TID2013/distorted_images/i22_07_2.bmp,5.08108,22,7,2
i22_07_3.bmp,/kaggle/working/MDFS/data/TID2013/distorted_images/i22_07_3.bmp,4.57895,22,7,3
i22_07_4.bmp,/kaggle/working/MDFS/data/TID2013/distorted_images/i22_07_4.bmp,3.89474,22,7,4
i22_07_5.bmp,/kaggle/working/MDFS/data/TID2013/distorted_images/i22_07_5.bmp,2.74359,22,7,5
i22_08_1.bmp,/kaggle/working/MDFS/data/TID2013/distorted_images/i22_08_1.bmp,5.44737,22,8,1
i22_08_2.bmp,/kaggle/working/MDFS/data/TID2013/distorted_images/i22_08_2.bmp,4.63158,22,8,2
i22_08_3.bmp,/kaggle/working/MDFS/data/TID2013/distorted_images/i22_08_3.bmp,3.78378,22,8,3
i22_08_4.bmp,/kaggle/working/MDFS/data/TID2013/distorted_images/i22_08_4.bmp,3.12821,22,8,4
i22_08_5.bmp,/kaggle/working/MDFS/data/TID2013/distorted_images/i22_08_5.bmp,2.53846,22,8,5
i22_09_1.bmp,/kaggle/working/MDFS/data/TID2013/distorted_images/i22_09_1.bmp,5.84615,22,9,1
i22_09_2.bmp,/kaggle/working/MDFS/data/TID2013/distorted_images/i22_09_2.bmp,5.52632,22,9,2
i22_09_3.bmp,/kaggle/working/MDFS/data/TID2013/distorted_images/i22_09_3.bmp,4.62162,22,9,3
i22_09_4.bmp,/kaggle/working/MDFS/data/TID2013/distorted_images/i22_09_4.bmp,3.33333,22,9,4
i22_09_5.bmp,/kaggle/working/MDFS/data/TID2013/distorted_images/i22_09_5.bmp,2.05128,22,9,5
i22_10_1.bmp,/kaggle/working/MDFS/data/TID2013/distorted_images/i22_10_1.bmp,5.83784,22,10,1
i22_10_2.bmp,/kaggle/working/MDFS/data/TID2013/distorted_images/i22_10_2.bmp,5.58974,22,10,2
i22_10_3.bmp,/kaggle/working/MDFS/data/TID2013/distorted_images/i22_10_3.bmp,5.0,22,10,3
i22_10_4.bmp,/kaggle/working/MDFS/data/TID2013/distorted_images/i22_10_4.bmp,3.58974,22,10,4
i22_10_5.bmp,/kaggle/working/MDFS/data/TID2013/distorted_images/i22_10_5.bmp,2.07895,22,10,5
I22_11_1.BMP,/kaggle/working/MDFS/data/TID2013/distorted_images/I22_11_1.BMP,5.35897,22,11,1
i22_11_2.bmp,/kaggle/working/MDFS/data/TID2013/distorted_images/i22_11_2.bmp,5.51282,22,11,2
i22_11_3.bmp,/kaggle/working/MDFS/data/TID2013/distorted_images/i22_11_3.bmp,4.26316,22,11,3
i22_11_4.bmp,/kaggle/working/MDFS/data/TID2013/distorted_images/i22_11_4.bmp,2.63158,22,11,4
i22_11_5.bmp,/kaggle/working/MDFS/data/TID2013/distorted_images/i22_11_5.bmp,0.86842,22,11,5
i22_12_1.bmp,/kaggle/working/MDFS/data/TID2013/distorted_images/i22_12_1.bmp,5.26316,22,12,1
i22_12_2.bmp,/kaggle/working/MDFS/data/TID2013/distorted_images/i22_12_2.bmp,5.76923,22,12,2
i22_12_3.bmp,/kaggle/working/MDFS/data/TID2013/distorted_images/i22_12_3.bmp,5.74359,22,12,3
i22_12_4.bmp,/kaggle/working/MDFS/data/TID2013/distorted_images/i22_12_4.bmp,4.36842,22,12,4
i22_12_5.bmp,/kaggle/working/MDFS/data/TID2013/distorted_images/i22_12_5.bmp,2.76316,22,12,5
I22_13_1.BMP,/kaggle/working/MDFS/data/TID2013/distorted_images/I22_13_1.BMP,5.25641,22,13,1
i22_13_2.bmp,/kaggle/working/MDFS/data/TID2013/distorted_images/i22_13_2.bmp,4.4359,22,13,2
i22_13_3.bmp,/kaggle/working/MDFS/data/TID2013/distorted_images/i22_13_3.bmp,3.68421,22,13,3
i22_13_4.bmp,/kaggle/working/MDFS/data/TID2013/distorted_images/i22_13_4.bmp,2.87179,22,13,4
i22_13_5.bmp,/kaggle/working/MDFS/data/TID2013/distorted_images/i22_13_5.bmp,2.51282,22,13,5
i22_14_1.bmp,/kaggle/working/MDFS/data/TID2013/distorted_images/i22_14_1.bmp,5.76923,22,14,1
i22_14_2.bmp,/kaggle/working/MDFS/data/TID2013/distorted_images/i22_14_2.bmp,5.86111,22,14,2
i22_14_3.bmp,/kaggle/working/MDFS/data/TID2013/distorted_images/i22_14_3.bmp,5.76316,22,14,3
i22_14_4.bmp,/kaggle/working/MDFS/data/TID2013/distorted_images/i22_14_4.bmp,4.62162,22,14,4
i22_14_5.bmp,/kaggle/working/MDFS/data/TID2013/distorted_images/i22_14_5.bmp,4.10256,22,14,5
i22_15_1.bmp,/kaggle/working/MDFS/data/TID2013/distorted_images/i22_15_1.bmp,3.05263,22,15,1
i22_15_2.bmp,/kaggle/working/MDFS/data/TID2013/distorted_images/i22_15_2.bmp,3.02632,22,15,2
i22_15_3.bmp,/kaggle/working/MDFS/data/TID2013/distorted_images/i22_15_3.bmp,3.21622,22,15,3
i22_15_4.bmp,/kaggle/working/MDFS/data/TID2013/distorted_images/i22_15_4.bmp,3.39474,22,15,4
i22_15_5.bmp,/kaggle/working/MDFS/data/TID2013/distorted_images/i22_15_5.bmp,3.73684,22,15,5
i22_16_1.bmp,/kaggle/working/MDFS/data/TID2013/distorted_images/i22_16_1.bmp,5.86486,22,16,1
i22_16_2.bmp,/kaggle/working/MDFS/data/TID2013/distorted_images/i22_16_2.bmp,5.41026,22,16,2
i22_16_3.bmp,/kaggle/working/MDFS/data/TID2013/distorted_images/i22_16_3.bmp,6.05128,22,16,3
i22_16_4.bmp,/kaggle/working/MDFS/data/TID2013/distorted_images/i22_16_4.bmp,4.60526,22,16,4
i22_16_5.bmp,/kaggle/working/MDFS/data/TID2013/distorted_images/i22_16_5.bmp,5.25641,22,16,5
i22_17_1.bmp,/kaggle/working/MDFS/data/TID2013/distorted_images/i22_17_1.bmp,5.33333,22,17,1
i22_17_2.bmp,/kaggle/working/MDFS/data/TID2013/distorted_images/i22_17_2.bmp,6.0,22,17,2
i22_17_3.bmp,/kaggle/working/MDFS/data/TID2013/distorted_images/i22_17_3.bmp,4.22222,22,17,3
i22_17_4.bmp,/kaggle/working/MDFS/data/TID2013/distorted_images/i22_17_4.bmp,6.23077,22,17,4
i22_17_5.bmp,/kaggle/working/MDFS/data/TID2013/distorted_images/i22_17_5.bmp,3.37838,22,17,5
i22_18_1.bmp,/kaggle/working/MDFS/data/TID2013/distorted_images/i22_18_1.bmp,5.15385,22,18,1
i22_18_2.bmp,/kaggle/working/MDFS/data/TID2013/distorted_images/i22_18_2.bmp,4.68421,22,18,2
i22_18_3.bmp,/kaggle/working/MDFS/data/TID2013/distorted_images/i22_18_3.bmp,4.23684,22,18,3
i22_18_4.bmp,/kaggle/working/MDFS/data/TID2013/distorted_images/i22_18_4.bmp,3.76316,22,18,4
i22_18_5.bmp,/kaggle/working/MDFS/data/TID2013/distorted_images/i22_18_5.bmp,3.25,22,18,5
i22_19_1.bmp,/kaggle/working/MDFS/data/TID2013/distorted_images/i22_19_1.bmp,5.13158,22,19,1
i22_19_2.bmp,/kaggle/working/MDFS/data/TID2013/distorted_images/i22_19_2.bmp,5.13158,22,19,2
i22_19_3.bmp,/kaggle/working/MDFS/data/TID2013/distorted_images/i22_19_3.bmp,4.66667,22,19,3
i22_19_4.bmp,/kaggle/working/MDFS/data/TID2013/distorted_images/i22_19_4.bmp,4.0,22,19,4
i22_19_5.bmp,/kaggle/working/MDFS/data/TID2013/distorted_images/i22_19_5.bmp,3.58974,22,19,5
i22_20_1.bmp,/kaggle/working/MDFS/data/TID2013/distorted_images/i22_20_1.bmp,5.71053,22,20,1
i22_20_2.bmp,/kaggle/working/MDFS/data/TID2013/distorted_images/i22_20_2.bmp,5.73684,22,20,2
i22_20_3.bmp,/kaggle/working/MDFS/data/TID2013/distorted_images/i22_20_3.bmp,5.55263,22,20,3
i22_20_4.bmp,/kaggle/working/MDFS/data/TID2013/distorted_images/i22_20_4.bmp,4.89744,22,20,4
i22_20_5.bmp,/kaggle/working/MDFS/data/TID2013/distorted_images/i22_20_5.bmp,3.64865,22,20,5
i22_21_1.bmp,/kaggle/working/MDFS/data/TID2013/distorted_images/i22_21_1.bmp,5.57895,22,21,1
i22_21_2.bmp,/kaggle/working/MDFS/data/TID2013/distorted_images/i22_21_2.bmp,5.02632,22,21,2
i22_21_3.bmp,/kaggle/working/MDFS/data/TID2013/distorted_images/i22_21_3.bmp,4.65789,22,21,3
i22_21_4.bmp,/kaggle/working/MDFS/data/TID2013/distorted_images/i22_21_4.bmp,3.5641,22,21,4
i22_21_5.bmp,/kaggle/working/MDFS/data/TID2013/distorted_images/i22_21_5.bmp,2.63158,22,21,5
i22_22_1.bmp,/kaggle/working/MDFS/data/TID2013/distorted_images/i22_22_1.bmp,5.92308,22,22,1
i22_22_2.bmp,/kaggle/working/MDFS/data/TID2013/distorted_images/i22_22_2.bmp,5.35135,22,22,2
i22_22_3.bmp,/kaggle/working/MDFS/data/TID2013/distorted_images/i22_22_3.bmp,4.89744,22,22,3
i22_22_4.bmp,/kaggle/working/MDFS/data/TID2013/distorted_images/i22_22_4.bmp,4.44737,22,22,4
i22_22_5.bmp,/kaggle/working/MDFS/data/TID2013/distorted_images/i22_22_5.bmp,2.89474,22,22,5
i22_23_1.bmp,/kaggle/working/MDFS/data/TID2013/distorted_images/i22_23_1.bmp,6.32432,22,23,1
i22_23_2.bmp,/kaggle/working/MDFS/data/TID2013/distorted_images/i22_23_2.bmp,6.13158,22,23,2
i22_23_3.bmp,/kaggle/working/MDFS/data/TID2013/distorted_images/i22_23_3.bmp,5.21053,22,23,3
i22_23_4.bmp,/kaggle/working/MDFS/data/TID2013/distorted_images/i22_23_4.bmp,4.4359,22,23,4
i22_23_5.bmp,/kaggle/working/MDFS/data/TID2013/distorted_images/i22_23_5.bmp,2.10256,22,23,5
i22_24_1.bmp,/kaggle/working/MDFS/data/TID2013/distorted_images/i22_24_1.bmp,5.82051,22,24,1
i22_24_2.bmp,/kaggle/working/MDFS/data/TID2013/distorted_images/i22_24_2.bmp,5.42105,22,24,2
i22_24_3.bmp,/kaggle/working/MDFS/data/TID2013/distorted_images/i22_24_3.bmp,4.21622,22,24,3
i22_24_4.bmp,/kaggle/working/MDFS/data/TID2013/distorted_images/i22_24_4.bmp,2.25641,22,24,4
i22_24_5.bmp,/kaggle/working/MDFS/data/TID2013/distorted_images/i22_24_5.bmp,0.36842,22,24,5
I23_01_1.bmp,/kaggle/working/MDFS/data/TID2013/distorted_images/I23_01_1.bmp,5.68571,23,1,1
i23_01_2.bmp,/kaggle/working/MDFS/data/TID2013/distorted_images/i23_01_2.bmp,5.05714,23,1,2
i23_01_3.bmp,/kaggle/working/MDFS/data/TID2013/distorted_images/i23_01_3.bmp,4.76471,23,1,3
i23_01_4.bmp,/kaggle/working/MDFS/data/TID2013/distorted_images/i23_01_4.bmp,4.08571,23,1,4
i23_01_5.bmp,/kaggle/working/MDFS/data/TID2013/distorted_images/i23_01_5.bmp,3.73529,23,1,5
i23_02_1.bmp,/kaggle/working/MDFS/data/TID2013/distorted_images/i23_02_1.bmp,6.14706,23,2,1
i23_02_2.bmp,/kaggle/working/MDFS/data/TID2013/distorted_images/i23_02_2.bmp,5.84848,23,2,2
i23_02_3.bmp,/kaggle/working/MDFS/data/TID2013/distorted_images/i23_02_3.bmp,5.45714,23,2,3
i23_02_4.bmp,/kaggle/working/MDFS/data/TID2013/distorted_images/i23_02_4.bmp,5.02857,23,2,4
i23_02_5.bmp,/kaggle/working/MDFS/data/TID2013/distorted_images/i23_02_5.bmp,4.32353,23,2,5
i23_03_1.bmp,/kaggle/working/MDFS/data/TID2013/distorted_images/i23_03_1.bmp,4.61765,23,3,1
i23_03_2.bmp,/kaggle/working/MDFS/data/TID2013/distorted_images/i23_03_2.bmp,4.17143,23,3,2
i23_03_3.bmp,/kaggle/working/MDFS/data/TID2013/distorted_images/i23_03_3.bmp,3.55882,23,3,3
i23_03_4.bmp,/kaggle/working/MDFS/data/TID2013/distorted_images/i23_03_4.bmp,3.26471,23,3,4
i23_03_5.bmp,/kaggle/working/MDFS/data/TID2013/distorted_images/i23_03_5.bmp,2.67647,23,3,5
i23_04_1.bmp,/kaggle/working/MDFS/data/TID2013/distorted_images/i23_04_1.bmp,5.61765,23,4,1
i23_04_2.bmp,/kaggle/working/MDFS/data/TID2013/distorted_images/i23_04_2.bmp,5.64706,23,4,2
i23_04_3.bmp,/kaggle/working/MDFS/data/TID2013/distorted_images/i23_04_3.bmp,5.32353,23,4,3
i23_04_4.bmp,/kaggle/working/MDFS/data/TID2013/distorted_images/i23_04_4.bmp,4.79412,23,4,4
i23_04_5.bmp,/kaggle/working/MDFS/data/TID2013/distorted_images/i23_04_5.bmp,4.52941,23,4,5
i23_05_1.bmp,/kaggle/working/MDFS/data/TID2013/distorted_images/i23_05_1.bmp,6.05714,23,5,1
i23_05_2.bmp,/kaggle/working/MDFS/data/TID2013/distorted_images/i23_05_2.bmp,5.5,23,5,2
i23_05_3.bmp,/kaggle/working/MDFS/data/TID2013/distorted_images/i23_05_3.bmp,5.09091,23,5,3
i23_05_4.bmp,/kaggle/working/MDFS/data/TID2013/distorted_images/i23_05_4.bmp,4.31429,23,5,4
i23_05_5.bmp,/kaggle/working/MDFS/data/TID2013/distorted_images/i23_05_5.bmp,3.35294,23,5,5
i23_06_1.bmp,/kaggle/working/MDFS/data/TID2013/distorted_images/i23_06_1.bmp,4.61765,23,6,1
i23_06_2.bmp,/kaggle/working/MDFS/data/TID2013/distorted_images/i23_06_2.bmp,4.35294,23,6,2
i23_06_3.bmp,/kaggle/working/MDFS/data/TID2013/distorted_images/i23_06_3.bmp,4.02941,23,6,3
i23_06_4.bmp,/kaggle/working/MDFS/data/TID2013/distorted_images/i23_06_4.bmp,3.61765,23,6,4
i23_06_5.bmp,/kaggle/working/MDFS/data/TID2013/distorted_images/i23_06_5.bmp,3.29412,23,6,5
i23_07_1.bmp,/kaggle/working/MDFS/data/TID2013/distorted_images/i23_07_1.bmp,4.97059,23,7,1
i23_07_2.bmp,/kaggle/working/MDFS/data/TID2013/distorted_images/i23_07_2.bmp,3.84848,23,7,2
i23_07_3.bmp,/kaggle/working/MDFS/data/TID2013/distorted_images/i23_07_3.bmp,3.68571,23,7,3
i23_07_4.bmp,/kaggle/working/MDFS/data/TID2013/distorted_images/i23_07_4.bmp,3.44118,23,7,4
i23_07_5.bmp,/kaggle/working/MDFS/data/TID2013/distorted_images/i23_07_5.bmp,2.78788,23,7,5
i23_08_1.bmp,/kaggle/working/MDFS/data/TID2013/distorted_images/i23_08_1.bmp,5.94286,23,8,1
i23_08_2.bmp,/kaggle/working/MDFS/data/TID2013/distorted_images/i23_08_2.bmp,5.52941,23,8,2
i23_08_3.bmp,/kaggle/working/MDFS/data/TID2013/distorted_images/i23_08_3.bmp,4.67647,23,8,3
i23_08_4.bmp,/kaggle/working/MDFS/data/TID2013/distorted_images/i23_08_4.bmp,3.94118,23,8,4
i23_08_5.bmp,/kaggle/working/MDFS/data/TID2013/distorted_images/i23_08_5.bmp,2.77143,23,8,5
i23_09_1.bmp,/kaggle/working/MDFS/data/TID2013/distorted_images/i23_09_1.bmp,6.69697,23,9,1
i23_09_2.bmp,/kaggle/working/MDFS/data/TID2013/distorted_images/i23_09_2.bmp,6.05714,23,9,2
i23_09_3.bmp,/kaggle/working/MDFS/data/TID2013/distorted_images/i23_09_3.bmp,5.70588,23,9,3
i23_09_4.bmp,/kaggle/working/MDFS/data/TID2013/distorted_images/i23_09_4.bmp,4.26471,23,9,4
i23_09_5.bmp,/kaggle/working/MDFS/data/TID2013/distorted_images/i23_09_5.bmp,2.64706,23,9,5
i23_10_1.bmp,/kaggle/working/MDFS/data/TID2013/distorted_images/i23_10_1.bmp,5.97143,23,10,1
i23_10_2.bmp,/kaggle/working/MDFS/data/TID2013/distorted_images/i23_10_2.bmp,5.79412,23,10,2
i23_10_3.bmp,/kaggle/working/MDFS/data/TID2013/distorted_images/i23_10_3.bmp,5.02941,23,10,3
i23_10_4.bmp,/kaggle/working/MDFS/data/TID2013/distorted_images/i23_10_4.bmp,3.64706,23,10,4
i23_10_5.bmp,/kaggle/working/MDFS/data/TID2013/distorted_images/i23_10_5.bmp,2.4,23,10,5
I23_11_1.BMP,/kaggle/working/MDFS/data/TID2013/distorted_images/I23_11_1.BMP,5.25714,23,11,1
i23_11_2.bmp,/kaggle/working/MDFS/data/TID2013/distorted_images/i23_11_2.bmp,4.57143,23,11,2
i23_11_3.bmp,/kaggle/working/MDFS/data/TID2013/distorted_images/i23_11_3.bmp,3.11765,23,11,3
i23_11_4.bmp,/kaggle/working/MDFS/data/TID2013/distorted_images/i23_11_4.bmp,2.24242,23,11,4
i23_11_5.bmp,/kaggle/working/MDFS/data/TID2013/distorted_images/i23_11_5.bmp,0.82353,23,11,5
i23_12_1.bmp,/kaggle/working/MDFS/data/TID2013/distorted_images/i23_12_1.bmp,5.9697,23,12,1
i23_12_2.bmp,/kaggle/working/MDFS/data/TID2013/distorted_images/i23_12_2.bmp,5.74286,23,12,2
i23_12_3.bmp,/kaggle/working/MDFS/data/TID2013/distorted_images/i23_12_3.bmp,3.8,23,12,3
i23_12_4.bmp,/kaggle/working/MDFS/data/TID2013/distorted_images/i23_12_4.bmp,2.88571,23,12,4
i23_12_5.bmp,/kaggle/working/MDFS/data/TID2013/distorted_images/i23_12_5.bmp,1.85714,23,12,5
I23_13_1.BMP,/kaggle/working/MDFS/data/TID2013/distorted_images/I23_13_1.BMP,4.54286,23,13,1
i23_13_2.bmp,/kaggle/working/MDFS/data/TID2013/distorted_images/i23_13_2.bmp,4.15152,23,13,2
i23_13_3.bmp,/kaggle/working/MDFS/data/TID2013/distorted_images/i23_13_3.bmp,3.34286,23,13,3
i23_13_4.bmp,/kaggle/working/MDFS/data/TID2013/distorted_images/i23_13_4.bmp,2.47059,23,13,4
i23_13_5.bmp,/kaggle/working/MDFS/data/TID2013/distorted_images/i23_13_5.bmp,2.58824,23,13,5
i23_14_1.bmp,/kaggle/working/MDFS/data/TID2013/distorted_images/i23_14_1.bmp,6.08571,23,14,1
i23_14_2.bmp,/kaggle/working/MDFS/data/TID2013/distorted_images/i23_14_2.bmp,6.29412,23,14,2
i23_14_3.bmp,/kaggle/working/MDFS/data/TID2013/distorted_images/i23_14_3.bmp,5.05882,23,14,3
i23_14_4.bmp,/kaggle/working/MDFS/data/TID2013/distorted_images/i23_14_4.bmp,5.05882,23,14,4
i23_14_5.bmp,/kaggle/working/MDFS/data/TID2013/distorted_images/i23_14_5.bmp,3.6,23,14,5
i23_15_1.bmp,/kaggle/working/MDFS/data/TID2013/distorted_images/i23_15_1.bmp,2.94286,23,15,1
i23_15_2.bmp,/kaggle/working/MDFS/data/TID2013/distorted_images/i23_15_2.bmp,2.97143,23,15,2
i23_15_3.bmp,/kaggle/working/MDFS/data/TID2013/distorted_images/i23_15_3.bmp,3.25714,23,15,3
i23_15_4.bmp,/kaggle/working/MDFS/data/TID2013/distorted_images/i23_15_4.bmp,3.41176,23,15,4
i23_15_5.bmp,/kaggle/working/MDFS/data/TID2013/distorted_images/i23_15_5.bmp,3.62857,23,15,5
i23_16_1.bmp,/kaggle/working/MDFS/data/TID2013/distorted_images/i23_16_1.bmp,6.33333,23,16,1
i23_16_2.bmp,/kaggle/working/MDFS/data/TID2013/distorted_images/i23_16_2.bmp,5.82857,23,16,2
i23_16_3.bmp,/kaggle/working/MDFS/data/TID2013/distorted_images/i23_16_3.bmp,5.82353,23,16,3
i23_16_4.bmp,/kaggle/working/MDFS/data/TID2013/distorted_images/i23_16_4.bmp,5.2,23,16,4
i23_16_5.bmp,/kaggle/working/MDFS/data/TID2013/distorted_images/i23_16_5.bmp,5.71429,23,16,5
i23_17_1.bmp,/kaggle/working/MDFS/data/TID2013/distorted_images/i23_17_1.bmp,5.66667,23,17,1
i23_17_2.bmp,/kaggle/working/MDFS/data/TID2013/distorted_images/i23_17_2.bmp,6.8,23,17,2
i23_17_3.bmp,/kaggle/working/MDFS/data/TID2013/distorted_images/i23_17_3.bmp,4.82857,23,17,3
i23_17_4.bmp,/kaggle/working/MDFS/data/TID2013/distorted_images/i23_17_4.bmp,6.68571,23,17,4
i23_17_5.bmp,/kaggle/working/MDFS/data/TID2013/distorted_images/i23_17_5.bmp,3.88235,23,17,5
i23_18_1.bmp,/kaggle/working/MDFS/data/TID2013/distorted_images/i23_18_1.bmp,5.76471,23,18,1
i23_18_2.bmp,/kaggle/working/MDFS/data/TID2013/distorted_images/i23_18_2.bmp,5.64706,23,18,2
i23_18_3.bmp,/kaggle/working/MDFS/data/TID2013/distorted_images/i23_18_3.bmp,5.44118,23,18,3
i23_18_4.bmp,/kaggle/working/MDFS/data/TID2013/distorted_images/i23_18_4.bmp,5.05714,23,18,4
i23_18_5.bmp,/kaggle/working/MDFS/data/TID2013/distorted_images/i23_18_5.bmp,4.38235,23,18,5
i23_19_1.bmp,/kaggle/working/MDFS/data/TID2013/distorted_images/i23_19_1.bmp,5.71429,23,19,1
i23_19_2.bmp,/kaggle/working/MDFS/data/TID2013/distorted_images/i23_19_2.bmp,4.97143,23,19,2
i23_19_3.bmp,/kaggle/working/MDFS/data/TID2013/distorted_images/i23_19_3.bmp,4.61765,23,19,3
i23_19_4.bmp,/kaggle/working/MDFS/data/TID2013/distorted_images/i23_19_4.bmp,3.88571,23,19,4
i23_19_5.bmp,/kaggle/working/MDFS/data/TID2013/distorted_images/i23_19_5.bmp,3.42857,23,19,5
i23_20_1.bmp,/kaggle/working/MDFS/data/TID2013/distorted_images/i23_20_1.bmp,5.6,23,20,1
i23_20_2.bmp,/kaggle/working/MDFS/data/TID2013/distorted_images/i23_20_2.bmp,5.08824,23,20,2
i23_20_3.bmp,/kaggle/working/MDFS/data/TID2013/distorted_images/i23_20_3.bmp,4.09375,23,20,3
i23_20_4.bmp,/kaggle/working/MDFS/data/TID2013/distorted_images/i23_20_4.bmp,3.34286,23,20,4
i23_20_5.bmp,/kaggle/working/MDFS/data/TID2013/distorted_images/i23_20_5.bmp,2.65714,23,20,5
i23_21_1.bmp,/kaggle/working/MDFS/data/TID2013/distorted_images/i23_21_1.bmp,5.6,23,21,1
i23_21_2.bmp,/kaggle/working/MDFS/data/TID2013/distorted_images/i23_21_2.bmp,4.79412,23,21,2
i23_21_3.bmp,/kaggle/working/MDFS/data/TID2013/distorted_images/i23_21_3.bmp,4.12121,23,21,3
i23_21_4.bmp,/kaggle/working/MDFS/data/TID2013/distorted_images/i23_21_4.bmp,3.51429,23,21,4
i23_21_5.bmp,/kaggle/working/MDFS/data/TID2013/distorted_images/i23_21_5.bmp,2.41176,23,21,5
i23_22_1.bmp,/kaggle/working/MDFS/data/TID2013/distorted_images/i23_22_1.bmp,6.17647,23,22,1
i23_22_2.bmp,/kaggle/working/MDFS/data/TID2013/distorted_images/i23_22_2.bmp,5.88571,23,22,2
i23_22_3.bmp,/kaggle/working/MDFS/data/TID2013/distorted_images/i23_22_3.bmp,5.02941,23,22,3
i23_22_4.bmp,/kaggle/working/MDFS/data/TID2013/distorted_images/i23_22_4.bmp,4.64706,23,22,4
i23_22_5.bmp,/kaggle/working/MDFS/data/TID2013/distorted_images/i23_22_5.bmp,4.0,23,22,5
i23_23_1.bmp,/kaggle/working/MDFS/data/TID2013/distorted_images/i23_23_1.bmp,6.30303,23,23,1
i23_23_2.bmp,/kaggle/working/MDFS/data/TID2013/distorted_images/i23_23_2.bmp,5.91176,23,23,2
i23_23_3.bmp,/kaggle/working/MDFS/data/TID2013/distorted_images/i23_23_3.bmp,5.17143,23,23,3
i23_23_4.bmp,/kaggle/working/MDFS/data/TID2013/distorted_images/i23_23_4.bmp,3.75758,23,23,4
i23_23_5.bmp,/kaggle/working/MDFS/data/TID2013/distorted_images/i23_23_5.bmp,3.0,23,23,5
i23_24_1.bmp,/kaggle/working/MDFS/data/TID2013/distorted_images/i23_24_1.bmp,5.85294,23,24,1
i23_24_2.bmp,/kaggle/working/MDFS/data/TID2013/distorted_images/i23_24_2.bmp,4.73529,23,24,2
i23_24_3.bmp,/kaggle/working/MDFS/data/TID2013/distorted_images/i23_24_3.bmp,3.67647,23,24,3
i23_24_4.bmp,/kaggle/working/MDFS/data/TID2013/distorted_images/i23_24_4.bmp,1.72727,23,24,4
i23_24_5.bmp,/kaggle/working/MDFS/data/TID2013/distorted_images/i23_24_5.bmp,0.78788,23,24,5
I24_01_1.bmp,/kaggle/working/MDFS/data/TID2013/distorted_images/I24_01_1.bmp,5.88571,24,1,1
i24_01_2.bmp,/kaggle/working/MDFS/data/TID2013/distorted_images/i24_01_2.bmp,5.05556,24,1,2
i24_01_3.bmp,/kaggle/working/MDFS/data/TID2013/distorted_images/i24_01_3.bmp,4.72222,24,1,3
i24_01_4.bmp,/kaggle/working/MDFS/data/TID2013/distorted_images/i24_01_4.bmp,4.14286,24,1,4
i24_01_5.bmp,/kaggle/working/MDFS/data/TID2013/distorted_images/i24_01_5.bmp,3.58333,24,1,5
i24_02_1.bmp,/kaggle/working/MDFS/data/TID2013/distorted_images/i24_02_1.bmp,6.44444,24,2,1
i24_02_2.bmp,/kaggle/working/MDFS/data/TID2013/distorted_images/i24_02_2.bmp,5.91176,24,2,2
i24_02_3.bmp,/kaggle/working/MDFS/data/TID2013/distorted_images/i24_02_3.bmp,5.13889,24,2,3
i24_02_4.bmp,/kaggle/working/MDFS/data/TID2013/distorted_images/i24_02_4.bmp,5.08571,24,2,4
i24_02_5.bmp,/kaggle/working/MDFS/data/TID2013/distorted_images/i24_02_5.bmp,4.52778,24,2,5
i24_03_1.bmp,/kaggle/working/MDFS/data/TID2013/distorted_images/i24_03_1.bmp,4.8,24,3,1
i24_03_2.bmp,/kaggle/working/MDFS/data/TID2013/distorted_images/i24_03_2.bmp,4.25714,24,3,2
i24_03_3.bmp,/kaggle/working/MDFS/data/TID2013/distorted_images/i24_03_3.bmp,3.82857,24,3,3
i24_03_4.bmp,/kaggle/working/MDFS/data/TID2013/distorted_images/i24_03_4.bmp,3.28571,24,3,4
i24_03_5.bmp,/kaggle/working/MDFS/data/TID2013/distorted_images/i24_03_5.bmp,2.69444,24,3,5
i24_04_1.bmp,/kaggle/working/MDFS/data/TID2013/distorted_images/i24_04_1.bmp,5.85714,24,4,1
i24_04_2.bmp,/kaggle/working/MDFS/data/TID2013/distorted_images/i24_04_2.bmp,5.83333,24,4,2
i24_04_3.bmp,/kaggle/working/MDFS/data/TID2013/distorted_images/i24_04_3.bmp,5.52941,24,4,3
i24_04_4.bmp,/kaggle/working/MDFS/data/TID2013/distorted_images/i24_04_4.bmp,5.16667,24,4,4
i24_04_5.bmp,/kaggle/working/MDFS/data/TID2013/distorted_images/i24_04_5.bmp,4.57143,24,4,5
i24_05_1.bmp,/kaggle/working/MDFS/data/TID2013/distorted_images/i24_05_1.bmp,5.80556,24,5,1
i24_05_2.bmp,/kaggle/working/MDFS/data/TID2013/distorted_images/i24_05_2.bmp,5.33333,24,5,2
i24_05_3.bmp,/kaggle/working/MDFS/data/TID2013/distorted_images/i24_05_3.bmp,5.13889,24,5,3
i24_05_4.bmp,/kaggle/working/MDFS/data/TID2013/distorted_images/i24_05_4.bmp,4.02857,24,5,4
i24_05_5.bmp,/kaggle/working/MDFS/data/TID2013/distorted_images/i24_05_5.bmp,3.25,24,5,5
i24_06_1.bmp,/kaggle/working/MDFS/data/TID2013/distorted_images/i24_06_1.bmp,4.64706,24,6,1
i24_06_2.bmp,/kaggle/working/MDFS/data/TID2013/distorted_images/i24_06_2.bmp,4.37143,24,6,2
i24_06_3.bmp,/kaggle/working/MDFS/data/TID2013/distorted_images/i24_06_3.bmp,3.97143,24,6,3
i24_06_4.bmp,/kaggle/working/MDFS/data/TID2013/distorted_images/i24_06_4.bmp,3.66667,24,6,4
i24_06_5.bmp,/kaggle/working/MDFS/data/TID2013/distorted_images/i24_06_5.bmp,3.28571,24,6,5
i24_07_1.bmp,/kaggle/working/MDFS/data/TID2013/distorted_images/i24_07_1.bmp,5.52778,24,7,1
i24_07_2.bmp,/kaggle/working/MDFS/data/TID2013/distorted_images/i24_07_2.bmp,4.57143,24,7,2
i24_07_3.bmp,/kaggle/working/MDFS/data/TID2013/distorted_images/i24_07_3.bmp,4.08824,24,7,3
i24_07_4.bmp,/kaggle/working/MDFS/data/TID2013/distorted_images/i24_07_4.bmp,2.88571,24,7,4
i24_07_5.bmp,/kaggle/working/MDFS/data/TID2013/distorted_images/i24_07_5.bmp,2.44444,24,7,5
i24_08_1.bmp,/kaggle/working/MDFS/data/TID2013/distorted_images/i24_08_1.bmp,5.94444,24,8,1
i24_08_2.bmp,/kaggle/working/MDFS/data/TID2013/distorted_images/i24_08_2.bmp,4.97143,24,8,2
i24_08_3.bmp,/kaggle/working/MDFS/data/TID2013/distorted_images/i24_08_3.bmp,4.05714,24,8,3
i24_08_4.bmp,/kaggle/working/MDFS/data/TID2013/distorted_images/i24_08_4.bmp,3.17647,24,8,4
i24_08_5.bmp,/kaggle/working/MDFS/data/TID2013/distorted_images/i24_08_5.bmp,2.61765,24,8,5
i24_09_1.bmp,/kaggle/working/MDFS/data/TID2013/distorted_images/i24_09_1.bmp,6.0,24,9,1
i24_09_2.bmp,/kaggle/working/MDFS/data/TID2013/distorted_images/i24_09_2.bmp,5.29412,24,9,2
i24_09_3.bmp,/kaggle/working/MDFS/data/TID2013/distorted_images/i24_09_3.bmp,4.52778,24,9,3
i24_09_4.bmp,/kaggle/working/MDFS/data/TID2013/distorted_images/i24_09_4.bmp,3.38889,24,9,4
i24_09_5.bmp,/kaggle/working/MDFS/data/TID2013/distorted_images/i24_09_5.bmp,2.0,24,9,5
i24_10_1.bmp,/kaggle/working/MDFS/data/TID2013/distorted_images/i24_10_1.bmp,5.88571,24,10,1
i24_10_2.bmp,/kaggle/working/MDFS/data/TID2013/distorted_images/i24_10_2.bmp,5.82857,24,10,2
i24_10_3.bmp,/kaggle/working/MDFS/data/TID2013/distorted_images/i24_10_3.bmp,4.65714,24,10,3
i24_10_4.bmp,/kaggle/working/MDFS/data/TID2013/distorted_images/i24_10_4.bmp,3.27778,24,10,4
i24_10_5.bmp,/kaggle/working/MDFS/data/TID2013/distorted_images/i24_10_5.bmp,1.85294,24,10,5
I24_11_1.BMP,/kaggle/working/MDFS/data/TID2013/distorted_images/I24_11_1.BMP,5.4,24,11,1
i24_11_2.bmp,/kaggle/working/MDFS/data/TID2013/distorted_images/i24_11_2.bmp,4.69697,24,11,2
i24_11_3.bmp,/kaggle/working/MDFS/data/TID2013/distorted_images/i24_11_3.bmp,4.02941,24,11,3
i24_11_4.bmp,/kaggle/working/MDFS/data/TID2013/distorted_images/i24_11_4.bmp,2.57143,24,11,4
i24_11_5.bmp,/kaggle/working/MDFS/data/TID2013/distorted_images/i24_11_5.bmp,0.91667,24,11,5
i24_12_1.bmp,/kaggle/working/MDFS/data/TID2013/distorted_images/i24_12_1.bmp,5.68571,24,12,1
i24_12_2.bmp,/kaggle/working/MDFS/data/TID2013/distorted_images/i24_12_2.bmp,6.08571,24,12,2
i24_12_3.bmp,/kaggle/working/MDFS/data/TID2013/distorted_images/i24_12_3.bmp,5.48485,24,12,3
i24_12_4.bmp,/kaggle/working/MDFS/data/TID2013/distorted_images/i24_12_4.bmp,3.5,24,12,4
i24_12_5.bmp,/kaggle/working/MDFS/data/TID2013/distorted_images/i24_12_5.bmp,2.58333,24,12,5
I24_13_1.BMP,/kaggle/working/MDFS/data/TID2013/distorted_images/I24_13_1.BMP,4.05882,24,13,1
i24_13_2.bmp,/kaggle/working/MDFS/data/TID2013/distorted_images/i24_13_2.bmp,3.74286,24,13,2
i24_13_3.bmp,/kaggle/working/MDFS/data/TID2013/distorted_images/i24_13_3.bmp,3.31429,24,13,3
i24_13_4.bmp,/kaggle/working/MDFS/data/TID2013/distorted_images/i24_13_4.bmp,2.88889,24,13,4
i24_13_5.bmp,/kaggle/working/MDFS/data/TID2013/distorted_images/i24_13_5.bmp,2.5,24,13,5
i24_14_1.bmp,/kaggle/working/MDFS/data/TID2013/distorted_images/i24_14_1.bmp,6.0,24,14,1
i24_14_2.bmp,/kaggle/working/MDFS/data/TID2013/distorted_images/i24_14_2.bmp,5.97143,24,14,2
i24_14_3.bmp,/kaggle/working/MDFS/data/TID2013/distorted_images/i24_14_3.bmp,5.34286,24,14,3
i24_14_4.bmp,/kaggle/working/MDFS/data/TID2013/distorted_images/i24_14_4.bmp,5.13889,24,14,4
i24_14_5.bmp,/kaggle/working/MDFS/data/TID2013/distorted_images/i24_14_5.bmp,4.63889,24,14,5
i24_15_1.bmp,/kaggle/working/MDFS/data/TID2013/distorted_images/i24_15_1.bmp,4.02778,24,15,1
i24_15_2.bmp,/kaggle/working/MDFS/data/TID2013/distorted_images/i24_15_2.bmp,4.4,24,15,2
i24_15_3.bmp,/kaggle/working/MDFS/data/TID2013/distorted_images/i24_15_3.bmp,3.88571,24,15,3
i24_15_4.bmp,/kaggle/working/MDFS/data/TID2013/distorted_images/i24_15_4.bmp,3.66667,24,15,4
i24_15_5.bmp,/kaggle/working/MDFS/data/TID2013/distorted_images/i24_15_5.bmp,3.38889,24,15,5
i24_16_1.bmp,/kaggle/working/MDFS/data/TID2013/distorted_images/i24_16_1.bmp,5.97143,24,16,1
i24_16_2.bmp,/kaggle/working/MDFS/data/TID2013/distorted_images/i24_16_2.bmp,6.11111,24,16,2
i24_16_3.bmp,/kaggle/working/MDFS/data/TID2013/distorted_images/i24_16_3.bmp,5.45714,24,16,3
i24_16_4.bmp,/kaggle/working/MDFS/data/TID2013/distorted_images/i24_16_4.bmp,5.61111,24,16,4
i24_16_5.bmp,/kaggle/working/MDFS/data/TID2013/distorted_images/i24_16_5.bmp,4.88571,24,16,5
i24_17_1.bmp,/kaggle/working/MDFS/data/TID2013/distorted_images/i24_17_1.bmp,5.75,24,17,1
i24_17_2.bmp,/kaggle/working/MDFS/data/TID2013/distorted_images/i24_17_2.bmp,6.47222,24,17,2
i24_17_3.bmp,/kaggle/working/MDFS/data/TID2013/distorted_images/i24_17_3.bmp,4.80556,24,17,3
i24_17_4.bmp,/kaggle/working/MDFS/data/TID2013/distorted_images/i24_17_4.bmp,6.72222,24,17,4
i24_17_5.bmp,/kaggle/working/MDFS/data/TID2013/distorted_images/i24_17_5.bmp,3.6,24,17,5
i24_18_1.bmp,/kaggle/working/MDFS/data/TID2013/distorted_images/i24_18_1.bmp,4.8,24,18,1
i24_18_2.bmp,/kaggle/working/MDFS/data/TID2013/distorted_images/i24_18_2.bmp,4.39394,24,18,2
i24_18_3.bmp,/kaggle/working/MDFS/data/TID2013/distorted_images/i24_18_3.bmp,3.91176,24,18,3
i24_18_4.bmp,/kaggle/working/MDFS/data/TID2013/distorted_images/i24_18_4.bmp,4.11429,24,18,4
i24_18_5.bmp,/kaggle/working/MDFS/data/TID2013/distorted_images/i24_18_5.bmp,3.79412,24,18,5
i24_19_1.bmp,/kaggle/working/MDFS/data/TID2013/distorted_images/i24_19_1.bmp,5.57143,24,19,1
i24_19_2.bmp,/kaggle/working/MDFS/data/TID2013/distorted_images/i24_19_2.bmp,5.17647,24,19,2
i24_19_3.bmp,/kaggle/working/MDFS/data/TID2013/distorted_images/i24_19_3.bmp,4.77778,24,19,3
i24_19_4.bmp,/kaggle/working/MDFS/data/TID2013/distorted_images/i24_19_4.bmp,4.08824,24,19,4
i24_19_5.bmp,/kaggle/working/MDFS/data/TID2013/distorted_images/i24_19_5.bmp,3.85714,24,19,5
i24_20_1.bmp,/kaggle/working/MDFS/data/TID2013/distorted_images/i24_20_1.bmp,6.14286,24,20,1
i24_20_2.bmp,/kaggle/working/MDFS/data/TID2013/distorted_images/i24_20_2.bmp,5.61111,24,20,2
i24_20_3.bmp,/kaggle/working/MDFS/data/TID2013/distorted_images/i24_20_3.bmp,5.17143,24,20,3
i24_20_4.bmp,/kaggle/working/MDFS/data/TID2013/distorted_images/i24_20_4.bmp,4.02857,24,20,4
i24_20_5.bmp,/kaggle/working/MDFS/data/TID2013/distorted_images/i24_20_5.bmp,3.51429,24,20,5
i24_21_1.bmp,/kaggle/working/MDFS/data/TID2013/distorted_images/i24_21_1.bmp,5.77778,24,21,1
i24_21_2.bmp,/kaggle/working/MDFS/data/TID2013/distorted_images/i24_21_2.bmp,4.82857,24,21,2
i24_21_3.bmp,/kaggle/working/MDFS/data/TID2013/distorted_images/i24_21_3.bmp,4.14286,24,21,3
i24_21_4.bmp,/kaggle/working/MDFS/data/TID2013/distorted_images/i24_21_4.bmp,3.36111,24,21,4
i24_21_5.bmp,/kaggle/working/MDFS/data/TID2013/distorted_images/i24_21_5.bmp,2.68571,24,21,5
i24_22_1.bmp,/kaggle/working/MDFS/data/TID2013/distorted_images/i24_22_1.bmp,5.77143,24,22,1
i24_22_2.bmp,/kaggle/working/MDFS/data/TID2013/distorted_images/i24_22_2.bmp,5.02941,24,22,2
i24_22_3.bmp,/kaggle/working/MDFS/data/TID2013/distorted_images/i24_22_3.bmp,4.61765,24,22,3
i24_22_4.bmp,/kaggle/working/MDFS/data/TID2013/distorted_images/i24_22_4.bmp,3.33333,24,22,4
i24_22_5.bmp,/kaggle/working/MDFS/data/TID2013/distorted_images/i24_22_5.bmp,2.74286,24,22,5
i24_23_1.bmp,/kaggle/working/MDFS/data/TID2013/distorted_images/i24_23_1.bmp,5.8,24,23,1
i24_23_2.bmp,/kaggle/working/MDFS/data/TID2013/distorted_images/i24_23_2.bmp,6.02778,24,23,2
i24_23_3.bmp,/kaggle/working/MDFS/data/TID2013/distorted_images/i24_23_3.bmp,5.68571,24,23,3
i24_23_4.bmp,/kaggle/working/MDFS/data/TID2013/distorted_images/i24_23_4.bmp,5.08824,24,23,4
i24_23_5.bmp,/kaggle/working/MDFS/data/TID2013/distorted_images/i24_23_5.bmp,2.29412,24,23,5
i24_24_1.bmp,/kaggle/working/MDFS/data/TID2013/distorted_images/i24_24_1.bmp,5.70588,24,24,1
i24_24_2.bmp,/kaggle/working/MDFS/data/TID2013/distorted_images/i24_24_2.bmp,5.34286,24,24,2
i24_24_3.bmp,/kaggle/working/MDFS/data/TID2013/distorted_images/i24_24_3.bmp,4.34286,24,24,3
i24_24_4.bmp,/kaggle/working/MDFS/data/TID2013/distorted_images/i24_24_4.bmp,2.74286,24,24,4
i24_24_5.bmp,/kaggle/working/MDFS/data/TID2013/distorted_images/i24_24_5.bmp,0.41667,24,24,5
I25_01_1.bmp,/kaggle/working/MDFS/data/TID2013/distorted_images/I25_01_1.bmp,5.14286,25,1,1
i25_01_2.bmp,/kaggle/working/MDFS/data/TID2013/distorted_images/i25_01_2.bmp,4.67647,25,1,2
i25_01_3.bmp,/kaggle/working/MDFS/data/TID2013/distorted_images/i25_01_3.bmp,4.4,25,1,3
i25_01_4.bmp,/kaggle/working/MDFS/data/TID2013/distorted_images/i25_01_4.bmp,3.88571,25,1,4
i25_01_5.bmp,/kaggle/working/MDFS/data/TID2013/distorted_images/i25_01_5.bmp,3.44444,25,1,5
i25_02_1.bmp,/kaggle/working/MDFS/data/TID2013/distorted_images/i25_02_1.bmp,5.54286,25,2,1
i25_02_2.bmp,/kaggle/working/MDFS/data/TID2013/distorted_images/i25_02_2.bmp,5.27778,25,2,2
i25_02_3.bmp,/kaggle/working/MDFS/data/TID2013/distorted_images/i25_02_3.bmp,5.25,25,2,3
i25_02_4.bmp,/kaggle/working/MDFS/data/TID2013/distorted_images/i25_02_4.bmp,4.45714,25,2,4
i25_02_5.bmp,/kaggle/working/MDFS/data/TID2013/distorted_images/i25_02_5.bmp,3.77143,25,2,5
i25_03_1.bmp,/kaggle/working/MDFS/data/TID2013/distorted_images/i25_03_1.bmp,4.0,25,3,1
i25_03_2.bmp,/kaggle/working/MDFS/data/TID2013/distorted_images/i25_03_2.bmp,3.58333,25,3,2
i25_03_3.bmp,/kaggle/working/MDFS/data/TID2013/distorted_images/i25_03_3.bmp,3.25,25,3,3
i25_03_4.bmp,/kaggle/working/MDFS/data/TID2013/distorted_images/i25_03_4.bmp,2.91429,25,3,4
i25_03_5.bmp,/kaggle/working/MDFS/data/TID2013/distorted_images/i25_03_5.bmp,2.41667,25,3,5
i25_04_1.bmp,/kaggle/working/MDFS/data/TID2013/distorted_images/i25_04_1.bmp,6.39394,25,4,1
i25_04_2.bmp,/kaggle/working/MDFS/data/TID2013/distorted_images/i25_04_2.bmp,6.16667,25,4,2
i25_04_3.bmp,/kaggle/working/MDFS/data/TID2013/distorted_images/i25_04_3.bmp,5.88889,25,4,3
i25_04_4.bmp,/kaggle/working/MDFS/data/TID2013/distorted_images/i25_04_4.bmp,5.5,25,4,4
i25_04_5.bmp,/kaggle/working/MDFS/data/TID2013/distorted_images/i25_04_5.bmp,5.23529,25,4,5
i25_05_1.bmp,/kaggle/working/MDFS/data/TID2013/distorted_images/i25_05_1.bmp,5.33333,25,5,1
i25_05_2.bmp,/kaggle/working/MDFS/data/TID2013/distorted_images/i25_05_2.bmp,5.25714,25,5,2
i25_05_3.bmp,/kaggle/working/MDFS/data/TID2013/distorted_images/i25_05_3.bmp,4.61111,25,5,3
i25_05_4.bmp,/kaggle/working/MDFS/data/TID2013/distorted_images/i25_05_4.bmp,3.85714,25,5,4
i25_05_5.bmp,/kaggle/working/MDFS/data/TID2013/distorted_images/i25_05_5.bmp,2.75,25,5,5
i25_06_1.bmp,/kaggle/working/MDFS/data/TID2013/distorted_images/i25_06_1.bmp,4.4,25,6,1
i25_06_2.bmp,/kaggle/working/MDFS/data/TID2013/distorted_images/i25_06_2.bmp,4.28571,25,6,2
i25_06_3.bmp,/kaggle/working/MDFS/data/TID2013/distorted_images/i25_06_3.bmp,3.70588,25,6,3
i25_06_4.bmp,/kaggle/working/MDFS/data/TID2013/distorted_images/i25_06_4.bmp,3.47222,25,6,4
i25_06_5.bmp,/kaggle/working/MDFS/data/TID2013/distorted_images/i25_06_5.bmp,3.02778,25,6,5
i25_07_1.bmp,/kaggle/working/MDFS/data/TID2013/distorted_images/i25_07_1.bmp,3.5,25,7,1
i25_07_2.bmp,/kaggle/working/MDFS/data/TID2013/distorted_images/i25_07_2.bmp,3.14286,25,7,2
i25_07_3.bmp,/kaggle/working/MDFS/data/TID2013/distorted_images/i25_07_3.bmp,3.0303,25,7,3
i25_07_4.bmp,/kaggle/working/MDFS/data/TID2013/distorted_images/i25_07_4.bmp,2.71429,25,7,4
i25_07_5.bmp,/kaggle/working/MDFS/data/TID2013/distorted_images/i25_07_5.bmp,2.74286,25,7,5
i25_08_1.bmp,/kaggle/working/MDFS/data/TID2013/distorted_images/i25_08_1.bmp,5.52941,25,8,1
i25_08_2.bmp,/kaggle/working/MDFS/data/TID2013/distorted_images/i25_08_2.bmp,5.05556,25,8,2
i25_08_3.bmp,/kaggle/working/MDFS/data/TID2013/distorted_images/i25_08_3.bmp,4.29412,25,8,3
i25_08_4.bmp,/kaggle/working/MDFS/data/TID2013/distorted_images/i25_08_4.bmp,3.17647,25,8,4
i25_08_5.bmp,/kaggle/working/MDFS/data/TID2013/distorted_images/i25_08_5.bmp,1.94444,25,8,5
i25_09_1.bmp,/kaggle/working/MDFS/data/TID2013/distorted_images/i25_09_1.bmp,5.83333,25,9,1
i25_09_2.bmp,/kaggle/working/MDFS/data/TID2013/distorted_images/i25_09_2.bmp,5.2,25,9,2
i25_09_3.bmp,/kaggle/working/MDFS/data/TID2013/distorted_images/i25_09_3.bmp,4.22857,25,9,3
i25_09_4.bmp,/kaggle/working/MDFS/data/TID2013/distorted_images/i25_09_4.bmp,3.11765,25,9,4
i25_09_5.bmp,/kaggle/working/MDFS/data/TID2013/distorted_images/i25_09_5.bmp,1.33333,25,9,5
i25_10_1.bmp,/kaggle/working/MDFS/data/TID2013/distorted_images/i25_10_1.bmp,5.85714,25,10,1
i25_10_2.bmp,/kaggle/working/MDFS/data/TID2013/distorted_images/i25_10_2.bmp,5.57143,25,10,2
i25_10_3.bmp,/kaggle/working/MDFS/data/TID2013/distorted_images/i25_10_3.bmp,4.25714,25,10,3
i25_10_4.bmp,/kaggle/working/MDFS/data/TID2013/distorted_images/i25_10_4.bmp,2.14706,25,10,4
i25_10_5.bmp,/kaggle/working/MDFS/data/TID2013/distorted_images/i25_10_5.bmp,1.47222,25,10,5
I25_11_1.BMP,/kaggle/working/MDFS/data/TID2013/distorted_images/I25_11_1.BMP,6.08571,25,11,1
i25_11_2.bmp,/kaggle/working/MDFS/data/TID2013/distorted_images/i25_11_2.bmp,5.86111,25,11,2
i25_11_3.bmp,/kaggle/working/MDFS/data/TID2013/distorted_images/i25_11_3.bmp,5.36111,25,11,3
i25_11_4.bmp,/kaggle/working/MDFS/data/TID2013/distorted_images/i25_11_4.bmp,4.97222,25,11,4
i25_11_5.bmp,/kaggle/working/MDFS/data/TID2013/distorted_images/i25_11_5.bmp,4.6,25,11,5
i25_12_1.bmp,/kaggle/working/MDFS/data/TID2013/distorted_images/i25_12_1.bmp,6.02778,25,12,1
i25_12_2.bmp,/kaggle/working/MDFS/data/TID2013/distorted_images/i25_12_2.bmp,5.8,25,12,2
i25_12_3.bmp,/kaggle/working/MDFS/data/TID2013/distorted_images/i25_12_3.bmp,4.83333,25,12,3
i25_12_4.bmp,/kaggle/working/MDFS/data/TID2013/distorted_images/i25_12_4.bmp,5.0303,25,12,4
i25_12_5.bmp,/kaggle/working/MDFS/data/TID2013/distorted_images/i25_12_5.bmp,4.66667,25,12,5
I25_13_1.BMP,/kaggle/working/MDFS/data/TID2013/distorted_images/I25_13_1.BMP,4.82857,25,13,1
i25_13_2.bmp,/kaggle/working/MDFS/data/TID2013/distorted_images/i25_13_2.bmp,5.71429,25,13,2
i25_13_3.bmp,/kaggle/working/MDFS/data/TID2013/distorted_images/i25_13_3.bmp,3.68571,25,13,3
i25_13_4.bmp,/kaggle/working/MDFS/data/TID2013/distorted_images/i25_13_4.bmp,4.57143,25,13,4
i25_13_5.bmp,/kaggle/working/MDFS/data/TID2013/distorted_images/i25_13_5.bmp,3.02857,25,13,5
i25_14_1.bmp,/kaggle/working/MDFS/data/TID2013/distorted_images/i25_14_1.bmp,5.71429,25,14,1
i25_14_2.bmp,/kaggle/working/MDFS/data/TID2013/distorted_images/i25_14_2.bmp,5.14286,25,14,2
i25_14_3.bmp,/kaggle/working/MDFS/data/TID2013/distorted_images/i25_14_3.bmp,5.08824,25,14,3
i25_14_4.bmp,/kaggle/working/MDFS/data/TID2013/distorted_images/i25_14_4.bmp,3.82857,25,14,4
i25_14_5.bmp,/kaggle/working/MDFS/data/TID2013/distorted_images/i25_14_5.bmp,3.11111,25,14,5
i25_15_1.bmp,/kaggle/working/MDFS/data/TID2013/distorted_images/i25_15_1.bmp,3.27778,25,15,1
i25_15_2.bmp,/kaggle/working/MDFS/data/TID2013/distorted_images/i25_15_2.bmp,2.93939,25,15,2
i25_15_3.bmp,/kaggle/working/MDFS/data/TID2013/distorted_images/i25_15_3.bmp,3.52778,25,15,3
i25_15_4.bmp,/kaggle/working/MDFS/data/TID2013/distorted_images/i25_15_4.bmp,3.97059,25,15,4
i25_15_5.bmp,/kaggle/working/MDFS/data/TID2013/distorted_images/i25_15_5.bmp,4.14286,25,15,5
i25_16_1.bmp,/kaggle/working/MDFS/data/TID2013/distorted_images/i25_16_1.bmp,5.91667,25,16,1
i25_16_2.bmp,/kaggle/working/MDFS/data/TID2013/distorted_images/i25_16_2.bmp,6.41667,25,16,2
i25_16_3.bmp,/kaggle/working/MDFS/data/TID2013/distorted_images/i25_16_3.bmp,5.77143,25,16,3
i25_16_4.bmp,/kaggle/working/MDFS/data/TID2013/distorted_images/i25_16_4.bmp,5.55556,25,16,4
i25_16_5.bmp,/kaggle/working/MDFS/data/TID2013/distorted_images/i25_16_5.bmp,4.47059,25,16,5
i25_17_1.bmp,/kaggle/working/MDFS/data/TID2013/distorted_images/i25_17_1.bmp,5.61111,25,17,1
i25_17_2.bmp,/kaggle/working/MDFS/data/TID2013/distorted_images/i25_17_2.bmp,6.85714,25,17,2
i25_17_3.bmp,/kaggle/working/MDFS/data/TID2013/distorted_images/i25_17_3.bmp,4.48571,25,17,3
i25_17_4.bmp,/kaggle/working/MDFS/data/TID2013/distorted_images/i25_17_4.bmp,6.38889,25,17,4
i25_17_5.bmp,/kaggle/working/MDFS/data/TID2013/distorted_images/i25_17_5.bmp,3.28571,25,17,5
i25_18_1.bmp,/kaggle/working/MDFS/data/TID2013/distorted_images/i25_18_1.bmp,5.61111,25,18,1
i25_18_2.bmp,/kaggle/working/MDFS/data/TID2013/distorted_images/i25_18_2.bmp,5.05882,25,18,2
i25_18_3.bmp,/kaggle/working/MDFS/data/TID2013/distorted_images/i25_18_3.bmp,4.44444,25,18,3
i25_18_4.bmp,/kaggle/working/MDFS/data/TID2013/distorted_images/i25_18_4.bmp,4.0,25,18,4
i25_18_5.bmp,/kaggle/working/MDFS/data/TID2013/distorted_images/i25_18_5.bmp,2.67647,25,18,5
i25_19_1.bmp,/kaggle/working/MDFS/data/TID2013/distorted_images/i25_19_1.bmp,5.16667,25,19,1
i25_19_2.bmp,/kaggle/working/MDFS/data/TID2013/distorted_images/i25_19_2.bmp,4.28571,25,19,2
i25_19_3.bmp,/kaggle/working/MDFS/data/TID2013/distorted_images/i25_19_3.bmp,3.83333,25,19,3
i25_19_4.bmp,/kaggle/working/MDFS/data/TID2013/distorted_images/i25_19_4.bmp,3.79412,25,19,4
i25_19_5.bmp,/kaggle/working/MDFS/data/TID2013/distorted_images/i25_19_5.bmp,3.34286,25,19,5
i25_20_1.bmp,/kaggle/working/MDFS/data/TID2013/distorted_images/i25_20_1.bmp,5.67647,25,20,1
i25_20_2.bmp,/kaggle/working/MDFS/data/TID2013/distorted_images/i25_20_2.bmp,5.54286,25,20,2
i25_20_3.bmp,/kaggle/working/MDFS/data/TID2013/distorted_images/i25_20_3.bmp,5.0,25,20,3
i25_20_4.bmp,/kaggle/working/MDFS/data/TID2013/distorted_images/i25_20_4.bmp,4.97222,25,20,4
i25_20_5.bmp,/kaggle/working/MDFS/data/TID2013/distorted_images/i25_20_5.bmp,4.05714,25,20,5
i25_21_1.bmp,/kaggle/working/MDFS/data/TID2013/distorted_images/i25_21_1.bmp,5.17143,25,21,1
i25_21_2.bmp,/kaggle/working/MDFS/data/TID2013/distorted_images/i25_21_2.bmp,4.45714,25,21,2
i25_21_3.bmp,/kaggle/working/MDFS/data/TID2013/distorted_images/i25_21_3.bmp,4.88571,25,21,3
i25_21_4.bmp,/kaggle/working/MDFS/data/TID2013/distorted_images/i25_21_4.bmp,3.42857,25,21,4
i25_21_5.bmp,/kaggle/working/MDFS/data/TID2013/distorted_images/i25_21_5.bmp,2.91429,25,21,5
i25_22_1.bmp,/kaggle/working/MDFS/data/TID2013/distorted_images/i25_22_1.bmp,4.80556,25,22,1
i25_22_2.bmp,/kaggle/working/MDFS/data/TID2013/distorted_images/i25_22_2.bmp,4.25,25,22,2
i25_22_3.bmp,/kaggle/working/MDFS/data/TID2013/distorted_images/i25_22_3.bmp,3.79412,25,22,3
i25_22_4.bmp,/kaggle/working/MDFS/data/TID2013/distorted_images/i25_22_4.bmp,3.4,25,22,4
i25_22_5.bmp,/kaggle/working/MDFS/data/TID2013/distorted_images/i25_22_5.bmp,2.79412,25,22,5
i25_23_1.bmp,/kaggle/working/MDFS/data/TID2013/distorted_images/i25_23_1.bmp,6.30556,25,23,1
i25_23_2.bmp,/kaggle/working/MDFS/data/TID2013/distorted_images/i25_23_2.bmp,6.27778,25,23,2
i25_23_3.bmp,/kaggle/working/MDFS/data/TID2013/distorted_images/i25_23_3.bmp,6.17143,25,23,3
i25_23_4.bmp,/kaggle/working/MDFS/data/TID2013/distorted_images/i25_23_4.bmp,6.14286,25,23,4
i25_23_5.bmp,/kaggle/working/MDFS/data/TID2013/distorted_images/i25_23_5.bmp,5.97143,25,23,5
i25_24_1.bmp,/kaggle/working/MDFS/data/TID2013/distorted_images/i25_24_1.bmp,5.65714,25,24,1
i25_24_2.bmp,/kaggle/working/MDFS/data/TID2013/distorted_images/i25_24_2.bmp,5.44444,25,24,2
i25_24_3.bmp,/kaggle/working/MDFS/data/TID2013/distorted_images/i25_24_3.bmp,4.62857,25,24,3
i25_24_4.bmp,/kaggle/working/MDFS/data/TID2013/distorted_images/i25_24_4.bmp,4.02778,25,24,4
i25_24_5.bmp,/kaggle/working/MDFS/data/TID2013/distorted_images/i25_24_5.bmp,2.77143,25,24,5
