filename,image_path,mos,reference_id,distortion_id,distortion_level,mdfs_raw_score,runtime_seconds
I01_01_1.bmp,/kaggle/working/MDFS/data/TID2013/distorted_images/I01_01_1.bmp,5.51429,1,1,1,20.645973205566406,0.47098986400033027
i01_01_2.bmp,/kaggle/working/MDFS/data/TID2013/distorted_images/i01_01_2.bmp,5.56757,1,1,2,21.42332649230957,0.04113413000004584
i01_01_3.bmp,/kaggle/working/MDFS/data/TID2013/distorted_images/i01_01_3.bmp,4.94444,1,1,3,22.700529098510742,0.039276009000332124
i01_01_4.bmp,/kaggle/working/MDFS/data/TID2013/distorted_images/i01_01_4.bmp,4.37838,1,1,4,24.9928035736084,0.03780618200016761
i01_01_5.bmp,/kaggle/working/MDFS/data/TID2013/distorted_images/i01_01_5.bmp,3.86486,1,1,5,27.24739646911621,0.03781585600017934
i01_02_1.bmp,/kaggle/working/MDFS/data/TID2013/distorted_images/i01_02_1.bmp,6.02857,1,2,1,20.21539878845215,0.037881472000208305
i01_02_2.bmp,/kaggle/working/MDFS/data/TID2013/distorted_images/i01_02_2.bmp,6.10811,1,2,2,20.808080673217773,0.037778288000026805
i01_02_3.bmp,/kaggle/working/MDFS/data/TID2013/distorted_images/i01_02_3.bmp,5.38889,1,2,3,21.79205894470215,0.03610531799995442
i01_02_4.bmp,/kaggle/working/MDFS/data/TID2013/distorted_images/i01_02_4.bmp,4.71429,1,2,4,23.961746215820312,0.031853760999638325
i01_02_5.bmp,/kaggle/working/MDFS/data/TID2013/distorted_images/i01_02_5.bmp,4.36111,1,2,5,26.31795883178711,0.03150006099986058
i01_03_1.bmp,/kaggle/working/MDFS/data/TID2013/distorted_images/i01_03_1.bmp,4.77143,1,3,1,20.838550567626953,0.03234080199990785
i01_03_2.bmp,/kaggle/working/MDFS/data/TID2013/distorted_images/i01_03_2.bmp,4.27027,1,3,2,21.480499267578125,0.032747061000009126
i01_03_3.bmp,/kaggle/working/MDFS/data/TID2013/distorted_images/i01_03_3.bmp,3.7027,1,3,3,22.885128021240234,0.03159819200027414
i01_03_4.bmp,/kaggle/working/MDFS/data/TID2013/distorted_images/i01_03_4.bmp,3.19444,1,3,4,24.35361671447754,0.03254518599987932
i01_03_5.bmp,/kaggle/working/MDFS/data/TID2013/distorted_images/i01_03_5.bmp,2.71429,1,3,5,26.37928581237793,0.03242233499986469
i01_04_1.bmp,/kaggle/working/MDFS/data/TID2013/distorted_images/i01_04_1.bmp,5.97143,1,4,1,20.05093002319336,0.032090332999814564
i01_04_2.bmp,/kaggle/working/MDFS/data/TID2013/distorted_images/i01_04_2.bmp,5.75676,1,4,2,20.290328979492188,0.032773191000160296
i01_04_3.bmp,/kaggle/working/MDFS/data/TID2013/distorted_images/i01_04_3.bmp,5.27027,1,4,3,20.909608840942383,0.03177811399973507
i01_04_4.bmp,/kaggle/working/MDFS/data/TID2013/distorted_images/i01_04_4.bmp,5.24324,1,4,4,22.019426345825195,0.03268157799993787
i01_04_5.bmp,/kaggle/working/MDFS/data/TID2013/distorted_images/i01_04_5.bmp,4.71429,1,4,5,24.37155532836914,0.03246746199965855
i01_05_1.bmp,/kaggle/working/MDFS/data/TID2013/distorted_images/i01_05_1.bmp,5.91892,1,5,1,20.554040908813477,0.031813185999908455
i01_05_2.bmp,/kaggle/working/MDFS/data/TID2013/distorted_images/i01_05_2.bmp,5.7027,1,5,2,21.2491397857666,0.03338794199999029
i01_05_3.bmp,/kaggle/working/MDFS/data/TID2013/distorted_images/i01_05_3.bmp,5.08333,1,5,3,24.313819885253906,0.031241511000189348
i01_05_4.bmp,/kaggle/working/MDFS/data/TID2013/distorted_images/i01_05_4.bmp,4.13889,1,5,4,30.26168441772461,0.031862109000030614
i01_05_5.bmp,/kaggle/working/MDFS/data/TID2013/distorted_images/i01_05_5.bmp,3.13889,1,5,5,38.428409576416016,0.031649774000015896
i01_06_1.bmp,/kaggle/working/MDFS/data/TID2013/distorted_images/i01_06_1.bmp,4.0,1,6,1,20.53920555114746,0.031747226000334194
i01_06_2.bmp,/kaggle/working/MDFS/data/TID2013/distorted_images/i01_06_2.bmp,3.89189,1,6,2,21.489688873291016,0.032318006999958016
i01_06_3.bmp,/kaggle/working/MDFS/data/TID2013/distorted_images/i01_06_3.bmp,3.72973,1,6,3,23.59299087524414,0.03148040800033414
i01_06_4.bmp,/kaggle/working/MDFS/data/TID2013/distorted_images/i01_06_4.bmp,3.48571,1,6,4,26.357515335083008,0.032359367000026396
i01_06_5.bmp,/kaggle/working/MDFS/data/TID2013/distorted_images/i01_06_5.bmp,2.94444,1,6,5,29.905536651611328,0.03161857199984297
i01_07_1.bmp,/kaggle/working/MDFS/data/TID2013/distorted_images/i01_07_1.bmp,5.08333,1,7,1,19.566360473632812,0.03204234600025302
i01_07_2.bmp,/kaggle/working/MDFS/data/TID2013/distorted_images/i01_07_2.bmp,4.75,1,7,2,19.982990264892578,0.03194781799993507
i01_07_3.bmp,/kaggle/working/MDFS/data/TID2013/distorted_images/i01_07_3.bmp,4.0,1,7,3,21.176788330078125,0.03202699499979644
i01_07_4.bmp,/kaggle/working/MDFS/data/TID2013/distorted_images/i01_07_4.bmp,3.22222,1,7,4,23.29265022277832,0.03262410200022714
i01_07_5.bmp,/kaggle/working/MDFS/data/TID2013/distorted_images/i01_07_5.bmp,2.19444,1,7,5,26.924537658691406,0.03147724100017513
i01_08_1.bmp,/kaggle/working/MDFS/data/TID2013/distorted_images/i01_08_1.bmp,5.18919,1,8,1,19.660194396972656,0.03205646500009607
i01_08_2.bmp,/kaggle/working/MDFS/data/TID2013/distorted_images/i01_08_2.bmp,4.47222,1,8,2,20.514312744140625,0.03186026299999867
i01_08_3.bmp,/kaggle/working/MDFS/data/TID2013/distorted_images/i01_08_3.bmp,3.48649,1,8,3,23.321910858154297,0.031663217000186705
i01_08_4.bmp,/kaggle/working/MDFS/data/TID2013/distorted_images/i01_08_4.bmp,3.0,1,8,4,29.048358917236328,0.032595689000118
i01_08_5.bmp,/kaggle/working/MDFS/data/TID2013/distorted_images/i01_08_5.bmp,2.11111,1,8,5,31.012243270874023,0.031335725000189996
i01_09_1.bmp,/kaggle/working/MDFS/data/TID2013/distorted_images/i01_09_1.bmp,6.08333,1,9,1,19.562753677368164,0.03211476200021934
i01_09_2.bmp,/kaggle/working/MDFS/data/TID2013/distorted_images/i01_09_2.bmp,5.16667,1,9,2,20.031105041503906,0.03161940300014976
i01_09_3.bmp,/kaggle/working/MDFS/data/TID2013/distorted_images/i01_09_3.bmp,4.42857,1,9,3,21.144725799560547,0.03202575199975399
i01_09_4.bmp,/kaggle/working/MDFS/data/TID2013/distorted_images/i01_09_4.bmp,2.81081,1,9,4,22.8468074798584,0.0322486619998017
i01_09_5.bmp,/kaggle/working/MDFS/data/TID2013/distorted_images/i01_09_5.bmp,1.54054,1,9,5,30.295076370239258,0.031326661000093736
i01_10_1.bmp,/kaggle/working/MDFS/data/TID2013/distorted_images/i01_10_1.bmp,5.97297,1,10,1,20.410154342651367,0.032561791999796696
i01_10_2.bmp,/kaggle/working/MDFS/data/TID2013/distorted_images/i01_10_2.bmp,5.94595,1,10,2,21.014719009399414,0.03194427799962796
i01_10_3.bmp,/kaggle/working/MDFS/data/TID2013/distorted_images/i01_10_3.bmp,4.91667,1,10,3,23.010618209838867,0.03211715799989179
i01_10_4.bmp,/kaggle/working/MDFS/data/TID2013/distorted_images/i01_10_4.bmp,3.21622,1,10,4,28.165294647216797,0.032062364999546844
i01_10_5.bmp,/kaggle/working/MDFS/data/TID2013/distorted_images/i01_10_5.bmp,2.08108,1,10,5,33.44430160522461,0.03193074600039836
I01_11_1.BMP,/kaggle/working/MDFS/data/TID2013/distorted_images/I01_11_1.BMP,5.91429,1,11,1,20.64132308959961,0.0330820459998904
i01_11_2.bmp,/kaggle/working/MDFS/data/TID2013/distorted_images/i01_11_2.bmp,5.67568,1,11,2,22.111297607421875,0.03127718800033108
i01_11_3.bmp,/kaggle/working/MDFS/data/TID2013/distorted_images/i01_11_3.bmp,4.69444,1,11,3,24.97257423400879,0.03205106099994737
i01_11_4.bmp,/kaggle/working/MDFS/data/TID2013/distorted_images/i01_11_4.bmp,3.67568,1,11,4,30.738420486450195,0.03190298400022584
i01_11_5.bmp,/kaggle/working/MDFS/data/TID2013/distorted_images/i01_11_5.bmp,1.45946,1,11,5,37.16527557373047,0.03189883999993981
i01_12_1.bmp,/kaggle/working/MDFS/data/TID2013/distorted_images/i01_12_1.bmp,5.94595,1,12,1,19.85873031616211,0.03288001999999324
i01_12_2.bmp,/kaggle/working/MDFS/data/TID2013/distorted_images/i01_12_2.bmp,5.86486,1,12,2,19.71579360961914,0.03177148499980831
i01_12_3.bmp,/kaggle/working/MDFS/data/TID2013/distorted_images/i01_12_3.bmp,4.21622,1,12,3,19.85427474975586,0.03226524199999403
i01_12_4.bmp,/kaggle/working/MDFS/data/TID2013/distorted_images/i01_12_4.bmp,3.83333,1,12,4,20.64671516418457,0.03167411300000822
i01_12_5.bmp,/kaggle/working/MDFS/data/TID2013/distorted_images/i01_12_5.bmp,3.43243,1,12,5,20.733915328979492,0.03180964800003494
I01_13_1.BMP,/kaggle/working/MDFS/data/TID2013/distorted_images/I01_13_1.BMP,5.45946,1,13,1,19.800445556640625,0.03290110099987942
i01_13_2.bmp,/kaggle/working/MDFS/data/TID2013/distorted_images/i01_13_2.bmp,3.91429,1,13,2,20.573945999145508,0.031704174000424246
i01_13_3.bmp,/kaggle/working/MDFS/data/TID2013/distorted_images/i01_13_3.bmp,3.27778,1,13,3,20.561389923095703,0.032227841000349144
i01_13_4.bmp,/kaggle/working/MDFS/data/TID2013/distorted_images/i01_13_4.bmp,3.16667,1,13,4,20.59076499938965,0.03189748599970699
i01_13_5.bmp,/kaggle/working/MDFS/data/TID2013/distorted_images/i01_13_5.bmp,3.10811,1,13,5,20.987695693969727,0.0316759459997229
i01_14_1.bmp,/kaggle/working/MDFS/data/TID2013/distorted_images/i01_14_1.bmp,5.69444,1,14,1,19.526609420776367,0.032492145000105666
i01_14_2.bmp,/kaggle/working/MDFS/data/TID2013/distorted_images/i01_14_2.bmp,6.05405,1,14,2,19.659955978393555,0.03140034099988043
i01_14_3.bmp,/kaggle/working/MDFS/data/TID2013/distorted_images/i01_14_3.bmp,5.75676,1,14,3,19.582683563232422,0.03276282999968316
i01_14_4.bmp,/kaggle/working/MDFS/data/TID2013/distorted_images/i01_14_4.bmp,5.55556,1,14,4,19.427061080932617,0.03212450500041086
i01_14_5.bmp,/kaggle/working/MDFS/data/TID2013/distorted_images/i01_14_5.bmp,4.47059,1,14,5,19.643638610839844,0.03212174000009327
i01_15_1.bmp,/kaggle/working/MDFS/data/TID2013/distorted_images/i01_15_1.bmp,2.83333,1,15,1,20.043718338012695,0.03187103799973556
i01_15_2.bmp,/kaggle/working/MDFS/data/TID2013/distorted_images/i01_15_2.bmp,2.82857,1,15,2,19.947004318237305,0.03158886600022015
i01_15_3.bmp,/kaggle/working/MDFS/data/TID2013/distorted_images/i01_15_3.bmp,3.10811,1,15,3,19.719282150268555,0.03285045299980993
i01_15_4.bmp,/kaggle/working/MDFS/data/TID2013/distorted_images/i01_15_4.bmp,3.58333,1,15,4,19.550817489624023,0.031596841999999015
i01_15_5.bmp,/kaggle/working/MDFS/data/TID2013/distorted_images/i01_15_5.bmp,3.89189,1,15,5,19.526521682739258,0.032159124000372685
i01_16_1.bmp,/kaggle/working/MDFS/data/TID2013/distorted_images/i01_16_1.bmp,5.80556,1,16,1,19.69940948486328,0.0319293130000915
i01_16_2.bmp,/kaggle/working/MDFS/data/TID2013/distorted_images/i01_16_2.bmp,6.05405,1,16,2,19.566387176513672,0.03180417099974875
i01_16_3.bmp,/kaggle/working/MDFS/data/TID2013/distorted_images/i01_16_3.bmp,4.88889,1,16,3,19.73381233215332,0.03265891699993517
i01_16_4.bmp,/kaggle/working/MDFS/data/TID2013/distorted_images/i01_16_4.bmp,5.02778,1,16,4,20.069215774536133,0.03167105500006073
i01_16_5.bmp,/kaggle/working/MDFS/data/TID2013/distorted_images/i01_16_5.bmp,4.19444,1,16,5,20.23245620727539,0.0423119920001227
i01_17_1.bmp,/kaggle/working/MDFS/data/TID2013/distorted_images/i01_17_1.bmp,5.35135,1,17,1,19.598968505859375,0.03229365999959555
i01_17_2.bmp,/kaggle/working/MDFS/data/TID2013/distorted_images/i01_17_2.bmp,6.62162,1,17,2,19.54115867614746,0.031496564999997645
i01_17_3.bmp,/kaggle/working/MDFS/data/TID2013/distorted_images/i01_17_3.bmp,4.08108,1,17,3,20.57880401611328,0.031507349999628786
i01_17_4.bmp,/kaggle/working/MDFS/data/TID2013/distorted_images/i01_17_4.bmp,6.24324,1,17,4,19.601547241210938,0.032731871999658324
i01_17_5.bmp,/kaggle/working/MDFS/data/TID2013/distorted_images/i01_17_5.bmp,2.97143,1,17,5,21.802200317382812,0.03181396800027869
i01_18_1.bmp,/kaggle/working/MDFS/data/TID2013/distorted_images/i01_18_1.bmp,4.62162,1,18,1,20.07163429260254,0.04240438700026061
i01_18_2.bmp,/kaggle/working/MDFS/data/TID2013/distorted_images/i01_18_2.bmp,4.22222,1,18,2,20.83804702758789,0.04262703199992757
i01_18_3.bmp,/kaggle/working/MDFS/data/TID2013/distorted_images/i01_18_3.bmp,3.77143,1,18,3,21.191247940063477,0.02984223400017072
i01_18_4.bmp,/kaggle/working/MDFS/data/TID2013/distorted_images/i01_18_4.bmp,3.47222,1,18,4,21.24479866027832,0.0376467189998948
i01_18_5.bmp,/kaggle/working/MDFS/data/TID2013/distorted_images/i01_18_5.bmp,3.41667,1,18,5,20.367101669311523,0.03389068700016651
i01_19_1.bmp,/kaggle/working/MDFS/data/TID2013/distorted_images/i01_19_1.bmp,5.94444,1,19,1,20.149520874023438,0.031083086000307958
i01_19_2.bmp,/kaggle/working/MDFS/data/TID2013/distorted_images/i01_19_2.bmp,5.47222,1,19,2,20.906578063964844,0.03291621900007158
i01_19_3.bmp,/kaggle/working/MDFS/data/TID2013/distorted_images/i01_19_3.bmp,5.08108,1,19,3,23.15333366394043,0.03163126799972815
i01_19_4.bmp,/kaggle/working/MDFS/data/TID2013/distorted_images/i01_19_4.bmp,4.52778,1,19,4,25.06717300415039,0.032174010000289854
i01_19_5.bmp,/kaggle/working/MDFS/data/TID2013/distorted_images/i01_19_5.bmp,3.94444,1,19,5,26.778762817382812,0.03192532200000642
i01_20_1.bmp,/kaggle/working/MDFS/data/TID2013/distorted_images/i01_20_1.bmp,5.85714,1,20,1,20.172693252563477,0.03182341000001543
i01_20_2.bmp,/kaggle/working/MDFS/data/TID2013/distorted_images/i01_20_2.bmp,5.83333,1,20,2,20.199674606323242,0.03303525100000115
i01_20_3.bmp,/kaggle/working/MDFS/data/TID2013/distorted_images/i01_20_3.bmp,6.02778,1,20,3,20.396574020385742,0.032557132999954774
i01_20_4.bmp,/kaggle/working/MDFS/data/TID2013/distorted_images/i01_20_4.bmp,5.08333,1,20,4,20.499608993530273,0.04075752500011731
i01_20_5.bmp,/kaggle/working/MDFS/data/TID2013/distorted_images/i01_20_5.bmp,4.33333,1,20,5,20.52408218383789,0.030717328000264388
i01_21_1.bmp,/kaggle/working/MDFS/data/TID2013/distorted_images/i01_21_1.bmp,5.7027,1,21,1,20.204614639282227,0.03139031699993211
i01_21_2.bmp,/kaggle/working/MDFS/data/TID2013/distorted_images/i01_21_2.bmp,5.27778,1,21,2,20.273141860961914,0.03199779699980354
i01_21_3.bmp,/kaggle/working/MDFS/data/TID2013/distorted_images/i01_21_3.bmp,4.67568,1,21,3,21.110326766967773,0.032738727000378276
i01_21_4.bmp,/kaggle/working/MDFS/data/TID2013/distorted_images/i01_21_4.bmp,4.05714,1,21,4,22.221683502197266,0.03160875499997928
i01_21_5.bmp,/kaggle/working/MDFS/data/TID2013/distorted_images/i01_21_5.bmp,3.05405,1,21,5,24.25666046142578,0.03257538000025306
i01_22_1.bmp,/kaggle/working/MDFS/data/TID2013/distorted_images/i01_22_1.bmp,5.55556,1,22,1,20.982648849487305,0.03239945799987254
i01_22_2.bmp,/kaggle/working/MDFS/data/TID2013/distorted_images/i01_22_2.bmp,5.18919,1,22,2,22.1883487701416,0.032384034999722644
i01_22_3.bmp,/kaggle/working/MDFS/data/TID2013/distorted_images/i01_22_3.bmp,4.30556,1,22,3,22.328950881958008,0.03317744500009212
i01_22_4.bmp,/kaggle/working/MDFS/data/TID2013/distorted_images/i01_22_4.bmp,3.16216,1,22,4,23.691686630249023,0.03183924700033458
i01_22_5.bmp,/kaggle/working/MDFS/data/TID2013/distorted_images/i01_22_5.bmp,2.19444,1,22,5,35.644554138183594,0.03260858800013011
i01_23_1.bmp,/kaggle/working/MDFS/data/TID2013/distorted_images/i01_23_1.bmp,6.28571,1,23,1,19.600757598876953,0.03283007500021995
i01_23_2.bmp,/kaggle/working/MDFS/data/TID2013/distorted_images/i01_23_2.bmp,5.61111,1,23,2,20.178363800048828,0.03159259899985045
i01_23_3.bmp,/kaggle/working/MDFS/data/TID2013/distorted_images/i01_23_3.bmp,5.77778,1,23,3,20.896041870117188,0.033353146999616
i01_23_4.bmp,/kaggle/working/MDFS/data/TID2013/distorted_images/i01_23_4.bmp,4.80556,1,23,4,21.5256404876709,0.0320280669998283
i01_23_5.bmp,/kaggle/working/MDFS/data/TID2013/distorted_images/i01_23_5.bmp,2.40541,1,23,5,27.111061096191406,0.03196452800011684
i01_24_1.bmp,/kaggle/working/MDFS/data/TID2013/distorted_images/i01_24_1.bmp,5.7027,1,24,1,21.064916610717773,0.03249809099997947
i01_24_2.bmp,/kaggle/working/MDFS/data/TID2013/distorted_images/i01_24_2.bmp,5.58333,1,24,2,22.52730941772461,0.03168455300010464
i01_24_3.bmp,/kaggle/working/MDFS/data/TID2013/distorted_images/i01_24_3.bmp,5.10811,1,24,3,24.600414276123047,0.032498031000159244
i01_24_4.bmp,/kaggle/working/MDFS/data/TID2013/distorted_images/i01_24_4.bmp,3.08108,1,24,4,25.23542022705078,0.03178411899989442
i01_24_5.bmp,/kaggle/working/MDFS/data/TID2013/distorted_images/i01_24_5.bmp,0.45946,1,24,5,26.98997688293457,0.03193751599974348
I02_01_1.bmp,/kaggle/working/MDFS/data/TID2013/distorted_images/I02_01_1.bmp,5.74286,2,1,1,20.935819625854492,0.03205356999978903
i02_01_2.bmp,/kaggle/working/MDFS/data/TID2013/distorted_images/i02_01_2.bmp,5.34286,2,1,2,21.55246925354004,0.031404169000325055
i02_01_3.bmp,/kaggle/working/MDFS/data/TID2013/distorted_images/i02_01_3.bmp,5.22222,2,1,3,22.897132873535156,0.032994438000059745
i02_01_4.bmp,/kaggle/working/MDFS/data/TID2013/distorted_images/i02_01_4.bmp,4.19444,2,1,4,24.962562561035156,0.03176478500017765
i02_01_5.bmp,/kaggle/working/MDFS/data/TID2013/distorted_images/i02_01_5.bmp,3.97297,2,1,5,27.318937301635742,0.03222941800004264
i02_02_1.bmp,/kaggle/working/MDFS/data/TID2013/distorted_images/i02_02_1.bmp,6.05556,2,2,1,20.54990577697754,0.032256598999993
i02_02_2.bmp,/kaggle/working/MDFS/data/TID2013/distorted_images/i02_02_2.bmp,6.05405,2,2,2,20.864273071289062,0.03232879899996988
i02_02_3.bmp,/kaggle/working/MDFS/data/TID2013/distorted_images/i02_02_3.bmp,5.88889,2,2,3,21.785404205322266,0.03273089799995432
i02_02_4.bmp,/kaggle/working/MDFS/data/TID2013/distorted_images/i02_02_4.bmp,5.2973,2,2,4,22.92534828186035,0.03170586199985337
i02_02_5.bmp,/kaggle/working/MDFS/data/TID2013/distorted_images/i02_02_5.bmp,4.38889,2,2,5,25.063974380493164,0.03209174800031178
i02_03_1.bmp,/kaggle/working/MDFS/data/TID2013/distorted_images/i02_03_1.bmp,4.8,2,3,1,21.200077056884766,0.03223249900020164
i02_03_2.bmp,/kaggle/working/MDFS/data/TID2013/distorted_images/i02_03_2.bmp,4.43243,2,3,2,22.194807052612305,0.031737613000132114
i02_03_3.bmp,/kaggle/working/MDFS/data/TID2013/distorted_images/i02_03_3.bmp,3.83784,2,3,3,23.35325813293457,0.032696541999939654
i02_03_4.bmp,/kaggle/working/MDFS/data/TID2013/distorted_images/i02_03_4.bmp,3.52778,2,3,4,24.807960510253906,0.03165048499977274
i02_03_5.bmp,/kaggle/working/MDFS/data/TID2013/distorted_images/i02_03_5.bmp,2.91892,2,3,5,27.16965103149414,0.032246075000330165
i02_04_1.bmp,/kaggle/working/MDFS/data/TID2013/distorted_images/i02_04_1.bmp,6.28571,2,4,1,20.41582679748535,0.03240482399996836
i02_04_2.bmp,/kaggle/working/MDFS/data/TID2013/distorted_images/i02_04_2.bmp,6.16216,2,4,2,21.034820556640625,0.03198003399984373
i02_04_3.bmp,/kaggle/working/MDFS/data/TID2013/distorted_images/i02_04_3.bmp,5.19444,2,4,3,22.279298782348633,0.03301726500012592
i02_04_4.bmp,/kaggle/working/MDFS/data/TID2013/distorted_images/i02_04_4.bmp,4.74286,2,4,4,24.261682510375977,0.03190874999972948
i02_04_5.bmp,/kaggle/working/MDFS/data/TID2013/distorted_images/i02_04_5.bmp,4.28571,2,4,5,27.04541015625,0.03226025599997229
i02_05_1.bmp,/kaggle/working/MDFS/data/TID2013/distorted_images/i02_05_1.bmp,6.11765,2,5,1,21.288606643676758,0.032075042000087706
i02_05_2.bmp,/kaggle/working/MDFS/data/TID2013/distorted_images/i02_05_2.bmp,6.11111,2,5,2,22.090755462646484,0.03190722299996196
i02_05_3.bmp,/kaggle/working/MDFS/data/TID2013/distorted_images/i02_05_3.bmp,5.43243,2,5,3,24.842193603515625,0.03296998700034237
i02_05_4.bmp,/kaggle/working/MDFS/data/TID2013/distorted_images/i02_05_4.bmp,4.37838,2,5,4,30.023862838745117,0.032079020000310265
i02_05_5.bmp,/kaggle/working/MDFS/data/TID2013/distorted_images/i02_05_5.bmp,3.41667,2,5,5,37.55903244018555,0.032817507999880036
i02_06_1.bmp,/kaggle/working/MDFS/data/TID2013/distorted_images/i02_06_1.bmp,4.55556,2,6,1,21.21007537841797,0.03288347399984559
i02_06_2.bmp,/kaggle/working/MDFS/data/TID2013/distorted_images/i02_06_2.bmp,4.27778,2,6,2,21.58799171447754,0.03238562499973341
i02_06_3.bmp,/kaggle/working/MDFS/data/TID2013/distorted_images/i02_06_3.bmp,3.72973,2,6,3,23.285314559936523,0.032852480999736144
i02_06_4.bmp,/kaggle/working/MDFS/data/TID2013/distorted_images/i02_06_4.bmp,3.48571,2,6,4,25.070512771606445,0.031972282999959134
i02_06_5.bmp,/kaggle/working/MDFS/data/TID2013/distorted_images/i02_06_5.bmp,3.10811,2,6,5,28.884355545043945,0.03269158500006597
i02_07_1.bmp,/kaggle/working/MDFS/data/TID2013/distorted_images/i02_07_1.bmp,5.91429,2,7,1,20.15398597717285,0.032392348000030324
i02_07_2.bmp,/kaggle/working/MDFS/data/TID2013/distorted_images/i02_07_2.bmp,5.58333,2,7,2,21.004810333251953,0.03238722800006144
i02_07_3.bmp,/kaggle/working/MDFS/data/TID2013/distorted_images/i02_07_3.bmp,3.76471,2,7,3,22.07696533203125,0.032850256000074296
i02_07_4.bmp,/kaggle/working/MDFS/data/TID2013/distorted_images/i02_07_4.bmp,3.75676,2,7,4,24.296144485473633,0.03165010600014284
i02_07_5.bmp,/kaggle/working/MDFS/data/TID2013/distorted_images/i02_07_5.bmp,2.85714,2,7,5,28.483747482299805,0.032186369999635644
i02_08_1.bmp,/kaggle/working/MDFS/data/TID2013/distorted_images/i02_08_1.bmp,6.10811,2,8,1,19.879981994628906,0.031933721999848785
i02_08_2.bmp,/kaggle/working/MDFS/data/TID2013/distorted_images/i02_08_2.bmp,5.16667,2,8,2,20.50906753540039,0.031980684000245674
i02_08_3.bmp,/kaggle/working/MDFS/data/TID2013/distorted_images/i02_08_3.bmp,4.54286,2,8,3,22.689279556274414,0.032991151999794965
i02_08_4.bmp,/kaggle/working/MDFS/data/TID2013/distorted_images/i02_08_4.bmp,3.83784,2,8,4,29.25310516357422,0.03161529100043481
i02_08_5.bmp,/kaggle/working/MDFS/data/TID2013/distorted_images/i02_08_5.bmp,3.02703,2,8,5,34.85863494873047,0.032226773999809666
i02_09_1.bmp,/kaggle/working/MDFS/data/TID2013/distorted_images/i02_09_1.bmp,6.0,2,9,1,19.819765090942383,0.03205780300004335
i02_09_2.bmp,/kaggle/working/MDFS/data/TID2013/distorted_images/i02_09_2.bmp,5.51429,2,9,2,20.280372619628906,0.03187211299973569
i02_09_3.bmp,/kaggle/working/MDFS/data/TID2013/distorted_images/i02_09_3.bmp,4.52778,2,9,3,21.4777889251709,0.033161373999973875
i02_09_4.bmp,/kaggle/working/MDFS/data/TID2013/distorted_images/i02_09_4.bmp,3.64865,2,9,4,25.124021530151367,0.03198189499971704
i02_09_5.bmp,/kaggle/working/MDFS/data/TID2013/distorted_images/i02_09_5.bmp,2.41667,2,9,5,31.3758544921875,0.032557059999817284
i02_10_1.bmp,/kaggle/working/MDFS/data/TID2013/distorted_images/i02_10_1.bmp,6.0,2,10,1,20.638498306274414,0.032215547999840055
i02_10_2.bmp,/kaggle/working/MDFS/data/TID2013/distorted_images/i02_10_2.bmp,5.97222,2,10,2,21.42116355895996,0.03224784199983333
i02_10_3.bmp,/kaggle/working/MDFS/data/TID2013/distorted_images/i02_10_3.bmp,5.43243,2,10,3,24.560571670532227,0.033166245999836974
i02_10_4.bmp,/kaggle/working/MDFS/data/TID2013/distorted_images/i02_10_4.bmp,3.5,2,10,4,28.970788955688477,0.03185312499999782
i02_10_5.bmp,/kaggle/working/MDFS/data/TID2013/distorted_images/i02_10_5.bmp,2.71429,2,10,5,34.844947814941406,0.03183464499988986
I02_11_1.BMP,/kaggle/working/MDFS/data/TID2013/distorted_images/I02_11_1.BMP,5.91667,2,11,1,23.124752044677734,0.03190861299981407
i02_11_2.bmp,/kaggle/working/MDFS/data/TID2013/distorted_images/i02_11_2.bmp,4.80556,2,11,2,26.523906707763672,0.032011138000143546
i02_11_3.bmp,/kaggle/working/MDFS/data/TID2013/distorted_images/i02_11_3.bmp,2.97297,2,11,3,34.05560302734375,0.0332683490000818
i02_11_4.bmp,/kaggle/working/MDFS/data/TID2013/distorted_images/i02_11_4.bmp,1.91892,2,11,4,39.85807418823242,0.03194883600008325
i02_11_5.bmp,/kaggle/working/MDFS/data/TID2013/distorted_images/i02_11_5.bmp,1.27778,2,11,5,43.59111022949219,0.03209569000000556
i02_12_1.bmp,/kaggle/working/MDFS/data/TID2013/distorted_images/i02_12_1.bmp,5.30556,2,12,1,20.21724510192871,0.03182668099998409
i02_12_2.bmp,/kaggle/working/MDFS/data/TID2013/distorted_images/i02_12_2.bmp,4.43243,2,12,2,20.310810089111328,0.03184901299982812
i02_12_3.bmp,/kaggle/working/MDFS/data/TID2013/distorted_images/i02_12_3.bmp,3.08108,2,12,3,21.12127113342285,0.033103594000294834
i02_12_4.bmp,/kaggle/working/MDFS/data/TID2013/distorted_images/i02_12_4.bmp,2.67568,2,12,4,21.386240005493164,0.03175924900006066
i02_12_5.bmp,/kaggle/working/MDFS/data/TID2013/distorted_images/i02_12_5.bmp,2.37143,2,12,5,23.074058532714844,0.032693651000045065
I02_13_1.BMP,/kaggle/working/MDFS/data/TID2013/distorted_images/I02_13_1.BMP,4.47222,2,13,1,21.23183822631836,0.03212829799986139
i02_13_2.bmp,/kaggle/working/MDFS/data/TID2013/distorted_images/i02_13_2.bmp,4.0,2,13,2,20.606901168823242,0.03189309900017179
i02_13_3.bmp,/kaggle/working/MDFS/data/TID2013/distorted_images/i02_13_3.bmp,3.38889,2,13,3,21.82469367980957,0.03307298299978356
i02_13_4.bmp,/kaggle/working/MDFS/data/TID2013/distorted_images/i02_13_4.bmp,2.89189,2,13,4,25.415748596191406,0.03170778000003338
i02_13_5.bmp,/kaggle/working/MDFS/data/TID2013/distorted_images/i02_13_5.bmp,3.61111,2,13,5,20.35732078552246,0.03252976200019475
i02_14_1.bmp,/kaggle/working/MDFS/data/TID2013/distorted_images/i02_14_1.bmp,5.75,2,14,1,20.05316925048828,0.03183002400010082
i02_14_2.bmp,/kaggle/working/MDFS/data/TID2013/distorted_images/i02_14_2.bmp,6.08108,2,14,2,20.07865333557129,0.032027898999785975
i02_14_3.bmp,/kaggle/working/MDFS/data/TID2013/distorted_images/i02_14_3.bmp,5.11429,2,14,3,20.075439453125,0.03282189199990171
i02_14_4.bmp,/kaggle/working/MDFS/data/TID2013/distorted_images/i02_14_4.bmp,5.31429,2,14,4,20.110538482666016,0.03176248599993414
i02_14_5.bmp,/kaggle/working/MDFS/data/TID2013/distorted_images/i02_14_5.bmp,4.21622,2,14,5,20.123628616333008,0.032612551000056555
i02_15_1.bmp,/kaggle/working/MDFS/data/TID2013/distorted_images/i02_15_1.bmp,3.4,2,15,1,20.745258331298828,0.031843156999912026
i02_15_2.bmp,/kaggle/working/MDFS/data/TID2013/distorted_images/i02_15_2.bmp,3.62162,2,15,2,20.51510238647461,0.032095652999942104
i02_15_3.bmp,/kaggle/working/MDFS/data/TID2013/distorted_images/i02_15_3.bmp,3.83333,2,15,3,20.1131591796875,0.032644940000409406
i02_15_4.bmp,/kaggle/working/MDFS/data/TID2013/distorted_images/i02_15_4.bmp,3.83784,2,15,4,20.06686782836914,0.03140847800023039
i02_15_5.bmp,/kaggle/working/MDFS/data/TID2013/distorted_images/i02_15_5.bmp,4.2,2,15,5,19.901456832885742,0.03278739300003508
i02_16_1.bmp,/kaggle/working/MDFS/data/TID2013/distorted_images/i02_16_1.bmp,5.94595,2,16,1,20.133169174194336,0.032203803999891534
i02_16_2.bmp,/kaggle/working/MDFS/data/TID2013/distorted_images/i02_16_2.bmp,6.08333,2,16,2,20.068552017211914,0.0323128509999151
i02_16_3.bmp,/kaggle/working/MDFS/data/TID2013/distorted_images/i02_16_3.bmp,5.32432,2,16,3,20.267423629760742,0.03270303599992985
i02_16_4.bmp,/kaggle/working/MDFS/data/TID2013/distorted_images/i02_16_4.bmp,5.13889,2,16,4,20.1793212890625,0.03208563799989861
i02_16_5.bmp,/kaggle/working/MDFS/data/TID2013/distorted_images/i02_16_5.bmp,4.56757,2,16,5,21.143577575683594,0.03250050699989515
i02_17_1.bmp,/kaggle/working/MDFS/data/TID2013/distorted_images/i02_17_1.bmp,5.91667,2,17,1,20.08466911315918,0.03194793500006199
i02_17_2.bmp,/kaggle/working/MDFS/data/TID2013/distorted_images/i02_17_2.bmp,5.68571,2,17,2,19.9777889251709,0.03190941999991992
i02_17_3.bmp,/kaggle/working/MDFS/data/TID2013/distorted_images/i02_17_3.bmp,4.83784,2,17,3,20.184123992919922,0.033371520999935456
i02_17_4.bmp,/kaggle/working/MDFS/data/TID2013/distorted_images/i02_17_4.bmp,4.77143,2,17,4,20.44264793395996,0.03202533700005006
i02_17_5.bmp,/kaggle/working/MDFS/data/TID2013/distorted_images/i02_17_5.bmp,3.91667,2,17,5,20.666959762573242,0.03244965999965643
i02_18_1.bmp,/kaggle/working/MDFS/data/TID2013/distorted_images/i02_18_1.bmp,5.97222,2,18,1,19.995849609375,0.03188753099993846
i02_18_2.bmp,/kaggle/working/MDFS/data/TID2013/distorted_images/i02_18_2.bmp,5.59459,2,18,2,19.98236846923828,0.031872607999957836
i02_18_3.bmp,/kaggle/working/MDFS/data/TID2013/distorted_images/i02_18_3.bmp,4.82857,2,18,3,19.940013885498047,0.032950379000340035
i02_18_4.bmp,/kaggle/working/MDFS/data/TID2013/distorted_images/i02_18_4.bmp,4.91892,2,18,4,19.906064987182617,0.03159664199984036
i02_18_5.bmp,/kaggle/working/MDFS/data/TID2013/distorted_images/i02_18_5.bmp,4.54286,2,18,5,19.870512008666992,0.032412510000085604
i02_19_1.bmp,/kaggle/working/MDFS/data/TID2013/distorted_images/i02_19_1.bmp,5.77778,2,19,1,20.331220626831055,0.03199156100026812
i02_19_2.bmp,/kaggle/working/MDFS/data/TID2013/distorted_images/i02_19_2.bmp,5.43243,2,19,2,20.72434425354004,0.03204397300032724
i02_19_3.bmp,/kaggle/working/MDFS/data/TID2013/distorted_images/i02_19_3.bmp,4.83333,2,19,3,21.709104537963867,0.03288780699995186
i02_19_4.bmp,/kaggle/working/MDFS/data/TID2013/distorted_images/i02_19_4.bmp,4.22222,2,19,4,23.078025817871094,0.031871504000264395
i02_19_5.bmp,/kaggle/working/MDFS/data/TID2013/distorted_images/i02_19_5.bmp,3.75676,2,19,5,25.59295082092285,0.03278191700019306
i02_20_1.bmp,/kaggle/working/MDFS/data/TID2013/distorted_images/i02_20_1.bmp,6.05405,2,20,1,20.528827667236328,0.032283407999784686
i02_20_2.bmp,/kaggle/working/MDFS/data/TID2013/distorted_images/i02_20_2.bmp,6.17143,2,20,2,20.825170516967773,0.03246666199993342
i02_20_3.bmp,/kaggle/working/MDFS/data/TID2013/distorted_images/i02_20_3.bmp,5.30556,2,20,3,21.037216186523438,0.032888679999814485
i02_20_4.bmp,/kaggle/working/MDFS/data/TID2013/distorted_images/i02_20_4.bmp,4.0,2,20,4,21.407468795776367,0.0320659720000549
i02_20_5.bmp,/kaggle/working/MDFS/data/TID2013/distorted_images/i02_20_5.bmp,2.80556,2,20,5,21.179292678833008,0.03255423800010249
i02_21_1.bmp,/kaggle/working/MDFS/data/TID2013/distorted_images/i02_21_1.bmp,5.97297,2,21,1,20.66275978088379,0.03222593100008453
i02_21_2.bmp,/kaggle/working/MDFS/data/TID2013/distorted_images/i02_21_2.bmp,5.2973,2,21,2,21.33185577392578,0.03185799999982919
i02_21_3.bmp,/kaggle/working/MDFS/data/TID2013/distorted_images/i02_21_3.bmp,4.6,2,21,3,22.453279495239258,0.033169758999974874
i02_21_4.bmp,/kaggle/working/MDFS/data/TID2013/distorted_images/i02_21_4.bmp,3.27778,2,21,4,25.146909713745117,0.03206953000017165
i02_21_5.bmp,/kaggle/working/MDFS/data/TID2013/distorted_images/i02_21_5.bmp,2.36111,2,21,5,25.905733108520508,0.032688414999938686
i02_22_1.bmp,/kaggle/working/MDFS/data/TID2013/distorted_images/i02_22_1.bmp,5.51351,2,22,1,21.09492301940918,0.032388144000378816
i02_22_2.bmp,/kaggle/working/MDFS/data/TID2013/distorted_images/i02_22_2.bmp,5.24324,2,22,2,21.373294830322266,0.03205766800010679
i02_22_3.bmp,/kaggle/working/MDFS/data/TID2013/distorted_images/i02_22_3.bmp,4.48571,2,22,3,22.755266189575195,0.03302529999973558
i02_22_4.bmp,/kaggle/working/MDFS/data/TID2013/distorted_images/i02_22_4.bmp,3.80556,2,22,4,24.629169464111328,0.03216717899977084
i02_22_5.bmp,/kaggle/working/MDFS/data/TID2013/distorted_images/i02_22_5.bmp,2.22222,2,22,5,37.51395034790039,0.0324685989999125
i02_23_1.bmp,/kaggle/working/MDFS/data/TID2013/distorted_images/i02_23_1.bmp,6.77778,2,23,1,20.24477767944336,0.03267164699991554
i02_23_2.bmp,/kaggle/working/MDFS/data/TID2013/distorted_images/i02_23_2.bmp,5.54054,2,23,2,21.293163299560547,0.031971251999948436
i02_23_3.bmp,/kaggle/working/MDFS/data/TID2013/distorted_images/i02_23_3.bmp,3.44444,2,23,3,25.77591323852539,0.03169877100026497
i02_23_4.bmp,/kaggle/working/MDFS/data/TID2013/distorted_images/i02_23_4.bmp,2.16216,2,23,4,32.810726165771484,0.031837599000027694
i02_23_5.bmp,/kaggle/working/MDFS/data/TID2013/distorted_images/i02_23_5.bmp,0.81081,2,23,5,38.899593353271484,0.032834649000051286
i02_24_1.bmp,/kaggle/working/MDFS/data/TID2013/distorted_images/i02_24_1.bmp,6.08108,2,24,1,21.877634048461914,0.03241191400002208
i02_24_2.bmp,/kaggle/working/MDFS/data/TID2013/distorted_images/i02_24_2.bmp,4.91667,2,24,2,23.08033561706543,0.0323233959998106
i02_24_3.bmp,/kaggle/working/MDFS/data/TID2013/distorted_images/i02_24_3.bmp,3.0,2,24,3,27.77568244934082,0.03317364100030318
i02_24_4.bmp,/kaggle/working/MDFS/data/TID2013/distorted_images/i02_24_4.bmp,2.11111,2,24,4,33.924625396728516,0.031729477999761
i02_24_5.bmp,/kaggle/working/MDFS/data/TID2013/distorted_images/i02_24_5.bmp,0.89189,2,24,5,34.10125732421875,0.03260946499995043
I03_01_1.bmp,/kaggle/working/MDFS/data/TID2013/distorted_images/I03_01_1.bmp,5.76923,3,1,1,19.947477340698242,0.03231197800005248
i03_01_2.bmp,/kaggle/working/MDFS/data/TID2013/distorted_images/i03_01_2.bmp,5.10526,3,1,2,20.71787452697754,0.032091198000216536
i03_01_3.bmp,/kaggle/working/MDFS/data/TID2013/distorted_images/i03_01_3.bmp,4.68421,3,1,3,21.942768096923828,0.03352170499965723
i03_01_4.bmp,/kaggle/working/MDFS/data/TID2013/distorted_images/i03_01_4.bmp,4.25,3,1,4,23.884653091430664,0.03209276899997349
i03_01_5.bmp,/kaggle/working/MDFS/data/TID2013/distorted_images/i03_01_5.bmp,3.925,3,1,5,26.833229064941406,0.032459492000270984
i03_02_1.bmp,/kaggle/working/MDFS/data/TID2013/distorted_images/i03_02_1.bmp,6.18421,3,2,1,19.381895065307617,0.03252268599999297
i03_02_2.bmp,/kaggle/working/MDFS/data/TID2013/distorted_images/i03_02_2.bmp,6.28205,3,2,2,20.103435516357422,0.0321753730004275
i03_02_3.bmp,/kaggle/working/MDFS/data/TID2013/distorted_images/i03_02_3.bmp,5.25,3,2,3,20.950403213500977,0.03292499200006205
i03_02_4.bmp,/kaggle/working/MDFS/data/TID2013/distorted_images/i03_02_4.bmp,5.0,3,2,4,22.187522888183594,0.03222390499968242
i03_02_5.bmp,/kaggle/working/MDFS/data/TID2013/distorted_images/i03_02_5.bmp,4.6,3,2,5,24.151321411132812,0.03217291300006764
i03_03_1.bmp,/kaggle/working/MDFS/data/TID2013/distorted_images/i03_03_1.bmp,4.65,3,3,1,19.6298770904541,0.03301989000010508
i03_03_2.bmp,/kaggle/working/MDFS/data/TID2013/distorted_images/i03_03_2.bmp,4.07692,3,3,2,20.443666458129883,0.032221138999830146
i03_03_3.bmp,/kaggle/working/MDFS/data/TID2013/distorted_images/i03_03_3.bmp,3.85,3,3,3,21.58034324645996,0.03269757199996093
i03_03_4.bmp,/kaggle/working/MDFS/data/TID2013/distorted_images/i03_03_4.bmp,3.28205,3,3,4,23.19886589050293,0.03213973099991563
i03_03_5.bmp,/kaggle/working/MDFS/data/TID2013/distorted_images/i03_03_5.bmp,2.89474,3,3,5,25.39223861694336,0.032649674999902345
i03_04_1.bmp,/kaggle/working/MDFS/data/TID2013/distorted_images/i03_04_1.bmp,6.38462,3,4,1,19.277137756347656,0.03315738300034354
i03_04_2.bmp,/kaggle/working/MDFS/data/TID2013/distorted_images/i03_04_2.bmp,5.65789,3,4,2,20.047639846801758,0.0322066880003149
i03_04_3.bmp,/kaggle/working/MDFS/data/TID2013/distorted_images/i03_04_3.bmp,5.225,3,4,3,21.233781814575195,0.03273941300039951
i03_04_4.bmp,/kaggle/working/MDFS/data/TID2013/distorted_images/i03_04_4.bmp,4.6,3,4,4,23.29322052001953,0.03249047500003144
i03_04_5.bmp,/kaggle/working/MDFS/data/TID2013/distorted_images/i03_04_5.bmp,3.575,3,4,5,26.451032638549805,0.03221022299976539
i03_05_1.bmp,/kaggle/working/MDFS/data/TID2013/distorted_images/i03_05_1.bmp,6.5,3,5,1,20.56314468383789,0.03311073199984094
i03_05_2.bmp,/kaggle/working/MDFS/data/TID2013/distorted_images/i03_05_2.bmp,5.63158,3,5,2,21.41842269897461,0.03211416900012409
i03_05_3.bmp,/kaggle/working/MDFS/data/TID2013/distorted_images/i03_05_3.bmp,5.3,3,5,3,24.20765495300293,0.03243154699976003
i03_05_4.bmp,/kaggle/working/MDFS/data/TID2013/distorted_images/i03_05_4.bmp,4.30769,3,5,4,29.533674240112305,0.03280610299998443
i03_05_5.bmp,/kaggle/working/MDFS/data/TID2013/distorted_images/i03_05_5.bmp,3.47368,3,5,5,38.05447006225586,0.03219123100006982
i03_06_1.bmp,/kaggle/working/MDFS/data/TID2013/distorted_images/i03_06_1.bmp,4.81579,3,6,1,18.973649978637695,0.033056915999623016
i03_06_2.bmp,/kaggle/working/MDFS/data/TID2013/distorted_images/i03_06_2.bmp,4.53846,3,6,2,20.278121948242188,0.03270505599994067
i03_06_3.bmp,/kaggle/working/MDFS/data/TID2013/distorted_images/i03_06_3.bmp,4.1,3,6,3,21.665857315063477,0.03226390099962373
i03_06_4.bmp,/kaggle/working/MDFS/data/TID2013/distorted_images/i03_06_4.bmp,3.75,3,6,4,24.064260482788086,0.03326778299970101
i03_06_5.bmp,/kaggle/working/MDFS/data/TID2013/distorted_images/i03_06_5.bmp,3.5,3,6,5,26.37312126159668,0.032015394999689306
i03_07_1.bmp,/kaggle/working/MDFS/data/TID2013/distorted_images/i03_07_1.bmp,4.97436,3,7,1,18.89889144897461,0.032673143000010896
i03_07_2.bmp,/kaggle/working/MDFS/data/TID2013/distorted_images/i03_07_2.bmp,4.1,3,7,2,21.266782760620117,0.032323444000212476
i03_07_3.bmp,/kaggle/working/MDFS/data/TID2013/distorted_images/i03_07_3.bmp,3.84615,3,7,3,22.874528884887695,0.03175585500002853
i03_07_4.bmp,/kaggle/working/MDFS/data/TID2013/distorted_images/i03_07_4.bmp,3.825,3,7,4,24.511049270629883,0.03316135199975179
i03_07_5.bmp,/kaggle/working/MDFS/data/TID2013/distorted_images/i03_07_5.bmp,3.61538,3,7,5,27.83429718017578,0.03183812299994315
i03_08_1.bmp,/kaggle/working/MDFS/data/TID2013/distorted_images/i03_08_1.bmp,6.34211,3,8,1,17.620359420776367,0.03230316799999855
i03_08_2.bmp,/kaggle/working/MDFS/data/TID2013/distorted_images/i03_08_2.bmp,5.6,3,8,2,18.186424255371094,0.03206765999993877
i03_08_3.bmp,/kaggle/working/MDFS/data/TID2013/distorted_images/i03_08_3.bmp,4.47368,3,8,3,20.30173110961914,0.03218666199973086
i03_08_4.bmp,/kaggle/working/MDFS/data/TID2013/distorted_images/i03_08_4.bmp,3.75,3,8,4,26.285959243774414,0.03314069999987623
i03_08_5.bmp,/kaggle/working/MDFS/data/TID2013/distorted_images/i03_08_5.bmp,2.95,3,8,5,32.26883316040039,0.031814229999781674
i03_09_1.bmp,/kaggle/working/MDFS/data/TID2013/distorted_images/i03_09_1.bmp,6.65,3,9,1,18.32457160949707,0.03258473400001094
i03_09_2.bmp,/kaggle/working/MDFS/data/TID2013/distorted_images/i03_09_2.bmp,6.25641,3,9,2,18.367145538330078,0.0322853180000493
i03_09_3.bmp,/kaggle/working/MDFS/data/TID2013/distorted_images/i03_09_3.bmp,5.475,3,9,3,18.694427490234375,0.03234210499977053
i03_09_4.bmp,/kaggle/working/MDFS/data/TID2013/distorted_images/i03_09_4.bmp,3.74359,3,9,4,21.72056770324707,0.03315768399988883
i03_09_5.bmp,/kaggle/working/MDFS/data/TID2013/distorted_images/i03_09_5.bmp,2.47368,3,9,5,27.880765914916992,0.03207052100015062
i03_10_1.bmp,/kaggle/working/MDFS/data/TID2013/distorted_images/i03_10_1.bmp,6.23684,3,10,1,18.225372314453125,0.032261775999813835
i03_10_2.bmp,/kaggle/working/MDFS/data/TID2013/distorted_images/i03_10_2.bmp,5.66667,3,10,2,18.77569007873535,0.03231030400002055
i03_10_3.bmp,/kaggle/working/MDFS/data/TID2013/distorted_images/i03_10_3.bmp,5.05128,3,10,3,21.774499893188477,0.03197302099988519
i03_10_4.bmp,/kaggle/working/MDFS/data/TID2013/distorted_images/i03_10_4.bmp,3.3,3,10,4,27.631206512451172,0.03296758500027863
i03_10_5.bmp,/kaggle/working/MDFS/data/TID2013/distorted_images/i03_10_5.bmp,2.48718,3,10,5,34.69528579711914,0.031789463000222895
I03_11_1.BMP,/kaggle/working/MDFS/data/TID2013/distorted_images/I03_11_1.BMP,5.36842,3,11,1,23.046812057495117,0.032483816999956616
i03_11_2.bmp,/kaggle/working/MDFS/data/TID2013/distorted_images/i03_11_2.bmp,4.07692,3,11,2,27.458208084106445,0.03249080199975651
i03_11_3.bmp,/kaggle/working/MDFS/data/TID2013/distorted_images/i03_11_3.bmp,2.84615,3,11,3,34.807579040527344,0.031960369999978866
i03_11_4.bmp,/kaggle/working/MDFS/data/TID2013/distorted_images/i03_11_4.bmp,1.82051,3,11,4,39.25775909423828,0.0332171299996844
i03_11_5.bmp,/kaggle/working/MDFS/data/TID2013/distorted_images/i03_11_5.bmp,0.7,3,11,5,41.44562911987305,0.033195837999755895
i03_12_1.bmp,/kaggle/working/MDFS/data/TID2013/distorted_images/i03_12_1.bmp,5.41026,3,12,1,17.960790634155273,0.03228366900020774
i03_12_2.bmp,/kaggle/working/MDFS/data/TID2013/distorted_images/i03_12_2.bmp,4.07895,3,12,2,17.906631469726562,0.03309450699998706
i03_12_3.bmp,/kaggle/working/MDFS/data/TID2013/distorted_images/i03_12_3.bmp,2.84211,3,12,3,17.880796432495117,0.03217051999990872
i03_12_4.bmp,/kaggle/working/MDFS/data/TID2013/distorted_images/i03_12_4.bmp,3.1,3,12,4,18.014244079589844,0.03285428400022283
i03_12_5.bmp,/kaggle/working/MDFS/data/TID2013/distorted_images/i03_12_5.bmp,2.4,3,12,5,18.84505271911621,0.03238444699991305
I03_13_1.BMP,/kaggle/working/MDFS/data/TID2013/distorted_images/I03_13_1.BMP,5.12821,3,13,1,19.04895782470703,0.03206031500030804
i03_13_2.bmp,/kaggle/working/MDFS/data/TID2013/distorted_images/i03_13_2.bmp,3.64103,3,13,2,19.189102172851562,0.03322428299998137
i03_13_3.bmp,/kaggle/working/MDFS/data/TID2013/distorted_images/i03_13_3.bmp,3.925,3,13,3,21.980854034423828,0.03201859399996465
i03_13_4.bmp,/kaggle/working/MDFS/data/TID2013/distorted_images/i03_13_4.bmp,2.925,3,13,4,24.343536376953125,0.03258110000024317
i03_13_5.bmp,/kaggle/working/MDFS/data/TID2013/distorted_images/i03_13_5.bmp,2.42105,3,13,5,23.284984588623047,0.03237909299969033
i03_14_1.bmp,/kaggle/working/MDFS/data/TID2013/distorted_images/i03_14_1.bmp,5.07692,3,14,1,17.686349868774414,0.03206560599983277
i03_14_2.bmp,/kaggle/working/MDFS/data/TID2013/distorted_images/i03_14_2.bmp,6.0,3,14,2,17.73502540588379,0.03299597099976381
i03_14_3.bmp,/kaggle/working/MDFS/data/TID2013/distorted_images/i03_14_3.bmp,4.85,3,14,3,17.65424919128418,0.03197400699991704
i03_14_4.bmp,/kaggle/working/MDFS/data/TID2013/distorted_images/i03_14_4.bmp,4.46154,3,14,4,17.624977111816406,0.03252984499977174
i03_14_5.bmp,/kaggle/working/MDFS/data/TID2013/distorted_images/i03_14_5.bmp,3.5,3,14,5,17.776479721069336,0.03224640200005524
i03_15_1.bmp,/kaggle/working/MDFS/data/TID2013/distorted_images/i03_15_1.bmp,3.725,3,15,1,18.294763565063477,0.032135214999925665
i03_15_2.bmp,/kaggle/working/MDFS/data/TID2013/distorted_images/i03_15_2.bmp,4.05,3,15,2,18.493358612060547,0.03288167599976077
i03_15_3.bmp,/kaggle/working/MDFS/data/TID2013/distorted_images/i03_15_3.bmp,4.025,3,15,3,18.18693733215332,0.031997878000311175
i03_15_4.bmp,/kaggle/working/MDFS/data/TID2013/distorted_images/i03_15_4.bmp,4.28205,3,15,4,17.889394760131836,0.03243245099974956
i03_15_5.bmp,/kaggle/working/MDFS/data/TID2013/distorted_images/i03_15_5.bmp,4.79487,3,15,5,17.716846466064453,0.03235318900033235
i03_16_1.bmp,/kaggle/working/MDFS/data/TID2013/distorted_images/i03_16_1.bmp,6.82051,3,16,1,17.817955017089844,0.03207534500006659
i03_16_2.bmp,/kaggle/working/MDFS/data/TID2013/distorted_images/i03_16_2.bmp,6.525,3,16,2,17.745529174804688,0.033417236000332196
i03_16_3.bmp,/kaggle/working/MDFS/data/TID2013/distorted_images/i03_16_3.bmp,5.975,3,16,3,18.032052993774414,0.03229609799973332
i03_16_4.bmp,/kaggle/working/MDFS/data/TID2013/distorted_images/i03_16_4.bmp,6.075,3,16,4,17.685462951660156,0.03256179499976497
i03_16_5.bmp,/kaggle/working/MDFS/data/TID2013/distorted_images/i03_16_5.bmp,5.02564,3,16,5,18.08095932006836,0.03289039400033289
i03_17_1.bmp,/kaggle/working/MDFS/data/TID2013/distorted_images/i03_17_1.bmp,6.28205,3,17,1,17.817562103271484,0.031950336000136303
i03_17_2.bmp,/kaggle/working/MDFS/data/TID2013/distorted_images/i03_17_2.bmp,6.75,3,17,2,17.9476261138916,0.03317441000035615
i03_17_3.bmp,/kaggle/working/MDFS/data/TID2013/distorted_images/i03_17_3.bmp,5.2,3,17,3,18.0300350189209,0.03230443999973431
i03_17_4.bmp,/kaggle/working/MDFS/data/TID2013/distorted_images/i03_17_4.bmp,6.575,3,17,4,18.14130401611328,0.0324031179998201
i03_17_5.bmp,/kaggle/working/MDFS/data/TID2013/distorted_images/i03_17_5.bmp,3.79487,3,17,5,18.692028045654297,0.03292406299988215
i03_18_1.bmp,/kaggle/working/MDFS/data/TID2013/distorted_images/i03_18_1.bmp,5.76923,3,18,1,17.848012924194336,0.03230006300009336
i03_18_2.bmp,/kaggle/working/MDFS/data/TID2013/distorted_images/i03_18_2.bmp,5.71795,3,18,2,17.8248348236084,0.032969638999929884
i03_18_3.bmp,/kaggle/working/MDFS/data/TID2013/distorted_images/i03_18_3.bmp,5.5641,3,18,3,17.896028518676758,0.03247446499972284
i03_18_4.bmp,/kaggle/working/MDFS/data/TID2013/distorted_images/i03_18_4.bmp,5.0,3,18,4,17.931350708007812,0.031910479000089254
i03_18_5.bmp,/kaggle/working/MDFS/data/TID2013/distorted_images/i03_18_5.bmp,4.65789,3,18,5,18.377647399902344,0.03298397800017483
i03_19_1.bmp,/kaggle/working/MDFS/data/TID2013/distorted_images/i03_19_1.bmp,5.51282,3,19,1,19.393566131591797,0.031646453000121255
i03_19_2.bmp,/kaggle/working/MDFS/data/TID2013/distorted_images/i03_19_2.bmp,5.02564,3,19,2,20.248794555664062,0.032410091000201646
i03_19_3.bmp,/kaggle/working/MDFS/data/TID2013/distorted_images/i03_19_3.bmp,4.7,3,19,3,21.84147834777832,0.03224520300000222
i03_19_4.bmp,/kaggle/working/MDFS/data/TID2013/distorted_images/i03_19_4.bmp,4.30769,3,19,4,23.897876739501953,0.03240568399996846
i03_19_5.bmp,/kaggle/working/MDFS/data/TID2013/distorted_images/i03_19_5.bmp,3.69231,3,19,5,26.48872184753418,0.033419480999782536
i03_20_1.bmp,/kaggle/working/MDFS/data/TID2013/distorted_images/i03_20_1.bmp,5.84211,3,20,1,18.65313148498535,0.03190214500000366
i03_20_2.bmp,/kaggle/working/MDFS/data/TID2013/distorted_images/i03_20_2.bmp,5.46154,3,20,2,18.62830924987793,0.032525523000003886
i03_20_3.bmp,/kaggle/working/MDFS/data/TID2013/distorted_images/i03_20_3.bmp,4.15789,3,20,3,18.66657066345215,0.03265791399962836
i03_20_4.bmp,/kaggle/working/MDFS/data/TID2013/distorted_images/i03_20_4.bmp,3.17949,3,20,4,18.14687156677246,0.03174422400024923
i03_20_5.bmp,/kaggle/working/MDFS/data/TID2013/distorted_images/i03_20_5.bmp,2.825,3,20,5,18.308094024658203,0.03288105199999336
i03_21_1.bmp,/kaggle/working/MDFS/data/TID2013/distorted_images/i03_21_1.bmp,5.23684,3,21,1,19.28000259399414,0.03182477399968775
i03_21_2.bmp,/kaggle/working/MDFS/data/TID2013/distorted_images/i03_21_2.bmp,4.4359,3,21,2,20.189773559570312,0.03237439400027142
i03_21_3.bmp,/kaggle/working/MDFS/data/TID2013/distorted_images/i03_21_3.bmp,3.89744,3,21,3,21.48460578918457,0.032704880999972374
i03_21_4.bmp,/kaggle/working/MDFS/data/TID2013/distorted_images/i03_21_4.bmp,3.17949,3,21,4,23.538984298706055,0.0321508309998535
i03_21_5.bmp,/kaggle/working/MDFS/data/TID2013/distorted_images/i03_21_5.bmp,2.1,3,21,5,26.77555274963379,0.03279985500012117
i03_22_1.bmp,/kaggle/working/MDFS/data/TID2013/distorted_images/i03_22_1.bmp,5.97436,3,22,1,19.575037002563477,0.03212106000000858
i03_22_2.bmp,/kaggle/working/MDFS/data/TID2013/distorted_images/i03_22_2.bmp,5.35897,3,22,2,20.456642150878906,0.03236957499984783
i03_22_3.bmp,/kaggle/working/MDFS/data/TID2013/distorted_images/i03_22_3.bmp,5.23077,3,22,3,21.183368682861328,0.03261816199983514
i03_22_4.bmp,/kaggle/working/MDFS/data/TID2013/distorted_images/i03_22_4.bmp,4.35897,3,22,4,23.032684326171875,0.03170291900005395
i03_22_5.bmp,/kaggle/working/MDFS/data/TID2013/distorted_images/i03_22_5.bmp,3.92105,3,22,5,27.267005920410156,0.03295173900005466
i03_23_1.bmp,/kaggle/working/MDFS/data/TID2013/distorted_images/i03_23_1.bmp,6.71795,3,23,1,18.29106330871582,0.03239091700015706
i03_23_2.bmp,/kaggle/working/MDFS/data/TID2013/distorted_images/i03_23_2.bmp,5.84615,3,23,2,18.946842193603516,0.03254693300004874
i03_23_3.bmp,/kaggle/working/MDFS/data/TID2013/distorted_images/i03_23_3.bmp,3.9,3,23,3,23.325361251831055,0.03269363199979125
i03_23_4.bmp,/kaggle/working/MDFS/data/TID2013/distorted_images/i03_23_4.bmp,2.65789,3,23,4,29.923694610595703,0.031937438000113616
i03_23_5.bmp,/kaggle/working/MDFS/data/TID2013/distorted_images/i03_23_5.bmp,1.975,3,23,5,34.32923126220703,0.033000635000007605
i03_24_1.bmp,/kaggle/working/MDFS/data/TID2013/distorted_images/i03_24_1.bmp,5.74359,3,24,1,20.484535217285156,0.03236285499997393
i03_24_2.bmp,/kaggle/working/MDFS/data/TID2013/distorted_images/i03_24_2.bmp,4.20513,3,24,2,23.552867889404297,0.032236041000032856
i03_24_3.bmp,/kaggle/working/MDFS/data/TID2013/distorted_images/i03_24_3.bmp,2.825,3,24,3,29.9717960357666,0.03358576100026767
i03_24_4.bmp,/kaggle/working/MDFS/data/TID2013/distorted_images/i03_24_4.bmp,1.81579,3,24,4,35.32570266723633,0.032219586000337586
i03_24_5.bmp,/kaggle/working/MDFS/data/TID2013/distorted_images/i03_24_5.bmp,0.42105,3,24,5,34.473148345947266,0.03293648299995766
I04_01_1.bmp,/kaggle/working/MDFS/data/TID2013/distorted_images/I04_01_1.bmp,5.7619,4,1,1,20.367156982421875,0.03244260699966617
i04_01_2.bmp,/kaggle/working/MDFS/data/TID2013/distorted_images/i04_01_2.bmp,5.47619,4,1,2,21.325180053710938,0.032193934000133595
i04_01_3.bmp,/kaggle/working/MDFS/data/TID2013/distorted_images/i04_01_3.bmp,4.92857,4,1,3,23.388031005859375,0.03296378899995034
i04_01_4.bmp,/kaggle/working/MDFS/data/TID2013/distorted_images/i04_01_4.bmp,4.26829,4,1,4,26.16164207458496,0.03223986100010734
i04_01_5.bmp,/kaggle/working/MDFS/data/TID2013/distorted_images/i04_01_5.bmp,4.0,4,1,5,29.6606388092041,0.0329704729997502
i04_02_1.bmp,/kaggle/working/MDFS/data/TID2013/distorted_images/i04_02_1.bmp,6.275,4,2,1,19.614622116088867,0.03322420600034093
i04_02_2.bmp,/kaggle/working/MDFS/data/TID2013/distorted_images/i04_02_2.bmp,6.15385,4,2,2,20.284576416015625,0.032131550000030984
i04_02_3.bmp,/kaggle/working/MDFS/data/TID2013/distorted_images/i04_02_3.bmp,5.68293,4,2,3,21.29852867126465,0.03298034999988886
i04_02_4.bmp,/kaggle/working/MDFS/data/TID2013/distorted_images/i04_02_4.bmp,5.30952,4,2,4,23.27130126953125,0.03263814999991155
i04_02_5.bmp,/kaggle/working/MDFS/data/TID2013/distorted_images/i04_02_5.bmp,4.53659,4,2,5,25.829700469970703,0.032398934999946505
i04_03_1.bmp,/kaggle/working/MDFS/data/TID2013/distorted_images/i04_03_1.bmp,4.78049,4,3,1,20.476123809814453,0.03336485399995581
i04_03_2.bmp,/kaggle/working/MDFS/data/TID2013/distorted_images/i04_03_2.bmp,4.21429,4,3,2,21.87571144104004,0.0320298440001352
i04_03_3.bmp,/kaggle/working/MDFS/data/TID2013/distorted_images/i04_03_3.bmp,3.9,4,3,3,23.3143367767334,0.03326759800029322
i04_03_4.bmp,/kaggle/working/MDFS/data/TID2013/distorted_images/i04_03_4.bmp,3.425,4,3,4,26.310400009155273,0.033143467999707354
i04_03_5.bmp,/kaggle/working/MDFS/data/TID2013/distorted_images/i04_03_5.bmp,3.02381,4,3,5,29.887807846069336,0.032431370000267634
i04_04_1.bmp,/kaggle/working/MDFS/data/TID2013/distorted_images/i04_04_1.bmp,6.125,4,4,1,19.906063079833984,0.032997947999774624
i04_04_2.bmp,/kaggle/working/MDFS/data/TID2013/distorted_images/i04_04_2.bmp,6.26829,4,4,2,20.936491012573242,0.032194284000070184
i04_04_3.bmp,/kaggle/working/MDFS/data/TID2013/distorted_images/i04_04_3.bmp,6.15,4,4,3,22.361656188964844,0.03212202700024136
i04_04_4.bmp,/kaggle/working/MDFS/data/TID2013/distorted_images/i04_04_4.bmp,5.47619,4,4,4,24.62228012084961,0.033421385000110604
i04_04_5.bmp,/kaggle/working/MDFS/data/TID2013/distorted_images/i04_04_5.bmp,4.80952,4,4,5,27.939668655395508,0.03173811599981491
i04_05_1.bmp,/kaggle/working/MDFS/data/TID2013/distorted_images/i04_05_1.bmp,6.30952,4,5,1,20.65168571472168,0.032621426000332576
i04_05_2.bmp,/kaggle/working/MDFS/data/TID2013/distorted_images/i04_05_2.bmp,5.90244,4,5,2,21.703702926635742,0.032556719000240264
i04_05_3.bmp,/kaggle/working/MDFS/data/TID2013/distorted_images/i04_05_3.bmp,5.325,4,5,3,25.538217544555664,0.03243180500021481
i04_05_4.bmp,/kaggle/working/MDFS/data/TID2013/distorted_images/i04_05_4.bmp,4.47619,4,5,4,32.12974548339844,0.03350601300007838
i04_05_5.bmp,/kaggle/working/MDFS/data/TID2013/distorted_images/i04_05_5.bmp,3.70732,4,5,5,39.62773132324219,0.03329479800004265
i04_06_1.bmp,/kaggle/working/MDFS/data/TID2013/distorted_images/i04_06_1.bmp,5.02381,4,6,1,19.55379295349121,0.032840470999872196
i04_06_2.bmp,/kaggle/working/MDFS/data/TID2013/distorted_images/i04_06_2.bmp,4.56098,4,6,2,20.436307907104492,0.033493854999960604
i04_06_3.bmp,/kaggle/working/MDFS/data/TID2013/distorted_images/i04_06_3.bmp,4.2619,4,6,3,21.614521026611328,0.03305651500022577
i04_06_4.bmp,/kaggle/working/MDFS/data/TID2013/distorted_images/i04_06_4.bmp,4.19512,4,6,4,24.105430603027344,0.03248572400025296
i04_06_5.bmp,/kaggle/working/MDFS/data/TID2013/distorted_images/i04_06_5.bmp,3.45,4,6,5,27.790796279907227,0.032275087000016356
i04_07_1.bmp,/kaggle/working/MDFS/data/TID2013/distorted_images/i04_07_1.bmp,4.69048,4,7,1,19.315793991088867,0.03337955100005274
i04_07_2.bmp,/kaggle/working/MDFS/data/TID2013/distorted_images/i04_07_2.bmp,4.075,4,7,2,20.135007858276367,0.04587694099973305
i04_07_3.bmp,/kaggle/working/MDFS/data/TID2013/distorted_images/i04_07_3.bmp,3.52381,4,7,3,24.13753890991211,0.036870056000225304
i04_07_4.bmp,/kaggle/working/MDFS/data/TID2013/distorted_images/i04_07_4.bmp,3.14286,4,7,4,27.923625946044922,0.030488140000215935
i04_07_5.bmp,/kaggle/working/MDFS/data/TID2013/distorted_images/i04_07_5.bmp,2.95238,4,7,5,27.468666076660156,0.03147198100032256
i04_08_1.bmp,/kaggle/working/MDFS/data/TID2013/distorted_images/i04_08_1.bmp,6.30952,4,8,1,18.364757537841797,0.032849273000010726
i04_08_2.bmp,/kaggle/working/MDFS/data/TID2013/distorted_images/i04_08_2.bmp,5.92683,4,8,2,19.025737762451172,0.033244106999973155
i04_08_3.bmp,/kaggle/working/MDFS/data/TID2013/distorted_images/i04_08_3.bmp,5.38095,4,8,3,21.26131248474121,0.03207283700021435
i04_08_4.bmp,/kaggle/working/MDFS/data/TID2013/distorted_images/i04_08_4.bmp,4.375,4,8,4,27.03363037109375,0.03291720899960637
i04_08_5.bmp,/kaggle/working/MDFS/data/TID2013/distorted_images/i04_08_5.bmp,3.66667,4,8,5,31.859079360961914,0.0328590629997052
i04_09_1.bmp,/kaggle/working/MDFS/data/TID2013/distorted_images/i04_09_1.bmp,6.38095,4,9,1,18.39535140991211,0.03249555699994744
i04_09_2.bmp,/kaggle/working/MDFS/data/TID2013/distorted_images/i04_09_2.bmp,5.80488,4,9,2,19.109495162963867,0.0333778560002429
i04_09_3.bmp,/kaggle/working/MDFS/data/TID2013/distorted_images/i04_09_3.bmp,5.04878,4,9,3,20.514909744262695,0.032474496999839175
i04_09_4.bmp,/kaggle/working/MDFS/data/TID2013/distorted_images/i04_09_4.bmp,3.78049,4,9,4,23.9450626373291,0.03240993700001127
i04_09_5.bmp,/kaggle/working/MDFS/data/TID2013/distorted_images/i04_09_5.bmp,2.5,4,9,5,30.390270233154297,0.0328643650000231
i04_10_1.bmp,/kaggle/working/MDFS/data/TID2013/distorted_images/i04_10_1.bmp,6.07143,4,10,1,19.000810623168945,0.032345085999622825
i04_10_2.bmp,/kaggle/working/MDFS/data/TID2013/distorted_images/i04_10_2.bmp,5.97561,4,10,2,20.1019344329834,0.03325326499998482
i04_10_3.bmp,/kaggle/working/MDFS/data/TID2013/distorted_images/i04_10_3.bmp,5.07143,4,10,3,24.312339782714844,0.03249957700018058
i04_10_4.bmp,/kaggle/working/MDFS/data/TID2013/distorted_images/i04_10_4.bmp,3.2619,4,10,4,30.648778915405273,0.03223898299984285
i04_10_5.bmp,/kaggle/working/MDFS/data/TID2013/distorted_images/i04_10_5.bmp,2.19048,4,10,5,36.89867401123047,0.03308644500020819
I04_11_1.BMP,/kaggle/working/MDFS/data/TID2013/distorted_images/I04_11_1.BMP,5.3,4,11,1,24.49685287475586,0.03231334900010552
i04_11_2.bmp,/kaggle/working/MDFS/data/TID2013/distorted_images/i04_11_2.bmp,4.0,4,11,2,30.706905364990234,0.03315169200004675
i04_11_3.bmp,/kaggle/working/MDFS/data/TID2013/distorted_images/i04_11_3.bmp,2.90244,4,11,3,35.452388763427734,0.03267217199982042
i04_11_4.bmp,/kaggle/working/MDFS/data/TID2013/distorted_images/i04_11_4.bmp,2.0,4,11,4,41.82847213745117,0.03200968900000589
i04_11_5.bmp,/kaggle/working/MDFS/data/TID2013/distorted_images/i04_11_5.bmp,0.88095,4,11,5,43.58415603637695,0.0331967350002742
i04_12_1.bmp,/kaggle/working/MDFS/data/TID2013/distorted_images/i04_12_1.bmp,6.05,4,12,1,19.056772232055664,0.03243817299971852
i04_12_2.bmp,/kaggle/working/MDFS/data/TID2013/distorted_images/i04_12_2.bmp,4.64286,4,12,2,19.68684196472168,0.03246060599985867
i04_12_3.bmp,/kaggle/working/MDFS/data/TID2013/distorted_images/i04_12_3.bmp,3.92857,4,12,3,20.874038696289062,0.03281251499993232
i04_12_4.bmp,/kaggle/working/MDFS/data/TID2013/distorted_images/i04_12_4.bmp,2.90476,4,12,4,20.788312911987305,0.03204072400012592
i04_12_5.bmp,/kaggle/working/MDFS/data/TID2013/distorted_images/i04_12_5.bmp,2.65854,4,12,5,21.33613395690918,0.03296293399989736
I04_13_1.BMP,/kaggle/working/MDFS/data/TID2013/distorted_images/I04_13_1.BMP,4.66667,4,13,1,19.024555206298828,0.03243558899976051
i04_13_2.bmp,/kaggle/working/MDFS/data/TID2013/distorted_images/i04_13_2.bmp,3.84615,4,13,2,19.544069290161133,0.03278570799966474
i04_13_3.bmp,/kaggle/working/MDFS/data/TID2013/distorted_images/i04_13_3.bmp,3.35714,4,13,3,20.748327255249023,0.03357111400009671
i04_13_4.bmp,/kaggle/working/MDFS/data/TID2013/distorted_images/i04_13_4.bmp,3.46341,4,13,4,21.355073928833008,0.032153362999906676
i04_13_5.bmp,/kaggle/working/MDFS/data/TID2013/distorted_images/i04_13_5.bmp,2.38095,4,13,5,27.206295013427734,0.03285783599994829
i04_14_1.bmp,/kaggle/working/MDFS/data/TID2013/distorted_images/i04_14_1.bmp,5.07143,4,14,1,18.254323959350586,0.03286412299985386
i04_14_2.bmp,/kaggle/working/MDFS/data/TID2013/distorted_images/i04_14_2.bmp,6.40476,4,14,2,18.352336883544922,0.0322032730000501
i04_14_3.bmp,/kaggle/working/MDFS/data/TID2013/distorted_images/i04_14_3.bmp,6.0,4,14,3,18.33930778503418,0.03333868000026996
i04_14_4.bmp,/kaggle/working/MDFS/data/TID2013/distorted_images/i04_14_4.bmp,4.40476,4,14,4,18.355953216552734,0.03195473999994647
i04_14_5.bmp,/kaggle/working/MDFS/data/TID2013/distorted_images/i04_14_5.bmp,3.60976,4,14,5,18.400501251220703,0.03234087600003477
i04_15_1.bmp,/kaggle/working/MDFS/data/TID2013/distorted_images/i04_15_1.bmp,3.38095,4,15,1,18.761394500732422,0.032854898000096
i04_15_2.bmp,/kaggle/working/MDFS/data/TID2013/distorted_images/i04_15_2.bmp,3.40476,4,15,2,18.570707321166992,0.032181098999899405
i04_15_3.bmp,/kaggle/working/MDFS/data/TID2013/distorted_images/i04_15_3.bmp,3.5,4,15,3,18.430227279663086,0.03336484300007214
i04_15_4.bmp,/kaggle/working/MDFS/data/TID2013/distorted_images/i04_15_4.bmp,3.7561,4,15,4,18.325376510620117,0.032368508000217844
i04_15_5.bmp,/kaggle/working/MDFS/data/TID2013/distorted_images/i04_15_5.bmp,4.05128,4,15,5,18.421512603759766,0.03237252500002796
i04_16_1.bmp,/kaggle/working/MDFS/data/TID2013/distorted_images/i04_16_1.bmp,6.28571,4,16,1,18.362241744995117,0.03342249900015304
i04_16_2.bmp,/kaggle/working/MDFS/data/TID2013/distorted_images/i04_16_2.bmp,6.64286,4,16,2,18.40890884399414,0.03199100099982388
i04_16_3.bmp,/kaggle/working/MDFS/data/TID2013/distorted_images/i04_16_3.bmp,6.09524,4,16,3,18.29983139038086,0.03268959199976962
i04_16_4.bmp,/kaggle/working/MDFS/data/TID2013/distorted_images/i04_16_4.bmp,5.66667,4,16,4,18.532793045043945,0.032734235000134504
i04_16_5.bmp,/kaggle/working/MDFS/data/TID2013/distorted_images/i04_16_5.bmp,5.15385,4,16,5,18.470365524291992,0.03208542700031103
i04_17_1.bmp,/kaggle/working/MDFS/data/TID2013/distorted_images/i04_17_1.bmp,6.0,4,17,1,18.520601272583008,0.033535454999764625
i04_17_2.bmp,/kaggle/working/MDFS/data/TID2013/distorted_images/i04_17_2.bmp,6.66667,4,17,2,18.164051055908203,0.03227088800031197
i04_17_3.bmp,/kaggle/working/MDFS/data/TID2013/distorted_images/i04_17_3.bmp,4.78049,4,17,3,18.84651756286621,0.032468951000282686
i04_17_4.bmp,/kaggle/working/MDFS/data/TID2013/distorted_images/i04_17_4.bmp,7.21429,4,17,4,18.078407287597656,0.03281868499971097
i04_17_5.bmp,/kaggle/working/MDFS/data/TID2013/distorted_images/i04_17_5.bmp,3.925,4,17,5,19.48073959350586,0.032363362000069174
i04_18_1.bmp,/kaggle/working/MDFS/data/TID2013/distorted_images/i04_18_1.bmp,5.41463,4,18,1,18.421890258789062,0.03305416500006686
i04_18_2.bmp,/kaggle/working/MDFS/data/TID2013/distorted_images/i04_18_2.bmp,5.02439,4,18,2,18.33468246459961,0.03282498199996553
i04_18_3.bmp,/kaggle/working/MDFS/data/TID2013/distorted_images/i04_18_3.bmp,4.66667,4,18,3,18.533002853393555,0.03293549699992582
i04_18_4.bmp,/kaggle/working/MDFS/data/TID2013/distorted_images/i04_18_4.bmp,4.2381,4,18,4,19.325775146484375,0.033339734000037424
i04_18_5.bmp,/kaggle/working/MDFS/data/TID2013/distorted_images/i04_18_5.bmp,3.92683,4,18,5,20.14644432067871,0.03225435800004561
i04_19_1.bmp,/kaggle/working/MDFS/data/TID2013/distorted_images/i04_19_1.bmp,5.45238,4,19,1,19.533536911010742,0.03328113999987181
i04_19_2.bmp,/kaggle/working/MDFS/data/TID2013/distorted_images/i04_19_2.bmp,5.35714,4,19,2,20.1857852935791,0.0327577210000527
i04_19_3.bmp,/kaggle/working/MDFS/data/TID2013/distorted_images/i04_19_3.bmp,4.90244,4,19,3,21.91042709350586,0.03226646599978267
i04_19_4.bmp,/kaggle/working/MDFS/data/TID2013/distorted_images/i04_19_4.bmp,4.425,4,19,4,23.505300521850586,0.03290905500034569
i04_19_5.bmp,/kaggle/working/MDFS/data/TID2013/distorted_images/i04_19_5.bmp,4.16667,4,19,5,25.317522048950195,0.03282590800017715
i04_20_1.bmp,/kaggle/working/MDFS/data/TID2013/distorted_images/i04_20_1.bmp,6.45238,4,20,1,19.243064880371094,0.032389152000178
i04_20_2.bmp,/kaggle/working/MDFS/data/TID2013/distorted_images/i04_20_2.bmp,5.225,4,20,2,19.709585189819336,0.0330629980003323
i04_20_3.bmp,/kaggle/working/MDFS/data/TID2013/distorted_images/i04_20_3.bmp,4.19048,4,20,3,19.716081619262695,0.032308783999724255
i04_20_4.bmp,/kaggle/working/MDFS/data/TID2013/distorted_images/i04_20_4.bmp,3.11905,4,20,4,19.501298904418945,0.03283376399986082
i04_20_5.bmp,/kaggle/working/MDFS/data/TID2013/distorted_images/i04_20_5.bmp,2.41463,4,20,5,19.00806427001953,0.03367576699974961
i04_21_1.bmp,/kaggle/working/MDFS/data/TID2013/distorted_images/i04_21_1.bmp,5.14634,4,21,1,19.906890869140625,0.03231673200025398
i04_21_2.bmp,/kaggle/working/MDFS/data/TID2013/distorted_images/i04_21_2.bmp,4.73171,4,21,2,21.023229598999023,0.03287264399978085
i04_21_3.bmp,/kaggle/working/MDFS/data/TID2013/distorted_images/i04_21_3.bmp,3.80952,4,21,3,23.784481048583984,0.03284086399980879
i04_21_4.bmp,/kaggle/working/MDFS/data/TID2013/distorted_images/i04_21_4.bmp,3.21951,4,21,4,25.60539436340332,0.033433198999773595
i04_21_5.bmp,/kaggle/working/MDFS/data/TID2013/distorted_images/i04_21_5.bmp,2.0,4,21,5,28.57378387451172,0.033475650000127644
i04_22_1.bmp,/kaggle/working/MDFS/data/TID2013/distorted_images/i04_22_1.bmp,6.02439,4,22,1,20.14130210876465,0.03268673200000194
i04_22_2.bmp,/kaggle/working/MDFS/data/TID2013/distorted_images/i04_22_2.bmp,5.78571,4,22,2,21.201522827148438,0.03237890399987009
i04_22_3.bmp,/kaggle/working/MDFS/data/TID2013/distorted_images/i04_22_3.bmp,4.42857,4,22,3,22.356889724731445,0.03351613599988923
i04_22_4.bmp,/kaggle/working/MDFS/data/TID2013/distorted_images/i04_22_4.bmp,4.12195,4,22,4,24.147388458251953,0.032191456999953516
i04_22_5.bmp,/kaggle/working/MDFS/data/TID2013/distorted_images/i04_22_5.bmp,2.90476,4,22,5,34.33419418334961,0.03261866000002556
i04_23_1.bmp,/kaggle/working/MDFS/data/TID2013/distorted_images/i04_23_1.bmp,6.425,4,23,1,18.656885147094727,0.032866674000160856
i04_23_2.bmp,/kaggle/working/MDFS/data/TID2013/distorted_images/i04_23_2.bmp,5.40476,4,23,2,20.083894729614258,0.032214350999765884
i04_23_3.bmp,/kaggle/working/MDFS/data/TID2013/distorted_images/i04_23_3.bmp,3.87805,4,23,3,27.795320510864258,0.03316674699999567
i04_23_4.bmp,/kaggle/working/MDFS/data/TID2013/distorted_images/i04_23_4.bmp,2.95122,4,23,4,32.22244644165039,0.032438410999930056
i04_23_5.bmp,/kaggle/working/MDFS/data/TID2013/distorted_images/i04_23_5.bmp,1.47619,4,23,5,38.287353515625,0.032797290999951656
i04_24_1.bmp,/kaggle/working/MDFS/data/TID2013/distorted_images/i04_24_1.bmp,5.54762,4,24,1,22.115201950073242,0.03375831199991808
i04_24_2.bmp,/kaggle/working/MDFS/data/TID2013/distorted_images/i04_24_2.bmp,3.7619,4,24,2,27.395837783813477,0.031957926000359294
i04_24_3.bmp,/kaggle/working/MDFS/data/TID2013/distorted_images/i04_24_3.bmp,2.58537,4,24,3,29.641935348510742,0.03253786300001593
i04_24_4.bmp,/kaggle/working/MDFS/data/TID2013/distorted_images/i04_24_4.bmp,1.90476,4,24,4,35.97669982910156,0.03256530999988172
i04_24_5.bmp,/kaggle/working/MDFS/data/TID2013/distorted_images/i04_24_5.bmp,0.58537,4,24,5,44.26445007324219,0.032112207999944076
I05_01_1.bmp,/kaggle/working/MDFS/data/TID2013/distorted_images/I05_01_1.bmp,5.525,5,1,1,18.831422805786133,0.03339235799967355
i05_01_2.bmp,/kaggle/working/MDFS/data/TID2013/distorted_images/i05_01_2.bmp,5.5,5,1,2,19.39071273803711,0.03271830600033354
i05_01_3.bmp,/kaggle/working/MDFS/data/TID2013/distorted_images/i05_01_3.bmp,4.84615,5,1,3,20.212743759155273,0.032915591999881144
i05_01_4.bmp,/kaggle/working/MDFS/data/TID2013/distorted_images/i05_01_4.bmp,4.05128,5,1,4,21.58690071105957,0.03385832699996172
i05_01_5.bmp,/kaggle/working/MDFS/data/TID2013/distorted_images/i05_01_5.bmp,3.56098,5,1,5,23.732324600219727,0.03236747499977355
i05_02_1.bmp,/kaggle/working/MDFS/data/TID2013/distorted_images/i05_02_1.bmp,5.82927,5,2,1,18.574094772338867,0.032985593999910634
i05_02_2.bmp,/kaggle/working/MDFS/data/TID2013/distorted_images/i05_02_2.bmp,5.68293,5,2,2,18.941980361938477,0.03282439800022985
i05_02_3.bmp,/kaggle/working/MDFS/data/TID2013/distorted_images/i05_02_3.bmp,5.325,5,2,3,19.61705780029297,0.03228675599984854
i05_02_4.bmp,/kaggle/working/MDFS/data/TID2013/distorted_images/i05_02_4.bmp,5.09756,5,2,4,20.561586380004883,0.03348303200027658
i05_02_5.bmp,/kaggle/working/MDFS/data/TID2013/distorted_images/i05_02_5.bmp,4.25641,5,2,5,22.34821891784668,0.03313499800015052
i05_03_1.bmp,/kaggle/working/MDFS/data/TID2013/distorted_images/i05_03_1.bmp,5.09756,5,3,1,18.6986083984375,0.03257284699975571
i05_03_2.bmp,/kaggle/working/MDFS/data/TID2013/distorted_images/i05_03_2.bmp,4.4878,5,3,2,19.250301361083984,0.034042610000142304
i05_03_3.bmp,/kaggle/working/MDFS/data/TID2013/distorted_images/i05_03_3.bmp,3.675,5,3,3,19.840959548950195,0.032531819000269024
i05_03_4.bmp,/kaggle/working/MDFS/data/TID2013/distorted_images/i05_03_4.bmp,3.07317,5,3,4,20.90444564819336,0.032836454000062076
i05_03_5.bmp,/kaggle/working/MDFS/data/TID2013/distorted_images/i05_03_5.bmp,2.375,5,3,5,22.342388153076172,0.03341195199982394
i05_04_1.bmp,/kaggle/working/MDFS/data/TID2013/distorted_images/i05_04_1.bmp,5.63415,5,4,1,18.481258392333984,0.03211066700032461
i05_04_2.bmp,/kaggle/working/MDFS/data/TID2013/distorted_images/i05_04_2.bmp,5.75,5,4,2,18.950775146484375,0.033164109000153985
i05_04_3.bmp,/kaggle/working/MDFS/data/TID2013/distorted_images/i05_04_3.bmp,5.575,5,4,3,19.73736572265625,0.03254379000009067
i05_04_4.bmp,/kaggle/working/MDFS/data/TID2013/distorted_images/i05_04_4.bmp,4.92683,5,4,4,20.74761390686035,0.032344063999971695
i05_04_5.bmp,/kaggle/working/MDFS/data/TID2013/distorted_images/i05_04_5.bmp,4.4,5,4,5,22.41497039794922,0.03312510399973689
i05_05_1.bmp,/kaggle/working/MDFS/data/TID2013/distorted_images/i05_05_1.bmp,5.625,5,5,1,19.05624771118164,0.032478923999860854
i05_05_2.bmp,/kaggle/working/MDFS/data/TID2013/distorted_images/i05_05_2.bmp,5.39024,5,5,2,19.739826202392578,0.03293707500006349
i05_05_3.bmp,/kaggle/working/MDFS/data/TID2013/distorted_images/i05_05_3.bmp,4.7,5,5,3,21.975299835205078,0.033651130000180274
i05_05_4.bmp,/kaggle/working/MDFS/data/TID2013/distorted_images/i05_05_4.bmp,3.81579,5,5,4,26.72484588623047,0.03246767299970088
i05_05_5.bmp,/kaggle/working/MDFS/data/TID2013/distorted_images/i05_05_5.bmp,2.92308,5,5,5,33.5625114440918,0.03290050500027064
i05_06_1.bmp,/kaggle/working/MDFS/data/TID2013/distorted_images/i05_06_1.bmp,4.375,5,6,1,18.0706729888916,0.03281846200025029
i05_06_2.bmp,/kaggle/working/MDFS/data/TID2013/distorted_images/i05_06_2.bmp,3.92308,5,6,2,18.62039566040039,0.032538614999793936
i05_06_3.bmp,/kaggle/working/MDFS/data/TID2013/distorted_images/i05_06_3.bmp,3.5,5,6,3,19.564647674560547,0.033659276999969734
i05_06_4.bmp,/kaggle/working/MDFS/data/TID2013/distorted_images/i05_06_4.bmp,3.31707,5,6,4,21.421377182006836,0.03314297800034183
i05_06_5.bmp,/kaggle/working/MDFS/data/TID2013/distorted_images/i05_06_5.bmp,2.51282,5,6,5,24.341772079467773,0.03241349200015975
i05_07_1.bmp,/kaggle/working/MDFS/data/TID2013/distorted_images/i05_07_1.bmp,5.275,5,7,1,17.99186134338379,0.033539674000167
i05_07_2.bmp,/kaggle/working/MDFS/data/TID2013/distorted_images/i05_07_2.bmp,5.26829,5,7,2,18.27991485595703,0.03246052500026053
i05_07_3.bmp,/kaggle/working/MDFS/data/TID2013/distorted_images/i05_07_3.bmp,4.53846,5,7,3,20.268165588378906,0.03304208599956837
i05_07_4.bmp,/kaggle/working/MDFS/data/TID2013/distorted_images/i05_07_4.bmp,4.05128,5,7,4,21.913619995117188,0.033094035999965854
i05_07_5.bmp,/kaggle/working/MDFS/data/TID2013/distorted_images/i05_07_5.bmp,3.14634,5,7,5,23.54619789123535,0.03241637200017067
i05_08_1.bmp,/kaggle/working/MDFS/data/TID2013/distorted_images/i05_08_1.bmp,5.4,5,8,1,17.722705841064453,0.03352876200005994
i05_08_2.bmp,/kaggle/working/MDFS/data/TID2013/distorted_images/i05_08_2.bmp,4.66667,5,8,2,18.34481430053711,0.032871862999854784
i05_08_3.bmp,/kaggle/working/MDFS/data/TID2013/distorted_images/i05_08_3.bmp,3.65854,5,8,3,20.326025009155273,0.032442311000068
i05_08_4.bmp,/kaggle/working/MDFS/data/TID2013/distorted_images/i05_08_4.bmp,2.78049,5,8,4,25.947702407836914,0.033664388000033796
i05_08_5.bmp,/kaggle/working/MDFS/data/TID2013/distorted_images/i05_08_5.bmp,1.25,5,8,5,31.582321166992188,0.032574956999724236
i05_09_1.bmp,/kaggle/working/MDFS/data/TID2013/distorted_images/i05_09_1.bmp,5.825,5,9,1,17.960371017456055,0.03311201799988339
i05_09_2.bmp,/kaggle/working/MDFS/data/TID2013/distorted_images/i05_09_2.bmp,5.825,5,9,2,18.06684112548828,0.033661310999832494
i05_09_3.bmp,/kaggle/working/MDFS/data/TID2013/distorted_images/i05_09_3.bmp,5.325,5,9,3,18.50090789794922,0.03213096699982998
i05_09_4.bmp,/kaggle/working/MDFS/data/TID2013/distorted_images/i05_09_4.bmp,3.5,5,9,4,20.326244354248047,0.033136280000235274
i05_09_5.bmp,/kaggle/working/MDFS/data/TID2013/distorted_images/i05_09_5.bmp,1.36585,5,9,5,26.66493034362793,0.03285150700003214
i05_10_1.bmp,/kaggle/working/MDFS/data/TID2013/distorted_images/i05_10_1.bmp,5.73171,5,10,1,18.45865821838379,0.03243693700005679
i05_10_2.bmp,/kaggle/working/MDFS/data/TID2013/distorted_images/i05_10_2.bmp,5.15385,5,10,2,18.953330993652344,0.03361626300011267
i05_10_3.bmp,/kaggle/working/MDFS/data/TID2013/distorted_images/i05_10_3.bmp,4.70732,5,10,3,20.714717864990234,0.03318201299998691
i05_10_4.bmp,/kaggle/working/MDFS/data/TID2013/distorted_images/i05_10_4.bmp,3.43902,5,10,4,26.466306686401367,0.03225704600026802
i05_10_5.bmp,/kaggle/working/MDFS/data/TID2013/distorted_images/i05_10_5.bmp,1.87805,5,10,5,31.683368682861328,0.03378027500002645
I05_11_1.BMP,/kaggle/working/MDFS/data/TID2013/distorted_images/I05_11_1.BMP,5.7561,5,11,1,18.2820987701416,0.032971390000057
i05_11_2.bmp,/kaggle/working/MDFS/data/TID2013/distorted_images/i05_11_2.bmp,5.4,5,11,2,19.38833999633789,0.033132470000055037
i05_11_3.bmp,/kaggle/working/MDFS/data/TID2013/distorted_images/i05_11_3.bmp,4.5,5,11,3,21.853168487548828,0.03424275600036708
i05_11_4.bmp,/kaggle/working/MDFS/data/TID2013/distorted_images/i05_11_4.bmp,3.66667,5,11,4,26.206212997436523,0.03282572599982814
i05_11_5.bmp,/kaggle/working/MDFS/data/TID2013/distorted_images/i05_11_5.bmp,2.25,5,11,5,31.405656814575195,0.03287690199977078
i05_12_1.bmp,/kaggle/working/MDFS/data/TID2013/distorted_images/i05_12_1.bmp,5.68293,5,12,1,17.917743682861328,0.03367220499967516
i05_12_2.bmp,/kaggle/working/MDFS/data/TID2013/distorted_images/i05_12_2.bmp,5.775,5,12,2,17.816160202026367,0.03288143100007801
i05_12_3.bmp,/kaggle/working/MDFS/data/TID2013/distorted_images/i05_12_3.bmp,5.35,5,12,3,17.695913314819336,0.03310753499999919
i05_12_4.bmp,/kaggle/working/MDFS/data/TID2013/distorted_images/i05_12_4.bmp,3.8,5,12,4,17.819313049316406,0.03311948800001119
i05_12_5.bmp,/kaggle/working/MDFS/data/TID2013/distorted_images/i05_12_5.bmp,2.725,5,12,5,18.4074649810791,0.03261338299989802
I05_13_1.BMP,/kaggle/working/MDFS/data/TID2013/distorted_images/I05_13_1.BMP,5.46341,5,13,1,18.33914566040039,0.03364579200024309
i05_13_2.bmp,/kaggle/working/MDFS/data/TID2013/distorted_images/i05_13_2.bmp,4.90244,5,13,2,18.470951080322266,0.03301824400023179
i05_13_3.bmp,/kaggle/working/MDFS/data/TID2013/distorted_images/i05_13_3.bmp,3.475,5,13,3,18.971942901611328,0.03268643699993845
i05_13_4.bmp,/kaggle/working/MDFS/data/TID2013/distorted_images/i05_13_4.bmp,2.97561,5,13,4,18.93195343017578,0.033949112000300374
i05_13_5.bmp,/kaggle/working/MDFS/data/TID2013/distorted_images/i05_13_5.bmp,1.97368,5,13,5,21.08757972717285,0.033048144999611395
i05_14_1.bmp,/kaggle/working/MDFS/data/TID2013/distorted_images/i05_14_1.bmp,5.92683,5,14,1,17.808639526367188,0.0325144039998122
i05_14_2.bmp,/kaggle/working/MDFS/data/TID2013/distorted_images/i05_14_2.bmp,5.53659,5,14,2,17.784725189208984,0.033791026000017155
i05_14_3.bmp,/kaggle/working/MDFS/data/TID2013/distorted_images/i05_14_3.bmp,5.60976,5,14,3,17.76165199279785,0.03245820700021795
i05_14_4.bmp,/kaggle/working/MDFS/data/TID2013/distorted_images/i05_14_4.bmp,5.225,5,14,4,17.63084602355957,0.03312036899978921
i05_14_5.bmp,/kaggle/working/MDFS/data/TID2013/distorted_images/i05_14_5.bmp,4.31707,5,14,5,17.53380584716797,0.033427486999698885
i05_15_1.bmp,/kaggle/working/MDFS/data/TID2013/distorted_images/i05_15_1.bmp,3.05,5,15,1,17.87477684020996,0.03241023000009591
i05_15_2.bmp,/kaggle/working/MDFS/data/TID2013/distorted_images/i05_15_2.bmp,3.1,5,15,2,17.8050594329834,0.0335424879999664
i05_15_3.bmp,/kaggle/working/MDFS/data/TID2013/distorted_images/i05_15_3.bmp,3.31707,5,15,3,17.761760711669922,0.03321555000002263
i05_15_4.bmp,/kaggle/working/MDFS/data/TID2013/distorted_images/i05_15_4.bmp,3.9,5,15,4,17.778972625732422,0.032344931999887194
i05_15_5.bmp,/kaggle/working/MDFS/data/TID2013/distorted_images/i05_15_5.bmp,3.84615,5,15,5,17.795297622680664,0.03375234199984334
i05_16_1.bmp,/kaggle/working/MDFS/data/TID2013/distorted_images/i05_16_1.bmp,6.15,5,16,1,17.792451858520508,0.03315683500022715
i05_16_2.bmp,/kaggle/working/MDFS/data/TID2013/distorted_images/i05_16_2.bmp,5.95,5,16,2,17.836223602294922,0.033373380999819346
i05_16_3.bmp,/kaggle/working/MDFS/data/TID2013/distorted_images/i05_16_3.bmp,5.58537,5,16,3,17.922893524169922,0.034636728999885236
i05_16_4.bmp,/kaggle/working/MDFS/data/TID2013/distorted_images/i05_16_4.bmp,5.09756,5,16,4,17.938018798828125,0.03356094099990514
i05_16_5.bmp,/kaggle/working/MDFS/data/TID2013/distorted_images/i05_16_5.bmp,4.25,5,16,5,18.509567260742188,0.03286184199987474
i05_17_1.bmp,/kaggle/working/MDFS/data/TID2013/distorted_images/i05_17_1.bmp,5.3,5,17,1,17.733430862426758,0.03316201899997395
i05_17_2.bmp,/kaggle/working/MDFS/data/TID2013/distorted_images/i05_17_2.bmp,6.82927,5,17,2,18.00535774230957,0.0323360499996852
i05_17_3.bmp,/kaggle/working/MDFS/data/TID2013/distorted_images/i05_17_3.bmp,4.025,5,17,3,17.902362823486328,0.0328767969999717
i05_17_4.bmp,/kaggle/working/MDFS/data/TID2013/distorted_images/i05_17_4.bmp,6.56098,5,17,4,18.477609634399414,0.034332155999891256
i05_17_5.bmp,/kaggle/working/MDFS/data/TID2013/distorted_images/i05_17_5.bmp,2.8,5,17,5,18.682395935058594,0.03273221300014484
i05_18_1.bmp,/kaggle/working/MDFS/data/TID2013/distorted_images/i05_18_1.bmp,4.775,5,18,1,17.92908477783203,0.03299800700006017
i05_18_2.bmp,/kaggle/working/MDFS/data/TID2013/distorted_images/i05_18_2.bmp,4.20513,5,18,2,17.99947166442871,0.03345794599999863
i05_18_3.bmp,/kaggle/working/MDFS/data/TID2013/distorted_images/i05_18_3.bmp,3.74359,5,18,3,18.57178497314453,0.03248232999976608
i05_18_4.bmp,/kaggle/working/MDFS/data/TID2013/distorted_images/i05_18_4.bmp,3.53846,5,18,4,19.60988998413086,0.0334021409998968
i05_18_5.bmp,/kaggle/working/MDFS/data/TID2013/distorted_images/i05_18_5.bmp,3.15,5,18,5,20.054574966430664,0.03294751900011761
i05_19_1.bmp,/kaggle/working/MDFS/data/TID2013/distorted_images/i05_19_1.bmp,5.175,5,19,1,18.206968307495117,0.0323331849999704
i05_19_2.bmp,/kaggle/working/MDFS/data/TID2013/distorted_images/i05_19_2.bmp,4.80488,5,19,2,19.039703369140625,0.03439496000009967
i05_19_3.bmp,/kaggle/working/MDFS/data/TID2013/distorted_images/i05_19_3.bmp,4.225,5,19,3,20.790237426757812,0.03289711300021736
i05_19_4.bmp,/kaggle/working/MDFS/data/TID2013/distorted_images/i05_19_4.bmp,3.65,5,19,4,21.444196701049805,0.03250372899992726
i05_19_5.bmp,/kaggle/working/MDFS/data/TID2013/distorted_images/i05_19_5.bmp,3.36585,5,19,5,21.58220672607422,0.03404233699984616
i05_20_1.bmp,/kaggle/working/MDFS/data/TID2013/distorted_images/i05_20_1.bmp,5.68293,5,20,1,18.51051902770996,0.03292035499998747
i05_20_2.bmp,/kaggle/working/MDFS/data/TID2013/distorted_images/i05_20_2.bmp,5.56098,5,20,2,18.7462158203125,0.03272292899964668
i05_20_3.bmp,/kaggle/working/MDFS/data/TID2013/distorted_images/i05_20_3.bmp,5.02439,5,20,3,19.182523727416992,0.0338524779999716
i05_20_4.bmp,/kaggle/working/MDFS/data/TID2013/distorted_images/i05_20_4.bmp,4.475,5,20,4,20.23844337463379,0.0320562459996836
i05_20_5.bmp,/kaggle/working/MDFS/data/TID2013/distorted_images/i05_20_5.bmp,3.28205,5,20,5,21.081905364990234,0.03298261000009006
i05_21_1.bmp,/kaggle/working/MDFS/data/TID2013/distorted_images/i05_21_1.bmp,5.6,5,21,1,18.4716796875,0.03312680300041393
i05_21_2.bmp,/kaggle/working/MDFS/data/TID2013/distorted_images/i05_21_2.bmp,4.925,5,21,2,18.937437057495117,0.03235827399976188
i05_21_3.bmp,/kaggle/working/MDFS/data/TID2013/distorted_images/i05_21_3.bmp,4.36585,5,21,3,19.638019561767578,0.033588906999739265
i05_21_4.bmp,/kaggle/working/MDFS/data/TID2013/distorted_images/i05_21_4.bmp,3.35,5,21,4,20.46538543701172,0.033204711000053067
i05_21_5.bmp,/kaggle/working/MDFS/data/TID2013/distorted_images/i05_21_5.bmp,2.475,5,21,5,22.086828231811523,0.03325734200006991
i05_22_1.bmp,/kaggle/working/MDFS/data/TID2013/distorted_images/i05_22_1.bmp,5.275,5,22,1,18.583703994750977,0.03357732499989652
i05_22_2.bmp,/kaggle/working/MDFS/data/TID2013/distorted_images/i05_22_2.bmp,5.25,5,22,2,19.130022048950195,0.033068377999825316
i05_22_3.bmp,/kaggle/working/MDFS/data/TID2013/distorted_images/i05_22_3.bmp,4.7561,5,22,3,20.11361312866211,0.033022352999978466
i05_22_4.bmp,/kaggle/working/MDFS/data/TID2013/distorted_images/i05_22_4.bmp,4.1,5,22,4,21.35593032836914,0.03373691200022222
i05_22_5.bmp,/kaggle/working/MDFS/data/TID2013/distorted_images/i05_22_5.bmp,3.17073,5,22,5,22.719770431518555,0.03278409399990778
i05_23_1.bmp,/kaggle/working/MDFS/data/TID2013/distorted_images/i05_23_1.bmp,5.73171,5,23,1,17.819976806640625,0.03277804199979073
i05_23_2.bmp,/kaggle/working/MDFS/data/TID2013/distorted_images/i05_23_2.bmp,5.575,5,23,2,18.18543243408203,0.033515700999942055
i05_23_3.bmp,/kaggle/working/MDFS/data/TID2013/distorted_images/i05_23_3.bmp,5.63415,5,23,3,18.63725471496582,0.03310731700003089
i05_23_4.bmp,/kaggle/working/MDFS/data/TID2013/distorted_images/i05_23_4.bmp,5.7561,5,23,4,19.134082794189453,0.03303458300024431
i05_23_5.bmp,/kaggle/working/MDFS/data/TID2013/distorted_images/i05_23_5.bmp,5.43902,5,23,5,19.6741943359375,0.032976074000089284
i05_24_1.bmp,/kaggle/working/MDFS/data/TID2013/distorted_images/i05_24_1.bmp,5.525,5,24,1,18.6013126373291,0.03270261000034225
i05_24_2.bmp,/kaggle/working/MDFS/data/TID2013/distorted_images/i05_24_2.bmp,5.60976,5,24,2,19.693042755126953,0.03356671300025482
i05_24_3.bmp,/kaggle/working/MDFS/data/TID2013/distorted_images/i05_24_3.bmp,5.2,5,24,3,21.77520751953125,0.03298800199991092
i05_24_4.bmp,/kaggle/working/MDFS/data/TID2013/distorted_images/i05_24_4.bmp,3.95122,5,24,4,24.08445167541504,0.03246957800001837
i05_24_5.bmp,/kaggle/working/MDFS/data/TID2013/distorted_images/i05_24_5.bmp,2.60976,5,24,5,27.052532196044922,0.03407116700009283
I06_01_1.bmp,/kaggle/working/MDFS/data/TID2013/distorted_images/I06_01_1.bmp,5.75676,6,1,1,18.419755935668945,0.033252301999709744
i06_01_2.bmp,/kaggle/working/MDFS/data/TID2013/distorted_images/i06_01_2.bmp,5.16667,6,1,2,19.057035446166992,0.03307545500001652
i06_01_3.bmp,/kaggle/working/MDFS/data/TID2013/distorted_images/i06_01_3.bmp,5.02703,6,1,3,19.91087532043457,0.03370240499998545
i06_01_4.bmp,/kaggle/working/MDFS/data/TID2013/distorted_images/i06_01_4.bmp,4.31429,6,1,4,21.723295211791992,0.032881406000342395
i06_01_5.bmp,/kaggle/working/MDFS/data/TID2013/distorted_images/i06_01_5.bmp,3.61111,6,1,5,23.91153907775879,0.033116405999862764
i06_02_1.bmp,/kaggle/working/MDFS/data/TID2013/distorted_images/i06_02_1.bmp,6.16216,6,2,1,18.44601821899414,0.034116923000055976
i06_02_2.bmp,/kaggle/working/MDFS/data/TID2013/distorted_images/i06_02_2.bmp,5.78378,6,2,2,18.76507568359375,0.03283471299982921
i06_02_3.bmp,/kaggle/working/MDFS/data/TID2013/distorted_images/i06_02_3.bmp,5.45946,6,2,3,19.522735595703125,0.033245725000142556
i06_02_4.bmp,/kaggle/working/MDFS/data/TID2013/distorted_images/i06_02_4.bmp,4.83333,6,2,4,20.715530395507812,0.033767763000014384
i06_02_5.bmp,/kaggle/working/MDFS/data/TID2013/distorted_images/i06_02_5.bmp,4.38889,6,2,5,22.41501235961914,0.03281052400006956
i06_03_1.bmp,/kaggle/working/MDFS/data/TID2013/distorted_images/i06_03_1.bmp,4.58333,6,3,1,18.719884872436523,0.03289543399978356
i06_03_2.bmp,/kaggle/working/MDFS/data/TID2013/distorted_images/i06_03_2.bmp,4.05714,6,3,2,19.343311309814453,0.03288310400012051
i06_03_3.bmp,/kaggle/working/MDFS/data/TID2013/distorted_images/i06_03_3.bmp,3.47222,6,3,3,20.120521545410156,0.03271587300014289
i06_03_4.bmp,/kaggle/working/MDFS/data/TID2013/distorted_images/i06_03_4.bmp,2.94595,6,3,4,22.427696228027344,0.03345526700013579
i06_03_5.bmp,/kaggle/working/MDFS/data/TID2013/distorted_images/i06_03_5.bmp,2.5,6,3,5,26.457977294921875,0.033564431999820954
i06_04_1.bmp,/kaggle/working/MDFS/data/TID2013/distorted_images/i06_04_1.bmp,5.83333,6,4,1,18.103012084960938,0.03300701999978628
i06_04_2.bmp,/kaggle/working/MDFS/data/TID2013/distorted_images/i06_04_2.bmp,5.86111,6,4,2,18.376934051513672,0.03345716700005141
i06_04_3.bmp,/kaggle/working/MDFS/data/TID2013/distorted_images/i06_04_3.bmp,5.69444,6,4,3,18.95641326904297,0.03336085600039951
i06_04_4.bmp,/kaggle/working/MDFS/data/TID2013/distorted_images/i06_04_4.bmp,5.08108,6,4,4,20.115211486816406,0.0327255890001652
i06_04_5.bmp,/kaggle/working/MDFS/data/TID2013/distorted_images/i06_04_5.bmp,4.58333,6,4,5,21.706836700439453,0.03409655499990549
i06_05_1.bmp,/kaggle/working/MDFS/data/TID2013/distorted_images/i06_05_1.bmp,5.91892,6,5,1,18.651554107666016,0.03323082999986582
i06_05_2.bmp,/kaggle/working/MDFS/data/TID2013/distorted_images/i06_05_2.bmp,5.71429,6,5,2,19.166872024536133,0.032784173999971244
i06_05_3.bmp,/kaggle/working/MDFS/data/TID2013/distorted_images/i06_05_3.bmp,4.97297,6,5,3,21.339059829711914,0.03397695700004988
i06_05_4.bmp,/kaggle/working/MDFS/data/TID2013/distorted_images/i06_05_4.bmp,4.02857,6,5,4,26.2518253326416,0.03322067399994921
i06_05_5.bmp,/kaggle/working/MDFS/data/TID2013/distorted_images/i06_05_5.bmp,2.94595,6,5,5,35.00579833984375,0.03347656400001142
i06_06_1.bmp,/kaggle/working/MDFS/data/TID2013/distorted_images/i06_06_1.bmp,4.61111,6,6,1,18.213314056396484,0.03420056699997076
i06_06_2.bmp,/kaggle/working/MDFS/data/TID2013/distorted_images/i06_06_2.bmp,4.38889,6,6,2,18.51238441467285,0.03370073899986892
i06_06_3.bmp,/kaggle/working/MDFS/data/TID2013/distorted_images/i06_06_3.bmp,3.77778,6,6,3,19.262720108032227,0.033453131999976904
i06_06_4.bmp,/kaggle/working/MDFS/data/TID2013/distorted_images/i06_06_4.bmp,3.52778,6,6,4,20.691587448120117,0.034239181999964785
i06_06_5.bmp,/kaggle/working/MDFS/data/TID2013/distorted_images/i06_06_5.bmp,3.05405,6,6,5,23.171377182006836,0.033554214000105276
i06_07_1.bmp,/kaggle/working/MDFS/data/TID2013/distorted_images/i06_07_1.bmp,5.32432,6,7,1,17.880056381225586,0.033102486999723624
i06_07_2.bmp,/kaggle/working/MDFS/data/TID2013/distorted_images/i06_07_2.bmp,5.11429,6,7,2,18.085477828979492,0.03378994399963631
i06_07_3.bmp,/kaggle/working/MDFS/data/TID2013/distorted_images/i06_07_3.bmp,4.40541,6,7,3,18.748197555541992,0.03281091500002731
i06_07_4.bmp,/kaggle/working/MDFS/data/TID2013/distorted_images/i06_07_4.bmp,3.14286,6,7,4,21.150541305541992,0.0328697749996536
i06_07_5.bmp,/kaggle/working/MDFS/data/TID2013/distorted_images/i06_07_5.bmp,2.68571,6,7,5,23.16244888305664,0.034454821000053926
i06_08_1.bmp,/kaggle/working/MDFS/data/TID2013/distorted_images/i06_08_1.bmp,5.18919,6,8,1,17.49148178100586,0.032635344000027544
i06_08_2.bmp,/kaggle/working/MDFS/data/TID2013/distorted_images/i06_08_2.bmp,4.58333,6,8,2,18.129060745239258,0.032919564000167156
i06_08_3.bmp,/kaggle/working/MDFS/data/TID2013/distorted_images/i06_08_3.bmp,3.48571,6,8,3,20.85931968688965,0.03388600500011307
i06_08_4.bmp,/kaggle/working/MDFS/data/TID2013/distorted_images/i06_08_4.bmp,2.7027,6,8,4,26.722347259521484,0.032400999999936175
i06_08_5.bmp,/kaggle/working/MDFS/data/TID2013/distorted_images/i06_08_5.bmp,2.05405,6,8,5,31.149200439453125,0.03317338300030315
i06_09_1.bmp,/kaggle/working/MDFS/data/TID2013/distorted_images/i06_09_1.bmp,6.05405,6,9,1,17.82613754272461,0.03356259000020145
i06_09_2.bmp,/kaggle/working/MDFS/data/TID2013/distorted_images/i06_09_2.bmp,5.86486,6,9,2,18.171184539794922,0.03274478499997713
i06_09_3.bmp,/kaggle/working/MDFS/data/TID2013/distorted_images/i06_09_3.bmp,4.86486,6,9,3,19.05198860168457,0.03357241100002284
i06_09_4.bmp,/kaggle/working/MDFS/data/TID2013/distorted_images/i06_09_4.bmp,3.0,6,9,4,21.697689056396484,0.03311640899983104
i06_09_5.bmp,/kaggle/working/MDFS/data/TID2013/distorted_images/i06_09_5.bmp,1.65714,6,9,5,29.866533279418945,0.03244385700008934
i06_10_1.bmp,/kaggle/working/MDFS/data/TID2013/distorted_images/i06_10_1.bmp,5.83784,6,10,1,18.278778076171875,0.03354905299966049
i06_10_2.bmp,/kaggle/working/MDFS/data/TID2013/distorted_images/i06_10_2.bmp,5.62857,6,10,2,18.760499954223633,0.03299696799967933
i06_10_3.bmp,/kaggle/working/MDFS/data/TID2013/distorted_images/i06_10_3.bmp,5.42857,6,10,3,20.7647647857666,0.03274337700031538
i06_10_4.bmp,/kaggle/working/MDFS/data/TID2013/distorted_images/i06_10_4.bmp,3.16216,6,10,4,26.291961669921875,0.034130899000047066
i06_10_5.bmp,/kaggle/working/MDFS/data/TID2013/distorted_images/i06_10_5.bmp,1.77778,6,10,5,31.227581024169922,0.032615557000099216
I06_11_1.BMP,/kaggle/working/MDFS/data/TID2013/distorted_images/I06_11_1.BMP,5.54054,6,11,1,18.5507755279541,0.03282476000003953
i06_11_2.bmp,/kaggle/working/MDFS/data/TID2013/distorted_images/i06_11_2.bmp,5.19444,6,11,2,19.799999237060547,0.03370208599972102
i06_11_3.bmp,/kaggle/working/MDFS/data/TID2013/distorted_images/i06_11_3.bmp,4.5,6,11,3,22.522262573242188,0.03255541899989112
i06_11_4.bmp,/kaggle/working/MDFS/data/TID2013/distorted_images/i06_11_4.bmp,3.08108,6,11,4,28.853565216064453,0.033043661000192515
i06_11_5.bmp,/kaggle/working/MDFS/data/TID2013/distorted_images/i06_11_5.bmp,0.75676,6,11,5,37.924198150634766,0.033215748999737116
i06_12_1.bmp,/kaggle/working/MDFS/data/TID2013/distorted_images/i06_12_1.bmp,5.86111,6,12,1,17.843679428100586,0.03352134700025999
i06_12_2.bmp,/kaggle/working/MDFS/data/TID2013/distorted_images/i06_12_2.bmp,4.75,6,12,2,17.752084732055664,0.0344195130001026
i06_12_3.bmp,/kaggle/working/MDFS/data/TID2013/distorted_images/i06_12_3.bmp,4.35135,6,12,3,17.817419052124023,0.033300902000064525
i06_12_4.bmp,/kaggle/working/MDFS/data/TID2013/distorted_images/i06_12_4.bmp,3.62857,6,12,4,18.114728927612305,0.0326214329998038
i06_12_5.bmp,/kaggle/working/MDFS/data/TID2013/distorted_images/i06_12_5.bmp,3.83784,6,12,5,17.610807418823242,0.03338989300027606
I06_13_1.BMP,/kaggle/working/MDFS/data/TID2013/distorted_images/I06_13_1.BMP,4.67568,6,13,1,17.967756271362305,0.03301616199996715
i06_13_2.bmp,/kaggle/working/MDFS/data/TID2013/distorted_images/i06_13_2.bmp,4.82857,6,13,2,17.901472091674805,0.033034148999831814
i06_13_3.bmp,/kaggle/working/MDFS/data/TID2013/distorted_images/i06_13_3.bmp,4.17143,6,13,3,18.761930465698242,0.034239397999954235
i06_13_4.bmp,/kaggle/working/MDFS/data/TID2013/distorted_images/i06_13_4.bmp,3.19444,6,13,4,18.960660934448242,0.03329975399992691
i06_13_5.bmp,/kaggle/working/MDFS/data/TID2013/distorted_images/i06_13_5.bmp,2.7027,6,13,5,20.7452392578125,0.03341427000032127
i06_14_1.bmp,/kaggle/working/MDFS/data/TID2013/distorted_images/i06_14_1.bmp,6.0,6,14,1,17.87668800354004,0.034145704000366095
i06_14_2.bmp,/kaggle/working/MDFS/data/TID2013/distorted_images/i06_14_2.bmp,6.0,6,14,2,17.823266983032227,0.03328043500005151
i06_14_3.bmp,/kaggle/working/MDFS/data/TID2013/distorted_images/i06_14_3.bmp,4.77143,6,14,3,17.853288650512695,0.032986844000333804
i06_14_4.bmp,/kaggle/working/MDFS/data/TID2013/distorted_images/i06_14_4.bmp,4.33333,6,14,4,17.884973526000977,0.03405077800016443
i06_14_5.bmp,/kaggle/working/MDFS/data/TID2013/distorted_images/i06_14_5.bmp,4.30556,6,14,5,17.869585037231445,0.03251859900001364
i06_15_1.bmp,/kaggle/working/MDFS/data/TID2013/distorted_images/i06_15_1.bmp,3.62162,6,15,1,18.15814971923828,0.033031415000095876
i06_15_2.bmp,/kaggle/working/MDFS/data/TID2013/distorted_images/i06_15_2.bmp,3.32432,6,15,2,17.98971939086914,0.0337608149998232
i06_15_3.bmp,/kaggle/working/MDFS/data/TID2013/distorted_images/i06_15_3.bmp,3.75,6,15,3,17.945545196533203,0.032534253999983775
i06_15_4.bmp,/kaggle/working/MDFS/data/TID2013/distorted_images/i06_15_4.bmp,4.40541,6,15,4,17.90813636779785,0.033862585999941075
i06_15_5.bmp,/kaggle/working/MDFS/data/TID2013/distorted_images/i06_15_5.bmp,4.83333,6,15,5,17.80176544189453,0.0338201790000312
i06_16_1.bmp,/kaggle/working/MDFS/data/TID2013/distorted_images/i06_16_1.bmp,5.56757,6,16,1,17.820022583007812,0.032210868000220216
i06_16_2.bmp,/kaggle/working/MDFS/data/TID2013/distorted_images/i06_16_2.bmp,6.25,6,16,2,17.797901153564453,0.03335440200044104
i06_16_3.bmp,/kaggle/working/MDFS/data/TID2013/distorted_images/i06_16_3.bmp,5.08333,6,16,3,17.768274307250977,0.03333810200001608
i06_16_4.bmp,/kaggle/working/MDFS/data/TID2013/distorted_images/i06_16_4.bmp,5.83784,6,16,4,18.1224308013916,0.03294272099992668
i06_16_5.bmp,/kaggle/working/MDFS/data/TID2013/distorted_images/i06_16_5.bmp,4.13889,6,16,5,17.85191535949707,0.033385412999905384
i06_17_1.bmp,/kaggle/working/MDFS/data/TID2013/distorted_images/i06_17_1.bmp,5.55556,6,17,1,17.810407638549805,0.033009093000146095
i06_17_2.bmp,/kaggle/working/MDFS/data/TID2013/distorted_images/i06_17_2.bmp,6.08108,6,17,2,17.855026245117188,0.03256906999968123
i06_17_3.bmp,/kaggle/working/MDFS/data/TID2013/distorted_images/i06_17_3.bmp,4.05556,6,17,3,17.989482879638672,0.033835121000265644
i06_17_4.bmp,/kaggle/working/MDFS/data/TID2013/distorted_images/i06_17_4.bmp,5.83784,6,17,4,18.051559448242188,0.03279321100035304
i06_17_5.bmp,/kaggle/working/MDFS/data/TID2013/distorted_images/i06_17_5.bmp,3.37838,6,17,5,18.814620971679688,0.03332951900029002
i06_18_1.bmp,/kaggle/working/MDFS/data/TID2013/distorted_images/i06_18_1.bmp,5.2,6,18,1,17.84589385986328,0.03410476599992762
i06_18_2.bmp,/kaggle/working/MDFS/data/TID2013/distorted_images/i06_18_2.bmp,4.36111,6,18,2,17.88858985900879,0.03304370400019252
i06_18_3.bmp,/kaggle/working/MDFS/data/TID2013/distorted_images/i06_18_3.bmp,3.88889,6,18,3,18.354843139648438,0.03306499099971916
i06_18_4.bmp,/kaggle/working/MDFS/data/TID2013/distorted_images/i06_18_4.bmp,3.72973,6,18,4,19.098546981811523,0.03403568300018378
i06_18_5.bmp,/kaggle/working/MDFS/data/TID2013/distorted_images/i06_18_5.bmp,3.78378,6,18,5,18.89190101623535,0.032557422000081715
i06_19_1.bmp,/kaggle/working/MDFS/data/TID2013/distorted_images/i06_19_1.bmp,5.33333,6,19,1,18.104650497436523,0.033589597000172944
i06_19_2.bmp,/kaggle/working/MDFS/data/TID2013/distorted_images/i06_19_2.bmp,5.27027,6,19,2,18.549964904785156,0.03441995699995459
i06_19_3.bmp,/kaggle/working/MDFS/data/TID2013/distorted_images/i06_19_3.bmp,4.94595,6,19,3,19.542604446411133,0.03290701900004933
i06_19_4.bmp,/kaggle/working/MDFS/data/TID2013/distorted_images/i06_19_4.bmp,4.19444,6,19,4,20.437002182006836,0.03315852300011102
i06_19_5.bmp,/kaggle/working/MDFS/data/TID2013/distorted_images/i06_19_5.bmp,3.59459,6,19,5,21.650354385375977,0.03393757200001346
i06_20_1.bmp,/kaggle/working/MDFS/data/TID2013/distorted_images/i06_20_1.bmp,5.61111,6,20,1,18.14645004272461,0.032484701000157656
i06_20_2.bmp,/kaggle/working/MDFS/data/TID2013/distorted_images/i06_20_2.bmp,5.27778,6,20,2,18.11223793029785,0.03292147100000875
i06_20_3.bmp,/kaggle/working/MDFS/data/TID2013/distorted_images/i06_20_3.bmp,5.59459,6,20,3,18.449705123901367,0.03331408299982286
i06_20_4.bmp,/kaggle/working/MDFS/data/TID2013/distorted_images/i06_20_4.bmp,4.94595,6,20,4,18.735593795776367,0.033023046999915096
i06_20_5.bmp,/kaggle/working/MDFS/data/TID2013/distorted_images/i06_20_5.bmp,3.97297,6,20,5,18.834468841552734,0.03344691500024055
i06_21_1.bmp,/kaggle/working/MDFS/data/TID2013/distorted_images/i06_21_1.bmp,5.7027,6,21,1,18.022592544555664,0.032962918000066566
i06_21_2.bmp,/kaggle/working/MDFS/data/TID2013/distorted_images/i06_21_2.bmp,5.11111,6,21,2,18.4047794342041,0.03266538300022148
i06_21_3.bmp,/kaggle/working/MDFS/data/TID2013/distorted_images/i06_21_3.bmp,4.71429,6,21,3,18.8709716796875,0.03404262899994137
i06_21_4.bmp,/kaggle/working/MDFS/data/TID2013/distorted_images/i06_21_4.bmp,3.63889,6,21,4,19.61150360107422,0.03312437600015983
i06_21_5.bmp,/kaggle/working/MDFS/data/TID2013/distorted_images/i06_21_5.bmp,2.80556,6,21,5,21.658384323120117,0.03358984900023643
i06_22_1.bmp,/kaggle/working/MDFS/data/TID2013/distorted_images/i06_22_1.bmp,5.63889,6,22,1,18.265676498413086,0.03410429899986411
i06_22_2.bmp,/kaggle/working/MDFS/data/TID2013/distorted_images/i06_22_2.bmp,5.27778,6,22,2,19.05711555480957,0.033060350000141625
i06_22_3.bmp,/kaggle/working/MDFS/data/TID2013/distorted_images/i06_22_3.bmp,4.16216,6,22,3,20.46973419189453,0.033190166000167665
i06_22_4.bmp,/kaggle/working/MDFS/data/TID2013/distorted_images/i06_22_4.bmp,3.56757,6,22,4,20.955867767333984,0.03488328499997806
i06_22_5.bmp,/kaggle/working/MDFS/data/TID2013/distorted_images/i06_22_5.bmp,2.97297,6,22,5,23.341806411743164,0.03296390700006668
i06_23_1.bmp,/kaggle/working/MDFS/data/TID2013/distorted_images/i06_23_1.bmp,5.91429,6,23,1,18.113140106201172,0.03262983200011149
i06_23_2.bmp,/kaggle/working/MDFS/data/TID2013/distorted_images/i06_23_2.bmp,5.80556,6,23,2,18.913414001464844,0.034083373000157735
i06_23_3.bmp,/kaggle/working/MDFS/data/TID2013/distorted_images/i06_23_3.bmp,5.67568,6,23,3,19.801494598388672,0.03255170200009161
i06_23_4.bmp,/kaggle/working/MDFS/data/TID2013/distorted_images/i06_23_4.bmp,5.32432,6,23,4,20.5834903717041,0.03341016000013042
i06_23_5.bmp,/kaggle/working/MDFS/data/TID2013/distorted_images/i06_23_5.bmp,2.34286,6,23,5,25.871315002441406,0.03369204999989961
i06_24_1.bmp,/kaggle/working/MDFS/data/TID2013/distorted_images/i06_24_1.bmp,5.83784,6,24,1,18.506973266601562,0.03271851899989997
i06_24_2.bmp,/kaggle/working/MDFS/data/TID2013/distorted_images/i06_24_2.bmp,5.8,6,24,2,19.58693504333496,0.03369233400007943
i06_24_3.bmp,/kaggle/working/MDFS/data/TID2013/distorted_images/i06_24_3.bmp,4.81081,6,24,3,21.29819679260254,0.033493693999844254
i06_24_4.bmp,/kaggle/working/MDFS/data/TID2013/distorted_images/i06_24_4.bmp,3.21622,6,24,4,23.81652069091797,0.03260561100023551
i06_24_5.bmp,/kaggle/working/MDFS/data/TID2013/distorted_images/i06_24_5.bmp,0.88889,6,24,5,30.879472732543945,0.033505893999972614
I07_01_1.bmp,/kaggle/working/MDFS/data/TID2013/distorted_images/I07_01_1.bmp,5.68182,7,1,1,19.63513946533203,0.034038417000374466
i07_01_2.bmp,/kaggle/working/MDFS/data/TID2013/distorted_images/i07_01_2.bmp,5.09091,7,1,2,20.194721221923828,0.03272183800027051
i07_01_3.bmp,/kaggle/working/MDFS/data/TID2013/distorted_images/i07_01_3.bmp,4.8,7,1,3,21.395797729492188,0.033776026999930764
i07_01_4.bmp,/kaggle/working/MDFS/data/TID2013/distorted_images/i07_01_4.bmp,4.45455,7,1,4,23.59154510498047,0.03392219500028659
i07_01_5.bmp,/kaggle/working/MDFS/data/TID2013/distorted_images/i07_01_5.bmp,3.97619,7,1,5,25.6545467376709,0.032905465999647276
i07_02_1.bmp,/kaggle/working/MDFS/data/TID2013/distorted_images/i07_02_1.bmp,6.04444,7,2,1,19.425458908081055,0.033969003000038356
i07_02_2.bmp,/kaggle/working/MDFS/data/TID2013/distorted_images/i07_02_2.bmp,5.86364,7,2,2,19.945423126220703,0.03382604900025399
i07_02_3.bmp,/kaggle/working/MDFS/data/TID2013/distorted_images/i07_02_3.bmp,5.55814,7,2,3,20.698177337646484,0.03273917299975437
i07_02_4.bmp,/kaggle/working/MDFS/data/TID2013/distorted_images/i07_02_4.bmp,5.23256,7,2,4,22.108970642089844,0.03354458600006183
i07_02_5.bmp,/kaggle/working/MDFS/data/TID2013/distorted_images/i07_02_5.bmp,4.75556,7,2,5,23.772871017456055,0.033198210000136896
i07_03_1.bmp,/kaggle/working/MDFS/data/TID2013/distorted_images/i07_03_1.bmp,4.93333,7,3,1,19.357933044433594,0.03315567600020586
i07_03_2.bmp,/kaggle/working/MDFS/data/TID2013/distorted_images/i07_03_2.bmp,4.22727,7,3,2,19.865100860595703,0.03426836600010574
i07_03_3.bmp,/kaggle/working/MDFS/data/TID2013/distorted_images/i07_03_3.bmp,3.73333,7,3,3,20.37053680419922,0.032909259000007296
i07_03_4.bmp,/kaggle/working/MDFS/data/TID2013/distorted_images/i07_03_4.bmp,3.31111,7,3,4,21.67798614501953,0.03306740300013189
i07_03_5.bmp,/kaggle/working/MDFS/data/TID2013/distorted_images/i07_03_5.bmp,2.73333,7,3,5,23.534160614013672,0.034500063999985287
i07_04_1.bmp,/kaggle/working/MDFS/data/TID2013/distorted_images/i07_04_1.bmp,5.86667,7,4,1,19.449312210083008,0.03322183099999165
i07_04_2.bmp,/kaggle/working/MDFS/data/TID2013/distorted_images/i07_04_2.bmp,6.0,7,4,2,20.01345443725586,0.03294626299975789
i07_04_3.bmp,/kaggle/working/MDFS/data/TID2013/distorted_images/i07_04_3.bmp,5.42222,7,4,3,21.10529327392578,0.03406692899989139
i07_04_4.bmp,/kaggle/working/MDFS/data/TID2013/distorted_images/i07_04_4.bmp,4.95122,7,4,4,22.987485885620117,0.03250313900025503
i07_04_5.bmp,/kaggle/working/MDFS/data/TID2013/distorted_images/i07_04_5.bmp,4.2093,7,4,5,25.587974548339844,0.0329480750001494
i07_05_1.bmp,/kaggle/working/MDFS/data/TID2013/distorted_images/i07_05_1.bmp,6.04444,7,5,1,20.091197967529297,0.0335027800001626
i07_05_2.bmp,/kaggle/working/MDFS/data/TID2013/distorted_images/i07_05_2.bmp,5.8,7,5,2,20.86275863647461,0.03292733900025269
i07_05_3.bmp,/kaggle/working/MDFS/data/TID2013/distorted_images/i07_05_3.bmp,5.15909,7,5,3,23.759563446044922,0.03289933199994266
i07_05_4.bmp,/kaggle/working/MDFS/data/TID2013/distorted_images/i07_05_4.bmp,4.27907,7,5,4,29.560937881469727,0.03303265099975761
i07_05_5.bmp,/kaggle/working/MDFS/data/TID2013/distorted_images/i07_05_5.bmp,3.31818,7,5,5,38.42742156982422,0.033456163999744604
i07_06_1.bmp,/kaggle/working/MDFS/data/TID2013/distorted_images/i07_06_1.bmp,4.83333,7,6,1,18.779714584350586,0.03419200700000147
i07_06_2.bmp,/kaggle/working/MDFS/data/TID2013/distorted_images/i07_06_2.bmp,4.61364,7,6,2,20.231124877929688,0.0332552510003552
i07_06_3.bmp,/kaggle/working/MDFS/data/TID2013/distorted_images/i07_06_3.bmp,4.15909,7,6,3,21.3085994720459,0.03323132800005624
i07_06_4.bmp,/kaggle/working/MDFS/data/TID2013/distorted_images/i07_06_4.bmp,3.75,7,6,4,22.931344985961914,0.0345063670001764
i07_06_5.bmp,/kaggle/working/MDFS/data/TID2013/distorted_images/i07_06_5.bmp,3.31818,7,6,5,25.777633666992188,0.032878692999929626
i07_07_1.bmp,/kaggle/working/MDFS/data/TID2013/distorted_images/i07_07_1.bmp,5.5814,7,7,1,18.536821365356445,0.033553686999766796
i07_07_2.bmp,/kaggle/working/MDFS/data/TID2013/distorted_images/i07_07_2.bmp,5.19048,7,7,2,18.974855422973633,0.03432062499996391
i07_07_3.bmp,/kaggle/working/MDFS/data/TID2013/distorted_images/i07_07_3.bmp,4.31818,7,7,3,20.56669807434082,0.03258586799984187
i07_07_4.bmp,/kaggle/working/MDFS/data/TID2013/distorted_images/i07_07_4.bmp,3.62222,7,7,4,22.75351333618164,0.03351397200003703
i07_07_5.bmp,/kaggle/working/MDFS/data/TID2013/distorted_images/i07_07_5.bmp,2.83721,7,7,5,25.66991424560547,0.03399969400015834
i07_08_1.bmp,/kaggle/working/MDFS/data/TID2013/distorted_images/i07_08_1.bmp,5.86364,7,8,1,17.67397689819336,0.03252034300021478
i07_08_2.bmp,/kaggle/working/MDFS/data/TID2013/distorted_images/i07_08_2.bmp,5.53333,7,8,2,18.65656280517578,0.03377105699973981
i07_08_3.bmp,/kaggle/working/MDFS/data/TID2013/distorted_images/i07_08_3.bmp,4.5814,7,8,3,21.69120979309082,0.03390896300015811
i07_08_4.bmp,/kaggle/working/MDFS/data/TID2013/distorted_images/i07_08_4.bmp,3.42222,7,8,4,28.008846282958984,0.03291739099995539
i07_08_5.bmp,/kaggle/working/MDFS/data/TID2013/distorted_images/i07_08_5.bmp,2.63636,7,8,5,33.1214599609375,0.03359490399998322
i07_09_1.bmp,/kaggle/working/MDFS/data/TID2013/distorted_images/i07_09_1.bmp,6.42222,7,9,1,18.317506790161133,0.033425041000100464
i07_09_2.bmp,/kaggle/working/MDFS/data/TID2013/distorted_images/i07_09_2.bmp,6.02222,7,9,2,18.375255584716797,0.03249777099972562
i07_09_3.bmp,/kaggle/working/MDFS/data/TID2013/distorted_images/i07_09_3.bmp,5.22727,7,9,3,19.208024978637695,0.03356199999961973
i07_09_4.bmp,/kaggle/working/MDFS/data/TID2013/distorted_images/i07_09_4.bmp,3.97674,7,9,4,22.313419342041016,0.033194063999872014
i07_09_5.bmp,/kaggle/working/MDFS/data/TID2013/distorted_images/i07_09_5.bmp,2.46667,7,9,5,28.592422485351562,0.03306447800014212
i07_10_1.bmp,/kaggle/working/MDFS/data/TID2013/distorted_images/i07_10_1.bmp,6.13333,7,10,1,18.305870056152344,0.03412091399968631
i07_10_2.bmp,/kaggle/working/MDFS/data/TID2013/distorted_images/i07_10_2.bmp,5.88636,7,10,2,18.662750244140625,0.03352337099977376
i07_10_3.bmp,/kaggle/working/MDFS/data/TID2013/distorted_images/i07_10_3.bmp,5.04545,7,10,3,21.46806526184082,0.03287154700001338
i07_10_4.bmp,/kaggle/working/MDFS/data/TID2013/distorted_images/i07_10_4.bmp,3.70455,7,10,4,27.881431579589844,0.033841807000044355
i07_10_5.bmp,/kaggle/working/MDFS/data/TID2013/distorted_images/i07_10_5.bmp,2.22727,7,10,5,32.764198303222656,0.03335176300015519
I07_11_1.BMP,/kaggle/working/MDFS/data/TID2013/distorted_images/I07_11_1.BMP,5.48837,7,11,1,21.40155029296875,0.03305073299998185
i07_11_2.bmp,/kaggle/working/MDFS/data/TID2013/distorted_images/i07_11_2.bmp,4.51111,7,11,2,25.02850914001465,0.034140734000175144
i07_11_3.bmp,/kaggle/working/MDFS/data/TID2013/distorted_images/i07_11_3.bmp,3.43182,7,11,3,29.80594253540039,0.03301160799992431
i07_11_4.bmp,/kaggle/working/MDFS/data/TID2013/distorted_images/i07_11_4.bmp,2.42222,7,11,4,35.05727767944336,0.033422715999677166
i07_11_5.bmp,/kaggle/working/MDFS/data/TID2013/distorted_images/i07_11_5.bmp,0.97727,7,11,5,37.56809997558594,0.03445002399985242
i07_12_1.bmp,/kaggle/working/MDFS/data/TID2013/distorted_images/i07_12_1.bmp,5.34091,7,12,1,18.091569900512695,0.03372565600011512
i07_12_2.bmp,/kaggle/working/MDFS/data/TID2013/distorted_images/i07_12_2.bmp,4.72727,7,12,2,18.1431827545166,0.03320594799970422
i07_12_3.bmp,/kaggle/working/MDFS/data/TID2013/distorted_images/i07_12_3.bmp,3.53333,7,12,3,18.49229621887207,0.03410356199992748
i07_12_4.bmp,/kaggle/working/MDFS/data/TID2013/distorted_images/i07_12_4.bmp,2.86364,7,12,4,19.90491485595703,0.03305847699994047
i07_12_5.bmp,/kaggle/working/MDFS/data/TID2013/distorted_images/i07_12_5.bmp,2.51111,7,12,5,19.065858840942383,0.03288397200003601
I07_13_1.BMP,/kaggle/working/MDFS/data/TID2013/distorted_images/I07_13_1.BMP,4.5814,7,13,1,19.200153350830078,0.034438364999914484
i07_13_2.bmp,/kaggle/working/MDFS/data/TID2013/distorted_images/i07_13_2.bmp,4.06818,7,13,2,18.51791000366211,0.0334609200003797
i07_13_3.bmp,/kaggle/working/MDFS/data/TID2013/distorted_images/i07_13_3.bmp,3.37209,7,13,3,18.598957061767578,0.03329065300022194
i07_13_4.bmp,/kaggle/working/MDFS/data/TID2013/distorted_images/i07_13_4.bmp,2.72727,7,13,4,19.736417770385742,0.034239896000144654
i07_13_5.bmp,/kaggle/working/MDFS/data/TID2013/distorted_images/i07_13_5.bmp,2.51111,7,13,5,20.86864471435547,0.03320365199988373
i07_14_1.bmp,/kaggle/working/MDFS/data/TID2013/distorted_images/i07_14_1.bmp,5.79545,7,14,1,17.84831428527832,0.03319623499965019
i07_14_2.bmp,/kaggle/working/MDFS/data/TID2013/distorted_images/i07_14_2.bmp,6.15909,7,14,2,17.89315414428711,0.03435162000005221
i07_14_3.bmp,/kaggle/working/MDFS/data/TID2013/distorted_images/i07_14_3.bmp,5.70455,7,14,3,17.827117919921875,0.032988557999942714
i07_14_4.bmp,/kaggle/working/MDFS/data/TID2013/distorted_images/i07_14_4.bmp,5.22222,7,14,4,17.82957649230957,0.03337989000010566
i07_14_5.bmp,/kaggle/working/MDFS/data/TID2013/distorted_images/i07_14_5.bmp,4.20455,7,14,5,17.785972595214844,0.034326903999954084
i07_15_1.bmp,/kaggle/working/MDFS/data/TID2013/distorted_images/i07_15_1.bmp,3.63636,7,15,1,18.18170928955078,0.03360065900005793
i07_15_2.bmp,/kaggle/working/MDFS/data/TID2013/distorted_images/i07_15_2.bmp,3.28889,7,15,2,17.8590145111084,0.0336862909998672
i07_15_3.bmp,/kaggle/working/MDFS/data/TID2013/distorted_images/i07_15_3.bmp,3.04545,7,15,3,17.7462100982666,0.03414369399979478
i07_15_4.bmp,/kaggle/working/MDFS/data/TID2013/distorted_images/i07_15_4.bmp,3.34091,7,15,4,17.74692153930664,0.03319957199983037
i07_15_5.bmp,/kaggle/working/MDFS/data/TID2013/distorted_images/i07_15_5.bmp,3.65116,7,15,5,17.701641082763672,0.03319092699985049
i07_16_1.bmp,/kaggle/working/MDFS/data/TID2013/distorted_images/i07_16_1.bmp,6.20455,7,16,1,17.913379669189453,0.03393992999963302
i07_16_2.bmp,/kaggle/working/MDFS/data/TID2013/distorted_images/i07_16_2.bmp,6.34884,7,16,2,17.871007919311523,0.03295846100036215
i07_16_3.bmp,/kaggle/working/MDFS/data/TID2013/distorted_images/i07_16_3.bmp,5.93333,7,16,3,18.02914047241211,0.03347145099996851
i07_16_4.bmp,/kaggle/working/MDFS/data/TID2013/distorted_images/i07_16_4.bmp,5.35556,7,16,4,17.926851272583008,0.03436236000015924
i07_16_5.bmp,/kaggle/working/MDFS/data/TID2013/distorted_images/i07_16_5.bmp,4.81818,7,16,5,18.188213348388672,0.033230316000299354
i07_17_1.bmp,/kaggle/working/MDFS/data/TID2013/distorted_images/i07_17_1.bmp,5.54545,7,17,1,17.892908096313477,0.03335032999984833
i07_17_2.bmp,/kaggle/working/MDFS/data/TID2013/distorted_images/i07_17_2.bmp,6.4,7,17,2,18.12668800354004,0.034329741000419745
i07_17_3.bmp,/kaggle/working/MDFS/data/TID2013/distorted_images/i07_17_3.bmp,4.40476,7,17,3,18.00444793701172,0.03318465600023046
i07_17_4.bmp,/kaggle/working/MDFS/data/TID2013/distorted_images/i07_17_4.bmp,6.72727,7,17,4,18.44327735900879,0.03318677600009323
i07_17_5.bmp,/kaggle/working/MDFS/data/TID2013/distorted_images/i07_17_5.bmp,3.34091,7,17,5,18.634864807128906,0.03444238600013705
i07_18_1.bmp,/kaggle/working/MDFS/data/TID2013/distorted_images/i07_18_1.bmp,5.38636,7,18,1,17.935522079467773,0.03335269799981688
i07_18_2.bmp,/kaggle/working/MDFS/data/TID2013/distorted_images/i07_18_2.bmp,4.95455,7,18,2,17.980377197265625,0.03327938999973412
i07_18_3.bmp,/kaggle/working/MDFS/data/TID2013/distorted_images/i07_18_3.bmp,4.37778,7,18,3,18.02799415588379,0.03467056799991042
i07_18_4.bmp,/kaggle/working/MDFS/data/TID2013/distorted_images/i07_18_4.bmp,3.86364,7,18,4,19.3200626373291,0.0334524979998605
i07_18_5.bmp,/kaggle/working/MDFS/data/TID2013/distorted_images/i07_18_5.bmp,3.63636,7,18,5,21.017698287963867,0.03357587600021361
i07_19_1.bmp,/kaggle/working/MDFS/data/TID2013/distorted_images/i07_19_1.bmp,5.86667,7,19,1,19.930130004882812,0.03484220899963475
i07_19_2.bmp,/kaggle/working/MDFS/data/TID2013/distorted_images/i07_19_2.bmp,5.44444,7,19,2,21.091035842895508,0.03356530700011717
i07_19_3.bmp,/kaggle/working/MDFS/data/TID2013/distorted_images/i07_19_3.bmp,4.8,7,19,3,22.43543815612793,0.033131893999780004
i07_19_4.bmp,/kaggle/working/MDFS/data/TID2013/distorted_images/i07_19_4.bmp,4.11364,7,19,4,23.95115089416504,0.03405108400011159
i07_19_5.bmp,/kaggle/working/MDFS/data/TID2013/distorted_images/i07_19_5.bmp,3.70455,7,19,5,25.34585952758789,0.033942682999622775
i07_20_1.bmp,/kaggle/working/MDFS/data/TID2013/distorted_images/i07_20_1.bmp,5.75,7,20,1,19.101089477539062,0.0329111460000604
i07_20_2.bmp,/kaggle/working/MDFS/data/TID2013/distorted_images/i07_20_2.bmp,5.42222,7,20,2,19.598176956176758,0.033924183000181074
i07_20_3.bmp,/kaggle/working/MDFS/data/TID2013/distorted_images/i07_20_3.bmp,4.4186,7,20,3,19.75013542175293,0.033818085999882896
i07_20_4.bmp,/kaggle/working/MDFS/data/TID2013/distorted_images/i07_20_4.bmp,3.62222,7,20,4,19.869701385498047,0.033414257999993424
i07_20_5.bmp,/kaggle/working/MDFS/data/TID2013/distorted_images/i07_20_5.bmp,2.93023,7,20,5,19.259153366088867,0.0341010219999589
i07_21_1.bmp,/kaggle/working/MDFS/data/TID2013/distorted_images/i07_21_1.bmp,5.66667,7,21,1,19.144832611083984,0.033257497000249714
i07_21_2.bmp,/kaggle/working/MDFS/data/TID2013/distorted_images/i07_21_2.bmp,4.95455,7,21,2,19.266544342041016,0.03319671700000981
i07_21_3.bmp,/kaggle/working/MDFS/data/TID2013/distorted_images/i07_21_3.bmp,4.11111,7,21,3,20.1556396484375,0.03399586800014731
i07_21_4.bmp,/kaggle/working/MDFS/data/TID2013/distorted_images/i07_21_4.bmp,3.38636,7,21,4,22.07454490661621,0.033314350999717135
i07_21_5.bmp,/kaggle/working/MDFS/data/TID2013/distorted_images/i07_21_5.bmp,2.32558,7,21,5,25.386743545532227,0.0335382700000082
i07_22_1.bmp,/kaggle/working/MDFS/data/TID2013/distorted_images/i07_22_1.bmp,5.93333,7,22,1,19.556100845336914,0.03433889099960652
i07_22_2.bmp,/kaggle/working/MDFS/data/TID2013/distorted_images/i07_22_2.bmp,5.23256,7,22,2,20.15162467956543,0.03307055499999478
i07_22_3.bmp,/kaggle/working/MDFS/data/TID2013/distorted_images/i07_22_3.bmp,4.65116,7,22,3,21.60954475402832,0.03327268400016692
i07_22_4.bmp,/kaggle/working/MDFS/data/TID2013/distorted_images/i07_22_4.bmp,4.14286,7,22,4,22.591821670532227,0.03421300800027893
i07_22_5.bmp,/kaggle/working/MDFS/data/TID2013/distorted_images/i07_22_5.bmp,2.65909,7,22,5,25.71797752380371,0.033643686000232265
i07_23_1.bmp,/kaggle/working/MDFS/data/TID2013/distorted_images/i07_23_1.bmp,6.02222,7,23,1,18.229524612426758,0.03345393499967031
i07_23_2.bmp,/kaggle/working/MDFS/data/TID2013/distorted_images/i07_23_2.bmp,5.73333,7,23,2,18.98386573791504,0.03388143799975296
i07_23_3.bmp,/kaggle/working/MDFS/data/TID2013/distorted_images/i07_23_3.bmp,5.04444,7,23,3,20.860607147216797,0.03317413500008115
i07_23_4.bmp,/kaggle/working/MDFS/data/TID2013/distorted_images/i07_23_4.bmp,4.2093,7,23,4,21.28176498413086,0.03323450799962302
i07_23_5.bmp,/kaggle/working/MDFS/data/TID2013/distorted_images/i07_23_5.bmp,2.64444,7,23,5,29.555931091308594,0.034359908000169526
i07_24_1.bmp,/kaggle/working/MDFS/data/TID2013/distorted_images/i07_24_1.bmp,5.72093,7,24,1,20.25271224975586,0.03375455100012914
i07_24_2.bmp,/kaggle/working/MDFS/data/TID2013/distorted_images/i07_24_2.bmp,4.93333,7,24,2,22.9893741607666,0.03309793699963848
i07_24_3.bmp,/kaggle/working/MDFS/data/TID2013/distorted_images/i07_24_3.bmp,3.86364,7,24,3,27.032100677490234,0.03394923399991967
i07_24_4.bmp,/kaggle/working/MDFS/data/TID2013/distorted_images/i07_24_4.bmp,2.25,7,24,4,31.51217269897461,0.033513321000100404
i07_24_5.bmp,/kaggle/working/MDFS/data/TID2013/distorted_images/i07_24_5.bmp,0.47619,7,24,5,33.97903823852539,0.03351094999970883
I08_01_1.bmp,/kaggle/working/MDFS/data/TID2013/distorted_images/I08_01_1.bmp,5.54839,8,1,1,19.013736724853516,0.034065160999944055
i08_01_2.bmp,/kaggle/working/MDFS/data/TID2013/distorted_images/i08_01_2.bmp,4.70968,8,1,2,19.595458984375,0.03307698299977346
i08_01_3.bmp,/kaggle/working/MDFS/data/TID2013/distorted_images/i08_01_3.bmp,4.83871,8,1,3,20.927106857299805,0.03342641800009005
i08_01_4.bmp,/kaggle/working/MDFS/data/TID2013/distorted_images/i08_01_4.bmp,4.1,8,1,4,22.868879318237305,0.03471381300005305
i08_01_5.bmp,/kaggle/working/MDFS/data/TID2013/distorted_images/i08_01_5.bmp,3.54839,8,1,5,25.74559783935547,0.033544064999659895
i08_02_1.bmp,/kaggle/working/MDFS/data/TID2013/distorted_images/i08_02_1.bmp,5.59375,8,2,1,18.802549362182617,0.03297438299978239
i08_02_2.bmp,/kaggle/working/MDFS/data/TID2013/distorted_images/i08_02_2.bmp,5.54839,8,2,2,19.298686981201172,0.034001636000084545
i08_02_3.bmp,/kaggle/working/MDFS/data/TID2013/distorted_images/i08_02_3.bmp,5.40625,8,2,3,20.22003746032715,0.033301669000138645
i08_02_4.bmp,/kaggle/working/MDFS/data/TID2013/distorted_images/i08_02_4.bmp,5.22581,8,2,4,21.754043579101562,0.033466963000137184
i08_02_5.bmp,/kaggle/working/MDFS/data/TID2013/distorted_images/i08_02_5.bmp,4.64516,8,2,5,24.071840286254883,0.034394851999877574
i08_03_1.bmp,/kaggle/working/MDFS/data/TID2013/distorted_images/i08_03_1.bmp,4.64516,8,3,1,19.320755004882812,0.033469516999957705
i08_03_2.bmp,/kaggle/working/MDFS/data/TID2013/distorted_images/i08_03_2.bmp,4.29032,8,3,2,20.280752182006836,0.033555775999957405
i08_03_3.bmp,/kaggle/working/MDFS/data/TID2013/distorted_images/i08_03_3.bmp,3.46667,8,3,3,21.67312240600586,0.03397597900038818
i08_03_4.bmp,/kaggle/working/MDFS/data/TID2013/distorted_images/i08_03_4.bmp,2.96875,8,3,4,23.649295806884766,0.033367812000051345
i08_03_5.bmp,/kaggle/working/MDFS/data/TID2013/distorted_images/i08_03_5.bmp,2.34375,8,3,5,26.290815353393555,0.03294899699994858
i08_04_1.bmp,/kaggle/working/MDFS/data/TID2013/distorted_images/i08_04_1.bmp,6.06452,8,4,1,18.590394973754883,0.03382506000025387
i08_04_2.bmp,/kaggle/working/MDFS/data/TID2013/distorted_images/i08_04_2.bmp,5.83871,8,4,2,18.77156639099121,0.033123124000212556
i08_04_3.bmp,/kaggle/working/MDFS/data/TID2013/distorted_images/i08_04_3.bmp,5.625,8,4,3,19.216829299926758,0.03307270300001619
i08_04_4.bmp,/kaggle/working/MDFS/data/TID2013/distorted_images/i08_04_4.bmp,5.4375,8,4,4,20.160377502441406,0.03423998300013409
i08_04_5.bmp,/kaggle/working/MDFS/data/TID2013/distorted_images/i08_04_5.bmp,4.96774,8,4,5,21.770065307617188,0.03350226399970779
i08_05_1.bmp,/kaggle/working/MDFS/data/TID2013/distorted_images/i08_05_1.bmp,5.33333,8,5,1,19.012779235839844,0.033203429999957734
i08_05_2.bmp,/kaggle/working/MDFS/data/TID2013/distorted_images/i08_05_2.bmp,5.45161,8,5,2,19.595064163208008,0.03429268000036245
i08_05_3.bmp,/kaggle/working/MDFS/data/TID2013/distorted_images/i08_05_3.bmp,4.71875,8,5,3,22.31416893005371,0.03351253699975132
i08_05_4.bmp,/kaggle/working/MDFS/data/TID2013/distorted_images/i08_05_4.bmp,3.96774,8,5,4,27.706390380859375,0.03359030799992979
i08_05_5.bmp,/kaggle/working/MDFS/data/TID2013/distorted_images/i08_05_5.bmp,3.125,8,5,5,34.84729766845703,0.035132476999933715
i08_06_1.bmp,/kaggle/working/MDFS/data/TID2013/distorted_images/i08_06_1.bmp,4.3871,8,6,1,18.68047523498535,0.033680374000141455
i08_06_2.bmp,/kaggle/working/MDFS/data/TID2013/distorted_images/i08_06_2.bmp,4.09375,8,6,2,18.952848434448242,0.033102561000305286
i08_06_3.bmp,/kaggle/working/MDFS/data/TID2013/distorted_images/i08_06_3.bmp,3.93333,8,6,3,20.230497360229492,0.03409645600004296
i08_06_4.bmp,/kaggle/working/MDFS/data/TID2013/distorted_images/i08_06_4.bmp,3.6129,8,6,4,21.510961532592773,0.03347567600030743
i08_06_5.bmp,/kaggle/working/MDFS/data/TID2013/distorted_images/i08_06_5.bmp,3.06452,8,6,5,23.555042266845703,0.03312885300010748
i08_07_1.bmp,/kaggle/working/MDFS/data/TID2013/distorted_images/i08_07_1.bmp,5.5,8,7,1,18.47252082824707,0.034077599000283954
i08_07_2.bmp,/kaggle/working/MDFS/data/TID2013/distorted_images/i08_07_2.bmp,4.64516,8,7,2,19.158586502075195,0.03344766299960611
i08_07_3.bmp,/kaggle/working/MDFS/data/TID2013/distorted_images/i08_07_3.bmp,4.16667,8,7,3,19.538816452026367,0.03307164600028045
i08_07_4.bmp,/kaggle/working/MDFS/data/TID2013/distorted_images/i08_07_4.bmp,3.45161,8,7,4,20.430675506591797,0.03425802300034775
i08_07_5.bmp,/kaggle/working/MDFS/data/TID2013/distorted_images/i08_07_5.bmp,2.3871,8,7,5,22.45930290222168,0.03343843500033472
i08_08_1.bmp,/kaggle/working/MDFS/data/TID2013/distorted_images/i08_08_1.bmp,5.21875,8,8,1,18.151004791259766,0.032882534000236774
i08_08_2.bmp,/kaggle/working/MDFS/data/TID2013/distorted_images/i08_08_2.bmp,4.59375,8,8,2,18.548355102539062,0.034095496000190906
i08_08_3.bmp,/kaggle/working/MDFS/data/TID2013/distorted_images/i08_08_3.bmp,3.90323,8,8,3,20.777320861816406,0.03347979199998008
i08_08_4.bmp,/kaggle/working/MDFS/data/TID2013/distorted_images/i08_08_4.bmp,2.87097,8,8,4,26.111019134521484,0.03313339999976961
i08_08_5.bmp,/kaggle/working/MDFS/data/TID2013/distorted_images/i08_08_5.bmp,1.96774,8,8,5,28.58806610107422,0.03415880100010327
i08_09_1.bmp,/kaggle/working/MDFS/data/TID2013/distorted_images/i08_09_1.bmp,5.70968,8,9,1,18.069103240966797,0.03347051899982034
i08_09_2.bmp,/kaggle/working/MDFS/data/TID2013/distorted_images/i08_09_2.bmp,5.875,8,9,2,18.501142501831055,0.03288228299970797
i08_09_3.bmp,/kaggle/working/MDFS/data/TID2013/distorted_images/i08_09_3.bmp,5.03125,8,9,3,19.491104125976562,0.0343616979998842
i08_09_4.bmp,/kaggle/working/MDFS/data/TID2013/distorted_images/i08_09_4.bmp,3.5,8,9,4,21.106340408325195,0.033486491999610735
i08_09_5.bmp,/kaggle/working/MDFS/data/TID2013/distorted_images/i08_09_5.bmp,1.75,8,9,5,25.691293716430664,0.032999855000070966
i08_10_1.bmp,/kaggle/working/MDFS/data/TID2013/distorted_images/i08_10_1.bmp,5.96774,8,10,1,18.41441535949707,0.034517199999754666
i08_10_2.bmp,/kaggle/working/MDFS/data/TID2013/distorted_images/i08_10_2.bmp,5.59375,8,10,2,18.820531845092773,0.03348648900009721
i08_10_3.bmp,/kaggle/working/MDFS/data/TID2013/distorted_images/i08_10_3.bmp,4.6875,8,10,3,20.77899169921875,0.03290615700007038
i08_10_4.bmp,/kaggle/working/MDFS/data/TID2013/distorted_images/i08_10_4.bmp,3.21875,8,10,4,27.221363067626953,0.03389029299978574
i08_10_5.bmp,/kaggle/working/MDFS/data/TID2013/distorted_images/i08_10_5.bmp,1.34375,8,10,5,30.919963836669922,0.03290388300001723
I08_11_1.BMP,/kaggle/working/MDFS/data/TID2013/distorted_images/I08_11_1.BMP,6.0,8,11,1,18.664358139038086,0.033382289000201126
i08_11_2.bmp,/kaggle/working/MDFS/data/TID2013/distorted_images/i08_11_2.bmp,5.25,8,11,2,19.82355308532715,0.03449763500020708
i08_11_3.bmp,/kaggle/working/MDFS/data/TID2013/distorted_images/i08_11_3.bmp,4.56667,8,11,3,21.814340591430664,0.033279700000093726
i08_11_4.bmp,/kaggle/working/MDFS/data/TID2013/distorted_images/i08_11_4.bmp,4.19355,8,11,4,25.14045524597168,0.03307379299985769
i08_11_5.bmp,/kaggle/working/MDFS/data/TID2013/distorted_images/i08_11_5.bmp,2.26667,8,11,5,30.625911712646484,0.034267362000264256
i08_12_1.bmp,/kaggle/working/MDFS/data/TID2013/distorted_images/i08_12_1.bmp,6.19355,8,12,1,18.329484939575195,0.03307241399988925
i08_12_2.bmp,/kaggle/working/MDFS/data/TID2013/distorted_images/i08_12_2.bmp,5.74194,8,12,2,18.26560401916504,0.033477206000043225
i08_12_3.bmp,/kaggle/working/MDFS/data/TID2013/distorted_images/i08_12_3.bmp,5.5,8,12,3,18.339481353759766,0.034584832999826176
i08_12_4.bmp,/kaggle/working/MDFS/data/TID2013/distorted_images/i08_12_4.bmp,4.8125,8,12,4,18.948558807373047,0.03372886399984054
i08_12_5.bmp,/kaggle/working/MDFS/data/TID2013/distorted_images/i08_12_5.bmp,4.25,8,12,5,18.399703979492188,0.03319666000015786
I08_13_1.BMP,/kaggle/working/MDFS/data/TID2013/distorted_images/I08_13_1.BMP,5.78125,8,13,1,18.222402572631836,0.03438578800023606
i08_13_2.bmp,/kaggle/working/MDFS/data/TID2013/distorted_images/i08_13_2.bmp,3.26667,8,13,2,20.12314796447754,0.033414479000384745
i08_13_3.bmp,/kaggle/working/MDFS/data/TID2013/distorted_images/i08_13_3.bmp,4.3871,8,13,3,18.902679443359375,0.03301128199973391
i08_13_4.bmp,/kaggle/working/MDFS/data/TID2013/distorted_images/i08_13_4.bmp,2.73333,8,13,4,19.61708641052246,0.03434754499994597
i08_13_5.bmp,/kaggle/working/MDFS/data/TID2013/distorted_images/i08_13_5.bmp,2.125,8,13,5,20.879610061645508,0.03315400800011048
i08_14_1.bmp,/kaggle/working/MDFS/data/TID2013/distorted_images/i08_14_1.bmp,5.65625,8,14,1,18.38936996459961,0.03332159199999296
i08_14_2.bmp,/kaggle/working/MDFS/data/TID2013/distorted_images/i08_14_2.bmp,5.4375,8,14,2,18.36121368408203,0.034463097999832826
i08_14_3.bmp,/kaggle/working/MDFS/data/TID2013/distorted_images/i08_14_3.bmp,4.87097,8,14,3,18.348215103149414,0.03333890700014308
i08_14_4.bmp,/kaggle/working/MDFS/data/TID2013/distorted_images/i08_14_4.bmp,4.75,8,14,4,18.366647720336914,0.032936423999672115
i08_14_5.bmp,/kaggle/working/MDFS/data/TID2013/distorted_images/i08_14_5.bmp,4.0,8,14,5,18.402448654174805,0.0345593550000558
i08_15_1.bmp,/kaggle/working/MDFS/data/TID2013/distorted_images/i08_15_1.bmp,3.77419,8,15,1,18.633569717407227,0.03344729799982815
i08_15_2.bmp,/kaggle/working/MDFS/data/TID2013/distorted_images/i08_15_2.bmp,2.93548,8,15,2,18.49419593811035,0.032826119999754155
i08_15_3.bmp,/kaggle/working/MDFS/data/TID2013/distorted_images/i08_15_3.bmp,3.28125,8,15,3,18.449026107788086,0.03420527099979154
i08_15_4.bmp,/kaggle/working/MDFS/data/TID2013/distorted_images/i08_15_4.bmp,3.6875,8,15,4,18.492494583129883,0.03355028400028459
i08_15_5.bmp,/kaggle/working/MDFS/data/TID2013/distorted_images/i08_15_5.bmp,3.51613,8,15,5,18.487070083618164,0.03319954400012648
i08_16_1.bmp,/kaggle/working/MDFS/data/TID2013/distorted_images/i08_16_1.bmp,6.0625,8,16,1,18.61290740966797,0.034282665999853634
i08_16_2.bmp,/kaggle/working/MDFS/data/TID2013/distorted_images/i08_16_2.bmp,5.75,8,16,2,18.11760711669922,0.0336434470000313
i08_16_3.bmp,/kaggle/working/MDFS/data/TID2013/distorted_images/i08_16_3.bmp,5.87097,8,16,3,17.83553695678711,0.033124017999853095
i08_16_4.bmp,/kaggle/working/MDFS/data/TID2013/distorted_images/i08_16_4.bmp,4.90323,8,16,4,17.697433471679688,0.03407455500018841
i08_16_5.bmp,/kaggle/working/MDFS/data/TID2013/distorted_images/i08_16_5.bmp,4.56667,8,16,5,17.58755111694336,0.033492767000097956
i08_17_1.bmp,/kaggle/working/MDFS/data/TID2013/distorted_images/i08_17_1.bmp,5.40625,8,17,1,17.94786262512207,0.03310718199963958
i08_17_2.bmp,/kaggle/working/MDFS/data/TID2013/distorted_images/i08_17_2.bmp,5.58065,8,17,2,18.48974609375,0.033880389999922045
i08_17_3.bmp,/kaggle/working/MDFS/data/TID2013/distorted_images/i08_17_3.bmp,4.1875,8,17,3,18.05510711669922,0.033614784000292275
i08_17_4.bmp,/kaggle/working/MDFS/data/TID2013/distorted_images/i08_17_4.bmp,5.06452,8,17,4,18.307870864868164,0.03325703300015448
i08_17_5.bmp,/kaggle/working/MDFS/data/TID2013/distorted_images/i08_17_5.bmp,3.25806,8,17,5,19.122737884521484,0.034315917000185436
i08_18_1.bmp,/kaggle/working/MDFS/data/TID2013/distorted_images/i08_18_1.bmp,4.25,8,18,1,19.17867088317871,0.03359062900017307
i08_18_2.bmp,/kaggle/working/MDFS/data/TID2013/distorted_images/i08_18_2.bmp,3.74194,8,18,2,19.45653533935547,0.033054281000204355
i08_18_3.bmp,/kaggle/working/MDFS/data/TID2013/distorted_images/i08_18_3.bmp,2.9375,8,18,3,20.150556564331055,0.03418895899994823
i08_18_4.bmp,/kaggle/working/MDFS/data/TID2013/distorted_images/i08_18_4.bmp,2.84375,8,18,4,19.896381378173828,0.03353439400007119
i08_18_5.bmp,/kaggle/working/MDFS/data/TID2013/distorted_images/i08_18_5.bmp,2.87097,8,18,5,19.028207778930664,0.03313923099995009
i08_19_1.bmp,/kaggle/working/MDFS/data/TID2013/distorted_images/i08_19_1.bmp,5.3871,8,19,1,18.829605102539062,0.03393340299999181
i08_19_2.bmp,/kaggle/working/MDFS/data/TID2013/distorted_images/i08_19_2.bmp,4.93548,8,19,2,19.631515502929688,0.033302979999916715
i08_19_3.bmp,/kaggle/working/MDFS/data/TID2013/distorted_images/i08_19_3.bmp,4.6875,8,19,3,20.907072067260742,0.033024029999978666
i08_19_4.bmp,/kaggle/working/MDFS/data/TID2013/distorted_images/i08_19_4.bmp,4.03226,8,19,4,22.258577346801758,0.03408561199967153
i08_19_5.bmp,/kaggle/working/MDFS/data/TID2013/distorted_images/i08_19_5.bmp,3.59375,8,19,5,23.481182098388672,0.033401611000044795
i08_20_1.bmp,/kaggle/working/MDFS/data/TID2013/distorted_images/i08_20_1.bmp,5.87097,8,20,1,18.523513793945312,0.03421857800003636
i08_20_2.bmp,/kaggle/working/MDFS/data/TID2013/distorted_images/i08_20_2.bmp,5.96774,8,20,2,18.502595901489258,0.03398436599991328
i08_20_3.bmp,/kaggle/working/MDFS/data/TID2013/distorted_images/i08_20_3.bmp,5.26667,8,20,3,18.62092399597168,0.03355897399978858
i08_20_4.bmp,/kaggle/working/MDFS/data/TID2013/distorted_images/i08_20_4.bmp,4.625,8,20,4,19.058513641357422,0.03309925800022029
i08_20_5.bmp,/kaggle/working/MDFS/data/TID2013/distorted_images/i08_20_5.bmp,3.8125,8,20,5,19.851125717163086,0.03392341199969451
i08_21_1.bmp,/kaggle/working/MDFS/data/TID2013/distorted_images/i08_21_1.bmp,5.6875,8,21,1,18.546236038208008,0.03368485900000451
i08_21_2.bmp,/kaggle/working/MDFS/data/TID2013/distorted_images/i08_21_2.bmp,4.93548,8,21,2,18.843107223510742,0.03304822400014018
i08_21_3.bmp,/kaggle/working/MDFS/data/TID2013/distorted_images/i08_21_3.bmp,4.29032,8,21,3,19.393482208251953,0.034361254000032204
i08_21_4.bmp,/kaggle/working/MDFS/data/TID2013/distorted_images/i08_21_4.bmp,3.80645,8,21,4,20.404356002807617,0.03332013499993991
i08_21_5.bmp,/kaggle/working/MDFS/data/TID2013/distorted_images/i08_21_5.bmp,2.67742,8,21,5,22.499929428100586,0.03356803199994829
i08_22_1.bmp,/kaggle/working/MDFS/data/TID2013/distorted_images/i08_22_1.bmp,5.6129,8,22,1,18.887392044067383,0.03367726500027857
i08_22_2.bmp,/kaggle/working/MDFS/data/TID2013/distorted_images/i08_22_2.bmp,5.45161,8,22,2,19.529102325439453,0.033035148000180925
i08_22_3.bmp,/kaggle/working/MDFS/data/TID2013/distorted_images/i08_22_3.bmp,4.16129,8,22,3,20.295814514160156,0.03350868500001525
i08_22_4.bmp,/kaggle/working/MDFS/data/TID2013/distorted_images/i08_22_4.bmp,3.0625,8,22,4,21.329957962036133,0.03510771899982501
i08_22_5.bmp,/kaggle/working/MDFS/data/TID2013/distorted_images/i08_22_5.bmp,2.375,8,22,5,22.367128372192383,0.03327867799998785
i08_23_1.bmp,/kaggle/working/MDFS/data/TID2013/distorted_images/i08_23_1.bmp,6.03226,8,23,1,18.57666015625,0.03314043400041555
i08_23_2.bmp,/kaggle/working/MDFS/data/TID2013/distorted_images/i08_23_2.bmp,6.16129,8,23,2,19.011573791503906,0.0342241139996986
i08_23_3.bmp,/kaggle/working/MDFS/data/TID2013/distorted_images/i08_23_3.bmp,5.67742,8,23,3,19.504430770874023,0.0334496800001034
i08_23_4.bmp,/kaggle/working/MDFS/data/TID2013/distorted_images/i08_23_4.bmp,5.5,8,23,4,19.91645050048828,0.03307252500007962
i08_23_5.bmp,/kaggle/working/MDFS/data/TID2013/distorted_images/i08_23_5.bmp,5.4375,8,23,5,20.50379753112793,0.03425970100033737
i08_24_1.bmp,/kaggle/working/MDFS/data/TID2013/distorted_images/i08_24_1.bmp,5.93548,8,24,1,18.527664184570312,0.0329872920001435
i08_24_2.bmp,/kaggle/working/MDFS/data/TID2013/distorted_images/i08_24_2.bmp,5.78125,8,24,2,19.377479553222656,0.03309514200009289
i08_24_3.bmp,/kaggle/working/MDFS/data/TID2013/distorted_images/i08_24_3.bmp,5.29032,8,24,3,20.771196365356445,0.03475401400010014
i08_24_4.bmp,/kaggle/working/MDFS/data/TID2013/distorted_images/i08_24_4.bmp,3.96774,8,24,4,22.431652069091797,0.034629025000413094
i08_24_5.bmp,/kaggle/working/MDFS/data/TID2013/distorted_images/i08_24_5.bmp,2.625,8,24,5,24.36643409729004,0.03284748700025375
I09_01_1.bmp,/kaggle/working/MDFS/data/TID2013/distorted_images/I09_01_1.bmp,5.36364,9,1,1,19.079166412353516,0.03403458999991926
i09_01_2.bmp,/kaggle/working/MDFS/data/TID2013/distorted_images/i09_01_2.bmp,5.0,9,1,2,19.967687606811523,0.033500194999760424
i09_01_3.bmp,/kaggle/working/MDFS/data/TID2013/distorted_images/i09_01_3.bmp,4.54545,9,1,3,21.960241317749023,0.033038414000202465
i09_01_4.bmp,/kaggle/working/MDFS/data/TID2013/distorted_images/i09_01_4.bmp,4.03226,9,1,4,24.583892822265625,0.03407481400017787
i09_01_5.bmp,/kaggle/working/MDFS/data/TID2013/distorted_images/i09_01_5.bmp,3.63636,9,1,5,26.987611770629883,0.033583551999981864
i09_02_1.bmp,/kaggle/working/MDFS/data/TID2013/distorted_images/i09_02_1.bmp,5.87879,9,2,1,18.9223690032959,0.032796806000078504
i09_02_2.bmp,/kaggle/working/MDFS/data/TID2013/distorted_images/i09_02_2.bmp,6.0303,9,2,2,19.6497802734375,0.03410386100040341
i09_02_3.bmp,/kaggle/working/MDFS/data/TID2013/distorted_images/i09_02_3.bmp,5.5625,9,2,3,21.10948944091797,0.03360249399975146
i09_02_4.bmp,/kaggle/working/MDFS/data/TID2013/distorted_images/i09_02_4.bmp,4.875,9,2,4,22.839092254638672,0.033358540999870456
i09_02_5.bmp,/kaggle/working/MDFS/data/TID2013/distorted_images/i09_02_5.bmp,4.54545,9,2,5,25.42050552368164,0.03434517000005144
i09_03_1.bmp,/kaggle/working/MDFS/data/TID2013/distorted_images/i09_03_1.bmp,4.60606,9,3,1,19.056411743164062,0.033868998999878386
i09_03_2.bmp,/kaggle/working/MDFS/data/TID2013/distorted_images/i09_03_2.bmp,4.09375,9,3,2,20.448606491088867,0.03314864899994063
i09_03_3.bmp,/kaggle/working/MDFS/data/TID2013/distorted_images/i09_03_3.bmp,3.69697,9,3,3,21.512378692626953,0.033710026999870024
i09_03_4.bmp,/kaggle/working/MDFS/data/TID2013/distorted_images/i09_03_4.bmp,3.25,9,3,4,23.32859992980957,0.03364726800009521
i09_03_5.bmp,/kaggle/working/MDFS/data/TID2013/distorted_images/i09_03_5.bmp,2.87879,9,3,5,25.38832664489746,0.033306277000065165
i09_04_1.bmp,/kaggle/working/MDFS/data/TID2013/distorted_images/i09_04_1.bmp,5.74194,9,4,1,18.6411190032959,0.03397676899976432
i09_04_2.bmp,/kaggle/working/MDFS/data/TID2013/distorted_images/i09_04_2.bmp,5.59375,9,4,2,19.138818740844727,0.03415878900023017
i09_04_3.bmp,/kaggle/working/MDFS/data/TID2013/distorted_images/i09_04_3.bmp,5.3871,9,4,3,20.15819549560547,0.033410361999813176
i09_04_4.bmp,/kaggle/working/MDFS/data/TID2013/distorted_images/i09_04_4.bmp,4.67742,9,4,4,21.70077133178711,0.03407100099957461
i09_04_5.bmp,/kaggle/working/MDFS/data/TID2013/distorted_images/i09_04_5.bmp,4.27273,9,4,5,23.820877075195312,0.03372933999980887
i09_05_1.bmp,/kaggle/working/MDFS/data/TID2013/distorted_images/i09_05_1.bmp,5.93548,9,5,1,19.27010154724121,0.03294664399982139
i09_05_2.bmp,/kaggle/working/MDFS/data/TID2013/distorted_images/i09_05_2.bmp,5.5,9,5,2,20.20952033996582,0.04189192700005151
i09_05_3.bmp,/kaggle/working/MDFS/data/TID2013/distorted_images/i09_05_3.bmp,4.96875,9,5,3,24.16957664489746,0.03279028899987679
i09_05_4.bmp,/kaggle/working/MDFS/data/TID2013/distorted_images/i09_05_4.bmp,4.09091,9,5,4,30.22043800354004,0.0336735169998974
i09_05_5.bmp,/kaggle/working/MDFS/data/TID2013/distorted_images/i09_05_5.bmp,3.59375,9,5,5,36.747100830078125,0.03291007300003912
i09_06_1.bmp,/kaggle/working/MDFS/data/TID2013/distorted_images/i09_06_1.bmp,5.21875,9,6,1,18.53773307800293,0.03371903800007203
i09_06_2.bmp,/kaggle/working/MDFS/data/TID2013/distorted_images/i09_06_2.bmp,4.3125,9,6,2,19.26569366455078,0.0335074929998882
i09_06_3.bmp,/kaggle/working/MDFS/data/TID2013/distorted_images/i09_06_3.bmp,4.16129,9,6,3,20.297767639160156,0.04575004099979196
i09_06_4.bmp,/kaggle/working/MDFS/data/TID2013/distorted_images/i09_06_4.bmp,3.8125,9,6,4,22.65622901916504,0.039619014999971114
i09_06_5.bmp,/kaggle/working/MDFS/data/TID2013/distorted_images/i09_06_5.bmp,3.34375,9,6,5,26.302091598510742,0.031973899000149686
i09_07_1.bmp,/kaggle/working/MDFS/data/TID2013/distorted_images/i09_07_1.bmp,4.87879,9,7,1,18.224225997924805,0.03275295000003098
i09_07_2.bmp,/kaggle/working/MDFS/data/TID2013/distorted_images/i09_07_2.bmp,4.75,9,7,2,18.449981689453125,0.034312607000174467
i09_07_3.bmp,/kaggle/working/MDFS/data/TID2013/distorted_images/i09_07_3.bmp,4.12903,9,7,3,20.33235740661621,0.03337513599990416
i09_07_4.bmp,/kaggle/working/MDFS/data/TID2013/distorted_images/i09_07_4.bmp,3.66667,9,7,4,22.6855411529541,0.033555082000020775
i09_07_5.bmp,/kaggle/working/MDFS/data/TID2013/distorted_images/i09_07_5.bmp,2.70968,9,7,5,24.72085952758789,0.0345492540000123
i09_08_1.bmp,/kaggle/working/MDFS/data/TID2013/distorted_images/i09_08_1.bmp,5.875,9,8,1,17.4310359954834,0.03336149300002944
i09_08_2.bmp,/kaggle/working/MDFS/data/TID2013/distorted_images/i09_08_2.bmp,5.24242,9,8,2,17.96234893798828,0.03269267099994977
i09_08_3.bmp,/kaggle/working/MDFS/data/TID2013/distorted_images/i09_08_3.bmp,4.34375,9,8,3,20.31130027770996,0.03423754799996459
i09_08_4.bmp,/kaggle/working/MDFS/data/TID2013/distorted_images/i09_08_4.bmp,3.48485,9,8,4,26.86793327331543,0.033932078999896476
i09_08_5.bmp,/kaggle/working/MDFS/data/TID2013/distorted_images/i09_08_5.bmp,2.375,9,8,5,31.70568084716797,0.033348041999943234
i09_09_1.bmp,/kaggle/working/MDFS/data/TID2013/distorted_images/i09_09_1.bmp,6.54545,9,9,1,17.92089080810547,0.03415506299961635
i09_09_2.bmp,/kaggle/working/MDFS/data/TID2013/distorted_images/i09_09_2.bmp,6.09091,9,9,2,18.34794044494629,0.0336259210002936
i09_09_3.bmp,/kaggle/working/MDFS/data/TID2013/distorted_images/i09_09_3.bmp,5.15152,9,9,3,19.4014949798584,0.033057000000098924
i09_09_4.bmp,/kaggle/working/MDFS/data/TID2013/distorted_images/i09_09_4.bmp,3.90625,9,9,4,22.220144271850586,0.03387062899992088
i09_09_5.bmp,/kaggle/working/MDFS/data/TID2013/distorted_images/i09_09_5.bmp,2.51515,9,9,5,28.460336685180664,0.03362053699993339
i09_10_1.bmp,/kaggle/working/MDFS/data/TID2013/distorted_images/i09_10_1.bmp,6.0,9,10,1,18.107698440551758,0.03274210800009314
i09_10_2.bmp,/kaggle/working/MDFS/data/TID2013/distorted_images/i09_10_2.bmp,5.65625,9,10,2,18.662057876586914,0.034249741999701655
i09_10_3.bmp,/kaggle/working/MDFS/data/TID2013/distorted_images/i09_10_3.bmp,4.90625,9,10,3,21.308441162109375,0.033998575000168785
i09_10_4.bmp,/kaggle/working/MDFS/data/TID2013/distorted_images/i09_10_4.bmp,3.19355,9,10,4,27.407825469970703,0.03353442700017695
i09_10_5.bmp,/kaggle/working/MDFS/data/TID2013/distorted_images/i09_10_5.bmp,2.34375,9,10,5,32.61548614501953,0.03433993799990276
I09_11_1.BMP,/kaggle/working/MDFS/data/TID2013/distorted_images/I09_11_1.BMP,5.90625,9,11,1,20.879423141479492,0.03414280400011194
i09_11_2.bmp,/kaggle/working/MDFS/data/TID2013/distorted_images/i09_11_2.bmp,5.15625,9,11,2,24.29538345336914,0.033115803000328015
i09_11_3.bmp,/kaggle/working/MDFS/data/TID2013/distorted_images/i09_11_3.bmp,3.96875,9,11,3,29.22245216369629,0.03430544899993038
i09_11_4.bmp,/kaggle/working/MDFS/data/TID2013/distorted_images/i09_11_4.bmp,2.40625,9,11,4,35.86784362792969,0.033536934000039764
i09_11_5.bmp,/kaggle/working/MDFS/data/TID2013/distorted_images/i09_11_5.bmp,0.87879,9,11,5,39.28559875488281,0.03318452400026217
i09_12_1.bmp,/kaggle/working/MDFS/data/TID2013/distorted_images/i09_12_1.bmp,6.06061,9,12,1,17.481027603149414,0.03413106800007881
i09_12_2.bmp,/kaggle/working/MDFS/data/TID2013/distorted_images/i09_12_2.bmp,5.90625,9,12,2,17.398237228393555,0.034109439000076236
i09_12_3.bmp,/kaggle/working/MDFS/data/TID2013/distorted_images/i09_12_3.bmp,4.90625,9,12,3,17.913667678833008,0.033030335000148625
i09_12_4.bmp,/kaggle/working/MDFS/data/TID2013/distorted_images/i09_12_4.bmp,2.96875,9,12,4,18.93227195739746,0.03356863199996951
i09_12_5.bmp,/kaggle/working/MDFS/data/TID2013/distorted_images/i09_12_5.bmp,2.84375,9,12,5,18.892181396484375,0.033985840000241296
I09_13_1.BMP,/kaggle/working/MDFS/data/TID2013/distorted_images/I09_13_1.BMP,4.51515,9,13,1,17.75128936767578,0.03291890799982866
i09_13_2.bmp,/kaggle/working/MDFS/data/TID2013/distorted_images/i09_13_2.bmp,3.77419,9,13,2,18.482196807861328,0.033574489999864454
i09_13_3.bmp,/kaggle/working/MDFS/data/TID2013/distorted_images/i09_13_3.bmp,3.33333,9,13,3,22.172739028930664,0.03365807799991671
i09_13_4.bmp,/kaggle/working/MDFS/data/TID2013/distorted_images/i09_13_4.bmp,2.81818,9,13,4,21.966581344604492,0.032906806000028155
i09_13_5.bmp,/kaggle/working/MDFS/data/TID2013/distorted_images/i09_13_5.bmp,2.87879,9,13,5,21.794544219970703,0.03378216200007955
i09_14_1.bmp,/kaggle/working/MDFS/data/TID2013/distorted_images/i09_14_1.bmp,5.84375,9,14,1,17.627954483032227,0.033886793999954534
i09_14_2.bmp,/kaggle/working/MDFS/data/TID2013/distorted_images/i09_14_2.bmp,5.48485,9,14,2,17.628549575805664,0.032903875000101834
i09_14_3.bmp,/kaggle/working/MDFS/data/TID2013/distorted_images/i09_14_3.bmp,6.28125,9,14,3,17.535511016845703,0.03363066800011438
i09_14_4.bmp,/kaggle/working/MDFS/data/TID2013/distorted_images/i09_14_4.bmp,4.4375,9,14,4,17.579370498657227,0.03360411199992086
i09_14_5.bmp,/kaggle/working/MDFS/data/TID2013/distorted_images/i09_14_5.bmp,3.3125,9,14,5,17.67426300048828,0.03296150599999237
i09_15_1.bmp,/kaggle/working/MDFS/data/TID2013/distorted_images/i09_15_1.bmp,2.90909,9,15,1,18.15157127380371,0.03422133999993093
i09_15_2.bmp,/kaggle/working/MDFS/data/TID2013/distorted_images/i09_15_2.bmp,3.06061,9,15,2,18.076549530029297,0.03376635799986616
i09_15_3.bmp,/kaggle/working/MDFS/data/TID2013/distorted_images/i09_15_3.bmp,3.25,9,15,3,17.858718872070312,0.03312452799991661
i09_15_4.bmp,/kaggle/working/MDFS/data/TID2013/distorted_images/i09_15_4.bmp,3.59375,9,15,4,17.759990692138672,0.033808566000061546
i09_15_5.bmp,/kaggle/working/MDFS/data/TID2013/distorted_images/i09_15_5.bmp,5.84848,9,15,5,17.733783721923828,0.03334706900022866
i09_16_1.bmp,/kaggle/working/MDFS/data/TID2013/distorted_images/i09_16_1.bmp,6.06061,9,16,1,17.645954132080078,0.03280738300009034
i09_16_2.bmp,/kaggle/working/MDFS/data/TID2013/distorted_images/i09_16_2.bmp,6.30303,9,16,2,17.739789962768555,0.03402216700033023
i09_16_3.bmp,/kaggle/working/MDFS/data/TID2013/distorted_images/i09_16_3.bmp,5.75,9,16,3,17.649293899536133,0.033562569999958214
i09_16_4.bmp,/kaggle/working/MDFS/data/TID2013/distorted_images/i09_16_4.bmp,5.90323,9,16,4,17.888484954833984,0.03319512699999905
i09_16_5.bmp,/kaggle/working/MDFS/data/TID2013/distorted_images/i09_16_5.bmp,4.66667,9,16,5,17.908960342407227,0.033992127000146866
i09_17_1.bmp,/kaggle/working/MDFS/data/TID2013/distorted_images/i09_17_1.bmp,5.8125,9,17,1,17.68361473083496,0.03356297100026495
i09_17_2.bmp,/kaggle/working/MDFS/data/TID2013/distorted_images/i09_17_2.bmp,6.78788,9,17,2,17.82609748840332,0.033266614000240224
i09_17_3.bmp,/kaggle/working/MDFS/data/TID2013/distorted_images/i09_17_3.bmp,4.78125,9,17,3,17.833518981933594,0.03407328899993445
i09_17_4.bmp,/kaggle/working/MDFS/data/TID2013/distorted_images/i09_17_4.bmp,6.36364,9,17,4,18.823551177978516,0.03368061099990882
i09_17_5.bmp,/kaggle/working/MDFS/data/TID2013/distorted_images/i09_17_5.bmp,3.60606,9,17,5,18.822114944458008,0.03298794700003782
i09_18_1.bmp,/kaggle/working/MDFS/data/TID2013/distorted_images/i09_18_1.bmp,4.81818,9,18,1,17.70966339111328,0.034062081999763905
i09_18_2.bmp,/kaggle/working/MDFS/data/TID2013/distorted_images/i09_18_2.bmp,4.30303,9,18,2,18.147037506103516,0.033573779000107606
i09_18_3.bmp,/kaggle/working/MDFS/data/TID2013/distorted_images/i09_18_3.bmp,4.06452,9,18,3,19.003894805908203,0.0336893560001954
i09_18_4.bmp,/kaggle/working/MDFS/data/TID2013/distorted_images/i09_18_4.bmp,3.3125,9,18,4,19.59889030456543,0.03482893599993986
i09_18_5.bmp,/kaggle/working/MDFS/data/TID2013/distorted_images/i09_18_5.bmp,3.15625,9,18,5,19.104562759399414,0.033438504000059766
i09_19_1.bmp,/kaggle/working/MDFS/data/TID2013/distorted_images/i09_19_1.bmp,5.5,9,19,1,19.019067764282227,0.032868867999695794
i09_19_2.bmp,/kaggle/working/MDFS/data/TID2013/distorted_images/i09_19_2.bmp,4.67742,9,19,2,20.281949996948242,0.03410019900002226
i09_19_3.bmp,/kaggle/working/MDFS/data/TID2013/distorted_images/i09_19_3.bmp,4.51613,9,19,3,21.607742309570312,0.03349570099999255
i09_19_4.bmp,/kaggle/working/MDFS/data/TID2013/distorted_images/i09_19_4.bmp,4.0625,9,19,4,23.329967498779297,0.03288505599994096
i09_19_5.bmp,/kaggle/working/MDFS/data/TID2013/distorted_images/i09_19_5.bmp,3.48485,9,19,5,25.237834930419922,0.03418331699958799
i09_20_1.bmp,/kaggle/working/MDFS/data/TID2013/distorted_images/i09_20_1.bmp,5.8125,9,20,1,18.216960906982422,0.03390083699969182
i09_20_2.bmp,/kaggle/working/MDFS/data/TID2013/distorted_images/i09_20_2.bmp,5.66667,9,20,2,18.400842666625977,0.03305401099987648
i09_20_3.bmp,/kaggle/working/MDFS/data/TID2013/distorted_images/i09_20_3.bmp,4.5,9,20,3,18.877727508544922,0.033800988999701076
i09_20_4.bmp,/kaggle/working/MDFS/data/TID2013/distorted_images/i09_20_4.bmp,3.90909,9,20,4,19.381053924560547,0.03371140399985961
i09_20_5.bmp,/kaggle/working/MDFS/data/TID2013/distorted_images/i09_20_5.bmp,2.90909,9,20,5,19.15340805053711,0.03341407200014146
i09_21_1.bmp,/kaggle/working/MDFS/data/TID2013/distorted_images/i09_21_1.bmp,5.27273,9,21,1,18.463422775268555,0.03422029700004714
i09_21_2.bmp,/kaggle/working/MDFS/data/TID2013/distorted_images/i09_21_2.bmp,4.8125,9,21,2,19.282283782958984,0.033933122000235016
i09_21_3.bmp,/kaggle/working/MDFS/data/TID2013/distorted_images/i09_21_3.bmp,4.25,9,21,3,21.181472778320312,0.03303533600001174
i09_21_4.bmp,/kaggle/working/MDFS/data/TID2013/distorted_images/i09_21_4.bmp,3.5,9,21,4,23.353988647460938,0.03406228999983796
i09_21_5.bmp,/kaggle/working/MDFS/data/TID2013/distorted_images/i09_21_5.bmp,2.16129,9,21,5,26.625829696655273,0.0337624759999926
i09_22_1.bmp,/kaggle/working/MDFS/data/TID2013/distorted_images/i09_22_1.bmp,5.71875,9,22,1,18.391557693481445,0.03302312499999971
i09_22_2.bmp,/kaggle/working/MDFS/data/TID2013/distorted_images/i09_22_2.bmp,5.78788,9,22,2,19.248226165771484,0.03405963800014433
i09_22_3.bmp,/kaggle/working/MDFS/data/TID2013/distorted_images/i09_22_3.bmp,5.5,9,22,3,20.518291473388672,0.03379480600005991
i09_22_4.bmp,/kaggle/working/MDFS/data/TID2013/distorted_images/i09_22_4.bmp,4.09375,9,22,4,21.729576110839844,0.03262272200026928
i09_22_5.bmp,/kaggle/working/MDFS/data/TID2013/distorted_images/i09_22_5.bmp,2.71875,9,22,5,23.814434051513672,0.03397677900011331
i09_23_1.bmp,/kaggle/working/MDFS/data/TID2013/distorted_images/i09_23_1.bmp,6.25,9,23,1,18.227771759033203,0.034041549999983545
i09_23_2.bmp,/kaggle/working/MDFS/data/TID2013/distorted_images/i09_23_2.bmp,6.28125,9,23,2,18.95415687561035,0.03318797500014625
i09_23_3.bmp,/kaggle/working/MDFS/data/TID2013/distorted_images/i09_23_3.bmp,6.0303,9,23,3,19.489110946655273,0.03404226800012111
i09_23_4.bmp,/kaggle/working/MDFS/data/TID2013/distorted_images/i09_23_4.bmp,4.8125,9,23,4,20.202518463134766,0.033748789000128454
i09_23_5.bmp,/kaggle/working/MDFS/data/TID2013/distorted_images/i09_23_5.bmp,2.875,9,23,5,26.316715240478516,0.03284398499999952
i09_24_1.bmp,/kaggle/working/MDFS/data/TID2013/distorted_images/i09_24_1.bmp,5.75,9,24,1,19.604366302490234,0.033311780000076396
i09_24_2.bmp,/kaggle/working/MDFS/data/TID2013/distorted_images/i09_24_2.bmp,5.09375,9,24,2,21.945117950439453,0.03457313399985651
i09_24_3.bmp,/kaggle/working/MDFS/data/TID2013/distorted_images/i09_24_3.bmp,3.75,9,24,3,25.562292098999023,0.03304125699969518
i09_24_4.bmp,/kaggle/working/MDFS/data/TID2013/distorted_images/i09_24_4.bmp,2.0303,9,24,4,28.184133529663086,0.03393676499990761
i09_24_5.bmp,/kaggle/working/MDFS/data/TID2013/distorted_images/i09_24_5.bmp,0.24242,9,24,5,34.604713439941406,0.03436224000006405
I10_01_1.bmp,/kaggle/working/MDFS/data/TID2013/distorted_images/I10_01_1.bmp,5.71795,10,1,1,19.011079788208008,0.032955659000435844
i10_01_2.bmp,/kaggle/working/MDFS/data/TID2013/distorted_images/i10_01_2.bmp,5.43243,10,1,2,19.927017211914062,0.03332566600010978
i10_01_3.bmp,/kaggle/working/MDFS/data/TID2013/distorted_images/i10_01_3.bmp,4.74359,10,1,3,21.44664764404297,0.03408903100034877
i10_01_4.bmp,/kaggle/working/MDFS/data/TID2013/distorted_images/i10_01_4.bmp,4.53846,10,1,4,24.102933883666992,0.03276103600001079
i10_01_5.bmp,/kaggle/working/MDFS/data/TID2013/distorted_images/i10_01_5.bmp,3.81579,10,1,5,26.563749313354492,0.033279400000083115
i10_02_1.bmp,/kaggle/working/MDFS/data/TID2013/distorted_images/i10_02_1.bmp,6.05405,10,2,1,18.855199813842773,0.03401121399974727
i10_02_2.bmp,/kaggle/working/MDFS/data/TID2013/distorted_images/i10_02_2.bmp,5.83784,10,2,2,19.51589584350586,0.032566927000061696
i10_02_3.bmp,/kaggle/working/MDFS/data/TID2013/distorted_images/i10_02_3.bmp,5.76923,10,2,3,20.691118240356445,0.0335119820001637
i10_02_4.bmp,/kaggle/working/MDFS/data/TID2013/distorted_images/i10_02_4.bmp,5.52632,10,2,4,22.765499114990234,0.03375760699964303
i10_02_5.bmp,/kaggle/working/MDFS/data/TID2013/distorted_images/i10_02_5.bmp,4.72973,10,2,5,24.661155700683594,0.03278896099982376
i10_03_1.bmp,/kaggle/working/MDFS/data/TID2013/distorted_images/i10_03_1.bmp,5.05405,10,3,1,19.58257484436035,0.03398137100020904
i10_03_2.bmp,/kaggle/working/MDFS/data/TID2013/distorted_images/i10_03_2.bmp,4.36111,10,3,2,20.570158004760742,0.03386160399986693
i10_03_3.bmp,/kaggle/working/MDFS/data/TID2013/distorted_images/i10_03_3.bmp,4.02564,10,3,3,22.516313552856445,0.03281420099983734
i10_03_4.bmp,/kaggle/working/MDFS/data/TID2013/distorted_images/i10_03_4.bmp,3.30769,10,3,4,24.586383819580078,0.033605980000174895
i10_03_5.bmp,/kaggle/working/MDFS/data/TID2013/distorted_images/i10_03_5.bmp,2.92308,10,3,5,27.54354476928711,0.03391885300015929
i10_04_1.bmp,/kaggle/working/MDFS/data/TID2013/distorted_images/i10_04_1.bmp,6.07692,10,4,1,18.67311668395996,0.032496634000381164
i10_04_2.bmp,/kaggle/working/MDFS/data/TID2013/distorted_images/i10_04_2.bmp,5.11111,10,4,2,19.15815544128418,0.033587451000130386
i10_04_3.bmp,/kaggle/working/MDFS/data/TID2013/distorted_images/i10_04_3.bmp,5.15789,10,4,3,20.267263412475586,0.033242071000131546
i10_04_4.bmp,/kaggle/working/MDFS/data/TID2013/distorted_images/i10_04_4.bmp,4.76923,10,4,4,22.049076080322266,0.03275278999990405
i10_04_5.bmp,/kaggle/working/MDFS/data/TID2013/distorted_images/i10_04_5.bmp,4.23077,10,4,5,24.736679077148438,0.03395582499979355
i10_05_1.bmp,/kaggle/working/MDFS/data/TID2013/distorted_images/i10_05_1.bmp,6.05128,10,5,1,19.196157455444336,0.033451444000093034
i10_05_2.bmp,/kaggle/working/MDFS/data/TID2013/distorted_images/i10_05_2.bmp,5.79487,10,5,2,20.02341651916504,0.03291905200012479
i10_05_3.bmp,/kaggle/working/MDFS/data/TID2013/distorted_images/i10_05_3.bmp,5.17949,10,5,3,23.422807693481445,0.034107095999843295
i10_05_4.bmp,/kaggle/working/MDFS/data/TID2013/distorted_images/i10_05_4.bmp,4.39474,10,5,4,29.475017547607422,0.03330438100010724
i10_05_5.bmp,/kaggle/working/MDFS/data/TID2013/distorted_images/i10_05_5.bmp,3.34211,10,5,5,38.49736785888672,0.03330091999987417
i10_06_1.bmp,/kaggle/working/MDFS/data/TID2013/distorted_images/i10_06_1.bmp,5.15789,10,6,1,18.613296508789062,0.03446001900010742
i10_06_2.bmp,/kaggle/working/MDFS/data/TID2013/distorted_images/i10_06_2.bmp,4.64865,10,6,2,19.033580780029297,0.03310533100011526
i10_06_3.bmp,/kaggle/working/MDFS/data/TID2013/distorted_images/i10_06_3.bmp,4.57895,10,6,3,19.777812957763672,0.03283005000002959
i10_06_4.bmp,/kaggle/working/MDFS/data/TID2013/distorted_images/i10_06_4.bmp,3.84211,10,6,4,22.606691360473633,0.033986087999892334
i10_06_5.bmp,/kaggle/working/MDFS/data/TID2013/distorted_images/i10_06_5.bmp,3.40541,10,6,5,26.65009307861328,0.03292880800017883
i10_07_1.bmp,/kaggle/working/MDFS/data/TID2013/distorted_images/i10_07_1.bmp,5.54054,10,7,1,18.34075164794922,0.03345187700006136
i10_07_2.bmp,/kaggle/working/MDFS/data/TID2013/distorted_images/i10_07_2.bmp,5.02564,10,7,2,18.919334411621094,0.03446139400011816
i10_07_3.bmp,/kaggle/working/MDFS/data/TID2013/distorted_images/i10_07_3.bmp,4.46154,10,7,3,21.179471969604492,0.03362580799966963
i10_07_4.bmp,/kaggle/working/MDFS/data/TID2013/distorted_images/i10_07_4.bmp,4.0,10,7,4,23.4014835357666,0.03280292499994175
i10_07_5.bmp,/kaggle/working/MDFS/data/TID2013/distorted_images/i10_07_5.bmp,3.05263,10,7,5,25.469770431518555,0.03399393700010478
i10_08_1.bmp,/kaggle/working/MDFS/data/TID2013/distorted_images/i10_08_1.bmp,5.97368,10,8,1,18.073490142822266,0.03389053099999728
i10_08_2.bmp,/kaggle/working/MDFS/data/TID2013/distorted_images/i10_08_2.bmp,5.30769,10,8,2,18.824146270751953,0.03363448000027347
i10_08_3.bmp,/kaggle/working/MDFS/data/TID2013/distorted_images/i10_08_3.bmp,4.35135,10,8,3,21.01488494873047,0.03426340399983019
i10_08_4.bmp,/kaggle/working/MDFS/data/TID2013/distorted_images/i10_08_4.bmp,3.5,10,8,4,27.34092140197754,0.03376268100009838
i10_08_5.bmp,/kaggle/working/MDFS/data/TID2013/distorted_images/i10_08_5.bmp,2.78947,10,8,5,33.0504264831543,0.033329589999993914
i10_09_1.bmp,/kaggle/working/MDFS/data/TID2013/distorted_images/i10_09_1.bmp,5.97436,10,9,1,18.13857078552246,0.034103914000297664
i10_09_2.bmp,/kaggle/working/MDFS/data/TID2013/distorted_images/i10_09_2.bmp,5.69231,10,9,2,18.593669891357422,0.033826690999831044
i10_09_3.bmp,/kaggle/working/MDFS/data/TID2013/distorted_images/i10_09_3.bmp,5.17949,10,9,3,20.050458908081055,0.033205806000296434
i10_09_4.bmp,/kaggle/working/MDFS/data/TID2013/distorted_images/i10_09_4.bmp,3.81579,10,9,4,23.858705520629883,0.033951982999951724
i10_09_5.bmp,/kaggle/working/MDFS/data/TID2013/distorted_images/i10_09_5.bmp,2.28205,10,9,5,30.802413940429688,0.033545533000051364
i10_10_1.bmp,/kaggle/working/MDFS/data/TID2013/distorted_images/i10_10_1.bmp,5.86842,10,10,1,18.411659240722656,0.03271723599982579
i10_10_2.bmp,/kaggle/working/MDFS/data/TID2013/distorted_images/i10_10_2.bmp,5.81579,10,10,2,18.87939453125,0.03411226900016118
i10_10_3.bmp,/kaggle/working/MDFS/data/TID2013/distorted_images/i10_10_3.bmp,5.20513,10,10,3,22.329803466796875,0.03397922000021936
i10_10_4.bmp,/kaggle/working/MDFS/data/TID2013/distorted_images/i10_10_4.bmp,3.64103,10,10,4,28.5632266998291,0.03393031699988569
i10_10_5.bmp,/kaggle/working/MDFS/data/TID2013/distorted_images/i10_10_5.bmp,2.4359,10,10,5,34.58058166503906,0.0337756270000682
I10_11_1.BMP,/kaggle/working/MDFS/data/TID2013/distorted_images/I10_11_1.BMP,5.15385,10,11,1,21.247386932373047,0.033682054999644606
i10_11_2.bmp,/kaggle/working/MDFS/data/TID2013/distorted_images/i10_11_2.bmp,4.46154,10,11,2,24.501789093017578,0.03277721099993869
i10_11_3.bmp,/kaggle/working/MDFS/data/TID2013/distorted_images/i10_11_3.bmp,3.61538,10,11,3,29.98417091369629,0.03354449199969167
i10_11_4.bmp,/kaggle/working/MDFS/data/TID2013/distorted_images/i10_11_4.bmp,2.18421,10,11,4,37.328521728515625,0.033492066000235354
i10_11_5.bmp,/kaggle/working/MDFS/data/TID2013/distorted_images/i10_11_5.bmp,1.23684,10,11,5,42.3421745300293,0.03278016300009767
i10_12_1.bmp,/kaggle/working/MDFS/data/TID2013/distorted_images/i10_12_1.bmp,4.76923,10,12,1,18.303258895874023,0.0334832649996315
i10_12_2.bmp,/kaggle/working/MDFS/data/TID2013/distorted_images/i10_12_2.bmp,5.84211,10,12,2,18.15265464782715,0.03341004999992947
i10_12_3.bmp,/kaggle/working/MDFS/data/TID2013/distorted_images/i10_12_3.bmp,4.92308,10,12,3,18.350515365600586,0.03259060699974725
i10_12_4.bmp,/kaggle/working/MDFS/data/TID2013/distorted_images/i10_12_4.bmp,4.05263,10,12,4,18.85188865661621,0.03372305199991388
i10_12_5.bmp,/kaggle/working/MDFS/data/TID2013/distorted_images/i10_12_5.bmp,2.68421,10,12,5,19.06944465637207,0.03353770900002928
I10_13_1.BMP,/kaggle/working/MDFS/data/TID2013/distorted_images/I10_13_1.BMP,5.78947,10,13,1,17.87203025817871,0.03287661300009859
i10_13_2.bmp,/kaggle/working/MDFS/data/TID2013/distorted_images/i10_13_2.bmp,3.92105,10,13,2,18.08632469177246,0.03374267599974701
i10_13_3.bmp,/kaggle/working/MDFS/data/TID2013/distorted_images/i10_13_3.bmp,3.42105,10,13,3,19.487150192260742,0.03344230199991216
i10_13_4.bmp,/kaggle/working/MDFS/data/TID2013/distorted_images/i10_13_4.bmp,2.68421,10,13,4,21.35089874267578,0.03290255599995362
i10_13_5.bmp,/kaggle/working/MDFS/data/TID2013/distorted_images/i10_13_5.bmp,2.89744,10,13,5,24.425546646118164,0.03443172400011463
i10_14_1.bmp,/kaggle/working/MDFS/data/TID2013/distorted_images/i10_14_1.bmp,5.82051,10,14,1,17.818178176879883,0.033395200000086334
i10_14_2.bmp,/kaggle/working/MDFS/data/TID2013/distorted_images/i10_14_2.bmp,6.15385,10,14,2,17.863801956176758,0.03300052799977493
i10_14_3.bmp,/kaggle/working/MDFS/data/TID2013/distorted_images/i10_14_3.bmp,5.55263,10,14,3,17.783599853515625,0.03440285099986795
i10_14_4.bmp,/kaggle/working/MDFS/data/TID2013/distorted_images/i10_14_4.bmp,4.27027,10,14,4,17.803098678588867,0.03345970700001999
i10_14_5.bmp,/kaggle/working/MDFS/data/TID2013/distorted_images/i10_14_5.bmp,3.84211,10,14,5,17.920915603637695,0.03301736699995672
i10_15_1.bmp,/kaggle/working/MDFS/data/TID2013/distorted_images/i10_15_1.bmp,3.07895,10,15,1,18.71748161315918,0.033909017000041786
i10_15_2.bmp,/kaggle/working/MDFS/data/TID2013/distorted_images/i10_15_2.bmp,3.23077,10,15,2,18.51529884338379,0.033010229999945295
i10_15_3.bmp,/kaggle/working/MDFS/data/TID2013/distorted_images/i10_15_3.bmp,3.61538,10,15,3,18.28749656677246,0.03305389800016201
i10_15_4.bmp,/kaggle/working/MDFS/data/TID2013/distorted_images/i10_15_4.bmp,3.36842,10,15,4,18.016437530517578,0.03435872600039147
i10_15_5.bmp,/kaggle/working/MDFS/data/TID2013/distorted_images/i10_15_5.bmp,4.17949,10,15,5,17.915388107299805,0.033475479999651725
i10_16_1.bmp,/kaggle/working/MDFS/data/TID2013/distorted_images/i10_16_1.bmp,6.12821,10,16,1,17.895767211914062,0.03338189099986266
i10_16_2.bmp,/kaggle/working/MDFS/data/TID2013/distorted_images/i10_16_2.bmp,6.10256,10,16,2,17.97450065612793,0.03395573700026944
i10_16_3.bmp,/kaggle/working/MDFS/data/TID2013/distorted_images/i10_16_3.bmp,6.02564,10,16,3,17.924245834350586,0.032832055000199034
i10_16_4.bmp,/kaggle/working/MDFS/data/TID2013/distorted_images/i10_16_4.bmp,5.57895,10,16,4,18.07513427734375,0.033455768000294483
i10_16_5.bmp,/kaggle/working/MDFS/data/TID2013/distorted_images/i10_16_5.bmp,5.12821,10,16,5,18.231107711791992,0.03418596500023341
i10_17_1.bmp,/kaggle/working/MDFS/data/TID2013/distorted_images/i10_17_1.bmp,5.71053,10,17,1,17.996721267700195,0.032749268999850756
i10_17_2.bmp,/kaggle/working/MDFS/data/TID2013/distorted_images/i10_17_2.bmp,6.58974,10,17,2,17.970355987548828,0.03321297900038189
i10_17_3.bmp,/kaggle/working/MDFS/data/TID2013/distorted_images/i10_17_3.bmp,4.56757,10,17,3,18.395687103271484,0.033685375999993994
i10_17_4.bmp,/kaggle/working/MDFS/data/TID2013/distorted_images/i10_17_4.bmp,6.5641,10,17,4,18.209060668945312,0.03284210500032714
i10_17_5.bmp,/kaggle/working/MDFS/data/TID2013/distorted_images/i10_17_5.bmp,3.69231,10,17,5,19.78499984741211,0.033286320000115666
i10_18_1.bmp,/kaggle/working/MDFS/data/TID2013/distorted_images/i10_18_1.bmp,4.51282,10,18,1,19.174837112426758,0.033660904000043956
i10_18_2.bmp,/kaggle/working/MDFS/data/TID2013/distorted_images/i10_18_2.bmp,4.07692,10,18,2,19.53754997253418,0.0329872939996676
i10_18_3.bmp,/kaggle/working/MDFS/data/TID2013/distorted_images/i10_18_3.bmp,3.82051,10,18,3,19.437108993530273,0.033272291000230325
i10_18_4.bmp,/kaggle/working/MDFS/data/TID2013/distorted_images/i10_18_4.bmp,3.63158,10,18,4,18.40959358215332,0.03329435300020123
i10_18_5.bmp,/kaggle/working/MDFS/data/TID2013/distorted_images/i10_18_5.bmp,3.31579,10,18,5,18.32916831970215,0.03289190500026962
i10_19_1.bmp,/kaggle/working/MDFS/data/TID2013/distorted_images/i10_19_1.bmp,5.57895,10,19,1,18.5247745513916,0.03326348400014467
i10_19_2.bmp,/kaggle/working/MDFS/data/TID2013/distorted_images/i10_19_2.bmp,5.42105,10,19,2,19.83481788635254,0.03296575700005633
i10_19_3.bmp,/kaggle/working/MDFS/data/TID2013/distorted_images/i10_19_3.bmp,4.67568,10,19,3,21.331254959106445,0.032839585000147054
i10_19_4.bmp,/kaggle/working/MDFS/data/TID2013/distorted_images/i10_19_4.bmp,4.21622,10,19,4,22.462663650512695,0.033972161000292544
i10_19_5.bmp,/kaggle/working/MDFS/data/TID2013/distorted_images/i10_19_5.bmp,3.87179,10,19,5,23.536697387695312,0.03279801300004692
i10_20_1.bmp,/kaggle/working/MDFS/data/TID2013/distorted_images/i10_20_1.bmp,5.84615,10,20,1,18.33076286315918,0.033139610000034736
i10_20_2.bmp,/kaggle/working/MDFS/data/TID2013/distorted_images/i10_20_2.bmp,5.38462,10,20,2,18.628257751464844,0.034012300000085816
i10_20_3.bmp,/kaggle/working/MDFS/data/TID2013/distorted_images/i10_20_3.bmp,4.4359,10,20,3,18.761655807495117,0.03273293799975363
i10_20_4.bmp,/kaggle/working/MDFS/data/TID2013/distorted_images/i10_20_4.bmp,3.57895,10,20,4,18.58119773864746,0.032990532999974675
i10_20_5.bmp,/kaggle/working/MDFS/data/TID2013/distorted_images/i10_20_5.bmp,2.86486,10,20,5,18.67749786376953,0.03438329399978102
i10_21_1.bmp,/kaggle/working/MDFS/data/TID2013/distorted_images/i10_21_1.bmp,5.5,10,21,1,18.38796615600586,0.032751608000126
i10_21_2.bmp,/kaggle/working/MDFS/data/TID2013/distorted_images/i10_21_2.bmp,5.17949,10,21,2,19.08722496032715,0.032925532999797724
i10_21_3.bmp,/kaggle/working/MDFS/data/TID2013/distorted_images/i10_21_3.bmp,4.25641,10,21,3,20.269412994384766,0.033565997000096104
i10_21_4.bmp,/kaggle/working/MDFS/data/TID2013/distorted_images/i10_21_4.bmp,3.76923,10,21,4,22.625354766845703,0.0324614589999328
i10_21_5.bmp,/kaggle/working/MDFS/data/TID2013/distorted_images/i10_21_5.bmp,2.51282,10,21,5,26.810863494873047,0.03347623099989505
i10_22_1.bmp,/kaggle/working/MDFS/data/TID2013/distorted_images/i10_22_1.bmp,5.97368,10,22,1,18.533414840698242,0.03320959299981041
i10_22_2.bmp,/kaggle/working/MDFS/data/TID2013/distorted_images/i10_22_2.bmp,4.87179,10,22,2,19.339860916137695,0.032414051000159816
i10_22_3.bmp,/kaggle/working/MDFS/data/TID2013/distorted_images/i10_22_3.bmp,4.48649,10,22,3,20.556093215942383,0.03382733700027529
i10_22_4.bmp,/kaggle/working/MDFS/data/TID2013/distorted_images/i10_22_4.bmp,4.02778,10,22,4,22.42677879333496,0.03342601099984677
i10_22_5.bmp,/kaggle/working/MDFS/data/TID2013/distorted_images/i10_22_5.bmp,3.25641,10,22,5,24.58357048034668,0.03302540599997883
i10_23_1.bmp,/kaggle/working/MDFS/data/TID2013/distorted_images/i10_23_1.bmp,6.15385,10,23,1,18.556652069091797,0.03392921700014995
i10_23_2.bmp,/kaggle/working/MDFS/data/TID2013/distorted_images/i10_23_2.bmp,5.94872,10,23,2,19.66193389892578,0.033685923000120965
i10_23_3.bmp,/kaggle/working/MDFS/data/TID2013/distorted_images/i10_23_3.bmp,4.55263,10,23,3,21.4804630279541,0.033160284999667056
i10_23_4.bmp,/kaggle/working/MDFS/data/TID2013/distorted_images/i10_23_4.bmp,2.60526,10,23,4,27.39605712890625,0.033622755000124016
i10_23_5.bmp,/kaggle/working/MDFS/data/TID2013/distorted_images/i10_23_5.bmp,1.44737,10,23,5,33.9520263671875,0.03365045300006386
i10_24_1.bmp,/kaggle/working/MDFS/data/TID2013/distorted_images/i10_24_1.bmp,5.46154,10,24,1,19.879493713378906,0.03263225999990027
i10_24_2.bmp,/kaggle/working/MDFS/data/TID2013/distorted_images/i10_24_2.bmp,4.78947,10,24,2,22.11141014099121,0.03410591200008639
i10_24_3.bmp,/kaggle/working/MDFS/data/TID2013/distorted_images/i10_24_3.bmp,3.51282,10,24,3,25.69307518005371,0.03394019000006665
i10_24_4.bmp,/kaggle/working/MDFS/data/TID2013/distorted_images/i10_24_4.bmp,1.86486,10,24,4,29.407962799072266,0.03281225799992171
i10_24_5.bmp,/kaggle/working/MDFS/data/TID2013/distorted_images/i10_24_5.bmp,0.36842,10,24,5,37.217384338378906,0.03335782999965886
I11_01_1.bmp,/kaggle/working/MDFS/data/TID2013/distorted_images/I11_01_1.bmp,5.54054,11,1,1,18.235567092895508,0.033676003999971726
i11_01_2.bmp,/kaggle/working/MDFS/data/TID2013/distorted_images/i11_01_2.bmp,5.16216,11,1,2,18.68329429626465,0.03278968899985557
i11_01_3.bmp,/kaggle/working/MDFS/data/TID2013/distorted_images/i11_01_3.bmp,5.35135,11,1,3,19.71593475341797,0.03405180099980498
i11_01_4.bmp,/kaggle/working/MDFS/data/TID2013/distorted_images/i11_01_4.bmp,4.28571,11,1,4,21.171541213989258,0.03378722800016476
i11_01_5.bmp,/kaggle/working/MDFS/data/TID2013/distorted_images/i11_01_5.bmp,3.86111,11,1,5,23.777450561523438,0.03296471699968606
i11_02_1.bmp,/kaggle/working/MDFS/data/TID2013/distorted_images/i11_02_1.bmp,5.55556,11,2,1,18.00453758239746,0.033942140999897674
i11_02_2.bmp,/kaggle/working/MDFS/data/TID2013/distorted_images/i11_02_2.bmp,5.88571,11,2,2,18.356897354125977,0.03388544999961596
i11_02_3.bmp,/kaggle/working/MDFS/data/TID2013/distorted_images/i11_02_3.bmp,5.44444,11,2,3,18.999229431152344,0.03278851899995061
i11_02_4.bmp,/kaggle/working/MDFS/data/TID2013/distorted_images/i11_02_4.bmp,5.19444,11,2,4,19.888612747192383,0.03393085500010784
i11_02_5.bmp,/kaggle/working/MDFS/data/TID2013/distorted_images/i11_02_5.bmp,4.75,11,2,5,21.331342697143555,0.03325943099980577
i11_03_1.bmp,/kaggle/working/MDFS/data/TID2013/distorted_images/i11_03_1.bmp,5.0,11,3,1,18.193187713623047,0.0330087040001672
i11_03_2.bmp,/kaggle/working/MDFS/data/TID2013/distorted_images/i11_03_2.bmp,4.43243,11,3,2,18.774503707885742,0.03406286200015529
i11_03_3.bmp,/kaggle/working/MDFS/data/TID2013/distorted_images/i11_03_3.bmp,3.82857,11,3,3,19.83542251586914,0.03307860899985826
i11_03_4.bmp,/kaggle/working/MDFS/data/TID2013/distorted_images/i11_03_4.bmp,3.27027,11,3,4,21.151424407958984,0.032630675000291376
i11_03_5.bmp,/kaggle/working/MDFS/data/TID2013/distorted_images/i11_03_5.bmp,2.91667,11,3,5,23.383319854736328,0.03391784200039183
i11_04_1.bmp,/kaggle/working/MDFS/data/TID2013/distorted_images/i11_04_1.bmp,5.47059,11,4,1,18.068010330200195,0.03300200300009237
i11_04_2.bmp,/kaggle/working/MDFS/data/TID2013/distorted_images/i11_04_2.bmp,5.62162,11,4,2,18.449989318847656,0.03301396699998804
i11_04_3.bmp,/kaggle/working/MDFS/data/TID2013/distorted_images/i11_04_3.bmp,5.28571,11,4,3,19.18230628967285,0.034106954999970185
i11_04_4.bmp,/kaggle/working/MDFS/data/TID2013/distorted_images/i11_04_4.bmp,5.19444,11,4,4,20.415313720703125,0.033098801000051026
i11_04_5.bmp,/kaggle/working/MDFS/data/TID2013/distorted_images/i11_04_5.bmp,4.67568,11,4,5,22.48727798461914,0.03303325699971538
i11_05_1.bmp,/kaggle/working/MDFS/data/TID2013/distorted_images/i11_05_1.bmp,6.02703,11,5,1,18.434249877929688,0.034121080999739206
i11_05_2.bmp,/kaggle/working/MDFS/data/TID2013/distorted_images/i11_05_2.bmp,5.80556,11,5,2,19.060466766357422,0.033003724000082
i11_05_3.bmp,/kaggle/working/MDFS/data/TID2013/distorted_images/i11_05_3.bmp,5.2973,11,5,3,21.4942626953125,0.03304449100005513
i11_05_4.bmp,/kaggle/working/MDFS/data/TID2013/distorted_images/i11_05_4.bmp,4.19444,11,5,4,26.6501407623291,0.03368039299994052
i11_05_5.bmp,/kaggle/working/MDFS/data/TID2013/distorted_images/i11_05_5.bmp,3.05556,11,5,5,35.38374710083008,0.03258038299964028
i11_06_1.bmp,/kaggle/working/MDFS/data/TID2013/distorted_images/i11_06_1.bmp,4.69444,11,6,1,17.740947723388672,0.03328217899979791
i11_06_2.bmp,/kaggle/working/MDFS/data/TID2013/distorted_images/i11_06_2.bmp,4.38889,11,6,2,18.302743911743164,0.033370440999988205
i11_06_3.bmp,/kaggle/working/MDFS/data/TID2013/distorted_images/i11_06_3.bmp,3.97297,11,6,3,19.133554458618164,0.03241992399989613
i11_06_4.bmp,/kaggle/working/MDFS/data/TID2013/distorted_images/i11_06_4.bmp,3.54054,11,6,4,21.10091209411621,0.033514835000005405
i11_06_5.bmp,/kaggle/working/MDFS/data/TID2013/distorted_images/i11_06_5.bmp,3.02857,11,6,5,24.48055076599121,0.03347853800005396
i11_07_1.bmp,/kaggle/working/MDFS/data/TID2013/distorted_images/i11_07_1.bmp,5.56757,11,7,1,17.398042678833008,0.032813256999816076
i11_07_2.bmp,/kaggle/working/MDFS/data/TID2013/distorted_images/i11_07_2.bmp,4.8,11,7,2,17.777891159057617,0.033743770999990375
i11_07_3.bmp,/kaggle/working/MDFS/data/TID2013/distorted_images/i11_07_3.bmp,4.52778,11,7,3,19.069339752197266,0.03332700200007821
i11_07_4.bmp,/kaggle/working/MDFS/data/TID2013/distorted_images/i11_07_4.bmp,3.94118,11,7,4,21.481107711791992,0.032789730000331474
i11_07_5.bmp,/kaggle/working/MDFS/data/TID2013/distorted_images/i11_07_5.bmp,2.75676,11,7,5,23.381248474121094,0.033768063000024995
i11_08_1.bmp,/kaggle/working/MDFS/data/TID2013/distorted_images/i11_08_1.bmp,4.94286,11,8,1,17.02055549621582,0.03303688500000135
i11_08_2.bmp,/kaggle/working/MDFS/data/TID2013/distorted_images/i11_08_2.bmp,4.57143,11,8,2,17.94486427307129,0.032583489999979065
i11_08_3.bmp,/kaggle/working/MDFS/data/TID2013/distorted_images/i11_08_3.bmp,3.75676,11,8,3,21.02680778503418,0.03386165500023708
i11_08_4.bmp,/kaggle/working/MDFS/data/TID2013/distorted_images/i11_08_4.bmp,2.85714,11,8,4,27.455190658569336,0.03277670499983287
i11_08_5.bmp,/kaggle/working/MDFS/data/TID2013/distorted_images/i11_08_5.bmp,2.33333,11,8,5,32.44198226928711,0.03270054899985553
i11_09_1.bmp,/kaggle/working/MDFS/data/TID2013/distorted_images/i11_09_1.bmp,5.81081,11,9,1,17.263399124145508,0.034278561000064656
i11_09_2.bmp,/kaggle/working/MDFS/data/TID2013/distorted_images/i11_09_2.bmp,5.86486,11,9,2,17.648221969604492,0.032852253999863024
i11_09_3.bmp,/kaggle/working/MDFS/data/TID2013/distorted_images/i11_09_3.bmp,4.66667,11,9,3,18.3255672454834,0.0326922259996536
i11_09_4.bmp,/kaggle/working/MDFS/data/TID2013/distorted_images/i11_09_4.bmp,3.33333,11,9,4,21.3612003326416,0.03392935800002306
i11_09_5.bmp,/kaggle/working/MDFS/data/TID2013/distorted_images/i11_09_5.bmp,1.97222,11,9,5,30.346406936645508,0.03242548700018233
i11_10_1.bmp,/kaggle/working/MDFS/data/TID2013/distorted_images/i11_10_1.bmp,5.81081,11,10,1,18.202220916748047,0.0332680229998914
i11_10_2.bmp,/kaggle/working/MDFS/data/TID2013/distorted_images/i11_10_2.bmp,5.64865,11,10,2,18.659992218017578,0.03360761000021739
i11_10_3.bmp,/kaggle/working/MDFS/data/TID2013/distorted_images/i11_10_3.bmp,5.02778,11,10,3,21.197921752929688,0.03253586600021663
i11_10_4.bmp,/kaggle/working/MDFS/data/TID2013/distorted_images/i11_10_4.bmp,3.48649,11,10,4,27.61347007751465,0.033050468000055844
i11_10_5.bmp,/kaggle/working/MDFS/data/TID2013/distorted_images/i11_10_5.bmp,2.27027,11,10,5,31.95994758605957,0.03311810900004275
I11_11_1.BMP,/kaggle/working/MDFS/data/TID2013/distorted_images/I11_11_1.BMP,5.86111,11,11,1,18.754310607910156,0.0332781869997234
i11_11_2.bmp,/kaggle/working/MDFS/data/TID2013/distorted_images/i11_11_2.bmp,5.42857,11,11,2,20.940227508544922,0.0338771260003341
i11_11_3.bmp,/kaggle/working/MDFS/data/TID2013/distorted_images/i11_11_3.bmp,4.47222,11,11,3,25.401653289794922,0.03303215599999021
i11_11_4.bmp,/kaggle/working/MDFS/data/TID2013/distorted_images/i11_11_4.bmp,2.91429,11,11,4,30.76484489440918,0.032574492999629
i11_11_5.bmp,/kaggle/working/MDFS/data/TID2013/distorted_images/i11_11_5.bmp,0.97222,11,11,5,38.07741928100586,0.033641103000263683
i11_12_1.bmp,/kaggle/working/MDFS/data/TID2013/distorted_images/i11_12_1.bmp,5.61111,11,12,1,17.34773063659668,0.03311587600001076
i11_12_2.bmp,/kaggle/working/MDFS/data/TID2013/distorted_images/i11_12_2.bmp,5.97222,11,12,2,17.38477897644043,0.03250219500023377
i11_12_3.bmp,/kaggle/working/MDFS/data/TID2013/distorted_images/i11_12_3.bmp,4.62162,11,12,3,17.354867935180664,0.03375516999994943
i11_12_4.bmp,/kaggle/working/MDFS/data/TID2013/distorted_images/i11_12_4.bmp,3.77778,11,12,4,17.70134162902832,0.03277703899993867
i11_12_5.bmp,/kaggle/working/MDFS/data/TID2013/distorted_images/i11_12_5.bmp,2.02778,11,12,5,19.07832145690918,0.03284878200020103
I11_13_1.BMP,/kaggle/working/MDFS/data/TID2013/distorted_images/I11_13_1.BMP,4.08333,11,13,1,17.531116485595703,0.03367003699986526
i11_13_2.bmp,/kaggle/working/MDFS/data/TID2013/distorted_images/i11_13_2.bmp,4.54054,11,13,2,19.351430892944336,0.03264190100026099
i11_13_3.bmp,/kaggle/working/MDFS/data/TID2013/distorted_images/i11_13_3.bmp,3.25,11,13,3,19.345184326171875,0.033232277000024624
i11_13_4.bmp,/kaggle/working/MDFS/data/TID2013/distorted_images/i11_13_4.bmp,2.75,11,13,4,19.759408950805664,0.03358116900017194
i11_13_5.bmp,/kaggle/working/MDFS/data/TID2013/distorted_images/i11_13_5.bmp,2.27778,11,13,5,19.551748275756836,0.03281752700013385
i11_14_1.bmp,/kaggle/working/MDFS/data/TID2013/distorted_images/i11_14_1.bmp,5.83333,11,14,1,17.2957706451416,0.0337728090003111
i11_14_2.bmp,/kaggle/working/MDFS/data/TID2013/distorted_images/i11_14_2.bmp,5.45714,11,14,2,17.285888671875,0.03386610200004725
i11_14_3.bmp,/kaggle/working/MDFS/data/TID2013/distorted_images/i11_14_3.bmp,5.2973,11,14,3,17.237302780151367,0.032803411000259075
i11_14_4.bmp,/kaggle/working/MDFS/data/TID2013/distorted_images/i11_14_4.bmp,5.16667,11,14,4,17.135223388671875,0.033219758000086586
i11_14_5.bmp,/kaggle/working/MDFS/data/TID2013/distorted_images/i11_14_5.bmp,4.38889,11,14,5,17.211822509765625,0.03305045399974915
i11_15_1.bmp,/kaggle/working/MDFS/data/TID2013/distorted_images/i11_15_1.bmp,3.18919,11,15,1,17.67032814025879,0.03258281000034913
i11_15_2.bmp,/kaggle/working/MDFS/data/TID2013/distorted_images/i11_15_2.bmp,3.38889,11,15,2,17.409292221069336,0.03385848200014152
i11_15_3.bmp,/kaggle/working/MDFS/data/TID2013/distorted_images/i11_15_3.bmp,3.5,11,15,3,17.31226921081543,0.03362177899998642
i11_15_4.bmp,/kaggle/working/MDFS/data/TID2013/distorted_images/i11_15_4.bmp,3.67568,11,15,4,17.24114990234375,0.032875258999865764
i11_15_5.bmp,/kaggle/working/MDFS/data/TID2013/distorted_images/i11_15_5.bmp,3.5,11,15,5,17.26772689819336,0.03379846899997574
i11_16_1.bmp,/kaggle/working/MDFS/data/TID2013/distorted_images/i11_16_1.bmp,6.10811,11,16,1,17.273319244384766,0.032656697999755124
i11_16_2.bmp,/kaggle/working/MDFS/data/TID2013/distorted_images/i11_16_2.bmp,5.91892,11,16,2,17.379947662353516,0.03297415099996215
i11_16_3.bmp,/kaggle/working/MDFS/data/TID2013/distorted_images/i11_16_3.bmp,5.69444,11,16,3,17.395933151245117,0.034011077000286605
i11_16_4.bmp,/kaggle/working/MDFS/data/TID2013/distorted_images/i11_16_4.bmp,4.94595,11,16,4,17.526710510253906,0.033366158999797335
i11_16_5.bmp,/kaggle/working/MDFS/data/TID2013/distorted_images/i11_16_5.bmp,4.56757,11,16,5,17.707740783691406,0.032839279000199895
i11_17_1.bmp,/kaggle/working/MDFS/data/TID2013/distorted_images/i11_17_1.bmp,5.59459,11,17,1,17.435489654541016,0.0340471089998573
i11_17_2.bmp,/kaggle/working/MDFS/data/TID2013/distorted_images/i11_17_2.bmp,6.75,11,17,2,17.31607437133789,0.03273456599981728
i11_17_3.bmp,/kaggle/working/MDFS/data/TID2013/distorted_images/i11_17_3.bmp,4.34286,11,17,3,17.665149688720703,0.032892356000047585
i11_17_4.bmp,/kaggle/working/MDFS/data/TID2013/distorted_images/i11_17_4.bmp,6.83784,11,17,4,17.561811447143555,0.03365552800005389
i11_17_5.bmp,/kaggle/working/MDFS/data/TID2013/distorted_images/i11_17_5.bmp,3.21622,11,17,5,18.360279083251953,0.04373590599971067
i11_18_1.bmp,/kaggle/working/MDFS/data/TID2013/distorted_images/i11_18_1.bmp,4.55556,11,18,1,17.57150650024414,0.036611451000226225
i11_18_2.bmp,/kaggle/working/MDFS/data/TID2013/distorted_images/i11_18_2.bmp,4.27027,11,18,2,18.36115837097168,0.031045187000017904
i11_18_3.bmp,/kaggle/working/MDFS/data/TID2013/distorted_images/i11_18_3.bmp,3.58333,11,18,3,19.08519744873047,0.03342245300018476
i11_18_4.bmp,/kaggle/working/MDFS/data/TID2013/distorted_images/i11_18_4.bmp,3.44118,11,18,4,21.113300323486328,0.03295751699988614
i11_18_5.bmp,/kaggle/working/MDFS/data/TID2013/distorted_images/i11_18_5.bmp,3.51351,11,18,5,18.43720054626465,0.032642721999764035
i11_19_1.bmp,/kaggle/working/MDFS/data/TID2013/distorted_images/i11_19_1.bmp,5.64865,11,19,1,17.74163818359375,0.03352038299999549
i11_19_2.bmp,/kaggle/working/MDFS/data/TID2013/distorted_images/i11_19_2.bmp,5.11111,11,19,2,18.103960037231445,0.032645756999954756
i11_19_3.bmp,/kaggle/working/MDFS/data/TID2013/distorted_images/i11_19_3.bmp,4.64865,11,19,3,18.96504020690918,0.03269393500022488
i11_19_4.bmp,/kaggle/working/MDFS/data/TID2013/distorted_images/i11_19_4.bmp,3.97143,11,19,4,20.120206832885742,0.03382152499989388
i11_19_5.bmp,/kaggle/working/MDFS/data/TID2013/distorted_images/i11_19_5.bmp,3.62162,11,19,5,22.396377563476562,0.03236404200015386
i11_20_1.bmp,/kaggle/working/MDFS/data/TID2013/distorted_images/i11_20_1.bmp,6.02857,11,20,1,18.053112030029297,0.03251572099998157
i11_20_2.bmp,/kaggle/working/MDFS/data/TID2013/distorted_images/i11_20_2.bmp,5.59459,11,20,2,18.222673416137695,0.03328305000013643
i11_20_3.bmp,/kaggle/working/MDFS/data/TID2013/distorted_images/i11_20_3.bmp,5.35135,11,20,3,18.48325538635254,0.03249193800002104
i11_20_4.bmp,/kaggle/working/MDFS/data/TID2013/distorted_images/i11_20_4.bmp,4.88889,11,20,4,19.196455001831055,0.033128116999705526
i11_20_5.bmp,/kaggle/working/MDFS/data/TID2013/distorted_images/i11_20_5.bmp,3.63889,11,20,5,19.03784942626953,0.03286309699979029
i11_21_1.bmp,/kaggle/working/MDFS/data/TID2013/distorted_images/i11_21_1.bmp,5.7027,11,21,1,18.06675910949707,0.03254418100004841
i11_21_2.bmp,/kaggle/working/MDFS/data/TID2013/distorted_images/i11_21_2.bmp,5.41667,11,21,2,18.412010192871094,0.03387044999999489
i11_21_3.bmp,/kaggle/working/MDFS/data/TID2013/distorted_images/i11_21_3.bmp,4.40541,11,21,3,19.012001037597656,0.03275118100009422
i11_21_4.bmp,/kaggle/working/MDFS/data/TID2013/distorted_images/i11_21_4.bmp,3.86111,11,21,4,19.940872192382812,0.03250682899988533
i11_21_5.bmp,/kaggle/working/MDFS/data/TID2013/distorted_images/i11_21_5.bmp,2.64865,11,21,5,22.766584396362305,0.03359042200008844
i11_22_1.bmp,/kaggle/working/MDFS/data/TID2013/distorted_images/i11_22_1.bmp,5.56757,11,22,1,18.084144592285156,0.032494052999936685
i11_22_2.bmp,/kaggle/working/MDFS/data/TID2013/distorted_images/i11_22_2.bmp,5.40541,11,22,2,18.518959045410156,0.03286990700007664
i11_22_3.bmp,/kaggle/working/MDFS/data/TID2013/distorted_images/i11_22_3.bmp,4.89189,11,22,3,19.77397346496582,0.033060278999982984
i11_22_4.bmp,/kaggle/working/MDFS/data/TID2013/distorted_images/i11_22_4.bmp,3.64865,11,22,4,21.09539222717285,0.03345445100012512
i11_22_5.bmp,/kaggle/working/MDFS/data/TID2013/distorted_images/i11_22_5.bmp,2.52778,11,22,5,25.211986541748047,0.033894369000336155
i11_23_1.bmp,/kaggle/working/MDFS/data/TID2013/distorted_images/i11_23_1.bmp,5.86486,11,23,1,17.54012680053711,0.033620889999838255
i11_23_2.bmp,/kaggle/working/MDFS/data/TID2013/distorted_images/i11_23_2.bmp,5.83784,11,23,2,18.074649810791016,0.03297184000030029
i11_23_3.bmp,/kaggle/working/MDFS/data/TID2013/distorted_images/i11_23_3.bmp,5.94595,11,23,3,18.741180419921875,0.03341293499988751
i11_23_4.bmp,/kaggle/working/MDFS/data/TID2013/distorted_images/i11_23_4.bmp,5.27027,11,23,4,19.434362411499023,0.03349686399997154
i11_23_5.bmp,/kaggle/working/MDFS/data/TID2013/distorted_images/i11_23_5.bmp,2.75676,11,23,5,24.577898025512695,0.033456842999839864
i11_24_1.bmp,/kaggle/working/MDFS/data/TID2013/distorted_images/i11_24_1.bmp,5.91892,11,24,1,18.454805374145508,0.033479200000329
i11_24_2.bmp,/kaggle/working/MDFS/data/TID2013/distorted_images/i11_24_2.bmp,5.47222,11,24,2,20.018648147583008,0.03358617399999275
i11_24_3.bmp,/kaggle/working/MDFS/data/TID2013/distorted_images/i11_24_3.bmp,4.62857,11,24,3,22.5523624420166,0.032671231999756856
i11_24_4.bmp,/kaggle/working/MDFS/data/TID2013/distorted_images/i11_24_4.bmp,2.88571,11,24,4,26.518672943115234,0.03349711200007732
i11_24_5.bmp,/kaggle/working/MDFS/data/TID2013/distorted_images/i11_24_5.bmp,0.58333,11,24,5,33.32008361816406,0.032756376000179444
I12_01_1.bmp,/kaggle/working/MDFS/data/TID2013/distorted_images/I12_01_1.bmp,5.94595,12,1,1,20.233049392700195,0.0324349610000354
i12_01_2.bmp,/kaggle/working/MDFS/data/TID2013/distorted_images/i12_01_2.bmp,4.97222,12,1,2,21.107275009155273,0.033103670999935275
i12_01_3.bmp,/kaggle/working/MDFS/data/TID2013/distorted_images/i12_01_3.bmp,4.78947,12,1,3,22.6002197265625,0.03285310799992658
i12_01_4.bmp,/kaggle/working/MDFS/data/TID2013/distorted_images/i12_01_4.bmp,4.13889,12,1,4,24.867647171020508,0.0328383030000623
i12_01_5.bmp,/kaggle/working/MDFS/data/TID2013/distorted_images/i12_01_5.bmp,3.76316,12,1,5,27.721797943115234,0.033493831000214414
i12_02_1.bmp,/kaggle/working/MDFS/data/TID2013/distorted_images/i12_02_1.bmp,6.08108,12,2,1,19.411941528320312,0.032372930999827076
i12_02_2.bmp,/kaggle/working/MDFS/data/TID2013/distorted_images/i12_02_2.bmp,5.97297,12,2,2,20.191959381103516,0.032989991000249574
i12_02_3.bmp,/kaggle/working/MDFS/data/TID2013/distorted_images/i12_02_3.bmp,5.52632,12,2,3,21.295698165893555,0.0328619280003295
i12_02_4.bmp,/kaggle/working/MDFS/data/TID2013/distorted_images/i12_02_4.bmp,5.05263,12,2,4,23.00686264038086,0.03233248799961075
i12_02_5.bmp,/kaggle/working/MDFS/data/TID2013/distorted_images/i12_02_5.bmp,4.54054,12,2,5,25.326066970825195,0.03358826700014106
i12_03_1.bmp,/kaggle/working/MDFS/data/TID2013/distorted_images/i12_03_1.bmp,4.56757,12,3,1,19.665088653564453,0.032567406999987725
i12_03_2.bmp,/kaggle/working/MDFS/data/TID2013/distorted_images/i12_03_2.bmp,4.16216,12,3,2,20.500701904296875,0.032522537000204466
i12_03_3.bmp,/kaggle/working/MDFS/data/TID2013/distorted_images/i12_03_3.bmp,3.75676,12,3,3,22.053468704223633,0.033873951000259694
i12_03_4.bmp,/kaggle/working/MDFS/data/TID2013/distorted_images/i12_03_4.bmp,3.10526,12,3,4,23.807891845703125,0.03256475399984993
i12_03_5.bmp,/kaggle/working/MDFS/data/TID2013/distorted_images/i12_03_5.bmp,2.71053,12,3,5,27.777273178100586,0.03333604599993123
i12_04_1.bmp,/kaggle/working/MDFS/data/TID2013/distorted_images/i12_04_1.bmp,5.91892,12,4,1,19.193151473999023,0.03382325700022193
i12_04_2.bmp,/kaggle/working/MDFS/data/TID2013/distorted_images/i12_04_2.bmp,5.52632,12,4,2,19.872447967529297,0.03223093799988419
i12_04_3.bmp,/kaggle/working/MDFS/data/TID2013/distorted_images/i12_04_3.bmp,5.21053,12,4,3,21.041933059692383,0.033042906999980914
i12_04_4.bmp,/kaggle/working/MDFS/data/TID2013/distorted_images/i12_04_4.bmp,4.7027,12,4,4,22.753494262695312,0.03313300099989647
i12_04_5.bmp,/kaggle/working/MDFS/data/TID2013/distorted_images/i12_04_5.bmp,3.78378,12,4,5,24.905921936035156,0.03224656700012929
i12_05_1.bmp,/kaggle/working/MDFS/data/TID2013/distorted_images/i12_05_1.bmp,5.64865,12,5,1,20.33911895751953,0.033277292999628116
i12_05_2.bmp,/kaggle/working/MDFS/data/TID2013/distorted_images/i12_05_2.bmp,5.81081,12,5,2,21.444652557373047,0.03294482399996923
i12_05_3.bmp,/kaggle/working/MDFS/data/TID2013/distorted_images/i12_05_3.bmp,5.21053,12,5,3,25.35348892211914,0.032529210000120656
i12_05_4.bmp,/kaggle/working/MDFS/data/TID2013/distorted_images/i12_05_4.bmp,4.35135,12,5,4,31.34572410583496,0.03369512799963559
i12_05_5.bmp,/kaggle/working/MDFS/data/TID2013/distorted_images/i12_05_5.bmp,3.65789,12,5,5,38.210426330566406,0.03261256500036325
i12_06_1.bmp,/kaggle/working/MDFS/data/TID2013/distorted_images/i12_06_1.bmp,5.08108,12,6,1,18.55731773376465,0.03310104699994554
i12_06_2.bmp,/kaggle/working/MDFS/data/TID2013/distorted_images/i12_06_2.bmp,4.81579,12,6,2,18.914962768554688,0.03356165500008501
i12_06_3.bmp,/kaggle/working/MDFS/data/TID2013/distorted_images/i12_06_3.bmp,4.45946,12,6,3,20.042003631591797,0.03239768499997808
i12_06_4.bmp,/kaggle/working/MDFS/data/TID2013/distorted_images/i12_06_4.bmp,4.08108,12,6,4,22.167415618896484,0.03339049400028671
i12_06_5.bmp,/kaggle/working/MDFS/data/TID2013/distorted_images/i12_06_5.bmp,3.75,12,6,5,25.79294204711914,0.033737444000053074
i12_07_1.bmp,/kaggle/working/MDFS/data/TID2013/distorted_images/i12_07_1.bmp,4.69444,12,7,1,18.460628509521484,0.032229821999862907
i12_07_2.bmp,/kaggle/working/MDFS/data/TID2013/distorted_images/i12_07_2.bmp,4.39474,12,7,2,20.084354400634766,0.03334417900032349
i12_07_3.bmp,/kaggle/working/MDFS/data/TID2013/distorted_images/i12_07_3.bmp,4.18421,12,7,3,22.604549407958984,0.032847923999725026
i12_07_4.bmp,/kaggle/working/MDFS/data/TID2013/distorted_images/i12_07_4.bmp,3.18919,12,7,4,24.361066818237305,0.032298469999659574
i12_07_5.bmp,/kaggle/working/MDFS/data/TID2013/distorted_images/i12_07_5.bmp,3.02778,12,7,5,26.349803924560547,0.033324423999602004
i12_08_1.bmp,/kaggle/working/MDFS/data/TID2013/distorted_images/i12_08_1.bmp,6.18421,12,8,1,17.535255432128906,0.03231110099977741
i12_08_2.bmp,/kaggle/working/MDFS/data/TID2013/distorted_images/i12_08_2.bmp,5.47368,12,8,2,18.322725296020508,0.03292795000015758
i12_08_3.bmp,/kaggle/working/MDFS/data/TID2013/distorted_images/i12_08_3.bmp,4.52632,12,8,3,21.132535934448242,0.03363581099984003
i12_08_4.bmp,/kaggle/working/MDFS/data/TID2013/distorted_images/i12_08_4.bmp,3.60526,12,8,4,26.675710678100586,0.03248415000007299
i12_08_5.bmp,/kaggle/working/MDFS/data/TID2013/distorted_images/i12_08_5.bmp,2.77778,12,8,5,31.547344207763672,0.0331442399997286
i12_09_1.bmp,/kaggle/working/MDFS/data/TID2013/distorted_images/i12_09_1.bmp,6.31579,12,9,1,18.281723022460938,0.03330979900010789
i12_09_2.bmp,/kaggle/working/MDFS/data/TID2013/distorted_images/i12_09_2.bmp,5.52778,12,9,2,18.698713302612305,0.03233645499994964
i12_09_3.bmp,/kaggle/working/MDFS/data/TID2013/distorted_images/i12_09_3.bmp,4.73684,12,9,3,19.505746841430664,0.03306513999996241
i12_09_4.bmp,/kaggle/working/MDFS/data/TID2013/distorted_images/i12_09_4.bmp,3.43243,12,9,4,22.86786651611328,0.03299690099993313
i12_09_5.bmp,/kaggle/working/MDFS/data/TID2013/distorted_images/i12_09_5.bmp,2.25714,12,9,5,29.61138916015625,0.032267053999930795
i12_10_1.bmp,/kaggle/working/MDFS/data/TID2013/distorted_images/i12_10_1.bmp,6.08108,12,10,1,18.740680694580078,0.033579049999843846
i12_10_2.bmp,/kaggle/working/MDFS/data/TID2013/distorted_images/i12_10_2.bmp,5.89474,12,10,2,19.53062629699707,0.03240671300000031
i12_10_3.bmp,/kaggle/working/MDFS/data/TID2013/distorted_images/i12_10_3.bmp,5.10526,12,10,3,22.115461349487305,0.03260911200004557
i12_10_4.bmp,/kaggle/working/MDFS/data/TID2013/distorted_images/i12_10_4.bmp,3.10526,12,10,4,27.450925827026367,0.03330032400026539
i12_10_5.bmp,/kaggle/working/MDFS/data/TID2013/distorted_images/i12_10_5.bmp,2.23684,12,10,5,31.8983154296875,0.03234054099993955
I12_11_1.BMP,/kaggle/working/MDFS/data/TID2013/distorted_images/I12_11_1.BMP,5.40541,12,11,1,21.61097526550293,0.033009623999987525
i12_11_2.bmp,/kaggle/working/MDFS/data/TID2013/distorted_images/i12_11_2.bmp,4.67568,12,11,2,25.42949104309082,0.032652550999955565
i12_11_3.bmp,/kaggle/working/MDFS/data/TID2013/distorted_images/i12_11_3.bmp,2.77778,12,11,3,32.0614128112793,0.03274146300009306
i12_11_4.bmp,/kaggle/working/MDFS/data/TID2013/distorted_images/i12_11_4.bmp,1.94737,12,11,4,37.160179138183594,0.03338757700021233
i12_11_5.bmp,/kaggle/working/MDFS/data/TID2013/distorted_images/i12_11_5.bmp,0.81579,12,11,5,40.22370910644531,0.03267550700002175
i12_12_1.bmp,/kaggle/working/MDFS/data/TID2013/distorted_images/i12_12_1.bmp,5.5,12,12,1,18.110830307006836,0.03246629800014489
i12_12_2.bmp,/kaggle/working/MDFS/data/TID2013/distorted_images/i12_12_2.bmp,5.05263,12,12,2,18.214500427246094,0.03360052200014252
i12_12_3.bmp,/kaggle/working/MDFS/data/TID2013/distorted_images/i12_12_3.bmp,3.64865,12,12,3,18.25142478942871,0.03240678400015895
i12_12_4.bmp,/kaggle/working/MDFS/data/TID2013/distorted_images/i12_12_4.bmp,3.07895,12,12,4,18.059293746948242,0.03250998700013952
i12_12_5.bmp,/kaggle/working/MDFS/data/TID2013/distorted_images/i12_12_5.bmp,3.08108,12,12,5,19.11529541015625,0.03274512000007235
I12_13_1.BMP,/kaggle/working/MDFS/data/TID2013/distorted_images/I12_13_1.BMP,5.37838,12,13,1,19.08673095703125,0.032433127999865974
i12_13_2.bmp,/kaggle/working/MDFS/data/TID2013/distorted_images/i12_13_2.bmp,4.56757,12,13,2,18.558536529541016,0.033533546999933606
i12_13_3.bmp,/kaggle/working/MDFS/data/TID2013/distorted_images/i12_13_3.bmp,3.23684,12,13,3,19.784000396728516,0.0325993199999175
i12_13_4.bmp,/kaggle/working/MDFS/data/TID2013/distorted_images/i12_13_4.bmp,2.83333,12,13,4,19.97412109375,0.03284378999978799
i12_13_5.bmp,/kaggle/working/MDFS/data/TID2013/distorted_images/i12_13_5.bmp,4.0,12,13,5,18.39663314819336,0.03412729299998318
i12_14_1.bmp,/kaggle/working/MDFS/data/TID2013/distorted_images/i12_14_1.bmp,5.55263,12,14,1,18.014076232910156,0.032361697999931494
i12_14_2.bmp,/kaggle/working/MDFS/data/TID2013/distorted_images/i12_14_2.bmp,6.15789,12,14,2,17.945785522460938,0.03251191499975903
i12_14_3.bmp,/kaggle/working/MDFS/data/TID2013/distorted_images/i12_14_3.bmp,4.54054,12,14,3,17.823169708251953,0.03339953400018203
i12_14_4.bmp,/kaggle/working/MDFS/data/TID2013/distorted_images/i12_14_4.bmp,4.47368,12,14,4,17.875904083251953,0.03230659500013644
i12_14_5.bmp,/kaggle/working/MDFS/data/TID2013/distorted_images/i12_14_5.bmp,3.56757,12,14,5,17.826419830322266,0.0331388690001404
i12_15_1.bmp,/kaggle/working/MDFS/data/TID2013/distorted_images/i12_15_1.bmp,3.5,12,15,1,18.24320411682129,0.032801393999761785
i12_15_2.bmp,/kaggle/working/MDFS/data/TID2013/distorted_images/i12_15_2.bmp,3.51429,12,15,2,17.86026382446289,0.03233450300012919
i12_15_3.bmp,/kaggle/working/MDFS/data/TID2013/distorted_images/i12_15_3.bmp,3.65789,12,15,3,17.808565139770508,0.03358522400003494
i12_15_4.bmp,/kaggle/working/MDFS/data/TID2013/distorted_images/i12_15_4.bmp,4.07895,12,15,4,17.678577423095703,0.03272233200004848
i12_15_5.bmp,/kaggle/working/MDFS/data/TID2013/distorted_images/i12_15_5.bmp,4.54286,12,15,5,17.74034881591797,0.03251310499990723
i12_16_1.bmp,/kaggle/working/MDFS/data/TID2013/distorted_images/i12_16_1.bmp,6.52632,12,16,1,17.902294158935547,0.03319240200016793
i12_16_2.bmp,/kaggle/working/MDFS/data/TID2013/distorted_images/i12_16_2.bmp,6.2973,12,16,2,17.986528396606445,0.03248208899958627
i12_16_3.bmp,/kaggle/working/MDFS/data/TID2013/distorted_images/i12_16_3.bmp,6.05263,12,16,3,17.830415725708008,0.03275201199994626
i12_16_4.bmp,/kaggle/working/MDFS/data/TID2013/distorted_images/i12_16_4.bmp,6.11111,12,16,4,18.01632308959961,0.03323377399965466
i12_16_5.bmp,/kaggle/working/MDFS/data/TID2013/distorted_images/i12_16_5.bmp,5.67568,12,16,5,17.914955139160156,0.03247507300011421
i12_17_1.bmp,/kaggle/working/MDFS/data/TID2013/distorted_images/i12_17_1.bmp,6.26316,12,17,1,17.907564163208008,0.03360992499983695
i12_17_2.bmp,/kaggle/working/MDFS/data/TID2013/distorted_images/i12_17_2.bmp,6.81579,12,17,2,18.0184268951416,0.03262361099996269
i12_17_3.bmp,/kaggle/working/MDFS/data/TID2013/distorted_images/i12_17_3.bmp,4.81081,12,17,3,18.076847076416016,0.03241460700019161
i12_17_4.bmp,/kaggle/working/MDFS/data/TID2013/distorted_images/i12_17_4.bmp,6.26316,12,17,4,18.146760940551758,0.03400290400031736
i12_17_5.bmp,/kaggle/working/MDFS/data/TID2013/distorted_images/i12_17_5.bmp,4.02632,12,17,5,18.8939151763916,0.03273399199997584
i12_18_1.bmp,/kaggle/working/MDFS/data/TID2013/distorted_images/i12_18_1.bmp,5.64865,12,18,1,18.046506881713867,0.03282513599970116
i12_18_2.bmp,/kaggle/working/MDFS/data/TID2013/distorted_images/i12_18_2.bmp,5.35135,12,18,2,18.093639373779297,0.033563509000032354
i12_18_3.bmp,/kaggle/working/MDFS/data/TID2013/distorted_images/i12_18_3.bmp,5.0,12,18,3,18.685331344604492,0.03223354499959896
i12_18_4.bmp,/kaggle/working/MDFS/data/TID2013/distorted_images/i12_18_4.bmp,4.48649,12,18,4,19.372695922851562,0.03326243699984843
i12_18_5.bmp,/kaggle/working/MDFS/data/TID2013/distorted_images/i12_18_5.bmp,4.2973,12,18,5,19.48353385925293,0.03359957500015298
i12_19_1.bmp,/kaggle/working/MDFS/data/TID2013/distorted_images/i12_19_1.bmp,5.72973,12,19,1,19.1294002532959,0.032541792999836616
i12_19_2.bmp,/kaggle/working/MDFS/data/TID2013/distorted_images/i12_19_2.bmp,5.51351,12,19,2,19.837772369384766,0.032928379999702884
i12_19_3.bmp,/kaggle/working/MDFS/data/TID2013/distorted_images/i12_19_3.bmp,5.2973,12,19,3,21.171720504760742,0.03290306100007001
i12_19_4.bmp,/kaggle/working/MDFS/data/TID2013/distorted_images/i12_19_4.bmp,4.71053,12,19,4,22.910411834716797,0.03230037599996649
i12_19_5.bmp,/kaggle/working/MDFS/data/TID2013/distorted_images/i12_19_5.bmp,4.02632,12,19,5,24.630727767944336,0.03356550399985281
i12_20_1.bmp,/kaggle/working/MDFS/data/TID2013/distorted_images/i12_20_1.bmp,5.58333,12,20,1,19.12437629699707,0.03301597600011519
i12_20_2.bmp,/kaggle/working/MDFS/data/TID2013/distorted_images/i12_20_2.bmp,5.27778,12,20,2,19.14569664001465,0.03276258999994752
i12_20_3.bmp,/kaggle/working/MDFS/data/TID2013/distorted_images/i12_20_3.bmp,4.43243,12,20,3,19.512056350708008,0.03417489100002058
i12_20_4.bmp,/kaggle/working/MDFS/data/TID2013/distorted_images/i12_20_4.bmp,3.60526,12,20,4,19.3501033782959,0.03321389500024452
i12_20_5.bmp,/kaggle/working/MDFS/data/TID2013/distorted_images/i12_20_5.bmp,2.80556,12,20,5,18.784643173217773,0.03298750700014352
i12_21_1.bmp,/kaggle/working/MDFS/data/TID2013/distorted_images/i12_21_1.bmp,5.15789,12,21,1,19.043859481811523,0.03365299500001129
i12_21_2.bmp,/kaggle/working/MDFS/data/TID2013/distorted_images/i12_21_2.bmp,4.94595,12,21,2,19.875585556030273,0.03251501800014012
i12_21_3.bmp,/kaggle/working/MDFS/data/TID2013/distorted_images/i12_21_3.bmp,4.02632,12,21,3,20.97767448425293,0.03298865300030229
i12_21_4.bmp,/kaggle/working/MDFS/data/TID2013/distorted_images/i12_21_4.bmp,3.02778,12,21,4,23.272462844848633,0.03287021599999207
i12_21_5.bmp,/kaggle/working/MDFS/data/TID2013/distorted_images/i12_21_5.bmp,2.0,12,21,5,26.11783218383789,0.032910860999891156
i12_22_1.bmp,/kaggle/working/MDFS/data/TID2013/distorted_images/i12_22_1.bmp,5.25,12,22,1,19.452274322509766,0.03315482299967698
i12_22_2.bmp,/kaggle/working/MDFS/data/TID2013/distorted_images/i12_22_2.bmp,5.13158,12,22,2,20.018030166625977,0.032817097999668476
i12_22_3.bmp,/kaggle/working/MDFS/data/TID2013/distorted_images/i12_22_3.bmp,4.56757,12,22,3,21.47867774963379,0.032351983999888034
i12_22_4.bmp,/kaggle/working/MDFS/data/TID2013/distorted_images/i12_22_4.bmp,3.5,12,22,4,23.221607208251953,0.03333864999967773
i12_22_5.bmp,/kaggle/working/MDFS/data/TID2013/distorted_images/i12_22_5.bmp,2.62162,12,22,5,27.759742736816406,0.03209487000003719
i12_23_1.bmp,/kaggle/working/MDFS/data/TID2013/distorted_images/i12_23_1.bmp,6.05405,12,23,1,18.25825309753418,0.03277898299984372
i12_23_2.bmp,/kaggle/working/MDFS/data/TID2013/distorted_images/i12_23_2.bmp,6.18421,12,23,2,18.995161056518555,0.03341621900017344
i12_23_3.bmp,/kaggle/working/MDFS/data/TID2013/distorted_images/i12_23_3.bmp,4.89474,12,23,3,20.55240821838379,0.03211250699996526
i12_23_4.bmp,/kaggle/working/MDFS/data/TID2013/distorted_images/i12_23_4.bmp,3.18919,12,23,4,24.615114212036133,0.03334857700019711
i12_23_5.bmp,/kaggle/working/MDFS/data/TID2013/distorted_images/i12_23_5.bmp,2.21053,12,23,5,30.796123504638672,0.03339724999977989
i12_24_1.bmp,/kaggle/working/MDFS/data/TID2013/distorted_images/i12_24_1.bmp,5.86486,12,24,1,19.980485916137695,0.032882554000025266
i12_24_2.bmp,/kaggle/working/MDFS/data/TID2013/distorted_images/i12_24_2.bmp,4.37838,12,24,2,21.490812301635742,0.03312212599985287
i12_24_3.bmp,/kaggle/working/MDFS/data/TID2013/distorted_images/i12_24_3.bmp,3.07895,12,24,3,26.779691696166992,0.03239692700026353
i12_24_4.bmp,/kaggle/working/MDFS/data/TID2013/distorted_images/i12_24_4.bmp,1.97368,12,24,4,33.65673065185547,0.0322763499998473
i12_24_5.bmp,/kaggle/working/MDFS/data/TID2013/distorted_images/i12_24_5.bmp,0.40541,12,24,5,35.32635498046875,0.03402264500027741
I13_01_1.bmp,/kaggle/working/MDFS/data/TID2013/distorted_images/I13_01_1.bmp,5.53488,13,1,1,19.06348419189453,0.032452028000079736
i13_01_2.bmp,/kaggle/working/MDFS/data/TID2013/distorted_images/i13_01_2.bmp,5.425,13,1,2,19.6533203125,0.032611652000014146
i13_01_3.bmp,/kaggle/working/MDFS/data/TID2013/distorted_images/i13_01_3.bmp,5.06977,13,1,3,20.767230987548828,0.03326470599995446
i13_01_4.bmp,/kaggle/working/MDFS/data/TID2013/distorted_images/i13_01_4.bmp,4.7907,13,1,4,22.288902282714844,0.032135837000168976
i13_01_5.bmp,/kaggle/working/MDFS/data/TID2013/distorted_images/i13_01_5.bmp,4.02381,13,1,5,24.882755279541016,0.0333381149998786
i13_02_1.bmp,/kaggle/working/MDFS/data/TID2013/distorted_images/i13_02_1.bmp,5.30952,13,2,1,18.974834442138672,0.03300754000019879
i13_02_2.bmp,/kaggle/working/MDFS/data/TID2013/distorted_images/i13_02_2.bmp,5.53659,13,2,2,19.292129516601562,0.03241967400026624
i13_02_3.bmp,/kaggle/working/MDFS/data/TID2013/distorted_images/i13_02_3.bmp,5.62791,13,2,3,19.993167877197266,0.03347789400004331
i13_02_4.bmp,/kaggle/working/MDFS/data/TID2013/distorted_images/i13_02_4.bmp,5.40476,13,2,4,21.27879524230957,0.03274688999999853
i13_02_5.bmp,/kaggle/working/MDFS/data/TID2013/distorted_images/i13_02_5.bmp,4.66667,13,2,5,22.758668899536133,0.03295191400002295
i13_03_1.bmp,/kaggle/working/MDFS/data/TID2013/distorted_images/i13_03_1.bmp,5.14286,13,3,1,19.147052764892578,0.034527087999776995
i13_03_2.bmp,/kaggle/working/MDFS/data/TID2013/distorted_images/i13_03_2.bmp,5.07143,13,3,2,19.53761100769043,0.03288610600020547
i13_03_3.bmp,/kaggle/working/MDFS/data/TID2013/distorted_images/i13_03_3.bmp,4.16667,13,3,3,20.291749954223633,0.03278932299963344
i13_03_4.bmp,/kaggle/working/MDFS/data/TID2013/distorted_images/i13_03_4.bmp,3.66667,13,3,4,22.37864875793457,0.033748395000202436
i13_03_5.bmp,/kaggle/working/MDFS/data/TID2013/distorted_images/i13_03_5.bmp,2.7619,13,3,5,24.95988655090332,0.032594212999811134
i13_04_1.bmp,/kaggle/working/MDFS/data/TID2013/distorted_images/i13_04_1.bmp,5.73171,13,4,1,18.7023868560791,0.03302643899996838
i13_04_2.bmp,/kaggle/working/MDFS/data/TID2013/distorted_images/i13_04_2.bmp,5.475,13,4,2,18.877222061157227,0.033543097999881866
i13_04_3.bmp,/kaggle/working/MDFS/data/TID2013/distorted_images/i13_04_3.bmp,5.55814,13,4,3,19.398279190063477,0.03237990399975388
i13_04_4.bmp,/kaggle/working/MDFS/data/TID2013/distorted_images/i13_04_4.bmp,5.43902,13,4,4,20.395122528076172,0.033039424999969924
i13_04_5.bmp,/kaggle/working/MDFS/data/TID2013/distorted_images/i13_04_5.bmp,4.92857,13,4,5,22.166170120239258,0.03303554300009637
i13_05_1.bmp,/kaggle/working/MDFS/data/TID2013/distorted_images/i13_05_1.bmp,5.35714,13,5,1,19.19326400756836,0.03209102500022709
i13_05_2.bmp,/kaggle/working/MDFS/data/TID2013/distorted_images/i13_05_2.bmp,5.04762,13,5,2,19.886327743530273,0.0334739630002332
i13_05_3.bmp,/kaggle/working/MDFS/data/TID2013/distorted_images/i13_05_3.bmp,5.51163,13,5,3,22.41449737548828,0.032666751999840926
i13_05_4.bmp,/kaggle/working/MDFS/data/TID2013/distorted_images/i13_05_4.bmp,4.16667,13,5,4,27.13100242614746,0.03303494800002227
i13_05_5.bmp,/kaggle/working/MDFS/data/TID2013/distorted_images/i13_05_5.bmp,3.09524,13,5,5,34.99698257446289,0.03362173699997584
i13_06_1.bmp,/kaggle/working/MDFS/data/TID2013/distorted_images/i13_06_1.bmp,4.55,13,6,1,18.86725425720215,0.03256560800036823
i13_06_2.bmp,/kaggle/working/MDFS/data/TID2013/distorted_images/i13_06_2.bmp,4.25581,13,6,2,19.555057525634766,0.03317018300003838
i13_06_3.bmp,/kaggle/working/MDFS/data/TID2013/distorted_images/i13_06_3.bmp,3.66667,13,6,3,20.471195220947266,0.03330232500002239
i13_06_4.bmp,/kaggle/working/MDFS/data/TID2013/distorted_images/i13_06_4.bmp,3.44186,13,6,4,21.8197078704834,0.03234285500002443
i13_06_5.bmp,/kaggle/working/MDFS/data/TID2013/distorted_images/i13_06_5.bmp,3.09524,13,6,5,24.664541244506836,0.03288464600018415
i13_07_1.bmp,/kaggle/working/MDFS/data/TID2013/distorted_images/i13_07_1.bmp,5.725,13,7,1,18.644878387451172,0.03254553099986879
i13_07_2.bmp,/kaggle/working/MDFS/data/TID2013/distorted_images/i13_07_2.bmp,5.31707,13,7,2,18.80478858947754,0.03236518099993191
i13_07_3.bmp,/kaggle/working/MDFS/data/TID2013/distorted_images/i13_07_3.bmp,4.64286,13,7,3,19.4274959564209,0.03366799400009768
i13_07_4.bmp,/kaggle/working/MDFS/data/TID2013/distorted_images/i13_07_4.bmp,3.41463,13,7,4,21.329811096191406,0.03232678699987446
i13_07_5.bmp,/kaggle/working/MDFS/data/TID2013/distorted_images/i13_07_5.bmp,2.82927,13,7,5,23.504507064819336,0.0329647390003629
i13_08_1.bmp,/kaggle/working/MDFS/data/TID2013/distorted_images/i13_08_1.bmp,4.80952,13,8,1,17.85222625732422,0.033542292000220186
i13_08_2.bmp,/kaggle/working/MDFS/data/TID2013/distorted_images/i13_08_2.bmp,3.95238,13,8,2,18.735008239746094,0.03253980199997386
i13_08_3.bmp,/kaggle/working/MDFS/data/TID2013/distorted_images/i13_08_3.bmp,3.12195,13,8,3,22.26062774658203,0.03309563999982856
i13_08_4.bmp,/kaggle/working/MDFS/data/TID2013/distorted_images/i13_08_4.bmp,2.5814,13,8,4,28.914140701293945,0.03320169700009501
i13_08_5.bmp,/kaggle/working/MDFS/data/TID2013/distorted_images/i13_08_5.bmp,1.7381,13,8,5,32.65481185913086,0.0325800559999152
i13_09_1.bmp,/kaggle/working/MDFS/data/TID2013/distorted_images/i13_09_1.bmp,5.07317,13,9,1,18.476430892944336,0.033733771000242996
i13_09_2.bmp,/kaggle/working/MDFS/data/TID2013/distorted_images/i13_09_2.bmp,4.76744,13,9,2,18.535490036010742,0.03322070700005497
i13_09_3.bmp,/kaggle/working/MDFS/data/TID2013/distorted_images/i13_09_3.bmp,3.18605,13,9,3,19.39729118347168,0.032431780000024446
i13_09_4.bmp,/kaggle/working/MDFS/data/TID2013/distorted_images/i13_09_4.bmp,2.16667,13,9,4,21.84954833984375,0.03344243300034577
i13_09_5.bmp,/kaggle/working/MDFS/data/TID2013/distorted_images/i13_09_5.bmp,0.4878,13,9,5,29.262805938720703,0.032263789999888104
i13_10_1.bmp,/kaggle/working/MDFS/data/TID2013/distorted_images/i13_10_1.bmp,5.48837,13,10,1,19.1909236907959,0.03242018899982213
i13_10_2.bmp,/kaggle/working/MDFS/data/TID2013/distorted_images/i13_10_2.bmp,5.46512,13,10,2,19.682125091552734,0.033260151999911614
i13_10_3.bmp,/kaggle/working/MDFS/data/TID2013/distorted_images/i13_10_3.bmp,4.475,13,10,3,21.666282653808594,0.032381237000208785
i13_10_4.bmp,/kaggle/working/MDFS/data/TID2013/distorted_images/i13_10_4.bmp,3.25581,13,10,4,29.530960083007812,0.0330612759998985
i13_10_5.bmp,/kaggle/working/MDFS/data/TID2013/distorted_images/i13_10_5.bmp,1.16279,13,10,5,33.81051254272461,0.03271743300001617
I13_11_1.BMP,/kaggle/working/MDFS/data/TID2013/distorted_images/I13_11_1.BMP,5.32558,13,11,1,18.706266403198242,0.0323825109999234
i13_11_2.bmp,/kaggle/working/MDFS/data/TID2013/distorted_images/i13_11_2.bmp,5.32558,13,11,2,19.05412483215332,0.033692671000153496
i13_11_3.bmp,/kaggle/working/MDFS/data/TID2013/distorted_images/i13_11_3.bmp,4.69048,13,11,3,20.61383819580078,0.03254611200009094
i13_11_4.bmp,/kaggle/working/MDFS/data/TID2013/distorted_images/i13_11_4.bmp,4.34884,13,11,4,24.33960723876953,0.03274822100001984
i13_11_5.bmp,/kaggle/working/MDFS/data/TID2013/distorted_images/i13_11_5.bmp,2.38095,13,11,5,31.260047912597656,0.03376704599986624
i13_12_1.bmp,/kaggle/working/MDFS/data/TID2013/distorted_images/i13_12_1.bmp,5.23256,13,12,1,18.626245498657227,0.03198795500020424
i13_12_2.bmp,/kaggle/working/MDFS/data/TID2013/distorted_images/i13_12_2.bmp,5.44186,13,12,2,18.627399444580078,0.03259688299976915
i13_12_3.bmp,/kaggle/working/MDFS/data/TID2013/distorted_images/i13_12_3.bmp,5.11628,13,12,3,18.534208297729492,0.032716939999772876
i13_12_4.bmp,/kaggle/working/MDFS/data/TID2013/distorted_images/i13_12_4.bmp,5.2619,13,12,4,18.615158081054688,0.03229363399987051
i13_12_5.bmp,/kaggle/working/MDFS/data/TID2013/distorted_images/i13_12_5.bmp,5.04762,13,12,5,18.77876091003418,0.03311404699979903
I13_13_1.BMP,/kaggle/working/MDFS/data/TID2013/distorted_images/I13_13_1.BMP,5.4186,13,13,1,18.819534301757812,0.03228513100020791
i13_13_2.bmp,/kaggle/working/MDFS/data/TID2013/distorted_images/i13_13_2.bmp,4.92857,13,13,2,18.74058723449707,0.03293657799986249
i13_13_3.bmp,/kaggle/working/MDFS/data/TID2013/distorted_images/i13_13_3.bmp,4.7907,13,13,3,19.088462829589844,0.03325008800038631
i13_13_4.bmp,/kaggle/working/MDFS/data/TID2013/distorted_images/i13_13_4.bmp,3.63415,13,13,4,19.36379051208496,0.03215403900003366
i13_13_5.bmp,/kaggle/working/MDFS/data/TID2013/distorted_images/i13_13_5.bmp,2.40476,13,13,5,19.652637481689453,0.033337501999994856
i13_14_1.bmp,/kaggle/working/MDFS/data/TID2013/distorted_images/i13_14_1.bmp,5.64286,13,14,1,18.653942108154297,0.033330709999972896
i13_14_2.bmp,/kaggle/working/MDFS/data/TID2013/distorted_images/i13_14_2.bmp,5.40476,13,14,2,18.63405418395996,0.03270232699969711
i13_14_3.bmp,/kaggle/working/MDFS/data/TID2013/distorted_images/i13_14_3.bmp,5.7381,13,14,3,18.578815460205078,0.03292664600030548
i13_14_4.bmp,/kaggle/working/MDFS/data/TID2013/distorted_images/i13_14_4.bmp,5.02326,13,14,4,18.655555725097656,0.03236282099987875
i13_14_5.bmp,/kaggle/working/MDFS/data/TID2013/distorted_images/i13_14_5.bmp,3.97619,13,14,5,18.528213500976562,0.03278457099986554
i13_15_1.bmp,/kaggle/working/MDFS/data/TID2013/distorted_images/i13_15_1.bmp,2.73171,13,15,1,19.11162567138672,0.03390055399995617
i13_15_2.bmp,/kaggle/working/MDFS/data/TID2013/distorted_images/i13_15_2.bmp,2.87805,13,15,2,18.8615779876709,0.032644016000176634
i13_15_3.bmp,/kaggle/working/MDFS/data/TID2013/distorted_images/i13_15_3.bmp,3.04762,13,15,3,18.69914436340332,0.03278034499999194
i13_15_4.bmp,/kaggle/working/MDFS/data/TID2013/distorted_images/i13_15_4.bmp,3.57143,13,15,4,18.658504486083984,0.033919525999863254
i13_15_5.bmp,/kaggle/working/MDFS/data/TID2013/distorted_images/i13_15_5.bmp,3.70732,13,15,5,18.520200729370117,0.03270227899974998
i13_16_1.bmp,/kaggle/working/MDFS/data/TID2013/distorted_images/i13_16_1.bmp,5.60465,13,16,1,18.44361114501953,0.03286530700006551
i13_16_2.bmp,/kaggle/working/MDFS/data/TID2013/distorted_images/i13_16_2.bmp,5.27907,13,16,2,18.78189468383789,0.0335252899999432
i13_16_3.bmp,/kaggle/working/MDFS/data/TID2013/distorted_images/i13_16_3.bmp,5.43902,13,16,3,18.210397720336914,0.0324382600001627
i13_16_4.bmp,/kaggle/working/MDFS/data/TID2013/distorted_images/i13_16_4.bmp,4.29268,13,16,4,19.16917610168457,0.0331916000000092
i13_16_5.bmp,/kaggle/working/MDFS/data/TID2013/distorted_images/i13_16_5.bmp,4.44186,13,16,5,18.065269470214844,0.03309580099994491
i13_17_1.bmp,/kaggle/working/MDFS/data/TID2013/distorted_images/i13_17_1.bmp,4.48837,13,17,1,18.33411979675293,0.0325343040003645
i13_17_2.bmp,/kaggle/working/MDFS/data/TID2013/distorted_images/i13_17_2.bmp,6.62791,13,17,2,18.828777313232422,0.03345444499973382
i13_17_3.bmp,/kaggle/working/MDFS/data/TID2013/distorted_images/i13_17_3.bmp,3.72093,13,17,3,18.27292823791504,0.03300797900010366
i13_17_4.bmp,/kaggle/working/MDFS/data/TID2013/distorted_images/i13_17_4.bmp,6.48837,13,17,4,19.109848022460938,0.032210476999807724
i13_17_5.bmp,/kaggle/working/MDFS/data/TID2013/distorted_images/i13_17_5.bmp,2.58537,13,17,5,18.67801284790039,0.033431810999900335
i13_18_1.bmp,/kaggle/working/MDFS/data/TID2013/distorted_images/i13_18_1.bmp,3.95122,13,18,1,18.756732940673828,0.032128030999956536
i13_18_2.bmp,/kaggle/working/MDFS/data/TID2013/distorted_images/i13_18_2.bmp,3.74419,13,18,2,19.16657257080078,0.032782383000267146
i13_18_3.bmp,/kaggle/working/MDFS/data/TID2013/distorted_images/i13_18_3.bmp,3.14286,13,18,3,19.830190658569336,0.033077681999657216
i13_18_4.bmp,/kaggle/working/MDFS/data/TID2013/distorted_images/i13_18_4.bmp,2.84615,13,18,4,20.892995834350586,0.03274781300024188
i13_18_5.bmp,/kaggle/working/MDFS/data/TID2013/distorted_images/i13_18_5.bmp,2.73171,13,18,5,19.681713104248047,0.0329697759998453
i13_19_1.bmp,/kaggle/working/MDFS/data/TID2013/distorted_images/i13_19_1.bmp,5.2439,13,19,1,19.050235748291016,0.032695359000172175
i13_19_2.bmp,/kaggle/working/MDFS/data/TID2013/distorted_images/i13_19_2.bmp,5.2619,13,19,2,19.63315200805664,0.032274201000291214
i13_19_3.bmp,/kaggle/working/MDFS/data/TID2013/distorted_images/i13_19_3.bmp,5.32558,13,19,3,20.776744842529297,0.03343141499999547
i13_19_4.bmp,/kaggle/working/MDFS/data/TID2013/distorted_images/i13_19_4.bmp,4.5122,13,19,4,22.456966400146484,0.03231229299990446
i13_19_5.bmp,/kaggle/working/MDFS/data/TID2013/distorted_images/i13_19_5.bmp,4.16279,13,19,5,23.48554801940918,0.032395469000221055
i13_20_1.bmp,/kaggle/working/MDFS/data/TID2013/distorted_images/i13_20_1.bmp,5.67442,13,20,1,18.76816749572754,0.0326846520001709
i13_20_2.bmp,/kaggle/working/MDFS/data/TID2013/distorted_images/i13_20_2.bmp,5.09524,13,20,2,18.89225196838379,0.03222099499998876
i13_20_3.bmp,/kaggle/working/MDFS/data/TID2013/distorted_images/i13_20_3.bmp,5.52381,13,20,3,18.92453384399414,0.03329707800003234
i13_20_4.bmp,/kaggle/working/MDFS/data/TID2013/distorted_images/i13_20_4.bmp,5.28571,13,20,4,18.947601318359375,0.03270391900014147
i13_20_5.bmp,/kaggle/working/MDFS/data/TID2013/distorted_images/i13_20_5.bmp,5.23256,13,20,5,19.36478614807129,0.032296167999902536
i13_21_1.bmp,/kaggle/working/MDFS/data/TID2013/distorted_images/i13_21_1.bmp,5.65116,13,21,1,18.736284255981445,0.033841754000150104
i13_21_2.bmp,/kaggle/working/MDFS/data/TID2013/distorted_images/i13_21_2.bmp,5.54762,13,21,2,18.876575469970703,0.032391109999935
i13_21_3.bmp,/kaggle/working/MDFS/data/TID2013/distorted_images/i13_21_3.bmp,5.09524,13,21,3,19.075897216796875,0.03241063299992675
i13_21_4.bmp,/kaggle/working/MDFS/data/TID2013/distorted_images/i13_21_4.bmp,4.72093,13,21,4,19.693378448486328,0.032756232999872736
i13_21_5.bmp,/kaggle/working/MDFS/data/TID2013/distorted_images/i13_21_5.bmp,3.47619,13,21,5,20.973880767822266,0.03245673199990051
i13_22_1.bmp,/kaggle/working/MDFS/data/TID2013/distorted_images/i13_22_1.bmp,5.42857,13,22,1,18.928844451904297,0.033075942999857944
i13_22_2.bmp,/kaggle/working/MDFS/data/TID2013/distorted_images/i13_22_2.bmp,4.78049,13,22,2,19.625843048095703,0.032464891000017815
i13_22_3.bmp,/kaggle/working/MDFS/data/TID2013/distorted_images/i13_22_3.bmp,3.97674,13,22,3,21.282405853271484,0.03226110699961282
i13_22_4.bmp,/kaggle/working/MDFS/data/TID2013/distorted_images/i13_22_4.bmp,2.93023,13,22,4,24.1683406829834,0.03318707600010384
i13_22_5.bmp,/kaggle/working/MDFS/data/TID2013/distorted_images/i13_22_5.bmp,2.4186,13,22,5,26.270339965820312,0.032198263999816845
i13_23_1.bmp,/kaggle/working/MDFS/data/TID2013/distorted_images/i13_23_1.bmp,5.65116,13,23,1,18.68888282775879,0.03276067599972521
i13_23_2.bmp,/kaggle/working/MDFS/data/TID2013/distorted_images/i13_23_2.bmp,5.39535,13,23,2,19.237876892089844,0.03253995400018539
i13_23_3.bmp,/kaggle/working/MDFS/data/TID2013/distorted_images/i13_23_3.bmp,5.45,13,23,3,20.025232315063477,0.03219978499964782
i13_23_4.bmp,/kaggle/working/MDFS/data/TID2013/distorted_images/i13_23_4.bmp,5.04651,13,23,4,20.77445411682129,0.03329817900021226
i13_23_5.bmp,/kaggle/working/MDFS/data/TID2013/distorted_images/i13_23_5.bmp,5.2093,13,23,5,21.621929168701172,0.03204871899970385
i13_24_1.bmp,/kaggle/working/MDFS/data/TID2013/distorted_images/i13_24_1.bmp,5.44186,13,24,1,19.144174575805664,0.0327262979999432
i13_24_2.bmp,/kaggle/working/MDFS/data/TID2013/distorted_images/i13_24_2.bmp,5.19048,13,24,2,19.712650299072266,0.03269921799983422
i13_24_3.bmp,/kaggle/working/MDFS/data/TID2013/distorted_images/i13_24_3.bmp,4.39535,13,24,3,20.54244613647461,0.03207171500025652
i13_24_4.bmp,/kaggle/working/MDFS/data/TID2013/distorted_images/i13_24_4.bmp,3.86047,13,24,4,22.435819625854492,0.03330210900003294
i13_24_5.bmp,/kaggle/working/MDFS/data/TID2013/distorted_images/i13_24_5.bmp,2.88095,13,24,5,25.89315414428711,0.03261913899996216
I14_01_1.bmp,/kaggle/working/MDFS/data/TID2013/distorted_images/I14_01_1.bmp,5.89189,14,1,1,18.131580352783203,0.032329851999747916
i14_01_2.bmp,/kaggle/working/MDFS/data/TID2013/distorted_images/i14_01_2.bmp,5.69444,14,1,2,18.67232894897461,0.033458074999998644
i14_01_3.bmp,/kaggle/working/MDFS/data/TID2013/distorted_images/i14_01_3.bmp,4.77778,14,1,3,19.571489334106445,0.03228935300012381
i14_01_4.bmp,/kaggle/working/MDFS/data/TID2013/distorted_images/i14_01_4.bmp,4.31429,14,1,4,21.41090202331543,0.03250666399981128
i14_01_5.bmp,/kaggle/working/MDFS/data/TID2013/distorted_images/i14_01_5.bmp,3.75,14,1,5,24.032573699951172,0.032871058999717206
i14_02_1.bmp,/kaggle/working/MDFS/data/TID2013/distorted_images/i14_02_1.bmp,5.97297,14,2,1,17.87767219543457,0.0327435979997972
i14_02_2.bmp,/kaggle/working/MDFS/data/TID2013/distorted_images/i14_02_2.bmp,5.91667,14,2,2,18.1912899017334,0.03307385299967791
i14_02_3.bmp,/kaggle/working/MDFS/data/TID2013/distorted_images/i14_02_3.bmp,5.77143,14,2,3,18.718347549438477,0.033010821000061696
i14_02_4.bmp,/kaggle/working/MDFS/data/TID2013/distorted_images/i14_02_4.bmp,5.13889,14,2,4,20.231348037719727,0.032541731000037544
i14_02_5.bmp,/kaggle/working/MDFS/data/TID2013/distorted_images/i14_02_5.bmp,4.52778,14,2,5,22.550514221191406,0.03343909600016559
i14_03_1.bmp,/kaggle/working/MDFS/data/TID2013/distorted_images/i14_03_1.bmp,5.19444,14,3,1,18.012012481689453,0.032565444000283605
i14_03_2.bmp,/kaggle/working/MDFS/data/TID2013/distorted_images/i14_03_2.bmp,4.43243,14,3,2,18.467857360839844,0.03291606299990235
i14_03_3.bmp,/kaggle/working/MDFS/data/TID2013/distorted_images/i14_03_3.bmp,3.77778,14,3,3,18.947721481323242,0.033544892000008986
i14_03_4.bmp,/kaggle/working/MDFS/data/TID2013/distorted_images/i14_03_4.bmp,3.08333,14,3,4,19.99915885925293,0.03219728900012342
i14_03_5.bmp,/kaggle/working/MDFS/data/TID2013/distorted_images/i14_03_5.bmp,2.59459,14,3,5,21.523605346679688,0.032724198999858345
i14_04_1.bmp,/kaggle/working/MDFS/data/TID2013/distorted_images/i14_04_1.bmp,6.02857,14,4,1,18.008827209472656,0.03252923499985627
i14_04_2.bmp,/kaggle/working/MDFS/data/TID2013/distorted_images/i14_04_2.bmp,5.63889,14,4,2,18.340681076049805,0.03219601400041938
i14_04_3.bmp,/kaggle/working/MDFS/data/TID2013/distorted_images/i14_04_3.bmp,5.5,14,4,3,19.08202362060547,0.033271235000029264
i14_04_4.bmp,/kaggle/working/MDFS/data/TID2013/distorted_images/i14_04_4.bmp,4.65714,14,4,4,20.561386108398438,0.03268765699976939
i14_04_5.bmp,/kaggle/working/MDFS/data/TID2013/distorted_images/i14_04_5.bmp,4.02778,14,4,5,22.97732925415039,0.03298266499996316
i14_05_1.bmp,/kaggle/working/MDFS/data/TID2013/distorted_images/i14_05_1.bmp,6.05405,14,5,1,18.316808700561523,0.03389186200001859
i14_05_2.bmp,/kaggle/working/MDFS/data/TID2013/distorted_images/i14_05_2.bmp,5.59459,14,5,2,18.967130661010742,0.03270842099982474
i14_05_3.bmp,/kaggle/working/MDFS/data/TID2013/distorted_images/i14_05_3.bmp,4.97222,14,5,3,21.503149032592773,0.03257531700000982
i14_05_4.bmp,/kaggle/working/MDFS/data/TID2013/distorted_images/i14_05_4.bmp,4.16216,14,5,4,26.953153610229492,0.03271863400004804
i14_05_5.bmp,/kaggle/working/MDFS/data/TID2013/distorted_images/i14_05_5.bmp,3.02703,14,5,5,34.21966552734375,0.03231774000005316
i14_06_1.bmp,/kaggle/working/MDFS/data/TID2013/distorted_images/i14_06_1.bmp,5.08333,14,6,1,17.572595596313477,0.04162408599995615
i14_06_2.bmp,/kaggle/working/MDFS/data/TID2013/distorted_images/i14_06_2.bmp,4.33333,14,6,2,18.083295822143555,0.04090389499970115
i14_06_3.bmp,/kaggle/working/MDFS/data/TID2013/distorted_images/i14_06_3.bmp,4.02778,14,6,3,19.353282928466797,0.030535714000052394
i14_06_4.bmp,/kaggle/working/MDFS/data/TID2013/distorted_images/i14_06_4.bmp,3.77778,14,6,4,20.881052017211914,0.0313748159996976
i14_06_5.bmp,/kaggle/working/MDFS/data/TID2013/distorted_images/i14_06_5.bmp,3.16667,14,6,5,24.27729034423828,0.032751612000083696
i14_07_1.bmp,/kaggle/working/MDFS/data/TID2013/distorted_images/i14_07_1.bmp,5.72222,14,7,1,17.3201961517334,0.03328663100000995
i14_07_2.bmp,/kaggle/working/MDFS/data/TID2013/distorted_images/i14_07_2.bmp,5.44444,14,7,2,17.632699966430664,0.03226305699990917
i14_07_3.bmp,/kaggle/working/MDFS/data/TID2013/distorted_images/i14_07_3.bmp,4.27778,14,7,3,18.46442413330078,0.03262201200004711
i14_07_4.bmp,/kaggle/working/MDFS/data/TID2013/distorted_images/i14_07_4.bmp,3.61111,14,7,4,20.728675842285156,0.03252034399974946
i14_07_5.bmp,/kaggle/working/MDFS/data/TID2013/distorted_images/i14_07_5.bmp,2.91892,14,7,5,22.689367294311523,0.03210978300012357
i14_08_1.bmp,/kaggle/working/MDFS/data/TID2013/distorted_images/i14_08_1.bmp,5.43243,14,8,1,17.179372787475586,0.0335051580000254
i14_08_2.bmp,/kaggle/working/MDFS/data/TID2013/distorted_images/i14_08_2.bmp,4.55556,14,8,2,17.971677780151367,0.03228986400017675
i14_08_3.bmp,/kaggle/working/MDFS/data/TID2013/distorted_images/i14_08_3.bmp,3.48649,14,8,3,20.621742248535156,0.03275097599998844
i14_08_4.bmp,/kaggle/working/MDFS/data/TID2013/distorted_images/i14_08_4.bmp,2.83784,14,8,4,27.464887619018555,0.03270106100035264
i14_08_5.bmp,/kaggle/working/MDFS/data/TID2013/distorted_images/i14_08_5.bmp,1.59459,14,8,5,31.76858901977539,0.032023276000018086
i14_09_1.bmp,/kaggle/working/MDFS/data/TID2013/distorted_images/i14_09_1.bmp,6.05405,14,9,1,17.403438568115234,0.033118772999841894
i14_09_2.bmp,/kaggle/working/MDFS/data/TID2013/distorted_images/i14_09_2.bmp,5.89189,14,9,2,17.53057861328125,0.03258069399998931
i14_09_3.bmp,/kaggle/working/MDFS/data/TID2013/distorted_images/i14_09_3.bmp,4.5,14,9,3,18.31730842590332,0.03243497799985562
i14_09_4.bmp,/kaggle/working/MDFS/data/TID2013/distorted_images/i14_09_4.bmp,2.89189,14,9,4,20.89432144165039,0.03341152200027864
i14_09_5.bmp,/kaggle/working/MDFS/data/TID2013/distorted_images/i14_09_5.bmp,1.75,14,9,5,27.39385986328125,0.032202036999933625
i14_10_1.bmp,/kaggle/working/MDFS/data/TID2013/distorted_images/i14_10_1.bmp,5.77778,14,10,1,18.139188766479492,0.03229589500006114
i14_10_2.bmp,/kaggle/working/MDFS/data/TID2013/distorted_images/i14_10_2.bmp,5.16667,14,10,2,18.60821533203125,0.032543035999879066
i14_10_3.bmp,/kaggle/working/MDFS/data/TID2013/distorted_images/i14_10_3.bmp,4.25,14,10,3,20.795644760131836,0.03228745300020819
i14_10_4.bmp,/kaggle/working/MDFS/data/TID2013/distorted_images/i14_10_4.bmp,3.05556,14,10,4,27.983959197998047,0.033482293999895774
i14_10_5.bmp,/kaggle/working/MDFS/data/TID2013/distorted_images/i14_10_5.bmp,1.86111,14,10,5,32.41413879394531,0.03281891799997538
I14_11_1.BMP,/kaggle/working/MDFS/data/TID2013/distorted_images/I14_11_1.BMP,5.97297,14,11,1,18.164506912231445,0.032732187999954476
i14_11_2.bmp,/kaggle/working/MDFS/data/TID2013/distorted_images/i14_11_2.bmp,5.47222,14,11,2,19.727020263671875,0.03332614200007811
i14_11_3.bmp,/kaggle/working/MDFS/data/TID2013/distorted_images/i14_11_3.bmp,4.24324,14,11,3,23.528871536254883,0.032208504999744036
i14_11_4.bmp,/kaggle/working/MDFS/data/TID2013/distorted_images/i14_11_4.bmp,3.08333,14,11,4,27.8065242767334,0.03244584499998382
i14_11_5.bmp,/kaggle/working/MDFS/data/TID2013/distorted_images/i14_11_5.bmp,1.28571,14,11,5,35.19575119018555,0.032843685999978334
i14_12_1.bmp,/kaggle/working/MDFS/data/TID2013/distorted_images/i14_12_1.bmp,5.81081,14,12,1,17.655113220214844,0.031996483000057196
i14_12_2.bmp,/kaggle/working/MDFS/data/TID2013/distorted_images/i14_12_2.bmp,5.64706,14,12,2,17.483367919921875,0.03314592400010952
i14_12_3.bmp,/kaggle/working/MDFS/data/TID2013/distorted_images/i14_12_3.bmp,4.05714,14,12,3,18.041780471801758,0.032840207000390365
i14_12_4.bmp,/kaggle/working/MDFS/data/TID2013/distorted_images/i14_12_4.bmp,4.13514,14,12,4,17.629438400268555,0.03241421000029732
i14_12_5.bmp,/kaggle/working/MDFS/data/TID2013/distorted_images/i14_12_5.bmp,3.18919,14,12,5,17.604875564575195,0.033325445000173204
I14_13_1.BMP,/kaggle/working/MDFS/data/TID2013/distorted_images/I14_13_1.BMP,5.02703,14,13,1,17.602054595947266,0.03202097000030335
i14_13_2.bmp,/kaggle/working/MDFS/data/TID2013/distorted_images/i14_13_2.bmp,4.52778,14,13,2,17.896862030029297,0.032784351000373135
i14_13_3.bmp,/kaggle/working/MDFS/data/TID2013/distorted_images/i14_13_3.bmp,3.62162,14,13,3,17.80113410949707,0.03261566200035304
i14_13_4.bmp,/kaggle/working/MDFS/data/TID2013/distorted_images/i14_13_4.bmp,3.08333,14,13,4,19.52654266357422,0.032298567999987426
i14_13_5.bmp,/kaggle/working/MDFS/data/TID2013/distorted_images/i14_13_5.bmp,1.91667,14,13,5,21.09064292907715,0.033351811000102316
i14_14_1.bmp,/kaggle/working/MDFS/data/TID2013/distorted_images/i14_14_1.bmp,6.05405,14,14,1,17.595170974731445,0.03261464499973954
i14_14_2.bmp,/kaggle/working/MDFS/data/TID2013/distorted_images/i14_14_2.bmp,5.7027,14,14,2,17.54022216796875,0.03225679200022569
i14_14_3.bmp,/kaggle/working/MDFS/data/TID2013/distorted_images/i14_14_3.bmp,4.69444,14,14,3,17.4953670501709,0.0338284089998524
i14_14_4.bmp,/kaggle/working/MDFS/data/TID2013/distorted_images/i14_14_4.bmp,4.16667,14,14,4,17.54511260986328,0.032399092000105156
i14_14_5.bmp,/kaggle/working/MDFS/data/TID2013/distorted_images/i14_14_5.bmp,3.37143,14,14,5,17.54384994506836,0.03259998700013966
i14_15_1.bmp,/kaggle/working/MDFS/data/TID2013/distorted_images/i14_15_1.bmp,2.94595,14,15,1,17.750093460083008,0.032376759000271704
i14_15_2.bmp,/kaggle/working/MDFS/data/TID2013/distorted_images/i14_15_2.bmp,3.35135,14,15,2,17.83000373840332,0.031994315999781975
i14_15_3.bmp,/kaggle/working/MDFS/data/TID2013/distorted_images/i14_15_3.bmp,3.52941,14,15,3,17.585220336914062,0.0332131379996099
i14_15_4.bmp,/kaggle/working/MDFS/data/TID2013/distorted_images/i14_15_4.bmp,3.62162,14,15,4,17.543231964111328,0.03235560000030091
i14_15_5.bmp,/kaggle/working/MDFS/data/TID2013/distorted_images/i14_15_5.bmp,3.97297,14,15,5,17.588985443115234,0.032736107999880915
i14_16_1.bmp,/kaggle/working/MDFS/data/TID2013/distorted_images/i14_16_1.bmp,5.77143,14,16,1,17.5697021484375,0.03333406999990984
i14_16_2.bmp,/kaggle/working/MDFS/data/TID2013/distorted_images/i14_16_2.bmp,5.97297,14,16,2,17.646865844726562,0.032149648999620695
i14_16_3.bmp,/kaggle/working/MDFS/data/TID2013/distorted_images/i14_16_3.bmp,5.30556,14,16,3,17.56095314025879,0.03299094800013336
i14_16_4.bmp,/kaggle/working/MDFS/data/TID2013/distorted_images/i14_16_4.bmp,5.17143,14,16,4,17.722537994384766,0.032682161999673554
i14_16_5.bmp,/kaggle/working/MDFS/data/TID2013/distorted_images/i14_16_5.bmp,4.02857,14,16,5,17.8547420501709,0.03195085600009406
i14_17_1.bmp,/kaggle/working/MDFS/data/TID2013/distorted_images/i14_17_1.bmp,5.40541,14,17,1,17.558265686035156,0.03345630899957541
i14_17_2.bmp,/kaggle/working/MDFS/data/TID2013/distorted_images/i14_17_2.bmp,6.43243,14,17,2,17.689193725585938,0.032461775000228954
i14_17_3.bmp,/kaggle/working/MDFS/data/TID2013/distorted_images/i14_17_3.bmp,4.13889,14,17,3,17.653806686401367,0.03257791800024279
i14_17_4.bmp,/kaggle/working/MDFS/data/TID2013/distorted_images/i14_17_4.bmp,5.91892,14,17,4,18.010461807250977,0.032691743999748724
i14_17_5.bmp,/kaggle/working/MDFS/data/TID2013/distorted_images/i14_17_5.bmp,3.24324,14,17,5,18.411487579345703,0.03198601800022516
i14_18_1.bmp,/kaggle/working/MDFS/data/TID2013/distorted_images/i14_18_1.bmp,5.37143,14,18,1,17.583541870117188,0.03290212999991127
i14_18_2.bmp,/kaggle/working/MDFS/data/TID2013/distorted_images/i14_18_2.bmp,5.13889,14,18,2,17.602197647094727,0.03241431700007524
i14_18_3.bmp,/kaggle/working/MDFS/data/TID2013/distorted_images/i14_18_3.bmp,4.66667,14,18,3,17.639616012573242,0.03252694999991945
i14_18_4.bmp,/kaggle/working/MDFS/data/TID2013/distorted_images/i14_18_4.bmp,4.14706,14,18,4,17.7368221282959,0.03326802099991255
i14_18_5.bmp,/kaggle/working/MDFS/data/TID2013/distorted_images/i14_18_5.bmp,3.75,14,18,5,18.854225158691406,0.03223182800002178
i14_19_1.bmp,/kaggle/working/MDFS/data/TID2013/distorted_images/i14_19_1.bmp,5.37143,14,19,1,17.840002059936523,0.032684808999874804
i14_19_2.bmp,/kaggle/working/MDFS/data/TID2013/distorted_images/i14_19_2.bmp,5.11111,14,19,2,18.603469848632812,0.03293289499970342
i14_19_3.bmp,/kaggle/working/MDFS/data/TID2013/distorted_images/i14_19_3.bmp,4.97222,14,19,3,19.930431365966797,0.03228138600024977
i14_19_4.bmp,/kaggle/working/MDFS/data/TID2013/distorted_images/i14_19_4.bmp,3.91429,14,19,4,21.55910301208496,0.033010665999881894
i14_19_5.bmp,/kaggle/working/MDFS/data/TID2013/distorted_images/i14_19_5.bmp,3.22857,14,19,5,22.65427589416504,0.03239687599989338
i14_20_1.bmp,/kaggle/working/MDFS/data/TID2013/distorted_images/i14_20_1.bmp,5.72222,14,20,1,17.94502067565918,0.032237078999969526
i14_20_2.bmp,/kaggle/working/MDFS/data/TID2013/distorted_images/i14_20_2.bmp,5.59459,14,20,2,18.156095504760742,0.033583993000320334
i14_20_3.bmp,/kaggle/working/MDFS/data/TID2013/distorted_images/i14_20_3.bmp,5.41667,14,20,3,18.75645637512207,0.03244753299986769
i14_20_4.bmp,/kaggle/working/MDFS/data/TID2013/distorted_images/i14_20_4.bmp,4.19444,14,20,4,19.172700881958008,0.032664384999861795
i14_20_5.bmp,/kaggle/working/MDFS/data/TID2013/distorted_images/i14_20_5.bmp,3.27027,14,20,5,19.0372257232666,0.032917927999733365
i14_21_1.bmp,/kaggle/working/MDFS/data/TID2013/distorted_images/i14_21_1.bmp,5.2973,14,21,1,17.935256958007812,0.03283307700030491
i14_21_2.bmp,/kaggle/working/MDFS/data/TID2013/distorted_images/i14_21_2.bmp,5.16667,14,21,2,18.177122116088867,0.0327944870000465
i14_21_3.bmp,/kaggle/working/MDFS/data/TID2013/distorted_images/i14_21_3.bmp,4.54054,14,21,3,18.746938705444336,0.032857438000064576
i14_21_4.bmp,/kaggle/working/MDFS/data/TID2013/distorted_images/i14_21_4.bmp,3.75,14,21,4,19.791677474975586,0.03238674399972297
i14_21_5.bmp,/kaggle/working/MDFS/data/TID2013/distorted_images/i14_21_5.bmp,2.64865,14,21,5,22.879446029663086,0.03333999500000573
i14_22_1.bmp,/kaggle/working/MDFS/data/TID2013/distorted_images/i14_22_1.bmp,5.40541,14,22,1,17.832260131835938,0.032356018999962544
i14_22_2.bmp,/kaggle/working/MDFS/data/TID2013/distorted_images/i14_22_2.bmp,5.37143,14,22,2,18.051313400268555,0.03279897299989898
i14_22_3.bmp,/kaggle/working/MDFS/data/TID2013/distorted_images/i14_22_3.bmp,5.05556,14,22,3,19.100242614746094,0.03324961899988921
i14_22_4.bmp,/kaggle/working/MDFS/data/TID2013/distorted_images/i14_22_4.bmp,3.97143,14,22,4,21.133455276489258,0.03204490699999951
i14_22_5.bmp,/kaggle/working/MDFS/data/TID2013/distorted_images/i14_22_5.bmp,3.27778,14,22,5,22.95037269592285,0.03254687400021794
i14_23_1.bmp,/kaggle/working/MDFS/data/TID2013/distorted_images/i14_23_1.bmp,6.02778,14,23,1,17.60057830810547,0.03267055100013749
i14_23_2.bmp,/kaggle/working/MDFS/data/TID2013/distorted_images/i14_23_2.bmp,6.02703,14,23,2,18.037090301513672,0.032333615999959875
i14_23_3.bmp,/kaggle/working/MDFS/data/TID2013/distorted_images/i14_23_3.bmp,5.61111,14,23,3,18.6201114654541,0.03341335200002504
i14_23_4.bmp,/kaggle/working/MDFS/data/TID2013/distorted_images/i14_23_4.bmp,5.0,14,23,4,19.177104949951172,0.032102658999974665
i14_23_5.bmp,/kaggle/working/MDFS/data/TID2013/distorted_images/i14_23_5.bmp,2.77778,14,23,5,22.7614803314209,0.03245001400000547
i14_24_1.bmp,/kaggle/working/MDFS/data/TID2013/distorted_images/i14_24_1.bmp,6.13514,14,24,1,18.386335372924805,0.0326193749997401
i14_24_2.bmp,/kaggle/working/MDFS/data/TID2013/distorted_images/i14_24_2.bmp,5.58333,14,24,2,20.14801788330078,0.03207795700018323
i14_24_3.bmp,/kaggle/working/MDFS/data/TID2013/distorted_images/i14_24_3.bmp,4.44444,14,24,3,22.217859268188477,0.0331658069999321
i14_24_4.bmp,/kaggle/working/MDFS/data/TID2013/distorted_images/i14_24_4.bmp,3.18919,14,24,4,24.916730880737305,0.03223809899964181
i14_24_5.bmp,/kaggle/working/MDFS/data/TID2013/distorted_images/i14_24_5.bmp,0.91892,14,24,5,31.875072479248047,0.0324218179998752
I15_01_1.bmp,/kaggle/working/MDFS/data/TID2013/distorted_images/I15_01_1.bmp,5.82222,15,1,1,20.033811569213867,0.033774507000089216
i15_01_2.bmp,/kaggle/working/MDFS/data/TID2013/distorted_images/i15_01_2.bmp,5.06818,15,1,2,21.077999114990234,0.03204272499988292
i15_01_3.bmp,/kaggle/working/MDFS/data/TID2013/distorted_images/i15_01_3.bmp,4.95556,15,1,3,22.824024200439453,0.032391897999787034
i15_01_4.bmp,/kaggle/working/MDFS/data/TID2013/distorted_images/i15_01_4.bmp,4.27907,15,1,4,24.649898529052734,0.03274341499991351
i15_01_5.bmp,/kaggle/working/MDFS/data/TID2013/distorted_images/i15_01_5.bmp,3.91111,15,1,5,27.891307830810547,0.03231864100007442
i15_02_1.bmp,/kaggle/working/MDFS/data/TID2013/distorted_images/i15_02_1.bmp,6.09091,15,2,1,19.108837127685547,0.03318496700012474
i15_02_2.bmp,/kaggle/working/MDFS/data/TID2013/distorted_images/i15_02_2.bmp,5.81818,15,2,2,19.95807456970215,0.03237830399984887
i15_02_3.bmp,/kaggle/working/MDFS/data/TID2013/distorted_images/i15_02_3.bmp,5.63636,15,2,3,20.94567108154297,0.0322702409998783
i15_02_4.bmp,/kaggle/working/MDFS/data/TID2013/distorted_images/i15_02_4.bmp,4.88636,15,2,4,22.71282386779785,0.032763116999831254
i15_02_5.bmp,/kaggle/working/MDFS/data/TID2013/distorted_images/i15_02_5.bmp,4.63636,15,2,5,25.001073837280273,0.03207302799955869
i15_03_1.bmp,/kaggle/working/MDFS/data/TID2013/distorted_images/i15_03_1.bmp,4.32558,15,3,1,20.06739044189453,0.0330410420001499
i15_03_2.bmp,/kaggle/working/MDFS/data/TID2013/distorted_images/i15_03_2.bmp,3.81395,15,3,2,21.224292755126953,0.03267289299992626
i15_03_3.bmp,/kaggle/working/MDFS/data/TID2013/distorted_images/i15_03_3.bmp,3.61364,15,3,3,23.505807876586914,0.03218420299981517
i15_03_4.bmp,/kaggle/working/MDFS/data/TID2013/distorted_images/i15_03_4.bmp,3.17778,15,3,4,26.342782974243164,0.033331294000163325
i15_03_5.bmp,/kaggle/working/MDFS/data/TID2013/distorted_images/i15_03_5.bmp,2.62791,15,3,5,31.276613235473633,0.032551355000123294
i15_04_1.bmp,/kaggle/working/MDFS/data/TID2013/distorted_images/i15_04_1.bmp,6.02273,15,4,1,19.546161651611328,0.032186054999783664
i15_04_2.bmp,/kaggle/working/MDFS/data/TID2013/distorted_images/i15_04_2.bmp,6.04444,15,4,2,20.20101547241211,0.03238252499977534
i15_04_3.bmp,/kaggle/working/MDFS/data/TID2013/distorted_images/i15_04_3.bmp,5.83721,15,4,3,21.307069778442383,0.03270902999975078
i15_04_4.bmp,/kaggle/working/MDFS/data/TID2013/distorted_images/i15_04_4.bmp,5.77778,15,4,4,22.931034088134766,0.03338515199993708
i15_04_5.bmp,/kaggle/working/MDFS/data/TID2013/distorted_images/i15_04_5.bmp,4.97727,15,4,5,24.9083194732666,0.032647555000039574
i15_05_1.bmp,/kaggle/working/MDFS/data/TID2013/distorted_images/i15_05_1.bmp,5.78571,15,5,1,20.412992477416992,0.03283864600007291
i15_05_2.bmp,/kaggle/working/MDFS/data/TID2013/distorted_images/i15_05_2.bmp,5.65116,15,5,2,21.671451568603516,0.033677142999749776
i15_05_3.bmp,/kaggle/working/MDFS/data/TID2013/distorted_images/i15_05_3.bmp,5.11364,15,5,3,25.09623908996582,0.03211488900024051
i15_05_4.bmp,/kaggle/working/MDFS/data/TID2013/distorted_images/i15_05_4.bmp,4.06818,15,5,4,30.220613479614258,0.03220379399999729
i15_05_5.bmp,/kaggle/working/MDFS/data/TID2013/distorted_images/i15_05_5.bmp,3.31818,15,5,5,36.600677490234375,0.032932890000211046
i15_06_1.bmp,/kaggle/working/MDFS/data/TID2013/distorted_images/i15_06_1.bmp,4.43182,15,6,1,19.067012786865234,0.03194557999995595
i15_06_2.bmp,/kaggle/working/MDFS/data/TID2013/distorted_images/i15_06_2.bmp,4.17778,15,6,2,20.386072158813477,0.03308845499987001
i15_06_3.bmp,/kaggle/working/MDFS/data/TID2013/distorted_images/i15_06_3.bmp,3.97674,15,6,3,21.925161361694336,0.03245243500032302
i15_06_4.bmp,/kaggle/working/MDFS/data/TID2013/distorted_images/i15_06_4.bmp,3.36364,15,6,4,24.32667350769043,0.03256428999975469
i15_06_5.bmp,/kaggle/working/MDFS/data/TID2013/distorted_images/i15_06_5.bmp,3.17778,15,6,5,27.969783782958984,0.033196134000263555
i15_07_1.bmp,/kaggle/working/MDFS/data/TID2013/distorted_images/i15_07_1.bmp,4.81395,15,7,1,19.42298698425293,0.03220716099986021
i15_07_2.bmp,/kaggle/working/MDFS/data/TID2013/distorted_images/i15_07_2.bmp,3.93023,15,7,2,20.437255859375,0.03267368600018017
i15_07_3.bmp,/kaggle/working/MDFS/data/TID2013/distorted_images/i15_07_3.bmp,3.61364,15,7,3,23.230451583862305,0.032356549999803974
i15_07_4.bmp,/kaggle/working/MDFS/data/TID2013/distorted_images/i15_07_4.bmp,2.91111,15,7,4,24.719087600708008,0.031859146999977384
i15_07_5.bmp,/kaggle/working/MDFS/data/TID2013/distorted_images/i15_07_5.bmp,2.44444,15,7,5,25.487516403198242,0.032983522999984416
i15_08_1.bmp,/kaggle/working/MDFS/data/TID2013/distorted_images/i15_08_1.bmp,5.95556,15,8,1,18.024410247802734,0.03187924500025474
i15_08_2.bmp,/kaggle/working/MDFS/data/TID2013/distorted_images/i15_08_2.bmp,6.06667,15,8,2,18.437292098999023,0.03262769200000548
i15_08_3.bmp,/kaggle/working/MDFS/data/TID2013/distorted_images/i15_08_3.bmp,5.13636,15,8,3,20.852127075195312,0.03254874000003838
i15_08_4.bmp,/kaggle/working/MDFS/data/TID2013/distorted_images/i15_08_4.bmp,3.93182,15,8,4,27.29045295715332,0.032158877000256325
i15_08_5.bmp,/kaggle/working/MDFS/data/TID2013/distorted_images/i15_08_5.bmp,3.36364,15,8,5,32.44607925415039,0.033238706000247475
i15_09_1.bmp,/kaggle/working/MDFS/data/TID2013/distorted_images/i15_09_1.bmp,5.93023,15,9,1,18.01053810119629,0.032375949999732256
i15_09_2.bmp,/kaggle/working/MDFS/data/TID2013/distorted_images/i15_09_2.bmp,5.54545,15,9,2,18.59204864501953,0.03263307299994267
i15_09_3.bmp,/kaggle/working/MDFS/data/TID2013/distorted_images/i15_09_3.bmp,4.69767,15,9,3,20.05805015563965,0.03317199800039816
i15_09_4.bmp,/kaggle/working/MDFS/data/TID2013/distorted_images/i15_09_4.bmp,3.74419,15,9,4,23.628286361694336,0.032105019000027823
i15_09_5.bmp,/kaggle/working/MDFS/data/TID2013/distorted_images/i15_09_5.bmp,2.5,15,9,5,29.095985412597656,0.03296186100033083
i15_10_1.bmp,/kaggle/working/MDFS/data/TID2013/distorted_images/i15_10_1.bmp,5.77778,15,10,1,18.756990432739258,0.03223834500022349
i15_10_2.bmp,/kaggle/working/MDFS/data/TID2013/distorted_images/i15_10_2.bmp,5.70455,15,10,2,19.639467239379883,0.03224343300007604
i15_10_3.bmp,/kaggle/working/MDFS/data/TID2013/distorted_images/i15_10_3.bmp,4.6,15,10,3,23.08658218383789,0.03314020600009826
i15_10_4.bmp,/kaggle/working/MDFS/data/TID2013/distorted_images/i15_10_4.bmp,3.17778,15,10,4,27.956953048706055,0.03194002200007162
i15_10_5.bmp,/kaggle/working/MDFS/data/TID2013/distorted_images/i15_10_5.bmp,1.86667,15,10,5,31.31989097595215,0.032491414999640256
I15_11_1.BMP,/kaggle/working/MDFS/data/TID2013/distorted_images/I15_11_1.BMP,5.84444,15,11,1,22.145038604736328,0.03324218300031134
i15_11_2.bmp,/kaggle/working/MDFS/data/TID2013/distorted_images/i15_11_2.bmp,4.4,15,11,2,26.85614013671875,0.03202614199972231
i15_11_3.bmp,/kaggle/working/MDFS/data/TID2013/distorted_images/i15_11_3.bmp,3.04878,15,11,3,31.47885513305664,0.033006399999976566
i15_11_4.bmp,/kaggle/working/MDFS/data/TID2013/distorted_images/i15_11_4.bmp,2.0,15,11,4,35.604209899902344,0.032483172999945964
i15_11_5.bmp,/kaggle/working/MDFS/data/TID2013/distorted_images/i15_11_5.bmp,0.65116,15,11,5,39.3406982421875,0.032333313999970414
i15_12_1.bmp,/kaggle/working/MDFS/data/TID2013/distorted_images/i15_12_1.bmp,5.66667,15,12,1,18.3649845123291,0.03315800299969851
i15_12_2.bmp,/kaggle/working/MDFS/data/TID2013/distorted_images/i15_12_2.bmp,5.40909,15,12,2,18.26807403564453,0.03221201500036841
i15_12_3.bmp,/kaggle/working/MDFS/data/TID2013/distorted_images/i15_12_3.bmp,4.22222,15,12,3,20.749032974243164,0.03290009600004851
i15_12_4.bmp,/kaggle/working/MDFS/data/TID2013/distorted_images/i15_12_4.bmp,3.2,15,12,4,19.4728946685791,0.03256646899990301
i15_12_5.bmp,/kaggle/working/MDFS/data/TID2013/distorted_images/i15_12_5.bmp,2.56818,15,12,5,21.977861404418945,0.03229440099994463
I15_13_1.BMP,/kaggle/working/MDFS/data/TID2013/distorted_images/I15_13_1.BMP,4.84091,15,13,1,19.104415893554688,0.03312057700031801
i15_13_2.bmp,/kaggle/working/MDFS/data/TID2013/distorted_images/i15_13_2.bmp,3.76744,15,13,2,21.818037033081055,0.032525352999982715
i15_13_3.bmp,/kaggle/working/MDFS/data/TID2013/distorted_images/i15_13_3.bmp,3.34884,15,13,3,22.713970184326172,0.03260365599999204
i15_13_4.bmp,/kaggle/working/MDFS/data/TID2013/distorted_images/i15_13_4.bmp,2.86364,15,13,4,20.946083068847656,0.03285105699978885
i15_13_5.bmp,/kaggle/working/MDFS/data/TID2013/distorted_images/i15_13_5.bmp,2.11364,15,13,5,24.225582122802734,0.03225669799985553
i15_14_1.bmp,/kaggle/working/MDFS/data/TID2013/distorted_images/i15_14_1.bmp,5.59091,15,14,1,18.083600997924805,0.03263406899986876
i15_14_2.bmp,/kaggle/working/MDFS/data/TID2013/distorted_images/i15_14_2.bmp,6.15556,15,14,2,18.049942016601562,0.03225221100001363
i15_14_3.bmp,/kaggle/working/MDFS/data/TID2013/distorted_images/i15_14_3.bmp,5.95556,15,14,3,18.088497161865234,0.03247016099976463
i15_14_4.bmp,/kaggle/working/MDFS/data/TID2013/distorted_images/i15_14_4.bmp,5.02381,15,14,4,18.01382064819336,0.03340059199990719
i15_14_5.bmp,/kaggle/working/MDFS/data/TID2013/distorted_images/i15_14_5.bmp,3.79545,15,14,5,18.01053810119629,0.03193442299971139
i15_15_1.bmp,/kaggle/working/MDFS/data/TID2013/distorted_images/i15_15_1.bmp,3.88636,15,15,1,18.576391220092773,0.03246795499990185
i15_15_2.bmp,/kaggle/working/MDFS/data/TID2013/distorted_images/i15_15_2.bmp,4.02273,15,15,2,18.595775604248047,0.032662449999861565
i15_15_3.bmp,/kaggle/working/MDFS/data/TID2013/distorted_images/i15_15_3.bmp,3.95455,15,15,3,18.384986877441406,0.03174432000014349
i15_15_4.bmp,/kaggle/working/MDFS/data/TID2013/distorted_images/i15_15_4.bmp,4.13636,15,15,4,18.169620513916016,0.033117339000000356
i15_15_5.bmp,/kaggle/working/MDFS/data/TID2013/distorted_images/i15_15_5.bmp,4.95455,15,15,5,18.181432723999023,0.03227576399967802
i15_16_1.bmp,/kaggle/working/MDFS/data/TID2013/distorted_images/i15_16_1.bmp,6.22727,15,16,1,18.293487548828125,0.03262341099980404
i15_16_2.bmp,/kaggle/working/MDFS/data/TID2013/distorted_images/i15_16_2.bmp,5.90698,15,16,2,18.120803833007812,0.03261812099981398
i15_16_3.bmp,/kaggle/working/MDFS/data/TID2013/distorted_images/i15_16_3.bmp,5.42222,15,16,3,18.04251480102539,0.031837141000323754
i15_16_4.bmp,/kaggle/working/MDFS/data/TID2013/distorted_images/i15_16_4.bmp,5.38636,15,16,4,18.257766723632812,0.03323333199978151
i15_16_5.bmp,/kaggle/working/MDFS/data/TID2013/distorted_images/i15_16_5.bmp,4.02326,15,16,5,18.892879486083984,0.03239688199982993
i15_17_1.bmp,/kaggle/working/MDFS/data/TID2013/distorted_images/i15_17_1.bmp,5.93182,15,17,1,18.094633102416992,0.03217704999997295
i15_17_2.bmp,/kaggle/working/MDFS/data/TID2013/distorted_images/i15_17_2.bmp,6.66667,15,17,2,18.04424476623535,0.03351730399981534
i15_17_3.bmp,/kaggle/working/MDFS/data/TID2013/distorted_images/i15_17_3.bmp,5.0,15,17,3,18.257505416870117,0.032326131999980134
i15_17_4.bmp,/kaggle/working/MDFS/data/TID2013/distorted_images/i15_17_4.bmp,6.31111,15,17,4,18.145729064941406,0.032844925000063085
i15_17_5.bmp,/kaggle/working/MDFS/data/TID2013/distorted_images/i15_17_5.bmp,3.82222,15,17,5,19.264781951904297,0.03267490300004283
i15_18_1.bmp,/kaggle/working/MDFS/data/TID2013/distorted_images/i15_18_1.bmp,5.15556,15,18,1,18.1571044921875,0.03216665299987653
i15_18_2.bmp,/kaggle/working/MDFS/data/TID2013/distorted_images/i15_18_2.bmp,4.81395,15,18,2,18.316356658935547,0.03310314100008327
i15_18_3.bmp,/kaggle/working/MDFS/data/TID2013/distorted_images/i15_18_3.bmp,4.37209,15,18,3,18.263338088989258,0.03234347499983414
i15_18_4.bmp,/kaggle/working/MDFS/data/TID2013/distorted_images/i15_18_4.bmp,4.09091,15,18,4,18.780012130737305,0.032395914000062476
i15_18_5.bmp,/kaggle/working/MDFS/data/TID2013/distorted_images/i15_18_5.bmp,3.76744,15,18,5,20.90677833557129,0.032854456000222854
i15_19_1.bmp,/kaggle/working/MDFS/data/TID2013/distorted_images/i15_19_1.bmp,5.90909,15,19,1,18.953571319580078,0.03160348400024304
i15_19_2.bmp,/kaggle/working/MDFS/data/TID2013/distorted_images/i15_19_2.bmp,5.33333,15,19,2,19.363754272460938,0.03279473999964466
i15_19_3.bmp,/kaggle/working/MDFS/data/TID2013/distorted_images/i15_19_3.bmp,4.72093,15,19,3,20.04061508178711,0.032596554000065225
i15_19_4.bmp,/kaggle/working/MDFS/data/TID2013/distorted_images/i15_19_4.bmp,4.37209,15,19,4,21.300270080566406,0.032181880999814894
i15_19_5.bmp,/kaggle/working/MDFS/data/TID2013/distorted_images/i15_19_5.bmp,3.91111,15,19,5,23.007997512817383,0.03340681800000311
i15_20_1.bmp,/kaggle/working/MDFS/data/TID2013/distorted_images/i15_20_1.bmp,6.32558,15,20,1,18.74016761779785,0.03260143399984372
i15_20_2.bmp,/kaggle/working/MDFS/data/TID2013/distorted_images/i15_20_2.bmp,5.64444,15,20,2,19.224702835083008,0.032252451999738696
i15_20_3.bmp,/kaggle/working/MDFS/data/TID2013/distorted_images/i15_20_3.bmp,4.74419,15,20,3,19.535436630249023,0.03251185099998111
i15_20_4.bmp,/kaggle/working/MDFS/data/TID2013/distorted_images/i15_20_4.bmp,3.13333,15,20,4,19.85531997680664,0.032289257000229554
i15_20_5.bmp,/kaggle/working/MDFS/data/TID2013/distorted_images/i15_20_5.bmp,2.44444,15,20,5,19.880645751953125,0.03372916499984058
i15_21_1.bmp,/kaggle/working/MDFS/data/TID2013/distorted_images/i15_21_1.bmp,5.22727,15,21,1,19.383264541625977,0.03249536699968303
i15_21_2.bmp,/kaggle/working/MDFS/data/TID2013/distorted_images/i15_21_2.bmp,4.55556,15,21,2,20.534578323364258,0.032290445000398904
i15_21_3.bmp,/kaggle/working/MDFS/data/TID2013/distorted_images/i15_21_3.bmp,3.91111,15,21,3,22.46845817565918,0.03356781899992711
i15_21_4.bmp,/kaggle/working/MDFS/data/TID2013/distorted_images/i15_21_4.bmp,3.11364,15,21,4,24.83414077758789,0.03212898200035852
i15_21_5.bmp,/kaggle/working/MDFS/data/TID2013/distorted_images/i15_21_5.bmp,2.30233,15,21,5,26.411540985107422,0.03265497500024139
i15_22_1.bmp,/kaggle/working/MDFS/data/TID2013/distorted_images/i15_22_1.bmp,6.33333,15,22,1,19.18878173828125,0.033069211000110954
i15_22_2.bmp,/kaggle/working/MDFS/data/TID2013/distorted_images/i15_22_2.bmp,5.8,15,22,2,20.255996704101562,0.031968893999874126
i15_22_3.bmp,/kaggle/working/MDFS/data/TID2013/distorted_images/i15_22_3.bmp,5.38636,15,22,3,21.427932739257812,0.03275416899987249
i15_22_4.bmp,/kaggle/working/MDFS/data/TID2013/distorted_images/i15_22_4.bmp,4.48889,15,22,4,23.193098068237305,0.03154034999988653
i15_22_5.bmp,/kaggle/working/MDFS/data/TID2013/distorted_images/i15_22_5.bmp,3.71111,15,22,5,24.454666137695312,0.03215389900014998
i15_23_1.bmp,/kaggle/working/MDFS/data/TID2013/distorted_images/i15_23_1.bmp,5.90909,15,23,1,18.351797103881836,0.03255849400011357
i15_23_2.bmp,/kaggle/working/MDFS/data/TID2013/distorted_images/i15_23_2.bmp,5.90909,15,23,2,19.133516311645508,0.032260165000025154
i15_23_3.bmp,/kaggle/working/MDFS/data/TID2013/distorted_images/i15_23_3.bmp,5.36364,15,23,3,20.5629825592041,0.033122611999715446
i15_23_4.bmp,/kaggle/working/MDFS/data/TID2013/distorted_images/i15_23_4.bmp,4.47727,15,23,4,22.56475830078125,0.03197006099981081
i15_23_5.bmp,/kaggle/working/MDFS/data/TID2013/distorted_images/i15_23_5.bmp,3.37209,15,23,5,28.31300163269043,0.03236098600018522
i15_24_1.bmp,/kaggle/working/MDFS/data/TID2013/distorted_images/i15_24_1.bmp,5.77273,15,24,1,21.32180404663086,0.03296160600029907
i15_24_2.bmp,/kaggle/working/MDFS/data/TID2013/distorted_images/i15_24_2.bmp,4.81395,15,24,2,23.735774993896484,0.03199979800001529
i15_24_3.bmp,/kaggle/working/MDFS/data/TID2013/distorted_images/i15_24_3.bmp,3.22727,15,24,3,29.997180938720703,0.03264269000010245
i15_24_4.bmp,/kaggle/working/MDFS/data/TID2013/distorted_images/i15_24_4.bmp,1.88636,15,24,4,32.35625457763672,0.03226567999990948
i15_24_5.bmp,/kaggle/working/MDFS/data/TID2013/distorted_images/i15_24_5.bmp,0.72727,15,24,5,35.81404495239258,0.032316163000359666
I16_01_1.bmp,/kaggle/working/MDFS/data/TID2013/distorted_images/I16_01_1.bmp,5.61538,16,1,1,20.003494262695312,0.03324575999977242
i16_01_2.bmp,/kaggle/working/MDFS/data/TID2013/distorted_images/i16_01_2.bmp,5.65,16,1,2,21.01361083984375,0.03218618199980483
i16_01_3.bmp,/kaggle/working/MDFS/data/TID2013/distorted_images/i16_01_3.bmp,5.02632,16,1,3,22.45913314819336,0.03287302900025679
i16_01_4.bmp,/kaggle/working/MDFS/data/TID2013/distorted_images/i16_01_4.bmp,4.15385,16,1,4,24.879884719848633,0.03270268999995096
i16_01_5.bmp,/kaggle/working/MDFS/data/TID2013/distorted_images/i16_01_5.bmp,3.94872,16,1,5,28.20160484313965,0.03210242199975255
i16_02_1.bmp,/kaggle/working/MDFS/data/TID2013/distorted_images/i16_02_1.bmp,5.9,16,2,1,19.789958953857422,0.03298802900008013
i16_02_2.bmp,/kaggle/working/MDFS/data/TID2013/distorted_images/i16_02_2.bmp,6.15,16,2,2,20.306550979614258,0.03208761499990942
i16_02_3.bmp,/kaggle/working/MDFS/data/TID2013/distorted_images/i16_02_3.bmp,5.575,16,2,3,21.996009826660156,0.03269287900002382
i16_02_4.bmp,/kaggle/working/MDFS/data/TID2013/distorted_images/i16_02_4.bmp,5.2,16,2,4,23.690048217773438,0.03327497600002971
i16_02_5.bmp,/kaggle/working/MDFS/data/TID2013/distorted_images/i16_02_5.bmp,4.61538,16,2,5,25.945444107055664,0.03211294499988071
i16_03_1.bmp,/kaggle/working/MDFS/data/TID2013/distorted_images/i16_03_1.bmp,4.74359,16,3,1,20.349365234375,0.03276626899969415
i16_03_2.bmp,/kaggle/working/MDFS/data/TID2013/distorted_images/i16_03_2.bmp,4.07895,16,3,2,21.47736930847168,0.03234363299998222
i16_03_3.bmp,/kaggle/working/MDFS/data/TID2013/distorted_images/i16_03_3.bmp,3.69231,16,3,3,22.60489845275879,0.03243604099998265
i16_03_4.bmp,/kaggle/working/MDFS/data/TID2013/distorted_images/i16_03_4.bmp,3.23684,16,3,4,24.990501403808594,0.03352945500000715
i16_03_5.bmp,/kaggle/working/MDFS/data/TID2013/distorted_images/i16_03_5.bmp,2.79487,16,3,5,29.64134979248047,0.032619607000015094
i16_04_1.bmp,/kaggle/working/MDFS/data/TID2013/distorted_images/i16_04_1.bmp,5.825,16,4,1,19.215667724609375,0.03285087799986286
i16_04_2.bmp,/kaggle/working/MDFS/data/TID2013/distorted_images/i16_04_2.bmp,5.82051,16,4,2,19.800987243652344,0.03346909700030665
i16_04_3.bmp,/kaggle/working/MDFS/data/TID2013/distorted_images/i16_04_3.bmp,5.75,16,4,3,20.962610244750977,0.03208951099986734
i16_04_4.bmp,/kaggle/working/MDFS/data/TID2013/distorted_images/i16_04_4.bmp,5.12821,16,4,4,22.658273696899414,0.03250261299990598
i16_04_5.bmp,/kaggle/working/MDFS/data/TID2013/distorted_images/i16_04_5.bmp,4.61538,16,4,5,25.046321868896484,0.03285591900021245
i16_05_1.bmp,/kaggle/working/MDFS/data/TID2013/distorted_images/i16_05_1.bmp,5.8,16,5,1,20.028718948364258,0.0320369330001995
i16_05_2.bmp,/kaggle/working/MDFS/data/TID2013/distorted_images/i16_05_2.bmp,5.61538,16,5,2,20.83153533935547,0.03326050600026065
i16_05_3.bmp,/kaggle/working/MDFS/data/TID2013/distorted_images/i16_05_3.bmp,5.23077,16,5,3,24.27410316467285,0.0324517779999951
i16_05_4.bmp,/kaggle/working/MDFS/data/TID2013/distorted_images/i16_05_4.bmp,4.35,16,5,4,30.77743148803711,0.032584835999841744
i16_05_5.bmp,/kaggle/working/MDFS/data/TID2013/distorted_images/i16_05_5.bmp,3.39474,16,5,5,40.19342803955078,0.03310564299999896
i16_06_1.bmp,/kaggle/working/MDFS/data/TID2013/distorted_images/i16_06_1.bmp,5.28205,16,6,1,18.998018264770508,0.031816009000067424
i16_06_2.bmp,/kaggle/working/MDFS/data/TID2013/distorted_images/i16_06_2.bmp,4.82051,16,6,2,19.39031982421875,0.03273393700010274
i16_06_3.bmp,/kaggle/working/MDFS/data/TID2013/distorted_images/i16_06_3.bmp,4.53846,16,6,3,20.4619083404541,0.03230845699999918
i16_06_4.bmp,/kaggle/working/MDFS/data/TID2013/distorted_images/i16_06_4.bmp,3.97368,16,6,4,23.07071876525879,0.03227934400001686
i16_06_5.bmp,/kaggle/working/MDFS/data/TID2013/distorted_images/i16_06_5.bmp,3.58974,16,6,5,27.036861419677734,0.03335097399985898
i16_07_1.bmp,/kaggle/working/MDFS/data/TID2013/distorted_images/i16_07_1.bmp,5.475,16,7,1,18.88901710510254,0.03230600599999889
i16_07_2.bmp,/kaggle/working/MDFS/data/TID2013/distorted_images/i16_07_2.bmp,4.75,16,7,2,20.430875778198242,0.03222967600004267
i16_07_3.bmp,/kaggle/working/MDFS/data/TID2013/distorted_images/i16_07_3.bmp,4.35,16,7,3,22.667320251464844,0.032554436000282294
i16_07_4.bmp,/kaggle/working/MDFS/data/TID2013/distorted_images/i16_07_4.bmp,3.66667,16,7,4,24.332733154296875,0.03174306199980492
i16_07_5.bmp,/kaggle/working/MDFS/data/TID2013/distorted_images/i16_07_5.bmp,3.10256,16,7,5,27.077068328857422,0.03269937899995057
i16_08_1.bmp,/kaggle/working/MDFS/data/TID2013/distorted_images/i16_08_1.bmp,5.82051,16,8,1,17.681306838989258,0.03181353099989792
i16_08_2.bmp,/kaggle/working/MDFS/data/TID2013/distorted_images/i16_08_2.bmp,5.225,16,8,2,18.376550674438477,0.032308741999713675
i16_08_3.bmp,/kaggle/working/MDFS/data/TID2013/distorted_images/i16_08_3.bmp,4.275,16,8,3,21.335481643676758,0.032711901999846305
i16_08_4.bmp,/kaggle/working/MDFS/data/TID2013/distorted_images/i16_08_4.bmp,3.61538,16,8,4,27.828683853149414,0.03299911100020836
i16_08_5.bmp,/kaggle/working/MDFS/data/TID2013/distorted_images/i16_08_5.bmp,2.925,16,8,5,33.77478790283203,0.0327655579999373
i16_09_1.bmp,/kaggle/working/MDFS/data/TID2013/distorted_images/i16_09_1.bmp,6.02564,16,9,1,18.640716552734375,0.03310449599985077
i16_09_2.bmp,/kaggle/working/MDFS/data/TID2013/distorted_images/i16_09_2.bmp,5.76923,16,9,2,19.153669357299805,0.03304989200023556
i16_09_3.bmp,/kaggle/working/MDFS/data/TID2013/distorted_images/i16_09_3.bmp,4.58974,16,9,3,20.440195083618164,0.03271585299989965
i16_09_4.bmp,/kaggle/working/MDFS/data/TID2013/distorted_images/i16_09_4.bmp,3.12821,16,9,4,24.126333236694336,0.03195637399994666
i16_09_5.bmp,/kaggle/working/MDFS/data/TID2013/distorted_images/i16_09_5.bmp,2.34211,16,9,5,32.80249786376953,0.032940522999979294
i16_10_1.bmp,/kaggle/working/MDFS/data/TID2013/distorted_images/i16_10_1.bmp,5.9,16,10,1,18.823158264160156,0.03232962799984307
i16_10_2.bmp,/kaggle/working/MDFS/data/TID2013/distorted_images/i16_10_2.bmp,5.76923,16,10,2,19.71542739868164,0.03232790199990632
i16_10_3.bmp,/kaggle/working/MDFS/data/TID2013/distorted_images/i16_10_3.bmp,5.25641,16,10,3,24.466205596923828,0.032835480000358075
i16_10_4.bmp,/kaggle/working/MDFS/data/TID2013/distorted_images/i16_10_4.bmp,3.61538,16,10,4,29.27302360534668,0.03182935799986808
i16_10_5.bmp,/kaggle/working/MDFS/data/TID2013/distorted_images/i16_10_5.bmp,2.46154,16,10,5,37.75400161743164,0.03269599899977038
I16_11_1.BMP,/kaggle/working/MDFS/data/TID2013/distorted_images/I16_11_1.BMP,5.875,16,11,1,21.0422306060791,0.0322728780001853
i16_11_2.bmp,/kaggle/working/MDFS/data/TID2013/distorted_images/i16_11_2.bmp,5.075,16,11,2,25.63166046142578,0.03223765099983211
i16_11_3.bmp,/kaggle/working/MDFS/data/TID2013/distorted_images/i16_11_3.bmp,2.89744,16,11,3,35.80043411254883,0.033259455999996135
i16_11_4.bmp,/kaggle/working/MDFS/data/TID2013/distorted_images/i16_11_4.bmp,2.075,16,11,4,42.4544563293457,0.0324010460003592
i16_11_5.bmp,/kaggle/working/MDFS/data/TID2013/distorted_images/i16_11_5.bmp,0.95,16,11,5,46.63357925415039,0.032496584999989864
i16_12_1.bmp,/kaggle/working/MDFS/data/TID2013/distorted_images/i16_12_1.bmp,5.875,16,12,1,18.05693244934082,0.03234920500017324
i16_12_2.bmp,/kaggle/working/MDFS/data/TID2013/distorted_images/i16_12_2.bmp,5.575,16,12,2,18.24650764465332,0.031846611999753804
i16_12_3.bmp,/kaggle/working/MDFS/data/TID2013/distorted_images/i16_12_3.bmp,4.925,16,12,3,18.04375457763672,0.033280578999892896
i16_12_4.bmp,/kaggle/working/MDFS/data/TID2013/distorted_images/i16_12_4.bmp,3.28205,16,12,4,17.77884864807129,0.03199384100025782
i16_12_5.bmp,/kaggle/working/MDFS/data/TID2013/distorted_images/i16_12_5.bmp,2.6,16,12,5,32.48471450805664,0.032431132000056095
I16_13_1.BMP,/kaggle/working/MDFS/data/TID2013/distorted_images/I16_13_1.BMP,4.6,16,13,1,19.372766494750977,0.032448921000195696
i16_13_2.bmp,/kaggle/working/MDFS/data/TID2013/distorted_images/i16_13_2.bmp,3.81579,16,13,2,19.355220794677734,0.03208636199997272
i16_13_3.bmp,/kaggle/working/MDFS/data/TID2013/distorted_images/i16_13_3.bmp,4.46154,16,13,3,20.626386642456055,0.033087619000070845
i16_13_4.bmp,/kaggle/working/MDFS/data/TID2013/distorted_images/i16_13_4.bmp,3.05128,16,13,4,21.931297302246094,0.03241526699957831
i16_13_5.bmp,/kaggle/working/MDFS/data/TID2013/distorted_images/i16_13_5.bmp,3.625,16,13,5,23.407127380371094,0.0320374080001784
i16_14_1.bmp,/kaggle/working/MDFS/data/TID2013/distorted_images/i16_14_1.bmp,5.76923,16,14,1,17.847530364990234,0.032782410999971034
i16_14_2.bmp,/kaggle/working/MDFS/data/TID2013/distorted_images/i16_14_2.bmp,6.13158,16,14,2,17.869787216186523,0.03181300000005649
i16_14_3.bmp,/kaggle/working/MDFS/data/TID2013/distorted_images/i16_14_3.bmp,5.61538,16,14,3,17.84810447692871,0.03305621100025746
i16_14_4.bmp,/kaggle/working/MDFS/data/TID2013/distorted_images/i16_14_4.bmp,5.52632,16,14,4,17.856101989746094,0.03201573800015467
i16_14_5.bmp,/kaggle/working/MDFS/data/TID2013/distorted_images/i16_14_5.bmp,4.575,16,14,5,17.781713485717773,0.03180864299974928
i16_15_1.bmp,/kaggle/working/MDFS/data/TID2013/distorted_images/i16_15_1.bmp,3.41026,16,15,1,18.31848907470703,0.033407893999992666
i16_15_2.bmp,/kaggle/working/MDFS/data/TID2013/distorted_images/i16_15_2.bmp,3.53846,16,15,2,18.21231460571289,0.03217135899967616
i16_15_3.bmp,/kaggle/working/MDFS/data/TID2013/distorted_images/i16_15_3.bmp,3.475,16,15,3,18.04996681213379,0.032597692999843275
i16_15_4.bmp,/kaggle/working/MDFS/data/TID2013/distorted_images/i16_15_4.bmp,3.65,16,15,4,17.922687530517578,0.032315581000148086
i16_15_5.bmp,/kaggle/working/MDFS/data/TID2013/distorted_images/i16_15_5.bmp,4.02632,16,15,5,17.828487396240234,0.03185816400036856
i16_16_1.bmp,/kaggle/working/MDFS/data/TID2013/distorted_images/i16_16_1.bmp,5.92308,16,16,1,17.853862762451172,0.03286811199996009
i16_16_2.bmp,/kaggle/working/MDFS/data/TID2013/distorted_images/i16_16_2.bmp,6.275,16,16,2,17.821617126464844,0.03181743400000414
i16_16_3.bmp,/kaggle/working/MDFS/data/TID2013/distorted_images/i16_16_3.bmp,5.68421,16,16,3,17.94847869873047,0.03274828600024193
i16_16_4.bmp,/kaggle/working/MDFS/data/TID2013/distorted_images/i16_16_4.bmp,5.75,16,16,4,17.710542678833008,0.03255985600026179
i16_16_5.bmp,/kaggle/working/MDFS/data/TID2013/distorted_images/i16_16_5.bmp,4.61538,16,16,5,18.233543395996094,0.03167824799993468
i16_17_1.bmp,/kaggle/working/MDFS/data/TID2013/distorted_images/i16_17_1.bmp,5.825,16,17,1,17.855186462402344,0.03263006499992116
i16_17_2.bmp,/kaggle/working/MDFS/data/TID2013/distorted_images/i16_17_2.bmp,7.1,16,17,2,18.027950286865234,0.032281029999921884
i16_17_3.bmp,/kaggle/working/MDFS/data/TID2013/distorted_images/i16_17_3.bmp,4.75,16,17,3,17.95685577392578,0.032339362999664445
i16_17_4.bmp,/kaggle/working/MDFS/data/TID2013/distorted_images/i16_17_4.bmp,6.65,16,17,4,18.443283081054688,0.03333928400024888
i16_17_5.bmp,/kaggle/working/MDFS/data/TID2013/distorted_images/i16_17_5.bmp,3.35897,16,17,5,18.57757568359375,0.03208499099991968
i16_18_1.bmp,/kaggle/working/MDFS/data/TID2013/distorted_images/i16_18_1.bmp,4.6,16,18,1,18.14065933227539,0.03258621500026493
i16_18_2.bmp,/kaggle/working/MDFS/data/TID2013/distorted_images/i16_18_2.bmp,4.39474,16,18,2,18.400869369506836,0.03277644499985399
i16_18_3.bmp,/kaggle/working/MDFS/data/TID2013/distorted_images/i16_18_3.bmp,4.05,16,18,3,19.731836318969727,0.03228682999997545
i16_18_4.bmp,/kaggle/working/MDFS/data/TID2013/distorted_images/i16_18_4.bmp,3.92308,16,18,4,18.709014892578125,0.033181953000166686
i16_18_5.bmp,/kaggle/working/MDFS/data/TID2013/distorted_images/i16_18_5.bmp,3.94737,16,18,5,18.634353637695312,0.032475611999871035
i16_19_1.bmp,/kaggle/working/MDFS/data/TID2013/distorted_images/i16_19_1.bmp,5.575,16,19,1,19.93694496154785,0.04073915399976613
i16_19_2.bmp,/kaggle/working/MDFS/data/TID2013/distorted_images/i16_19_2.bmp,5.375,16,19,2,21.294063568115234,0.034353132999967784
i16_19_3.bmp,/kaggle/working/MDFS/data/TID2013/distorted_images/i16_19_3.bmp,4.61538,16,19,3,23.007389068603516,0.03192554999986896
i16_19_4.bmp,/kaggle/working/MDFS/data/TID2013/distorted_images/i16_19_4.bmp,4.15385,16,19,4,24.379446029663086,0.031555892000142194
i16_19_5.bmp,/kaggle/working/MDFS/data/TID2013/distorted_images/i16_19_5.bmp,3.66667,16,19,5,26.023927688598633,0.03266747599991504
i16_20_1.bmp,/kaggle/working/MDFS/data/TID2013/distorted_images/i16_20_1.bmp,6.07692,16,20,1,18.84566307067871,0.03198401700001341
i16_20_2.bmp,/kaggle/working/MDFS/data/TID2013/distorted_images/i16_20_2.bmp,5.74359,16,20,2,18.82823944091797,0.03202905699981784
i16_20_3.bmp,/kaggle/working/MDFS/data/TID2013/distorted_images/i16_20_3.bmp,5.18421,16,20,3,18.747018814086914,0.03322760399987601
i16_20_4.bmp,/kaggle/working/MDFS/data/TID2013/distorted_images/i16_20_4.bmp,4.125,16,20,4,17.939117431640625,0.03190174200017282
i16_20_5.bmp,/kaggle/working/MDFS/data/TID2013/distorted_images/i16_20_5.bmp,3.58974,16,20,5,18.098451614379883,0.03273742900000798
i16_21_1.bmp,/kaggle/working/MDFS/data/TID2013/distorted_images/i16_21_1.bmp,5.825,16,21,1,18.909940719604492,0.032262707999962004
i16_21_2.bmp,/kaggle/working/MDFS/data/TID2013/distorted_images/i16_21_2.bmp,5.46154,16,21,2,19.473073959350586,0.032164362000003166
i16_21_3.bmp,/kaggle/working/MDFS/data/TID2013/distorted_images/i16_21_3.bmp,4.25641,16,21,3,20.595888137817383,0.03316264700015381
i16_21_4.bmp,/kaggle/working/MDFS/data/TID2013/distorted_images/i16_21_4.bmp,3.76923,16,21,4,22.77800941467285,0.03193022200002815
i16_21_5.bmp,/kaggle/working/MDFS/data/TID2013/distorted_images/i16_21_5.bmp,1.84615,16,21,5,29.403900146484375,0.03245159200014314
i16_22_1.bmp,/kaggle/working/MDFS/data/TID2013/distorted_images/i16_22_1.bmp,5.61538,16,22,1,19.437633514404297,0.03232077399979971
i16_22_2.bmp,/kaggle/working/MDFS/data/TID2013/distorted_images/i16_22_2.bmp,5.35,16,22,2,19.945430755615234,0.032182966000164015
i16_22_3.bmp,/kaggle/working/MDFS/data/TID2013/distorted_images/i16_22_3.bmp,4.94595,16,22,3,21.242639541625977,0.03317732999994405
i16_22_4.bmp,/kaggle/working/MDFS/data/TID2013/distorted_images/i16_22_4.bmp,3.97368,16,22,4,22.39203643798828,0.03183912700023939
i16_22_5.bmp,/kaggle/working/MDFS/data/TID2013/distorted_images/i16_22_5.bmp,2.775,16,22,5,27.734375,0.032620026000131475
i16_23_1.bmp,/kaggle/working/MDFS/data/TID2013/distorted_images/i16_23_1.bmp,6.125,16,23,1,18.671960830688477,0.03222875300025407
i16_23_2.bmp,/kaggle/working/MDFS/data/TID2013/distorted_images/i16_23_2.bmp,4.825,16,23,2,20.481674194335938,0.03240600399976756
i16_23_3.bmp,/kaggle/working/MDFS/data/TID2013/distorted_images/i16_23_3.bmp,2.7,16,23,3,32.34258270263672,0.033205551999799354
i16_23_4.bmp,/kaggle/working/MDFS/data/TID2013/distorted_images/i16_23_4.bmp,2.15789,16,23,4,38.392822265625,0.0320149730000594
i16_23_5.bmp,/kaggle/working/MDFS/data/TID2013/distorted_images/i16_23_5.bmp,1.52632,16,23,5,44.89037322998047,0.032773269999779586
i16_24_1.bmp,/kaggle/working/MDFS/data/TID2013/distorted_images/i16_24_1.bmp,5.36842,16,24,1,20.60797119140625,0.03251497399969594
i16_24_2.bmp,/kaggle/working/MDFS/data/TID2013/distorted_images/i16_24_2.bmp,4.05263,16,24,2,22.68744468688965,0.031724157000098785
i16_24_3.bmp,/kaggle/working/MDFS/data/TID2013/distorted_images/i16_24_3.bmp,2.64103,16,24,3,28.83958625793457,0.03265834099966014
i16_24_4.bmp,/kaggle/working/MDFS/data/TID2013/distorted_images/i16_24_4.bmp,1.84211,16,24,4,34.009159088134766,0.03254309199974159
i16_24_5.bmp,/kaggle/working/MDFS/data/TID2013/distorted_images/i16_24_5.bmp,0.97436,16,24,5,41.13170623779297,0.03251385199973811
I17_01_1.bmp,/kaggle/working/MDFS/data/TID2013/distorted_images/I17_01_1.bmp,5.89189,17,1,1,19.107833862304688,0.032934217999809334
i17_01_2.bmp,/kaggle/working/MDFS/data/TID2013/distorted_images/i17_01_2.bmp,5.21053,17,1,2,19.90480613708496,0.03166489399973216
i17_01_3.bmp,/kaggle/working/MDFS/data/TID2013/distorted_images/i17_01_3.bmp,5.05128,17,1,3,21.57471466064453,0.03276821499957805
i17_01_4.bmp,/kaggle/working/MDFS/data/TID2013/distorted_images/i17_01_4.bmp,4.38462,17,1,4,23.69460678100586,0.03232227199987392
i17_01_5.bmp,/kaggle/working/MDFS/data/TID2013/distorted_images/i17_01_5.bmp,3.87179,17,1,5,26.812509536743164,0.032246435000161
i17_02_1.bmp,/kaggle/working/MDFS/data/TID2013/distorted_images/i17_02_1.bmp,5.75,17,2,1,18.92270851135254,0.0331934440000623
i17_02_2.bmp,/kaggle/working/MDFS/data/TID2013/distorted_images/i17_02_2.bmp,6.0,17,2,2,19.564987182617188,0.03199941000002582
i17_02_3.bmp,/kaggle/working/MDFS/data/TID2013/distorted_images/i17_02_3.bmp,5.825,17,2,3,20.463869094848633,0.032293378000304074
i17_02_4.bmp,/kaggle/working/MDFS/data/TID2013/distorted_images/i17_02_4.bmp,5.275,17,2,4,21.91188621520996,0.032774331999917194
i17_02_5.bmp,/kaggle/working/MDFS/data/TID2013/distorted_images/i17_02_5.bmp,4.48718,17,2,5,24.039926528930664,0.03207548399996085
i17_03_1.bmp,/kaggle/working/MDFS/data/TID2013/distorted_images/i17_03_1.bmp,4.97368,17,3,1,19.222492218017578,0.032995955999922444
i17_03_2.bmp,/kaggle/working/MDFS/data/TID2013/distorted_images/i17_03_2.bmp,4.4359,17,3,2,20.476276397705078,0.032311051999840856
i17_03_3.bmp,/kaggle/working/MDFS/data/TID2013/distorted_images/i17_03_3.bmp,3.82051,17,3,3,21.9232120513916,0.032286983000176406
i17_03_4.bmp,/kaggle/working/MDFS/data/TID2013/distorted_images/i17_03_4.bmp,3.35,17,3,4,24.00223731994629,0.03247306399998706
i17_03_5.bmp,/kaggle/working/MDFS/data/TID2013/distorted_images/i17_03_5.bmp,2.89744,17,3,5,27.43027114868164,0.03188629600026616
i17_04_1.bmp,/kaggle/working/MDFS/data/TID2013/distorted_images/i17_04_1.bmp,5.76923,17,4,1,19.372852325439453,0.03300069599981725
i17_04_2.bmp,/kaggle/working/MDFS/data/TID2013/distorted_images/i17_04_2.bmp,5.97368,17,4,2,20.029449462890625,0.0325515119998272
i17_04_3.bmp,/kaggle/working/MDFS/data/TID2013/distorted_images/i17_04_3.bmp,5.33333,17,4,3,21.498638153076172,0.03226565400018444
i17_04_4.bmp,/kaggle/working/MDFS/data/TID2013/distorted_images/i17_04_4.bmp,5.23684,17,4,4,23.902347564697266,0.03325488500013307
i17_04_5.bmp,/kaggle/working/MDFS/data/TID2013/distorted_images/i17_04_5.bmp,4.73684,17,4,5,26.855331420898438,0.031903734000025
i17_05_1.bmp,/kaggle/working/MDFS/data/TID2013/distorted_images/i17_05_1.bmp,5.825,17,5,1,19.797744750976562,0.0327063999998245
i17_05_2.bmp,/kaggle/working/MDFS/data/TID2013/distorted_images/i17_05_2.bmp,5.925,17,5,2,20.685789108276367,0.032747967000432254
i17_05_3.bmp,/kaggle/working/MDFS/data/TID2013/distorted_images/i17_05_3.bmp,5.23684,17,5,3,23.831789016723633,0.03206434100002298
i17_05_4.bmp,/kaggle/working/MDFS/data/TID2013/distorted_images/i17_05_4.bmp,4.17949,17,5,4,29.707420349121094,0.032983514000079595
i17_05_5.bmp,/kaggle/working/MDFS/data/TID2013/distorted_images/i17_05_5.bmp,3.34211,17,5,5,38.57744216918945,0.03233611199993902
i17_06_1.bmp,/kaggle/working/MDFS/data/TID2013/distorted_images/i17_06_1.bmp,4.23684,17,6,1,18.547351837158203,0.0327458110000407
i17_06_2.bmp,/kaggle/working/MDFS/data/TID2013/distorted_images/i17_06_2.bmp,4.43243,17,6,2,19.48318099975586,0.03271013399989897
i17_06_3.bmp,/kaggle/working/MDFS/data/TID2013/distorted_images/i17_06_3.bmp,4.0,17,6,3,20.93118667602539,0.031622479999896314
i17_06_4.bmp,/kaggle/working/MDFS/data/TID2013/distorted_images/i17_06_4.bmp,3.55,17,6,4,23.64153289794922,0.03277876499987542
i17_06_5.bmp,/kaggle/working/MDFS/data/TID2013/distorted_images/i17_06_5.bmp,3.30769,17,6,5,28.493730545043945,0.032405921000190574
i17_07_1.bmp,/kaggle/working/MDFS/data/TID2013/distorted_images/i17_07_1.bmp,5.71795,17,7,1,18.812366485595703,0.03196299699993688
i17_07_2.bmp,/kaggle/working/MDFS/data/TID2013/distorted_images/i17_07_2.bmp,4.65789,17,7,2,19.86848258972168,0.032753009000316524
i17_07_3.bmp,/kaggle/working/MDFS/data/TID2013/distorted_images/i17_07_3.bmp,3.89744,17,7,3,23.226667404174805,0.03205712700037111
i17_07_4.bmp,/kaggle/working/MDFS/data/TID2013/distorted_images/i17_07_4.bmp,3.20513,17,7,4,24.280620574951172,0.032686672000181716
i17_07_5.bmp,/kaggle/working/MDFS/data/TID2013/distorted_images/i17_07_5.bmp,2.47368,17,7,5,26.248090744018555,0.03229676000000836
i17_08_1.bmp,/kaggle/working/MDFS/data/TID2013/distorted_images/i17_08_1.bmp,5.74359,17,8,1,17.401042938232422,0.0317573289999018
i17_08_2.bmp,/kaggle/working/MDFS/data/TID2013/distorted_images/i17_08_2.bmp,5.225,17,8,2,17.901817321777344,0.033040362000065215
i17_08_3.bmp,/kaggle/working/MDFS/data/TID2013/distorted_images/i17_08_3.bmp,4.575,17,8,3,21.003780364990234,0.0318407289996685
i17_08_4.bmp,/kaggle/working/MDFS/data/TID2013/distorted_images/i17_08_4.bmp,3.71795,17,8,4,28.0167179107666,0.03247005699995498
i17_08_5.bmp,/kaggle/working/MDFS/data/TID2013/distorted_images/i17_08_5.bmp,2.95,17,8,5,34.308353424072266,0.032402647999788314
i17_09_1.bmp,/kaggle/working/MDFS/data/TID2013/distorted_images/i17_09_1.bmp,6.025,17,9,1,18.372678756713867,0.031982586000140145
i17_09_2.bmp,/kaggle/working/MDFS/data/TID2013/distorted_images/i17_09_2.bmp,6.10526,17,9,2,18.74538803100586,0.03315473099974042
i17_09_3.bmp,/kaggle/working/MDFS/data/TID2013/distorted_images/i17_09_3.bmp,5.025,17,9,3,20.054807662963867,0.03200425200020618
i17_09_4.bmp,/kaggle/working/MDFS/data/TID2013/distorted_images/i17_09_4.bmp,3.82051,17,9,4,23.203523635864258,0.03235050600005707
i17_09_5.bmp,/kaggle/working/MDFS/data/TID2013/distorted_images/i17_09_5.bmp,2.45946,17,9,5,31.76470947265625,0.032275568000386556
i17_10_1.bmp,/kaggle/working/MDFS/data/TID2013/distorted_images/i17_10_1.bmp,6.05128,17,10,1,18.35545539855957,0.03182798699981504
i17_10_2.bmp,/kaggle/working/MDFS/data/TID2013/distorted_images/i17_10_2.bmp,5.925,17,10,2,19.090133666992188,0.03290093399982652
i17_10_3.bmp,/kaggle/working/MDFS/data/TID2013/distorted_images/i17_10_3.bmp,5.15385,17,10,3,22.745655059814453,0.03165997799987963
i17_10_4.bmp,/kaggle/working/MDFS/data/TID2013/distorted_images/i17_10_4.bmp,3.425,17,10,4,28.784719467163086,0.03223839299971587
i17_10_5.bmp,/kaggle/working/MDFS/data/TID2013/distorted_images/i17_10_5.bmp,2.25,17,10,5,33.22343826293945,0.03235936000010042
I17_11_1.BMP,/kaggle/working/MDFS/data/TID2013/distorted_images/I17_11_1.BMP,5.5641,17,11,1,20.895246505737305,0.03184525200003918
i17_11_2.bmp,/kaggle/working/MDFS/data/TID2013/distorted_images/i17_11_2.bmp,5.4359,17,11,2,24.215383529663086,0.03306671300015296
i17_11_3.bmp,/kaggle/working/MDFS/data/TID2013/distorted_images/i17_11_3.bmp,3.84615,17,11,3,30.83137321472168,0.03168430499999886
i17_11_4.bmp,/kaggle/working/MDFS/data/TID2013/distorted_images/i17_11_4.bmp,2.76923,17,11,4,37.371864318847656,0.03236233899997387
i17_11_5.bmp,/kaggle/working/MDFS/data/TID2013/distorted_images/i17_11_5.bmp,1.025,17,11,5,42.32918930053711,0.03225100100007694
i17_12_1.bmp,/kaggle/working/MDFS/data/TID2013/distorted_images/i17_12_1.bmp,5.875,17,12,1,18.070308685302734,0.03178182300007393
i17_12_2.bmp,/kaggle/working/MDFS/data/TID2013/distorted_images/i17_12_2.bmp,5.92308,17,12,2,17.88597869873047,0.033396196000012424
i17_12_3.bmp,/kaggle/working/MDFS/data/TID2013/distorted_images/i17_12_3.bmp,5.07692,17,12,3,17.917125701904297,0.031975501000033546
i17_12_4.bmp,/kaggle/working/MDFS/data/TID2013/distorted_images/i17_12_4.bmp,3.925,17,12,4,18.24576187133789,0.032161839000309556
i17_12_5.bmp,/kaggle/working/MDFS/data/TID2013/distorted_images/i17_12_5.bmp,2.48718,17,12,5,20.141944885253906,0.0322825550001653
I17_13_1.BMP,/kaggle/working/MDFS/data/TID2013/distorted_images/I17_13_1.BMP,5.15,17,13,1,18.80388641357422,0.03250169300008565
i17_13_2.bmp,/kaggle/working/MDFS/data/TID2013/distorted_images/i17_13_2.bmp,4.45,17,13,2,18.960737228393555,0.03320729300003222
i17_13_3.bmp,/kaggle/working/MDFS/data/TID2013/distorted_images/i17_13_3.bmp,3.26316,17,13,3,19.01884651184082,0.032141660999968735
i17_13_4.bmp,/kaggle/working/MDFS/data/TID2013/distorted_images/i17_13_4.bmp,2.425,17,13,4,20.20720863342285,0.03210617700005969
i17_13_5.bmp,/kaggle/working/MDFS/data/TID2013/distorted_images/i17_13_5.bmp,2.36842,17,13,5,19.702543258666992,0.03297249900015231
i17_14_1.bmp,/kaggle/working/MDFS/data/TID2013/distorted_images/i17_14_1.bmp,5.875,17,14,1,18.11475372314453,0.032102706000387116
i17_14_2.bmp,/kaggle/working/MDFS/data/TID2013/distorted_images/i17_14_2.bmp,5.79487,17,14,2,18.226011276245117,0.033012758000040776
i17_14_3.bmp,/kaggle/working/MDFS/data/TID2013/distorted_images/i17_14_3.bmp,5.52632,17,14,3,18.127649307250977,0.03234928200026843
i17_14_4.bmp,/kaggle/working/MDFS/data/TID2013/distorted_images/i17_14_4.bmp,4.35897,17,14,4,18.243099212646484,0.032047897999746056
i17_14_5.bmp,/kaggle/working/MDFS/data/TID2013/distorted_images/i17_14_5.bmp,3.525,17,14,5,18.374948501586914,0.0330950100001246
i17_15_1.bmp,/kaggle/working/MDFS/data/TID2013/distorted_images/i17_15_1.bmp,3.55,17,15,1,18.907758712768555,0.03202643800022997
i17_15_2.bmp,/kaggle/working/MDFS/data/TID2013/distorted_images/i17_15_2.bmp,3.41026,17,15,2,18.716915130615234,0.03265850699972361
i17_15_3.bmp,/kaggle/working/MDFS/data/TID2013/distorted_images/i17_15_3.bmp,3.25641,17,15,3,18.407785415649414,0.03240313400010564
i17_15_4.bmp,/kaggle/working/MDFS/data/TID2013/distorted_images/i17_15_4.bmp,3.625,17,15,4,18.313135147094727,0.031917831000100705
i17_15_5.bmp,/kaggle/working/MDFS/data/TID2013/distorted_images/i17_15_5.bmp,4.0,17,15,5,18.303983688354492,0.033226206000108505
i17_16_1.bmp,/kaggle/working/MDFS/data/TID2013/distorted_images/i17_16_1.bmp,5.925,17,16,1,18.2666072845459,0.03170587100021294
i17_16_2.bmp,/kaggle/working/MDFS/data/TID2013/distorted_images/i17_16_2.bmp,6.025,17,16,2,18.018590927124023,0.03215922399976989
i17_16_3.bmp,/kaggle/working/MDFS/data/TID2013/distorted_images/i17_16_3.bmp,5.57895,17,16,3,18.387500762939453,0.03218438000021706
i17_16_4.bmp,/kaggle/working/MDFS/data/TID2013/distorted_images/i17_16_4.bmp,5.15789,17,16,4,17.96872901916504,0.03198183100039387
i17_16_5.bmp,/kaggle/working/MDFS/data/TID2013/distorted_images/i17_16_5.bmp,4.17949,17,16,5,18.71809196472168,0.03304698600004485
i17_17_1.bmp,/kaggle/working/MDFS/data/TID2013/distorted_images/i17_17_1.bmp,5.575,17,17,1,18.129859924316406,0.03170037800009595
i17_17_2.bmp,/kaggle/working/MDFS/data/TID2013/distorted_images/i17_17_2.bmp,6.625,17,17,2,18.18692970275879,0.03226230399968699
i17_17_3.bmp,/kaggle/working/MDFS/data/TID2013/distorted_images/i17_17_3.bmp,4.48718,17,17,3,18.29975128173828,0.032207688999733364
i17_17_4.bmp,/kaggle/working/MDFS/data/TID2013/distorted_images/i17_17_4.bmp,7.1,17,17,4,18.236106872558594,0.03194819899999857
i17_17_5.bmp,/kaggle/working/MDFS/data/TID2013/distorted_images/i17_17_5.bmp,3.36842,17,17,5,18.917911529541016,0.03300841700001911
i17_18_1.bmp,/kaggle/working/MDFS/data/TID2013/distorted_images/i17_18_1.bmp,4.55,17,18,1,19.541746139526367,0.03199740099989867
i17_18_2.bmp,/kaggle/working/MDFS/data/TID2013/distorted_images/i17_18_2.bmp,4.07692,17,18,2,20.91777801513672,0.032496765999894706
i17_18_3.bmp,/kaggle/working/MDFS/data/TID2013/distorted_images/i17_18_3.bmp,4.12821,17,18,3,19.016401290893555,0.03254448499956197
i17_18_4.bmp,/kaggle/working/MDFS/data/TID2013/distorted_images/i17_18_4.bmp,3.82051,17,18,4,18.91651153564453,0.03239161400006196
i17_18_5.bmp,/kaggle/working/MDFS/data/TID2013/distorted_images/i17_18_5.bmp,3.71795,17,18,5,18.96998405456543,0.033162184000048
i17_19_1.bmp,/kaggle/working/MDFS/data/TID2013/distorted_images/i17_19_1.bmp,5.725,17,19,1,19.004329681396484,0.03212913099969228
i17_19_2.bmp,/kaggle/working/MDFS/data/TID2013/distorted_images/i17_19_2.bmp,5.33333,17,19,2,19.828184127807617,0.03235969500019564
i17_19_3.bmp,/kaggle/working/MDFS/data/TID2013/distorted_images/i17_19_3.bmp,4.76923,17,19,3,21.005342483520508,0.03280087600023762
i17_19_4.bmp,/kaggle/working/MDFS/data/TID2013/distorted_images/i17_19_4.bmp,4.30769,17,19,4,21.21393585205078,0.03155390200026886
i17_19_5.bmp,/kaggle/working/MDFS/data/TID2013/distorted_images/i17_19_5.bmp,3.92308,17,19,5,23.08774185180664,0.03290440000000672
i17_20_1.bmp,/kaggle/working/MDFS/data/TID2013/distorted_images/i17_20_1.bmp,5.75,17,20,1,18.459808349609375,0.03253136100011034
i17_20_2.bmp,/kaggle/working/MDFS/data/TID2013/distorted_images/i17_20_2.bmp,5.45,17,20,2,18.82291030883789,0.03232678299991676
i17_20_3.bmp,/kaggle/working/MDFS/data/TID2013/distorted_images/i17_20_3.bmp,4.86842,17,20,3,19.142749786376953,0.033035121000011713
i17_20_4.bmp,/kaggle/working/MDFS/data/TID2013/distorted_images/i17_20_4.bmp,4.36842,17,20,4,18.99308204650879,0.031658446000164986
i17_20_5.bmp,/kaggle/working/MDFS/data/TID2013/distorted_images/i17_20_5.bmp,2.86486,17,20,5,18.07975959777832,0.033008917000188376
i17_21_1.bmp,/kaggle/working/MDFS/data/TID2013/distorted_images/i17_21_1.bmp,5.425,17,21,1,18.573654174804688,0.0326817850000225
i17_21_2.bmp,/kaggle/working/MDFS/data/TID2013/distorted_images/i17_21_2.bmp,4.79487,17,21,2,19.43280792236328,0.031970893000107026
i17_21_3.bmp,/kaggle/working/MDFS/data/TID2013/distorted_images/i17_21_3.bmp,4.25,17,21,3,20.030229568481445,0.0333353559999523
i17_21_4.bmp,/kaggle/working/MDFS/data/TID2013/distorted_images/i17_21_4.bmp,3.38462,17,21,4,21.94211196899414,0.03168826900036947
i17_21_5.bmp,/kaggle/working/MDFS/data/TID2013/distorted_images/i17_21_5.bmp,2.52632,17,21,5,25.510135650634766,0.03247153200027242
i17_22_1.bmp,/kaggle/working/MDFS/data/TID2013/distorted_images/i17_22_1.bmp,5.975,17,22,1,19.225027084350586,0.0323769869996795
i17_22_2.bmp,/kaggle/working/MDFS/data/TID2013/distorted_images/i17_22_2.bmp,5.61538,17,22,2,20.75387954711914,0.03227323300006901
i17_22_3.bmp,/kaggle/working/MDFS/data/TID2013/distorted_images/i17_22_3.bmp,4.34211,17,22,3,24.07691764831543,0.033408963000056247
i17_22_4.bmp,/kaggle/working/MDFS/data/TID2013/distorted_images/i17_22_4.bmp,3.58974,17,22,4,25.2962703704834,0.03231261800010543
i17_22_5.bmp,/kaggle/working/MDFS/data/TID2013/distorted_images/i17_22_5.bmp,2.89744,17,22,5,26.96146011352539,0.032226588999947126
i17_23_1.bmp,/kaggle/working/MDFS/data/TID2013/distorted_images/i17_23_1.bmp,5.9,17,23,1,18.660972595214844,0.03306378399975074
i17_23_2.bmp,/kaggle/working/MDFS/data/TID2013/distorted_images/i17_23_2.bmp,5.9,17,23,2,19.564287185668945,0.0317650130000402
i17_23_3.bmp,/kaggle/working/MDFS/data/TID2013/distorted_images/i17_23_3.bmp,4.5641,17,23,3,20.670175552368164,0.032576262000020506
i17_23_4.bmp,/kaggle/working/MDFS/data/TID2013/distorted_images/i17_23_4.bmp,3.15385,17,23,4,27.789384841918945,0.03209088599987808
i17_23_5.bmp,/kaggle/working/MDFS/data/TID2013/distorted_images/i17_23_5.bmp,1.92308,17,23,5,34.73716354370117,0.03233554099961111
i17_24_1.bmp,/kaggle/working/MDFS/data/TID2013/distorted_images/i17_24_1.bmp,6.05,17,24,1,19.80560302734375,0.032787385000119684
i17_24_2.bmp,/kaggle/working/MDFS/data/TID2013/distorted_images/i17_24_2.bmp,5.525,17,24,2,22.069761276245117,0.03215033099968423
i17_24_3.bmp,/kaggle/working/MDFS/data/TID2013/distorted_images/i17_24_3.bmp,3.97368,17,24,3,27.498878479003906,0.033065351999994164
i17_24_4.bmp,/kaggle/working/MDFS/data/TID2013/distorted_images/i17_24_4.bmp,2.02564,17,24,4,32.693199157714844,0.03271285500022714
i17_24_5.bmp,/kaggle/working/MDFS/data/TID2013/distorted_images/i17_24_5.bmp,0.34211,17,24,5,33.7587776184082,0.032001179999952
I18_01_1.bmp,/kaggle/working/MDFS/data/TID2013/distorted_images/I18_01_1.bmp,5.69048,18,1,1,17.944599151611328,0.03298937199997454
i18_01_2.bmp,/kaggle/working/MDFS/data/TID2013/distorted_images/i18_01_2.bmp,5.41463,18,1,2,18.283506393432617,0.03209757900003751
i18_01_3.bmp,/kaggle/working/MDFS/data/TID2013/distorted_images/i18_01_3.bmp,4.85,18,1,3,19.302474975585938,0.032395974999872124
i18_01_4.bmp,/kaggle/working/MDFS/data/TID2013/distorted_images/i18_01_4.bmp,4.46341,18,1,4,20.82928466796875,0.032037383999977465
i18_01_5.bmp,/kaggle/working/MDFS/data/TID2013/distorted_images/i18_01_5.bmp,4.0,18,1,5,23.303560256958008,0.03201905300011276
i18_02_1.bmp,/kaggle/working/MDFS/data/TID2013/distorted_images/i18_02_1.bmp,5.95122,18,2,1,17.710987091064453,0.0333329230002164
i18_02_2.bmp,/kaggle/working/MDFS/data/TID2013/distorted_images/i18_02_2.bmp,5.88095,18,2,2,17.962242126464844,0.03241718500021307
i18_02_3.bmp,/kaggle/working/MDFS/data/TID2013/distorted_images/i18_02_3.bmp,5.7381,18,2,3,18.47994041442871,0.03242396799987546
i18_02_4.bmp,/kaggle/working/MDFS/data/TID2013/distorted_images/i18_02_4.bmp,4.63415,18,2,4,19.447275161743164,0.033027029000095354
i18_02_5.bmp,/kaggle/working/MDFS/data/TID2013/distorted_images/i18_02_5.bmp,4.2439,18,2,5,20.994361877441406,0.031674338999891916
i18_03_1.bmp,/kaggle/working/MDFS/data/TID2013/distorted_images/i18_03_1.bmp,4.97619,18,3,1,18.024076461791992,0.03281605700021828
i18_03_2.bmp,/kaggle/working/MDFS/data/TID2013/distorted_images/i18_03_2.bmp,4.55,18,3,2,18.677289962768555,0.032104158000038296
i18_03_3.bmp,/kaggle/working/MDFS/data/TID2013/distorted_images/i18_03_3.bmp,3.7381,18,3,3,19.473543167114258,0.03193691399974341
i18_03_4.bmp,/kaggle/working/MDFS/data/TID2013/distorted_images/i18_03_4.bmp,3.11905,18,3,4,20.940746307373047,0.03302490399983071
i18_03_5.bmp,/kaggle/working/MDFS/data/TID2013/distorted_images/i18_03_5.bmp,2.54762,18,3,5,23.532676696777344,0.03169331700019029
i18_04_1.bmp,/kaggle/working/MDFS/data/TID2013/distorted_images/i18_04_1.bmp,6.175,18,4,1,17.914400100708008,0.03278833000013037
i18_04_2.bmp,/kaggle/working/MDFS/data/TID2013/distorted_images/i18_04_2.bmp,5.88095,18,4,2,18.203638076782227,0.032452742000259605
i18_04_3.bmp,/kaggle/working/MDFS/data/TID2013/distorted_images/i18_04_3.bmp,5.87805,18,4,3,18.83632469177246,0.031852678999712225
i18_04_4.bmp,/kaggle/working/MDFS/data/TID2013/distorted_images/i18_04_4.bmp,5.31707,18,4,4,20.082435607910156,0.03293915299991568
i18_04_5.bmp,/kaggle/working/MDFS/data/TID2013/distorted_images/i18_04_5.bmp,4.34146,18,4,5,22.265703201293945,0.03171521600006599
i18_05_1.bmp,/kaggle/working/MDFS/data/TID2013/distorted_images/i18_05_1.bmp,6.2439,18,5,1,18.053892135620117,0.03266644599989377
i18_05_2.bmp,/kaggle/working/MDFS/data/TID2013/distorted_images/i18_05_2.bmp,5.60976,18,5,2,18.62594985961914,0.03204623600004197
i18_05_3.bmp,/kaggle/working/MDFS/data/TID2013/distorted_images/i18_05_3.bmp,5.17073,18,5,3,21.18846893310547,0.031924939999953494
i18_05_4.bmp,/kaggle/working/MDFS/data/TID2013/distorted_images/i18_05_4.bmp,4.0,18,5,4,26.42642593383789,0.03298004899988882
i18_05_5.bmp,/kaggle/working/MDFS/data/TID2013/distorted_images/i18_05_5.bmp,3.125,18,5,5,35.6192741394043,0.032152557000245
i18_06_1.bmp,/kaggle/working/MDFS/data/TID2013/distorted_images/i18_06_1.bmp,4.57143,18,6,1,17.834583282470703,0.032750261000273895
i18_06_2.bmp,/kaggle/working/MDFS/data/TID2013/distorted_images/i18_06_2.bmp,4.15,18,6,2,18.330001831054688,0.03262044599978253
i18_06_3.bmp,/kaggle/working/MDFS/data/TID2013/distorted_images/i18_06_3.bmp,3.80952,18,6,3,18.963502883911133,0.03195227700007308
i18_06_4.bmp,/kaggle/working/MDFS/data/TID2013/distorted_images/i18_06_4.bmp,3.73171,18,6,4,20.453861236572266,0.033380819000285555
i18_06_5.bmp,/kaggle/working/MDFS/data/TID2013/distorted_images/i18_06_5.bmp,3.19512,18,6,5,23.270423889160156,0.032400737999978446
i18_07_1.bmp,/kaggle/working/MDFS/data/TID2013/distorted_images/i18_07_1.bmp,5.57143,18,7,1,17.79450225830078,0.03245919600021807
i18_07_2.bmp,/kaggle/working/MDFS/data/TID2013/distorted_images/i18_07_2.bmp,4.92857,18,7,2,18.257505416870117,0.03304515799982255
i18_07_3.bmp,/kaggle/working/MDFS/data/TID2013/distorted_images/i18_07_3.bmp,4.21429,18,7,3,19.765119552612305,0.032131707000189635
i18_07_4.bmp,/kaggle/working/MDFS/data/TID2013/distorted_images/i18_07_4.bmp,3.40476,18,7,4,22.00762939453125,0.03263840799991158
i18_07_5.bmp,/kaggle/working/MDFS/data/TID2013/distorted_images/i18_07_5.bmp,3.0,18,7,5,24.48358917236328,0.03226122199976089
i18_08_1.bmp,/kaggle/working/MDFS/data/TID2013/distorted_images/i18_08_1.bmp,5.69048,18,8,1,17.187541961669922,0.032082661999993434
i18_08_2.bmp,/kaggle/working/MDFS/data/TID2013/distorted_images/i18_08_2.bmp,4.65854,18,8,2,17.863357543945312,0.033549554999808606
i18_08_3.bmp,/kaggle/working/MDFS/data/TID2013/distorted_images/i18_08_3.bmp,4.14286,18,8,3,20.725765228271484,0.03206768000018201
i18_08_4.bmp,/kaggle/working/MDFS/data/TID2013/distorted_images/i18_08_4.bmp,3.04762,18,8,4,26.993619918823242,0.03259995600001275
i18_08_5.bmp,/kaggle/working/MDFS/data/TID2013/distorted_images/i18_08_5.bmp,2.04878,18,8,5,32.755859375,0.03213604399979886
i18_09_1.bmp,/kaggle/working/MDFS/data/TID2013/distorted_images/i18_09_1.bmp,6.02439,18,9,1,17.551597595214844,0.031925361000048724
i18_09_2.bmp,/kaggle/working/MDFS/data/TID2013/distorted_images/i18_09_2.bmp,5.88095,18,9,2,17.920190811157227,0.033156053999846336
i18_09_3.bmp,/kaggle/working/MDFS/data/TID2013/distorted_images/i18_09_3.bmp,4.2619,18,9,3,18.6427001953125,0.0318203340002583
i18_09_4.bmp,/kaggle/working/MDFS/data/TID2013/distorted_images/i18_09_4.bmp,3.02439,18,9,4,21.40653419494629,0.03248269900041123
i18_09_5.bmp,/kaggle/working/MDFS/data/TID2013/distorted_images/i18_09_5.bmp,1.70732,18,9,5,29.2625789642334,0.03234517999999298
i18_10_1.bmp,/kaggle/working/MDFS/data/TID2013/distorted_images/i18_10_1.bmp,6.07317,18,10,1,18.037527084350586,0.03184361900002841
i18_10_2.bmp,/kaggle/working/MDFS/data/TID2013/distorted_images/i18_10_2.bmp,5.78049,18,10,2,18.74378204345703,0.033245801999783
i18_10_3.bmp,/kaggle/working/MDFS/data/TID2013/distorted_images/i18_10_3.bmp,4.675,18,10,3,22.217880249023438,0.03189273199996023
i18_10_4.bmp,/kaggle/working/MDFS/data/TID2013/distorted_images/i18_10_4.bmp,3.5,18,10,4,28.63878631591797,0.03280989099994258
i18_10_5.bmp,/kaggle/working/MDFS/data/TID2013/distorted_images/i18_10_5.bmp,2.17073,18,10,5,32.461727142333984,0.03257698600009462
I18_11_1.BMP,/kaggle/working/MDFS/data/TID2013/distorted_images/I18_11_1.BMP,5.80488,18,11,1,18.435348510742188,0.032052361000296514
i18_11_2.bmp,/kaggle/working/MDFS/data/TID2013/distorted_images/i18_11_2.bmp,5.5,18,11,2,20.664899826049805,0.032703549999951065
i18_11_3.bmp,/kaggle/working/MDFS/data/TID2013/distorted_images/i18_11_3.bmp,4.5122,18,11,3,24.112993240356445,0.0321258389999457
i18_11_4.bmp,/kaggle/working/MDFS/data/TID2013/distorted_images/i18_11_4.bmp,3.07143,18,11,4,30.204683303833008,0.03213167700005215
i18_11_5.bmp,/kaggle/working/MDFS/data/TID2013/distorted_images/i18_11_5.bmp,1.0,18,11,5,37.76857376098633,0.032255739999982325
i18_12_1.bmp,/kaggle/working/MDFS/data/TID2013/distorted_images/i18_12_1.bmp,6.35714,18,12,1,17.59122085571289,0.032126515000072686
i18_12_2.bmp,/kaggle/working/MDFS/data/TID2013/distorted_images/i18_12_2.bmp,5.36585,18,12,2,17.459442138671875,0.03270700300026874
i18_12_3.bmp,/kaggle/working/MDFS/data/TID2013/distorted_images/i18_12_3.bmp,5.56098,18,12,3,17.55652618408203,0.032025323000198114
i18_12_4.bmp,/kaggle/working/MDFS/data/TID2013/distorted_images/i18_12_4.bmp,4.925,18,12,4,17.536239624023438,0.032747882999956346
i18_12_5.bmp,/kaggle/working/MDFS/data/TID2013/distorted_images/i18_12_5.bmp,2.65854,18,12,5,18.01850128173828,0.033007657999860385
I18_13_1.BMP,/kaggle/working/MDFS/data/TID2013/distorted_images/I18_13_1.BMP,4.14634,18,13,1,17.078754425048828,0.03202537100014524
i18_13_2.bmp,/kaggle/working/MDFS/data/TID2013/distorted_images/i18_13_2.bmp,4.35714,18,13,2,18.647464752197266,0.032958528000108345
i18_13_3.bmp,/kaggle/working/MDFS/data/TID2013/distorted_images/i18_13_3.bmp,3.88095,18,13,3,19.353717803955078,0.032827146999807155
i18_13_4.bmp,/kaggle/working/MDFS/data/TID2013/distorted_images/i18_13_4.bmp,2.90244,18,13,4,19.80708885192871,0.03193614099973274
i18_13_5.bmp,/kaggle/working/MDFS/data/TID2013/distorted_images/i18_13_5.bmp,2.46341,18,13,5,21.258193969726562,0.03289046000008966
i18_14_1.bmp,/kaggle/working/MDFS/data/TID2013/distorted_images/i18_14_1.bmp,4.95122,18,14,1,17.506092071533203,0.03203611999970235
i18_14_2.bmp,/kaggle/working/MDFS/data/TID2013/distorted_images/i18_14_2.bmp,6.0,18,14,2,17.501731872558594,0.03284768100002111
i18_14_3.bmp,/kaggle/working/MDFS/data/TID2013/distorted_images/i18_14_3.bmp,4.19512,18,14,3,17.466402053833008,0.03231878299993696
i18_14_4.bmp,/kaggle/working/MDFS/data/TID2013/distorted_images/i18_14_4.bmp,4.16667,18,14,4,17.417848587036133,0.032152731000223866
i18_14_5.bmp,/kaggle/working/MDFS/data/TID2013/distorted_images/i18_14_5.bmp,3.34146,18,14,5,17.41547393798828,0.03309977499975503
i18_15_1.bmp,/kaggle/working/MDFS/data/TID2013/distorted_images/i18_15_1.bmp,3.21951,18,15,1,18.14606475830078,0.0318246619999627
i18_15_2.bmp,/kaggle/working/MDFS/data/TID2013/distorted_images/i18_15_2.bmp,3.34146,18,15,2,17.993030548095703,0.03213823400028559
i18_15_3.bmp,/kaggle/working/MDFS/data/TID2013/distorted_images/i18_15_3.bmp,3.2,18,15,3,17.88489532470703,0.03235832499967728
i18_15_4.bmp,/kaggle/working/MDFS/data/TID2013/distorted_images/i18_15_4.bmp,3.525,18,15,4,17.676925659179688,0.03175551300000734
i18_15_5.bmp,/kaggle/working/MDFS/data/TID2013/distorted_images/i18_15_5.bmp,3.95238,18,15,5,17.54208755493164,0.03284839200023271
i18_16_1.bmp,/kaggle/working/MDFS/data/TID2013/distorted_images/i18_16_1.bmp,6.41463,18,16,1,17.51767349243164,0.03181967099999383
i18_16_2.bmp,/kaggle/working/MDFS/data/TID2013/distorted_images/i18_16_2.bmp,5.95238,18,16,2,17.523235321044922,0.03213478599991504
i18_16_3.bmp,/kaggle/working/MDFS/data/TID2013/distorted_images/i18_16_3.bmp,5.69048,18,16,3,17.540943145751953,0.03273996999996598
i18_16_4.bmp,/kaggle/working/MDFS/data/TID2013/distorted_images/i18_16_4.bmp,5.0,18,16,4,17.651491165161133,0.03189151700007642
i18_16_5.bmp,/kaggle/working/MDFS/data/TID2013/distorted_images/i18_16_5.bmp,4.25641,18,16,5,18.04000473022461,0.03331748199980211
i18_17_1.bmp,/kaggle/working/MDFS/data/TID2013/distorted_images/i18_17_1.bmp,5.92857,18,17,1,17.49728012084961,0.032297909000135405
i18_17_2.bmp,/kaggle/working/MDFS/data/TID2013/distorted_images/i18_17_2.bmp,6.09756,18,17,2,17.61046028137207,0.03226307100021586
i18_17_3.bmp,/kaggle/working/MDFS/data/TID2013/distorted_images/i18_17_3.bmp,4.41463,18,17,3,17.625967025756836,0.03272828200033473
i18_17_4.bmp,/kaggle/working/MDFS/data/TID2013/distorted_images/i18_17_4.bmp,5.90476,18,17,4,17.75921058654785,0.03213218799965034
i18_17_5.bmp,/kaggle/working/MDFS/data/TID2013/distorted_images/i18_17_5.bmp,3.4878,18,17,5,18.254531860351562,0.0330220669998198
i18_18_1.bmp,/kaggle/working/MDFS/data/TID2013/distorted_images/i18_18_1.bmp,5.02439,18,18,1,17.520017623901367,0.032416259000001446
i18_18_2.bmp,/kaggle/working/MDFS/data/TID2013/distorted_images/i18_18_2.bmp,4.8,18,18,2,17.548786163330078,0.032028797999828384
i18_18_3.bmp,/kaggle/working/MDFS/data/TID2013/distorted_images/i18_18_3.bmp,4.35714,18,18,3,17.82257843017578,0.033452817000124924
i18_18_4.bmp,/kaggle/working/MDFS/data/TID2013/distorted_images/i18_18_4.bmp,4.07143,18,18,4,19.16130256652832,0.03238458800024091
i18_18_5.bmp,/kaggle/working/MDFS/data/TID2013/distorted_images/i18_18_5.bmp,4.09524,18,18,5,20.887990951538086,0.03259159999970507
i18_19_1.bmp,/kaggle/working/MDFS/data/TID2013/distorted_images/i18_19_1.bmp,5.14286,18,19,1,17.76947784423828,0.03236164899999494
i18_19_2.bmp,/kaggle/working/MDFS/data/TID2013/distorted_images/i18_19_2.bmp,5.07143,18,19,2,18.12203598022461,0.0320701820000977
i18_19_3.bmp,/kaggle/working/MDFS/data/TID2013/distorted_images/i18_19_3.bmp,4.375,18,19,3,19.146892547607422,0.033471012999598315
i18_19_4.bmp,/kaggle/working/MDFS/data/TID2013/distorted_images/i18_19_4.bmp,3.85366,18,19,4,20.581501007080078,0.03230353199978708
i18_19_5.bmp,/kaggle/working/MDFS/data/TID2013/distorted_images/i18_19_5.bmp,3.70732,18,19,5,23.34642219543457,0.032161649000045145
i18_20_1.bmp,/kaggle/working/MDFS/data/TID2013/distorted_images/i18_20_1.bmp,6.16667,18,20,1,17.770593643188477,0.03284622099999979
i18_20_2.bmp,/kaggle/working/MDFS/data/TID2013/distorted_images/i18_20_2.bmp,5.57143,18,20,2,18.02768325805664,0.031714942999769846
i18_20_3.bmp,/kaggle/working/MDFS/data/TID2013/distorted_images/i18_20_3.bmp,5.36585,18,20,3,18.329370498657227,0.03277581400016061
i18_20_4.bmp,/kaggle/working/MDFS/data/TID2013/distorted_images/i18_20_4.bmp,4.36585,18,20,4,18.866649627685547,0.03215045099977942
i18_20_5.bmp,/kaggle/working/MDFS/data/TID2013/distorted_images/i18_20_5.bmp,3.325,18,20,5,19.148523330688477,0.03209924399970987
i18_21_1.bmp,/kaggle/working/MDFS/data/TID2013/distorted_images/i18_21_1.bmp,5.52381,18,21,1,17.736984252929688,0.03278435900028853
i18_21_2.bmp,/kaggle/working/MDFS/data/TID2013/distorted_images/i18_21_2.bmp,5.34146,18,21,2,18.097862243652344,0.03151059299989356
i18_21_3.bmp,/kaggle/working/MDFS/data/TID2013/distorted_images/i18_21_3.bmp,4.5,18,21,3,18.908477783203125,0.03272739299973182
i18_21_4.bmp,/kaggle/working/MDFS/data/TID2013/distorted_images/i18_21_4.bmp,3.2619,18,21,4,20.443214416503906,0.032254584999918734
i18_21_5.bmp,/kaggle/working/MDFS/data/TID2013/distorted_images/i18_21_5.bmp,2.31707,18,21,5,23.75094223022461,0.03224655099984375
i18_22_1.bmp,/kaggle/working/MDFS/data/TID2013/distorted_images/i18_22_1.bmp,5.71429,18,22,1,17.789392471313477,0.03313634200003435
i18_22_2.bmp,/kaggle/working/MDFS/data/TID2013/distorted_images/i18_22_2.bmp,4.40476,18,22,2,18.42266845703125,0.03178327400019043
i18_22_3.bmp,/kaggle/working/MDFS/data/TID2013/distorted_images/i18_22_3.bmp,3.68293,18,22,3,19.507413864135742,0.03255866299969057
i18_22_4.bmp,/kaggle/working/MDFS/data/TID2013/distorted_images/i18_22_4.bmp,2.95238,18,22,4,21.379709243774414,0.032188915999995515
i18_22_5.bmp,/kaggle/working/MDFS/data/TID2013/distorted_images/i18_22_5.bmp,2.33333,18,22,5,25.363155364990234,0.03194825299988224
i18_23_1.bmp,/kaggle/working/MDFS/data/TID2013/distorted_images/i18_23_1.bmp,6.30952,18,23,1,17.674945831298828,0.03318616499973359
i18_23_2.bmp,/kaggle/working/MDFS/data/TID2013/distorted_images/i18_23_2.bmp,6.19048,18,23,2,18.191009521484375,0.032126217000040924
i18_23_3.bmp,/kaggle/working/MDFS/data/TID2013/distorted_images/i18_23_3.bmp,6.075,18,23,3,18.808385848999023,0.032710211999983585
i18_23_4.bmp,/kaggle/working/MDFS/data/TID2013/distorted_images/i18_23_4.bmp,5.92857,18,23,4,19.351526260375977,0.03202655999984927
i18_23_5.bmp,/kaggle/working/MDFS/data/TID2013/distorted_images/i18_23_5.bmp,4.0,18,23,5,20.641857147216797,0.03202322800007096
i18_24_1.bmp,/kaggle/working/MDFS/data/TID2013/distorted_images/i18_24_1.bmp,5.90244,18,24,1,17.99711799621582,0.033165449000080116
i18_24_2.bmp,/kaggle/working/MDFS/data/TID2013/distorted_images/i18_24_2.bmp,5.59524,18,24,2,19.492626190185547,0.032047427000179596
i18_24_3.bmp,/kaggle/working/MDFS/data/TID2013/distorted_images/i18_24_3.bmp,4.58537,18,24,3,21.661832809448242,0.032591479000075196
i18_24_4.bmp,/kaggle/working/MDFS/data/TID2013/distorted_images/i18_24_4.bmp,3.21951,18,24,4,26.099992752075195,0.03216216400005578
i18_24_5.bmp,/kaggle/working/MDFS/data/TID2013/distorted_images/i18_24_5.bmp,1.02381,18,24,5,34.40999984741211,0.03201240499993219
I19_01_1.bmp,/kaggle/working/MDFS/data/TID2013/distorted_images/I19_01_1.bmp,5.72973,19,1,1,18.5842227935791,0.033320565999929386
i19_01_2.bmp,/kaggle/working/MDFS/data/TID2013/distorted_images/i19_01_2.bmp,5.10811,19,1,2,19.214374542236328,0.03183664499965744
i19_01_3.bmp,/kaggle/working/MDFS/data/TID2013/distorted_images/i19_01_3.bmp,4.60526,19,1,3,20.45175552368164,0.032189911999921605
i19_01_4.bmp,/kaggle/working/MDFS/data/TID2013/distorted_images/i19_01_4.bmp,4.13514,19,1,4,22.332256317138672,0.03248128999985056
i19_01_5.bmp,/kaggle/working/MDFS/data/TID2013/distorted_images/i19_01_5.bmp,3.56757,19,1,5,24.597795486450195,0.032190506999995705
i19_02_1.bmp,/kaggle/working/MDFS/data/TID2013/distorted_images/i19_02_1.bmp,6.08108,19,2,1,18.235429763793945,0.033063489000142
i19_02_2.bmp,/kaggle/working/MDFS/data/TID2013/distorted_images/i19_02_2.bmp,5.64865,19,2,2,18.835739135742188,0.03215165700021316
i19_02_3.bmp,/kaggle/working/MDFS/data/TID2013/distorted_images/i19_02_3.bmp,5.57895,19,2,3,19.94728660583496,0.03202426999996533
i19_02_4.bmp,/kaggle/working/MDFS/data/TID2013/distorted_images/i19_02_4.bmp,5.0,19,2,4,21.532766342163086,0.03236175599977287
i19_02_5.bmp,/kaggle/working/MDFS/data/TID2013/distorted_images/i19_02_5.bmp,4.47222,19,2,5,23.209537506103516,0.031691343000147754
i19_03_1.bmp,/kaggle/working/MDFS/data/TID2013/distorted_images/i19_03_1.bmp,4.66667,19,3,1,18.48094940185547,0.03266326100037986
i19_03_2.bmp,/kaggle/working/MDFS/data/TID2013/distorted_images/i19_03_2.bmp,4.05405,19,3,2,19.2828426361084,0.031732073000057426
i19_03_3.bmp,/kaggle/working/MDFS/data/TID2013/distorted_images/i19_03_3.bmp,3.63158,19,3,3,20.098224639892578,0.032028508999701444
i19_03_4.bmp,/kaggle/working/MDFS/data/TID2013/distorted_images/i19_03_4.bmp,3.0,19,3,4,21.676469802856445,0.03239097099958599
i19_03_5.bmp,/kaggle/working/MDFS/data/TID2013/distorted_images/i19_03_5.bmp,2.52632,19,3,5,24.53446388244629,0.0322552440002255
i19_04_1.bmp,/kaggle/working/MDFS/data/TID2013/distorted_images/i19_04_1.bmp,5.89474,19,4,1,17.821857452392578,0.03326783200009231
i19_04_2.bmp,/kaggle/working/MDFS/data/TID2013/distorted_images/i19_04_2.bmp,5.94595,19,4,2,18.24335289001465,0.03209823499992126
i19_04_3.bmp,/kaggle/working/MDFS/data/TID2013/distorted_images/i19_04_3.bmp,5.89474,19,4,3,18.938270568847656,0.03249062699978822
i19_04_4.bmp,/kaggle/working/MDFS/data/TID2013/distorted_images/i19_04_4.bmp,5.24324,19,4,4,19.881059646606445,0.033317576000172267
i19_04_5.bmp,/kaggle/working/MDFS/data/TID2013/distorted_images/i19_04_5.bmp,4.48649,19,4,5,22.010696411132812,0.03199676100030047
i19_05_1.bmp,/kaggle/working/MDFS/data/TID2013/distorted_images/i19_05_1.bmp,5.97368,19,5,1,18.517335891723633,0.03248985700020057
i19_05_2.bmp,/kaggle/working/MDFS/data/TID2013/distorted_images/i19_05_2.bmp,5.5,19,5,2,19.31795310974121,0.032231991999651655
i19_05_3.bmp,/kaggle/working/MDFS/data/TID2013/distorted_images/i19_05_3.bmp,5.07895,19,5,3,22.336719512939453,0.03231882399995811
i19_05_4.bmp,/kaggle/working/MDFS/data/TID2013/distorted_images/i19_05_4.bmp,4.0,19,5,4,27.260133743286133,0.03296562800005631
i19_05_5.bmp,/kaggle/working/MDFS/data/TID2013/distorted_images/i19_05_5.bmp,3.18421,19,5,5,32.89262771606445,0.031633854000119754
i19_06_1.bmp,/kaggle/working/MDFS/data/TID2013/distorted_images/i19_06_1.bmp,4.73684,19,6,1,17.757478713989258,0.032385918000272795
i19_06_2.bmp,/kaggle/working/MDFS/data/TID2013/distorted_images/i19_06_2.bmp,4.64865,19,6,2,18.943811416625977,0.032264986999962275
i19_06_3.bmp,/kaggle/working/MDFS/data/TID2013/distorted_images/i19_06_3.bmp,3.86842,19,6,3,20.433645248413086,0.03208114299968656
i19_06_4.bmp,/kaggle/working/MDFS/data/TID2013/distorted_images/i19_06_4.bmp,3.56757,19,6,4,21.6372013092041,0.033024075999946945
i19_06_5.bmp,/kaggle/working/MDFS/data/TID2013/distorted_images/i19_06_5.bmp,3.18919,19,6,5,24.095073699951172,0.03420573100038382
i19_07_1.bmp,/kaggle/working/MDFS/data/TID2013/distorted_images/i19_07_1.bmp,5.37838,19,7,1,17.702899932861328,0.03236574600032327
i19_07_2.bmp,/kaggle/working/MDFS/data/TID2013/distorted_images/i19_07_2.bmp,4.67568,19,7,2,18.291994094848633,0.03305334199967547
i19_07_3.bmp,/kaggle/working/MDFS/data/TID2013/distorted_images/i19_07_3.bmp,3.88889,19,7,3,20.274858474731445,0.032003581000026315
i19_07_4.bmp,/kaggle/working/MDFS/data/TID2013/distorted_images/i19_07_4.bmp,3.19444,19,7,4,21.706085205078125,0.03260703200021453
i19_07_5.bmp,/kaggle/working/MDFS/data/TID2013/distorted_images/i19_07_5.bmp,2.60526,19,7,5,23.923643112182617,0.03227976199968907
i19_08_1.bmp,/kaggle/working/MDFS/data/TID2013/distorted_images/i19_08_1.bmp,5.35135,19,8,1,16.930728912353516,0.033531223999943904
i19_08_2.bmp,/kaggle/working/MDFS/data/TID2013/distorted_images/i19_08_2.bmp,4.7027,19,8,2,17.598535537719727,0.04093235900018044
i19_08_3.bmp,/kaggle/working/MDFS/data/TID2013/distorted_images/i19_08_3.bmp,3.76316,19,8,3,20.30983543395996,0.03871087199968315
i19_08_4.bmp,/kaggle/working/MDFS/data/TID2013/distorted_images/i19_08_4.bmp,2.89189,19,8,4,26.498802185058594,0.031051658000251336
i19_08_5.bmp,/kaggle/working/MDFS/data/TID2013/distorted_images/i19_08_5.bmp,2.27027,19,8,5,30.427169799804688,0.030730105999737134
i19_09_1.bmp,/kaggle/working/MDFS/data/TID2013/distorted_images/i19_09_1.bmp,6.08108,19,9,1,17.577404022216797,0.03307550400040782
i19_09_2.bmp,/kaggle/working/MDFS/data/TID2013/distorted_images/i19_09_2.bmp,5.89474,19,9,2,17.808549880981445,0.032501377999778924
i19_09_3.bmp,/kaggle/working/MDFS/data/TID2013/distorted_images/i19_09_3.bmp,4.86842,19,9,3,18.45253562927246,0.032412431000011566
i19_09_4.bmp,/kaggle/working/MDFS/data/TID2013/distorted_images/i19_09_4.bmp,3.27027,19,9,4,20.808433532714844,0.034023142000023654
i19_09_5.bmp,/kaggle/working/MDFS/data/TID2013/distorted_images/i19_09_5.bmp,1.86486,19,9,5,26.09090232849121,0.032035313000051246
i19_10_1.bmp,/kaggle/working/MDFS/data/TID2013/distorted_images/i19_10_1.bmp,5.73684,19,10,1,17.54800033569336,0.03235914700007925
i19_10_2.bmp,/kaggle/working/MDFS/data/TID2013/distorted_images/i19_10_2.bmp,5.47222,19,10,2,17.90839385986328,0.03233312899965313
i19_10_3.bmp,/kaggle/working/MDFS/data/TID2013/distorted_images/i19_10_3.bmp,4.86111,19,10,3,19.876001358032227,0.03165643300008014
i19_10_4.bmp,/kaggle/working/MDFS/data/TID2013/distorted_images/i19_10_4.bmp,3.0,19,10,4,25.67765235900879,0.033140221999929054
i19_10_5.bmp,/kaggle/working/MDFS/data/TID2013/distorted_images/i19_10_5.bmp,1.65789,19,10,5,30.298559188842773,0.031639629999972385
I19_11_1.BMP,/kaggle/working/MDFS/data/TID2013/distorted_images/I19_11_1.BMP,5.52632,19,11,1,18.9073543548584,0.03220253900008174
i19_11_2.bmp,/kaggle/working/MDFS/data/TID2013/distorted_images/i19_11_2.bmp,4.97368,19,11,2,21.086151123046875,0.03279553899983512
i19_11_3.bmp,/kaggle/working/MDFS/data/TID2013/distorted_images/i19_11_3.bmp,4.52632,19,11,3,23.604434967041016,0.031878616999620135
i19_11_4.bmp,/kaggle/working/MDFS/data/TID2013/distorted_images/i19_11_4.bmp,2.94595,19,11,4,28.255857467651367,0.03276949399969453
i19_11_5.bmp,/kaggle/working/MDFS/data/TID2013/distorted_images/i19_11_5.bmp,1.23684,19,11,5,33.90829086303711,0.0321787839998251
i19_12_1.bmp,/kaggle/working/MDFS/data/TID2013/distorted_images/i19_12_1.bmp,6.13158,19,12,1,17.274946212768555,0.03210375099979501
i19_12_2.bmp,/kaggle/working/MDFS/data/TID2013/distorted_images/i19_12_2.bmp,5.59459,19,12,2,16.979745864868164,0.0327687019998848
i19_12_3.bmp,/kaggle/working/MDFS/data/TID2013/distorted_images/i19_12_3.bmp,5.18421,19,12,3,17.491756439208984,0.03166938000003938
i19_12_4.bmp,/kaggle/working/MDFS/data/TID2013/distorted_images/i19_12_4.bmp,5.08108,19,12,4,16.986268997192383,0.03301167900008295
i19_12_5.bmp,/kaggle/working/MDFS/data/TID2013/distorted_images/i19_12_5.bmp,4.52778,19,12,5,17.022756576538086,0.03225548099999287
I19_13_1.BMP,/kaggle/working/MDFS/data/TID2013/distorted_images/I19_13_1.BMP,4.67568,19,13,1,17.674644470214844,0.032293496999955096
i19_13_2.bmp,/kaggle/working/MDFS/data/TID2013/distorted_images/i19_13_2.bmp,4.05263,19,13,2,18.433021545410156,0.03347485799986316
i19_13_3.bmp,/kaggle/working/MDFS/data/TID2013/distorted_images/i19_13_3.bmp,3.62162,19,13,3,18.66196060180664,0.03210521599976346
i19_13_4.bmp,/kaggle/working/MDFS/data/TID2013/distorted_images/i19_13_4.bmp,3.07895,19,13,4,18.324966430664062,0.03238703399983933
i19_13_5.bmp,/kaggle/working/MDFS/data/TID2013/distorted_images/i19_13_5.bmp,1.94737,19,13,5,18.90036964416504,0.03227294200041797
i19_14_1.bmp,/kaggle/working/MDFS/data/TID2013/distorted_images/i19_14_1.bmp,5.61111,19,14,1,17.08098030090332,0.032527107000078104
i19_14_2.bmp,/kaggle/working/MDFS/data/TID2013/distorted_images/i19_14_2.bmp,6.02632,19,14,2,17.1182804107666,0.03342321600030118
i19_14_3.bmp,/kaggle/working/MDFS/data/TID2013/distorted_images/i19_14_3.bmp,5.45946,19,14,3,17.002201080322266,0.03152415500017014
i19_14_4.bmp,/kaggle/working/MDFS/data/TID2013/distorted_images/i19_14_4.bmp,4.92105,19,14,4,16.94142723083496,0.03224207099992782
i19_14_5.bmp,/kaggle/working/MDFS/data/TID2013/distorted_images/i19_14_5.bmp,3.64865,19,14,5,16.933090209960938,0.03220738400023038
i19_15_1.bmp,/kaggle/working/MDFS/data/TID2013/distorted_images/i19_15_1.bmp,2.88889,19,15,1,17.24950408935547,0.03223453900000095
i19_15_2.bmp,/kaggle/working/MDFS/data/TID2013/distorted_images/i19_15_2.bmp,3.27778,19,15,2,17.178197860717773,0.03311839499974667
i19_15_3.bmp,/kaggle/working/MDFS/data/TID2013/distorted_images/i19_15_3.bmp,3.51351,19,15,3,17.182403564453125,0.031970774000001256
i19_15_4.bmp,/kaggle/working/MDFS/data/TID2013/distorted_images/i19_15_4.bmp,3.68421,19,15,4,17.194534301757812,0.03252032499995039
i19_15_5.bmp,/kaggle/working/MDFS/data/TID2013/distorted_images/i19_15_5.bmp,3.54054,19,15,5,17.187715530395508,0.03226135500017335
i19_16_1.bmp,/kaggle/working/MDFS/data/TID2013/distorted_images/i19_16_1.bmp,6.13158,19,16,1,17.18394660949707,0.03216329599990786
i19_16_2.bmp,/kaggle/working/MDFS/data/TID2013/distorted_images/i19_16_2.bmp,6.26316,19,16,2,17.15351104736328,0.03303273800020179
i19_16_3.bmp,/kaggle/working/MDFS/data/TID2013/distorted_images/i19_16_3.bmp,5.28947,19,16,3,17.362207412719727,0.031685027000094124
i19_16_4.bmp,/kaggle/working/MDFS/data/TID2013/distorted_images/i19_16_4.bmp,5.84211,19,16,4,17.314159393310547,0.03231820500013782
i19_16_5.bmp,/kaggle/working/MDFS/data/TID2013/distorted_images/i19_16_5.bmp,4.41667,19,16,5,17.679012298583984,0.03234553800029971
i19_17_1.bmp,/kaggle/working/MDFS/data/TID2013/distorted_images/i19_17_1.bmp,5.47368,19,17,1,17.173433303833008,0.03200485800016395
i19_17_2.bmp,/kaggle/working/MDFS/data/TID2013/distorted_images/i19_17_2.bmp,6.18919,19,17,2,17.46940803527832,0.032811140000376326
i19_17_3.bmp,/kaggle/working/MDFS/data/TID2013/distorted_images/i19_17_3.bmp,4.43243,19,17,3,17.377065658569336,0.03184223000016573
i19_17_4.bmp,/kaggle/working/MDFS/data/TID2013/distorted_images/i19_17_4.bmp,5.75676,19,17,4,18.08537483215332,0.032107551000081
i19_17_5.bmp,/kaggle/working/MDFS/data/TID2013/distorted_images/i19_17_5.bmp,3.34211,19,17,5,18.06500244140625,0.032365664999815635
i19_18_1.bmp,/kaggle/working/MDFS/data/TID2013/distorted_images/i19_18_1.bmp,5.13514,19,18,1,17.221805572509766,0.03211218700016616
i19_18_2.bmp,/kaggle/working/MDFS/data/TID2013/distorted_images/i19_18_2.bmp,4.38889,19,18,2,17.246828079223633,0.03313395299983313
i19_18_3.bmp,/kaggle/working/MDFS/data/TID2013/distorted_images/i19_18_3.bmp,4.24324,19,18,3,17.686790466308594,0.03186036499982947
i19_18_4.bmp,/kaggle/working/MDFS/data/TID2013/distorted_images/i19_18_4.bmp,4.08108,19,18,4,18.818798065185547,0.032336288999886165
i19_18_5.bmp,/kaggle/working/MDFS/data/TID2013/distorted_images/i19_18_5.bmp,4.05405,19,18,5,19.10354995727539,0.032282882000345126
i19_19_1.bmp,/kaggle/working/MDFS/data/TID2013/distorted_images/i19_19_1.bmp,5.54054,19,19,1,18.135713577270508,0.03212576900023123
i19_19_2.bmp,/kaggle/working/MDFS/data/TID2013/distorted_images/i19_19_2.bmp,4.97297,19,19,2,19.217090606689453,0.033087206999880436
i19_19_3.bmp,/kaggle/working/MDFS/data/TID2013/distorted_images/i19_19_3.bmp,4.55556,19,19,3,20.997209548950195,0.032024449999880744
i19_19_4.bmp,/kaggle/working/MDFS/data/TID2013/distorted_images/i19_19_4.bmp,4.31429,19,19,4,22.579029083251953,0.03234463199987658
i19_19_5.bmp,/kaggle/working/MDFS/data/TID2013/distorted_images/i19_19_5.bmp,3.55556,19,19,5,23.356678009033203,0.032515334999970946
i19_20_1.bmp,/kaggle/working/MDFS/data/TID2013/distorted_images/i19_20_1.bmp,5.7027,19,20,1,17.801647186279297,0.0319439089998923
i19_20_2.bmp,/kaggle/working/MDFS/data/TID2013/distorted_images/i19_20_2.bmp,5.71053,19,20,2,18.12828826904297,0.03306490600016332
i19_20_3.bmp,/kaggle/working/MDFS/data/TID2013/distorted_images/i19_20_3.bmp,5.18919,19,20,3,18.3415470123291,0.03178300899980968
i19_20_4.bmp,/kaggle/working/MDFS/data/TID2013/distorted_images/i19_20_4.bmp,4.13889,19,20,4,18.544710159301758,0.03196219599976757
i19_20_5.bmp,/kaggle/working/MDFS/data/TID2013/distorted_images/i19_20_5.bmp,3.05263,19,20,5,18.522724151611328,0.03233984999997119
i19_21_1.bmp,/kaggle/working/MDFS/data/TID2013/distorted_images/i19_21_1.bmp,5.40541,19,21,1,17.999237060546875,0.03196301899970422
i19_21_2.bmp,/kaggle/working/MDFS/data/TID2013/distorted_images/i19_21_2.bmp,5.16216,19,21,2,18.671457290649414,0.0329936190000808
i19_21_3.bmp,/kaggle/working/MDFS/data/TID2013/distorted_images/i19_21_3.bmp,4.08108,19,21,3,19.812944412231445,0.031888564999917435
i19_21_4.bmp,/kaggle/working/MDFS/data/TID2013/distorted_images/i19_21_4.bmp,3.56757,19,21,4,21.074750900268555,0.03213928600007421
i19_21_5.bmp,/kaggle/working/MDFS/data/TID2013/distorted_images/i19_21_5.bmp,2.25,19,21,5,23.172168731689453,0.032178650999867386
i19_22_1.bmp,/kaggle/working/MDFS/data/TID2013/distorted_images/i19_22_1.bmp,5.73684,19,22,1,17.88890838623047,0.03183903899980578
i19_22_2.bmp,/kaggle/working/MDFS/data/TID2013/distorted_images/i19_22_2.bmp,5.32432,19,22,2,18.577442169189453,0.032895209999878716
i19_22_3.bmp,/kaggle/working/MDFS/data/TID2013/distorted_images/i19_22_3.bmp,4.4,19,22,3,19.778486251831055,0.03155810799989922
i19_22_4.bmp,/kaggle/working/MDFS/data/TID2013/distorted_images/i19_22_4.bmp,3.94737,19,22,4,21.309106826782227,0.031963423999968654
i19_22_5.bmp,/kaggle/working/MDFS/data/TID2013/distorted_images/i19_22_5.bmp,2.75676,19,22,5,24.225284576416016,0.03219568500026071
i19_23_1.bmp,/kaggle/working/MDFS/data/TID2013/distorted_images/i19_23_1.bmp,5.86842,19,23,1,17.17202377319336,0.032258442000056675
i19_23_2.bmp,/kaggle/working/MDFS/data/TID2013/distorted_images/i19_23_2.bmp,6.28947,19,23,2,17.516836166381836,0.033337317000132316
i19_23_3.bmp,/kaggle/working/MDFS/data/TID2013/distorted_images/i19_23_3.bmp,5.75676,19,23,3,17.93466567993164,0.031863602999692375
i19_23_4.bmp,/kaggle/working/MDFS/data/TID2013/distorted_images/i19_23_4.bmp,5.76316,19,23,4,18.43848991394043,0.03244020000011005
i19_23_5.bmp,/kaggle/working/MDFS/data/TID2013/distorted_images/i19_23_5.bmp,5.21622,19,23,5,19.09021759033203,0.03230383599975539
i19_24_1.bmp,/kaggle/working/MDFS/data/TID2013/distorted_images/i19_24_1.bmp,5.45946,19,24,1,18.444133758544922,0.031998359999761306
i19_24_2.bmp,/kaggle/working/MDFS/data/TID2013/distorted_images/i19_24_2.bmp,4.7027,19,24,2,19.386518478393555,0.032856156000434567
i19_24_3.bmp,/kaggle/working/MDFS/data/TID2013/distorted_images/i19_24_3.bmp,3.63889,19,24,3,20.91755485534668,0.031857055999807926
i19_24_4.bmp,/kaggle/working/MDFS/data/TID2013/distorted_images/i19_24_4.bmp,2.5,19,24,4,23.348424911499023,0.03240928699960932
i19_24_5.bmp,/kaggle/working/MDFS/data/TID2013/distorted_images/i19_24_5.bmp,0.77778,19,24,5,24.989439010620117,0.03231140600018989
I20_01_1.bmp,/kaggle/working/MDFS/data/TID2013/distorted_images/I20_01_1.bmp,5.76923,20,1,1,19.9351749420166,0.03182448500001556
i20_01_2.bmp,/kaggle/working/MDFS/data/TID2013/distorted_images/i20_01_2.bmp,5.51282,20,1,2,20.37881851196289,0.03333138300013161
i20_01_3.bmp,/kaggle/working/MDFS/data/TID2013/distorted_images/i20_01_3.bmp,4.92105,20,1,3,21.674753189086914,0.031746268999995664
i20_01_4.bmp,/kaggle/working/MDFS/data/TID2013/distorted_images/i20_01_4.bmp,4.4359,20,1,4,23.68366050720215,0.03236516399965694
i20_01_5.bmp,/kaggle/working/MDFS/data/TID2013/distorted_images/i20_01_5.bmp,3.78378,20,1,5,26.475683212280273,0.032045794000168826
i20_02_1.bmp,/kaggle/working/MDFS/data/TID2013/distorted_images/i20_02_1.bmp,5.84211,20,2,1,19.471099853515625,0.03181127400011974
i20_02_2.bmp,/kaggle/working/MDFS/data/TID2013/distorted_images/i20_02_2.bmp,5.79487,20,2,2,19.884660720825195,0.03259760399987499
i20_02_3.bmp,/kaggle/working/MDFS/data/TID2013/distorted_images/i20_02_3.bmp,5.51351,20,2,3,20.442012786865234,0.03169330099990475
i20_02_4.bmp,/kaggle/working/MDFS/data/TID2013/distorted_images/i20_02_4.bmp,5.28205,20,2,4,21.72980499267578,0.032267189000322105
i20_02_5.bmp,/kaggle/working/MDFS/data/TID2013/distorted_images/i20_02_5.bmp,4.48718,20,2,5,23.815080642700195,0.03216004100022474
i20_03_1.bmp,/kaggle/working/MDFS/data/TID2013/distorted_images/i20_03_1.bmp,4.94737,20,3,1,19.431983947753906,0.03225464499973896
i20_03_2.bmp,/kaggle/working/MDFS/data/TID2013/distorted_images/i20_03_2.bmp,4.21053,20,3,2,20.151159286499023,0.03343888700010211
i20_03_3.bmp,/kaggle/working/MDFS/data/TID2013/distorted_images/i20_03_3.bmp,3.81081,20,3,3,21.743078231811523,0.03187633400011691
i20_03_4.bmp,/kaggle/working/MDFS/data/TID2013/distorted_images/i20_03_4.bmp,3.12821,20,3,4,24.360647201538086,0.03262526699973023
i20_03_5.bmp,/kaggle/working/MDFS/data/TID2013/distorted_images/i20_03_5.bmp,2.65789,20,3,5,27.854848861694336,0.032221237000158
i20_04_1.bmp,/kaggle/working/MDFS/data/TID2013/distorted_images/i20_04_1.bmp,5.71053,20,4,1,19.646684646606445,0.032009823999942455
i20_04_2.bmp,/kaggle/working/MDFS/data/TID2013/distorted_images/i20_04_2.bmp,5.47368,20,4,2,20.276578903198242,0.03283626499978709
i20_04_3.bmp,/kaggle/working/MDFS/data/TID2013/distorted_images/i20_04_3.bmp,5.15789,20,4,3,21.473491668701172,0.03185839299976578
i20_04_4.bmp,/kaggle/working/MDFS/data/TID2013/distorted_images/i20_04_4.bmp,4.72973,20,4,4,23.111719131469727,0.03232413700015968
i20_04_5.bmp,/kaggle/working/MDFS/data/TID2013/distorted_images/i20_04_5.bmp,4.05405,20,4,5,24.97171401977539,0.03229130699992311
i20_05_1.bmp,/kaggle/working/MDFS/data/TID2013/distorted_images/i20_05_1.bmp,6.02632,20,5,1,20.255977630615234,0.03190138499985551
i20_05_2.bmp,/kaggle/working/MDFS/data/TID2013/distorted_images/i20_05_2.bmp,5.76316,20,5,2,20.96024513244629,0.03294623700003285
i20_05_3.bmp,/kaggle/working/MDFS/data/TID2013/distorted_images/i20_05_3.bmp,5.39474,20,5,3,23.65460968017578,0.0315314340000441
i20_05_4.bmp,/kaggle/working/MDFS/data/TID2013/distorted_images/i20_05_4.bmp,4.23077,20,5,4,28.784408569335938,0.032354444000247895
i20_05_5.bmp,/kaggle/working/MDFS/data/TID2013/distorted_images/i20_05_5.bmp,2.92105,20,5,5,35.813663482666016,0.03211395400012407
i20_06_1.bmp,/kaggle/working/MDFS/data/TID2013/distorted_images/i20_06_1.bmp,4.97368,20,6,1,22.384933471679688,0.03198524399977032
i20_06_2.bmp,/kaggle/working/MDFS/data/TID2013/distorted_images/i20_06_2.bmp,4.13889,20,6,2,22.698925018310547,0.03276045199982036
i20_06_3.bmp,/kaggle/working/MDFS/data/TID2013/distorted_images/i20_06_3.bmp,3.94737,20,6,3,22.975393295288086,0.03178840200007471
i20_06_4.bmp,/kaggle/working/MDFS/data/TID2013/distorted_images/i20_06_4.bmp,3.4359,20,6,4,22.756711959838867,0.03237404900028196
i20_06_5.bmp,/kaggle/working/MDFS/data/TID2013/distorted_images/i20_06_5.bmp,3.10256,20,6,5,25.823833465576172,0.03177011899970239
i20_07_1.bmp,/kaggle/working/MDFS/data/TID2013/distorted_images/i20_07_1.bmp,5.28205,20,7,1,18.363264083862305,0.03231243199979872
i20_07_2.bmp,/kaggle/working/MDFS/data/TID2013/distorted_images/i20_07_2.bmp,4.72973,20,7,2,19.175785064697266,0.03288303800036374
i20_07_3.bmp,/kaggle/working/MDFS/data/TID2013/distorted_images/i20_07_3.bmp,4.47368,20,7,3,22.28096580505371,0.0313795739998568
i20_07_4.bmp,/kaggle/working/MDFS/data/TID2013/distorted_images/i20_07_4.bmp,3.73684,20,7,4,24.456422805786133,0.033167820000016945
i20_07_5.bmp,/kaggle/working/MDFS/data/TID2013/distorted_images/i20_07_5.bmp,3.28205,20,7,5,25.21746063232422,0.032105423000302835
i20_08_1.bmp,/kaggle/working/MDFS/data/TID2013/distorted_images/i20_08_1.bmp,5.65789,20,8,1,17.67104721069336,0.031835825000143814
i20_08_2.bmp,/kaggle/working/MDFS/data/TID2013/distorted_images/i20_08_2.bmp,5.2973,20,8,2,18.228574752807617,0.03217975799998385
i20_08_3.bmp,/kaggle/working/MDFS/data/TID2013/distorted_images/i20_08_3.bmp,4.02778,20,8,3,20.8156681060791,0.031735546000163595
i20_08_4.bmp,/kaggle/working/MDFS/data/TID2013/distorted_images/i20_08_4.bmp,3.42105,20,8,4,26.845325469970703,0.03281667999999627
i20_08_5.bmp,/kaggle/working/MDFS/data/TID2013/distorted_images/i20_08_5.bmp,2.58974,20,8,5,31.24307632446289,0.03221474599968133
i20_09_1.bmp,/kaggle/working/MDFS/data/TID2013/distorted_images/i20_09_1.bmp,6.26316,20,9,1,18.01498031616211,0.03221375899966006
i20_09_2.bmp,/kaggle/working/MDFS/data/TID2013/distorted_images/i20_09_2.bmp,6.13158,20,9,2,18.120271682739258,0.032764764000148716
i20_09_3.bmp,/kaggle/working/MDFS/data/TID2013/distorted_images/i20_09_3.bmp,5.33333,20,9,3,19.10385513305664,0.031931517999964854
i20_09_4.bmp,/kaggle/working/MDFS/data/TID2013/distorted_images/i20_09_4.bmp,3.75676,20,9,4,22.654617309570312,0.032886402000258386
i20_09_5.bmp,/kaggle/working/MDFS/data/TID2013/distorted_images/i20_09_5.bmp,2.21622,20,9,5,28.700180053710938,0.03231860100004269
i20_10_1.bmp,/kaggle/working/MDFS/data/TID2013/distorted_images/i20_10_1.bmp,6.13158,20,10,1,18.93827247619629,0.03207541299980221
i20_10_2.bmp,/kaggle/working/MDFS/data/TID2013/distorted_images/i20_10_2.bmp,5.73684,20,10,2,19.31697654724121,0.032764475000021775
i20_10_3.bmp,/kaggle/working/MDFS/data/TID2013/distorted_images/i20_10_3.bmp,4.94444,20,10,3,20.90972900390625,0.03190078199986601
i20_10_4.bmp,/kaggle/working/MDFS/data/TID2013/distorted_images/i20_10_4.bmp,3.57895,20,10,4,25.345623016357422,0.03227057200001582
i20_10_5.bmp,/kaggle/working/MDFS/data/TID2013/distorted_images/i20_10_5.bmp,2.74359,20,10,5,30.091066360473633,0.03190747899998314
I20_11_1.BMP,/kaggle/working/MDFS/data/TID2013/distorted_images/I20_11_1.BMP,5.57895,20,11,1,21.616252899169922,0.03212071799998739
i20_11_2.bmp,/kaggle/working/MDFS/data/TID2013/distorted_images/i20_11_2.bmp,4.84211,20,11,2,24.16993522644043,0.033030474000042886
i20_11_3.bmp,/kaggle/working/MDFS/data/TID2013/distorted_images/i20_11_3.bmp,3.43243,20,11,3,29.009374618530273,0.031674424999891926
i20_11_4.bmp,/kaggle/working/MDFS/data/TID2013/distorted_images/i20_11_4.bmp,2.05263,20,11,4,34.310298919677734,0.03243581100014126
i20_11_5.bmp,/kaggle/working/MDFS/data/TID2013/distorted_images/i20_11_5.bmp,0.74359,20,11,5,37.444786071777344,0.0322077089999766
i20_12_1.bmp,/kaggle/working/MDFS/data/TID2013/distorted_images/i20_12_1.bmp,6.12821,20,12,1,18.215457916259766,0.032418979999874864
i20_12_2.bmp,/kaggle/working/MDFS/data/TID2013/distorted_images/i20_12_2.bmp,5.30769,20,12,2,18.58811378479004,0.032885767000152555
i20_12_3.bmp,/kaggle/working/MDFS/data/TID2013/distorted_images/i20_12_3.bmp,4.44737,20,12,3,18.165767669677734,0.03152269800011709
i20_12_4.bmp,/kaggle/working/MDFS/data/TID2013/distorted_images/i20_12_4.bmp,4.25641,20,12,4,18.655332565307617,0.032655741999860766
i20_12_5.bmp,/kaggle/working/MDFS/data/TID2013/distorted_images/i20_12_5.bmp,2.57895,20,12,5,20.527772903442383,0.03207540900029926
I20_13_1.BMP,/kaggle/working/MDFS/data/TID2013/distorted_images/I20_13_1.BMP,5.15385,20,13,1,20.411073684692383,0.03212084400001913
i20_13_2.bmp,/kaggle/working/MDFS/data/TID2013/distorted_images/i20_13_2.bmp,3.78947,20,13,2,18.92037582397461,0.03290720400036662
i20_13_3.bmp,/kaggle/working/MDFS/data/TID2013/distorted_images/i20_13_3.bmp,3.82051,20,13,3,19.069658279418945,0.03176791600026263
i20_13_4.bmp,/kaggle/working/MDFS/data/TID2013/distorted_images/i20_13_4.bmp,2.89189,20,13,4,21.201622009277344,0.03266155799974513
i20_13_5.bmp,/kaggle/working/MDFS/data/TID2013/distorted_images/i20_13_5.bmp,2.02703,20,13,5,21.922229766845703,0.03213320400027442
i20_14_1.bmp,/kaggle/working/MDFS/data/TID2013/distorted_images/i20_14_1.bmp,6.02632,20,14,1,18.485071182250977,0.03263589900006991
i20_14_2.bmp,/kaggle/working/MDFS/data/TID2013/distorted_images/i20_14_2.bmp,5.84211,20,14,2,18.455913543701172,0.032708595000258356
i20_14_3.bmp,/kaggle/working/MDFS/data/TID2013/distorted_images/i20_14_3.bmp,4.55263,20,14,3,18.232261657714844,0.03177135699979772
i20_14_4.bmp,/kaggle/working/MDFS/data/TID2013/distorted_images/i20_14_4.bmp,4.12821,20,14,4,18.28367805480957,0.03280267399986769
i20_14_5.bmp,/kaggle/working/MDFS/data/TID2013/distorted_images/i20_14_5.bmp,3.36842,20,14,5,18.329164505004883,0.032013639000069816
i20_15_1.bmp,/kaggle/working/MDFS/data/TID2013/distorted_images/i20_15_1.bmp,3.23077,20,15,1,18.88252830505371,0.032683697000265965
i20_15_2.bmp,/kaggle/working/MDFS/data/TID2013/distorted_images/i20_15_2.bmp,3.34211,20,15,2,18.889982223510742,0.03314359100022557
i20_15_3.bmp,/kaggle/working/MDFS/data/TID2013/distorted_images/i20_15_3.bmp,3.69231,20,15,3,18.642656326293945,0.032132181999713794
i20_15_4.bmp,/kaggle/working/MDFS/data/TID2013/distorted_images/i20_15_4.bmp,3.89744,20,15,4,18.50299644470215,0.0326243549998253
i20_15_5.bmp,/kaggle/working/MDFS/data/TID2013/distorted_images/i20_15_5.bmp,4.05128,20,15,5,18.448450088500977,0.03240575000017998
i20_16_1.bmp,/kaggle/working/MDFS/data/TID2013/distorted_images/i20_16_1.bmp,6.05128,20,16,1,18.170557022094727,0.031842648000292684
i20_16_2.bmp,/kaggle/working/MDFS/data/TID2013/distorted_images/i20_16_2.bmp,6.05405,20,16,2,18.63861083984375,0.03290014199956204
i20_16_3.bmp,/kaggle/working/MDFS/data/TID2013/distorted_images/i20_16_3.bmp,5.40541,20,16,3,18.095378875732422,0.03178322099984143
i20_16_4.bmp,/kaggle/working/MDFS/data/TID2013/distorted_images/i20_16_4.bmp,5.13514,20,16,4,18.912843704223633,0.03258551799990528
i20_16_5.bmp,/kaggle/working/MDFS/data/TID2013/distorted_images/i20_16_5.bmp,4.71795,20,16,5,18.440364837646484,0.03200488699985726
i20_17_1.bmp,/kaggle/working/MDFS/data/TID2013/distorted_images/i20_17_1.bmp,5.61538,20,17,1,18.017711639404297,0.031948177000231226
i20_17_2.bmp,/kaggle/working/MDFS/data/TID2013/distorted_images/i20_17_2.bmp,6.33333,20,17,2,19.09620475769043,0.03327380100017763
i20_17_3.bmp,/kaggle/working/MDFS/data/TID2013/distorted_images/i20_17_3.bmp,4.32432,20,17,3,18.06121253967285,0.03207637800005614
i20_17_4.bmp,/kaggle/working/MDFS/data/TID2013/distorted_images/i20_17_4.bmp,5.87179,20,17,4,19.988924026489258,0.03246953100006067
i20_17_5.bmp,/kaggle/working/MDFS/data/TID2013/distorted_images/i20_17_5.bmp,3.53846,20,17,5,18.768413543701172,0.03255741400016632
i20_18_1.bmp,/kaggle/working/MDFS/data/TID2013/distorted_images/i20_18_1.bmp,5.61538,20,18,1,18.50019073486328,0.03262744099993142
i20_18_2.bmp,/kaggle/working/MDFS/data/TID2013/distorted_images/i20_18_2.bmp,5.23684,20,18,2,18.88730239868164,0.03361212100026023
i20_18_3.bmp,/kaggle/working/MDFS/data/TID2013/distorted_images/i20_18_3.bmp,4.5,20,18,3,19.32079315185547,0.03210377999994307
i20_18_4.bmp,/kaggle/working/MDFS/data/TID2013/distorted_images/i20_18_4.bmp,4.13514,20,18,4,19.807952880859375,0.03264595999962694
i20_18_5.bmp,/kaggle/working/MDFS/data/TID2013/distorted_images/i20_18_5.bmp,4.10526,20,18,5,20.04560089111328,0.03287315000034141
i20_19_1.bmp,/kaggle/working/MDFS/data/TID2013/distorted_images/i20_19_1.bmp,5.82051,20,19,1,18.945594787597656,0.03164550800011057
i20_19_2.bmp,/kaggle/working/MDFS/data/TID2013/distorted_images/i20_19_2.bmp,5.17949,20,19,2,19.36802101135254,0.032324442000117415
i20_19_3.bmp,/kaggle/working/MDFS/data/TID2013/distorted_images/i20_19_3.bmp,4.79487,20,19,3,20.306440353393555,0.03233006100026614
i20_19_4.bmp,/kaggle/working/MDFS/data/TID2013/distorted_images/i20_19_4.bmp,4.0,20,19,4,21.390897750854492,0.03240614200012715
i20_19_5.bmp,/kaggle/working/MDFS/data/TID2013/distorted_images/i20_19_5.bmp,3.46154,20,19,5,23.632652282714844,0.03352618100007021
i20_20_1.bmp,/kaggle/working/MDFS/data/TID2013/distorted_images/i20_20_1.bmp,6.15789,20,20,1,19.52747917175293,0.032069832000161114
i20_20_2.bmp,/kaggle/working/MDFS/data/TID2013/distorted_images/i20_20_2.bmp,5.46154,20,20,2,19.704837799072266,0.0324919689996932
i20_20_3.bmp,/kaggle/working/MDFS/data/TID2013/distorted_images/i20_20_3.bmp,4.78947,20,20,3,19.902084350585938,0.03220752499964874
i20_20_4.bmp,/kaggle/working/MDFS/data/TID2013/distorted_images/i20_20_4.bmp,3.52632,20,20,4,20.274200439453125,0.03187201099990489
i20_20_5.bmp,/kaggle/working/MDFS/data/TID2013/distorted_images/i20_20_5.bmp,2.71795,20,20,5,19.45014762878418,0.0332283349998761
i20_21_1.bmp,/kaggle/working/MDFS/data/TID2013/distorted_images/i20_21_1.bmp,5.55263,20,21,1,19.21343231201172,0.03178327800014813
i20_21_2.bmp,/kaggle/working/MDFS/data/TID2013/distorted_images/i20_21_2.bmp,4.76316,20,21,2,19.53527069091797,0.032444240000131686
i20_21_3.bmp,/kaggle/working/MDFS/data/TID2013/distorted_images/i20_21_3.bmp,4.0,20,21,3,19.865901947021484,0.03222527199977776
i20_21_4.bmp,/kaggle/working/MDFS/data/TID2013/distorted_images/i20_21_4.bmp,3.24324,20,21,4,21.19244956970215,0.03226022799981365
i20_21_5.bmp,/kaggle/working/MDFS/data/TID2013/distorted_images/i20_21_5.bmp,2.57895,20,21,5,22.531330108642578,0.03306051400022625
i20_22_1.bmp,/kaggle/working/MDFS/data/TID2013/distorted_images/i20_22_1.bmp,6.0,20,22,1,19.670551300048828,0.03181311900016226
i20_22_2.bmp,/kaggle/working/MDFS/data/TID2013/distorted_images/i20_22_2.bmp,5.10526,20,22,2,20.495351791381836,0.03242341999975906
i20_22_3.bmp,/kaggle/working/MDFS/data/TID2013/distorted_images/i20_22_3.bmp,4.52632,20,22,3,21.114919662475586,0.03220035399999688
i20_22_4.bmp,/kaggle/working/MDFS/data/TID2013/distorted_images/i20_22_4.bmp,4.10811,20,22,4,21.912939071655273,0.032166196999696695
i20_22_5.bmp,/kaggle/working/MDFS/data/TID2013/distorted_images/i20_22_5.bmp,3.72973,20,22,5,22.786991119384766,0.03301795600009427
i20_23_1.bmp,/kaggle/working/MDFS/data/TID2013/distorted_images/i20_23_1.bmp,5.94872,20,23,1,18.884490966796875,0.03147950299990043
i20_23_2.bmp,/kaggle/working/MDFS/data/TID2013/distorted_images/i20_23_2.bmp,6.25641,20,23,2,19.55006217956543,0.03211352100015574
i20_23_3.bmp,/kaggle/working/MDFS/data/TID2013/distorted_images/i20_23_3.bmp,5.82051,20,23,3,20.069236755371094,0.03226484900005744
i20_23_4.bmp,/kaggle/working/MDFS/data/TID2013/distorted_images/i20_23_4.bmp,4.72973,20,23,4,20.751251220703125,0.03231569599984141
i20_23_5.bmp,/kaggle/working/MDFS/data/TID2013/distorted_images/i20_23_5.bmp,3.15385,20,23,5,26.41497802734375,0.033204117999957816
i20_24_1.bmp,/kaggle/working/MDFS/data/TID2013/distorted_images/i20_24_1.bmp,6.18421,20,24,1,19.70534324645996,0.03227685100000599
i20_24_2.bmp,/kaggle/working/MDFS/data/TID2013/distorted_images/i20_24_2.bmp,5.07895,20,24,2,21.43095588684082,0.03262967099999514
i20_24_3.bmp,/kaggle/working/MDFS/data/TID2013/distorted_images/i20_24_3.bmp,3.43243,20,24,3,24.488351821899414,0.0322758590000376
i20_24_4.bmp,/kaggle/working/MDFS/data/TID2013/distorted_images/i20_24_4.bmp,1.97436,20,24,4,28.89304542541504,0.03177051000011488
i20_24_5.bmp,/kaggle/working/MDFS/data/TID2013/distorted_images/i20_24_5.bmp,0.84211,20,24,5,32.27124786376953,0.03298246800022753
I21_01_1.bmp,/kaggle/working/MDFS/data/TID2013/distorted_images/I21_01_1.bmp,5.51163,21,1,1,18.17214584350586,0.03191483199998402
i21_01_2.bmp,/kaggle/working/MDFS/data/TID2013/distorted_images/i21_01_2.bmp,5.06977,21,1,2,18.982894897460938,0.032126564999998664
i21_01_3.bmp,/kaggle/working/MDFS/data/TID2013/distorted_images/i21_01_3.bmp,4.48837,21,1,3,20.46645736694336,0.03195161800022106
i21_01_4.bmp,/kaggle/working/MDFS/data/TID2013/distorted_images/i21_01_4.bmp,3.90698,21,1,4,22.578397750854492,0.03183188100001644
i21_01_5.bmp,/kaggle/working/MDFS/data/TID2013/distorted_images/i21_01_5.bmp,3.48837,21,1,5,25.176847457885742,0.032956320000266714
i21_02_1.bmp,/kaggle/working/MDFS/data/TID2013/distorted_images/i21_02_1.bmp,5.80952,21,2,1,17.93108367919922,0.03175555899997562
i21_02_2.bmp,/kaggle/working/MDFS/data/TID2013/distorted_images/i21_02_2.bmp,5.53488,21,2,2,18.519269943237305,0.032912916999976005
i21_02_3.bmp,/kaggle/working/MDFS/data/TID2013/distorted_images/i21_02_3.bmp,5.44186,21,2,3,19.523818969726562,0.03282820000003994
i21_02_4.bmp,/kaggle/working/MDFS/data/TID2013/distorted_images/i21_02_4.bmp,4.81395,21,2,4,21.340187072753906,0.032073621999643365
i21_02_5.bmp,/kaggle/working/MDFS/data/TID2013/distorted_images/i21_02_5.bmp,4.15,21,2,5,22.913896560668945,0.03297752300022694
i21_03_1.bmp,/kaggle/working/MDFS/data/TID2013/distorted_images/i21_03_1.bmp,4.39535,21,3,1,18.172195434570312,0.03171540599987566
i21_03_2.bmp,/kaggle/working/MDFS/data/TID2013/distorted_images/i21_03_2.bmp,3.92683,21,3,2,19.12681007385254,0.03225991999988764
i21_03_3.bmp,/kaggle/working/MDFS/data/TID2013/distorted_images/i21_03_3.bmp,3.16667,21,3,3,20.2329158782959,0.0322707180002908
i21_03_4.bmp,/kaggle/working/MDFS/data/TID2013/distorted_images/i21_03_4.bmp,3.06977,21,3,4,22.58043098449707,0.0318130879995806
i21_03_5.bmp,/kaggle/working/MDFS/data/TID2013/distorted_images/i21_03_5.bmp,2.55814,21,3,5,26.06397819519043,0.032954463999885775
i21_04_1.bmp,/kaggle/working/MDFS/data/TID2013/distorted_images/i21_04_1.bmp,5.93023,21,4,1,17.956052780151367,0.03218769800014343
i21_04_2.bmp,/kaggle/working/MDFS/data/TID2013/distorted_images/i21_04_2.bmp,6.02326,21,4,2,18.252954483032227,0.032206577000124526
i21_04_3.bmp,/kaggle/working/MDFS/data/TID2013/distorted_images/i21_04_3.bmp,5.46341,21,4,3,18.95138931274414,0.0319091260003006
i21_04_4.bmp,/kaggle/working/MDFS/data/TID2013/distorted_images/i21_04_4.bmp,5.33333,21,4,4,20.50320816040039,0.0320068609998998
i21_04_5.bmp,/kaggle/working/MDFS/data/TID2013/distorted_images/i21_04_5.bmp,4.65,21,4,5,22.80805778503418,0.032778914000118675
i21_05_1.bmp,/kaggle/working/MDFS/data/TID2013/distorted_images/i21_05_1.bmp,5.69767,21,5,1,18.41663360595703,0.03181906300005721
i21_05_2.bmp,/kaggle/working/MDFS/data/TID2013/distorted_images/i21_05_2.bmp,5.90698,21,5,2,19.290748596191406,0.03270459699979256
i21_05_3.bmp,/kaggle/working/MDFS/data/TID2013/distorted_images/i21_05_3.bmp,5.11628,21,5,3,22.31829833984375,0.032589472999916325
i21_05_4.bmp,/kaggle/working/MDFS/data/TID2013/distorted_images/i21_05_4.bmp,3.92857,21,5,4,27.5588321685791,0.032438819999697444
i21_05_5.bmp,/kaggle/working/MDFS/data/TID2013/distorted_images/i21_05_5.bmp,3.0,21,5,5,35.13874435424805,0.03304502200035131
i21_06_1.bmp,/kaggle/working/MDFS/data/TID2013/distorted_images/i21_06_1.bmp,4.92683,21,6,1,17.537614822387695,0.03191900499996336
i21_06_2.bmp,/kaggle/working/MDFS/data/TID2013/distorted_images/i21_06_2.bmp,4.38095,21,6,2,18.16872215270996,0.03262257300002602
i21_06_3.bmp,/kaggle/working/MDFS/data/TID2013/distorted_images/i21_06_3.bmp,4.02439,21,6,3,19.136539459228516,0.033075670000016544
i21_06_4.bmp,/kaggle/working/MDFS/data/TID2013/distorted_images/i21_06_4.bmp,3.5,21,6,4,21.276660919189453,0.03191210500017405
i21_06_5.bmp,/kaggle/working/MDFS/data/TID2013/distorted_images/i21_06_5.bmp,3.04762,21,6,5,24.667621612548828,0.03302219300030629
i21_07_1.bmp,/kaggle/working/MDFS/data/TID2013/distorted_images/i21_07_1.bmp,5.02439,21,7,1,17.266016006469727,0.03223407999985284
i21_07_2.bmp,/kaggle/working/MDFS/data/TID2013/distorted_images/i21_07_2.bmp,4.45,21,7,2,17.54473304748535,0.031978681000055076
i21_07_3.bmp,/kaggle/working/MDFS/data/TID2013/distorted_images/i21_07_3.bmp,4.16667,21,7,3,19.08220100402832,0.032899916999667767
i21_07_4.bmp,/kaggle/working/MDFS/data/TID2013/distorted_images/i21_07_4.bmp,3.59524,21,7,4,21.47841453552246,0.03175428500026101
i21_07_5.bmp,/kaggle/working/MDFS/data/TID2013/distorted_images/i21_07_5.bmp,3.16667,21,7,5,23.600234985351562,0.032754643999851396
i21_08_1.bmp,/kaggle/working/MDFS/data/TID2013/distorted_images/i21_08_1.bmp,5.5,21,8,1,17.664703369140625,0.03263504599999578
i21_08_2.bmp,/kaggle/working/MDFS/data/TID2013/distorted_images/i21_08_2.bmp,4.85714,21,8,2,18.031389236450195,0.03228184399995371
i21_08_3.bmp,/kaggle/working/MDFS/data/TID2013/distorted_images/i21_08_3.bmp,4.11628,21,8,3,20.68316650390625,0.03344279000020833
i21_08_4.bmp,/kaggle/working/MDFS/data/TID2013/distorted_images/i21_08_4.bmp,3.23256,21,8,4,26.880136489868164,0.032421482000245305
i21_08_5.bmp,/kaggle/working/MDFS/data/TID2013/distorted_images/i21_08_5.bmp,2.16279,21,8,5,31.98139190673828,0.03240396099999998
i21_09_1.bmp,/kaggle/working/MDFS/data/TID2013/distorted_images/i21_09_1.bmp,6.075,21,9,1,17.021102905273438,0.03274420200023087
i21_09_2.bmp,/kaggle/working/MDFS/data/TID2013/distorted_images/i21_09_2.bmp,6.19048,21,9,2,17.30038833618164,0.03210744700027135
i21_09_3.bmp,/kaggle/working/MDFS/data/TID2013/distorted_images/i21_09_3.bmp,5.30952,21,9,3,18.30057716369629,0.032666711999809195
i21_09_4.bmp,/kaggle/working/MDFS/data/TID2013/distorted_images/i21_09_4.bmp,3.76744,21,9,4,21.365873336791992,0.03181685900017328
i21_09_5.bmp,/kaggle/working/MDFS/data/TID2013/distorted_images/i21_09_5.bmp,2.09302,21,9,5,29.43212890625,0.032328574000075605
i21_10_1.bmp,/kaggle/working/MDFS/data/TID2013/distorted_images/i21_10_1.bmp,6.30952,21,10,1,17.697490692138672,0.032620416000099794
i21_10_2.bmp,/kaggle/working/MDFS/data/TID2013/distorted_images/i21_10_2.bmp,5.88095,21,10,2,18.204896926879883,0.031561398999656376
i21_10_3.bmp,/kaggle/working/MDFS/data/TID2013/distorted_images/i21_10_3.bmp,5.13953,21,10,3,20.74363899230957,0.032650907000061125
i21_10_4.bmp,/kaggle/working/MDFS/data/TID2013/distorted_images/i21_10_4.bmp,3.2619,21,10,4,25.711074829101562,0.031957623999915086
i21_10_5.bmp,/kaggle/working/MDFS/data/TID2013/distorted_images/i21_10_5.bmp,1.92683,21,10,5,30.429590225219727,0.03192411000009088
I21_11_1.BMP,/kaggle/working/MDFS/data/TID2013/distorted_images/I21_11_1.BMP,6.12195,21,11,1,18.242658615112305,0.03246036100017591
i21_11_2.bmp,/kaggle/working/MDFS/data/TID2013/distorted_images/i21_11_2.bmp,5.39535,21,11,2,20.38205909729004,0.03215664600020318
i21_11_3.bmp,/kaggle/working/MDFS/data/TID2013/distorted_images/i21_11_3.bmp,4.69048,21,11,3,23.617101669311523,0.03298056900030133
i21_11_4.bmp,/kaggle/working/MDFS/data/TID2013/distorted_images/i21_11_4.bmp,3.0,21,11,4,29.511810302734375,0.0327567980002641
i21_11_5.bmp,/kaggle/working/MDFS/data/TID2013/distorted_images/i21_11_5.bmp,1.04651,21,11,5,36.389801025390625,0.032023151999965194
i21_12_1.bmp,/kaggle/working/MDFS/data/TID2013/distorted_images/i21_12_1.bmp,5.7907,21,12,1,17.518447875976562,0.03256730100019922
i21_12_2.bmp,/kaggle/working/MDFS/data/TID2013/distorted_images/i21_12_2.bmp,4.76744,21,12,2,17.841907501220703,0.03177497200022117
i21_12_3.bmp,/kaggle/working/MDFS/data/TID2013/distorted_images/i21_12_3.bmp,6.0,21,12,3,17.607786178588867,0.032843596000020625
i21_12_4.bmp,/kaggle/working/MDFS/data/TID2013/distorted_images/i21_12_4.bmp,5.61905,21,12,4,17.47927474975586,0.032290899000145146
i21_12_5.bmp,/kaggle/working/MDFS/data/TID2013/distorted_images/i21_12_5.bmp,2.02381,21,12,5,18.176481246948242,0.031978858999991644
I21_13_1.BMP,/kaggle/working/MDFS/data/TID2013/distorted_images/I21_13_1.BMP,4.45238,21,13,1,17.45655632019043,0.03283431300042139
i21_13_2.bmp,/kaggle/working/MDFS/data/TID2013/distorted_images/i21_13_2.bmp,3.69048,21,13,2,17.411346435546875,0.03190434899988759
i21_13_3.bmp,/kaggle/working/MDFS/data/TID2013/distorted_images/i21_13_3.bmp,3.17073,21,13,3,19.780954360961914,0.03270450299987715
i21_13_4.bmp,/kaggle/working/MDFS/data/TID2013/distorted_images/i21_13_4.bmp,2.34884,21,13,4,19.93267822265625,0.03214269799991598
i21_13_5.bmp,/kaggle/working/MDFS/data/TID2013/distorted_images/i21_13_5.bmp,2.55814,21,13,5,21.276458740234375,0.03223070500007452
i21_14_1.bmp,/kaggle/working/MDFS/data/TID2013/distorted_images/i21_14_1.bmp,5.90698,21,14,1,17.577688217163086,0.033261916000355995
i21_14_2.bmp,/kaggle/working/MDFS/data/TID2013/distorted_images/i21_14_2.bmp,6.17073,21,14,2,17.490001678466797,0.032258903999718314
i21_14_3.bmp,/kaggle/working/MDFS/data/TID2013/distorted_images/i21_14_3.bmp,5.95238,21,14,3,17.430801391601562,0.03289896199976283
i21_14_4.bmp,/kaggle/working/MDFS/data/TID2013/distorted_images/i21_14_4.bmp,4.33333,21,14,4,17.441844940185547,0.03218543400043927
i21_14_5.bmp,/kaggle/working/MDFS/data/TID2013/distorted_images/i21_14_5.bmp,3.65116,21,14,5,17.374380111694336,0.031862201999956596
i21_15_1.bmp,/kaggle/working/MDFS/data/TID2013/distorted_images/i21_15_1.bmp,2.85366,21,15,1,18.035472869873047,0.0329019970004083
i21_15_2.bmp,/kaggle/working/MDFS/data/TID2013/distorted_images/i21_15_2.bmp,3.26829,21,15,2,17.85266876220703,0.031637325000247074
i21_15_3.bmp,/kaggle/working/MDFS/data/TID2013/distorted_images/i21_15_3.bmp,3.57143,21,15,3,17.625699996948242,0.0324689760000183
i21_15_4.bmp,/kaggle/working/MDFS/data/TID2013/distorted_images/i21_15_4.bmp,3.7619,21,15,4,17.584774017333984,0.03242041099974813
i21_15_5.bmp,/kaggle/working/MDFS/data/TID2013/distorted_images/i21_15_5.bmp,3.71429,21,15,5,17.101459503173828,0.03209623599968836
i21_16_1.bmp,/kaggle/working/MDFS/data/TID2013/distorted_images/i21_16_1.bmp,6.12195,21,16,1,17.467533111572266,0.03304268100009722
i21_16_2.bmp,/kaggle/working/MDFS/data/TID2013/distorted_images/i21_16_2.bmp,5.93023,21,16,2,17.549049377441406,0.03185723200022039
i21_16_3.bmp,/kaggle/working/MDFS/data/TID2013/distorted_images/i21_16_3.bmp,5.71429,21,16,3,17.212085723876953,0.03269718499996088
i21_16_4.bmp,/kaggle/working/MDFS/data/TID2013/distorted_images/i21_16_4.bmp,5.16667,21,16,4,17.408252716064453,0.03231361999996807
i21_16_5.bmp,/kaggle/working/MDFS/data/TID2013/distorted_images/i21_16_5.bmp,4.67442,21,16,5,17.433988571166992,0.0321300059999885
i21_17_1.bmp,/kaggle/working/MDFS/data/TID2013/distorted_images/i21_17_1.bmp,5.34146,21,17,1,17.741561889648438,0.03311911999981021
i21_17_2.bmp,/kaggle/working/MDFS/data/TID2013/distorted_images/i21_17_2.bmp,6.2619,21,17,2,17.59138298034668,0.0322222149998197
i21_17_3.bmp,/kaggle/working/MDFS/data/TID2013/distorted_images/i21_17_3.bmp,4.35714,21,17,3,18.340160369873047,0.0324968310001168
i21_17_4.bmp,/kaggle/working/MDFS/data/TID2013/distorted_images/i21_17_4.bmp,6.30233,21,17,4,17.943288803100586,0.032644215999880544
i21_17_5.bmp,/kaggle/working/MDFS/data/TID2013/distorted_images/i21_17_5.bmp,3.55,21,17,5,19.380348205566406,0.032259102999887546
i21_18_1.bmp,/kaggle/working/MDFS/data/TID2013/distorted_images/i21_18_1.bmp,4.85714,21,18,1,19.0500431060791,0.0332104869999057
i21_18_2.bmp,/kaggle/working/MDFS/data/TID2013/distorted_images/i21_18_2.bmp,4.31707,21,18,2,19.352439880371094,0.03217754800016337
i21_18_3.bmp,/kaggle/working/MDFS/data/TID2013/distorted_images/i21_18_3.bmp,4.11905,21,18,3,19.23968505859375,0.032015521000175795
i21_18_4.bmp,/kaggle/working/MDFS/data/TID2013/distorted_images/i21_18_4.bmp,3.60976,21,18,4,19.78301429748535,0.032999823999944056
i21_18_5.bmp,/kaggle/working/MDFS/data/TID2013/distorted_images/i21_18_5.bmp,3.78571,21,18,5,18.878311157226562,0.03180397599999196
i21_19_1.bmp,/kaggle/working/MDFS/data/TID2013/distorted_images/i21_19_1.bmp,5.38095,21,19,1,17.735586166381836,0.03278952400023627
i21_19_2.bmp,/kaggle/working/MDFS/data/TID2013/distorted_images/i21_19_2.bmp,4.7907,21,19,2,18.59244155883789,0.03271880500005864
i21_19_3.bmp,/kaggle/working/MDFS/data/TID2013/distorted_images/i21_19_3.bmp,4.07143,21,19,3,20.21424102783203,0.03226651300019512
i21_19_4.bmp,/kaggle/working/MDFS/data/TID2013/distorted_images/i21_19_4.bmp,3.64286,21,19,4,22.416297912597656,0.033054072999675554
i21_19_5.bmp,/kaggle/working/MDFS/data/TID2013/distorted_images/i21_19_5.bmp,3.4186,21,19,5,24.00532341003418,0.031851699000071676
i21_20_1.bmp,/kaggle/working/MDFS/data/TID2013/distorted_images/i21_20_1.bmp,5.975,21,20,1,17.74323272705078,0.03252912499965532
i21_20_2.bmp,/kaggle/working/MDFS/data/TID2013/distorted_images/i21_20_2.bmp,5.67442,21,20,2,17.858774185180664,0.035490035000293574
i21_20_3.bmp,/kaggle/working/MDFS/data/TID2013/distorted_images/i21_20_3.bmp,5.69048,21,20,3,18.2618350982666,0.0319578060002641
i21_20_4.bmp,/kaggle/working/MDFS/data/TID2013/distorted_images/i21_20_4.bmp,4.88372,21,20,4,18.981281280517578,0.03283306699995592
i21_20_5.bmp,/kaggle/working/MDFS/data/TID2013/distorted_images/i21_20_5.bmp,3.83721,21,20,5,19.118202209472656,0.032247669999833306
i21_21_1.bmp,/kaggle/working/MDFS/data/TID2013/distorted_images/i21_21_1.bmp,5.53488,21,21,1,17.824386596679688,0.032204122000166535
i21_21_2.bmp,/kaggle/working/MDFS/data/TID2013/distorted_images/i21_21_2.bmp,5.14286,21,21,2,18.61076545715332,0.033234105999781605
i21_21_3.bmp,/kaggle/working/MDFS/data/TID2013/distorted_images/i21_21_3.bmp,4.30952,21,21,3,19.623226165771484,0.040073569000014686
i21_21_4.bmp,/kaggle/working/MDFS/data/TID2013/distorted_images/i21_21_4.bmp,3.61905,21,21,4,20.946863174438477,0.0455999860000702
i21_21_5.bmp,/kaggle/working/MDFS/data/TID2013/distorted_images/i21_21_5.bmp,2.73171,21,21,5,24.07465171813965,0.029612960000122257
i21_22_1.bmp,/kaggle/working/MDFS/data/TID2013/distorted_images/i21_22_1.bmp,5.35714,21,22,1,18.15850067138672,0.03130827099994349
i21_22_2.bmp,/kaggle/working/MDFS/data/TID2013/distorted_images/i21_22_2.bmp,5.47619,21,22,2,19.232250213623047,0.0330035140000291
i21_22_3.bmp,/kaggle/working/MDFS/data/TID2013/distorted_images/i21_22_3.bmp,4.44186,21,22,3,19.733577728271484,0.03216609600031006
i21_22_4.bmp,/kaggle/working/MDFS/data/TID2013/distorted_images/i21_22_4.bmp,3.37209,21,22,4,20.80632209777832,0.032928578999872116
i21_22_5.bmp,/kaggle/working/MDFS/data/TID2013/distorted_images/i21_22_5.bmp,3.0,21,22,5,22.41281509399414,0.03247386400016694
i21_23_1.bmp,/kaggle/working/MDFS/data/TID2013/distorted_images/i21_23_1.bmp,6.11628,21,23,1,17.572389602661133,0.03230183499999839
i21_23_2.bmp,/kaggle/working/MDFS/data/TID2013/distorted_images/i21_23_2.bmp,5.90476,21,23,2,18.273672103881836,0.033211666000170226
i21_23_3.bmp,/kaggle/working/MDFS/data/TID2013/distorted_images/i21_23_3.bmp,5.67442,21,23,3,19.15511703491211,0.032315090999873064
i21_23_4.bmp,/kaggle/working/MDFS/data/TID2013/distorted_images/i21_23_4.bmp,5.2381,21,23,4,20.031661987304688,0.0322709950000899
i21_23_5.bmp,/kaggle/working/MDFS/data/TID2013/distorted_images/i21_23_5.bmp,2.85714,21,23,5,25.02943992614746,0.03219045500009088
i21_24_1.bmp,/kaggle/working/MDFS/data/TID2013/distorted_images/i21_24_1.bmp,5.88372,21,24,1,18.05844497680664,0.03219060999981593
i21_24_2.bmp,/kaggle/working/MDFS/data/TID2013/distorted_images/i21_24_2.bmp,5.72093,21,24,2,20.222450256347656,0.033685963999687374
i21_24_3.bmp,/kaggle/working/MDFS/data/TID2013/distorted_images/i21_24_3.bmp,5.0,21,24,3,22.635942459106445,0.032519562000288715
i21_24_4.bmp,/kaggle/working/MDFS/data/TID2013/distorted_images/i21_24_4.bmp,3.07317,21,24,4,25.807409286499023,0.03249337800025387
i21_24_5.bmp,/kaggle/working/MDFS/data/TID2013/distorted_images/i21_24_5.bmp,0.52381,21,24,5,30.60763168334961,0.03301673200030564
I22_01_1.bmp,/kaggle/working/MDFS/data/TID2013/distorted_images/I22_01_1.bmp,5.81579,22,1,1,18.636625289916992,0.031731769000089116
i22_01_2.bmp,/kaggle/working/MDFS/data/TID2013/distorted_images/i22_01_2.bmp,5.23684,22,1,2,19.42397689819336,0.03260409799986519
i22_01_3.bmp,/kaggle/working/MDFS/data/TID2013/distorted_images/i22_01_3.bmp,4.84615,22,1,3,20.812389373779297,0.03224415400018188
i22_01_4.bmp,/kaggle/working/MDFS/data/TID2013/distorted_images/i22_01_4.bmp,4.15789,22,1,4,22.8370361328125,0.032266135000099894
i22_01_5.bmp,/kaggle/working/MDFS/data/TID2013/distorted_images/i22_01_5.bmp,3.71795,22,1,5,25.839725494384766,0.03320491900012712
i22_02_1.bmp,/kaggle/working/MDFS/data/TID2013/distorted_images/i22_02_1.bmp,5.60526,22,2,1,18.092267990112305,0.03202058399983798
i22_02_2.bmp,/kaggle/working/MDFS/data/TID2013/distorted_images/i22_02_2.bmp,5.82051,22,2,2,18.573850631713867,0.03278586300029929
i22_02_3.bmp,/kaggle/working/MDFS/data/TID2013/distorted_images/i22_02_3.bmp,5.47368,22,2,3,19.377378463745117,0.032913805000134744
i22_02_4.bmp,/kaggle/working/MDFS/data/TID2013/distorted_images/i22_02_4.bmp,5.13158,22,2,4,20.899822235107422,0.032550999999784835
i22_02_5.bmp,/kaggle/working/MDFS/data/TID2013/distorted_images/i22_02_5.bmp,4.57895,22,2,5,22.65787696838379,0.03301914600024247
i22_03_1.bmp,/kaggle/working/MDFS/data/TID2013/distorted_images/i22_03_1.bmp,4.79487,22,3,1,18.695697784423828,0.031724838000172895
i22_03_2.bmp,/kaggle/working/MDFS/data/TID2013/distorted_images/i22_03_2.bmp,4.34211,22,3,2,19.603191375732422,0.03204938699991544
i22_03_3.bmp,/kaggle/working/MDFS/data/TID2013/distorted_images/i22_03_3.bmp,3.68421,22,3,3,21.078001022338867,0.03251354000030915
i22_03_4.bmp,/kaggle/working/MDFS/data/TID2013/distorted_images/i22_03_4.bmp,3.07692,22,3,4,22.78626251220703,0.03248516699977699
i22_03_5.bmp,/kaggle/working/MDFS/data/TID2013/distorted_images/i22_03_5.bmp,2.7027,22,3,5,25.570877075195312,0.0330506189998232
i22_04_1.bmp,/kaggle/working/MDFS/data/TID2013/distorted_images/i22_04_1.bmp,5.76923,22,4,1,18.366098403930664,0.03251882399990791
i22_04_2.bmp,/kaggle/working/MDFS/data/TID2013/distorted_images/i22_04_2.bmp,5.71795,22,4,2,18.89219093322754,0.03272655799992208
i22_04_3.bmp,/kaggle/working/MDFS/data/TID2013/distorted_images/i22_04_3.bmp,5.4359,22,4,3,19.9122257232666,0.03339559400001235
i22_04_4.bmp,/kaggle/working/MDFS/data/TID2013/distorted_images/i22_04_4.bmp,5.0,22,4,4,21.528419494628906,0.03193694099991262
i22_04_5.bmp,/kaggle/working/MDFS/data/TID2013/distorted_images/i22_04_5.bmp,4.30769,22,4,5,23.79119873046875,0.03228702400019756
i22_05_1.bmp,/kaggle/working/MDFS/data/TID2013/distorted_images/i22_05_1.bmp,5.86842,22,5,1,18.73445701599121,0.03190562600002522
i22_05_2.bmp,/kaggle/working/MDFS/data/TID2013/distorted_images/i22_05_2.bmp,5.68421,22,5,2,19.60432243347168,0.031928811999932805
i22_05_3.bmp,/kaggle/working/MDFS/data/TID2013/distorted_images/i22_05_3.bmp,4.87179,22,5,3,22.7175350189209,0.033501118999993196
i22_05_4.bmp,/kaggle/working/MDFS/data/TID2013/distorted_images/i22_05_4.bmp,4.18421,22,5,4,28.94923973083496,0.032263647000036144
i22_05_5.bmp,/kaggle/working/MDFS/data/TID2013/distorted_images/i22_05_5.bmp,3.18421,22,5,5,37.65603256225586,0.03234368599987647
i22_06_1.bmp,/kaggle/working/MDFS/data/TID2013/distorted_images/i22_06_1.bmp,4.7027,22,6,1,18.028274536132812,0.032192357999974774
i22_06_2.bmp,/kaggle/working/MDFS/data/TID2013/distorted_images/i22_06_2.bmp,4.24324,22,6,2,18.4309139251709,0.03214656699992702
i22_06_3.bmp,/kaggle/working/MDFS/data/TID2013/distorted_images/i22_06_3.bmp,3.76316,22,6,3,19.329357147216797,0.033340134999889415
i22_06_4.bmp,/kaggle/working/MDFS/data/TID2013/distorted_images/i22_06_4.bmp,3.56757,22,6,4,20.983810424804688,0.032160391000161326
i22_06_5.bmp,/kaggle/working/MDFS/data/TID2013/distorted_images/i22_06_5.bmp,3.24324,22,6,5,23.8365421295166,0.03251864200001364
i22_07_1.bmp,/kaggle/working/MDFS/data/TID2013/distorted_images/i22_07_1.bmp,5.58974,22,7,1,17.89552879333496,0.03246801300019797
i22_07_2.bmp,/kaggle/working/MDFS/data/TID2013/distorted_images/i22_07_2.bmp,5.08108,22,7,2,18.35877227783203,0.031667697000102635
i22_07_3.bmp,/kaggle/working/MDFS/data/TID2013/distorted_images/i22_07_3.bmp,4.57895,22,7,3,19.71988868713379,0.032835818999956246
i22_07_4.bmp,/kaggle/working/MDFS/data/TID2013/distorted_images/i22_07_4.bmp,3.89474,22,7,4,21.88173484802246,0.031876465999630454
i22_07_5.bmp,/kaggle/working/MDFS/data/TID2013/distorted_images/i22_07_5.bmp,2.74359,22,7,5,25.82831382751465,0.03219463300001735
i22_08_1.bmp,/kaggle/working/MDFS/data/TID2013/distorted_images/i22_08_1.bmp,5.44737,22,8,1,17.401254653930664,0.03227633300002708
i22_08_2.bmp,/kaggle/working/MDFS/data/TID2013/distorted_images/i22_08_2.bmp,4.63158,22,8,2,18.32314109802246,0.031712409000192565
i22_08_3.bmp,/kaggle/working/MDFS/data/TID2013/distorted_images/i22_08_3.bmp,3.78378,22,8,3,21.291946411132812,0.03318911599990315
i22_08_4.bmp,/kaggle/working/MDFS/data/TID2013/distorted_images/i22_08_4.bmp,3.12821,22,8,4,26.760589599609375,0.032267764000152965
i22_08_5.bmp,/kaggle/working/MDFS/data/TID2013/distorted_images/i22_08_5.bmp,2.53846,22,8,5,31.885330200195312,0.03203508000024158
i22_09_1.bmp,/kaggle/working/MDFS/data/TID2013/distorted_images/i22_09_1.bmp,5.84615,22,9,1,17.603185653686523,0.032490776000031474
i22_09_2.bmp,/kaggle/working/MDFS/data/TID2013/distorted_images/i22_09_2.bmp,5.52632,22,9,2,17.988506317138672,0.031790340000043216
i22_09_3.bmp,/kaggle/working/MDFS/data/TID2013/distorted_images/i22_09_3.bmp,4.62162,22,9,3,19.198776245117188,0.0330158910001046
i22_09_4.bmp,/kaggle/working/MDFS/data/TID2013/distorted_images/i22_09_4.bmp,3.33333,22,9,4,21.439178466796875,0.0318545160002941
i22_09_5.bmp,/kaggle/working/MDFS/data/TID2013/distorted_images/i22_09_5.bmp,2.05128,22,9,5,29.398561477661133,0.03235729000016363
i22_10_1.bmp,/kaggle/working/MDFS/data/TID2013/distorted_images/i22_10_1.bmp,5.83784,22,10,1,18.570194244384766,0.03222678700012693
i22_10_2.bmp,/kaggle/working/MDFS/data/TID2013/distorted_images/i22_10_2.bmp,5.58974,22,10,2,19.40331268310547,0.03229646699992372
i22_10_3.bmp,/kaggle/working/MDFS/data/TID2013/distorted_images/i22_10_3.bmp,5.0,22,10,3,22.942707061767578,0.03301630899977681
i22_10_4.bmp,/kaggle/working/MDFS/data/TID2013/distorted_images/i22_10_4.bmp,3.58974,22,10,4,28.370471954345703,0.034030278000045655
i22_10_5.bmp,/kaggle/working/MDFS/data/TID2013/distorted_images/i22_10_5.bmp,2.07895,22,10,5,32.45148849487305,0.03153748700015058
I22_11_1.BMP,/kaggle/working/MDFS/data/TID2013/distorted_images/I22_11_1.BMP,5.35897,22,11,1,19.41836166381836,0.032932022999830224
i22_11_2.bmp,/kaggle/working/MDFS/data/TID2013/distorted_images/i22_11_2.bmp,5.51282,22,11,2,22.48992919921875,0.031842840000081196
i22_11_3.bmp,/kaggle/working/MDFS/data/TID2013/distorted_images/i22_11_3.bmp,4.26316,22,11,3,26.676198959350586,0.03244190499981414
i22_11_4.bmp,/kaggle/working/MDFS/data/TID2013/distorted_images/i22_11_4.bmp,2.63158,22,11,4,33.560054779052734,0.032121131000167225
i22_11_5.bmp,/kaggle/working/MDFS/data/TID2013/distorted_images/i22_11_5.bmp,0.86842,22,11,5,40.14857864379883,0.03223373900027582
i22_12_1.bmp,/kaggle/working/MDFS/data/TID2013/distorted_images/i22_12_1.bmp,5.26316,22,12,1,18.171958923339844,0.03256100899989178
i22_12_2.bmp,/kaggle/working/MDFS/data/TID2013/distorted_images/i22_12_2.bmp,5.76923,22,12,2,17.92816734313965,0.03175754399990183
i22_12_3.bmp,/kaggle/working/MDFS/data/TID2013/distorted_images/i22_12_3.bmp,5.74359,22,12,3,18.077960968017578,0.03284503600025346
i22_12_4.bmp,/kaggle/working/MDFS/data/TID2013/distorted_images/i22_12_4.bmp,4.36842,22,12,4,18.72593879699707,0.032545102999847586
i22_12_5.bmp,/kaggle/working/MDFS/data/TID2013/distorted_images/i22_12_5.bmp,2.76316,22,12,5,19.120407104492188,0.031963103000180126
I22_13_1.BMP,/kaggle/working/MDFS/data/TID2013/distorted_images/I22_13_1.BMP,5.25641,22,13,1,18.6497802734375,0.03344729099990218
i22_13_2.bmp,/kaggle/working/MDFS/data/TID2013/distorted_images/i22_13_2.bmp,4.4359,22,13,2,18.922283172607422,0.03223062699998991
i22_13_3.bmp,/kaggle/working/MDFS/data/TID2013/distorted_images/i22_13_3.bmp,3.68421,22,13,3,19.39340591430664,0.03241549699987445
i22_13_4.bmp,/kaggle/working/MDFS/data/TID2013/distorted_images/i22_13_4.bmp,2.87179,22,13,4,20.790170669555664,0.03225159900011931
i22_13_5.bmp,/kaggle/working/MDFS/data/TID2013/distorted_images/i22_13_5.bmp,2.51282,22,13,5,21.99114227294922,0.032152670999948896
i22_14_1.bmp,/kaggle/working/MDFS/data/TID2013/distorted_images/i22_14_1.bmp,5.76923,22,14,1,17.520090103149414,0.03302452700017966
i22_14_2.bmp,/kaggle/working/MDFS/data/TID2013/distorted_images/i22_14_2.bmp,5.86111,22,14,2,17.5041561126709,0.031881879000138724
i22_14_3.bmp,/kaggle/working/MDFS/data/TID2013/distorted_images/i22_14_3.bmp,5.76316,22,14,3,17.597749710083008,0.03237631499996496
i22_14_4.bmp,/kaggle/working/MDFS/data/TID2013/distorted_images/i22_14_4.bmp,4.62162,22,14,4,17.51487159729004,0.032681806000255165
i22_14_5.bmp,/kaggle/working/MDFS/data/TID2013/distorted_images/i22_14_5.bmp,4.10256,22,14,5,17.47539520263672,0.03198514999985491
i22_15_1.bmp,/kaggle/working/MDFS/data/TID2013/distorted_images/i22_15_1.bmp,3.05263,22,15,1,17.66385269165039,0.03274888900023143
i22_15_2.bmp,/kaggle/working/MDFS/data/TID2013/distorted_images/i22_15_2.bmp,3.02632,22,15,2,17.621925354003906,0.031969941000170365
i22_15_3.bmp,/kaggle/working/MDFS/data/TID2013/distorted_images/i22_15_3.bmp,3.21622,22,15,3,17.48160743713379,0.03258375099994737
i22_15_4.bmp,/kaggle/working/MDFS/data/TID2013/distorted_images/i22_15_4.bmp,3.39474,22,15,4,17.477638244628906,0.03288574599991989
i22_15_5.bmp,/kaggle/working/MDFS/data/TID2013/distorted_images/i22_15_5.bmp,3.73684,22,15,5,17.410524368286133,0.03182765200017457
i22_16_1.bmp,/kaggle/working/MDFS/data/TID2013/distorted_images/i22_16_1.bmp,5.86486,22,16,1,17.47833251953125,0.03274558300017816
i22_16_2.bmp,/kaggle/working/MDFS/data/TID2013/distorted_images/i22_16_2.bmp,5.41026,22,16,2,17.577157974243164,0.03235521500027971
i22_16_3.bmp,/kaggle/working/MDFS/data/TID2013/distorted_images/i22_16_3.bmp,6.05128,22,16,3,17.478181838989258,0.032152076000329544
i22_16_4.bmp,/kaggle/working/MDFS/data/TID2013/distorted_images/i22_16_4.bmp,4.60526,22,16,4,17.744544982910156,0.033190685000136
i22_16_5.bmp,/kaggle/working/MDFS/data/TID2013/distorted_images/i22_16_5.bmp,5.25641,22,16,5,17.617549896240234,0.03194491600015681
i22_17_1.bmp,/kaggle/working/MDFS/data/TID2013/distorted_images/i22_17_1.bmp,5.33333,22,17,1,17.545114517211914,0.03248645900021074
i22_17_2.bmp,/kaggle/working/MDFS/data/TID2013/distorted_images/i22_17_2.bmp,6.0,22,17,2,17.629423141479492,0.03212834100031614
i22_17_3.bmp,/kaggle/working/MDFS/data/TID2013/distorted_images/i22_17_3.bmp,4.22222,22,17,3,17.721345901489258,0.03216185800010862
i22_17_4.bmp,/kaggle/working/MDFS/data/TID2013/distorted_images/i22_17_4.bmp,6.23077,22,17,4,17.85439109802246,0.032985654000185605
i22_17_5.bmp,/kaggle/working/MDFS/data/TID2013/distorted_images/i22_17_5.bmp,3.37838,22,17,5,18.666980743408203,0.031848286999775155
i22_18_1.bmp,/kaggle/working/MDFS/data/TID2013/distorted_images/i22_18_1.bmp,5.15385,22,18,1,17.54329490661621,0.03250470500006486
i22_18_2.bmp,/kaggle/working/MDFS/data/TID2013/distorted_images/i22_18_2.bmp,4.68421,22,18,2,17.619047164916992,0.032098479000069347
i22_18_3.bmp,/kaggle/working/MDFS/data/TID2013/distorted_images/i22_18_3.bmp,4.23684,22,18,3,17.771160125732422,0.03181227899995065
i22_18_4.bmp,/kaggle/working/MDFS/data/TID2013/distorted_images/i22_18_4.bmp,3.76316,22,18,4,18.46337127685547,0.033036448000075325
i22_18_5.bmp,/kaggle/working/MDFS/data/TID2013/distorted_images/i22_18_5.bmp,3.25,22,18,5,20.520706176757812,0.03202288400007092
i22_19_1.bmp,/kaggle/working/MDFS/data/TID2013/distorted_images/i22_19_1.bmp,5.13158,22,19,1,18.249338150024414,0.03241127000001143
i22_19_2.bmp,/kaggle/working/MDFS/data/TID2013/distorted_images/i22_19_2.bmp,5.13158,22,19,2,19.1246395111084,0.032161178999558615
i22_19_3.bmp,/kaggle/working/MDFS/data/TID2013/distorted_images/i22_19_3.bmp,4.66667,22,19,3,20.460693359375,0.032513863000076526
i22_19_4.bmp,/kaggle/working/MDFS/data/TID2013/distorted_images/i22_19_4.bmp,4.0,22,19,4,22.759777069091797,0.03315462499995192
i22_19_5.bmp,/kaggle/working/MDFS/data/TID2013/distorted_images/i22_19_5.bmp,3.58974,22,19,5,24.731266021728516,0.031899769000119704
i22_20_1.bmp,/kaggle/working/MDFS/data/TID2013/distorted_images/i22_20_1.bmp,5.71053,22,20,1,18.05302619934082,0.032357010999930935
i22_20_2.bmp,/kaggle/working/MDFS/data/TID2013/distorted_images/i22_20_2.bmp,5.73684,22,20,2,18.42896270751953,0.032637266000165255
i22_20_3.bmp,/kaggle/working/MDFS/data/TID2013/distorted_images/i22_20_3.bmp,5.55263,22,20,3,18.988330841064453,0.0319320090002293
i22_20_4.bmp,/kaggle/working/MDFS/data/TID2013/distorted_images/i22_20_4.bmp,4.89744,22,20,4,19.837974548339844,0.0327925960000357
i22_20_5.bmp,/kaggle/working/MDFS/data/TID2013/distorted_images/i22_20_5.bmp,3.64865,22,20,5,19.53687858581543,0.0319657059999372
i22_21_1.bmp,/kaggle/working/MDFS/data/TID2013/distorted_images/i22_21_1.bmp,5.57895,22,21,1,18.445178985595703,0.032710587000110536
i22_21_2.bmp,/kaggle/working/MDFS/data/TID2013/distorted_images/i22_21_2.bmp,5.02632,22,21,2,18.90077018737793,0.03233702700026697
i22_21_3.bmp,/kaggle/working/MDFS/data/TID2013/distorted_images/i22_21_3.bmp,4.65789,22,21,3,20.181699752807617,0.03206741799976953
i22_21_4.bmp,/kaggle/working/MDFS/data/TID2013/distorted_images/i22_21_4.bmp,3.5641,22,21,4,22.0987491607666,0.03298920600036581
i22_21_5.bmp,/kaggle/working/MDFS/data/TID2013/distorted_images/i22_21_5.bmp,2.63158,22,21,5,25.932222366333008,0.03180258700012928
i22_22_1.bmp,/kaggle/working/MDFS/data/TID2013/distorted_images/i22_22_1.bmp,5.92308,22,22,1,18.360565185546875,0.0320427080000627
i22_22_2.bmp,/kaggle/working/MDFS/data/TID2013/distorted_images/i22_22_2.bmp,5.35135,22,22,2,19.063434600830078,0.03234568299967577
i22_22_3.bmp,/kaggle/working/MDFS/data/TID2013/distorted_images/i22_22_3.bmp,4.89744,22,22,3,20.288145065307617,0.03225906499983466
i22_22_4.bmp,/kaggle/working/MDFS/data/TID2013/distorted_images/i22_22_4.bmp,4.44737,22,22,4,21.42924690246582,0.033061159000226326
i22_22_5.bmp,/kaggle/working/MDFS/data/TID2013/distorted_images/i22_22_5.bmp,2.89474,22,22,5,21.88465690612793,0.031778921999830345
i22_23_1.bmp,/kaggle/working/MDFS/data/TID2013/distorted_images/i22_23_1.bmp,6.32432,22,23,1,17.621021270751953,0.032320266000169795
i22_23_2.bmp,/kaggle/working/MDFS/data/TID2013/distorted_images/i22_23_2.bmp,6.13158,22,23,2,18.243513107299805,0.032234453999990365
i22_23_3.bmp,/kaggle/working/MDFS/data/TID2013/distorted_images/i22_23_3.bmp,5.21053,22,23,3,18.550615310668945,0.032045159000062995
i22_23_4.bmp,/kaggle/working/MDFS/data/TID2013/distorted_images/i22_23_4.bmp,4.4359,22,23,4,19.656131744384766,0.032837516000199685
i22_23_5.bmp,/kaggle/working/MDFS/data/TID2013/distorted_images/i22_23_5.bmp,2.10256,22,23,5,27.17191505432129,0.03182596799979365
i22_24_1.bmp,/kaggle/working/MDFS/data/TID2013/distorted_images/i22_24_1.bmp,5.82051,22,24,1,19.212072372436523,0.032159009000224614
i22_24_2.bmp,/kaggle/working/MDFS/data/TID2013/distorted_images/i22_24_2.bmp,5.42105,22,24,2,21.580772399902344,0.03267310799992629
i22_24_3.bmp,/kaggle/working/MDFS/data/TID2013/distorted_images/i22_24_3.bmp,4.21622,22,24,3,23.778278350830078,0.03181091700025718
i22_24_4.bmp,/kaggle/working/MDFS/data/TID2013/distorted_images/i22_24_4.bmp,2.25641,22,24,4,27.557863235473633,0.032934944000317046
i22_24_5.bmp,/kaggle/working/MDFS/data/TID2013/distorted_images/i22_24_5.bmp,0.36842,22,24,5,35.54716491699219,0.03206863600007637
I23_01_1.bmp,/kaggle/working/MDFS/data/TID2013/distorted_images/I23_01_1.bmp,5.68571,23,1,1,19.467947006225586,0.0326345799999217
i23_01_2.bmp,/kaggle/working/MDFS/data/TID2013/distorted_images/i23_01_2.bmp,5.05714,23,1,2,20.219247817993164,0.03262082299988833
i23_01_3.bmp,/kaggle/working/MDFS/data/TID2013/distorted_images/i23_01_3.bmp,4.76471,23,1,3,21.296306610107422,0.03158333800001856
i23_01_4.bmp,/kaggle/working/MDFS/data/TID2013/distorted_images/i23_01_4.bmp,4.08571,23,1,4,23.438310623168945,0.032727367999996204
i23_01_5.bmp,/kaggle/working/MDFS/data/TID2013/distorted_images/i23_01_5.bmp,3.73529,23,1,5,25.820524215698242,0.03200588399977278
i23_02_1.bmp,/kaggle/working/MDFS/data/TID2013/distorted_images/i23_02_1.bmp,6.14706,23,2,1,18.619352340698242,0.03194054100003996
i23_02_2.bmp,/kaggle/working/MDFS/data/TID2013/distorted_images/i23_02_2.bmp,5.84848,23,2,2,19.094972610473633,0.03222852899989448
i23_02_3.bmp,/kaggle/working/MDFS/data/TID2013/distorted_images/i23_02_3.bmp,5.45714,23,2,3,19.974763870239258,0.03175855800009231
i23_02_4.bmp,/kaggle/working/MDFS/data/TID2013/distorted_images/i23_02_4.bmp,5.02857,23,2,4,21.01900863647461,0.033092690000103175
i23_02_5.bmp,/kaggle/working/MDFS/data/TID2013/distorted_images/i23_02_5.bmp,4.32353,23,2,5,23.16057777404785,0.03204317400013679
i23_03_1.bmp,/kaggle/working/MDFS/data/TID2013/distorted_images/i23_03_1.bmp,4.61765,23,3,1,18.89594841003418,0.03258748200005357
i23_03_2.bmp,/kaggle/working/MDFS/data/TID2013/distorted_images/i23_03_2.bmp,4.17143,23,3,2,19.840221405029297,0.032537142999899515
i23_03_3.bmp,/kaggle/working/MDFS/data/TID2013/distorted_images/i23_03_3.bmp,3.55882,23,3,3,21.774988174438477,0.032032778000029793
i23_03_4.bmp,/kaggle/working/MDFS/data/TID2013/distorted_images/i23_03_4.bmp,3.26471,23,3,4,23.453550338745117,0.03265628700000889
i23_03_5.bmp,/kaggle/working/MDFS/data/TID2013/distorted_images/i23_03_5.bmp,2.67647,23,3,5,27.00316619873047,0.031971752000117704
i23_04_1.bmp,/kaggle/working/MDFS/data/TID2013/distorted_images/i23_04_1.bmp,5.61765,23,4,1,18.44611167907715,0.03234013400015101
i23_04_2.bmp,/kaggle/working/MDFS/data/TID2013/distorted_images/i23_04_2.bmp,5.64706,23,4,2,19.131052017211914,0.03301453099993523
i23_04_3.bmp,/kaggle/working/MDFS/data/TID2013/distorted_images/i23_04_3.bmp,5.32353,23,4,3,20.18233299255371,0.03222553700015851
i23_04_4.bmp,/kaggle/working/MDFS/data/TID2013/distorted_images/i23_04_4.bmp,4.79412,23,4,4,21.853628158569336,0.0329402399997889
i23_04_5.bmp,/kaggle/working/MDFS/data/TID2013/distorted_images/i23_04_5.bmp,4.52941,23,4,5,24.32618522644043,0.03225827100004608
i23_05_1.bmp,/kaggle/working/MDFS/data/TID2013/distorted_images/i23_05_1.bmp,6.05714,23,5,1,19.94841766357422,0.03213682199975665
i23_05_2.bmp,/kaggle/working/MDFS/data/TID2013/distorted_images/i23_05_2.bmp,5.5,23,5,2,20.82816505432129,0.03269222499966418
i23_05_3.bmp,/kaggle/working/MDFS/data/TID2013/distorted_images/i23_05_3.bmp,5.09091,23,5,3,23.553232192993164,0.03207944199994017
i23_05_4.bmp,/kaggle/working/MDFS/data/TID2013/distorted_images/i23_05_4.bmp,4.31429,23,5,4,28.308238983154297,0.032776517999991484
i23_05_5.bmp,/kaggle/working/MDFS/data/TID2013/distorted_images/i23_05_5.bmp,3.35294,23,5,5,35.18626403808594,0.031975970000075904
i23_06_1.bmp,/kaggle/working/MDFS/data/TID2013/distorted_images/i23_06_1.bmp,4.61765,23,6,1,18.092618942260742,0.03212775799966039
i23_06_2.bmp,/kaggle/working/MDFS/data/TID2013/distorted_images/i23_06_2.bmp,4.35294,23,6,2,18.76756477355957,0.033162516999709624
i23_06_3.bmp,/kaggle/working/MDFS/data/TID2013/distorted_images/i23_06_3.bmp,4.02941,23,6,3,19.64600372314453,0.03214925900010712
i23_06_4.bmp,/kaggle/working/MDFS/data/TID2013/distorted_images/i23_06_4.bmp,3.61765,23,6,4,21.59213638305664,0.03275123399998847
i23_06_5.bmp,/kaggle/working/MDFS/data/TID2013/distorted_images/i23_06_5.bmp,3.29412,23,6,5,24.457983016967773,0.032251121000172134
i23_07_1.bmp,/kaggle/working/MDFS/data/TID2013/distorted_images/i23_07_1.bmp,4.97059,23,7,1,18.2578067779541,0.032167849999950704
i23_07_2.bmp,/kaggle/working/MDFS/data/TID2013/distorted_images/i23_07_2.bmp,3.84848,23,7,2,19.407203674316406,0.03319118199988225
i23_07_3.bmp,/kaggle/working/MDFS/data/TID2013/distorted_images/i23_07_3.bmp,3.68571,23,7,3,21.991804122924805,0.0324558940001225
i23_07_4.bmp,/kaggle/working/MDFS/data/TID2013/distorted_images/i23_07_4.bmp,3.44118,23,7,4,23.583820343017578,0.032413480000286654
i23_07_5.bmp,/kaggle/working/MDFS/data/TID2013/distorted_images/i23_07_5.bmp,2.78788,23,7,5,25.251012802124023,0.03250687399986418
i23_08_1.bmp,/kaggle/working/MDFS/data/TID2013/distorted_images/i23_08_1.bmp,5.94286,23,8,1,17.255386352539062,0.03223862400000144
i23_08_2.bmp,/kaggle/working/MDFS/data/TID2013/distorted_images/i23_08_2.bmp,5.52941,23,8,2,17.68832015991211,0.03289643600010095
i23_08_3.bmp,/kaggle/working/MDFS/data/TID2013/distorted_images/i23_08_3.bmp,4.67647,23,8,3,20.3149356842041,0.03196098000034908
i23_08_4.bmp,/kaggle/working/MDFS/data/TID2013/distorted_images/i23_08_4.bmp,3.94118,23,8,4,26.601350784301758,0.03263227299976279
i23_08_5.bmp,/kaggle/working/MDFS/data/TID2013/distorted_images/i23_08_5.bmp,2.77143,23,8,5,31.271591186523438,0.03263025599972025
i23_09_1.bmp,/kaggle/working/MDFS/data/TID2013/distorted_images/i23_09_1.bmp,6.69697,23,9,1,17.44877815246582,0.03208379400030026
i23_09_2.bmp,/kaggle/working/MDFS/data/TID2013/distorted_images/i23_09_2.bmp,6.05714,23,9,2,18.032228469848633,0.033010693000051106
i23_09_3.bmp,/kaggle/working/MDFS/data/TID2013/distorted_images/i23_09_3.bmp,5.70588,23,9,3,19.22270965576172,0.03206839300037245
i23_09_4.bmp,/kaggle/working/MDFS/data/TID2013/distorted_images/i23_09_4.bmp,4.26471,23,9,4,21.695390701293945,0.03237375199978487
i23_09_5.bmp,/kaggle/working/MDFS/data/TID2013/distorted_images/i23_09_5.bmp,2.64706,23,9,5,27.363304138183594,0.03274374300008276
i23_10_1.bmp,/kaggle/working/MDFS/data/TID2013/distorted_images/i23_10_1.bmp,5.97143,23,10,1,18.160533905029297,0.03203632700024173
i23_10_2.bmp,/kaggle/working/MDFS/data/TID2013/distorted_images/i23_10_2.bmp,5.79412,23,10,2,18.86750602722168,0.032956702999854315
i23_10_3.bmp,/kaggle/working/MDFS/data/TID2013/distorted_images/i23_10_3.bmp,5.02941,23,10,3,22.121572494506836,0.032277120999879116
i23_10_4.bmp,/kaggle/working/MDFS/data/TID2013/distorted_images/i23_10_4.bmp,3.64706,23,10,4,27.398807525634766,0.0324212309997165
i23_10_5.bmp,/kaggle/working/MDFS/data/TID2013/distorted_images/i23_10_5.bmp,2.4,23,10,5,32.116249084472656,0.03316698800017548
I23_11_1.BMP,/kaggle/working/MDFS/data/TID2013/distorted_images/I23_11_1.BMP,5.25714,23,11,1,22.33032989501953,0.03197253999996974
i23_11_2.bmp,/kaggle/working/MDFS/data/TID2013/distorted_images/i23_11_2.bmp,4.57143,23,11,2,26.228160858154297,0.033071358999677614
i23_11_3.bmp,/kaggle/working/MDFS/data/TID2013/distorted_images/i23_11_3.bmp,3.11765,23,11,3,31.322742462158203,0.03262582800016389
i23_11_4.bmp,/kaggle/working/MDFS/data/TID2013/distorted_images/i23_11_4.bmp,2.24242,23,11,4,34.51902770996094,0.03179881599999135
i23_11_5.bmp,/kaggle/working/MDFS/data/TID2013/distorted_images/i23_11_5.bmp,0.82353,23,11,5,39.42011260986328,0.03281654200009143
i23_12_1.bmp,/kaggle/working/MDFS/data/TID2013/distorted_images/i23_12_1.bmp,5.9697,23,12,1,17.89608383178711,0.03190842399999383
i23_12_2.bmp,/kaggle/working/MDFS/data/TID2013/distorted_images/i23_12_2.bmp,5.74286,23,12,2,18.071779251098633,0.03247545500016713
i23_12_3.bmp,/kaggle/working/MDFS/data/TID2013/distorted_images/i23_12_3.bmp,3.8,23,12,3,18.29680633544922,0.03248818599968217
i23_12_4.bmp,/kaggle/working/MDFS/data/TID2013/distorted_images/i23_12_4.bmp,2.88571,23,12,4,18.624156951904297,0.03210159099990051
i23_12_5.bmp,/kaggle/working/MDFS/data/TID2013/distorted_images/i23_12_5.bmp,1.85714,23,12,5,19.412851333618164,0.0330898730003355
I23_13_1.BMP,/kaggle/working/MDFS/data/TID2013/distorted_images/I23_13_1.BMP,4.54286,23,13,1,17.705150604248047,0.03257595500008392
i23_13_2.bmp,/kaggle/working/MDFS/data/TID2013/distorted_images/i23_13_2.bmp,4.15152,23,13,2,20.338176727294922,0.032605605000298965
i23_13_3.bmp,/kaggle/working/MDFS/data/TID2013/distorted_images/i23_13_3.bmp,3.34286,23,13,3,19.050230026245117,0.03304373199989641
i23_13_4.bmp,/kaggle/working/MDFS/data/TID2013/distorted_images/i23_13_4.bmp,2.47059,23,13,4,20.838693618774414,0.031817202999718575
i23_13_5.bmp,/kaggle/working/MDFS/data/TID2013/distorted_images/i23_13_5.bmp,2.58824,23,13,5,26.398723602294922,0.032730114000059984
i23_14_1.bmp,/kaggle/working/MDFS/data/TID2013/distorted_images/i23_14_1.bmp,6.08571,23,14,1,17.612060546875,0.03214078900009554
i23_14_2.bmp,/kaggle/working/MDFS/data/TID2013/distorted_images/i23_14_2.bmp,6.29412,23,14,2,17.585933685302734,0.03223457199965196
i23_14_3.bmp,/kaggle/working/MDFS/data/TID2013/distorted_images/i23_14_3.bmp,5.05882,23,14,3,17.581626892089844,0.0331249700002445
i23_14_4.bmp,/kaggle/working/MDFS/data/TID2013/distorted_images/i23_14_4.bmp,5.05882,23,14,4,17.568761825561523,0.03215985599990745
i23_14_5.bmp,/kaggle/working/MDFS/data/TID2013/distorted_images/i23_14_5.bmp,3.6,23,14,5,17.692005157470703,0.032608613000320474
i23_15_1.bmp,/kaggle/working/MDFS/data/TID2013/distorted_images/i23_15_1.bmp,2.94286,23,15,1,18.74916648864746,0.032749111999692104
i23_15_2.bmp,/kaggle/working/MDFS/data/TID2013/distorted_images/i23_15_2.bmp,2.97143,23,15,2,18.5262508392334,0.032112555999901815
i23_15_3.bmp,/kaggle/working/MDFS/data/TID2013/distorted_images/i23_15_3.bmp,3.25714,23,15,3,18.234399795532227,0.033144978000109404
i23_15_4.bmp,/kaggle/working/MDFS/data/TID2013/distorted_images/i23_15_4.bmp,3.41176,23,15,4,17.81131935119629,0.03184915700012425
i23_15_5.bmp,/kaggle/working/MDFS/data/TID2013/distorted_images/i23_15_5.bmp,3.62857,23,15,5,17.694442749023438,0.03280412399999477
i23_16_1.bmp,/kaggle/working/MDFS/data/TID2013/distorted_images/i23_16_1.bmp,6.33333,23,16,1,17.55965232849121,0.03269337500023539
i23_16_2.bmp,/kaggle/working/MDFS/data/TID2013/distorted_images/i23_16_2.bmp,5.82857,23,16,2,17.598878860473633,0.03187967400026537
i23_16_3.bmp,/kaggle/working/MDFS/data/TID2013/distorted_images/i23_16_3.bmp,5.82353,23,16,3,17.615182876586914,0.033103088999723695
i23_16_4.bmp,/kaggle/working/MDFS/data/TID2013/distorted_images/i23_16_4.bmp,5.2,23,16,4,17.734933853149414,0.03259457400008614
i23_16_5.bmp,/kaggle/working/MDFS/data/TID2013/distorted_images/i23_16_5.bmp,5.71429,23,16,5,17.8448486328125,0.03242450000016106
i23_17_1.bmp,/kaggle/working/MDFS/data/TID2013/distorted_images/i23_17_1.bmp,5.66667,23,17,1,17.585416793823242,0.0332442290000472
i23_17_2.bmp,/kaggle/working/MDFS/data/TID2013/distorted_images/i23_17_2.bmp,6.8,23,17,2,17.761842727661133,0.03197017599995888
i23_17_3.bmp,/kaggle/working/MDFS/data/TID2013/distorted_images/i23_17_3.bmp,4.82857,23,17,3,17.682889938354492,0.03258836200029691
i23_17_4.bmp,/kaggle/working/MDFS/data/TID2013/distorted_images/i23_17_4.bmp,6.68571,23,17,4,18.100322723388672,0.03245236099974136
i23_17_5.bmp,/kaggle/working/MDFS/data/TID2013/distorted_images/i23_17_5.bmp,3.88235,23,17,5,17.99886131286621,0.031819776999782334
i23_18_1.bmp,/kaggle/working/MDFS/data/TID2013/distorted_images/i23_18_1.bmp,5.76471,23,18,1,17.547937393188477,0.03309577900017757
i23_18_2.bmp,/kaggle/working/MDFS/data/TID2013/distorted_images/i23_18_2.bmp,5.64706,23,18,2,17.54534339904785,0.032168487000035384
i23_18_3.bmp,/kaggle/working/MDFS/data/TID2013/distorted_images/i23_18_3.bmp,5.44118,23,18,3,17.560379028320312,0.03225354799997149
i23_18_4.bmp,/kaggle/working/MDFS/data/TID2013/distorted_images/i23_18_4.bmp,5.05714,23,18,4,17.63323211669922,0.03249583900014841
i23_18_5.bmp,/kaggle/working/MDFS/data/TID2013/distorted_images/i23_18_5.bmp,4.38235,23,18,5,17.804723739624023,0.03245831999993243
i23_19_1.bmp,/kaggle/working/MDFS/data/TID2013/distorted_images/i23_19_1.bmp,5.71429,23,19,1,18.74233055114746,0.0332572069996786
i23_19_2.bmp,/kaggle/working/MDFS/data/TID2013/distorted_images/i23_19_2.bmp,4.97143,23,19,2,19.682844161987305,0.03248836099965047
i23_19_3.bmp,/kaggle/working/MDFS/data/TID2013/distorted_images/i23_19_3.bmp,4.61765,23,19,3,21.178232192993164,0.032757236000179546
i23_19_4.bmp,/kaggle/working/MDFS/data/TID2013/distorted_images/i23_19_4.bmp,3.88571,23,19,4,22.825429916381836,0.033605141999942134
i23_19_5.bmp,/kaggle/working/MDFS/data/TID2013/distorted_images/i23_19_5.bmp,3.42857,23,19,5,25.042951583862305,0.0319811720000871
i23_20_1.bmp,/kaggle/working/MDFS/data/TID2013/distorted_images/i23_20_1.bmp,5.6,23,20,1,18.479129791259766,0.0326045530000556
i23_20_2.bmp,/kaggle/working/MDFS/data/TID2013/distorted_images/i23_20_2.bmp,5.08824,23,20,2,18.812602996826172,0.03220152800031428
i23_20_3.bmp,/kaggle/working/MDFS/data/TID2013/distorted_images/i23_20_3.bmp,4.09375,23,20,3,19.408926010131836,0.03209564799999498
i23_20_4.bmp,/kaggle/working/MDFS/data/TID2013/distorted_images/i23_20_4.bmp,3.34286,23,20,4,19.5324764251709,0.033344815999953425
i23_20_5.bmp,/kaggle/working/MDFS/data/TID2013/distorted_images/i23_20_5.bmp,2.65714,23,20,5,19.51283073425293,0.031860113000220736
i23_21_1.bmp,/kaggle/working/MDFS/data/TID2013/distorted_images/i23_21_1.bmp,5.6,23,21,1,19.140384674072266,0.03294559899995875
i23_21_2.bmp,/kaggle/working/MDFS/data/TID2013/distorted_images/i23_21_2.bmp,4.79412,23,21,2,20.122770309448242,0.032909055999880366
i23_21_3.bmp,/kaggle/working/MDFS/data/TID2013/distorted_images/i23_21_3.bmp,4.12121,23,21,3,21.50876808166504,0.032216119000167964
i23_21_4.bmp,/kaggle/working/MDFS/data/TID2013/distorted_images/i23_21_4.bmp,3.51429,23,21,4,22.546085357666016,0.0328741420003098
i23_21_5.bmp,/kaggle/working/MDFS/data/TID2013/distorted_images/i23_21_5.bmp,2.41176,23,21,5,24.849964141845703,0.03264653999985967
i23_22_1.bmp,/kaggle/working/MDFS/data/TID2013/distorted_images/i23_22_1.bmp,6.17647,23,22,1,19.407320022583008,0.03239542899973458
i23_22_2.bmp,/kaggle/working/MDFS/data/TID2013/distorted_images/i23_22_2.bmp,5.88571,23,22,2,20.073896408081055,0.03305396199993993
i23_22_3.bmp,/kaggle/working/MDFS/data/TID2013/distorted_images/i23_22_3.bmp,5.02941,23,22,3,21.175153732299805,0.03179806700018162
i23_22_4.bmp,/kaggle/working/MDFS/data/TID2013/distorted_images/i23_22_4.bmp,4.64706,23,22,4,22.3846435546875,0.03244566899957135
i23_22_5.bmp,/kaggle/working/MDFS/data/TID2013/distorted_images/i23_22_5.bmp,4.0,23,22,5,23.32239532470703,0.03207985600010943
i23_23_1.bmp,/kaggle/working/MDFS/data/TID2013/distorted_images/i23_23_1.bmp,6.30303,23,23,1,17.6655216217041,0.03191897499982588
i23_23_2.bmp,/kaggle/working/MDFS/data/TID2013/distorted_images/i23_23_2.bmp,5.91176,23,23,2,18.144655227661133,0.03305639900008828
i23_23_3.bmp,/kaggle/working/MDFS/data/TID2013/distorted_images/i23_23_3.bmp,5.17143,23,23,3,19.23059844970703,0.03183453899964661
i23_23_4.bmp,/kaggle/working/MDFS/data/TID2013/distorted_images/i23_23_4.bmp,3.75758,23,23,4,21.668689727783203,0.032680769999842596
i23_23_5.bmp,/kaggle/working/MDFS/data/TID2013/distorted_images/i23_23_5.bmp,3.0,23,23,5,28.226791381835938,0.03237955399981729
i23_24_1.bmp,/kaggle/working/MDFS/data/TID2013/distorted_images/i23_24_1.bmp,5.85294,23,24,1,19.892169952392578,0.03211109900030351
i23_24_2.bmp,/kaggle/working/MDFS/data/TID2013/distorted_images/i23_24_2.bmp,4.73529,23,24,2,22.205717086791992,0.03284958399990501
i23_24_3.bmp,/kaggle/working/MDFS/data/TID2013/distorted_images/i23_24_3.bmp,3.67647,23,24,3,25.902856826782227,0.03186847899996792
i23_24_4.bmp,/kaggle/working/MDFS/data/TID2013/distorted_images/i23_24_4.bmp,1.72727,23,24,4,29.846384048461914,0.03251624000040465
i23_24_5.bmp,/kaggle/working/MDFS/data/TID2013/distorted_images/i23_24_5.bmp,0.78788,23,24,5,34.99869918823242,0.032350715000120545
I24_01_1.bmp,/kaggle/working/MDFS/data/TID2013/distorted_images/I24_01_1.bmp,5.88571,24,1,1,19.41922378540039,0.03221550800026307
i24_01_2.bmp,/kaggle/working/MDFS/data/TID2013/distorted_images/i24_01_2.bmp,5.05556,24,1,2,20.518123626708984,0.03299902299977475
i24_01_3.bmp,/kaggle/working/MDFS/data/TID2013/distorted_images/i24_01_3.bmp,4.72222,24,1,3,22.34528923034668,0.03192929600027128
i24_01_4.bmp,/kaggle/working/MDFS/data/TID2013/distorted_images/i24_01_4.bmp,4.14286,24,1,4,24.36990737915039,0.03267138799992608
i24_01_5.bmp,/kaggle/working/MDFS/data/TID2013/distorted_images/i24_01_5.bmp,3.58333,24,1,5,26.5413761138916,0.03275713299990457
i24_02_1.bmp,/kaggle/working/MDFS/data/TID2013/distorted_images/i24_02_1.bmp,6.44444,24,2,1,18.971073150634766,0.03175372800023979
i24_02_2.bmp,/kaggle/working/MDFS/data/TID2013/distorted_images/i24_02_2.bmp,5.91176,24,2,2,20.081348419189453,0.03289149100010036
i24_02_3.bmp,/kaggle/working/MDFS/data/TID2013/distorted_images/i24_02_3.bmp,5.13889,24,2,3,21.565898895263672,0.03202475699981733
i24_02_4.bmp,/kaggle/working/MDFS/data/TID2013/distorted_images/i24_02_4.bmp,5.08571,24,2,4,22.901453018188477,0.032346596000024874
i24_02_5.bmp,/kaggle/working/MDFS/data/TID2013/distorted_images/i24_02_5.bmp,4.52778,24,2,5,24.547121047973633,0.03198907500018322
i24_03_1.bmp,/kaggle/working/MDFS/data/TID2013/distorted_images/i24_03_1.bmp,4.8,24,3,1,19.082508087158203,0.03177542200000971
i24_03_2.bmp,/kaggle/working/MDFS/data/TID2013/distorted_images/i24_03_2.bmp,4.25714,24,3,2,19.75476837158203,0.03304009299972677
i24_03_3.bmp,/kaggle/working/MDFS/data/TID2013/distorted_images/i24_03_3.bmp,3.82857,24,3,3,21.0124454498291,0.031772644000284345
i24_03_4.bmp,/kaggle/working/MDFS/data/TID2013/distorted_images/i24_03_4.bmp,3.28571,24,3,4,22.87721824645996,0.032348662999993394
i24_03_5.bmp,/kaggle/working/MDFS/data/TID2013/distorted_images/i24_03_5.bmp,2.69444,24,3,5,25.74111557006836,0.03271389400015323
i24_04_1.bmp,/kaggle/working/MDFS/data/TID2013/distorted_images/i24_04_1.bmp,5.85714,24,4,1,18.716106414794922,0.03182591399990997
i24_04_2.bmp,/kaggle/working/MDFS/data/TID2013/distorted_images/i24_04_2.bmp,5.83333,24,4,2,19.22097396850586,0.03283879299988257
i24_04_3.bmp,/kaggle/working/MDFS/data/TID2013/distorted_images/i24_04_3.bmp,5.52941,24,4,3,20.140954971313477,0.03213084399976651
i24_04_4.bmp,/kaggle/working/MDFS/data/TID2013/distorted_images/i24_04_4.bmp,5.16667,24,4,4,21.556215286254883,0.03233878500032006
i24_04_5.bmp,/kaggle/working/MDFS/data/TID2013/distorted_images/i24_04_5.bmp,4.57143,24,4,5,23.612110137939453,0.0325068380002449
i24_05_1.bmp,/kaggle/working/MDFS/data/TID2013/distorted_images/i24_05_1.bmp,5.80556,24,5,1,19.58667755126953,0.03168451200008349
i24_05_2.bmp,/kaggle/working/MDFS/data/TID2013/distorted_images/i24_05_2.bmp,5.33333,24,5,2,20.903154373168945,0.032614844999898196
i24_05_3.bmp,/kaggle/working/MDFS/data/TID2013/distorted_images/i24_05_3.bmp,5.13889,24,5,3,24.38825225830078,0.03236797599993224
i24_05_4.bmp,/kaggle/working/MDFS/data/TID2013/distorted_images/i24_05_4.bmp,4.02857,24,5,4,29.163166046142578,0.032211681000262615
i24_05_5.bmp,/kaggle/working/MDFS/data/TID2013/distorted_images/i24_05_5.bmp,3.25,24,5,5,38.00008010864258,0.033059461999982886
i24_06_1.bmp,/kaggle/working/MDFS/data/TID2013/distorted_images/i24_06_1.bmp,4.64706,24,6,1,18.660221099853516,0.032012449000376364
i24_06_2.bmp,/kaggle/working/MDFS/data/TID2013/distorted_images/i24_06_2.bmp,4.37143,24,6,2,18.828540802001953,0.0325144119997276
i24_06_3.bmp,/kaggle/working/MDFS/data/TID2013/distorted_images/i24_06_3.bmp,3.97143,24,6,3,19.846115112304688,0.032179231999634794
i24_06_4.bmp,/kaggle/working/MDFS/data/TID2013/distorted_images/i24_06_4.bmp,3.66667,24,6,4,22.23845863342285,0.03223145799984195
i24_06_5.bmp,/kaggle/working/MDFS/data/TID2013/distorted_images/i24_06_5.bmp,3.28571,24,6,5,25.395952224731445,0.032885107999845786
i24_07_1.bmp,/kaggle/working/MDFS/data/TID2013/distorted_images/i24_07_1.bmp,5.52778,24,7,1,18.368906021118164,0.03207617999987633
i24_07_2.bmp,/kaggle/working/MDFS/data/TID2013/distorted_images/i24_07_2.bmp,4.57143,24,7,2,18.703672409057617,0.033096298999680585
i24_07_3.bmp,/kaggle/working/MDFS/data/TID2013/distorted_images/i24_07_3.bmp,4.08824,24,7,3,20.34311294555664,0.03270428800033187
i24_07_4.bmp,/kaggle/working/MDFS/data/TID2013/distorted_images/i24_07_4.bmp,2.88571,24,7,4,23.007102966308594,0.032318740999926376
i24_07_5.bmp,/kaggle/working/MDFS/data/TID2013/distorted_images/i24_07_5.bmp,2.44444,24,7,5,26.22503089904785,0.03339770699994915
i24_08_1.bmp,/kaggle/working/MDFS/data/TID2013/distorted_images/i24_08_1.bmp,5.94444,24,8,1,17.84577751159668,0.03210669600002802
i24_08_2.bmp,/kaggle/working/MDFS/data/TID2013/distorted_images/i24_08_2.bmp,4.97143,24,8,2,18.867780685424805,0.032490843999767094
i24_08_3.bmp,/kaggle/working/MDFS/data/TID2013/distorted_images/i24_08_3.bmp,4.05714,24,8,3,21.76003074645996,0.03245129499964605
i24_08_4.bmp,/kaggle/working/MDFS/data/TID2013/distorted_images/i24_08_4.bmp,3.17647,24,8,4,26.321611404418945,0.03194628499977625
i24_08_5.bmp,/kaggle/working/MDFS/data/TID2013/distorted_images/i24_08_5.bmp,2.61765,24,8,5,32.95083999633789,0.0326922790000026
i24_09_1.bmp,/kaggle/working/MDFS/data/TID2013/distorted_images/i24_09_1.bmp,6.0,24,9,1,18.120513916015625,0.03199632099995142
i24_09_2.bmp,/kaggle/working/MDFS/data/TID2013/distorted_images/i24_09_2.bmp,5.29412,24,9,2,18.612125396728516,0.033159180999973614
i24_09_3.bmp,/kaggle/working/MDFS/data/TID2013/distorted_images/i24_09_3.bmp,4.52778,24,9,3,19.57283592224121,0.04146518899960938
i24_09_4.bmp,/kaggle/working/MDFS/data/TID2013/distorted_images/i24_09_4.bmp,3.38889,24,9,4,22.784603118896484,0.0319289789999857
i24_09_5.bmp,/kaggle/working/MDFS/data/TID2013/distorted_images/i24_09_5.bmp,2.0,24,9,5,29.870494842529297,0.0313405869997041
i24_10_1.bmp,/kaggle/working/MDFS/data/TID2013/distorted_images/i24_10_1.bmp,5.88571,24,10,1,18.25215721130371,0.03316695500006972
i24_10_2.bmp,/kaggle/working/MDFS/data/TID2013/distorted_images/i24_10_2.bmp,5.82857,24,10,2,19.005388259887695,0.03250454999988506
i24_10_3.bmp,/kaggle/working/MDFS/data/TID2013/distorted_images/i24_10_3.bmp,4.65714,24,10,3,22.730979919433594,0.03240833199970439
i24_10_4.bmp,/kaggle/working/MDFS/data/TID2013/distorted_images/i24_10_4.bmp,3.27778,24,10,4,29.32769203186035,0.04151153800012253
i24_10_5.bmp,/kaggle/working/MDFS/data/TID2013/distorted_images/i24_10_5.bmp,1.85294,24,10,5,32.71474075317383,0.033668377000140026
I24_11_1.BMP,/kaggle/working/MDFS/data/TID2013/distorted_images/I24_11_1.BMP,5.4,24,11,1,19.408618927001953,0.03181394100010948
i24_11_2.bmp,/kaggle/working/MDFS/data/TID2013/distorted_images/i24_11_2.bmp,4.69697,24,11,2,22.2069034576416,0.03220271000009234
i24_11_3.bmp,/kaggle/working/MDFS/data/TID2013/distorted_images/i24_11_3.bmp,4.02941,24,11,3,26.85733413696289,0.03255097700002807
i24_11_4.bmp,/kaggle/working/MDFS/data/TID2013/distorted_images/i24_11_4.bmp,2.57143,24,11,4,33.13594055175781,0.03218402800030162
i24_11_5.bmp,/kaggle/working/MDFS/data/TID2013/distorted_images/i24_11_5.bmp,0.91667,24,11,5,41.284080505371094,0.03306000499969741
i24_12_1.bmp,/kaggle/working/MDFS/data/TID2013/distorted_images/i24_12_1.bmp,5.68571,24,12,1,18.353469848632812,0.03215277400022387
i24_12_2.bmp,/kaggle/working/MDFS/data/TID2013/distorted_images/i24_12_2.bmp,6.08571,24,12,2,17.666400909423828,0.03241747799984296
i24_12_3.bmp,/kaggle/working/MDFS/data/TID2013/distorted_images/i24_12_3.bmp,5.48485,24,12,3,17.769384384155273,0.03312482599994837
i24_12_4.bmp,/kaggle/working/MDFS/data/TID2013/distorted_images/i24_12_4.bmp,3.5,24,12,4,17.934383392333984,0.031731699999909324
i24_12_5.bmp,/kaggle/working/MDFS/data/TID2013/distorted_images/i24_12_5.bmp,2.58333,24,12,5,18.52469253540039,0.03273574100012411
I24_13_1.BMP,/kaggle/working/MDFS/data/TID2013/distorted_images/I24_13_1.BMP,4.05882,24,13,1,17.551694869995117,0.032524805000321066
i24_13_2.bmp,/kaggle/working/MDFS/data/TID2013/distorted_images/i24_13_2.bmp,3.74286,24,13,2,17.78116798400879,0.03231837000021187
i24_13_3.bmp,/kaggle/working/MDFS/data/TID2013/distorted_images/i24_13_3.bmp,3.31429,24,13,3,18.183259963989258,0.03354493300003014
i24_13_4.bmp,/kaggle/working/MDFS/data/TID2013/distorted_images/i24_13_4.bmp,2.88889,24,13,4,19.562278747558594,0.03216838499974983
i24_13_5.bmp,/kaggle/working/MDFS/data/TID2013/distorted_images/i24_13_5.bmp,2.5,24,13,5,20.367250442504883,0.032662340000115364
i24_14_1.bmp,/kaggle/working/MDFS/data/TID2013/distorted_images/i24_14_1.bmp,6.0,24,14,1,17.58232879638672,0.032805449000079534
i24_14_2.bmp,/kaggle/working/MDFS/data/TID2013/distorted_images/i24_14_2.bmp,5.97143,24,14,2,17.52103042602539,0.03210534300023937
i24_14_3.bmp,/kaggle/working/MDFS/data/TID2013/distorted_images/i24_14_3.bmp,5.34286,24,14,3,17.575090408325195,0.03343240200001674
i24_14_4.bmp,/kaggle/working/MDFS/data/TID2013/distorted_images/i24_14_4.bmp,5.13889,24,14,4,17.644973754882812,0.03261100500003522
i24_14_5.bmp,/kaggle/working/MDFS/data/TID2013/distorted_images/i24_14_5.bmp,4.63889,24,14,5,17.620567321777344,0.03223049899997932
i24_15_1.bmp,/kaggle/working/MDFS/data/TID2013/distorted_images/i24_15_1.bmp,4.02778,24,15,1,17.741085052490234,0.032788798000183306
i24_15_2.bmp,/kaggle/working/MDFS/data/TID2013/distorted_images/i24_15_2.bmp,4.4,24,15,2,17.741798400878906,0.032192291999763256
i24_15_3.bmp,/kaggle/working/MDFS/data/TID2013/distorted_images/i24_15_3.bmp,3.88571,24,15,3,17.651010513305664,0.03297079699996175
i24_15_4.bmp,/kaggle/working/MDFS/data/TID2013/distorted_images/i24_15_4.bmp,3.66667,24,15,4,17.599084854125977,0.03225741799997195
i24_15_5.bmp,/kaggle/working/MDFS/data/TID2013/distorted_images/i24_15_5.bmp,3.38889,24,15,5,17.5423526763916,0.032208832999913284
i24_16_1.bmp,/kaggle/working/MDFS/data/TID2013/distorted_images/i24_16_1.bmp,5.97143,24,16,1,17.51120948791504,0.0334202640001422
i24_16_2.bmp,/kaggle/working/MDFS/data/TID2013/distorted_images/i24_16_2.bmp,6.11111,24,16,2,17.627546310424805,0.031986793000214675
i24_16_3.bmp,/kaggle/working/MDFS/data/TID2013/distorted_images/i24_16_3.bmp,5.45714,24,16,3,17.53630828857422,0.032677972999863414
i24_16_4.bmp,/kaggle/working/MDFS/data/TID2013/distorted_images/i24_16_4.bmp,5.61111,24,16,4,17.878395080566406,0.03280171200003679
i24_16_5.bmp,/kaggle/working/MDFS/data/TID2013/distorted_images/i24_16_5.bmp,4.88571,24,16,5,17.691761016845703,0.03223307100006423
i24_17_1.bmp,/kaggle/working/MDFS/data/TID2013/distorted_images/i24_17_1.bmp,5.75,24,17,1,17.665771484375,0.03309056599982796
i24_17_2.bmp,/kaggle/working/MDFS/data/TID2013/distorted_images/i24_17_2.bmp,6.47222,24,17,2,17.43336296081543,0.03246037200005958
i24_17_3.bmp,/kaggle/working/MDFS/data/TID2013/distorted_images/i24_17_3.bmp,4.80556,24,17,3,18.010562896728516,0.03234687099984512
i24_17_4.bmp,/kaggle/working/MDFS/data/TID2013/distorted_images/i24_17_4.bmp,6.72222,24,17,4,17.440322875976562,0.03352878299983786
i24_17_5.bmp,/kaggle/working/MDFS/data/TID2013/distorted_images/i24_17_5.bmp,3.6,24,17,5,19.18491554260254,0.03174350300014339
i24_18_1.bmp,/kaggle/working/MDFS/data/TID2013/distorted_images/i24_18_1.bmp,4.8,24,18,1,18.63053321838379,0.03271248300006846
i24_18_2.bmp,/kaggle/working/MDFS/data/TID2013/distorted_images/i24_18_2.bmp,4.39394,24,18,2,19.272001266479492,0.03232413599971551
i24_18_3.bmp,/kaggle/working/MDFS/data/TID2013/distorted_images/i24_18_3.bmp,3.91176,24,18,3,19.965343475341797,0.03219216100023914
i24_18_4.bmp,/kaggle/working/MDFS/data/TID2013/distorted_images/i24_18_4.bmp,4.11429,24,18,4,19.243927001953125,0.0331891630003156
i24_18_5.bmp,/kaggle/working/MDFS/data/TID2013/distorted_images/i24_18_5.bmp,3.79412,24,18,5,18.791154861450195,0.03169706100015901
i24_19_1.bmp,/kaggle/working/MDFS/data/TID2013/distorted_images/i24_19_1.bmp,5.57143,24,19,1,19.754697799682617,0.0327994139997827
i24_19_2.bmp,/kaggle/working/MDFS/data/TID2013/distorted_images/i24_19_2.bmp,5.17647,24,19,2,20.7122745513916,0.03270609999981389
i24_19_3.bmp,/kaggle/working/MDFS/data/TID2013/distorted_images/i24_19_3.bmp,4.77778,24,19,3,21.90007972717285,0.032402915000147914
i24_19_4.bmp,/kaggle/working/MDFS/data/TID2013/distorted_images/i24_19_4.bmp,4.08824,24,19,4,23.61703872680664,0.03358643399997163
i24_19_5.bmp,/kaggle/working/MDFS/data/TID2013/distorted_images/i24_19_5.bmp,3.85714,24,19,5,25.85659408569336,0.032941214999937074
i24_20_1.bmp,/kaggle/working/MDFS/data/TID2013/distorted_images/i24_20_1.bmp,6.14286,24,20,1,18.488811492919922,0.032452385000397044
i24_20_2.bmp,/kaggle/working/MDFS/data/TID2013/distorted_images/i24_20_2.bmp,5.61111,24,20,2,18.752885818481445,0.032851786999799515
i24_20_3.bmp,/kaggle/working/MDFS/data/TID2013/distorted_images/i24_20_3.bmp,5.17143,24,20,3,19.269804000854492,0.032140581000021484
i24_20_4.bmp,/kaggle/working/MDFS/data/TID2013/distorted_images/i24_20_4.bmp,4.02857,24,20,4,19.576147079467773,0.03255340599980627
i24_20_5.bmp,/kaggle/working/MDFS/data/TID2013/distorted_images/i24_20_5.bmp,3.51429,24,20,5,18.877960205078125,0.03212610099990343
i24_21_1.bmp,/kaggle/working/MDFS/data/TID2013/distorted_images/i24_21_1.bmp,5.77778,24,21,1,18.72001075744629,0.03249453899979926
i24_21_2.bmp,/kaggle/working/MDFS/data/TID2013/distorted_images/i24_21_2.bmp,4.82857,24,21,2,19.0035400390625,0.03327446100001907
i24_21_3.bmp,/kaggle/working/MDFS/data/TID2013/distorted_images/i24_21_3.bmp,4.14286,24,21,3,20.404603958129883,0.03233218300010776
i24_21_4.bmp,/kaggle/working/MDFS/data/TID2013/distorted_images/i24_21_4.bmp,3.36111,24,21,4,22.17044448852539,0.032962519000193424
i24_21_5.bmp,/kaggle/working/MDFS/data/TID2013/distorted_images/i24_21_5.bmp,2.68571,24,21,5,25.3609619140625,0.03300558599994474
i24_22_1.bmp,/kaggle/working/MDFS/data/TID2013/distorted_images/i24_22_1.bmp,5.77143,24,22,1,18.975610733032227,0.03250055200032875
i24_22_2.bmp,/kaggle/working/MDFS/data/TID2013/distorted_images/i24_22_2.bmp,5.02941,24,22,2,20.33740234375,0.03318994899973404
i24_22_3.bmp,/kaggle/working/MDFS/data/TID2013/distorted_images/i24_22_3.bmp,4.61765,24,22,3,21.153518676757812,0.032889505999719404
i24_22_4.bmp,/kaggle/working/MDFS/data/TID2013/distorted_images/i24_22_4.bmp,3.33333,24,22,4,25.263072967529297,0.03240876599966214
i24_22_5.bmp,/kaggle/working/MDFS/data/TID2013/distorted_images/i24_22_5.bmp,2.74286,24,22,5,26.59552001953125,0.03287417399997139
i24_23_1.bmp,/kaggle/working/MDFS/data/TID2013/distorted_images/i24_23_1.bmp,5.8,24,23,1,18.082672119140625,0.03220451600009255
i24_23_2.bmp,/kaggle/working/MDFS/data/TID2013/distorted_images/i24_23_2.bmp,6.02778,24,23,2,19.06431770324707,0.03242530099987562
i24_23_3.bmp,/kaggle/working/MDFS/data/TID2013/distorted_images/i24_23_3.bmp,5.68571,24,23,3,19.86441421508789,0.03263288100015416
i24_23_4.bmp,/kaggle/working/MDFS/data/TID2013/distorted_images/i24_23_4.bmp,5.08824,24,23,4,20.816204071044922,0.03207281699997111
i24_23_5.bmp,/kaggle/working/MDFS/data/TID2013/distorted_images/i24_23_5.bmp,2.29412,24,23,5,27.98593521118164,0.033263221999732195
i24_24_1.bmp,/kaggle/working/MDFS/data/TID2013/distorted_images/i24_24_1.bmp,5.70588,24,24,1,19.275495529174805,0.0326360349999959
i24_24_2.bmp,/kaggle/working/MDFS/data/TID2013/distorted_images/i24_24_2.bmp,5.34286,24,24,2,21.14683723449707,0.03226543699975082
i24_24_3.bmp,/kaggle/working/MDFS/data/TID2013/distorted_images/i24_24_3.bmp,4.34286,24,24,3,23.203479766845703,0.033489861999896675
i24_24_4.bmp,/kaggle/working/MDFS/data/TID2013/distorted_images/i24_24_4.bmp,2.74286,24,24,4,26.776838302612305,0.03210605399999622
i24_24_5.bmp,/kaggle/working/MDFS/data/TID2013/distorted_images/i24_24_5.bmp,0.41667,24,24,5,34.387489318847656,0.03273287199999686
I25_01_1.bmp,/kaggle/working/MDFS/data/TID2013/distorted_images/I25_01_1.bmp,5.14286,25,1,1,22.888381958007812,0.03270119499984503
i25_01_2.bmp,/kaggle/working/MDFS/data/TID2013/distorted_images/i25_01_2.bmp,4.67647,25,1,2,23.020313262939453,0.03242771800023547
i25_01_3.bmp,/kaggle/working/MDFS/data/TID2013/distorted_images/i25_01_3.bmp,4.4,25,1,3,23.29340171813965,0.03311450800038074
i25_01_4.bmp,/kaggle/working/MDFS/data/TID2013/distorted_images/i25_01_4.bmp,3.88571,25,1,4,23.855226516723633,0.032252481000341504
i25_01_5.bmp,/kaggle/working/MDFS/data/TID2013/distorted_images/i25_01_5.bmp,3.44444,25,1,5,24.701330184936523,0.03227401000003738
i25_02_1.bmp,/kaggle/working/MDFS/data/TID2013/distorted_images/i25_02_1.bmp,5.54286,25,2,1,23.01906967163086,0.033076491999963764
i25_02_2.bmp,/kaggle/working/MDFS/data/TID2013/distorted_images/i25_02_2.bmp,5.27778,25,2,2,22.998737335205078,0.031848579999859794
i25_02_3.bmp,/kaggle/working/MDFS/data/TID2013/distorted_images/i25_02_3.bmp,5.25,25,2,3,23.1704158782959,0.032895731999815325
i25_02_4.bmp,/kaggle/working/MDFS/data/TID2013/distorted_images/i25_02_4.bmp,4.45714,25,2,4,23.808656692504883,0.032680341999821394
i25_02_5.bmp,/kaggle/working/MDFS/data/TID2013/distorted_images/i25_02_5.bmp,3.77143,25,2,5,24.38138198852539,0.03206940799964286
i25_03_1.bmp,/kaggle/working/MDFS/data/TID2013/distorted_images/i25_03_1.bmp,4.0,25,3,1,25.632118225097656,0.03324029800023709
i25_03_2.bmp,/kaggle/working/MDFS/data/TID2013/distorted_images/i25_03_2.bmp,3.58333,25,3,2,25.882976531982422,0.032504563999737
i25_03_3.bmp,/kaggle/working/MDFS/data/TID2013/distorted_images/i25_03_3.bmp,3.25,25,3,3,26.54825210571289,0.03248816999985138
i25_03_4.bmp,/kaggle/working/MDFS/data/TID2013/distorted_images/i25_03_4.bmp,2.91429,25,3,4,26.63231658935547,0.0327411140001459
i25_03_5.bmp,/kaggle/working/MDFS/data/TID2013/distorted_images/i25_03_5.bmp,2.41667,25,3,5,27.565635681152344,0.03211737399988124
i25_04_1.bmp,/kaggle/working/MDFS/data/TID2013/distorted_images/i25_04_1.bmp,6.39394,25,4,1,24.51189613342285,0.0327951369999937
i25_04_2.bmp,/kaggle/working/MDFS/data/TID2013/distorted_images/i25_04_2.bmp,6.16667,25,4,2,24.036170959472656,0.032151123999938136
i25_04_3.bmp,/kaggle/working/MDFS/data/TID2013/distorted_images/i25_04_3.bmp,5.88889,25,4,3,23.826622009277344,0.03234395099980247
i25_04_4.bmp,/kaggle/working/MDFS/data/TID2013/distorted_images/i25_04_4.bmp,5.5,25,4,4,23.842254638671875,0.03314974200020515
i25_04_5.bmp,/kaggle/working/MDFS/data/TID2013/distorted_images/i25_04_5.bmp,5.23529,25,4,5,24.139978408813477,0.03232451600024433
i25_05_1.bmp,/kaggle/working/MDFS/data/TID2013/distorted_images/i25_05_1.bmp,5.33333,25,5,1,23.337173461914062,0.032433504999971774
i25_05_2.bmp,/kaggle/working/MDFS/data/TID2013/distorted_images/i25_05_2.bmp,5.25714,25,5,2,23.462236404418945,0.032445024000026024
i25_05_3.bmp,/kaggle/working/MDFS/data/TID2013/distorted_images/i25_05_3.bmp,4.61111,25,5,3,23.987600326538086,0.03265180800008238
i25_05_4.bmp,/kaggle/working/MDFS/data/TID2013/distorted_images/i25_05_4.bmp,3.85714,25,5,4,25.64107894897461,0.03351684800009025
i25_05_5.bmp,/kaggle/working/MDFS/data/TID2013/distorted_images/i25_05_5.bmp,2.75,25,5,5,29.53854751586914,0.03245929400009118
i25_06_1.bmp,/kaggle/working/MDFS/data/TID2013/distorted_images/i25_06_1.bmp,4.4,25,6,1,26.234081268310547,0.03243783300013092
i25_06_2.bmp,/kaggle/working/MDFS/data/TID2013/distorted_images/i25_06_2.bmp,4.28571,25,6,2,25.62623405456543,0.03302851699982057
i25_06_3.bmp,/kaggle/working/MDFS/data/TID2013/distorted_images/i25_06_3.bmp,3.70588,25,6,3,25.017297744750977,0.03193792999991274
i25_06_4.bmp,/kaggle/working/MDFS/data/TID2013/distorted_images/i25_06_4.bmp,3.47222,25,6,4,25.918794631958008,0.0327027729999827
i25_06_5.bmp,/kaggle/working/MDFS/data/TID2013/distorted_images/i25_06_5.bmp,3.02778,25,6,5,27.219013214111328,0.032664635999935854
i25_07_1.bmp,/kaggle/working/MDFS/data/TID2013/distorted_images/i25_07_1.bmp,3.5,25,7,1,29.703598022460938,0.032252773999971396
i25_07_2.bmp,/kaggle/working/MDFS/data/TID2013/distorted_images/i25_07_2.bmp,3.14286,25,7,2,29.052474975585938,0.03306731100019533
i25_07_3.bmp,/kaggle/working/MDFS/data/TID2013/distorted_images/i25_07_3.bmp,3.0303,25,7,3,28.914676666259766,0.0322287559997676
i25_07_4.bmp,/kaggle/working/MDFS/data/TID2013/distorted_images/i25_07_4.bmp,2.71429,25,7,4,27.249784469604492,0.03259421799975826
i25_07_5.bmp,/kaggle/working/MDFS/data/TID2013/distorted_images/i25_07_5.bmp,2.74286,25,7,5,27.30324935913086,0.03201170000011189
i25_08_1.bmp,/kaggle/working/MDFS/data/TID2013/distorted_images/i25_08_1.bmp,5.52941,25,8,1,27.98328971862793,0.0318156309999722
i25_08_2.bmp,/kaggle/working/MDFS/data/TID2013/distorted_images/i25_08_2.bmp,5.05556,25,8,2,25.841548919677734,0.033130203999917285
i25_08_3.bmp,/kaggle/working/MDFS/data/TID2013/distorted_images/i25_08_3.bmp,4.29412,25,8,3,23.29776382446289,0.031938390000050276
i25_08_4.bmp,/kaggle/working/MDFS/data/TID2013/distorted_images/i25_08_4.bmp,3.17647,25,8,4,26.38013458251953,0.03244563000043854
i25_08_5.bmp,/kaggle/working/MDFS/data/TID2013/distorted_images/i25_08_5.bmp,1.94444,25,8,5,28.3026065826416,0.03284536499995738
i25_09_1.bmp,/kaggle/working/MDFS/data/TID2013/distorted_images/i25_09_1.bmp,5.83333,25,9,1,25.82921600341797,0.03226709499995195
i25_09_2.bmp,/kaggle/working/MDFS/data/TID2013/distorted_images/i25_09_2.bmp,5.2,25,9,2,23.815698623657227,0.033216605999768944
i25_09_3.bmp,/kaggle/working/MDFS/data/TID2013/distorted_images/i25_09_3.bmp,4.22857,25,9,3,23.040843963623047,0.03217729700008931
i25_09_4.bmp,/kaggle/working/MDFS/data/TID2013/distorted_images/i25_09_4.bmp,3.11765,25,9,4,23.23573112487793,0.03268672299964237
i25_09_5.bmp,/kaggle/working/MDFS/data/TID2013/distorted_images/i25_09_5.bmp,1.33333,25,9,5,25.400211334228516,0.03298376600014308
i25_10_1.bmp,/kaggle/working/MDFS/data/TID2013/distorted_images/i25_10_1.bmp,5.85714,25,10,1,24.033159255981445,0.03197703999967416
i25_10_2.bmp,/kaggle/working/MDFS/data/TID2013/distorted_images/i25_10_2.bmp,5.57143,25,10,2,23.67461585998535,0.03274573799990321
i25_10_3.bmp,/kaggle/working/MDFS/data/TID2013/distorted_images/i25_10_3.bmp,4.25714,25,10,3,23.879865646362305,0.032401073000073666
i25_10_4.bmp,/kaggle/working/MDFS/data/TID2013/distorted_images/i25_10_4.bmp,2.14706,25,10,4,27.188257217407227,0.03246289200023966
i25_10_5.bmp,/kaggle/working/MDFS/data/TID2013/distorted_images/i25_10_5.bmp,1.47222,25,10,5,29.918651580810547,0.033580397999685374
I25_11_1.BMP,/kaggle/working/MDFS/data/TID2013/distorted_images/I25_11_1.BMP,6.08571,25,11,1,24.29311752319336,0.032192417999795
i25_11_2.bmp,/kaggle/working/MDFS/data/TID2013/distorted_images/i25_11_2.bmp,5.86111,25,11,2,23.661945343017578,0.032102493999900616
i25_11_3.bmp,/kaggle/working/MDFS/data/TID2013/distorted_images/i25_11_3.bmp,5.36111,25,11,3,23.5310001373291,0.03270348399973955
i25_11_4.bmp,/kaggle/working/MDFS/data/TID2013/distorted_images/i25_11_4.bmp,4.97222,25,11,4,24.038528442382812,0.03226565599970854
i25_11_5.bmp,/kaggle/working/MDFS/data/TID2013/distorted_images/i25_11_5.bmp,4.6,25,11,5,25.534727096557617,0.032784104000256775
i25_12_1.bmp,/kaggle/working/MDFS/data/TID2013/distorted_images/i25_12_1.bmp,6.02778,25,12,1,29.477651596069336,0.032156175000181975
i25_12_2.bmp,/kaggle/working/MDFS/data/TID2013/distorted_images/i25_12_2.bmp,5.8,25,12,2,29.531936645507812,0.032677381000212335
i25_12_3.bmp,/kaggle/working/MDFS/data/TID2013/distorted_images/i25_12_3.bmp,4.83333,25,12,3,28.269189834594727,0.03289766299985786
i25_12_4.bmp,/kaggle/working/MDFS/data/TID2013/distorted_images/i25_12_4.bmp,5.0303,25,12,4,27.409103393554688,0.032256245000098716
i25_12_5.bmp,/kaggle/working/MDFS/data/TID2013/distorted_images/i25_12_5.bmp,4.66667,25,12,5,28.700725555419922,0.03290780499992252
I25_13_1.BMP,/kaggle/working/MDFS/data/TID2013/distorted_images/I25_13_1.BMP,4.82857,25,13,1,23.03459358215332,0.03224309600000197
i25_13_2.bmp,/kaggle/working/MDFS/data/TID2013/distorted_images/i25_13_2.bmp,5.71429,25,13,2,23.570772171020508,0.03215057500028706
i25_13_3.bmp,/kaggle/working/MDFS/data/TID2013/distorted_images/i25_13_3.bmp,3.68571,25,13,3,24.97687339782715,0.03309190099980697
i25_13_4.bmp,/kaggle/working/MDFS/data/TID2013/distorted_images/i25_13_4.bmp,4.57143,25,13,4,23.4218807220459,0.031835524999678455
i25_13_5.bmp,/kaggle/working/MDFS/data/TID2013/distorted_images/i25_13_5.bmp,3.02857,25,13,5,24.438373565673828,0.032710382000004756
i25_14_1.bmp,/kaggle/working/MDFS/data/TID2013/distorted_images/i25_14_1.bmp,5.71429,25,14,1,30.166927337646484,0.0325252319998981
i25_14_2.bmp,/kaggle/working/MDFS/data/TID2013/distorted_images/i25_14_2.bmp,5.14286,25,14,2,29.931394577026367,0.03211834000012459
i25_14_3.bmp,/kaggle/working/MDFS/data/TID2013/distorted_images/i25_14_3.bmp,5.08824,25,14,3,29.500926971435547,0.033007341000029555
i25_14_4.bmp,/kaggle/working/MDFS/data/TID2013/distorted_images/i25_14_4.bmp,3.82857,25,14,4,29.359277725219727,0.03223618699985309
i25_14_5.bmp,/kaggle/working/MDFS/data/TID2013/distorted_images/i25_14_5.bmp,3.11111,25,14,5,29.695337295532227,0.032583632999831025
i25_15_1.bmp,/kaggle/working/MDFS/data/TID2013/distorted_images/i25_15_1.bmp,3.27778,25,15,1,30.863908767700195,0.03273014600017632
i25_15_2.bmp,/kaggle/working/MDFS/data/TID2013/distorted_images/i25_15_2.bmp,2.93939,25,15,2,30.728378295898438,0.03176006800003961
i25_15_3.bmp,/kaggle/working/MDFS/data/TID2013/distorted_images/i25_15_3.bmp,3.52778,25,15,3,30.70561981201172,0.03347598099981042
i25_15_4.bmp,/kaggle/working/MDFS/data/TID2013/distorted_images/i25_15_4.bmp,3.97059,25,15,4,30.50318717956543,0.032730460000038875
i25_15_5.bmp,/kaggle/working/MDFS/data/TID2013/distorted_images/i25_15_5.bmp,4.14286,25,15,5,30.617931365966797,0.032377399999859335
i25_16_1.bmp,/kaggle/working/MDFS/data/TID2013/distorted_images/i25_16_1.bmp,5.91667,25,16,1,30.1718692779541,0.033456190999913815
i25_16_2.bmp,/kaggle/working/MDFS/data/TID2013/distorted_images/i25_16_2.bmp,6.41667,25,16,2,29.694055557250977,0.03219125699979486
i25_16_3.bmp,/kaggle/working/MDFS/data/TID2013/distorted_images/i25_16_3.bmp,5.77143,25,16,3,29.47428321838379,0.032988568999826384
i25_16_4.bmp,/kaggle/working/MDFS/data/TID2013/distorted_images/i25_16_4.bmp,5.55556,25,16,4,29.401033401489258,0.03297686799987787
i25_16_5.bmp,/kaggle/working/MDFS/data/TID2013/distorted_images/i25_16_5.bmp,4.47059,25,16,5,27.392316818237305,0.032012928999847645
i25_17_1.bmp,/kaggle/working/MDFS/data/TID2013/distorted_images/i25_17_1.bmp,5.61111,25,17,1,29.442859649658203,0.03328899999996793
i25_17_2.bmp,/kaggle/working/MDFS/data/TID2013/distorted_images/i25_17_2.bmp,6.85714,25,17,2,29.80504035949707,0.032708223999634356
i25_17_3.bmp,/kaggle/working/MDFS/data/TID2013/distorted_images/i25_17_3.bmp,4.48571,25,17,3,27.548383712768555,0.03234255400002439
i25_17_4.bmp,/kaggle/working/MDFS/data/TID2013/distorted_images/i25_17_4.bmp,6.38889,25,17,4,29.755876541137695,0.033322123999823816
i25_17_5.bmp,/kaggle/working/MDFS/data/TID2013/distorted_images/i25_17_5.bmp,3.28571,25,17,5,27.375932693481445,0.032385122000050615
i25_18_1.bmp,/kaggle/working/MDFS/data/TID2013/distorted_images/i25_18_1.bmp,5.61111,25,18,1,30.08755111694336,0.03272461100004875
i25_18_2.bmp,/kaggle/working/MDFS/data/TID2013/distorted_images/i25_18_2.bmp,5.05882,25,18,2,29.974369049072266,0.03301109499989252
i25_18_3.bmp,/kaggle/working/MDFS/data/TID2013/distorted_images/i25_18_3.bmp,4.44444,25,18,3,30.047876358032227,0.03216798599987669
i25_18_4.bmp,/kaggle/working/MDFS/data/TID2013/distorted_images/i25_18_4.bmp,4.0,25,18,4,30.161209106445312,0.03282516100034627
i25_18_5.bmp,/kaggle/working/MDFS/data/TID2013/distorted_images/i25_18_5.bmp,2.67647,25,18,5,30.214466094970703,0.03250431700007539
i25_19_1.bmp,/kaggle/working/MDFS/data/TID2013/distorted_images/i25_19_1.bmp,5.16667,25,19,1,23.389137268066406,0.03216693200010923
i25_19_2.bmp,/kaggle/working/MDFS/data/TID2013/distorted_images/i25_19_2.bmp,4.28571,25,19,2,23.688396453857422,0.03306905999988885
i25_19_3.bmp,/kaggle/working/MDFS/data/TID2013/distorted_images/i25_19_3.bmp,3.83333,25,19,3,24.049509048461914,0.031571457000154624
i25_19_4.bmp,/kaggle/working/MDFS/data/TID2013/distorted_images/i25_19_4.bmp,3.79412,25,19,4,24.593887329101562,0.03294776299981095
i25_19_5.bmp,/kaggle/working/MDFS/data/TID2013/distorted_images/i25_19_5.bmp,3.34286,25,19,5,25.318010330200195,0.03300936899995577
i25_20_1.bmp,/kaggle/working/MDFS/data/TID2013/distorted_images/i25_20_1.bmp,5.67647,25,20,1,24.531667709350586,0.03201949699996476
i25_20_2.bmp,/kaggle/working/MDFS/data/TID2013/distorted_images/i25_20_2.bmp,5.54286,25,20,2,24.279653549194336,0.033227403000182676
i25_20_3.bmp,/kaggle/working/MDFS/data/TID2013/distorted_images/i25_20_3.bmp,5.0,25,20,3,23.601726531982422,0.03245003500023813
i25_20_4.bmp,/kaggle/working/MDFS/data/TID2013/distorted_images/i25_20_4.bmp,4.97222,25,20,4,23.052852630615234,0.032476594999934605
i25_20_5.bmp,/kaggle/working/MDFS/data/TID2013/distorted_images/i25_20_5.bmp,4.05714,25,20,5,22.8514461517334,0.03291370699980689
i25_21_1.bmp,/kaggle/working/MDFS/data/TID2013/distorted_images/i25_21_1.bmp,5.17143,25,21,1,22.528076171875,0.03246847299988076
i25_21_2.bmp,/kaggle/working/MDFS/data/TID2013/distorted_images/i25_21_2.bmp,4.45714,25,21,2,22.49092674255371,0.03310556499991435
i25_21_3.bmp,/kaggle/working/MDFS/data/TID2013/distorted_images/i25_21_3.bmp,4.88571,25,21,3,22.58533477783203,0.032657175000167626
i25_21_4.bmp,/kaggle/working/MDFS/data/TID2013/distorted_images/i25_21_4.bmp,3.42857,25,21,4,22.63143539428711,0.031949294000241935
i25_21_5.bmp,/kaggle/working/MDFS/data/TID2013/distorted_images/i25_21_5.bmp,2.91429,25,21,5,22.185117721557617,0.03337560600039069
i25_22_1.bmp,/kaggle/working/MDFS/data/TID2013/distorted_images/i25_22_1.bmp,4.80556,25,22,1,24.410358428955078,0.03218079399994167
i25_22_2.bmp,/kaggle/working/MDFS/data/TID2013/distorted_images/i25_22_2.bmp,4.25,25,22,2,24.289247512817383,0.03255285599971103
i25_22_3.bmp,/kaggle/working/MDFS/data/TID2013/distorted_images/i25_22_3.bmp,3.79412,25,22,3,24.02472686767578,0.03354169300018839
i25_22_4.bmp,/kaggle/working/MDFS/data/TID2013/distorted_images/i25_22_4.bmp,3.4,25,22,4,24.474760055541992,0.03240663599990512
i25_22_5.bmp,/kaggle/working/MDFS/data/TID2013/distorted_images/i25_22_5.bmp,2.79412,25,22,5,25.208274841308594,0.03290782800013403
i25_23_1.bmp,/kaggle/working/MDFS/data/TID2013/distorted_images/i25_23_1.bmp,6.30556,25,23,1,29.773937225341797,0.03254109299996344
i25_23_2.bmp,/kaggle/working/MDFS/data/TID2013/distorted_images/i25_23_2.bmp,6.27778,25,23,2,29.32181167602539,0.03205046599987327
i25_23_3.bmp,/kaggle/working/MDFS/data/TID2013/distorted_images/i25_23_3.bmp,6.17143,25,23,3,29.11798858642578,0.033127878999948734
i25_23_4.bmp,/kaggle/working/MDFS/data/TID2013/distorted_images/i25_23_4.bmp,6.14286,25,23,4,28.7950496673584,0.032373712999742565
i25_23_5.bmp,/kaggle/working/MDFS/data/TID2013/distorted_images/i25_23_5.bmp,5.97143,25,23,5,28.43048667907715,0.03253262200041718
i25_24_1.bmp,/kaggle/working/MDFS/data/TID2013/distorted_images/i25_24_1.bmp,5.65714,25,24,1,23.533531188964844,0.03257550199987236
i25_24_2.bmp,/kaggle/working/MDFS/data/TID2013/distorted_images/i25_24_2.bmp,5.44444,25,24,2,22.843053817749023,0.031914921999941726
i25_24_3.bmp,/kaggle/working/MDFS/data/TID2013/distorted_images/i25_24_3.bmp,4.62857,25,24,3,22.83814239501953,0.032925270999839995
i25_24_4.bmp,/kaggle/working/MDFS/data/TID2013/distorted_images/i25_24_4.bmp,4.02778,25,24,4,23.358226776123047,0.03223525600014909
i25_24_5.bmp,/kaggle/working/MDFS/data/TID2013/distorted_images/i25_24_5.bmp,2.77143,25,24,5,24.113666534423828,0.032316537000042445
